2025-08-27 17:36:17 [DEBUG] **** New run with CLI arguments: Namespace(source='sim', file=None, verbose=3, n_tags=1)
2025-08-27 17:36:17 [DEBUG] Generating simulated samples for 1 tags
2025-08-27 17:36:17 [INFO] simulated packet metadata: SimulatedPacket(tag_id=0, preamble_bits=array([1, 1, 1, 1, 1, 1, 1, 1, 1, 1, 1, 1, 1, 1, 1, 1]), sync_bits=array([0, 1, 0, 1, 1, 0, 0, 1, 1, 1, 1, 1, 0, 0, 0, 0]), payload_bits=array([0, 0, 0, 0]), sps=10, all_bits=array([1, 1, 1, 1, 1, 1, 1, 1, 1, 1, 1, 1, 1, 1, 1, 1, 0, 1, 0, 1, 1, 0,
       0, 1, 1, 1, 1, 1, 0, 0, 0, 0, 0, 0, 0, 0]), goldcode=array([-1, -1, -1, -1, -1, -1, -1, -1, -1, -1, -1, -1,  1, -1, -1, -1, -1,
        1,  1, -1, -1, -1,  1,  1, -1,  1,  1,  1,  1,  1,  1, -1,  1,  1,
       -1, -1, -1, -1,  1,  1, -1, -1,  1, -1,  1,  1, -1, -1,  1, -1, -1,
        1, -1,  1, -1, -1, -1,  1,  1,  1,  1,  1,  1,  1, -1, -1,  1,  1,
        1,  1,  1,  1, -1, -1, -1,  1, -1,  1, -1,  1,  1,  1,  1, -1,  1,
        1,  1,  1,  1,  1, -1,  1,  1, -1,  1, -1, -1,  1,  1,  1,  1,  1,
       -1,  1, -1,  1, -1, -1,  1,  1, -1,  1, -1, -1,  1,  1,  1,  1,  1,
        1, -1, -1,  1, -1,  1,  1, -1]), samples=None, snr_db=15.0, frequency_offset_hz=500.0, time_delay_sec=0.002)
2025-08-27 17:36:17 [INFO] Packet to demod: [-1.+0.j -1.+0.j -1.+0.j ...  1.-0.j  1.-0.j  1.-0.j]
2025-08-27 17:36:17 [INFO] Processing 45720 samples from tag 0
2025-08-27 17:36:17 [INFO] Output bits: 
2025-08-27 17:36:17 [INFO] BER: 
2025-08-27 17:39:57 [DEBUG] **** New run with CLI arguments: Namespace(source='sim', file=None, verbose=3, n_tags=1)
2025-08-27 17:39:57 [DEBUG] Generating simulated samples for 1 tags
2025-08-27 17:39:57 [INFO] simulated packet metadata: SimulatedPacket(tag_id=0, preamble_bits=array([1, 1, 1, 1, 1, 1, 1, 1, 1, 1, 1, 1, 1, 1, 1, 1]), sync_bits=array([0, 1, 0, 1, 1, 0, 0, 1, 1, 1, 1, 1, 0, 0, 0, 0]), payload_bits=array([0, 0, 0, 0]), sps=10, all_bits=array([1, 1, 1, 1, 1, 1, 1, 1, 1, 1, 1, 1, 1, 1, 1, 1, 0, 1, 0, 1, 1, 0,
       0, 1, 1, 1, 1, 1, 0, 0, 0, 0, 0, 0, 0, 0]), goldcode=array([-1, -1, -1, -1, -1, -1, -1, -1, -1, -1, -1, -1,  1, -1, -1, -1, -1,
        1,  1, -1, -1, -1,  1,  1, -1,  1,  1,  1,  1,  1,  1, -1,  1,  1,
       -1, -1, -1, -1,  1,  1, -1, -1,  1, -1,  1,  1, -1, -1,  1, -1, -1,
        1, -1,  1, -1, -1, -1,  1,  1,  1,  1,  1,  1,  1, -1, -1,  1,  1,
        1,  1,  1,  1, -1, -1, -1,  1, -1,  1, -1,  1,  1,  1,  1, -1,  1,
        1,  1,  1,  1,  1, -1,  1,  1, -1,  1, -1, -1,  1,  1,  1,  1,  1,
       -1,  1, -1,  1, -1, -1,  1,  1, -1,  1, -1, -1,  1,  1,  1,  1,  1,
        1, -1, -1,  1, -1,  1,  1, -1]), samples=None, snr_db=15.0, frequency_offset_hz=500.0, time_delay_sec=0.002)
2025-08-27 17:39:57 [INFO] Packet to demod: [-1.+0.j -1.+0.j -1.+0.j ...  1.-0.j  1.-0.j  1.-0.j]
2025-08-27 17:39:57 [INFO] Processing 45720 samples from tag 0
2025-08-27 17:41:17 [DEBUG] **** New run with CLI arguments: Namespace(source='sim', file=None, verbose=3, n_tags=1)
2025-08-27 17:41:17 [DEBUG] Generating simulated samples for 1 tags
2025-08-27 17:41:17 [INFO] simulated packet metadata: SimulatedPacket(tag_id=0, preamble_bits=array([1, 1, 1, 1, 1, 1, 1, 1, 1, 1, 1, 1, 1, 1, 1, 1]), sync_bits=array([0, 1, 0, 1, 1, 0, 0, 1, 1, 1, 1, 1, 0, 0, 0, 0]), payload_bits=array([0, 0, 0, 0]), sps=10, all_bits=array([1, 1, 1, 1, 1, 1, 1, 1, 1, 1, 1, 1, 1, 1, 1, 1, 0, 1, 0, 1, 1, 0,
       0, 1, 1, 1, 1, 1, 0, 0, 0, 0, 0, 0, 0, 0]), goldcode=array([-1, -1, -1, -1, -1, -1, -1, -1, -1, -1, -1, -1,  1, -1, -1, -1, -1,
        1,  1, -1, -1, -1,  1,  1, -1,  1,  1,  1,  1,  1,  1, -1,  1,  1,
       -1, -1, -1, -1,  1,  1, -1, -1,  1, -1,  1,  1, -1, -1,  1, -1, -1,
        1, -1,  1, -1, -1, -1,  1,  1,  1,  1,  1,  1,  1, -1, -1,  1,  1,
        1,  1,  1,  1, -1, -1, -1,  1, -1,  1, -1,  1,  1,  1,  1, -1,  1,
        1,  1,  1,  1,  1, -1,  1,  1, -1,  1, -1, -1,  1,  1,  1,  1,  1,
       -1,  1, -1,  1, -1, -1,  1,  1, -1,  1, -1, -1,  1,  1,  1,  1,  1,
        1, -1, -1,  1, -1,  1,  1, -1]), samples=None, snr_db=15.0, frequency_offset_hz=500.0, time_delay_sec=0.002)
2025-08-27 17:41:17 [INFO] Packet to demod: [-1.+0.j -1.+0.j -1.+0.j ...  1.-0.j  1.-0.j  1.-0.j]
2025-08-27 17:41:17 [INFO] Processing 45720 samples from tag 0
2025-08-27 17:41:18 [INFO] Expected number of bits: 36
2025-08-27 17:41:18 [INFO] Output bits: 
2025-08-27 17:41:18 [INFO] BER: 
2025-08-27 17:44:53 [DEBUG] **** New run with CLI arguments: Namespace(source='sim', file=None, verbose=3, n_tags=1)
2025-08-27 17:44:53 [DEBUG] Generating simulated samples for 1 tags
2025-08-27 17:44:53 [INFO] simulated packet metadata: SimulatedPacket(tag_id=0, preamble_bits=array([1, 1, 1, 1, 1, 1, 1, 1, 1, 1, 1, 1, 1, 1, 1, 1]), sync_bits=array([0, 1, 0, 1, 1, 0, 0, 1, 1, 1, 1, 1, 0, 0, 0, 0]), payload_bits=array([0, 0, 0, 0]), sps=10, all_bits=array([1, 1, 1, 1, 1, 1, 1, 1, 1, 1, 1, 1, 1, 1, 1, 1, 0, 1, 0, 1, 1, 0,
       0, 1, 1, 1, 1, 1, 0, 0, 0, 0, 0, 0, 0, 0]), goldcode=array([-1, -1, -1, -1, -1, -1, -1, -1, -1, -1, -1, -1,  1, -1, -1, -1, -1,
        1,  1, -1, -1, -1,  1,  1, -1,  1,  1,  1,  1,  1,  1, -1,  1,  1,
       -1, -1, -1, -1,  1,  1, -1, -1,  1, -1,  1,  1, -1, -1,  1, -1, -1,
        1, -1,  1, -1, -1, -1,  1,  1,  1,  1,  1,  1,  1, -1, -1,  1,  1,
        1,  1,  1,  1, -1, -1, -1,  1, -1,  1, -1,  1,  1,  1,  1, -1,  1,
        1,  1,  1,  1,  1, -1,  1,  1, -1,  1, -1, -1,  1,  1,  1,  1,  1,
       -1,  1, -1,  1, -1, -1,  1,  1, -1,  1, -1, -1,  1,  1,  1,  1,  1,
        1, -1, -1,  1, -1,  1,  1, -1]), samples=None, snr_db=15.0, frequency_offset_hz=500.0, time_delay_sec=0.002)
2025-08-27 17:44:53 [INFO] Packet to demod: [-1.+0.j -1.+0.j -1.+0.j ...  1.-0.j  1.-0.j  1.-0.j]
2025-08-27 17:44:53 [INFO] Processing 45720 samples from tag 0
2025-08-27 17:44:54 [INFO] Expected number of bits: 36
2025-08-27 17:46:37 [DEBUG] **** New run with CLI arguments: Namespace(source='sim', file=None, verbose=3, n_tags=1)
2025-08-27 17:46:37 [DEBUG] Generating simulated samples for 1 tags
2025-08-27 17:46:37 [INFO] simulated packet metadata: SimulatedPacket(tag_id=0, preamble_bits=array([1, 1, 1, 1, 1, 1, 1, 1, 1, 1, 1, 1, 1, 1, 1, 1]), sync_bits=array([0, 1, 0, 1, 1, 0, 0, 1, 1, 1, 1, 1, 0, 0, 0, 0]), payload_bits=array([0, 0, 0, 0]), sps=10, all_bits=array([1, 1, 1, 1, 1, 1, 1, 1, 1, 1, 1, 1, 1, 1, 1, 1, 0, 1, 0, 1, 1, 0,
       0, 1, 1, 1, 1, 1, 0, 0, 0, 0, 0, 0, 0, 0]), goldcode=array([-1, -1, -1, -1, -1, -1, -1, -1, -1, -1, -1, -1,  1, -1, -1, -1, -1,
        1,  1, -1, -1, -1,  1,  1, -1,  1,  1,  1,  1,  1,  1, -1,  1,  1,
       -1, -1, -1, -1,  1,  1, -1, -1,  1, -1,  1,  1, -1, -1,  1, -1, -1,
        1, -1,  1, -1, -1, -1,  1,  1,  1,  1,  1,  1,  1, -1, -1,  1,  1,
        1,  1,  1,  1, -1, -1, -1,  1, -1,  1, -1,  1,  1,  1,  1, -1,  1,
        1,  1,  1,  1,  1, -1,  1,  1, -1,  1, -1, -1,  1,  1,  1,  1,  1,
       -1,  1, -1,  1, -1, -1,  1,  1, -1,  1, -1, -1,  1,  1,  1,  1,  1,
        1, -1, -1,  1, -1,  1,  1, -1]), samples=None, snr_db=15.0, frequency_offset_hz=500.0, time_delay_sec=0.002)
2025-08-27 17:46:37 [INFO] Packet to demod: [-1.+0.j -1.+0.j -1.+0.j ...  1.-0.j  1.-0.j  1.-0.j]
2025-08-27 17:46:37 [INFO] Processing 45720 samples from tag 0
2025-08-27 17:46:37 [INFO] Expected number of bits: 36
2025-08-27 17:46:38 [INFO] Output bits: 
2025-08-27 17:46:38 [INFO] BER: 
2025-08-27 17:51:40 [DEBUG] **** New run with CLI arguments: Namespace(source='sim', file=None, verbose=3, n_tags=1)
2025-08-27 17:51:40 [DEBUG] Generating simulated samples for 1 tags
2025-08-27 17:51:40 [INFO] simulated packet metadata: SimulatedPacket(tag_id=0, preamble_bits=array([1, 1, 1, 1, 1, 1, 1, 1, 1, 1, 1, 1, 1, 1, 1, 1]), sync_bits=array([0, 1, 0, 1, 1, 0, 0, 1, 1, 1, 1, 1, 0, 0, 0, 0]), payload_bits=array([0, 0, 0, 0]), sps=10, all_bits=array([1, 1, 1, 1, 1, 1, 1, 1, 1, 1, 1, 1, 1, 1, 1, 1, 0, 1, 0, 1, 1, 0,
       0, 1, 1, 1, 1, 1, 0, 0, 0, 0, 0, 0, 0, 0]), goldcode=array([-1, -1, -1, -1, -1, -1, -1, -1, -1, -1, -1, -1,  1, -1, -1, -1, -1,
        1,  1, -1, -1, -1,  1,  1, -1,  1,  1,  1,  1,  1,  1, -1,  1,  1,
       -1, -1, -1, -1,  1,  1, -1, -1,  1, -1,  1,  1, -1, -1,  1, -1, -1,
        1, -1,  1, -1, -1, -1,  1,  1,  1,  1,  1,  1,  1, -1, -1,  1,  1,
        1,  1,  1,  1, -1, -1, -1,  1, -1,  1, -1,  1,  1,  1,  1, -1,  1,
        1,  1,  1,  1,  1, -1,  1,  1, -1,  1, -1, -1,  1,  1,  1,  1,  1,
       -1,  1, -1,  1, -1, -1,  1,  1, -1,  1, -1, -1,  1,  1,  1,  1,  1,
        1, -1, -1,  1, -1,  1,  1, -1]), samples=None, snr_db=15.0, frequency_offset_hz=500.0, time_delay_sec=0.002)
2025-08-27 17:51:40 [INFO] Packet to demod: [-1.+0.j -1.+0.j -1.+0.j ...  1.-0.j  1.-0.j  1.-0.j]
2025-08-27 17:51:40 [INFO] Processing 45720 samples from tag 0
2025-08-27 17:51:40 [INFO] Expected number of bits: 36
2025-08-27 17:51:40 [DEBUG] coarse freq offset: 0.0
2025-08-27 17:51:41 [INFO] Output bits: [1. 1. 1. ... 0. 0. 0.]
2025-08-27 17:51:41 [INFO] BER: 
2025-08-27 17:53:05 [DEBUG] **** New run with CLI arguments: Namespace(source='sim', file=None, verbose=3, n_tags=1)
2025-08-27 17:53:05 [DEBUG] Generating simulated samples for 1 tags
2025-08-27 17:53:05 [INFO] simulated packet metadata: SimulatedPacket(tag_id=0, preamble_bits=array([1, 1, 1, 1, 1, 1, 1, 1, 1, 1, 1, 1, 1, 1, 1, 1]), sync_bits=array([0, 1, 0, 1, 1, 0, 0, 1, 1, 1, 1, 1, 0, 0, 0, 0]), payload_bits=array([0, 0, 0, 0]), sps=10, all_bits=array([1, 1, 1, 1, 1, 1, 1, 1, 1, 1, 1, 1, 1, 1, 1, 1, 0, 1, 0, 1, 1, 0,
       0, 1, 1, 1, 1, 1, 0, 0, 0, 0, 0, 0, 0, 0]), goldcode=array([-1, -1, -1, -1, -1, -1, -1, -1, -1, -1, -1, -1,  1, -1, -1, -1, -1,
        1,  1, -1, -1, -1,  1,  1, -1,  1,  1,  1,  1,  1,  1, -1,  1,  1,
       -1, -1, -1, -1,  1,  1, -1, -1,  1, -1,  1,  1, -1, -1,  1, -1, -1,
        1, -1,  1, -1, -1, -1,  1,  1,  1,  1,  1,  1,  1, -1, -1,  1,  1,
        1,  1,  1,  1, -1, -1, -1,  1, -1,  1, -1,  1,  1,  1,  1, -1,  1,
        1,  1,  1,  1,  1, -1,  1,  1, -1,  1, -1, -1,  1,  1,  1,  1,  1,
       -1,  1, -1,  1, -1, -1,  1,  1, -1,  1, -1, -1,  1,  1,  1,  1,  1,
        1, -1, -1,  1, -1,  1,  1, -1]), samples=None, snr_db=15.0, frequency_offset_hz=500.0, time_delay_sec=0.002)
2025-08-27 17:53:05 [INFO] Packet to demod: [-1.+0.j -1.+0.j -1.+0.j ...  1.-0.j  1.-0.j  1.-0.j]
2025-08-27 17:53:05 [INFO] Processing 45720 samples from tag 0
2025-08-27 17:53:05 [INFO] Expected number of bits: 36
2025-08-27 17:53:05 [DEBUG] coarse freq offset: 0.0
2025-08-27 17:53:05 [INFO] Output bits: [1. 1. 1. ... 0. 0. 0.]
2025-08-27 17:55:01 [DEBUG] **** New run with CLI arguments: Namespace(source='sim', file=None, verbose=3, n_tags=1)
2025-08-27 17:55:01 [DEBUG] Generating simulated samples for 1 tags
2025-08-27 17:55:01 [INFO] simulated packet metadata: SimulatedPacket(tag_id=0, preamble_bits=array([1, 1, 1, 1, 1, 1, 1, 1, 1, 1, 1, 1, 1, 1, 1, 1]), sync_bits=array([0, 1, 0, 1, 1, 0, 0, 1, 1, 1, 1, 1, 0, 0, 0, 0]), payload_bits=array([0, 0, 0, 0]), sps=10, all_bits=array([1, 1, 1, 1, 1, 1, 1, 1, 1, 1, 1, 1, 1, 1, 1, 1, 0, 1, 0, 1, 1, 0,
       0, 1, 1, 1, 1, 1, 0, 0, 0, 0, 0, 0, 0, 0]), goldcode=array([-1, -1, -1, -1, -1, -1, -1, -1, -1, -1, -1, -1,  1, -1, -1, -1, -1,
        1,  1, -1, -1, -1,  1,  1, -1,  1,  1,  1,  1,  1,  1, -1,  1,  1,
       -1, -1, -1, -1,  1,  1, -1, -1,  1, -1,  1,  1, -1, -1,  1, -1, -1,
        1, -1,  1, -1, -1, -1,  1,  1,  1,  1,  1,  1,  1, -1, -1,  1,  1,
        1,  1,  1,  1, -1, -1, -1,  1, -1,  1, -1,  1,  1,  1,  1, -1,  1,
        1,  1,  1,  1,  1, -1,  1,  1, -1,  1, -1, -1,  1,  1,  1,  1,  1,
       -1,  1, -1,  1, -1, -1,  1,  1, -1,  1, -1, -1,  1,  1,  1,  1,  1,
        1, -1, -1,  1, -1,  1,  1, -1]), samples=None, snr_db=15.0, frequency_offset_hz=500.0, time_delay_sec=0.002)
2025-08-27 17:55:01 [INFO] Packet to demod: [-1.+0.j -1.+0.j -1.+0.j ...  1.-0.j  1.-0.j  1.-0.j]
2025-08-27 17:55:01 [INFO] Processing 45720 samples from tag 0
2025-08-27 17:55:01 [INFO] Expected number of bits: 36
2025-08-27 17:55:01 [DEBUG] coarse freq offset: 0.0
2025-08-27 17:55:01 [INFO] Received bits: [1. 1. 1. ... 0. 0. 0.]
2025-08-27 17:55:01 [INFO] Transmitted bits: [1 1 1 1 1 1 1 1 1 1 1 1 1 1 1 1 0 1 0 1 1 0 0 1 1 1 1 1 0 0 0 0 0 0 0 0]
2025-08-27 17:55:01 [INFO] BER: 0.0
2025-08-27 17:55:38 [DEBUG] **** New run with CLI arguments: Namespace(source='sim', file=None, verbose=3, n_tags=1)
2025-08-27 17:55:38 [DEBUG] Generating simulated samples for 1 tags
2025-08-27 17:55:38 [INFO] simulated packet metadata: SimulatedPacket(tag_id=0, preamble_bits=array([1, 1, 1, 1, 1, 1, 1, 1, 1, 1, 1, 1, 1, 1, 1, 1]), sync_bits=array([0, 1, 0, 1, 1, 0, 0, 1, 1, 1, 1, 1, 0, 0, 0, 0]), payload_bits=array([0, 0, 0, 0]), sps=10, all_bits=array([1, 1, 1, 1, 1, 1, 1, 1, 1, 1, 1, 1, 1, 1, 1, 1, 0, 1, 0, 1, 1, 0,
       0, 1, 1, 1, 1, 1, 0, 0, 0, 0, 0, 0, 0, 0]), goldcode=array([-1, -1, -1, -1, -1, -1, -1, -1, -1, -1, -1, -1,  1, -1, -1, -1, -1,
        1,  1, -1, -1, -1,  1,  1, -1,  1,  1,  1,  1,  1,  1, -1,  1,  1,
       -1, -1, -1, -1,  1,  1, -1, -1,  1, -1,  1,  1, -1, -1,  1, -1, -1,
        1, -1,  1, -1, -1, -1,  1,  1,  1,  1,  1,  1,  1, -1, -1,  1,  1,
        1,  1,  1,  1, -1, -1, -1,  1, -1,  1, -1,  1,  1,  1,  1, -1,  1,
        1,  1,  1,  1,  1, -1,  1,  1, -1,  1, -1, -1,  1,  1,  1,  1,  1,
       -1,  1, -1,  1, -1, -1,  1,  1, -1,  1, -1, -1,  1,  1,  1,  1,  1,
        1, -1, -1,  1, -1,  1,  1, -1]), samples=None, snr_db=15.0, frequency_offset_hz=500.0, time_delay_sec=0.002)
2025-08-27 17:55:38 [INFO] Packet to demod: [-1.+0.j -1.+0.j -1.+0.j ...  1.-0.j  1.-0.j  1.-0.j]
2025-08-27 17:55:38 [INFO] Processing 45720 samples from tag 0
2025-08-27 17:55:38 [INFO] Expected number of bits: 36
2025-08-27 17:55:38 [DEBUG] coarse freq offset: 0.0
2025-08-27 17:55:38 [INFO] Received bits: [1. 1. 1. ... 0. 0. 0.]
2025-08-27 17:55:38 [INFO] Transmitted bits: [1 1 1 1 1 1 1 1 1 1 1 1 1 1 1 1 0 1 0 1 1 0 0 1 1 1 1 1 0 0 0 0 0 0 0 0]
2025-08-27 17:55:38 [INFO] BER: 0.0
2025-08-27 17:56:12 [DEBUG] **** New run with CLI arguments: Namespace(source='sim', file=None, verbose=3, n_tags=1)
2025-08-27 17:56:12 [DEBUG] Generating simulated samples for 1 tags
2025-08-27 17:56:12 [INFO] simulated packet metadata: SimulatedPacket(tag_id=0, preamble_bits=array([1, 1, 1, 1, 1, 1, 1, 1, 1, 1, 1, 1, 1, 1, 1, 1]), sync_bits=array([0, 1, 0, 1, 1, 0, 0, 1, 1, 1, 1, 1, 0, 0, 0, 0]), payload_bits=array([0, 0, 0, 0]), sps=10, all_bits=array([1, 1, 1, 1, 1, 1, 1, 1, 1, 1, 1, 1, 1, 1, 1, 1, 0, 1, 0, 1, 1, 0,
       0, 1, 1, 1, 1, 1, 0, 0, 0, 0, 0, 0, 0, 0]), goldcode=array([-1, -1, -1, -1, -1, -1, -1, -1, -1, -1, -1, -1,  1, -1, -1, -1, -1,
        1,  1, -1, -1, -1,  1,  1, -1,  1,  1,  1,  1,  1,  1, -1,  1,  1,
       -1, -1, -1, -1,  1,  1, -1, -1,  1, -1,  1,  1, -1, -1,  1, -1, -1,
        1, -1,  1, -1, -1, -1,  1,  1,  1,  1,  1,  1,  1, -1, -1,  1,  1,
        1,  1,  1,  1, -1, -1, -1,  1, -1,  1, -1,  1,  1,  1,  1, -1,  1,
        1,  1,  1,  1,  1, -1,  1,  1, -1,  1, -1, -1,  1,  1,  1,  1,  1,
       -1,  1, -1,  1, -1, -1,  1,  1, -1,  1, -1, -1,  1,  1,  1,  1,  1,
        1, -1, -1,  1, -1,  1,  1, -1]), samples=None, snr_db=15.0, frequency_offset_hz=500.0, time_delay_sec=0.002)
2025-08-27 17:56:12 [INFO] Packet to demod: [-1.+0.j -1.+0.j -1.+0.j ...  1.-0.j  1.-0.j  1.-0.j]
2025-08-27 17:56:12 [INFO] Processing 45720 samples from tag 0
2025-08-27 17:56:12 [INFO] Expected number of bits: 36
2025-08-27 17:56:12 [DEBUG] coarse freq offset: 0.0
2025-08-27 17:56:12 [INFO] Received bits: [1 1 1 ... 0 0 0]
2025-08-27 17:56:12 [INFO] Transmitted bits: [1 1 1 1 1 1 1 1 1 1 1 1 1 1 1 1 0 1 0 1 1 0 0 1 1 1 1 1 0 0 0 0 0 0 0 0]
2025-08-27 17:56:12 [INFO] BER: 0.0
2025-08-27 17:56:21 [DEBUG] **** New run with CLI arguments: Namespace(source='sim', file=None, verbose=3, n_tags=1)
2025-08-27 17:56:21 [DEBUG] Generating simulated samples for 1 tags
2025-08-27 17:56:21 [INFO] simulated packet metadata: SimulatedPacket(tag_id=0, preamble_bits=array([1, 1, 1, 1, 1, 1, 1, 1, 1, 1, 1, 1, 1, 1, 1, 1]), sync_bits=array([0, 1, 0, 1, 1, 0, 0, 1, 1, 1, 1, 1, 0, 0, 0, 0]), payload_bits=array([0, 0, 0, 0]), sps=10, all_bits=array([1, 1, 1, 1, 1, 1, 1, 1, 1, 1, 1, 1, 1, 1, 1, 1, 0, 1, 0, 1, 1, 0,
       0, 1, 1, 1, 1, 1, 0, 0, 0, 0, 0, 0, 0, 0]), goldcode=array([-1, -1, -1, -1, -1, -1, -1, -1, -1, -1, -1, -1,  1, -1, -1, -1, -1,
        1,  1, -1, -1, -1,  1,  1, -1,  1,  1,  1,  1,  1,  1, -1,  1,  1,
       -1, -1, -1, -1,  1,  1, -1, -1,  1, -1,  1,  1, -1, -1,  1, -1, -1,
        1, -1,  1, -1, -1, -1,  1,  1,  1,  1,  1,  1,  1, -1, -1,  1,  1,
        1,  1,  1,  1, -1, -1, -1,  1, -1,  1, -1,  1,  1,  1,  1, -1,  1,
        1,  1,  1,  1,  1, -1,  1,  1, -1,  1, -1, -1,  1,  1,  1,  1,  1,
       -1,  1, -1,  1, -1, -1,  1,  1, -1,  1, -1, -1,  1,  1,  1,  1,  1,
        1, -1, -1,  1, -1,  1,  1, -1]), samples=None, snr_db=15.0, frequency_offset_hz=500.0, time_delay_sec=0.002)
2025-08-27 17:56:21 [INFO] Packet to demod: [-1.+0.j -1.+0.j -1.+0.j ...  1.-0.j  1.-0.j  1.-0.j]
2025-08-27 17:56:21 [INFO] Processing 45720 samples from tag 0
2025-08-27 17:56:21 [INFO] Expected number of bits: 36
2025-08-27 17:56:21 [DEBUG] coarse freq offset: 0.0
2025-08-27 17:56:21 [INFO] Received bits: [1 1 1 ... 0 0 0]
2025-08-27 17:56:21 [INFO] Transmitted bits: [1 1 1 1 1 1 1 1 1 1 1 1 1 1 1 1 0 1 0 1 1 0 0 1 1 1 1 1 0 0 0 0 0 0 0 0]
2025-08-27 17:57:34 [DEBUG] **** New run with CLI arguments: Namespace(source='sim', file=None, verbose=3, n_tags=1)
2025-08-27 17:57:34 [DEBUG] Generating simulated samples for 1 tags
2025-08-27 17:57:34 [INFO] simulated packet metadata: SimulatedPacket(tag_id=0, preamble_bits=array([1, 1, 1, 1, 1, 1, 1, 1, 1, 1, 1, 1, 1, 1, 1, 1]), sync_bits=array([0, 1, 0, 1, 1, 0, 0, 1, 1, 1, 1, 1, 0, 0, 0, 0]), payload_bits=array([0, 0, 0, 0]), sps=10, all_bits=array([1, 1, 1, 1, 1, 1, 1, 1, 1, 1, 1, 1, 1, 1, 1, 1, 0, 1, 0, 1, 1, 0,
       0, 1, 1, 1, 1, 1, 0, 0, 0, 0, 0, 0, 0, 0]), goldcode=array([-1, -1, -1, -1, -1, -1, -1, -1, -1, -1, -1, -1,  1, -1, -1, -1, -1,
        1,  1, -1, -1, -1,  1,  1, -1,  1,  1,  1,  1,  1,  1, -1,  1,  1,
       -1, -1, -1, -1,  1,  1, -1, -1,  1, -1,  1,  1, -1, -1,  1, -1, -1,
        1, -1,  1, -1, -1, -1,  1,  1,  1,  1,  1,  1,  1, -1, -1,  1,  1,
        1,  1,  1,  1, -1, -1, -1,  1, -1,  1, -1,  1,  1,  1,  1, -1,  1,
        1,  1,  1,  1,  1, -1,  1,  1, -1,  1, -1, -1,  1,  1,  1,  1,  1,
       -1,  1, -1,  1, -1, -1,  1,  1, -1,  1, -1, -1,  1,  1,  1,  1,  1,
        1, -1, -1,  1, -1,  1,  1, -1]), samples=None, snr_db=15.0, frequency_offset_hz=500.0, time_delay_sec=0.002)
2025-08-27 17:57:34 [INFO] Packet to demod: [-1.+0.j -1.+0.j -1.+0.j ...  1.-0.j  1.-0.j  1.-0.j]
2025-08-27 17:57:34 [INFO] Processing 45720 samples from tag 0
2025-08-27 17:57:34 [INFO] Expected number of bits: 36
2025-08-27 17:57:34 [DEBUG] coarse freq offset: 0.0
2025-08-27 17:57:34 [INFO] Received bits (4571): [1 1 1 ... 0 0 0]
2025-08-27 17:57:34 [INFO] Transmitted bits: [1 1 1 1 1 1 1 1 1 1 1 1 1 1 1 1 0 1 0 1 1 0 0 1 1 1 1 1 0 0 0 0 0 0 0 0]
2025-08-27 18:02:12 [DEBUG] **** New run with CLI arguments: Namespace(source='sim', file=None, verbose=3, n_tags=1)
2025-08-27 18:02:12 [DEBUG] Generating simulated samples for 1 tags
2025-08-27 18:02:12 [INFO] simulated packet metadata: SimulatedPacket(tag_id=0, preamble_bits=array([1, 1, 1, 1, 1, 1, 1, 1, 1, 1, 1, 1, 1, 1, 1, 1]), sync_bits=array([0, 1, 0, 1, 1, 0, 0, 1, 1, 1, 1, 1, 0, 0, 0, 0]), payload_bits=array([0, 0, 0, 0]), sps=10, all_bits=array([1, 1, 1, 1, 1, 1, 1, 1, 1, 1, 1, 1, 1, 1, 1, 1, 0, 1, 0, 1, 1, 0,
       0, 1, 1, 1, 1, 1, 0, 0, 0, 0, 0, 0, 0, 0]), goldcode=array([-1, -1, -1, -1, -1, -1, -1, -1, -1, -1, -1, -1,  1, -1, -1, -1, -1,
        1,  1, -1, -1, -1,  1,  1, -1,  1,  1,  1,  1,  1,  1, -1,  1,  1,
       -1, -1, -1, -1,  1,  1, -1, -1,  1, -1,  1,  1, -1, -1,  1, -1, -1,
        1, -1,  1, -1, -1, -1,  1,  1,  1,  1,  1,  1,  1, -1, -1,  1,  1,
        1,  1,  1,  1, -1, -1, -1,  1, -1,  1, -1,  1,  1,  1,  1, -1,  1,
        1,  1,  1,  1,  1, -1,  1,  1, -1,  1, -1, -1,  1,  1,  1,  1,  1,
       -1,  1, -1,  1, -1, -1,  1,  1, -1,  1, -1, -1,  1,  1,  1,  1,  1,
        1, -1, -1,  1, -1,  1,  1, -1]), samples=None, snr_db=15.0, frequency_offset_hz=500.0, time_delay_sec=0.002)
2025-08-27 18:02:12 [INFO] Packet to demod: [-1.+0.j -1.+0.j -1.+0.j ...  1.-0.j  1.-0.j  1.-0.j]
2025-08-27 18:02:12 [INFO] Processing 45720 samples from tag 0
2025-08-27 18:02:13 [INFO] Expected number of bits: 36
2025-08-27 18:02:13 [DEBUG] coarse freq offset: 0.0
2025-08-27 18:02:13 [INFO] Received bits (4): [0. 0. 0. 0.]
2025-08-27 18:02:13 [INFO] Transmitted bits(4): [0 0 0 0]
2025-08-27 18:02:34 [DEBUG] **** New run with CLI arguments: Namespace(source='sim', file=None, verbose=3, n_tags=1)
2025-08-27 18:02:34 [DEBUG] Generating simulated samples for 1 tags
2025-08-27 18:02:34 [INFO] simulated packet metadata: SimulatedPacket(tag_id=0, preamble_bits=array([1, 1, 1, 1, 1, 1, 1, 1, 1, 1, 1, 1, 1, 1, 1, 1]), sync_bits=array([0, 1, 0, 1, 1, 0, 0, 1, 1, 1, 1, 1, 0, 0, 0, 0]), payload_bits=array([0, 0, 0, 0]), sps=10, all_bits=array([1, 1, 1, 1, 1, 1, 1, 1, 1, 1, 1, 1, 1, 1, 1, 1, 0, 1, 0, 1, 1, 0,
       0, 1, 1, 1, 1, 1, 0, 0, 0, 0, 0, 0, 0, 0]), goldcode=array([-1, -1, -1, -1, -1, -1, -1, -1, -1, -1, -1, -1,  1, -1, -1, -1, -1,
        1,  1, -1, -1, -1,  1,  1, -1,  1,  1,  1,  1,  1,  1, -1,  1,  1,
       -1, -1, -1, -1,  1,  1, -1, -1,  1, -1,  1,  1, -1, -1,  1, -1, -1,
        1, -1,  1, -1, -1, -1,  1,  1,  1,  1,  1,  1,  1, -1, -1,  1,  1,
        1,  1,  1,  1, -1, -1, -1,  1, -1,  1, -1,  1,  1,  1,  1, -1,  1,
        1,  1,  1,  1,  1, -1,  1,  1, -1,  1, -1, -1,  1,  1,  1,  1,  1,
       -1,  1, -1,  1, -1, -1,  1,  1, -1,  1, -1, -1,  1,  1,  1,  1,  1,
        1, -1, -1,  1, -1,  1,  1, -1]), samples=None, snr_db=15.0, frequency_offset_hz=500.0, time_delay_sec=0.002)
2025-08-27 18:02:34 [INFO] Packet to demod: [-1.+0.j -1.+0.j -1.+0.j ...  1.-0.j  1.-0.j  1.-0.j]
2025-08-27 18:02:34 [INFO] Processing 45720 samples from tag 0
2025-08-27 18:02:35 [INFO] Expected number of bits: 36
2025-08-27 18:02:35 [DEBUG] coarse freq offset: 0.0
2025-08-27 18:02:35 [INFO] Received bits (4): [0. 0. 0. 0.]
2025-08-27 18:02:35 [INFO] Transmitted bits(4): [0 0 0 0]
2025-08-27 18:02:35 [INFO] BER: [0. 0. 0. 0.]
2025-08-27 18:02:49 [DEBUG] **** New run with CLI arguments: Namespace(source='sim', file=None, verbose=3, n_tags=1)
2025-08-27 18:02:49 [DEBUG] Generating simulated samples for 1 tags
2025-08-27 18:02:49 [INFO] simulated packet metadata: SimulatedPacket(tag_id=0, preamble_bits=array([1, 1, 1, 1, 1, 1, 1, 1, 1, 1, 1, 1, 1, 1, 1, 1]), sync_bits=array([0, 1, 0, 1, 1, 0, 0, 1, 1, 1, 1, 1, 0, 0, 0, 0]), payload_bits=array([0, 0, 0, 0]), sps=10, all_bits=array([1, 1, 1, 1, 1, 1, 1, 1, 1, 1, 1, 1, 1, 1, 1, 1, 0, 1, 0, 1, 1, 0,
       0, 1, 1, 1, 1, 1, 0, 0, 0, 0, 0, 0, 0, 0]), goldcode=array([-1, -1, -1, -1, -1, -1, -1, -1, -1, -1, -1, -1,  1, -1, -1, -1, -1,
        1,  1, -1, -1, -1,  1,  1, -1,  1,  1,  1,  1,  1,  1, -1,  1,  1,
       -1, -1, -1, -1,  1,  1, -1, -1,  1, -1,  1,  1, -1, -1,  1, -1, -1,
        1, -1,  1, -1, -1, -1,  1,  1,  1,  1,  1,  1,  1, -1, -1,  1,  1,
        1,  1,  1,  1, -1, -1, -1,  1, -1,  1, -1,  1,  1,  1,  1, -1,  1,
        1,  1,  1,  1,  1, -1,  1,  1, -1,  1, -1, -1,  1,  1,  1,  1,  1,
       -1,  1, -1,  1, -1, -1,  1,  1, -1,  1, -1, -1,  1,  1,  1,  1,  1,
        1, -1, -1,  1, -1,  1,  1, -1]), samples=None, snr_db=15.0, frequency_offset_hz=500.0, time_delay_sec=0.002)
2025-08-27 18:02:49 [INFO] Packet to demod: [-1.+0.j -1.+0.j -1.+0.j ...  1.-0.j  1.-0.j  1.-0.j]
2025-08-27 18:02:49 [INFO] Processing 45720 samples from tag 0
2025-08-27 18:02:49 [INFO] Expected number of bits: 36
2025-08-27 18:02:49 [DEBUG] coarse freq offset: 0.0
2025-08-27 18:02:49 [INFO] Received bits (4): [0. 0. 0. 0.]
2025-08-27 18:02:49 [INFO] Transmitted bits(4): [0 0 0 0]
2025-08-27 18:02:49 [INFO] BER: 0.0
2025-08-27 18:07:40 [DEBUG] **** New run with CLI arguments: Namespace(source='sim', file=None, verbose=3, n_tags=1)
2025-08-27 18:07:40 [DEBUG] Generating simulated samples for 1 tags
2025-08-27 18:07:40 [INFO] simulated packet metadata: SimulatedPacket(tag_id=0, preamble_bits=array([1, 1, 1, 1, 1, 1, 1, 1, 1, 1, 1, 1, 1, 1, 1, 1]), sync_bits=array([0, 1, 0, 1, 1, 0, 0, 1, 1, 1, 1, 1, 0, 0, 0, 0]), payload_bits=array([0, 0, 1, 0, 1, 1, 0, 0, 1, 1, 1, 1, 0, 1, 1, 1, 0, 1, 1, 1, 0, 0,
       1, 0, 1, 0, 1, 0, 0, 0, 0, 1, 1, 1, 1, 1, 1, 1, 1, 1, 1, 0, 0, 0,
       1, 1, 0, 0, 0, 0, 0, 1, 0, 1, 1, 1, 0, 0, 1, 1, 0, 0, 1, 0, 0, 0,
       0, 0, 1, 1, 0, 1, 1, 0, 1, 1, 0, 1, 0, 0, 1, 1, 0, 0, 0, 1, 0, 0,
       1, 1, 1, 0, 1, 1, 1, 0, 1, 1, 0, 0]), sps=10, all_bits=array([1, 1, 1, 1, 1, 1, 1, 1, 1, 1, 1, 1, 1, 1, 1, 1, 0, 1, 0, 1, 1, 0,
       0, 1, 1, 1, 1, 1, 0, 0, 0, 0, 0, 0, 1, 0, 1, 1, 0, 0, 1, 1, 1, 1,
       0, 1, 1, 1, 0, 1, 1, 1, 0, 0, 1, 0, 1, 0, 1, 0, 0, 0, 0, 1, 1, 1,
       1, 1, 1, 1, 1, 1, 1, 0, 0, 0, 1, 1, 0, 0, 0, 0, 0, 1, 0, 1, 1, 1,
       0, 0, 1, 1, 0, 0, 1, 0, 0, 0, 0, 0, 1, 1, 0, 1, 1, 0, 1, 1, 0, 1,
       0, 0, 1, 1, 0, 0, 0, 1, 0, 0, 1, 1, 1, 0, 1, 1, 1, 0, 1, 1, 0, 0]), goldcode=array([-1, -1, -1, -1, -1, -1, -1, -1, -1, -1, -1, -1,  1, -1, -1, -1, -1,
        1,  1, -1, -1, -1,  1,  1, -1,  1,  1,  1,  1,  1,  1, -1,  1,  1,
       -1, -1, -1, -1,  1,  1, -1, -1,  1, -1,  1,  1, -1, -1,  1, -1, -1,
        1, -1,  1, -1, -1, -1,  1,  1,  1,  1,  1,  1,  1, -1, -1,  1,  1,
        1,  1,  1,  1, -1, -1, -1,  1, -1,  1, -1,  1,  1,  1,  1, -1,  1,
        1,  1,  1,  1,  1, -1,  1,  1, -1,  1, -1, -1,  1,  1,  1,  1,  1,
       -1,  1, -1,  1, -1, -1,  1,  1, -1,  1, -1, -1,  1,  1,  1,  1,  1,
        1, -1, -1,  1, -1,  1,  1, -1]), samples=None, snr_db=15.0, frequency_offset_hz=500.0, time_delay_sec=0.002)
2025-08-27 18:07:40 [INFO] Packet to demod: [-1.+0.j -1.+0.j -1.+0.j ...  1.-0.j  1.-0.j  1.-0.j]
2025-08-27 18:07:40 [INFO] Processing 167640 samples from tag 0
2025-08-27 18:07:40 [INFO] Expected number of bits: 132
2025-08-27 18:07:40 [DEBUG] coarse freq offset: 0.0
2025-08-27 18:07:40 [INFO] Received bits (100): [0. 0. 0. 0. 0. 0. 0. 0. 0. 0. 0. 0. 0. 0. 0. 0. 0. 0. 0. 0. 0. 0. 0. 0.
 0. 0. 0. 0. 0. 0. 0. 0. 0. 0. 0. 0. 0. 0. 0. 0. 0. 0. 0. 0. 0. 0. 0. 0.
 0. 0. 0. 0. 0. 0. 0. 0. 0. 0. 0. 0. 0. 0. 0. 0. 0. 0. 0. 0. 0. 0. 0. 0.
 0. 0. 0. 0. 0. 0. 0. 0. 0. 0. 0. 0. 0. 0. 0. 0. 0. 0. 0. 0. 0. 0. 0. 0.
 0. 0. 0. 0.]
2025-08-27 18:07:40 [INFO] Transmitted bits(100): [0 0 1 0 1 1 0 0 1 1 1 1 0 1 1 1 0 1 1 1 0 0 1 0 1 0 1 0 0 0 0 1 1 1 1 1 1
 1 1 1 1 0 0 0 1 1 0 0 0 0 0 1 0 1 1 1 0 0 1 1 0 0 1 0 0 0 0 0 1 1 0 1 1 0
 1 1 0 1 0 0 1 1 0 0 0 1 0 0 1 1 1 0 1 1 1 0 1 1 0 0]
2025-08-27 18:07:40 [INFO] BER: 0.53
2025-08-27 18:08:29 [DEBUG] **** New run with CLI arguments: Namespace(source='sim', file=None, verbose=3, n_tags=1)
2025-08-27 18:08:29 [DEBUG] Generating simulated samples for 1 tags
2025-08-27 18:08:29 [INFO] simulated packet metadata: SimulatedPacket(tag_id=0, preamble_bits=array([1, 1, 1, 1, 1, 1, 1, 1, 1, 1, 1, 1, 1, 1, 1, 1]), sync_bits=array([0, 1, 0, 1, 1, 0, 0, 1, 1, 1, 1, 1, 0, 0, 0, 0]), payload_bits=array([1, 1, 0, 1]), sps=10, all_bits=array([1, 1, 1, 1, 1, 1, 1, 1, 1, 1, 1, 1, 1, 1, 1, 1, 0, 1, 0, 1, 1, 0,
       0, 1, 1, 1, 1, 1, 0, 0, 0, 0, 1, 1, 0, 1]), goldcode=array([-1, -1, -1, -1, -1, -1, -1, -1, -1, -1, -1, -1,  1, -1, -1, -1, -1,
        1,  1, -1, -1, -1,  1,  1, -1,  1,  1,  1,  1,  1,  1, -1,  1,  1,
       -1, -1, -1, -1,  1,  1, -1, -1,  1, -1,  1,  1, -1, -1,  1, -1, -1,
        1, -1,  1, -1, -1, -1,  1,  1,  1,  1,  1,  1,  1, -1, -1,  1,  1,
        1,  1,  1,  1, -1, -1, -1,  1, -1,  1, -1,  1,  1,  1,  1, -1,  1,
        1,  1,  1,  1,  1, -1,  1,  1, -1,  1, -1, -1,  1,  1,  1,  1,  1,
       -1,  1, -1,  1, -1, -1,  1,  1, -1,  1, -1, -1,  1,  1,  1,  1,  1,
        1, -1, -1,  1, -1,  1,  1, -1]), samples=None, snr_db=15.0, frequency_offset_hz=500.0, time_delay_sec=0.002)
2025-08-27 18:08:29 [INFO] Packet to demod: [-1.+0.j -1.+0.j -1.+0.j ... -1.+0.j -1.+0.j -1.+0.j]
2025-08-27 18:08:29 [INFO] Processing 45720 samples from tag 0
2025-08-27 18:08:29 [INFO] Expected number of bits: 36
2025-08-27 18:08:29 [DEBUG] coarse freq offset: 0.0
2025-08-27 18:08:29 [INFO] Received bits (4): [0. 0. 0. 0.]
2025-08-27 18:08:29 [INFO] Transmitted bits(4): [1 1 0 1]
2025-08-27 18:08:29 [INFO] BER: 0.75
2025-08-27 18:09:22 [DEBUG] **** New run with CLI arguments: Namespace(source='sim', file=None, verbose=3, n_tags=1)
2025-08-27 18:09:22 [DEBUG] Generating simulated samples for 1 tags
2025-08-27 18:09:22 [INFO] simulated packet metadata: SimulatedPacket(tag_id=0, preamble_bits=array([1, 1, 1, 1, 1, 1, 1, 1, 1, 1, 1, 1, 1, 1, 1, 1]), sync_bits=array([0, 1, 0, 1, 1, 0, 0, 1, 1, 1, 1, 1, 0, 0, 0, 0]), payload_bits=array([1, 1, 0, 1]), sps=10, all_bits=array([1, 1, 1, 1, 1, 1, 1, 1, 1, 1, 1, 1, 1, 1, 1, 1, 0, 1, 0, 1, 1, 0,
       0, 1, 1, 1, 1, 1, 0, 0, 0, 0, 1, 1, 0, 1]), goldcode=array([-1, -1, -1, -1, -1, -1, -1, -1, -1, -1, -1, -1,  1, -1, -1, -1, -1,
        1,  1, -1, -1, -1,  1,  1, -1,  1,  1,  1,  1,  1,  1, -1,  1,  1,
       -1, -1, -1, -1,  1,  1, -1, -1,  1, -1,  1,  1, -1, -1,  1, -1, -1,
        1, -1,  1, -1, -1, -1,  1,  1,  1,  1,  1,  1,  1, -1, -1,  1,  1,
        1,  1,  1,  1, -1, -1, -1,  1, -1,  1, -1,  1,  1,  1,  1, -1,  1,
        1,  1,  1,  1,  1, -1,  1,  1, -1,  1, -1, -1,  1,  1,  1,  1,  1,
       -1,  1, -1,  1, -1, -1,  1,  1, -1,  1, -1, -1,  1,  1,  1,  1,  1,
        1, -1, -1,  1, -1,  1,  1, -1]), samples=None, snr_db=15.0, frequency_offset_hz=500.0, time_delay_sec=0.002)
2025-08-27 18:09:22 [INFO] Packet to demod: [-1.+0.j -1.+0.j -1.+0.j ... -1.+0.j -1.+0.j -1.+0.j]
2025-08-27 18:09:22 [INFO] Processing 45720 samples from tag 0
2025-08-27 18:09:22 [INFO] Expected number of bits: 36
2025-08-27 18:09:22 [DEBUG] coarse freq offset: 0.0
2025-08-27 18:09:22 [INFO] Received bits (4): [0. 0. 0. 0.]
2025-08-27 18:09:22 [INFO] Transmitted bits(4): [1 1 0 1]
2025-08-27 18:09:22 [INFO] Sync word correlation: 8
2025-08-27 18:09:22 [INFO] BER: 0.75
2025-08-27 18:10:11 [DEBUG] **** New run with CLI arguments: Namespace(source='sim', file=None, verbose=3, n_tags=1)
2025-08-27 18:10:11 [DEBUG] Generating simulated samples for 1 tags
2025-08-27 18:10:11 [INFO] simulated packet metadata: SimulatedPacket(tag_id=0, preamble_bits=array([1, 1, 1, 1, 1, 1, 1, 1, 1, 1, 1, 1, 1, 1, 1, 1]), sync_bits=array([0, 1, 0, 1, 1, 0, 0, 1, 1, 1, 1, 1, 0, 0, 0, 0]), payload_bits=array([1, 1, 0, 1]), sps=10, all_bits=array([1, 1, 1, 1, 1, 1, 1, 1, 1, 1, 1, 1, 1, 1, 1, 1, 0, 1, 0, 1, 1, 0,
       0, 1, 1, 1, 1, 1, 0, 0, 0, 0, 1, 1, 0, 1]), goldcode=array([-1, -1, -1, -1, -1, -1, -1, -1, -1, -1, -1, -1,  1, -1, -1, -1, -1,
        1,  1, -1, -1, -1,  1,  1, -1,  1,  1,  1,  1,  1,  1, -1,  1,  1,
       -1, -1, -1, -1,  1,  1, -1, -1,  1, -1,  1,  1, -1, -1,  1, -1, -1,
        1, -1,  1, -1, -1, -1,  1,  1,  1,  1,  1,  1,  1, -1, -1,  1,  1,
        1,  1,  1,  1, -1, -1, -1,  1, -1,  1, -1,  1,  1,  1,  1, -1,  1,
        1,  1,  1,  1,  1, -1,  1,  1, -1,  1, -1, -1,  1,  1,  1,  1,  1,
       -1,  1, -1,  1, -1, -1,  1,  1, -1,  1, -1, -1,  1,  1,  1,  1,  1,
        1, -1, -1,  1, -1,  1,  1, -1]), samples=None, snr_db=15.0, frequency_offset_hz=500.0, time_delay_sec=0.002)
2025-08-27 18:10:11 [INFO] Packet to demod: [-1.+0.j -1.+0.j -1.+0.j ... -1.+0.j -1.+0.j -1.+0.j]
2025-08-27 18:10:11 [INFO] Processing 45720 samples from tag 0
2025-08-27 18:10:11 [INFO] Expected number of bits: 36
2025-08-27 18:10:11 [DEBUG] coarse freq offset: 0.0
2025-08-27 18:10:11 [INFO] Raw received bits: [1 1 1 ... 1 1 1]
2025-08-27 18:10:11 [INFO] Synced received bits (4): [0. 0. 0. 0.]
2025-08-27 18:10:11 [INFO] Transmitted payload bits(4): [1 1 0 1]
2025-08-27 18:10:11 [INFO] Sync word correlation: 8
2025-08-27 18:10:11 [INFO] BER: 0.75
2025-08-27 18:11:20 [DEBUG] **** New run with CLI arguments: Namespace(source='sim', file=None, verbose=3, n_tags=1)
2025-08-27 18:11:20 [DEBUG] Generating simulated samples for 1 tags
2025-08-27 18:11:20 [INFO] simulated packet metadata: SimulatedPacket(tag_id=0, preamble_bits=array([1, 1, 1, 1, 1, 1, 1, 1, 1, 1, 1, 1, 1, 1, 1, 1]), sync_bits=array([0, 1, 0, 1, 1, 0, 0, 1, 1, 1, 1, 1, 0, 0, 0, 0]), payload_bits=array([1, 1, 0, 1]), sps=10, all_bits=array([1, 1, 1, 1, 1, 1, 1, 1, 1, 1, 1, 1, 1, 1, 1, 1, 0, 1, 0, 1, 1, 0,
       0, 1, 1, 1, 1, 1, 0, 0, 0, 0, 1, 1, 0, 1]), goldcode=array([-1, -1, -1, -1, -1, -1, -1, -1, -1, -1, -1, -1,  1, -1, -1, -1, -1,
        1,  1, -1, -1, -1,  1,  1, -1,  1,  1,  1,  1,  1,  1, -1,  1,  1,
       -1, -1, -1, -1,  1,  1, -1, -1,  1, -1,  1,  1, -1, -1,  1, -1, -1,
        1, -1,  1, -1, -1, -1,  1,  1,  1,  1,  1,  1,  1, -1, -1,  1,  1,
        1,  1,  1,  1, -1, -1, -1,  1, -1,  1, -1,  1,  1,  1,  1, -1,  1,
        1,  1,  1,  1,  1, -1,  1,  1, -1,  1, -1, -1,  1,  1,  1,  1,  1,
       -1,  1, -1,  1, -1, -1,  1,  1, -1,  1, -1, -1,  1,  1,  1,  1,  1,
        1, -1, -1,  1, -1,  1,  1, -1]), samples=None, snr_db=15.0, frequency_offset_hz=500.0, time_delay_sec=0.002)
2025-08-27 18:11:20 [INFO] Packet to demod: [-1.+0.j -1.+0.j -1.+0.j ... -1.+0.j -1.+0.j -1.+0.j]
2025-08-27 18:11:20 [INFO] Processing 45720 samples from tag 0
2025-08-27 18:11:20 [INFO] Expected number of bits: 36
2025-08-27 18:11:20 [DEBUG] coarse freq offset: 0.0
2025-08-27 18:11:20 [INFO] Raw received bits: [1 1 1 ... 1 1 1]
2025-08-27 18:11:20 [INFO] offset: 2020
2025-08-27 18:11:20 [INFO] value of correlation at offset: 8
2025-08-27 18:11:20 [INFO] Synced received bits (4): [0. 0. 0. 0.]
2025-08-27 18:11:20 [INFO] Transmitted payload bits(4): [1 1 0 1]
2025-08-27 18:11:20 [INFO] Sync word correlation: 8
2025-08-27 18:11:20 [INFO] BER: 0.75
2025-08-27 18:13:44 [DEBUG] **** New run with CLI arguments: Namespace(source='sim', file=None, verbose=3, n_tags=1)
2025-08-27 18:13:44 [DEBUG] Generating simulated samples for 1 tags
2025-08-27 18:13:44 [INFO] simulated packet metadata: SimulatedPacket(tag_id=0, preamble_bits=array([1, 1, 1, 1, 1, 1, 1, 1, 1, 1, 1, 1, 1, 1, 1, 1]), sync_bits=array([0, 1, 0, 1, 1, 0, 0, 1, 1, 1, 1, 1, 0, 0, 0, 0]), payload_bits=array([1, 1, 0, 1]), sps=10, all_bits=array([1, 1, 1, 1, 1, 1, 1, 1, 1, 1, 1, 1, 1, 1, 1, 1, 0, 1, 0, 1, 1, 0,
       0, 1, 1, 1, 1, 1, 0, 0, 0, 0, 1, 1, 0, 1]), goldcode=array([-1, -1, -1, -1, -1, -1, -1, -1, -1, -1, -1, -1,  1, -1, -1, -1, -1,
        1,  1, -1, -1, -1,  1,  1, -1,  1,  1,  1,  1,  1,  1, -1,  1,  1,
       -1, -1, -1, -1,  1,  1, -1, -1,  1, -1,  1,  1, -1, -1,  1, -1, -1,
        1, -1,  1, -1, -1, -1,  1,  1,  1,  1,  1,  1,  1, -1, -1,  1,  1,
        1,  1,  1,  1, -1, -1, -1,  1, -1,  1, -1,  1,  1,  1,  1, -1,  1,
        1,  1,  1,  1,  1, -1,  1,  1, -1,  1, -1, -1,  1,  1,  1,  1,  1,
       -1,  1, -1,  1, -1, -1,  1,  1, -1,  1, -1, -1,  1,  1,  1,  1,  1,
        1, -1, -1,  1, -1,  1,  1, -1]), samples=None, snr_db=15.0, frequency_offset_hz=500.0, time_delay_sec=0.002)
2025-08-27 18:13:44 [INFO] Packet to demod: [-1.+0.j -1.+0.j -1.+0.j ... -1.+0.j -1.+0.j -1.+0.j]
2025-08-27 18:13:44 [INFO] Processing 45720 samples from tag 0
2025-08-27 18:13:44 [INFO] Expected number of bits: 36
2025-08-27 18:13:44 [DEBUG] coarse freq offset: 0.0
2025-08-27 18:13:44 [INFO] Raw received bits: [1 1 1 ... 1 1 1]
2025-08-27 18:13:44 [INFO] offset: 4065
2025-08-27 18:13:44 [INFO] value of correlation at offset: 2795
2025-08-27 18:13:44 [INFO] Synced received bits (4): [1. 1. 1. 1.]
2025-08-27 18:13:44 [INFO] Transmitted payload bits(4): [1 1 0 1]
2025-08-27 18:13:44 [INFO] Sync word correlation: 2795
2025-08-27 18:13:44 [INFO] BER: 0.25
2025-08-27 18:15:37 [DEBUG] **** New run with CLI arguments: Namespace(source='sim', file=None, verbose=3, n_tags=1)
2025-08-27 18:15:37 [DEBUG] Generating simulated samples for 1 tags
2025-08-27 18:15:37 [INFO] simulated packet metadata: SimulatedPacket(tag_id=0, preamble_bits=[], sync_bits=array([0, 1, 0, 1, 1, 0, 0, 1, 1, 1, 1, 1, 0, 0, 0, 0]), payload_bits=array([1, 1, 0, 1]), sps=10, all_bits=array([0., 1., 0., 1., 1., 0., 0., 1., 1., 1., 1., 1., 0., 0., 0., 0., 1.,
       1., 0., 1.]), goldcode=array([-1, -1, -1, -1, -1, -1, -1, -1, -1, -1, -1, -1,  1, -1, -1, -1, -1,
        1,  1, -1, -1, -1,  1,  1, -1,  1,  1,  1,  1,  1,  1, -1,  1,  1,
       -1, -1, -1, -1,  1,  1, -1, -1,  1, -1,  1,  1, -1, -1,  1, -1, -1,
        1, -1,  1, -1, -1, -1,  1,  1,  1,  1,  1,  1,  1, -1, -1,  1,  1,
        1,  1,  1,  1, -1, -1, -1,  1, -1,  1, -1,  1,  1,  1,  1, -1,  1,
        1,  1,  1,  1,  1, -1,  1,  1, -1,  1, -1, -1,  1,  1,  1,  1,  1,
       -1,  1, -1,  1, -1, -1,  1,  1, -1,  1, -1, -1,  1,  1,  1,  1,  1,
        1, -1, -1,  1, -1,  1,  1, -1]), samples=None, snr_db=15.0, frequency_offset_hz=500.0, time_delay_sec=0.002)
2025-08-27 18:15:37 [INFO] Packet to demod: [ 1.-0.j  1.-0.j  1.-0.j ... -1.+0.j -1.+0.j -1.+0.j]
2025-08-27 18:15:37 [INFO] Processing 25400 samples from tag 0
2025-08-27 18:15:37 [INFO] Expected number of bits: 20
2025-08-27 18:15:37 [DEBUG] coarse freq offset: 0.0
2025-08-27 18:15:37 [INFO] Raw received bits: [0 0 0 ... 1 1 1]
2025-08-27 18:15:37 [INFO] offset: 4065
2025-08-27 18:15:37 [INFO] value of correlation at offset: 763
2025-08-27 18:15:37 [INFO] Synced received bits (0): []
2025-08-27 18:15:37 [INFO] Transmitted payload bits(4): [1 1 0 1]
2025-08-27 18:15:37 [INFO] Sync word correlation: 763
2025-08-27 18:16:01 [DEBUG] **** New run with CLI arguments: Namespace(source='sim', file=None, verbose=3, n_tags=1)
2025-08-27 18:16:01 [DEBUG] Generating simulated samples for 1 tags
2025-08-27 18:16:01 [INFO] simulated packet metadata: SimulatedPacket(tag_id=0, preamble_bits=array([1, 1, 1, 1, 1, 1, 1, 1, 1, 1, 1, 1, 1, 1, 1, 1]), sync_bits=array([0, 1, 0, 1, 1, 0, 0, 1, 1, 1, 1, 1, 0, 0, 0, 0]), payload_bits=array([1, 1, 0, 1]), sps=10, all_bits=array([1, 1, 1, 1, 1, 1, 1, 1, 1, 1, 1, 1, 1, 1, 1, 1, 0, 1, 0, 1, 1, 0,
       0, 1, 1, 1, 1, 1, 0, 0, 0, 0, 1, 1, 0, 1]), goldcode=array([-1, -1, -1, -1, -1, -1, -1, -1, -1, -1, -1, -1,  1, -1, -1, -1, -1,
        1,  1, -1, -1, -1,  1,  1, -1,  1,  1,  1,  1,  1,  1, -1,  1,  1,
       -1, -1, -1, -1,  1,  1, -1, -1,  1, -1,  1,  1, -1, -1,  1, -1, -1,
        1, -1,  1, -1, -1, -1,  1,  1,  1,  1,  1,  1,  1, -1, -1,  1,  1,
        1,  1,  1,  1, -1, -1, -1,  1, -1,  1, -1,  1,  1,  1,  1, -1,  1,
        1,  1,  1,  1,  1, -1,  1,  1, -1,  1, -1, -1,  1,  1,  1,  1,  1,
       -1,  1, -1,  1, -1, -1,  1,  1, -1,  1, -1, -1,  1,  1,  1,  1,  1,
        1, -1, -1,  1, -1,  1,  1, -1]), samples=None, snr_db=15.0, frequency_offset_hz=500.0, time_delay_sec=0.002)
2025-08-27 18:16:01 [INFO] Packet to demod: [-1.+0.j -1.+0.j -1.+0.j ... -1.+0.j -1.+0.j -1.+0.j]
2025-08-27 18:16:01 [INFO] Processing 45720 samples from tag 0
2025-08-27 18:16:01 [INFO] Expected number of bits: 36
2025-08-27 18:16:01 [DEBUG] coarse freq offset: 0.0
2025-08-27 18:16:01 [INFO] Raw received bits: [1 1 1 ... 1 1 1]
2025-08-27 18:16:01 [INFO] offset: 4065
2025-08-27 18:16:01 [INFO] value of correlation at offset: 2795
2025-08-27 18:16:01 [INFO] Synced received bits (4): [1. 1. 1. 1.]
2025-08-27 18:16:01 [INFO] Transmitted payload bits(4): [1 1 0 1]
2025-08-27 18:16:01 [INFO] Sync word correlation: 2795
2025-08-27 18:16:01 [INFO] BER: 0.25
2025-08-27 18:19:45 [DEBUG] **** New run with CLI arguments: Namespace(source='sim', file=None, verbose=3, n_tags=1)
2025-08-27 18:19:45 [DEBUG] Generating simulated samples for 1 tags
2025-08-27 18:19:45 [INFO] simulated packet metadata: SimulatedPacket(tag_id=0, preamble_bits=array([1, 1, 1, 1, 1, 1, 1, 1, 1, 1, 1, 1, 1, 1, 1, 1]), sync_bits=array([0, 1, 0, 1, 1, 0, 0, 1, 1, 1, 1, 1, 0, 0, 0, 0]), payload_bits=array([1, 1, 0, 1]), sps=1, all_bits=array([1, 1, 1, 1, 1, 1, 1, 1, 1, 1, 1, 1, 1, 1, 1, 1, 0, 1, 0, 1, 1, 0,
       0, 1, 1, 1, 1, 1, 0, 0, 0, 0, 1, 1, 0, 1]), goldcode=array([-1, -1, -1, -1, -1, -1, -1, -1, -1, -1, -1, -1,  1, -1, -1, -1, -1,
        1,  1, -1, -1, -1,  1,  1, -1,  1,  1,  1,  1,  1,  1, -1,  1,  1,
       -1, -1, -1, -1,  1,  1, -1, -1,  1, -1,  1,  1, -1, -1,  1, -1, -1,
        1, -1,  1, -1, -1, -1,  1,  1,  1,  1,  1,  1,  1, -1, -1,  1,  1,
        1,  1,  1,  1, -1, -1, -1,  1, -1,  1, -1,  1,  1,  1,  1, -1,  1,
        1,  1,  1,  1,  1, -1,  1,  1, -1,  1, -1, -1,  1,  1,  1,  1,  1,
       -1,  1, -1,  1, -1, -1,  1,  1, -1,  1, -1, -1,  1,  1,  1,  1,  1,
        1, -1, -1,  1, -1,  1,  1, -1]), samples=None, snr_db=15.0, frequency_offset_hz=500.0, time_delay_sec=0.002)
2025-08-27 18:19:45 [INFO] Packet to demod: [-1.+0.j -1.+0.j -1.+0.j ...  1.+0.j  1.+0.j -1.+0.j]
2025-08-27 18:19:45 [INFO] Processing 4572 samples from tag 0
2025-08-27 18:19:46 [INFO] Expected number of bits: 36
2025-08-27 18:19:46 [DEBUG] coarse freq offset: 27.61162179907842
2025-08-27 18:19:46 [INFO] Raw received bits: [1 1 1 ... 1 1 0]
2025-08-27 18:19:46 [INFO] offset: 2045
2025-08-27 18:19:46 [INFO] value of correlation at offset: 1180
2025-08-27 18:19:46 [INFO] Synced received bits (4): [0. 1. 1. 0.]
2025-08-27 18:19:46 [INFO] Transmitted payload bits(4): [1 1 0 1]
2025-08-27 18:19:46 [INFO] Sync word correlation: 1180
2025-08-27 18:19:46 [INFO] BER: 0.75
2025-08-27 18:21:34 [DEBUG] **** New run with CLI arguments: Namespace(source='sim', file=None, verbose=3, n_tags=1)
2025-08-27 18:21:34 [DEBUG] Generating simulated samples for 1 tags
2025-08-27 18:21:34 [INFO] simulated packet metadata: SimulatedPacket(tag_id=0, preamble_bits=array([1, 1, 1, 1, 1, 1, 1, 1, 1, 1, 1, 1, 1, 1, 1, 1]), sync_bits=array([0, 1, 0, 1, 1, 0, 0, 1, 1, 1, 1, 1, 0, 0, 0, 0]), payload_bits=array([1, 1, 0, 1]), sps=1, all_bits=array([1, 1, 1, 1, 1, 1, 1, 1, 1, 1, 1, 1, 1, 1, 1, 1, 0, 1, 0, 1, 1, 0,
       0, 1, 1, 1, 1, 1, 0, 0, 0, 0, 1, 1, 0, 1]), goldcode=array([-1, -1, -1, -1, -1, -1, -1, -1, -1, -1, -1, -1,  1, -1, -1, -1, -1,
        1,  1, -1, -1, -1,  1,  1, -1,  1,  1,  1,  1,  1,  1, -1,  1,  1,
       -1, -1, -1, -1,  1,  1, -1, -1,  1, -1,  1,  1, -1, -1,  1, -1, -1,
        1, -1,  1, -1, -1, -1,  1,  1,  1,  1,  1,  1,  1, -1, -1,  1,  1,
        1,  1,  1,  1, -1, -1, -1,  1, -1,  1, -1,  1,  1,  1,  1, -1,  1,
        1,  1,  1,  1,  1, -1,  1,  1, -1,  1, -1, -1,  1,  1,  1,  1,  1,
       -1,  1, -1,  1, -1, -1,  1,  1, -1,  1, -1, -1,  1,  1,  1,  1,  1,
        1, -1, -1,  1, -1,  1,  1, -1]), samples=None, snr_db=15.0, frequency_offset_hz=500.0, time_delay_sec=0.002)
2025-08-27 18:21:34 [INFO] Packet to demod: [-1.+0.j -1.+0.j -1.+0.j ...  1.+0.j  1.+0.j -1.+0.j]
2025-08-27 18:21:34 [INFO] Processing 4572 samples from tag 0
2025-08-27 18:21:35 [INFO] Expected number of bits: 36
2025-08-27 18:21:35 [DEBUG] coarse freq offset: 27.61162179907842
2025-08-27 18:21:35 [INFO] Raw received bits: [1 1 1 ... 1 1 0]
2025-08-27 18:21:35 [INFO] offset: 2045
2025-08-27 18:21:35 [INFO] value of correlation at offset: 1180
2025-08-27 18:21:35 [INFO] Synced received bits (4): [0. 1. 1. 0.]
2025-08-27 18:21:35 [INFO] Transmitted payload bits(4): [1 1 0 1]
2025-08-27 18:21:35 [INFO] Sync word correlation: 1180
2025-08-27 18:21:35 [INFO] BER: 0.75
2025-08-27 18:22:01 [DEBUG] **** New run with CLI arguments: Namespace(source='sim', file=None, verbose=3, n_tags=1)
2025-08-27 18:22:01 [DEBUG] Generating simulated samples for 1 tags
2025-08-27 18:22:01 [INFO] simulated packet metadata: SimulatedPacket(tag_id=0, preamble_bits=array([1, 1, 1, 1, 1, 1, 1, 1, 1, 1, 1, 1, 1, 1, 1, 1]), sync_bits=array([0, 1, 0, 1, 1, 0, 0, 1, 1, 1, 1, 1, 0, 0, 0, 0]), payload_bits=array([1, 1, 0, 1]), sps=1, all_bits=array([1, 1, 1, 1, 1, 1, 1, 1, 1, 1, 1, 1, 1, 1, 1, 1, 0, 1, 0, 1, 1, 0,
       0, 1, 1, 1, 1, 1, 0, 0, 0, 0, 1, 1, 0, 1]), goldcode=array([-1, -1, -1, -1, -1, -1, -1, -1, -1, -1, -1, -1,  1, -1, -1, -1, -1,
        1,  1, -1, -1, -1,  1,  1, -1,  1,  1,  1,  1,  1,  1, -1,  1,  1,
       -1, -1, -1, -1,  1,  1, -1, -1,  1, -1,  1,  1, -1, -1,  1, -1, -1,
        1, -1,  1, -1, -1, -1,  1,  1,  1,  1,  1,  1,  1, -1, -1,  1,  1,
        1,  1,  1,  1, -1, -1, -1,  1, -1,  1, -1,  1,  1,  1,  1, -1,  1,
        1,  1,  1,  1,  1, -1,  1,  1, -1,  1, -1, -1,  1,  1,  1,  1,  1,
       -1,  1, -1,  1, -1, -1,  1,  1, -1,  1, -1, -1,  1,  1,  1,  1,  1,
        1, -1, -1,  1, -1,  1,  1, -1]), samples=None, snr_db=15.0, frequency_offset_hz=500.0, time_delay_sec=0.002)
2025-08-27 18:22:01 [INFO] Packet to demod: [-1.+0.j -1.+0.j -1.+0.j ...  1.+0.j  1.+0.j -1.+0.j]
2025-08-27 18:22:01 [INFO] Processing 4572 samples from tag 0
2025-08-27 18:22:01 [INFO] Expected number of bits: 36
2025-08-27 18:22:01 [DEBUG] coarse freq offset: 27.61162179907842
2025-08-27 18:22:01 [INFO] Raw received bits: [1, 1, 1, 1, 1, 1, 1, 1, 1, 1, 1, 1, 0, 1, 1, 1, 1, 0, 0, 1, 1, 1, 0, 1, 0, 1, 1, 1, 1, 1, 1, 0, 0, 1, 0, 1, 1, 1, 1, 0, 1, 1, 1, 0, 0, 1, 1, 1, 1, 0, 1, 1, 0, 1, 0, 1, 1, 1, 1, 1, 1, 1, 1, 1, 1, 1, 1, 1, 1, 1, 1, 1, 1, 1, 1, 1, 0, 1, 1, 0, 1, 1, 1, 1, 0, 1, 1, 1, 1, 1, 1, 0, 1, 1, 1, 0, 1, 1, 1, 1, 1, 1, 1, 0, 0, 1, 0, 1, 1, 1, 1, 0, 0, 1, 1, 1, 1, 1, 1, 1, 1, 1, 1, 0, 0, 1, 1, 1, 1, 1, 1, 1, 1, 1, 1, 1, 1, 1, 1, 1, 0, 1, 1, 1, 1, 0, 0, 1, 1, 1, 0, 1, 0, 1, 1, 1, 1, 1, 1, 0, 0, 1, 0, 1, 1, 1, 1, 0, 1, 1, 1, 0, 0, 1, 1, 1, 1, 0, 1, 1, 0, 1, 0, 1, 1, 1, 1, 1, 1, 1, 1, 1, 1, 1, 1, 1, 1, 1, 1, 1, 1, 1, 1, 1, 0, 1, 1, 0, 1, 1, 1, 1, 0, 1, 1, 1, 1, 1, 1, 0, 1, 1, 1, 0, 1, 1, 1, 1, 1, 1, 1, 0, 0, 1, 0, 1, 1, 1, 1, 0, 0, 1, 1, 1, 1, 1, 1, 1, 1, 1, 1, 0, 0, 1, 1, 1, 1, 1, 1, 1, 1, 1, 1, 1, 1, 1, 1, 1, 0, 1, 1, 1, 1, 0, 0, 1, 1, 1, 0, 1, 0, 1, 1, 1, 1, 1, 1, 0, 0, 1, 0, 1, 1, 1, 1, 0, 1, 1, 1, 0, 0, 1, 1, 1, 1, 0, 1, 1, 0, 1, 0, 1, 1, 1, 1, 1, 1, 1, 1, 1, 1, 1, 1, 1, 1, 1, 1, 1, 1, 1, 1, 1, 0, 1, 1, 0, 1, 1, 1, 1, 0, 1, 1, 1, 1, 1, 1, 0, 1, 1, 1, 0, 1, 1, 1, 1, 1, 1, 1, 0, 0, 1, 0, 1, 1, 1, 1, 0, 0, 1, 1, 1, 1, 1, 1, 1, 1, 1, 1, 0, 0, 1, 1, 1, 1, 1, 1, 1, 1, 1, 1, 1, 1, 1, 1, 1, 0, 1, 1, 1, 1, 0, 0, 1, 1, 1, 0, 1, 0, 1, 1, 1, 1, 1, 1, 0, 1, 0, 1, 1, 1, 1, 0, 0, 1, 1, 0, 0, 1, 1, 1, 1, 0, 1, 1, 0, 1, 0, 1, 1, 1, 1, 1, 1, 1, 1, 1, 1, 1, 1, 1, 1, 1, 1, 1, 1, 1, 1, 1, 0, 1, 1, 0, 1, 1, 1, 1, 0, 1, 1, 1, 1, 1, 1, 0, 1, 1, 1, 0, 1, 1, 1, 1, 1, 1, 1, 0, 0, 1, 0, 1, 1, 1, 1, 0, 0, 1, 1, 1, 1, 1, 1, 1, 1, 1, 1, 0, 0, 1, 1, 1, 1, 1, 1, 1, 1, 1, 1, 1, 1, 1, 1, 1, 0, 1, 1, 1, 1, 0, 0, 1, 1, 1, 0, 1, 0, 1, 1, 1, 1, 1, 1, 0, 0, 1, 0, 1, 1, 1, 1, 0, 1, 1, 1, 0, 0, 1, 1, 1, 1, 0, 1, 1, 0, 1, 0, 1, 1, 1, 1, 1, 1, 1, 1, 1, 1, 1, 1, 1, 1, 1, 1, 1, 1, 1, 1, 1, 0, 1, 1, 0, 1, 1, 1, 1, 0, 1, 1, 1, 1, 1, 1, 0, 1, 1, 1, 0, 1, 1, 1, 1, 1, 1, 1, 0, 0, 1, 0, 1, 1, 1, 1, 0, 0, 1, 1, 1, 1, 1, 1, 1, 1, 1, 1, 0, 0, 1, 1, 1, 1, 1, 1, 1, 1, 1, 1, 1, 1, 1, 1, 1, 0, 1, 1, 1, 1, 0, 0, 1, 1, 1, 0, 1, 0, 1, 1, 1, 1, 1, 1, 0, 0, 1, 0, 1, 1, 1, 1, 0, 1, 1, 1, 0, 0, 1, 1, 1, 1, 0, 1, 1, 0, 1, 0, 1, 1, 1, 1, 1, 1, 1, 1, 1, 1, 1, 1, 1, 1, 1, 1, 1, 1, 1, 1, 1, 0, 1, 1, 0, 1, 1, 1, 1, 0, 1, 1, 1, 1, 1, 1, 0, 1, 1, 1, 0, 1, 1, 1, 1, 1, 1, 1, 0, 0, 1, 0, 1, 1, 1, 1, 0, 0, 1, 1, 1, 1, 1, 1, 1, 1, 1, 1, 0, 0, 1, 1, 1, 1, 1, 1, 1, 1, 1, 1, 1, 1, 1, 1, 1, 0, 1, 1, 1, 1, 0, 0, 1, 1, 1, 0, 1, 0, 1, 1, 1, 1, 1, 1, 0, 0, 1, 0, 1, 1, 1, 1, 0, 1, 1, 1, 0, 0, 1, 1, 1, 1, 0, 1, 1, 0, 1, 0, 1, 1, 1, 1, 1, 1, 1, 1, 1, 1, 1, 1, 1, 1, 1, 1, 1, 1, 1, 1, 1, 0, 1, 1, 0, 1, 1, 1, 1, 0, 1, 1, 1, 1, 1, 1, 0, 1, 1, 1, 0, 1, 1, 1, 1, 1, 1, 1, 0, 0, 1, 0, 1, 1, 1, 1, 0, 0, 1, 1, 1, 1, 1, 1, 1, 1, 1, 1, 0, 0, 1, 1, 1, 1, 1, 1, 1, 1, 1, 1, 1, 1, 1, 1, 1, 0, 1, 1, 1, 1, 0, 0, 1, 1, 1, 0, 1, 0, 1, 1, 1, 1, 1, 1, 0, 0, 1, 0, 1, 1, 1, 1, 0, 1, 1, 1, 0, 0, 1, 1, 1, 1, 0, 1, 1, 0, 1, 0, 1, 1, 1, 1, 1, 1, 1, 1, 1, 1, 1, 1, 1, 1, 1, 1, 1, 1, 1, 1, 1, 0, 1, 1, 0, 1, 1, 1, 1, 0, 1, 1, 1, 1, 1, 1, 0, 1, 1, 1, 0, 1, 1, 1, 1, 1, 1, 1, 0, 0, 1, 0, 1, 1, 1, 1, 0, 0, 1, 1, 1, 1, 1, 1, 1, 1, 1, 1, 0, 0, 1, 1, 1, 1, 1, 1, 1, 1, 1, 1, 1, 1, 1, 1, 1, 0, 1, 1, 1, 1, 0, 0, 1, 1, 1, 0, 1, 0, 1, 1, 1, 1, 1, 1, 0, 0, 1, 0, 1, 1, 1, 1, 0, 1, 1, 1, 0, 0, 1, 1, 1, 1, 0, 1, 1, 0, 1, 0, 1, 1, 1, 1, 1, 1, 1, 1, 1, 1, 1, 1, 1, 1, 1, 1, 1, 1, 1, 1, 1, 0, 1, 1, 0, 1, 1, 1, 1, 0, 1, 1, 1, 1, 1, 1, 0, 1, 1, 1, 0, 1, 1, 1, 1, 1, 1, 1, 0, 0, 1, 0, 1, 1, 1, 1, 0, 0, 1, 1, 1, 1, 1, 1, 1, 1, 1, 1, 0, 0, 1, 1, 1, 1, 1, 1, 1, 1, 1, 1, 1, 1, 1, 1, 1, 0, 1, 1, 1, 1, 0, 0, 1, 1, 1, 0, 1, 0, 1, 1, 1, 1, 1, 1, 0, 0, 1, 1, 1, 1, 1, 0, 0, 1, 1, 0, 0, 1, 1, 0, 1, 0, 1, 1, 0, 1, 0, 1, 1, 1, 1, 1, 1, 1, 1, 1, 1, 1, 1, 1, 1, 1, 1, 1, 1, 1, 1, 1, 0, 1, 1, 0, 1, 1, 1, 1, 0, 1, 1, 1, 1, 1, 1, 0, 1, 1, 1, 0, 1, 1, 1, 1, 1, 1, 1, 0, 0, 1, 0, 1, 1, 1, 1, 0, 0, 1, 1, 1, 1, 1, 1, 1, 1, 1, 1, 0, 0, 1, 1, 1, 1, 1, 1, 1, 1, 1, 1, 1, 1, 1, 1, 1, 0, 1, 1, 1, 1, 0, 0, 1, 1, 1, 0, 1, 0, 1, 1, 1, 1, 1, 1, 0, 0, 1, 1, 1, 1, 1, 0, 0, 1, 1, 0, 0, 1, 1, 0, 1, 0, 1, 1, 0, 1, 0, 1, 1, 1, 1, 1, 1, 1, 1, 1, 1, 1, 1, 1, 1, 1, 1, 1, 1, 1, 1, 1, 0, 1, 1, 0, 1, 1, 1, 1, 0, 1, 1, 1, 1, 1, 1, 0, 1, 1, 1, 0, 1, 1, 1, 1, 1, 1, 1, 0, 0, 1, 0, 1, 1, 1, 1, 0, 0, 1, 1, 1, 1, 1, 1, 1, 1, 1, 1, 0, 0, 1, 1, 1, 1, 1, 1, 1, 1, 1, 1, 1, 1, 1, 1, 1, 0, 1, 1, 1, 1, 0, 0, 1, 1, 1, 0, 1, 0, 1, 1, 1, 1, 1, 1, 0, 0, 1, 0, 1, 1, 1, 1, 0, 1, 1, 1, 0, 0, 1, 1, 1, 1, 0, 1, 1, 0, 1, 0, 1, 1, 1, 1, 1, 1, 1, 1, 1, 1, 1, 1, 1, 1, 1, 1, 1, 1, 1, 1, 1, 0, 1, 1, 0, 1, 1, 1, 1, 0, 1, 1, 1, 1, 1, 1, 0, 1, 1, 1, 0, 1, 1, 1, 1, 1, 1, 1, 0, 0, 1, 0, 1, 1, 1, 1, 0, 0, 1, 1, 1, 1, 1, 1, 1, 1, 1, 1, 0, 0, 1, 1, 1, 1, 1, 1, 1, 1, 1, 1, 1, 1, 1, 1, 1, 0, 1, 1, 1, 1, 0, 0, 1, 1, 1, 0, 1, 0, 1, 1, 1, 1, 1, 1, 0, 0, 1, 0, 1, 1, 1, 1, 0, 1, 1, 1, 0, 0, 1, 1, 1, 1, 0, 1, 1, 0, 1, 0, 1, 1, 1, 1, 1, 1, 1, 1, 1, 1, 1, 1, 1, 1, 1, 1, 1, 1, 1, 1, 1, 0, 1, 1, 0, 1, 1, 1, 1, 0, 1, 1, 1, 1, 1, 1, 0, 1, 1, 1, 0, 1, 1, 1, 1, 1, 1, 1, 0, 0, 1, 0, 1, 1, 1, 1, 0, 0, 1, 1, 1, 1, 1, 1, 1, 1, 1, 1, 0, 0, 1, 1, 1, 1, 1, 1, 1, 1, 1, 1, 1, 1, 1, 1, 1, 0, 1, 1, 1, 1, 0, 0, 1, 1, 1, 0, 1, 0, 1, 1, 1, 1, 1, 1, 0, 0, 1, 0, 1, 1, 1, 1, 0, 1, 1, 1, 0, 0, 1, 1, 1, 1, 0, 1, 1, 0, 1, 0, 1, 1, 1, 1, 1, 1, 1, 1, 1, 1, 1, 1, 1, 1, 1, 1, 1, 1, 1, 1, 1, 0, 1, 1, 0, 1, 1, 1, 1, 0, 1, 1, 1, 1, 1, 1, 0, 1, 1, 1, 0, 1, 1, 1, 1, 1, 1, 1, 0, 0, 1, 0, 1, 1, 1, 1, 0, 0, 1, 1, 1, 1, 1, 1, 1, 1, 1, 1, 0, 0, 1, 1, 1, 1, 1, 1, 1, 1, 1, 1, 1, 1, 1, 1, 1, 0, 1, 1, 1, 1, 0, 0, 1, 1, 1, 0, 1, 0, 1, 1, 1, 1, 1, 1, 0, 0, 1, 0, 1, 1, 1, 1, 0, 1, 1, 1, 0, 0, 1, 1, 1, 1, 0, 1, 1, 0, 1, 0, 1, 1, 1, 1, 1, 1, 1, 1, 1, 1, 1, 1, 1, 1, 1, 1, 1, 1, 1, 1, 1, 0, 1, 1, 0, 1, 1, 1, 1, 0, 1, 1, 1, 1, 1, 1, 0, 1, 1, 1, 0, 1, 1, 1, 1, 1, 1, 1, 0, 0, 1, 0, 1, 1, 1, 1, 0, 0, 1, 1, 1, 1, 1, 1, 1, 1, 1, 1, 0, 0, 1, 1, 1, 1, 1, 1, 1, 1, 1, 1, 1, 1, 1, 1, 1, 0, 1, 1, 1, 1, 0, 0, 1, 1, 1, 0, 1, 0, 1, 1, 1, 1, 1, 1, 0, 0, 1, 0, 1, 1, 1, 1, 0, 1, 1, 1, 0, 0, 1, 1, 1, 1, 0, 1, 1, 0, 1, 0, 1, 1, 1, 1, 1, 1, 1, 1, 1, 1, 1, 1, 1, 1, 1, 1, 1, 1, 1, 1, 1, 0, 1, 1, 0, 1, 1, 1, 1, 0, 1, 1, 1, 1, 1, 1, 0, 1, 1, 1, 0, 1, 1, 1, 1, 1, 1, 1, 0, 0, 1, 0, 1, 1, 1, 1, 0, 0, 1, 1, 1, 1, 1, 1, 1, 1, 1, 1, 0, 1, 1, 1, 0, 0, 0, 0, 0, 0, 0, 0, 0, 0, 0, 0, 0, 1, 0, 0, 0, 0, 1, 1, 0, 0, 0, 1, 0, 1, 0, 0, 0, 0, 0, 0, 1, 0, 1, 0, 0, 0, 0, 1, 0, 0, 0, 1, 1, 0, 0, 0, 0, 1, 0, 0, 1, 0, 1, 0, 0, 0, 0, 0, 0, 0, 0, 0, 0, 0, 0, 0, 0, 0, 0, 0, 0, 0, 0, 0, 1, 0, 1, 1, 0, 0, 0, 0, 1, 0, 0, 0, 0, 0, 0, 1, 0, 0, 0, 1, 0, 0, 0, 0, 0, 0, 0, 1, 0, 0, 1, 0, 1, 0, 0, 1, 1, 0, 0, 0, 0, 0, 0, 0, 0, 0, 0, 1, 0, 0, 0, 1, 1, 1, 1, 1, 1, 1, 1, 1, 1, 1, 1, 0, 0, 1, 1, 1, 1, 0, 0, 1, 1, 1, 0, 1, 0, 1, 1, 1, 1, 1, 1, 0, 0, 1, 0, 1, 1, 1, 1, 0, 1, 1, 1, 0, 0, 1, 1, 1, 1, 0, 1, 1, 0, 1, 0, 1, 1, 1, 1, 1, 1, 1, 1, 1, 1, 1, 1, 1, 1, 1, 1, 1, 1, 1, 1, 1, 0, 1, 1, 0, 1, 1, 1, 1, 0, 1, 1, 1, 1, 1, 1, 0, 0, 1, 1, 0, 0, 1, 1, 1, 1, 1, 1, 0, 0, 1, 0, 1, 1, 1, 1, 0, 0, 1, 1, 1, 1, 1, 1, 1, 1, 1, 1, 0, 1, 1, 1, 0, 0, 0, 0, 0, 0, 0, 0, 0, 0, 0, 0, 0, 1, 0, 0, 0, 0, 1, 1, 0, 0, 0, 1, 0, 1, 0, 0, 0, 0, 0, 0, 1, 0, 1, 0, 0, 0, 0, 1, 0, 0, 0, 1, 1, 0, 0, 0, 0, 1, 0, 0, 1, 0, 1, 0, 0, 0, 0, 0, 0, 0, 0, 0, 0, 0, 0, 0, 0, 0, 0, 0, 0, 0, 0, 0, 1, 0, 1, 1, 0, 0, 0, 0, 1, 0, 0, 0, 0, 0, 0, 1, 0, 0, 0, 1, 0, 0, 0, 0, 0, 0, 0, 1, 0, 1, 1, 0, 1, 0, 0, 1, 1, 0, 0, 0, 0, 0, 0, 0, 0, 0, 0, 1, 0, 0, 0, 1, 1, 1, 1, 1, 1, 1, 1, 1, 1, 1, 1, 0, 0, 1, 1, 1, 1, 0, 0, 1, 1, 1, 0, 1, 0, 1, 1, 1, 1, 1, 1, 0, 0, 1, 0, 1, 1, 1, 1, 0, 1, 1, 1, 0, 0, 1, 1, 1, 1, 0, 1, 1, 0, 1, 0, 1, 1, 1, 1, 1, 1, 1, 1, 1, 1, 1, 1, 1, 1, 1, 1, 1, 1, 1, 1, 1, 0, 1, 1, 0, 1, 1, 1, 1, 0, 1, 1, 1, 1, 1, 1, 0, 1, 1, 1, 0, 1, 1, 1, 1, 1, 1, 1, 0, 0, 1, 0, 1, 1, 1, 1, 0, 0, 1, 1, 1, 1, 1, 1, 1, 1, 1, 1, 0, 0, 1, 1, 1, 1, 1, 1, 1, 1, 1, 1, 1, 1, 1, 1, 1, 0, 1, 1, 1, 1, 0, 0, 1, 1, 1, 0, 1, 0, 1, 1, 1, 1, 1, 1, 0, 0, 1, 1, 1, 1, 1, 0, 0, 1, 1, 0, 0, 1, 1, 0, 1, 0, 1, 1, 0, 1, 0, 1, 1, 1, 1, 1, 1, 1, 1, 1, 1, 1, 1, 1, 1, 1, 1, 1, 1, 1, 1, 1, 0, 1, 1, 0, 1, 1, 1, 1, 0, 1, 1, 1, 1, 1, 1, 0, 1, 1, 1, 0, 1, 1, 1, 1, 1, 1, 1, 0, 0, 1, 0, 1, 1, 1, 1, 0, 0, 1, 1, 1, 1, 1, 1, 1, 1, 1, 1, 0, 1, 1, 1, 0, 0, 0, 0, 0, 0, 0, 0, 0, 0, 0, 0, 0, 1, 0, 0, 0, 0, 1, 1, 0, 0, 0, 1, 0, 1, 0, 0, 0, 0, 0, 0, 1, 0, 1, 0, 0, 0, 0, 1, 0, 0, 0, 1, 1, 0, 0, 0, 0, 1, 0, 0, 1, 0, 1, 0, 0, 0, 0, 0, 0, 0, 0, 0, 0, 0, 0, 0, 0, 0, 0, 0, 0, 0, 0, 0, 1, 0, 1, 1, 0, 0, 0, 0, 1, 0, 0, 0, 0, 0, 0, 1, 0, 0, 0, 1, 0, 0, 0, 0, 0, 0, 0, 1, 0, 1, 1, 0, 1, 0, 0, 1, 1, 0, 0, 0, 0, 0, 0, 0, 0, 0, 0, 1, 1, 0, 0, 0, 0, 0, 0, 0, 0, 0, 0, 0, 0, 0, 0, 0, 1, 0, 0, 0, 0, 1, 1, 0, 0, 0, 1, 0, 1, 0, 0, 0, 0, 0, 0, 1, 0, 1, 0, 0, 0, 0, 1, 0, 0, 0, 1, 1, 0, 0, 0, 0, 1, 0, 0, 1, 0, 1, 0, 0, 0, 0, 0, 0, 0, 0, 0, 0, 0, 0, 0, 0, 0, 0, 0, 0, 0, 0, 0, 1, 0, 1, 1, 0, 0, 0, 0, 1, 0, 0, 0, 0, 0, 0, 1, 0, 0, 0, 1, 0, 0, 0, 0, 0, 0, 0, 1, 0, 1, 1, 0, 1, 0, 0, 1, 1, 0, 0, 0, 0, 0, 0, 0, 0, 0, 0, 1, 0, 0, 0, 1, 1, 1, 1, 1, 1, 1, 1, 1, 1, 1, 1, 0, 0, 1, 1, 1, 1, 0, 0, 1, 1, 1, 0, 1, 0, 1, 1, 1, 1, 1, 1, 0, 0, 1, 0, 1, 1, 1, 1, 0, 1, 1, 1, 0, 0, 1, 1, 1, 1, 0, 1, 1, 0, 1, 0, 1, 1, 1, 1, 1, 1, 1, 1, 1, 1, 1, 1, 1, 1, 1, 1, 1, 1, 1, 1, 1, 0, 1, 1, 0, 1, 1, 1, 1, 0, 1, 1, 1, 1, 1, 1, 0, 1, 1, 1, 0, 1, 1, 1, 1, 1, 1, 1, 0, 0, 1, 0, 1, 1, 1, 1, 0, 0, 1, 1, 1, 1, 1, 1, 1, 1, 1, 1, 0, 0, 1, 1, 1, 1, 1, 1, 1, 1, 1, 1, 1, 1, 1, 1, 1, 0, 1, 1, 1, 1, 0, 0, 1, 1, 1, 0, 1, 0, 1, 1, 1, 1, 1, 1, 0, 0, 1, 0, 1, 1, 1, 1, 0, 1, 1, 1, 0, 0, 1, 1, 1, 1, 0, 1, 1, 0, 1, 0, 1, 1, 1, 1, 1, 1, 1, 1, 1, 1, 1, 1, 1, 1, 1, 1, 1, 1, 1, 1, 1, 0, 1, 1, 0, 1, 1, 1, 1, 0, 1, 1, 1, 1, 1, 1, 0, 1, 1, 1, 0, 1, 1, 1, 1, 1, 1, 1, 0, 0, 1, 0, 1, 1, 1, 1, 0, 0, 1, 1, 1, 1, 1, 1, 1, 1, 1, 1, 0, 0, 1, 1, 1, 1, 1, 1, 1, 1, 1, 1, 1, 1, 1, 1, 1, 0, 1, 1, 1, 1, 0, 0, 1, 1, 1, 0, 1, 0, 1, 1, 1, 1, 1, 1, 0, 0, 1, 0, 1, 1, 1, 1, 0, 1, 1, 1, 0, 0, 1, 1, 1, 1, 0, 1, 1, 0, 1, 0, 1, 1, 1, 1, 1, 1, 1, 1, 1, 1, 1, 1, 1, 1, 1, 1, 1, 1, 1, 1, 1, 0, 1, 1, 0, 1, 1, 1, 1, 0, 1, 1, 1, 1, 1, 1, 0, 1, 1, 1, 0, 1, 1, 1, 1, 1, 1, 1, 0, 0, 1, 0, 1, 1, 1, 1, 0, 0, 1, 1, 1, 1, 1, 1, 1, 1, 1, 1, 0, 0, 1, 1, 1, 1, 1, 1, 1, 1, 1, 1, 1, 1, 1, 1, 1, 0, 1, 1, 1, 1, 0, 0, 1, 1, 1, 0, 1, 0, 1, 1, 1, 1, 1, 1, 0, 0, 1, 0, 1, 1, 1, 1, 0, 1, 1, 1, 0, 0, 1, 1, 1, 1, 0, 1, 1, 0, 1, 0, 1, 1, 1, 1, 1, 1, 1, 1, 1, 1, 1, 1, 1, 1, 1, 1, 1, 1, 1, 1, 1, 0, 1, 1, 0, 1, 1, 1, 1, 0, 1, 1, 1, 1, 1, 1, 0, 1, 1, 1, 0, 1, 1, 1, 1, 1, 1, 1, 0, 0, 1, 0, 1, 1, 1, 1, 0, 0, 1, 1, 1, 1, 1, 1, 1, 1, 1, 1, 0, 0, 1, 1, 1, 1, 1, 1, 1, 1, 1, 1, 1, 1, 1, 1, 1, 0, 1, 1, 1, 1, 0, 0, 1, 1, 1, 0, 1, 0, 1, 1, 1, 1, 1, 1, 0, 0, 1, 0, 1, 1, 1, 1, 0, 1, 1, 1, 0, 0, 1, 1, 1, 1, 0, 1, 1, 0, 1, 0, 1, 1, 1, 1, 1, 1, 1, 1, 1, 1, 1, 1, 1, 1, 1, 1, 1, 1, 1, 1, 1, 0, 1, 1, 0, 1, 1, 1, 1, 0, 1, 1, 1, 1, 1, 1, 0, 1, 1, 1, 0, 1, 1, 1, 1, 1, 1, 1, 0, 0, 1, 0, 1, 1, 1, 1, 0, 0, 1, 1, 1, 1, 1, 1, 1, 1, 1, 1, 0, 1, 1, 1, 0, 0, 0, 0, 0, 0, 0, 0, 0, 0, 0, 0, 0, 1, 0, 0, 0, 0, 1, 1, 0, 0, 0, 1, 0, 1, 0, 0, 0, 0, 0, 0, 1, 0, 1, 0, 0, 0, 0, 1, 0, 0, 0, 1, 1, 0, 0, 0, 0, 1, 0, 0, 1, 0, 1, 0, 0, 0, 0, 0, 0, 0, 0, 0, 0, 0, 0, 0, 0, 0, 0, 0, 0, 0, 0, 0, 1, 0, 1, 1, 0, 0, 0, 0, 1, 0, 0, 0, 0, 0, 0, 1, 0, 0, 0, 1, 0, 0, 0, 0, 0, 0, 0, 1, 0, 1, 1, 0, 1, 0, 0, 1, 1, 0, 0, 0, 0, 0, 0, 0, 0, 0, 0, 1, 1, 0, 0, 0, 0, 0, 0, 0, 0, 0, 0, 0, 0, 0, 0, 0, 1, 0, 0, 0, 0, 1, 1, 0, 0, 0, 1, 0, 1, 0, 0, 0, 0, 0, 0, 1, 0, 1, 0, 0, 0, 0, 1, 0, 0, 0, 1, 1, 0, 0, 0, 0, 1, 0, 0, 1, 0, 1, 0, 0, 0, 0, 0, 0, 0, 0, 0, 0, 0, 0, 0, 0, 0, 0, 0, 0, 0, 0, 0, 1, 0, 1, 1, 0, 0, 0, 0, 1, 0, 0, 0, 0, 0, 0, 1, 0, 0, 0, 1, 0, 0, 0, 0, 0, 0, 0, 1, 0, 0, 1, 0, 1, 0, 0, 1, 1, 0, 0, 0, 0, 0, 0, 0, 0, 0, 0, 1, 1, 0, 0, 0, 0, 0, 0, 0, 0, 0, 0, 0, 0, 0, 0, 0, 1, 0, 0, 0, 0, 1, 1, 0, 0, 0, 1, 0, 1, 0, 0, 0, 0, 0, 0, 1, 0, 1, 0, 0, 0, 0, 1, 0, 0, 0, 1, 1, 0, 0, 0, 0, 1, 0, 0, 1, 0, 1, 0, 0, 0, 0, 0, 0, 0, 0, 0, 0, 0, 0, 0, 0, 0, 0, 0, 0, 0, 0, 0, 1, 0, 1, 1, 0, 0, 0, 0, 1, 0, 0, 0, 0, 0, 0, 1, 0, 0, 0, 1, 0, 0, 0, 0, 0, 0, 0, 1, 0, 1, 1, 0, 1, 0, 0, 1, 1, 0, 0, 0, 0, 0, 0, 0, 0, 0, 0, 1, 1, 0, 0, 0, 0, 0, 0, 0, 0, 0, 0, 0, 0, 0, 0, 0, 1, 0, 0, 0, 0, 1, 1, 0, 0, 0, 1, 0, 1, 0, 0, 0, 0, 0, 0, 1, 0, 1, 0, 0, 0, 0, 1, 0, 0, 0, 1, 1, 0, 0, 0, 0, 1, 0, 0, 1, 0, 1, 0, 0, 0, 0, 0, 0, 0, 0, 0, 0, 0, 0, 0, 0, 0, 0, 0, 0, 0, 0, 0, 1, 0, 1, 1, 0, 0, 0, 0, 1, 0, 0, 0, 0, 0, 0, 1, 0, 0, 0, 1, 0, 0, 0, 0, 0, 0, 0, 1, 0, 0, 1, 0, 1, 0, 0, 1, 1, 0, 0, 0, 0, 0, 0, 0, 0, 0, 0, 1, 0, 0, 0, 1, 1, 1, 1, 1, 1, 1, 1, 1, 1, 1, 1, 0, 0, 1, 1, 1, 1, 0, 0, 1, 1, 1, 0, 1, 0, 1, 1, 1, 1, 1, 1, 0, 0, 1, 0, 1, 1, 1, 1, 0, 1, 1, 1, 0, 0, 1, 1, 1, 1, 0, 1, 1, 0, 1, 0, 1, 1, 1, 1, 1, 1, 1, 1, 1, 1, 1, 1, 1, 1, 1, 1, 1, 1, 1, 1, 1, 0, 1, 1, 0, 1, 1, 1, 1, 0, 1, 1, 1, 1, 1, 1, 0, 1, 1, 1, 0, 1, 1, 1, 1, 1, 1, 1, 0, 0, 1, 0, 1, 1, 1, 1, 0, 0, 1, 1, 1, 1, 1, 1, 1, 1, 1, 1, 0, 0, 1, 1, 1, 1, 1, 1, 1, 1, 1, 1, 1, 1, 1, 1, 1, 0, 1, 1, 1, 1, 0, 0, 1, 1, 1, 0, 1, 0, 1, 1, 1, 1, 1, 1, 0, 0, 1, 1, 1, 1, 1, 0, 0, 1, 1, 0, 0, 1, 1, 0, 1, 0, 1, 1, 0, 1, 0, 1, 1, 1, 1, 1, 1, 1, 1, 1, 1, 1, 1, 1, 1, 1, 1, 1, 1, 1, 1, 1, 0, 1, 1, 0, 1, 1, 1, 1, 0, 1, 1, 1, 1, 1, 1, 0, 1, 1, 1, 0, 1, 1, 1, 1, 1, 1, 1, 0, 0, 1, 0, 1, 1, 1, 1, 0, 0, 1, 1, 1, 1, 1, 1, 1, 1, 1, 1, 0, 1, 1, 1, 0, 0, 0, 0, 0, 0, 0, 0, 0, 0, 0, 0, 0, 1, 0, 0, 0, 0, 1, 1, 0, 0, 0, 1, 0, 1, 0, 0, 0, 0, 0, 0, 1, 0, 1, 0, 0, 0, 0, 1, 0, 0, 0, 1, 1, 0, 0, 0, 0, 1, 0, 0, 1, 0, 1, 0, 0, 0, 0, 0, 0, 0, 0, 0, 0, 0, 0, 0, 0, 0, 0, 0, 0, 0, 0, 0, 1, 0, 1, 1, 0, 0, 0, 0, 1, 0, 0, 0, 0, 0, 0, 1, 0, 0, 0, 1, 0, 0, 0, 0, 0, 0, 0, 1, 0, 1, 1, 0, 1, 0, 0, 1, 1, 0, 0, 0, 0, 0, 0, 0, 0, 0, 0, 1, 0, 0, 0, 1, 1, 1, 1, 1, 1, 1, 1, 1, 1, 1, 1, 0, 0, 1, 1, 1, 1, 0, 0, 1, 1, 1, 0, 1, 0, 1, 1, 1, 1, 1, 1, 0, 0, 1, 0, 1, 1, 1, 1, 0, 1, 1, 1, 0, 0, 1, 1, 1, 1, 0, 1, 1, 0, 1, 0, 1, 1, 1, 1, 1, 1, 1, 1, 1, 1, 1, 1, 1, 1, 1, 1, 1, 1, 1, 1, 1, 0, 1, 1, 0, 1, 1, 1, 1, 0, 1, 1, 1, 1, 1, 1, 0, 1, 1, 1, 0, 1, 1, 1, 1, 1, 1, 1, 0]
2025-08-27 18:22:01 [INFO] offset: 2045
2025-08-27 18:22:01 [INFO] value of correlation at offset: 1180
2025-08-27 18:22:01 [INFO] Synced received bits (4): [0.0, 1.0, 1.0, 0.0]
2025-08-27 18:22:01 [INFO] Transmitted payload bits(4): [1 1 0 1]
2025-08-27 18:22:01 [INFO] Sync word correlation: 1180
2025-08-27 18:22:01 [INFO] BER: 0.75
2025-08-27 18:23:23 [DEBUG] **** New run with CLI arguments: Namespace(source='sim', file=None, verbose=3, n_tags=1)
2025-08-27 18:23:23 [DEBUG] Generating simulated samples for 1 tags
2025-08-27 18:23:23 [INFO] simulated packet metadata: SimulatedPacket(tag_id=0, preamble_bits=array([1, 1, 1, 1, 1, 1, 1, 1, 1, 1, 1, 1, 1, 1, 1, 1]), sync_bits=array([0, 1, 0, 1, 1, 0, 0, 1, 1, 1, 1, 1, 0, 0, 0, 0]), payload_bits=array([1, 1, 0, 1]), sps=1, all_bits=array([1, 1, 1, 1, 1, 1, 1, 1, 1, 1, 1, 1, 1, 1, 1, 1, 0, 1, 0, 1, 1, 0, 0, 1, 1, 1, 1, 1, 0, 0, 0, 0, 1, 1, 0, 1]), goldcode=array([-1, -1, -1, -1, -1, -1, -1, -1, -1, -1, -1, -1,  1, -1, -1, -1, -1,  1,  1, -1, -1, -1,  1,  1, -1,  1,  1,  1,
        1,  1,  1, -1,  1,  1, -1, -1, -1, -1,  1,  1, -1, -1,  1, -1,  1,  1, -1, -1,  1, -1, -1,  1, -1,  1, -1, -1,
       -1,  1,  1,  1,  1,  1,  1,  1, -1, -1,  1,  1,  1,  1,  1,  1, -1, -1, -1,  1, -1,  1, -1,  1,  1,  1,  1, -1,
        1,  1,  1,  1,  1,  1, -1,  1,  1, -1,  1, -1, -1,  1,  1,  1,  1,  1, -1,  1, -1,  1, -1, -1,  1,  1, -1,  1,
       -1, -1,  1,  1,  1,  1,  1,  1, -1, -1,  1, -1,  1,  1, -1]), samples=None, snr_db=15.0, frequency_offset_hz=500.0, time_delay_sec=0.002)
2025-08-27 18:23:23 [INFO] Packet to demod: [-1.+0.j -1.+0.j -1.+0.j -1.+0.j -1.+0.j -1.+0.j -1.+0.j -1.+0.j -1.+0.j -1.+0.j -1.+0.j -1.+0.j  1.+0.j -1.+0.j
 -1.+0.j -1.+0.j -1.+0.j  1.+0.j  1.+0.j -1.+0.j -1.+0.j -1.+0.j  1.+0.j  1.+0.j -1.+0.j  1.+0.j  1.+0.j  1.+0.j
  1.+0.j  1.+0.j  1.+0.j -1.+0.j  1.+0.j  1.+0.j -1.+0.j -1.+0.j -1.+0.j -1.+0.j  1.+0.j  1.+0.j -1.+0.j -1.+0.j
  1.+0.j -1.+0.j  1.+0.j  1.+0.j -1.+0.j -1.+0.j  1.+0.j -1.+0.j -1.+0.j  1.+0.j -1.+0.j  1.+0.j -1.+0.j -1.+0.j
 -1.+0.j  1.+0.j  1.+0.j  1.+0.j  1.+0.j  1.+0.j  1.+0.j  1.+0.j -1.+0.j -1.+0.j  1.+0.j  1.+0.j  1.+0.j  1.+0.j
  1.+0.j  1.+0.j -1.+0.j -1.+0.j -1.+0.j  1.+0.j -1.+0.j  1.+0.j -1.+0.j  1.+0.j  1.+0.j  1.+0.j  1.+0.j -1.+0.j
  1.+0.j  1.+0.j  1.+0.j  1.+0.j  1.+0.j  1.+0.j -1.+0.j  1.+0.j  1.+0.j -1.+0.j  1.+0.j -1.+0.j -1.+0.j  1.+0.j
  1.+0.j  1.+0.j  1.+0.j  1.+0.j -1.+0.j  1.+0.j -1.+0.j  1.+0.j -1.+0.j -1.+0.j  1.+0.j  1.+0.j -1.+0.j  1.+0.j
 -1.+0.j -1.+0.j  1.+0.j  1.+0.j  1.+0.j  1.+0.j  1.+0.j  1.+0.j -1.+0.j -1.+0.j  1.+0.j -1.+0.j  1.+0.j  1.+0.j
 -1.+0.j -1.+0.j -1.+0.j -1.+0.j -1.+0.j -1.+0.j -1.+0.j -1.+0.j -1.+0.j -1.+0.j -1.+0.j -1.+0.j -1.+0.j  1.+0.j
 -1.+0.j -1.+0.j -1.+0.j -1.+0.j  1.+0.j  1.+0.j -1.+0.j -1.+0.j -1.+0.j  1.+0.j  1.+0.j -1.+0.j  1.+0.j  1.+0.j
  1.+0.j  1.+0.j  1.+0.j  1.+0.j -1.+0.j  1.+0.j  1.+0.j -1.+0.j -1.+0.j -1.+0.j -1.+0.j  1.+0.j  1.+0.j -1.+0.j
 -1.+0.j  1.+0.j -1.+0.j  1.+0.j  1.+0.j -1.+0.j -1.+0.j  1.+0.j -1.+0.j -1.+0.j  1.+0.j -1.+0.j  1.+0.j -1.+0.j
 -1.+0.j -1.+0.j  1.+0.j  1.+0.j  1.+0.j  1.+0.j  1.+0.j  1.+0.j  1.+0.j -1.+0.j -1.+0.j  1.+0.j  1.+0.j  1.+0.j
  1.+0.j  1.+0.j  1.+0.j -1.+0.j -1.+0.j -1.+0.j  1.+0.j -1.+0.j  1.+0.j -1.+0.j  1.+0.j  1.+0.j  1.+0.j  1.+0.j
 -1.+0.j  1.+0.j  1.+0.j  1.+0.j  1.+0.j  1.+0.j  1.+0.j -1.+0.j  1.+0.j  1.+0.j -1.+0.j  1.+0.j -1.+0.j -1.+0.j
  1.+0.j  1.+0.j  1.+0.j  1.+0.j  1.+0.j -1.+0.j  1.+0.j -1.+0.j  1.+0.j -1.+0.j -1.+0.j  1.+0.j  1.+0.j -1.+0.j
  1.+0.j -1.+0.j -1.+0.j  1.+0.j  1.+0.j  1.+0.j  1.+0.j  1.+0.j  1.+0.j -1.+0.j -1.+0.j  1.+0.j -1.+0.j  1.+0.j
  1.+0.j -1.+0.j -1.+0.j -1.+0.j -1.+0.j -1.+0.j -1.+0.j -1.+0.j -1.+0.j -1.+0.j -1.+0.j -1.+0.j -1.+0.j -1.+0.j
  1.+0.j -1.+0.j -1.+0.j -1.+0.j -1.+0.j  1.+0.j  1.+0.j -1.+0.j -1.+0.j -1.+0.j  1.+0.j  1.+0.j -1.+0.j  1.+0.j
  1.+0.j  1.+0.j  1.+0.j  1.+0.j  1.+0.j -1.+0.j  1.+0.j  1.+0.j -1.+0.j -1.+0.j -1.+0.j -1.+0.j  1.+0.j  1.+0.j
 -1.+0.j -1.+0.j  1.+0.j -1.+0.j  1.+0.j  1.+0.j -1.+0.j -1.+0.j  1.+0.j -1.+0.j -1.+0.j  1.+0.j -1.+0.j  1.+0.j
 -1.+0.j -1.+0.j -1.+0.j  1.+0.j  1.+0.j  1.+0.j  1.+0.j  1.+0.j  1.+0.j  1.+0.j -1.+0.j -1.+0.j  1.+0.j  1.+0.j
  1.+0.j  1.+0.j  1.+0.j  1.+0.j -1.+0.j -1.+0.j -1.+0.j  1.+0.j -1.+0.j  1.+0.j -1.+0.j  1.+0.j  1.+0.j  1.+0.j
  1.+0.j -1.+0.j  1.+0.j  1.+0.j  1.+0.j  1.+0.j  1.+0.j  1.+0.j -1.+0.j  1.+0.j  1.+0.j -1.+0.j  1.+0.j -1.+0.j
 -1.+0.j  1.+0.j  1.+0.j  1.+0.j  1.+0.j  1.+0.j -1.+0.j  1.+0.j -1.+0.j  1.+0.j -1.+0.j -1.+0.j  1.+0.j  1.+0.j
 -1.+0.j  1.+0.j -1.+0.j -1.+0.j  1.+0.j  1.+0.j  1.+0.j  1.+0.j  1.+0.j  1.+0.j -1.+0.j -1.+0.j  1.+0.j -1.+0.j
  1.+0.j  1.+0.j -1.+0.j -1.+0.j -1.+0.j -1.+0.j -1.+0.j -1.+0.j -1.+0.j -1.+0.j -1.+0.j -1.+0.j -1.+0.j -1.+0.j
 -1.+0.j  1.+0.j -1.+0.j -1.+0.j -1.+0.j -1.+0.j  1.+0.j  1.+0.j -1.+0.j -1.+0.j -1.+0.j  1.+0.j  1.+0.j -1.+0.j
  1.+0.j  1.+0.j  1.+0.j  1.+0.j  1.+0.j  1.+0.j -1.+0.j  1.+0.j  1.+0.j -1.+0.j -1.+0.j -1.+0.j -1.+0.j  1.+0.j
  1.+0.j -1.+0.j -1.+0.j  1.+0.j -1.+0.j  1.+0.j  1.+0.j -1.+0.j -1.+0.j  1.+0.j -1.+0.j -1.+0.j  1.+0.j -1.+0.j
  1.+0.j -1.+0.j -1.+0.j -1.+0.j  1.+0.j  1.+0.j  1.+0.j  1.+0.j  1.+0.j  1.+0.j  1.+0.j -1.+0.j -1.+0.j  1.+0.j
  1.+0.j  1.+0.j  1.+0.j  1.+0.j  1.+0.j -1.+0.j -1.+0.j -1.+0.j  1.+0.j -1.+0.j  1.+0.j -1.+0.j  1.+0.j  1.+0.j
  1.+0.j  1.+0.j -1.+0.j  1.+0.j  1.+0.j  1.+0.j  1.+0.j  1.+0.j  1.+0.j -1.+0.j  1.+0.j  1.+0.j -1.+0.j  1.+0.j
 -1.+0.j -1.+0.j  1.+0.j  1.+0.j  1.+0.j  1.+0.j  1.+0.j -1.+0.j  1.+0.j -1.+0.j  1.+0.j -1.+0.j -1.+0.j  1.+0.j
  1.+0.j -1.+0.j  1.+0.j -1.+0.j -1.+0.j  1.+0.j  1.+0.j  1.+0.j  1.+0.j  1.+0.j  1.+0.j -1.+0.j -1.+0.j  1.+0.j
 -1.+0.j  1.+0.j  1.+0.j -1.+0.j -1.+0.j -1.+0.j -1.+0.j -1.+0.j -1.+0.j -1.+0.j -1.+0.j -1.+0.j -1.+0.j -1.+0.j
 -1.+0.j -1.+0.j  1.+0.j -1.+0.j -1.+0.j -1.+0.j -1.+0.j  1.+0.j  1.+0.j -1.+0.j -1.+0.j -1.+0.j  1.+0.j  1.+0.j
 -1.+0.j  1.+0.j  1.+0.j  1.+0.j  1.+0.j  1.+0.j  1.+0.j -1.+0.j  1.+0.j  1.+0.j -1.+0.j -1.+0.j -1.+0.j -1.+0.j
  1.+0.j  1.+0.j -1.+0.j -1.+0.j  1.+0.j -1.+0.j  1.+0.j  1.+0.j -1.+0.j -1.+0.j  1.+0.j -1.+0.j -1.+0.j  1.+0.j
 -1.+0.j  1.+0.j -1.+0.j -1.+0.j -1.+0.j  1.+0.j  1.+0.j  1.+0.j  1.+0.j  1.+0.j  1.+0.j  1.+0.j -1.+0.j -1.+0.j
  1.+0.j  1.+0.j  1.+0.j  1.+0.j  1.+0.j  1.+0.j -1.+0.j -1.+0.j -1.+0.j  1.+0.j -1.+0.j  1.+0.j -1.+0.j  1.+0.j
  1.+0.j  1.+0.j  1.+0.j -1.+0.j  1.+0.j  1.+0.j  1.+0.j  1.+0.j  1.+0.j  1.+0.j -1.+0.j  1.+0.j  1.+0.j -1.+0.j
  1.+0.j -1.+0.j -1.+0.j  1.+0.j  1.+0.j  1.+0.j  1.+0.j  1.+0.j -1.+0.j  1.+0.j -1.+0.j  1.+0.j -1.+0.j -1.+0.j
  1.+0.j  1.+0.j -1.+0.j  1.+0.j -1.+0.j -1.+0.j  1.+0.j  1.+0.j  1.+0.j  1.+0.j  1.+0.j  1.+0.j -1.+0.j -1.+0.j
  1.+0.j -1.+0.j  1.+0.j  1.+0.j -1.+0.j -1.+0.j -1.+0.j -1.+0.j -1.+0.j -1.+0.j -1.+0.j -1.+0.j -1.+0.j -1.+0.j
 -1.+0.j -1.+0.j -1.+0.j  1.+0.j -1.+0.j -1.+0.j -1.+0.j -1.+0.j  1.+0.j  1.+0.j -1.+0.j -1.+0.j -1.+0.j  1.+0.j
  1.+0.j -1.+0.j  1.+0.j  1.+0.j  1.+0.j  1.+0.j  1.+0.j  1.+0.j -1.+0.j  1.+0.j  1.+0.j -1.+0.j -1.+0.j -1.+0.j
 -1.+0.j  1.+0.j  1.+0.j -1.+0.j -1.+0.j  1.+0.j -1.+0.j  1.+0.j  1.+0.j -1.+0.j -1.+0.j  1.+0.j -1.+0.j -1.+0.j
  1.+0.j -1.+0.j  1.+0.j -1.+0.j -1.+0.j -1.+0.j  1.+0.j  1.+0.j  1.+0.j  1.+0.j  1.+0.j  1.+0.j  1.+0.j -1.+0.j
 -1.+0.j  1.+0.j  1.+0.j  1.+0.j  1.+0.j  1.+0.j  1.+0.j -1.+0.j -1.+0.j -1.+0.j  1.+0.j -1.+0.j  1.+0.j -1.+0.j
  1.+0.j  1.+0.j  1.+0.j  1.+0.j -1.+0.j  1.+0.j  1.+0.j  1.+0.j  1.+0.j  1.+0.j  1.+0.j -1.+0.j  1.+0.j  1.+0.j
 -1.+0.j  1.+0.j -1.+0.j -1.+0.j  1.+0.j  1.+0.j  1.+0.j  1.+0.j  1.+0.j -1.+0.j  1.+0.j -1.+0.j  1.+0.j -1.+0.j
 -1.+0.j  1.+0.j  1.+0.j -1.+0.j  1.+0.j -1.+0.j -1.+0.j  1.+0.j  1.+0.j  1.+0.j  1.+0.j  1.+0.j  1.+0.j -1.+0.j
 -1.+0.j  1.+0.j -1.+0.j  1.+0.j  1.+0.j -1.+0.j -1.+0.j -1.+0.j -1.+0.j -1.+0.j -1.+0.j -1.+0.j -1.+0.j -1.+0.j
 -1.+0.j -1.+0.j -1.+0.j -1.+0.j  1.+0.j -1.+0.j -1.+0.j -1.+0.j -1.+0.j  1.+0.j  1.+0.j -1.+0.j -1.+0.j -1.+0.j
  1.+0.j  1.+0.j -1.+0.j  1.+0.j  1.+0.j  1.+0.j  1.+0.j  1.+0.j  1.+0.j -1.+0.j  1.+0.j  1.+0.j -1.+0.j -1.+0.j
 -1.+0.j -1.+0.j  1.+0.j  1.+0.j -1.+0.j -1.+0.j  1.+0.j -1.+0.j  1.+0.j  1.+0.j -1.+0.j -1.+0.j  1.+0.j -1.+0.j
 -1.+0.j  1.+0.j -1.+0.j  1.+0.j -1.+0.j -1.+0.j -1.+0.j  1.+0.j  1.+0.j  1.+0.j  1.+0.j  1.+0.j  1.+0.j  1.+0.j
 -1.+0.j -1.+0.j  1.+0.j  1.+0.j  1.+0.j  1.+0.j  1.+0.j  1.+0.j -1.+0.j -1.+0.j -1.+0.j  1.+0.j -1.+0.j  1.+0.j
 -1.+0.j  1.+0.j  1.+0.j  1.+0.j  1.+0.j -1.+0.j  1.+0.j  1.+0.j  1.+0.j  1.+0.j  1.+0.j  1.+0.j -1.+0.j  1.+0.j
  1.+0.j -1.+0.j  1.+0.j -1.+0.j -1.+0.j  1.+0.j  1.+0.j  1.+0.j  1.+0.j  1.+0.j -1.+0.j  1.+0.j -1.+0.j  1.+0.j
 -1.+0.j -1.+0.j  1.+0.j  1.+0.j -1.+0.j  1.+0.j -1.+0.j -1.+0.j  1.+0.j  1.+0.j  1.+0.j  1.+0.j  1.+0.j  1.+0.j
 -1.+0.j -1.+0.j  1.+0.j -1.+0.j  1.+0.j  1.+0.j -1.+0.j -1.+0.j -1.+0.j -1.+0.j -1.+0.j -1.+0.j -1.+0.j -1.+0.j
 -1.+0.j -1.+0.j -1.+0.j -1.+0.j -1.+0.j  1.+0.j -1.+0.j -1.+0.j -1.+0.j -1.+0.j  1.+0.j  1.+0.j -1.+0.j -1.+0.j
 -1.+0.j  1.+0.j  1.+0.j -1.+0.j  1.+0.j  1.+0.j  1.+0.j  1.+0.j  1.+0.j  1.+0.j -1.+0.j  1.+0.j  1.+0.j -1.+0.j
 -1.+0.j -1.+0.j -1.+0.j  1.+0.j  1.+0.j -1.+0.j -1.+0.j  1.+0.j -1.+0.j  1.+0.j  1.+0.j -1.+0.j -1.+0.j  1.+0.j
 -1.+0.j -1.+0.j  1.+0.j -1.+0.j  1.+0.j -1.+0.j -1.+0.j -1.+0.j  1.+0.j  1.+0.j  1.+0.j  1.+0.j  1.+0.j  1.+0.j
  1.+0.j -1.+0.j -1.+0.j  1.+0.j  1.+0.j  1.+0.j  1.+0.j  1.+0.j  1.+0.j -1.+0.j -1.+0.j -1.+0.j  1.+0.j -1.+0.j
  1.+0.j -1.+0.j  1.+0.j  1.+0.j  1.+0.j  1.+0.j -1.+0.j  1.+0.j  1.+0.j  1.+0.j  1.+0.j  1.+0.j  1.+0.j -1.+0.j
  1.+0.j  1.+0.j -1.+0.j  1.+0.j -1.+0.j -1.+0.j  1.+0.j  1.+0.j  1.+0.j  1.+0.j  1.+0.j -1.+0.j  1.+0.j -1.+0.j
  1.+0.j -1.+0.j -1.+0.j  1.+0.j  1.+0.j -1.+0.j  1.+0.j -1.+0.j -1.+0.j  1.+0.j  1.+0.j  1.+0.j  1.+0.j  1.+0.j
  1.+0.j -1.+0.j -1.+0.j  1.+0.j -1.+0.j  1.+0.j  1.+0.j -1.+0.j -1.+0.j -1.+0.j -1.+0.j -1.+0.j -1.+0.j -1.+0.j
 -1.+0.j -1.+0.j -1.+0.j -1.+0.j -1.+0.j -1.+0.j  1.+0.j -1.+0.j -1.+0.j -1.+0.j -1.+0.j  1.+0.j  1.+0.j -1.+0.j
 -1.+0.j -1.+0.j  1.+0.j  1.+0.j -1.+0.j  1.+0.j  1.+0.j  1.+0.j  1.+0.j  1.+0.j  1.+0.j -1.+0.j  1.+0.j  1.+0.j
 -1.+0.j -1.+0.j -1.+0.j -1.+0.j  1.+0.j  1.+0.j -1.+0.j -1.+0.j  1.+0.j -1.+0.j  1.+0.j  1.+0.j -1.+0.j -1.+0.j
  1.+0.j -1.+0.j -1.+0.j  1.+0.j -1.+0.j  1.+0.j -1.+0.j -1.+0.j -1.+0.j  1.+0.j  1.+0.j  1.+0.j  1.+0.j  1.+0.j
  1.+0.j  1.+0.j -1.+0.j -1.+0.j  1.+0.j  1.+0.j  1.+0.j  1.+0.j  1.+0.j  1.+0.j -1.+0.j -1.+0.j -1.+0.j  1.+0.j
 -1.+0.j  1.+0.j -1.+0.j  1.+0.j  1.+0.j  1.+0.j  1.+0.j -1.+0.j  1.+0.j  1.+0.j  1.+0.j  1.+0.j  1.+0.j  1.+0.j
 -1.+0.j  1.+0.j  1.+0.j -1.+0.j  1.+0.j -1.+0.j -1.+0.j  1.+0.j  1.+0.j  1.+0.j  1.+0.j  1.+0.j -1.+0.j  1.+0.j
 -1.+0.j  1.+0.j -1.+0.j -1.+0.j  1.+0.j  1.+0.j -1.+0.j  1.+0.j -1.+0.j -1.+0.j  1.+0.j  1.+0.j  1.+0.j  1.+0.j
  1.+0.j  1.+0.j -1.+0.j -1.+0.j  1.+0.j -1.+0.j  1.+0.j  1.+0.j -1.+0.j -1.+0.j -1.+0.j -1.+0.j -1.+0.j -1.+0.j
 -1.+0.j -1.+0.j -1.+0.j -1.+0.j -1.+0.j -1.+0.j -1.+0.j  1.+0.j -1.+0.j -1.+0.j -1.+0.j -1.+0.j  1.+0.j  1.+0.j
 -1.+0.j -1.+0.j -1.+0.j  1.+0.j  1.+0.j -1.+0.j  1.+0.j  1.+0.j  1.+0.j  1.+0.j  1.+0.j  1.+0.j -1.+0.j  1.+0.j
  1.+0.j -1.+0.j -1.+0.j -1.+0.j -1.+0.j  1.+0.j  1.+0.j -1.+0.j -1.+0.j  1.+0.j -1.+0.j  1.+0.j  1.+0.j -1.+0.j
 -1.+0.j  1.+0.j -1.+0.j -1.+0.j  1.+0.j -1.+0.j  1.+0.j -1.+0.j -1.+0.j -1.+0.j  1.+0.j  1.+0.j  1.+0.j  1.+0.j
  1.+0.j  1.+0.j  1.+0.j -1.+0.j -1.+0.j  1.+0.j  1.+0.j  1.+0.j  1.+0.j  1.+0.j  1.+0.j -1.+0.j -1.+0.j -1.+0.j
  1.+0.j -1.+0.j  1.+0.j -1.+0.j  1.+0.j  1.+0.j  1.+0.j  1.+0.j -1.+0.j  1.+0.j  1.+0.j  1.+0.j  1.+0.j  1.+0.j
  1.+0.j -1.+0.j  1.+0.j  1.+0.j -1.+0.j  1.+0.j -1.+0.j -1.+0.j  1.+0.j  1.+0.j  1.+0.j  1.+0.j  1.+0.j -1.+0.j
  1.+0.j -1.+0.j  1.+0.j -1.+0.j -1.+0.j  1.+0.j  1.+0.j -1.+0.j  1.+0.j -1.+0.j -1.+0.j  1.+0.j  1.+0.j  1.+0.j
  1.+0.j  1.+0.j  1.+0.j -1.+0.j -1.+0.j  1.+0.j -1.+0.j  1.+0.j  1.+0.j -1.+0.j -1.+0.j -1.+0.j -1.+0.j -1.+0.j
 -1.+0.j -1.+0.j -1.+0.j -1.+0.j -1.+0.j -1.+0.j -1.+0.j -1.+0.j  1.+0.j -1.+0.j -1.+0.j -1.+0.j -1.+0.j  1.+0.j
  1.+0.j -1.+0.j -1.+0.j -1.+0.j  1.+0.j  1.+0.j -1.+0.j  1.+0.j  1.+0.j  1.+0.j  1.+0.j  1.+0.j  1.+0.j -1.+0.j
  1.+0.j  1.+0.j -1.+0.j -1.+0.j -1.+0.j -1.+0.j  1.+0.j  1.+0.j -1.+0.j -1.+0.j  1.+0.j -1.+0.j  1.+0.j  1.+0.j
 -1.+0.j -1.+0.j  1.+0.j -1.+0.j -1.+0.j  1.+0.j -1.+0.j  1.+0.j -1.+0.j -1.+0.j -1.+0.j  1.+0.j  1.+0.j  1.+0.j
  1.+0.j  1.+0.j  1.+0.j  1.+0.j -1.+0.j -1.+0.j  1.+0.j  1.+0.j  1.+0.j  1.+0.j  1.+0.j  1.+0.j -1.+0.j -1.+0.j
 -1.+0.j  1.+0.j -1.+0.j  1.+0.j -1.+0.j  1.+0.j  1.+0.j  1.+0.j  1.+0.j -1.+0.j  1.+0.j  1.+0.j  1.+0.j  1.+0.j
  1.+0.j  1.+0.j -1.+0.j  1.+0.j  1.+0.j -1.+0.j  1.+0.j -1.+0.j -1.+0.j  1.+0.j  1.+0.j  1.+0.j  1.+0.j  1.+0.j
 -1.+0.j  1.+0.j -1.+0.j  1.+0.j -1.+0.j -1.+0.j  1.+0.j  1.+0.j -1.+0.j  1.+0.j -1.+0.j -1.+0.j  1.+0.j  1.+0.j
  1.+0.j  1.+0.j  1.+0.j  1.+0.j -1.+0.j -1.+0.j  1.+0.j -1.+0.j  1.+0.j  1.+0.j -1.+0.j -1.+0.j -1.+0.j -1.+0.j
 -1.+0.j -1.+0.j -1.+0.j -1.+0.j -1.+0.j -1.+0.j -1.+0.j -1.+0.j -1.+0.j  1.+0.j -1.+0.j -1.+0.j -1.+0.j -1.+0.j
  1.+0.j  1.+0.j -1.+0.j -1.+0.j -1.+0.j  1.+0.j  1.+0.j -1.+0.j  1.+0.j  1.+0.j  1.+0.j  1.+0.j  1.+0.j  1.+0.j
 -1.+0.j  1.+0.j  1.+0.j -1.+0.j -1.+0.j -1.+0.j -1.+0.j  1.+0.j  1.+0.j -1.+0.j -1.+0.j  1.+0.j -1.+0.j  1.+0.j
  1.+0.j -1.+0.j -1.+0.j  1.+0.j -1.+0.j -1.+0.j  1.+0.j -1.+0.j  1.+0.j -1.+0.j -1.+0.j -1.+0.j  1.+0.j  1.+0.j
  1.+0.j  1.+0.j  1.+0.j  1.+0.j  1.+0.j -1.+0.j -1.+0.j  1.+0.j  1.+0.j  1.+0.j  1.+0.j  1.+0.j  1.+0.j -1.+0.j
 -1.+0.j -1.+0.j  1.+0.j -1.+0.j  1.+0.j -1.+0.j  1.+0.j  1.+0.j  1.+0.j  1.+0.j -1.+0.j  1.+0.j  1.+0.j  1.+0.j
  1.+0.j  1.+0.j  1.+0.j -1.+0.j  1.+0.j  1.+0.j -1.+0.j  1.+0.j -1.+0.j -1.+0.j  1.+0.j  1.+0.j  1.+0.j  1.+0.j
  1.+0.j -1.+0.j  1.+0.j -1.+0.j  1.+0.j -1.+0.j -1.+0.j  1.+0.j  1.+0.j -1.+0.j  1.+0.j -1.+0.j -1.+0.j  1.+0.j
  1.+0.j  1.+0.j  1.+0.j  1.+0.j  1.+0.j -1.+0.j -1.+0.j  1.+0.j -1.+0.j  1.+0.j  1.+0.j -1.+0.j -1.+0.j -1.+0.j
 -1.+0.j -1.+0.j -1.+0.j -1.+0.j -1.+0.j -1.+0.j -1.+0.j -1.+0.j -1.+0.j -1.+0.j  1.+0.j -1.+0.j -1.+0.j -1.+0.j
 -1.+0.j  1.+0.j  1.+0.j -1.+0.j -1.+0.j -1.+0.j  1.+0.j  1.+0.j -1.+0.j  1.+0.j  1.+0.j  1.+0.j  1.+0.j  1.+0.j
  1.+0.j -1.+0.j  1.+0.j  1.+0.j -1.+0.j -1.+0.j -1.+0.j -1.+0.j  1.+0.j  1.+0.j -1.+0.j -1.+0.j  1.+0.j -1.+0.j
  1.+0.j  1.+0.j -1.+0.j -1.+0.j  1.+0.j -1.+0.j -1.+0.j  1.+0.j -1.+0.j  1.+0.j -1.+0.j -1.+0.j -1.+0.j  1.+0.j
  1.+0.j  1.+0.j  1.+0.j  1.+0.j  1.+0.j  1.+0.j -1.+0.j -1.+0.j  1.+0.j  1.+0.j  1.+0.j  1.+0.j  1.+0.j  1.+0.j
 -1.+0.j -1.+0.j -1.+0.j  1.+0.j -1.+0.j  1.+0.j -1.+0.j  1.+0.j  1.+0.j  1.+0.j  1.+0.j -1.+0.j  1.+0.j  1.+0.j
  1.+0.j  1.+0.j  1.+0.j  1.+0.j -1.+0.j  1.+0.j  1.+0.j -1.+0.j  1.+0.j -1.+0.j -1.+0.j  1.+0.j  1.+0.j  1.+0.j
  1.+0.j  1.+0.j -1.+0.j  1.+0.j -1.+0.j  1.+0.j -1.+0.j -1.+0.j  1.+0.j  1.+0.j -1.+0.j  1.+0.j -1.+0.j -1.+0.j
  1.+0.j  1.+0.j  1.+0.j  1.+0.j  1.+0.j  1.+0.j -1.+0.j -1.+0.j  1.+0.j -1.+0.j  1.+0.j  1.+0.j -1.+0.j -1.+0.j
 -1.+0.j -1.+0.j -1.+0.j -1.+0.j -1.+0.j -1.+0.j -1.+0.j -1.+0.j -1.+0.j -1.+0.j -1.+0.j  1.+0.j -1.+0.j -1.+0.j
 -1.+0.j -1.+0.j  1.+0.j  1.+0.j -1.+0.j -1.+0.j -1.+0.j  1.+0.j  1.+0.j -1.+0.j  1.+0.j  1.+0.j  1.+0.j  1.+0.j
  1.+0.j  1.+0.j -1.+0.j  1.+0.j  1.+0.j -1.+0.j -1.+0.j -1.+0.j -1.+0.j  1.+0.j  1.+0.j -1.+0.j -1.+0.j  1.+0.j
 -1.+0.j  1.+0.j  1.+0.j -1.+0.j -1.+0.j  1.+0.j -1.+0.j -1.+0.j  1.+0.j -1.+0.j  1.+0.j -1.+0.j -1.+0.j -1.+0.j
  1.+0.j  1.+0.j  1.+0.j  1.+0.j  1.+0.j  1.+0.j  1.+0.j -1.+0.j -1.+0.j  1.+0.j  1.+0.j  1.+0.j  1.+0.j  1.+0.j
  1.+0.j -1.+0.j -1.+0.j -1.+0.j  1.+0.j -1.+0.j  1.+0.j -1.+0.j  1.+0.j  1.+0.j  1.+0.j  1.+0.j -1.+0.j  1.+0.j
  1.+0.j  1.+0.j  1.+0.j  1.+0.j  1.+0.j -1.+0.j  1.+0.j  1.+0.j -1.+0.j  1.+0.j -1.+0.j -1.+0.j  1.+0.j  1.+0.j
  1.+0.j  1.+0.j  1.+0.j -1.+0.j  1.+0.j -1.+0.j  1.+0.j -1.+0.j -1.+0.j  1.+0.j  1.+0.j -1.+0.j  1.+0.j -1.+0.j
 -1.+0.j  1.+0.j  1.+0.j  1.+0.j  1.+0.j  1.+0.j  1.+0.j -1.+0.j -1.+0.j  1.+0.j -1.+0.j  1.+0.j  1.+0.j -1.+0.j
 -1.+0.j -1.+0.j -1.+0.j -1.+0.j -1.+0.j -1.+0.j -1.+0.j -1.+0.j -1.+0.j -1.+0.j -1.+0.j -1.+0.j  1.+0.j -1.+0.j
 -1.+0.j -1.+0.j -1.+0.j  1.+0.j  1.+0.j -1.+0.j -1.+0.j -1.+0.j  1.+0.j  1.+0.j -1.+0.j  1.+0.j  1.+0.j  1.+0.j
  1.+0.j  1.+0.j  1.+0.j -1.+0.j  1.+0.j  1.+0.j -1.+0.j -1.+0.j -1.+0.j -1.+0.j  1.+0.j  1.+0.j -1.+0.j -1.+0.j
  1.+0.j -1.+0.j  1.+0.j  1.+0.j -1.+0.j -1.+0.j  1.+0.j -1.+0.j -1.+0.j  1.+0.j -1.+0.j  1.+0.j -1.+0.j -1.+0.j
 -1.+0.j  1.+0.j  1.+0.j  1.+0.j  1.+0.j  1.+0.j  1.+0.j  1.+0.j -1.+0.j -1.+0.j  1.+0.j  1.+0.j  1.+0.j  1.+0.j
  1.+0.j  1.+0.j -1.+0.j -1.+0.j -1.+0.j  1.+0.j -1.+0.j  1.+0.j -1.+0.j  1.+0.j  1.+0.j  1.+0.j  1.+0.j -1.+0.j
  1.+0.j  1.+0.j  1.+0.j  1.+0.j  1.+0.j  1.+0.j -1.+0.j  1.+0.j  1.+0.j -1.+0.j  1.+0.j -1.+0.j -1.+0.j  1.+0.j
  1.+0.j  1.+0.j  1.+0.j  1.+0.j -1.+0.j  1.+0.j -1.+0.j  1.+0.j -1.+0.j -1.+0.j  1.+0.j  1.+0.j -1.+0.j  1.+0.j
 -1.+0.j -1.+0.j  1.+0.j  1.+0.j  1.+0.j  1.+0.j  1.+0.j  1.+0.j -1.+0.j -1.+0.j  1.+0.j -1.+0.j  1.+0.j  1.+0.j
 -1.+0.j -1.+0.j -1.+0.j -1.+0.j -1.+0.j -1.+0.j -1.+0.j -1.+0.j -1.+0.j -1.+0.j -1.+0.j -1.+0.j -1.+0.j  1.+0.j
 -1.+0.j -1.+0.j -1.+0.j -1.+0.j  1.+0.j  1.+0.j -1.+0.j -1.+0.j -1.+0.j  1.+0.j  1.+0.j -1.+0.j  1.+0.j  1.+0.j
  1.+0.j  1.+0.j  1.+0.j  1.+0.j -1.+0.j  1.+0.j  1.+0.j -1.+0.j -1.+0.j -1.+0.j -1.+0.j  1.+0.j  1.+0.j -1.+0.j
 -1.+0.j  1.+0.j -1.+0.j  1.+0.j  1.+0.j -1.+0.j -1.+0.j  1.+0.j -1.+0.j -1.+0.j  1.+0.j -1.+0.j  1.+0.j -1.+0.j
 -1.+0.j -1.+0.j  1.+0.j  1.+0.j  1.+0.j  1.+0.j  1.+0.j  1.+0.j  1.+0.j -1.+0.j -1.+0.j  1.+0.j  1.+0.j  1.+0.j
  1.+0.j  1.+0.j  1.+0.j -1.+0.j -1.+0.j -1.+0.j  1.+0.j -1.+0.j  1.+0.j -1.+0.j  1.+0.j  1.+0.j  1.+0.j  1.+0.j
 -1.+0.j  1.+0.j  1.+0.j  1.+0.j  1.+0.j  1.+0.j  1.+0.j -1.+0.j  1.+0.j  1.+0.j -1.+0.j  1.+0.j -1.+0.j -1.+0.j
  1.+0.j  1.+0.j  1.+0.j  1.+0.j  1.+0.j -1.+0.j  1.+0.j -1.+0.j  1.+0.j -1.+0.j -1.+0.j  1.+0.j  1.+0.j -1.+0.j
  1.+0.j -1.+0.j -1.+0.j  1.+0.j  1.+0.j  1.+0.j  1.+0.j  1.+0.j  1.+0.j -1.+0.j -1.+0.j  1.+0.j -1.+0.j  1.+0.j
  1.+0.j -1.+0.j  1.-0.j  1.-0.j  1.-0.j  1.-0.j  1.-0.j  1.-0.j  1.-0.j  1.-0.j  1.-0.j  1.-0.j  1.-0.j  1.-0.j
 -1.+0.j  1.-0.j  1.-0.j  1.-0.j  1.-0.j -1.+0.j -1.+0.j  1.-0.j  1.-0.j  1.-0.j -1.+0.j -1.+0.j  1.-0.j -1.+0.j
 -1.+0.j -1.+0.j -1.+0.j -1.+0.j -1.+0.j  1.-0.j -1.+0.j -1.+0.j  1.-0.j  1.-0.j  1.-0.j  1.-0.j -1.+0.j -1.+0.j
  1.-0.j  1.-0.j -1.+0.j  1.-0.j -1.+0.j -1.+0.j  1.-0.j  1.-0.j -1.+0.j  1.-0.j  1.-0.j -1.+0.j  1.-0.j -1.+0.j
  1.-0.j  1.-0.j  1.-0.j -1.+0.j -1.+0.j -1.+0.j -1.+0.j -1.+0.j -1.+0.j -1.+0.j  1.-0.j  1.-0.j -1.+0.j -1.+0.j
 -1.+0.j -1.+0.j -1.+0.j -1.+0.j  1.-0.j  1.-0.j  1.-0.j -1.+0.j  1.-0.j -1.+0.j  1.-0.j -1.+0.j -1.+0.j -1.+0.j
 -1.+0.j  1.-0.j -1.+0.j -1.+0.j -1.+0.j -1.+0.j -1.+0.j -1.+0.j  1.-0.j -1.+0.j -1.+0.j  1.-0.j -1.+0.j  1.-0.j
  1.-0.j -1.+0.j -1.+0.j -1.+0.j -1.+0.j -1.+0.j  1.-0.j -1.+0.j  1.-0.j -1.+0.j  1.-0.j  1.-0.j -1.+0.j -1.+0.j
  1.-0.j -1.+0.j  1.-0.j  1.-0.j -1.+0.j -1.+0.j -1.+0.j -1.+0.j -1.+0.j -1.+0.j  1.-0.j  1.-0.j -1.+0.j  1.-0.j
 -1.+0.j -1.+0.j  1.-0.j -1.+0.j -1.+0.j -1.+0.j -1.+0.j -1.+0.j -1.+0.j -1.+0.j -1.+0.j -1.+0.j -1.+0.j -1.+0.j
 -1.+0.j  1.+0.j -1.+0.j -1.+0.j -1.+0.j -1.+0.j  1.+0.j  1.+0.j -1.+0.j -1.+0.j -1.+0.j  1.+0.j  1.+0.j -1.+0.j
  1.+0.j  1.+0.j  1.+0.j  1.+0.j  1.+0.j  1.+0.j -1.+0.j  1.+0.j  1.+0.j -1.+0.j -1.+0.j -1.+0.j -1.+0.j  1.+0.j
  1.+0.j -1.+0.j -1.+0.j  1.+0.j -1.+0.j  1.+0.j  1.+0.j -1.+0.j -1.+0.j  1.+0.j -1.+0.j -1.+0.j  1.+0.j -1.+0.j
  1.+0.j -1.+0.j -1.+0.j -1.+0.j  1.+0.j  1.+0.j  1.+0.j  1.+0.j  1.+0.j  1.+0.j  1.+0.j -1.+0.j -1.+0.j  1.+0.j
  1.+0.j  1.+0.j  1.+0.j  1.+0.j  1.+0.j -1.+0.j -1.+0.j -1.+0.j  1.+0.j -1.+0.j  1.+0.j -1.+0.j  1.+0.j  1.+0.j
  1.+0.j  1.+0.j -1.+0.j  1.+0.j  1.+0.j  1.+0.j  1.+0.j  1.+0.j  1.+0.j -1.+0.j  1.+0.j  1.+0.j -1.+0.j  1.+0.j
 -1.+0.j -1.+0.j  1.+0.j  1.+0.j  1.+0.j  1.+0.j  1.+0.j -1.+0.j  1.+0.j -1.+0.j  1.+0.j -1.+0.j -1.+0.j  1.+0.j
  1.+0.j -1.+0.j  1.+0.j -1.+0.j -1.+0.j  1.+0.j  1.+0.j  1.+0.j  1.+0.j  1.+0.j  1.+0.j -1.+0.j -1.+0.j  1.+0.j
 -1.+0.j  1.+0.j  1.+0.j -1.+0.j  1.-0.j  1.-0.j  1.-0.j  1.-0.j  1.-0.j  1.-0.j  1.-0.j  1.-0.j  1.-0.j  1.-0.j
  1.-0.j  1.-0.j -1.+0.j  1.-0.j  1.-0.j  1.-0.j  1.-0.j -1.+0.j -1.+0.j  1.-0.j  1.-0.j  1.-0.j -1.+0.j -1.+0.j
  1.-0.j -1.+0.j -1.+0.j -1.+0.j -1.+0.j -1.+0.j -1.+0.j  1.-0.j -1.+0.j -1.+0.j  1.-0.j  1.-0.j  1.-0.j  1.-0.j
 -1.+0.j -1.+0.j  1.-0.j  1.-0.j -1.+0.j  1.-0.j -1.+0.j -1.+0.j  1.-0.j  1.-0.j -1.+0.j  1.-0.j  1.-0.j -1.+0.j
  1.-0.j -1.+0.j  1.-0.j  1.-0.j  1.-0.j -1.+0.j -1.+0.j -1.+0.j -1.+0.j -1.+0.j -1.+0.j -1.+0.j  1.-0.j  1.-0.j
 -1.+0.j -1.+0.j -1.+0.j -1.+0.j -1.+0.j -1.+0.j  1.-0.j  1.-0.j  1.-0.j -1.+0.j  1.-0.j -1.+0.j  1.-0.j -1.+0.j
 -1.+0.j -1.+0.j -1.+0.j  1.-0.j -1.+0.j -1.+0.j -1.+0.j -1.+0.j -1.+0.j -1.+0.j  1.-0.j -1.+0.j -1.+0.j  1.-0.j
 -1.+0.j  1.-0.j  1.-0.j -1.+0.j -1.+0.j -1.+0.j -1.+0.j -1.+0.j  1.-0.j -1.+0.j  1.-0.j -1.+0.j  1.-0.j  1.-0.j
 -1.+0.j -1.+0.j  1.-0.j -1.+0.j  1.-0.j  1.-0.j -1.+0.j -1.+0.j -1.+0.j -1.+0.j -1.+0.j -1.+0.j  1.-0.j  1.-0.j
 -1.+0.j  1.-0.j -1.+0.j -1.+0.j  1.-0.j -1.+0.j -1.+0.j -1.+0.j -1.+0.j -1.+0.j -1.+0.j -1.+0.j -1.+0.j -1.+0.j
 -1.+0.j -1.+0.j -1.+0.j  1.+0.j -1.+0.j -1.+0.j -1.+0.j -1.+0.j  1.+0.j  1.+0.j -1.+0.j -1.+0.j -1.+0.j  1.+0.j
  1.+0.j -1.+0.j  1.+0.j  1.+0.j  1.+0.j  1.+0.j  1.+0.j  1.+0.j -1.+0.j  1.+0.j  1.+0.j -1.+0.j -1.+0.j -1.+0.j
 -1.+0.j  1.+0.j  1.+0.j -1.+0.j -1.+0.j  1.+0.j -1.+0.j  1.+0.j  1.+0.j -1.+0.j -1.+0.j  1.+0.j -1.+0.j -1.+0.j
  1.+0.j -1.+0.j  1.+0.j -1.+0.j -1.+0.j -1.+0.j  1.+0.j  1.+0.j  1.+0.j  1.+0.j  1.+0.j  1.+0.j  1.+0.j -1.+0.j
 -1.+0.j  1.+0.j  1.+0.j  1.+0.j  1.+0.j  1.+0.j  1.+0.j -1.+0.j -1.+0.j -1.+0.j  1.+0.j -1.+0.j  1.+0.j -1.+0.j
  1.+0.j  1.+0.j  1.+0.j  1.+0.j -1.+0.j  1.+0.j  1.+0.j  1.+0.j  1.+0.j  1.+0.j  1.+0.j -1.+0.j  1.+0.j  1.+0.j
 -1.+0.j  1.+0.j -1.+0.j -1.+0.j  1.+0.j  1.+0.j  1.+0.j  1.+0.j  1.+0.j -1.+0.j  1.+0.j -1.+0.j  1.+0.j -1.+0.j
 -1.+0.j  1.+0.j  1.+0.j -1.+0.j  1.+0.j -1.+0.j -1.+0.j  1.+0.j  1.+0.j  1.+0.j  1.+0.j  1.+0.j  1.+0.j -1.+0.j
 -1.+0.j  1.+0.j -1.+0.j  1.+0.j  1.+0.j -1.+0.j -1.+0.j -1.+0.j -1.+0.j -1.+0.j -1.+0.j -1.+0.j -1.+0.j -1.+0.j
 -1.+0.j -1.+0.j -1.+0.j -1.+0.j  1.+0.j -1.+0.j -1.+0.j -1.+0.j -1.+0.j  1.+0.j  1.+0.j -1.+0.j -1.+0.j -1.+0.j
  1.+0.j  1.+0.j -1.+0.j  1.+0.j  1.+0.j  1.+0.j  1.+0.j  1.+0.j  1.+0.j -1.+0.j  1.+0.j  1.+0.j -1.+0.j -1.+0.j
 -1.+0.j -1.+0.j  1.+0.j  1.+0.j -1.+0.j -1.+0.j  1.+0.j -1.+0.j  1.+0.j  1.+0.j -1.+0.j -1.+0.j  1.+0.j -1.+0.j
 -1.+0.j  1.+0.j -1.+0.j  1.+0.j -1.+0.j -1.+0.j -1.+0.j  1.+0.j  1.+0.j  1.+0.j  1.+0.j  1.+0.j  1.+0.j  1.+0.j
 -1.+0.j -1.+0.j  1.+0.j  1.+0.j  1.+0.j  1.+0.j  1.+0.j  1.+0.j -1.+0.j -1.+0.j -1.+0.j  1.+0.j -1.+0.j  1.+0.j
 -1.+0.j  1.+0.j  1.+0.j  1.+0.j  1.+0.j -1.+0.j  1.+0.j  1.+0.j  1.+0.j  1.+0.j  1.+0.j  1.+0.j -1.+0.j  1.+0.j
  1.+0.j -1.+0.j  1.+0.j -1.+0.j -1.+0.j  1.+0.j  1.+0.j  1.+0.j  1.+0.j  1.+0.j -1.+0.j  1.+0.j -1.+0.j  1.+0.j
 -1.+0.j -1.+0.j  1.+0.j  1.+0.j -1.+0.j  1.+0.j -1.+0.j -1.+0.j  1.+0.j  1.+0.j  1.+0.j  1.+0.j  1.+0.j  1.+0.j
 -1.+0.j -1.+0.j  1.+0.j -1.+0.j  1.+0.j  1.+0.j -1.+0.j  1.-0.j  1.-0.j  1.-0.j  1.-0.j  1.-0.j  1.-0.j  1.-0.j
  1.-0.j  1.-0.j  1.-0.j  1.-0.j  1.-0.j -1.+0.j  1.-0.j  1.-0.j  1.-0.j  1.-0.j -1.+0.j -1.+0.j  1.-0.j  1.-0.j
  1.-0.j -1.+0.j -1.+0.j  1.-0.j -1.+0.j -1.+0.j -1.+0.j -1.+0.j -1.+0.j -1.+0.j  1.-0.j -1.+0.j -1.+0.j  1.-0.j
  1.-0.j  1.-0.j  1.-0.j -1.+0.j -1.+0.j  1.-0.j  1.-0.j -1.+0.j  1.-0.j -1.+0.j -1.+0.j  1.-0.j  1.-0.j -1.+0.j
  1.-0.j  1.-0.j -1.+0.j  1.-0.j -1.+0.j  1.-0.j  1.-0.j  1.-0.j -1.+0.j -1.+0.j -1.+0.j -1.+0.j -1.+0.j -1.+0.j
 -1.+0.j  1.-0.j  1.-0.j -1.+0.j -1.+0.j -1.+0.j -1.+0.j -1.+0.j -1.+0.j  1.-0.j  1.-0.j  1.-0.j -1.+0.j  1.-0.j
 -1.+0.j  1.-0.j -1.+0.j -1.+0.j -1.+0.j -1.+0.j  1.-0.j -1.+0.j -1.+0.j -1.+0.j -1.+0.j -1.+0.j -1.+0.j  1.-0.j
 -1.+0.j -1.+0.j  1.-0.j -1.+0.j  1.-0.j  1.-0.j -1.+0.j -1.+0.j -1.+0.j -1.+0.j -1.+0.j  1.-0.j -1.+0.j  1.-0.j
 -1.+0.j  1.-0.j  1.-0.j -1.+0.j -1.+0.j  1.-0.j -1.+0.j  1.-0.j  1.-0.j -1.+0.j -1.+0.j -1.+0.j -1.+0.j -1.+0.j
 -1.+0.j  1.-0.j  1.-0.j -1.+0.j  1.-0.j -1.+0.j -1.+0.j  1.-0.j  1.-0.j  1.-0.j  1.-0.j  1.-0.j  1.-0.j  1.-0.j
  1.-0.j  1.-0.j  1.-0.j  1.-0.j  1.-0.j  1.-0.j -1.+0.j  1.-0.j  1.-0.j  1.-0.j  1.-0.j -1.+0.j -1.+0.j  1.-0.j
  1.-0.j  1.-0.j -1.+0.j -1.+0.j  1.-0.j -1.+0.j -1.+0.j -1.+0.j -1.+0.j -1.+0.j -1.+0.j  1.-0.j -1.+0.j -1.+0.j
  1.-0.j  1.-0.j  1.-0.j  1.-0.j -1.+0.j -1.+0.j  1.-0.j  1.-0.j -1.+0.j  1.-0.j -1.+0.j -1.+0.j  1.-0.j  1.-0.j
 -1.+0.j  1.-0.j  1.-0.j -1.+0.j  1.-0.j -1.+0.j  1.-0.j  1.-0.j  1.-0.j -1.+0.j -1.+0.j -1.+0.j -1.+0.j -1.+0.j
 -1.+0.j -1.+0.j  1.-0.j  1.-0.j -1.+0.j -1.+0.j -1.+0.j -1.+0.j -1.+0.j -1.+0.j  1.-0.j  1.-0.j  1.-0.j -1.+0.j
  1.-0.j -1.+0.j  1.-0.j -1.+0.j -1.+0.j -1.+0.j -1.+0.j  1.-0.j -1.+0.j -1.+0.j -1.+0.j -1.+0.j -1.+0.j -1.+0.j
  1.-0.j -1.+0.j -1.+0.j  1.-0.j -1.+0.j  1.-0.j  1.-0.j -1.+0.j -1.+0.j -1.+0.j -1.+0.j -1.+0.j  1.-0.j -1.+0.j
  1.-0.j -1.+0.j  1.-0.j  1.-0.j -1.+0.j -1.+0.j  1.-0.j -1.+0.j  1.-0.j  1.-0.j -1.+0.j -1.+0.j -1.+0.j -1.+0.j
 -1.+0.j -1.+0.j  1.-0.j  1.-0.j -1.+0.j  1.-0.j -1.+0.j -1.+0.j  1.-0.j -1.+0.j -1.+0.j -1.+0.j -1.+0.j -1.+0.j
 -1.+0.j -1.+0.j -1.+0.j -1.+0.j -1.+0.j -1.+0.j -1.+0.j  1.+0.j -1.+0.j -1.+0.j -1.+0.j -1.+0.j  1.+0.j  1.+0.j
 -1.+0.j -1.+0.j -1.+0.j  1.+0.j  1.+0.j -1.+0.j  1.+0.j  1.+0.j  1.+0.j  1.+0.j  1.+0.j  1.+0.j -1.+0.j  1.+0.j
  1.+0.j -1.+0.j -1.+0.j -1.+0.j -1.+0.j  1.+0.j  1.+0.j -1.+0.j -1.+0.j  1.+0.j -1.+0.j  1.+0.j  1.+0.j -1.+0.j
 -1.+0.j  1.+0.j -1.+0.j -1.+0.j  1.+0.j -1.+0.j  1.+0.j -1.+0.j -1.+0.j -1.+0.j  1.+0.j  1.+0.j  1.+0.j  1.+0.j
  1.+0.j  1.+0.j  1.+0.j -1.+0.j -1.+0.j  1.+0.j  1.+0.j  1.+0.j  1.+0.j  1.+0.j  1.+0.j -1.+0.j -1.+0.j -1.+0.j
  1.+0.j -1.+0.j  1.+0.j -1.+0.j  1.+0.j  1.+0.j  1.+0.j  1.+0.j -1.+0.j  1.+0.j  1.+0.j  1.+0.j  1.+0.j  1.+0.j
  1.+0.j -1.+0.j  1.+0.j  1.+0.j -1.+0.j  1.+0.j -1.+0.j -1.+0.j  1.+0.j  1.+0.j  1.+0.j  1.+0.j  1.+0.j -1.+0.j
  1.+0.j -1.+0.j  1.+0.j -1.+0.j -1.+0.j  1.+0.j  1.+0.j -1.+0.j  1.+0.j -1.+0.j -1.+0.j  1.+0.j  1.+0.j  1.+0.j
  1.+0.j  1.+0.j  1.+0.j -1.+0.j -1.+0.j  1.+0.j -1.+0.j  1.+0.j  1.+0.j -1.+0.j -1.+0.j -1.+0.j -1.+0.j -1.+0.j
 -1.+0.j -1.+0.j -1.+0.j -1.+0.j -1.+0.j -1.+0.j -1.+0.j -1.+0.j  1.+0.j -1.+0.j -1.+0.j -1.+0.j -1.+0.j  1.+0.j
  1.+0.j -1.+0.j -1.+0.j -1.+0.j  1.+0.j  1.+0.j -1.+0.j  1.+0.j  1.+0.j  1.+0.j  1.+0.j  1.+0.j  1.+0.j -1.+0.j
  1.+0.j  1.+0.j -1.+0.j -1.+0.j -1.+0.j -1.+0.j  1.+0.j  1.+0.j -1.+0.j -1.+0.j  1.+0.j -1.+0.j  1.+0.j  1.+0.j
 -1.+0.j -1.+0.j  1.+0.j -1.+0.j -1.+0.j  1.+0.j -1.+0.j  1.+0.j -1.+0.j -1.+0.j -1.+0.j  1.+0.j  1.+0.j  1.+0.j
  1.+0.j  1.+0.j  1.+0.j  1.+0.j -1.+0.j -1.+0.j  1.+0.j  1.+0.j  1.+0.j  1.+0.j  1.+0.j  1.+0.j -1.+0.j -1.+0.j
 -1.+0.j  1.+0.j -1.+0.j  1.+0.j -1.+0.j  1.+0.j  1.+0.j  1.+0.j  1.+0.j -1.+0.j  1.+0.j  1.+0.j  1.+0.j  1.+0.j
  1.+0.j  1.+0.j -1.+0.j  1.+0.j  1.+0.j -1.+0.j  1.+0.j -1.+0.j -1.+0.j  1.+0.j  1.+0.j  1.+0.j  1.+0.j  1.+0.j
 -1.+0.j  1.+0.j -1.+0.j  1.+0.j -1.+0.j -1.+0.j  1.+0.j  1.+0.j -1.+0.j  1.+0.j -1.+0.j -1.+0.j  1.+0.j  1.+0.j
  1.+0.j  1.+0.j  1.+0.j  1.+0.j -1.+0.j -1.+0.j  1.+0.j -1.+0.j  1.+0.j  1.+0.j -1.+0.j -1.+0.j -1.+0.j -1.+0.j
 -1.+0.j -1.+0.j -1.+0.j -1.+0.j -1.+0.j -1.+0.j -1.+0.j -1.+0.j -1.+0.j  1.+0.j -1.+0.j -1.+0.j -1.+0.j -1.+0.j
  1.+0.j  1.+0.j -1.+0.j -1.+0.j -1.+0.j  1.+0.j  1.+0.j -1.+0.j  1.+0.j  1.+0.j  1.+0.j  1.+0.j  1.+0.j  1.+0.j
 -1.+0.j  1.+0.j  1.+0.j -1.+0.j -1.+0.j -1.+0.j -1.+0.j  1.+0.j  1.+0.j -1.+0.j -1.+0.j  1.+0.j -1.+0.j  1.+0.j
  1.+0.j -1.+0.j -1.+0.j  1.+0.j -1.+0.j -1.+0.j  1.+0.j -1.+0.j  1.+0.j -1.+0.j -1.+0.j -1.+0.j  1.+0.j  1.+0.j
  1.+0.j  1.+0.j  1.+0.j  1.+0.j  1.+0.j -1.+0.j -1.+0.j  1.+0.j  1.+0.j  1.+0.j  1.+0.j  1.+0.j  1.+0.j -1.+0.j
 -1.+0.j -1.+0.j  1.+0.j -1.+0.j  1.+0.j -1.+0.j  1.+0.j  1.+0.j  1.+0.j  1.+0.j -1.+0.j  1.+0.j  1.+0.j  1.+0.j
  1.+0.j  1.+0.j  1.+0.j -1.+0.j  1.+0.j  1.+0.j -1.+0.j  1.+0.j -1.+0.j -1.+0.j  1.+0.j  1.+0.j  1.+0.j  1.+0.j
  1.+0.j -1.+0.j  1.+0.j -1.+0.j  1.+0.j -1.+0.j -1.+0.j  1.+0.j  1.+0.j -1.+0.j  1.+0.j -1.+0.j -1.+0.j  1.+0.j
  1.+0.j  1.+0.j  1.+0.j  1.+0.j  1.+0.j -1.+0.j -1.+0.j  1.+0.j -1.+0.j  1.+0.j  1.+0.j -1.+0.j -1.+0.j -1.+0.j
 -1.+0.j -1.+0.j -1.+0.j -1.+0.j -1.+0.j -1.+0.j -1.+0.j -1.+0.j -1.+0.j -1.+0.j  1.+0.j -1.+0.j -1.+0.j -1.+0.j
 -1.+0.j  1.+0.j  1.+0.j -1.+0.j -1.+0.j -1.+0.j  1.+0.j  1.+0.j -1.+0.j  1.+0.j  1.+0.j  1.+0.j  1.+0.j  1.+0.j
  1.+0.j -1.+0.j  1.+0.j  1.+0.j -1.+0.j -1.+0.j -1.+0.j -1.+0.j  1.+0.j  1.+0.j -1.+0.j -1.+0.j  1.+0.j -1.+0.j
  1.+0.j  1.+0.j -1.+0.j -1.+0.j  1.+0.j -1.+0.j -1.+0.j  1.+0.j -1.+0.j  1.+0.j -1.+0.j -1.+0.j -1.+0.j  1.+0.j
  1.+0.j  1.+0.j  1.+0.j  1.+0.j  1.+0.j  1.+0.j -1.+0.j -1.+0.j  1.+0.j  1.+0.j  1.+0.j  1.+0.j  1.+0.j  1.+0.j
 -1.+0.j -1.+0.j -1.+0.j  1.+0.j -1.+0.j  1.+0.j -1.+0.j  1.+0.j  1.+0.j  1.+0.j  1.+0.j -1.+0.j  1.+0.j  1.+0.j
  1.+0.j  1.+0.j  1.+0.j  1.+0.j -1.+0.j  1.+0.j  1.+0.j -1.+0.j  1.+0.j -1.+0.j -1.+0.j  1.+0.j  1.+0.j  1.+0.j
  1.+0.j  1.+0.j -1.+0.j  1.+0.j -1.+0.j  1.+0.j -1.+0.j -1.+0.j  1.+0.j  1.+0.j -1.+0.j  1.+0.j -1.+0.j -1.+0.j
  1.+0.j  1.+0.j  1.+0.j  1.+0.j  1.+0.j  1.+0.j -1.+0.j -1.+0.j  1.+0.j -1.+0.j  1.+0.j  1.+0.j -1.+0.j -1.+0.j
 -1.+0.j -1.+0.j -1.+0.j -1.+0.j -1.+0.j -1.+0.j -1.+0.j -1.+0.j -1.+0.j -1.+0.j -1.+0.j  1.+0.j -1.+0.j -1.+0.j
 -1.+0.j -1.+0.j  1.+0.j  1.+0.j -1.+0.j -1.+0.j -1.+0.j  1.+0.j  1.+0.j -1.+0.j  1.+0.j  1.+0.j  1.+0.j  1.+0.j
  1.+0.j  1.+0.j -1.+0.j  1.+0.j  1.+0.j -1.+0.j -1.+0.j -1.+0.j -1.+0.j  1.+0.j  1.+0.j -1.+0.j -1.+0.j  1.+0.j
 -1.+0.j  1.+0.j  1.+0.j -1.+0.j -1.+0.j  1.+0.j -1.+0.j -1.+0.j  1.+0.j -1.+0.j  1.+0.j -1.+0.j -1.+0.j -1.+0.j
  1.+0.j  1.+0.j  1.+0.j  1.+0.j  1.+0.j  1.+0.j  1.+0.j -1.+0.j -1.+0.j  1.+0.j  1.+0.j  1.+0.j  1.+0.j  1.+0.j
  1.+0.j -1.+0.j -1.+0.j -1.+0.j  1.+0.j -1.+0.j  1.+0.j -1.+0.j  1.+0.j  1.+0.j  1.+0.j  1.+0.j -1.+0.j  1.+0.j
  1.+0.j  1.+0.j  1.+0.j  1.+0.j  1.+0.j -1.+0.j  1.+0.j  1.+0.j -1.+0.j  1.+0.j -1.+0.j -1.+0.j  1.+0.j  1.+0.j
  1.+0.j  1.+0.j  1.+0.j -1.+0.j  1.+0.j -1.+0.j  1.+0.j -1.+0.j -1.+0.j  1.+0.j  1.+0.j -1.+0.j  1.+0.j -1.+0.j
 -1.+0.j  1.+0.j  1.+0.j  1.+0.j  1.+0.j  1.+0.j  1.+0.j -1.+0.j -1.+0.j  1.+0.j -1.+0.j  1.+0.j  1.+0.j -1.+0.j
  1.-0.j  1.-0.j  1.-0.j  1.-0.j  1.-0.j  1.-0.j  1.-0.j  1.-0.j  1.-0.j  1.-0.j  1.-0.j  1.-0.j -1.+0.j  1.-0.j
  1.-0.j  1.-0.j  1.-0.j -1.+0.j -1.+0.j  1.-0.j  1.-0.j  1.-0.j -1.+0.j -1.+0.j  1.-0.j -1.+0.j -1.+0.j -1.+0.j
 -1.+0.j -1.+0.j -1.+0.j  1.-0.j -1.+0.j -1.+0.j  1.-0.j  1.-0.j  1.-0.j  1.-0.j -1.+0.j -1.+0.j  1.-0.j  1.-0.j
 -1.+0.j  1.-0.j -1.+0.j -1.+0.j  1.-0.j  1.-0.j -1.+0.j  1.-0.j  1.-0.j -1.+0.j  1.-0.j -1.+0.j  1.-0.j  1.-0.j
  1.-0.j -1.+0.j -1.+0.j -1.+0.j -1.+0.j -1.+0.j -1.+0.j -1.+0.j  1.-0.j  1.-0.j -1.+0.j -1.+0.j -1.+0.j -1.+0.j
 -1.+0.j -1.+0.j  1.-0.j  1.-0.j  1.-0.j -1.+0.j  1.-0.j -1.+0.j  1.-0.j -1.+0.j -1.+0.j -1.+0.j -1.+0.j  1.-0.j
 -1.+0.j -1.+0.j -1.+0.j -1.+0.j -1.+0.j -1.+0.j  1.-0.j -1.+0.j -1.+0.j  1.-0.j -1.+0.j  1.-0.j  1.-0.j -1.+0.j
 -1.+0.j -1.+0.j -1.+0.j -1.+0.j  1.-0.j -1.+0.j  1.-0.j -1.+0.j  1.-0.j  1.-0.j -1.+0.j -1.+0.j  1.-0.j -1.+0.j
  1.-0.j  1.-0.j -1.+0.j -1.+0.j -1.+0.j -1.+0.j -1.+0.j -1.+0.j  1.-0.j  1.-0.j -1.+0.j  1.-0.j -1.+0.j -1.+0.j
  1.-0.j  1.-0.j  1.-0.j  1.-0.j  1.-0.j  1.-0.j  1.-0.j  1.-0.j  1.-0.j  1.-0.j  1.-0.j  1.-0.j  1.-0.j -1.+0.j
  1.-0.j  1.-0.j  1.-0.j  1.-0.j -1.+0.j -1.+0.j  1.-0.j  1.-0.j  1.-0.j -1.+0.j -1.+0.j  1.-0.j -1.+0.j -1.+0.j
 -1.+0.j -1.+0.j -1.+0.j -1.+0.j  1.-0.j -1.+0.j -1.+0.j  1.-0.j  1.-0.j  1.-0.j  1.-0.j -1.+0.j -1.+0.j  1.-0.j
  1.-0.j -1.+0.j  1.-0.j -1.+0.j -1.+0.j  1.-0.j  1.-0.j -1.+0.j  1.-0.j  1.-0.j -1.+0.j  1.-0.j -1.+0.j  1.-0.j
  1.-0.j  1.-0.j -1.+0.j -1.+0.j -1.+0.j -1.+0.j -1.+0.j -1.+0.j -1.+0.j  1.-0.j  1.-0.j -1.+0.j -1.+0.j -1.+0.j
 -1.+0.j -1.+0.j -1.+0.j  1.-0.j  1.-0.j  1.-0.j -1.+0.j  1.-0.j -1.+0.j  1.-0.j -1.+0.j -1.+0.j -1.+0.j -1.+0.j
  1.-0.j -1.+0.j -1.+0.j -1.+0.j -1.+0.j -1.+0.j -1.+0.j  1.-0.j -1.+0.j -1.+0.j  1.-0.j -1.+0.j  1.-0.j  1.-0.j
 -1.+0.j -1.+0.j -1.+0.j -1.+0.j -1.+0.j  1.-0.j -1.+0.j  1.-0.j -1.+0.j  1.-0.j  1.-0.j -1.+0.j -1.+0.j  1.-0.j
 -1.+0.j  1.-0.j  1.-0.j -1.+0.j -1.+0.j -1.+0.j -1.+0.j -1.+0.j -1.+0.j  1.-0.j  1.-0.j -1.+0.j  1.-0.j -1.+0.j
 -1.+0.j  1.-0.j  1.-0.j  1.-0.j  1.-0.j  1.-0.j  1.-0.j  1.-0.j  1.-0.j  1.-0.j  1.-0.j  1.-0.j  1.-0.j  1.-0.j
 -1.+0.j  1.-0.j  1.-0.j  1.-0.j  1.-0.j -1.+0.j -1.+0.j  1.-0.j  1.-0.j  1.-0.j -1.+0.j -1.+0.j  1.-0.j -1.+0.j
 -1.+0.j -1.+0.j -1.+0.j -1.+0.j -1.+0.j  1.-0.j -1.+0.j -1.+0.j  1.-0.j  1.-0.j  1.-0.j  1.-0.j -1.+0.j -1.+0.j
  1.-0.j  1.-0.j -1.+0.j  1.-0.j -1.+0.j -1.+0.j  1.-0.j  1.-0.j -1.+0.j  1.-0.j  1.-0.j -1.+0.j  1.-0.j -1.+0.j
  1.-0.j  1.-0.j  1.-0.j -1.+0.j -1.+0.j -1.+0.j -1.+0.j -1.+0.j -1.+0.j -1.+0.j  1.-0.j  1.-0.j -1.+0.j -1.+0.j
 -1.+0.j -1.+0.j -1.+0.j -1.+0.j  1.-0.j  1.-0.j  1.-0.j -1.+0.j  1.-0.j -1.+0.j  1.-0.j -1.+0.j -1.+0.j -1.+0.j
 -1.+0.j  1.-0.j -1.+0.j -1.+0.j -1.+0.j -1.+0.j -1.+0.j -1.+0.j  1.-0.j -1.+0.j -1.+0.j  1.-0.j -1.+0.j  1.-0.j
  1.-0.j -1.+0.j -1.+0.j -1.+0.j -1.+0.j -1.+0.j  1.-0.j -1.+0.j  1.-0.j -1.+0.j  1.-0.j  1.-0.j -1.+0.j -1.+0.j
  1.-0.j -1.+0.j  1.-0.j  1.-0.j -1.+0.j -1.+0.j -1.+0.j -1.+0.j -1.+0.j -1.+0.j  1.-0.j  1.-0.j -1.+0.j  1.-0.j
 -1.+0.j -1.+0.j  1.-0.j  1.-0.j  1.-0.j  1.-0.j  1.-0.j  1.-0.j  1.-0.j  1.-0.j  1.-0.j  1.-0.j  1.-0.j  1.-0.j
  1.-0.j -1.+0.j  1.-0.j  1.-0.j  1.-0.j  1.-0.j -1.+0.j -1.+0.j  1.-0.j  1.-0.j  1.-0.j -1.+0.j -1.+0.j  1.-0.j
 -1.+0.j -1.+0.j -1.+0.j -1.+0.j -1.+0.j -1.+0.j  1.-0.j -1.+0.j -1.+0.j  1.-0.j  1.-0.j  1.-0.j  1.-0.j -1.+0.j
 -1.+0.j  1.-0.j  1.-0.j -1.+0.j  1.-0.j -1.+0.j -1.+0.j  1.-0.j  1.-0.j -1.+0.j  1.-0.j  1.-0.j -1.+0.j  1.-0.j
 -1.+0.j  1.-0.j  1.-0.j  1.-0.j -1.+0.j -1.+0.j -1.+0.j -1.+0.j -1.+0.j -1.+0.j -1.+0.j  1.-0.j  1.-0.j -1.+0.j
 -1.+0.j -1.+0.j -1.+0.j -1.+0.j -1.+0.j  1.-0.j  1.-0.j  1.-0.j -1.+0.j  1.-0.j -1.+0.j  1.-0.j -1.+0.j -1.+0.j
 -1.+0.j -1.+0.j  1.-0.j -1.+0.j -1.+0.j -1.+0.j -1.+0.j -1.+0.j -1.+0.j  1.-0.j -1.+0.j -1.+0.j  1.-0.j -1.+0.j
  1.-0.j  1.-0.j -1.+0.j -1.+0.j -1.+0.j -1.+0.j -1.+0.j  1.-0.j -1.+0.j  1.-0.j -1.+0.j  1.-0.j  1.-0.j -1.+0.j
 -1.+0.j  1.-0.j -1.+0.j  1.-0.j  1.-0.j -1.+0.j -1.+0.j -1.+0.j -1.+0.j -1.+0.j -1.+0.j  1.-0.j  1.-0.j -1.+0.j
  1.-0.j -1.+0.j -1.+0.j  1.-0.j -1.+0.j -1.+0.j -1.+0.j -1.+0.j -1.+0.j -1.+0.j -1.+0.j -1.+0.j -1.+0.j -1.+0.j
 -1.+0.j -1.+0.j  1.+0.j -1.+0.j -1.+0.j -1.+0.j -1.+0.j  1.+0.j  1.+0.j -1.+0.j -1.+0.j -1.+0.j  1.+0.j  1.+0.j
 -1.+0.j  1.+0.j  1.+0.j  1.+0.j  1.+0.j  1.+0.j  1.+0.j -1.+0.j  1.+0.j  1.+0.j -1.+0.j -1.+0.j -1.+0.j -1.+0.j
  1.+0.j  1.+0.j -1.+0.j -1.+0.j  1.+0.j -1.+0.j  1.+0.j  1.+0.j -1.+0.j -1.+0.j  1.+0.j -1.+0.j -1.+0.j  1.+0.j
 -1.+0.j  1.+0.j -1.+0.j -1.+0.j -1.+0.j  1.+0.j  1.+0.j  1.+0.j  1.+0.j  1.+0.j  1.+0.j  1.+0.j -1.+0.j -1.+0.j
  1.+0.j  1.+0.j  1.+0.j  1.+0.j  1.+0.j  1.+0.j -1.+0.j -1.+0.j -1.+0.j  1.+0.j -1.+0.j  1.+0.j -1.+0.j  1.+0.j
  1.+0.j  1.+0.j  1.+0.j -1.+0.j  1.+0.j  1.+0.j  1.+0.j  1.+0.j  1.+0.j  1.+0.j -1.+0.j  1.+0.j  1.+0.j -1.+0.j
  1.+0.j -1.+0.j -1.+0.j  1.+0.j  1.+0.j  1.+0.j  1.+0.j  1.+0.j -1.+0.j  1.+0.j -1.+0.j  1.+0.j -1.+0.j -1.+0.j
  1.+0.j  1.+0.j -1.+0.j  1.+0.j -1.+0.j -1.+0.j  1.+0.j  1.+0.j  1.+0.j  1.+0.j  1.+0.j  1.+0.j -1.+0.j -1.+0.j
  1.+0.j -1.+0.j  1.+0.j  1.+0.j -1.+0.j -1.+0.j -1.+0.j -1.+0.j -1.+0.j -1.+0.j -1.+0.j -1.+0.j -1.+0.j -1.+0.j
 -1.+0.j -1.+0.j -1.+0.j  1.+0.j -1.+0.j -1.+0.j -1.+0.j -1.+0.j  1.+0.j  1.+0.j -1.+0.j -1.+0.j -1.+0.j  1.+0.j
  1.+0.j -1.+0.j  1.+0.j  1.+0.j  1.+0.j  1.+0.j  1.+0.j  1.+0.j -1.+0.j  1.+0.j  1.+0.j -1.+0.j -1.+0.j -1.+0.j
 -1.+0.j  1.+0.j  1.+0.j -1.+0.j -1.+0.j  1.+0.j -1.+0.j  1.+0.j  1.+0.j -1.+0.j -1.+0.j  1.+0.j -1.+0.j -1.+0.j
  1.+0.j -1.+0.j  1.+0.j -1.+0.j -1.+0.j -1.+0.j  1.+0.j  1.+0.j  1.+0.j  1.+0.j  1.+0.j  1.+0.j  1.+0.j -1.+0.j
 -1.+0.j  1.+0.j  1.+0.j  1.+0.j  1.+0.j  1.+0.j  1.+0.j -1.+0.j -1.+0.j -1.+0.j  1.+0.j -1.+0.j  1.+0.j -1.+0.j
  1.+0.j  1.+0.j  1.+0.j  1.+0.j -1.+0.j  1.+0.j  1.+0.j  1.+0.j  1.+0.j  1.+0.j  1.+0.j -1.+0.j  1.+0.j  1.+0.j
 -1.+0.j  1.+0.j -1.+0.j -1.+0.j  1.+0.j  1.+0.j  1.+0.j  1.+0.j  1.+0.j -1.+0.j  1.+0.j -1.+0.j  1.+0.j -1.+0.j
 -1.+0.j  1.+0.j  1.+0.j -1.+0.j  1.+0.j -1.+0.j -1.+0.j  1.+0.j  1.+0.j  1.+0.j  1.+0.j  1.+0.j  1.+0.j -1.+0.j
 -1.+0.j  1.+0.j -1.+0.j  1.+0.j  1.+0.j -1.+0.j  1.-0.j  1.-0.j  1.-0.j  1.-0.j  1.-0.j  1.-0.j  1.-0.j  1.-0.j
  1.-0.j  1.-0.j  1.-0.j  1.-0.j -1.+0.j  1.-0.j  1.-0.j  1.-0.j  1.-0.j -1.+0.j -1.+0.j  1.-0.j  1.-0.j  1.-0.j
 -1.+0.j -1.+0.j  1.-0.j -1.+0.j -1.+0.j -1.+0.j -1.+0.j -1.+0.j -1.+0.j  1.-0.j -1.+0.j -1.+0.j  1.-0.j  1.-0.j
  1.-0.j  1.-0.j -1.+0.j -1.+0.j  1.-0.j  1.-0.j -1.+0.j  1.-0.j -1.+0.j -1.+0.j  1.-0.j  1.-0.j -1.+0.j  1.-0.j
  1.-0.j -1.+0.j  1.-0.j -1.+0.j  1.-0.j  1.-0.j  1.-0.j -1.+0.j -1.+0.j -1.+0.j -1.+0.j -1.+0.j -1.+0.j -1.+0.j
  1.-0.j  1.-0.j -1.+0.j -1.+0.j -1.+0.j -1.+0.j -1.+0.j -1.+0.j  1.-0.j  1.-0.j  1.-0.j -1.+0.j  1.-0.j -1.+0.j
  1.-0.j -1.+0.j -1.+0.j -1.+0.j -1.+0.j  1.-0.j -1.+0.j -1.+0.j -1.+0.j -1.+0.j -1.+0.j -1.+0.j  1.-0.j -1.+0.j
 -1.+0.j  1.-0.j -1.+0.j  1.-0.j  1.-0.j -1.+0.j -1.+0.j -1.+0.j -1.+0.j -1.+0.j  1.-0.j -1.+0.j  1.-0.j -1.+0.j
  1.-0.j  1.-0.j -1.+0.j -1.+0.j  1.-0.j -1.+0.j  1.-0.j  1.-0.j -1.+0.j -1.+0.j -1.+0.j -1.+0.j -1.+0.j -1.+0.j
  1.-0.j  1.-0.j -1.+0.j  1.-0.j -1.+0.j -1.+0.j  1.-0.j -1.+0.j -1.+0.j -1.+0.j -1.+0.j -1.+0.j -1.+0.j -1.+0.j
 -1.+0.j -1.+0.j -1.+0.j -1.+0.j -1.+0.j  1.+0.j -1.+0.j -1.+0.j -1.+0.j -1.+0.j  1.+0.j  1.+0.j -1.+0.j -1.+0.j
 -1.+0.j  1.+0.j  1.+0.j -1.+0.j  1.+0.j  1.+0.j  1.+0.j  1.+0.j  1.+0.j  1.+0.j -1.+0.j  1.+0.j  1.+0.j -1.+0.j
 -1.+0.j -1.+0.j -1.+0.j  1.+0.j  1.+0.j -1.+0.j -1.+0.j  1.+0.j -1.+0.j  1.+0.j  1.+0.j -1.+0.j -1.+0.j  1.+0.j
 -1.+0.j -1.+0.j  1.+0.j -1.+0.j  1.+0.j -1.+0.j -1.+0.j -1.+0.j  1.+0.j  1.+0.j  1.+0.j  1.+0.j  1.+0.j  1.+0.j
  1.+0.j -1.+0.j -1.+0.j  1.+0.j  1.+0.j  1.+0.j  1.+0.j  1.+0.j  1.+0.j -1.+0.j -1.+0.j -1.+0.j  1.+0.j -1.+0.j
  1.+0.j -1.+0.j  1.+0.j  1.+0.j  1.+0.j  1.+0.j -1.+0.j  1.+0.j  1.+0.j  1.+0.j  1.+0.j  1.+0.j  1.+0.j -1.+0.j
  1.+0.j  1.+0.j -1.+0.j  1.+0.j -1.+0.j -1.+0.j  1.+0.j  1.+0.j  1.+0.j  1.+0.j  1.+0.j -1.+0.j  1.+0.j -1.+0.j
  1.+0.j -1.+0.j -1.+0.j  1.+0.j  1.+0.j -1.+0.j  1.+0.j -1.+0.j -1.+0.j  1.+0.j  1.+0.j  1.+0.j  1.+0.j  1.+0.j
  1.+0.j -1.+0.j -1.+0.j  1.+0.j -1.+0.j  1.+0.j  1.+0.j -1.+0.j]
2025-08-27 18:23:23 [INFO] Processing 4572 samples from tag 0
2025-08-27 18:23:23 [INFO] Expected number of bits: 36
2025-08-27 18:23:23 [DEBUG] coarse freq offset: 27.61162179907842
2025-08-27 18:23:23 [INFO] Raw received bits: [1, 1, 1, 1, 1, 1, 1, 1, 1, 1, 1, 1, 0, 1, 1, 1, 1, 0, 0, 1, 1, 1, 0, 1, 0, 1, 1, 1, 1, 1, 1, 0, 0, 1, 0, 1, 1, 1, 1, 0, 1, 1, 1, 0, 0, 1, 1, 1, 1, 0, 1, 1, 0, 1, 0, 1, 1, 1, 1, 1, 1, 1, 1, 1, 1, 1, 1, 1, 1, 1, 1, 1, 1, 1, 1, 1, 0, 1, 1, 0, 1, 1, 1, 1, 0, 1, 1, 1, 1, 1, 1, 0, 1, 1, 1, 0, 1, 1, 1, 1, 1, 1, 1, 0, 0, 1, 0, 1, 1, 1, 1, 0, 0, 1, 1, 1, 1, 1, 1, 1, 1, 1, 1, 0, 0, 1, 1, 1, 1, 1, 1, 1, 1, 1, 1, 1, 1, 1, 1, 1, 0, 1, 1, 1, 1, 0, 0, 1, 1, 1, 0, 1, 0, 1, 1, 1, 1, 1, 1, 0, 0, 1, 0, 1, 1, 1, 1, 0, 1, 1, 1, 0, 0, 1, 1, 1, 1, 0, 1, 1, 0, 1, 0, 1, 1, 1, 1, 1, 1, 1, 1, 1, 1, 1, 1, 1, 1, 1, 1, 1, 1, 1, 1, 1, 0, 1, 1, 0, 1, 1, 1, 1, 0, 1, 1, 1, 1, 1, 1, 0, 1, 1, 1, 0, 1, 1, 1, 1, 1, 1, 1, 0, 0, 1, 0, 1, 1, 1, 1, 0, 0, 1, 1, 1, 1, 1, 1, 1, 1, 1, 1, 0, 0, 1, 1, 1, 1, 1, 1, 1, 1, 1, 1, 1, 1, 1, 1, 1, 0, 1, 1, 1, 1, 0, 0, 1, 1, 1, 0, 1, 0, 1, 1, 1, 1, 1, 1, 0, 0, 1, 0, 1, 1, 1, 1, 0, 1, 1, 1, 0, 0, 1, 1, 1, 1, 0, 1, 1, 0, 1, 0, 1, 1, 1, 1, 1, 1, 1, 1, 1, 1, 1, 1, 1, 1, 1, 1, 1, 1, 1, 1, 1, 0, 1, 1, 0, 1, 1, 1, 1, 0, 1, 1, 1, 1, 1, 1, 0, 1, 1, 1, 0, 1, 1, 1, 1, 1, 1, 1, 0, 0, 1, 0, 1, 1, 1, 1, 0, 0, 1, 1, 1, 1, 1, 1, 1, 1, 1, 1, 0, 0, 1, 1, 1, 1, 1, 1, 1, 1, 1, 1, 1, 1, 1, 1, 1, 0, 1, 1, 1, 1, 0, 0, 1, 1, 1, 0, 1, 0, 1, 1, 1, 1, 1, 1, 0, 1, 0, 1, 1, 1, 1, 0, 0, 1, 1, 0, 0, 1, 1, 1, 1, 0, 1, 1, 0, 1, 0, 1, 1, 1, 1, 1, 1, 1, 1, 1, 1, 1, 1, 1, 1, 1, 1, 1, 1, 1, 1, 1, 0, 1, 1, 0, 1, 1, 1, 1, 0, 1, 1, 1, 1, 1, 1, 0, 1, 1, 1, 0, 1, 1, 1, 1, 1, 1, 1, 0, 0, 1, 0, 1, 1, 1, 1, 0, 0, 1, 1, 1, 1, 1, 1, 1, 1, 1, 1, 0, 0, 1, 1, 1, 1, 1, 1, 1, 1, 1, 1, 1, 1, 1, 1, 1, 0, 1, 1, 1, 1, 0, 0, 1, 1, 1, 0, 1, 0, 1, 1, 1, 1, 1, 1, 0, 0, 1, 0, 1, 1, 1, 1, 0, 1, 1, 1, 0, 0, 1, 1, 1, 1, 0, 1, 1, 0, 1, 0, 1, 1, 1, 1, 1, 1, 1, 1, 1, 1, 1, 1, 1, 1, 1, 1, 1, 1, 1, 1, 1, 0, 1, 1, 0, 1, 1, 1, 1, 0, 1, 1, 1, 1, 1, 1, 0, 1, 1, 1, 0, 1, 1, 1, 1, 1, 1, 1, 0, 0, 1, 0, 1, 1, 1, 1, 0, 0, 1, 1, 1, 1, 1, 1, 1, 1, 1, 1, 0, 0, 1, 1, 1, 1, 1, 1, 1, 1, 1, 1, 1, 1, 1, 1, 1, 0, 1, 1, 1, 1, 0, 0, 1, 1, 1, 0, 1, 0, 1, 1, 1, 1, 1, 1, 0, 0, 1, 0, 1, 1, 1, 1, 0, 1, 1, 1, 0, 0, 1, 1, 1, 1, 0, 1, 1, 0, 1, 0, 1, 1, 1, 1, 1, 1, 1, 1, 1, 1, 1, 1, 1, 1, 1, 1, 1, 1, 1, 1, 1, 0, 1, 1, 0, 1, 1, 1, 1, 0, 1, 1, 1, 1, 1, 1, 0, 1, 1, 1, 0, 1, 1, 1, 1, 1, 1, 1, 0, 0, 1, 0, 1, 1, 1, 1, 0, 0, 1, 1, 1, 1, 1, 1, 1, 1, 1, 1, 0, 0, 1, 1, 1, 1, 1, 1, 1, 1, 1, 1, 1, 1, 1, 1, 1, 0, 1, 1, 1, 1, 0, 0, 1, 1, 1, 0, 1, 0, 1, 1, 1, 1, 1, 1, 0, 0, 1, 0, 1, 1, 1, 1, 0, 1, 1, 1, 0, 0, 1, 1, 1, 1, 0, 1, 1, 0, 1, 0, 1, 1, 1, 1, 1, 1, 1, 1, 1, 1, 1, 1, 1, 1, 1, 1, 1, 1, 1, 1, 1, 0, 1, 1, 0, 1, 1, 1, 1, 0, 1, 1, 1, 1, 1, 1, 0, 1, 1, 1, 0, 1, 1, 1, 1, 1, 1, 1, 0, 0, 1, 0, 1, 1, 1, 1, 0, 0, 1, 1, 1, 1, 1, 1, 1, 1, 1, 1, 0, 0, 1, 1, 1, 1, 1, 1, 1, 1, 1, 1, 1, 1, 1, 1, 1, 0, 1, 1, 1, 1, 0, 0, 1, 1, 1, 0, 1, 0, 1, 1, 1, 1, 1, 1, 0, 0, 1, 0, 1, 1, 1, 1, 0, 1, 1, 1, 0, 0, 1, 1, 1, 1, 0, 1, 1, 0, 1, 0, 1, 1, 1, 1, 1, 1, 1, 1, 1, 1, 1, 1, 1, 1, 1, 1, 1, 1, 1, 1, 1, 0, 1, 1, 0, 1, 1, 1, 1, 0, 1, 1, 1, 1, 1, 1, 0, 1, 1, 1, 0, 1, 1, 1, 1, 1, 1, 1, 0, 0, 1, 0, 1, 1, 1, 1, 0, 0, 1, 1, 1, 1, 1, 1, 1, 1, 1, 1, 0, 0, 1, 1, 1, 1, 1, 1, 1, 1, 1, 1, 1, 1, 1, 1, 1, 0, 1, 1, 1, 1, 0, 0, 1, 1, 1, 0, 1, 0, 1, 1, 1, 1, 1, 1, 0, 0, 1, 0, 1, 1, 1, 1, 0, 1, 1, 1, 0, 0, 1, 1, 1, 1, 0, 1, 1, 0, 1, 0, 1, 1, 1, 1, 1, 1, 1, 1, 1, 1, 1, 1, 1, 1, 1, 1, 1, 1, 1, 1, 1, 0, 1, 1, 0, 1, 1, 1, 1, 0, 1, 1, 1, 1, 1, 1, 0, 1, 1, 1, 0, 1, 1, 1, 1, 1, 1, 1, 0, 0, 1, 0, 1, 1, 1, 1, 0, 0, 1, 1, 1, 1, 1, 1, 1, 1, 1, 1, 0, 0, 1, 1, 1, 1, 1, 1, 1, 1, 1, 1, 1, 1, 1, 1, 1, 0, 1, 1, 1, 1, 0, 0, 1, 1, 1, 0, 1, 0, 1, 1, 1, 1, 1, 1, 0, 0, 1, 1, 1, 1, 1, 0, 0, 1, 1, 0, 0, 1, 1, 0, 1, 0, 1, 1, 0, 1, 0, 1, 1, 1, 1, 1, 1, 1, 1, 1, 1, 1, 1, 1, 1, 1, 1, 1, 1, 1, 1, 1, 0, 1, 1, 0, 1, 1, 1, 1, 0, 1, 1, 1, 1, 1, 1, 0, 1, 1, 1, 0, 1, 1, 1, 1, 1, 1, 1, 0, 0, 1, 0, 1, 1, 1, 1, 0, 0, 1, 1, 1, 1, 1, 1, 1, 1, 1, 1, 0, 0, 1, 1, 1, 1, 1, 1, 1, 1, 1, 1, 1, 1, 1, 1, 1, 0, 1, 1, 1, 1, 0, 0, 1, 1, 1, 0, 1, 0, 1, 1, 1, 1, 1, 1, 0, 0, 1, 1, 1, 1, 1, 0, 0, 1, 1, 0, 0, 1, 1, 0, 1, 0, 1, 1, 0, 1, 0, 1, 1, 1, 1, 1, 1, 1, 1, 1, 1, 1, 1, 1, 1, 1, 1, 1, 1, 1, 1, 1, 0, 1, 1, 0, 1, 1, 1, 1, 0, 1, 1, 1, 1, 1, 1, 0, 1, 1, 1, 0, 1, 1, 1, 1, 1, 1, 1, 0, 0, 1, 0, 1, 1, 1, 1, 0, 0, 1, 1, 1, 1, 1, 1, 1, 1, 1, 1, 0, 0, 1, 1, 1, 1, 1, 1, 1, 1, 1, 1, 1, 1, 1, 1, 1, 0, 1, 1, 1, 1, 0, 0, 1, 1, 1, 0, 1, 0, 1, 1, 1, 1, 1, 1, 0, 0, 1, 0, 1, 1, 1, 1, 0, 1, 1, 1, 0, 0, 1, 1, 1, 1, 0, 1, 1, 0, 1, 0, 1, 1, 1, 1, 1, 1, 1, 1, 1, 1, 1, 1, 1, 1, 1, 1, 1, 1, 1, 1, 1, 0, 1, 1, 0, 1, 1, 1, 1, 0, 1, 1, 1, 1, 1, 1, 0, 1, 1, 1, 0, 1, 1, 1, 1, 1, 1, 1, 0, 0, 1, 0, 1, 1, 1, 1, 0, 0, 1, 1, 1, 1, 1, 1, 1, 1, 1, 1, 0, 0, 1, 1, 1, 1, 1, 1, 1, 1, 1, 1, 1, 1, 1, 1, 1, 0, 1, 1, 1, 1, 0, 0, 1, 1, 1, 0, 1, 0, 1, 1, 1, 1, 1, 1, 0, 0, 1, 0, 1, 1, 1, 1, 0, 1, 1, 1, 0, 0, 1, 1, 1, 1, 0, 1, 1, 0, 1, 0, 1, 1, 1, 1, 1, 1, 1, 1, 1, 1, 1, 1, 1, 1, 1, 1, 1, 1, 1, 1, 1, 0, 1, 1, 0, 1, 1, 1, 1, 0, 1, 1, 1, 1, 1, 1, 0, 1, 1, 1, 0, 1, 1, 1, 1, 1, 1, 1, 0, 0, 1, 0, 1, 1, 1, 1, 0, 0, 1, 1, 1, 1, 1, 1, 1, 1, 1, 1, 0, 0, 1, 1, 1, 1, 1, 1, 1, 1, 1, 1, 1, 1, 1, 1, 1, 0, 1, 1, 1, 1, 0, 0, 1, 1, 1, 0, 1, 0, 1, 1, 1, 1, 1, 1, 0, 0, 1, 0, 1, 1, 1, 1, 0, 1, 1, 1, 0, 0, 1, 1, 1, 1, 0, 1, 1, 0, 1, 0, 1, 1, 1, 1, 1, 1, 1, 1, 1, 1, 1, 1, 1, 1, 1, 1, 1, 1, 1, 1, 1, 0, 1, 1, 0, 1, 1, 1, 1, 0, 1, 1, 1, 1, 1, 1, 0, 1, 1, 1, 0, 1, 1, 1, 1, 1, 1, 1, 0, 0, 1, 0, 1, 1, 1, 1, 0, 0, 1, 1, 1, 1, 1, 1, 1, 1, 1, 1, 0, 0, 1, 1, 1, 1, 1, 1, 1, 1, 1, 1, 1, 1, 1, 1, 1, 0, 1, 1, 1, 1, 0, 0, 1, 1, 1, 0, 1, 0, 1, 1, 1, 1, 1, 1, 0, 0, 1, 0, 1, 1, 1, 1, 0, 1, 1, 1, 0, 0, 1, 1, 1, 1, 0, 1, 1, 0, 1, 0, 1, 1, 1, 1, 1, 1, 1, 1, 1, 1, 1, 1, 1, 1, 1, 1, 1, 1, 1, 1, 1, 0, 1, 1, 0, 1, 1, 1, 1, 0, 1, 1, 1, 1, 1, 1, 0, 1, 1, 1, 0, 1, 1, 1, 1, 1, 1, 1, 0, 0, 1, 0, 1, 1, 1, 1, 0, 0, 1, 1, 1, 1, 1, 1, 1, 1, 1, 1, 0, 0, 1, 1, 1, 1, 1, 1, 1, 1, 1, 1, 1, 1, 1, 1, 1, 0, 1, 1, 1, 1, 0, 0, 1, 1, 1, 0, 1, 0, 1, 1, 1, 1, 1, 1, 0, 0, 1, 0, 1, 1, 1, 1, 0, 1, 1, 1, 0, 0, 1, 1, 1, 1, 0, 1, 1, 0, 1, 0, 1, 1, 1, 1, 1, 1, 1, 1, 1, 1, 1, 1, 1, 1, 1, 1, 1, 1, 1, 1, 1, 0, 1, 1, 0, 1, 1, 1, 1, 0, 1, 1, 1, 1, 1, 1, 0, 1, 1, 1, 0, 1, 1, 1, 1, 1, 1, 1, 0, 0, 1, 0, 1, 1, 1, 1, 0, 0, 1, 1, 1, 1, 1, 1, 1, 1, 1, 1, 0, 1, 1, 1, 0, 0, 0, 0, 0, 0, 0, 0, 0, 0, 0, 0, 0, 1, 0, 0, 0, 0, 1, 1, 0, 0, 0, 1, 0, 1, 0, 0, 0, 0, 0, 0, 1, 0, 1, 0, 0, 0, 0, 1, 0, 0, 0, 1, 1, 0, 0, 0, 0, 1, 0, 0, 1, 0, 1, 0, 0, 0, 0, 0, 0, 0, 0, 0, 0, 0, 0, 0, 0, 0, 0, 0, 0, 0, 0, 0, 1, 0, 1, 1, 0, 0, 0, 0, 1, 0, 0, 0, 0, 0, 0, 1, 0, 0, 0, 1, 0, 0, 0, 0, 0, 0, 0, 1, 0, 0, 1, 0, 1, 0, 0, 1, 1, 0, 0, 0, 0, 0, 0, 0, 0, 0, 0, 1, 0, 0, 0, 1, 1, 1, 1, 1, 1, 1, 1, 1, 1, 1, 1, 0, 0, 1, 1, 1, 1, 0, 0, 1, 1, 1, 0, 1, 0, 1, 1, 1, 1, 1, 1, 0, 0, 1, 0, 1, 1, 1, 1, 0, 1, 1, 1, 0, 0, 1, 1, 1, 1, 0, 1, 1, 0, 1, 0, 1, 1, 1, 1, 1, 1, 1, 1, 1, 1, 1, 1, 1, 1, 1, 1, 1, 1, 1, 1, 1, 0, 1, 1, 0, 1, 1, 1, 1, 0, 1, 1, 1, 1, 1, 1, 0, 0, 1, 1, 0, 0, 1, 1, 1, 1, 1, 1, 0, 0, 1, 0, 1, 1, 1, 1, 0, 0, 1, 1, 1, 1, 1, 1, 1, 1, 1, 1, 0, 1, 1, 1, 0, 0, 0, 0, 0, 0, 0, 0, 0, 0, 0, 0, 0, 1, 0, 0, 0, 0, 1, 1, 0, 0, 0, 1, 0, 1, 0, 0, 0, 0, 0, 0, 1, 0, 1, 0, 0, 0, 0, 1, 0, 0, 0, 1, 1, 0, 0, 0, 0, 1, 0, 0, 1, 0, 1, 0, 0, 0, 0, 0, 0, 0, 0, 0, 0, 0, 0, 0, 0, 0, 0, 0, 0, 0, 0, 0, 1, 0, 1, 1, 0, 0, 0, 0, 1, 0, 0, 0, 0, 0, 0, 1, 0, 0, 0, 1, 0, 0, 0, 0, 0, 0, 0, 1, 0, 1, 1, 0, 1, 0, 0, 1, 1, 0, 0, 0, 0, 0, 0, 0, 0, 0, 0, 1, 0, 0, 0, 1, 1, 1, 1, 1, 1, 1, 1, 1, 1, 1, 1, 0, 0, 1, 1, 1, 1, 0, 0, 1, 1, 1, 0, 1, 0, 1, 1, 1, 1, 1, 1, 0, 0, 1, 0, 1, 1, 1, 1, 0, 1, 1, 1, 0, 0, 1, 1, 1, 1, 0, 1, 1, 0, 1, 0, 1, 1, 1, 1, 1, 1, 1, 1, 1, 1, 1, 1, 1, 1, 1, 1, 1, 1, 1, 1, 1, 0, 1, 1, 0, 1, 1, 1, 1, 0, 1, 1, 1, 1, 1, 1, 0, 1, 1, 1, 0, 1, 1, 1, 1, 1, 1, 1, 0, 0, 1, 0, 1, 1, 1, 1, 0, 0, 1, 1, 1, 1, 1, 1, 1, 1, 1, 1, 0, 0, 1, 1, 1, 1, 1, 1, 1, 1, 1, 1, 1, 1, 1, 1, 1, 0, 1, 1, 1, 1, 0, 0, 1, 1, 1, 0, 1, 0, 1, 1, 1, 1, 1, 1, 0, 0, 1, 1, 1, 1, 1, 0, 0, 1, 1, 0, 0, 1, 1, 0, 1, 0, 1, 1, 0, 1, 0, 1, 1, 1, 1, 1, 1, 1, 1, 1, 1, 1, 1, 1, 1, 1, 1, 1, 1, 1, 1, 1, 0, 1, 1, 0, 1, 1, 1, 1, 0, 1, 1, 1, 1, 1, 1, 0, 1, 1, 1, 0, 1, 1, 1, 1, 1, 1, 1, 0, 0, 1, 0, 1, 1, 1, 1, 0, 0, 1, 1, 1, 1, 1, 1, 1, 1, 1, 1, 0, 1, 1, 1, 0, 0, 0, 0, 0, 0, 0, 0, 0, 0, 0, 0, 0, 1, 0, 0, 0, 0, 1, 1, 0, 0, 0, 1, 0, 1, 0, 0, 0, 0, 0, 0, 1, 0, 1, 0, 0, 0, 0, 1, 0, 0, 0, 1, 1, 0, 0, 0, 0, 1, 0, 0, 1, 0, 1, 0, 0, 0, 0, 0, 0, 0, 0, 0, 0, 0, 0, 0, 0, 0, 0, 0, 0, 0, 0, 0, 1, 0, 1, 1, 0, 0, 0, 0, 1, 0, 0, 0, 0, 0, 0, 1, 0, 0, 0, 1, 0, 0, 0, 0, 0, 0, 0, 1, 0, 1, 1, 0, 1, 0, 0, 1, 1, 0, 0, 0, 0, 0, 0, 0, 0, 0, 0, 1, 1, 0, 0, 0, 0, 0, 0, 0, 0, 0, 0, 0, 0, 0, 0, 0, 1, 0, 0, 0, 0, 1, 1, 0, 0, 0, 1, 0, 1, 0, 0, 0, 0, 0, 0, 1, 0, 1, 0, 0, 0, 0, 1, 0, 0, 0, 1, 1, 0, 0, 0, 0, 1, 0, 0, 1, 0, 1, 0, 0, 0, 0, 0, 0, 0, 0, 0, 0, 0, 0, 0, 0, 0, 0, 0, 0, 0, 0, 0, 1, 0, 1, 1, 0, 0, 0, 0, 1, 0, 0, 0, 0, 0, 0, 1, 0, 0, 0, 1, 0, 0, 0, 0, 0, 0, 0, 1, 0, 1, 1, 0, 1, 0, 0, 1, 1, 0, 0, 0, 0, 0, 0, 0, 0, 0, 0, 1, 0, 0, 0, 1, 1, 1, 1, 1, 1, 1, 1, 1, 1, 1, 1, 0, 0, 1, 1, 1, 1, 0, 0, 1, 1, 1, 0, 1, 0, 1, 1, 1, 1, 1, 1, 0, 0, 1, 0, 1, 1, 1, 1, 0, 1, 1, 1, 0, 0, 1, 1, 1, 1, 0, 1, 1, 0, 1, 0, 1, 1, 1, 1, 1, 1, 1, 1, 1, 1, 1, 1, 1, 1, 1, 1, 1, 1, 1, 1, 1, 0, 1, 1, 0, 1, 1, 1, 1, 0, 1, 1, 1, 1, 1, 1, 0, 1, 1, 1, 0, 1, 1, 1, 1, 1, 1, 1, 0, 0, 1, 0, 1, 1, 1, 1, 0, 0, 1, 1, 1, 1, 1, 1, 1, 1, 1, 1, 0, 0, 1, 1, 1, 1, 1, 1, 1, 1, 1, 1, 1, 1, 1, 1, 1, 0, 1, 1, 1, 1, 0, 0, 1, 1, 1, 0, 1, 0, 1, 1, 1, 1, 1, 1, 0, 0, 1, 0, 1, 1, 1, 1, 0, 1, 1, 1, 0, 0, 1, 1, 1, 1, 0, 1, 1, 0, 1, 0, 1, 1, 1, 1, 1, 1, 1, 1, 1, 1, 1, 1, 1, 1, 1, 1, 1, 1, 1, 1, 1, 0, 1, 1, 0, 1, 1, 1, 1, 0, 1, 1, 1, 1, 1, 1, 0, 1, 1, 1, 0, 1, 1, 1, 1, 1, 1, 1, 0, 0, 1, 0, 1, 1, 1, 1, 0, 0, 1, 1, 1, 1, 1, 1, 1, 1, 1, 1, 0, 0, 1, 1, 1, 1, 1, 1, 1, 1, 1, 1, 1, 1, 1, 1, 1, 0, 1, 1, 1, 1, 0, 0, 1, 1, 1, 0, 1, 0, 1, 1, 1, 1, 1, 1, 0, 0, 1, 0, 1, 1, 1, 1, 0, 1, 1, 1, 0, 0, 1, 1, 1, 1, 0, 1, 1, 0, 1, 0, 1, 1, 1, 1, 1, 1, 1, 1, 1, 1, 1, 1, 1, 1, 1, 1, 1, 1, 1, 1, 1, 0, 1, 1, 0, 1, 1, 1, 1, 0, 1, 1, 1, 1, 1, 1, 0, 1, 1, 1, 0, 1, 1, 1, 1, 1, 1, 1, 0, 0, 1, 0, 1, 1, 1, 1, 0, 0, 1, 1, 1, 1, 1, 1, 1, 1, 1, 1, 0, 0, 1, 1, 1, 1, 1, 1, 1, 1, 1, 1, 1, 1, 1, 1, 1, 0, 1, 1, 1, 1, 0, 0, 1, 1, 1, 0, 1, 0, 1, 1, 1, 1, 1, 1, 0, 0, 1, 0, 1, 1, 1, 1, 0, 1, 1, 1, 0, 0, 1, 1, 1, 1, 0, 1, 1, 0, 1, 0, 1, 1, 1, 1, 1, 1, 1, 1, 1, 1, 1, 1, 1, 1, 1, 1, 1, 1, 1, 1, 1, 0, 1, 1, 0, 1, 1, 1, 1, 0, 1, 1, 1, 1, 1, 1, 0, 1, 1, 1, 0, 1, 1, 1, 1, 1, 1, 1, 0, 0, 1, 0, 1, 1, 1, 1, 0, 0, 1, 1, 1, 1, 1, 1, 1, 1, 1, 1, 0, 0, 1, 1, 1, 1, 1, 1, 1, 1, 1, 1, 1, 1, 1, 1, 1, 0, 1, 1, 1, 1, 0, 0, 1, 1, 1, 0, 1, 0, 1, 1, 1, 1, 1, 1, 0, 0, 1, 0, 1, 1, 1, 1, 0, 1, 1, 1, 0, 0, 1, 1, 1, 1, 0, 1, 1, 0, 1, 0, 1, 1, 1, 1, 1, 1, 1, 1, 1, 1, 1, 1, 1, 1, 1, 1, 1, 1, 1, 1, 1, 0, 1, 1, 0, 1, 1, 1, 1, 0, 1, 1, 1, 1, 1, 1, 0, 1, 1, 1, 0, 1, 1, 1, 1, 1, 1, 1, 0, 0, 1, 0, 1, 1, 1, 1, 0, 0, 1, 1, 1, 1, 1, 1, 1, 1, 1, 1, 0, 1, 1, 1, 0, 0, 0, 0, 0, 0, 0, 0, 0, 0, 0, 0, 0, 1, 0, 0, 0, 0, 1, 1, 0, 0, 0, 1, 0, 1, 0, 0, 0, 0, 0, 0, 1, 0, 1, 0, 0, 0, 0, 1, 0, 0, 0, 1, 1, 0, 0, 0, 0, 1, 0, 0, 1, 0, 1, 0, 0, 0, 0, 0, 0, 0, 0, 0, 0, 0, 0, 0, 0, 0, 0, 0, 0, 0, 0, 0, 1, 0, 1, 1, 0, 0, 0, 0, 1, 0, 0, 0, 0, 0, 0, 1, 0, 0, 0, 1, 0, 0, 0, 0, 0, 0, 0, 1, 0, 1, 1, 0, 1, 0, 0, 1, 1, 0, 0, 0, 0, 0, 0, 0, 0, 0, 0, 1, 1, 0, 0, 0, 0, 0, 0, 0, 0, 0, 0, 0, 0, 0, 0, 0, 1, 0, 0, 0, 0, 1, 1, 0, 0, 0, 1, 0, 1, 0, 0, 0, 0, 0, 0, 1, 0, 1, 0, 0, 0, 0, 1, 0, 0, 0, 1, 1, 0, 0, 0, 0, 1, 0, 0, 1, 0, 1, 0, 0, 0, 0, 0, 0, 0, 0, 0, 0, 0, 0, 0, 0, 0, 0, 0, 0, 0, 0, 0, 1, 0, 1, 1, 0, 0, 0, 0, 1, 0, 0, 0, 0, 0, 0, 1, 0, 0, 0, 1, 0, 0, 0, 0, 0, 0, 0, 1, 0, 0, 1, 0, 1, 0, 0, 1, 1, 0, 0, 0, 0, 0, 0, 0, 0, 0, 0, 1, 1, 0, 0, 0, 0, 0, 0, 0, 0, 0, 0, 0, 0, 0, 0, 0, 1, 0, 0, 0, 0, 1, 1, 0, 0, 0, 1, 0, 1, 0, 0, 0, 0, 0, 0, 1, 0, 1, 0, 0, 0, 0, 1, 0, 0, 0, 1, 1, 0, 0, 0, 0, 1, 0, 0, 1, 0, 1, 0, 0, 0, 0, 0, 0, 0, 0, 0, 0, 0, 0, 0, 0, 0, 0, 0, 0, 0, 0, 0, 1, 0, 1, 1, 0, 0, 0, 0, 1, 0, 0, 0, 0, 0, 0, 1, 0, 0, 0, 1, 0, 0, 0, 0, 0, 0, 0, 1, 0, 1, 1, 0, 1, 0, 0, 1, 1, 0, 0, 0, 0, 0, 0, 0, 0, 0, 0, 1, 1, 0, 0, 0, 0, 0, 0, 0, 0, 0, 0, 0, 0, 0, 0, 0, 1, 0, 0, 0, 0, 1, 1, 0, 0, 0, 1, 0, 1, 0, 0, 0, 0, 0, 0, 1, 0, 1, 0, 0, 0, 0, 1, 0, 0, 0, 1, 1, 0, 0, 0, 0, 1, 0, 0, 1, 0, 1, 0, 0, 0, 0, 0, 0, 0, 0, 0, 0, 0, 0, 0, 0, 0, 0, 0, 0, 0, 0, 0, 1, 0, 1, 1, 0, 0, 0, 0, 1, 0, 0, 0, 0, 0, 0, 1, 0, 0, 0, 1, 0, 0, 0, 0, 0, 0, 0, 1, 0, 0, 1, 0, 1, 0, 0, 1, 1, 0, 0, 0, 0, 0, 0, 0, 0, 0, 0, 1, 0, 0, 0, 1, 1, 1, 1, 1, 1, 1, 1, 1, 1, 1, 1, 0, 0, 1, 1, 1, 1, 0, 0, 1, 1, 1, 0, 1, 0, 1, 1, 1, 1, 1, 1, 0, 0, 1, 0, 1, 1, 1, 1, 0, 1, 1, 1, 0, 0, 1, 1, 1, 1, 0, 1, 1, 0, 1, 0, 1, 1, 1, 1, 1, 1, 1, 1, 1, 1, 1, 1, 1, 1, 1, 1, 1, 1, 1, 1, 1, 0, 1, 1, 0, 1, 1, 1, 1, 0, 1, 1, 1, 1, 1, 1, 0, 1, 1, 1, 0, 1, 1, 1, 1, 1, 1, 1, 0, 0, 1, 0, 1, 1, 1, 1, 0, 0, 1, 1, 1, 1, 1, 1, 1, 1, 1, 1, 0, 0, 1, 1, 1, 1, 1, 1, 1, 1, 1, 1, 1, 1, 1, 1, 1, 0, 1, 1, 1, 1, 0, 0, 1, 1, 1, 0, 1, 0, 1, 1, 1, 1, 1, 1, 0, 0, 1, 1, 1, 1, 1, 0, 0, 1, 1, 0, 0, 1, 1, 0, 1, 0, 1, 1, 0, 1, 0, 1, 1, 1, 1, 1, 1, 1, 1, 1, 1, 1, 1, 1, 1, 1, 1, 1, 1, 1, 1, 1, 0, 1, 1, 0, 1, 1, 1, 1, 0, 1, 1, 1, 1, 1, 1, 0, 1, 1, 1, 0, 1, 1, 1, 1, 1, 1, 1, 0, 0, 1, 0, 1, 1, 1, 1, 0, 0, 1, 1, 1, 1, 1, 1, 1, 1, 1, 1, 0, 1, 1, 1, 0, 0, 0, 0, 0, 0, 0, 0, 0, 0, 0, 0, 0, 1, 0, 0, 0, 0, 1, 1, 0, 0, 0, 1, 0, 1, 0, 0, 0, 0, 0, 0, 1, 0, 1, 0, 0, 0, 0, 1, 0, 0, 0, 1, 1, 0, 0, 0, 0, 1, 0, 0, 1, 0, 1, 0, 0, 0, 0, 0, 0, 0, 0, 0, 0, 0, 0, 0, 0, 0, 0, 0, 0, 0, 0, 0, 1, 0, 1, 1, 0, 0, 0, 0, 1, 0, 0, 0, 0, 0, 0, 1, 0, 0, 0, 1, 0, 0, 0, 0, 0, 0, 0, 1, 0, 1, 1, 0, 1, 0, 0, 1, 1, 0, 0, 0, 0, 0, 0, 0, 0, 0, 0, 1, 0, 0, 0, 1, 1, 1, 1, 1, 1, 1, 1, 1, 1, 1, 1, 0, 0, 1, 1, 1, 1, 0, 0, 1, 1, 1, 0, 1, 0, 1, 1, 1, 1, 1, 1, 0, 0, 1, 0, 1, 1, 1, 1, 0, 1, 1, 1, 0, 0, 1, 1, 1, 1, 0, 1, 1, 0, 1, 0, 1, 1, 1, 1, 1, 1, 1, 1, 1, 1, 1, 1, 1, 1, 1, 1, 1, 1, 1, 1, 1, 0, 1, 1, 0, 1, 1, 1, 1, 0, 1, 1, 1, 1, 1, 1, 0, 1, 1, 1, 0, 1, 1, 1, 1, 1, 1, 1, 0]
2025-08-27 18:23:23 [INFO] offset: 2045
2025-08-27 18:23:23 [INFO] value of correlation at offset: 1180
2025-08-27 18:23:23 [INFO] Synced received bits (4): [0.0, 1.0, 1.0, 0.0]
2025-08-27 18:23:23 [INFO] Transmitted payload bits(4): [1 1 0 1]
2025-08-27 18:23:23 [INFO] Sync word correlation: 1180
2025-08-27 18:23:23 [INFO] BER: 0.75
2025-08-29 11:46:44 [DEBUG] **** New run with CLI arguments: Namespace(source='sim', file=None, verbose=3, n_tags=1)
2025-08-29 11:46:44 [DEBUG] Generating simulated samples for 1 tags
2025-08-29 11:46:44 [INFO] simulated packet metadata: SimulatedPacket(tag_id=0, preamble_bits=array([1, 1, 1, 1, 1, 1, 1, 1, 1, 1, 1, 1, 1, 1, 1, 1]), sync_bits=array([0, 1, 0, 1, 1, 0, 0, 1, 1, 1, 1, 1, 0, 0, 0, 0]), payload_bits=array([1, 1, 0, 1]), sps=1, all_bits=array([1, 1, 1, 1, 1, 1, 1, 1, 1, 1, 1, 1, 1, 1, 1, 1, 0, 1, 0, 1, 1, 0, 0, 1, 1, 1, 1, 1, 0, 0, 0, 0, 1, 1, 0, 1]), goldcode=array([-1, -1, -1, -1, -1, -1, -1, -1, -1, -1, -1, -1,  1, -1, -1, -1, -1,  1,  1, -1, -1, -1,  1,  1, -1,  1,  1,  1,
        1,  1,  1, -1,  1,  1, -1, -1, -1, -1,  1,  1, -1, -1,  1, -1,  1,  1, -1, -1,  1, -1, -1,  1, -1,  1, -1, -1,
       -1,  1,  1,  1,  1,  1,  1,  1, -1, -1,  1,  1,  1,  1,  1,  1, -1, -1, -1,  1, -1,  1, -1,  1,  1,  1,  1, -1,
        1,  1,  1,  1,  1,  1, -1,  1,  1, -1,  1, -1, -1,  1,  1,  1,  1,  1, -1,  1, -1,  1, -1, -1,  1,  1, -1,  1,
       -1, -1,  1,  1,  1,  1,  1,  1, -1, -1,  1, -1,  1,  1, -1]), samples=None, snr_db=15.0, frequency_offset_hz=500.0, time_delay_sec=0.002)
2025-08-29 11:46:44 [INFO] Packet to demod: [-1.+0.j -1.+0.j -1.+0.j -1.+0.j -1.+0.j -1.+0.j -1.+0.j -1.+0.j -1.+0.j -1.+0.j -1.+0.j -1.+0.j  1.+0.j -1.+0.j
 -1.+0.j -1.+0.j -1.+0.j  1.+0.j  1.+0.j -1.+0.j -1.+0.j -1.+0.j  1.+0.j  1.+0.j -1.+0.j  1.+0.j  1.+0.j  1.+0.j
  1.+0.j  1.+0.j  1.+0.j -1.+0.j  1.+0.j  1.+0.j -1.+0.j -1.+0.j -1.+0.j -1.+0.j  1.+0.j  1.+0.j -1.+0.j -1.+0.j
  1.+0.j -1.+0.j  1.+0.j  1.+0.j -1.+0.j -1.+0.j  1.+0.j -1.+0.j -1.+0.j  1.+0.j -1.+0.j  1.+0.j -1.+0.j -1.+0.j
 -1.+0.j  1.+0.j  1.+0.j  1.+0.j  1.+0.j  1.+0.j  1.+0.j  1.+0.j -1.+0.j -1.+0.j  1.+0.j  1.+0.j  1.+0.j  1.+0.j
  1.+0.j  1.+0.j -1.+0.j -1.+0.j -1.+0.j  1.+0.j -1.+0.j  1.+0.j -1.+0.j  1.+0.j  1.+0.j  1.+0.j  1.+0.j -1.+0.j
  1.+0.j  1.+0.j  1.+0.j  1.+0.j  1.+0.j  1.+0.j -1.+0.j  1.+0.j  1.+0.j -1.+0.j  1.+0.j -1.+0.j -1.+0.j  1.+0.j
  1.+0.j  1.+0.j  1.+0.j  1.+0.j -1.+0.j  1.+0.j -1.+0.j  1.+0.j -1.+0.j -1.+0.j  1.+0.j  1.+0.j -1.+0.j  1.+0.j
 -1.+0.j -1.+0.j  1.+0.j  1.+0.j  1.+0.j  1.+0.j  1.+0.j  1.+0.j -1.+0.j -1.+0.j  1.+0.j -1.+0.j  1.+0.j  1.+0.j
 -1.+0.j -1.+0.j -1.+0.j -1.+0.j -1.+0.j -1.+0.j -1.+0.j -1.+0.j -1.+0.j -1.+0.j -1.+0.j -1.+0.j -1.+0.j  1.+0.j
 -1.+0.j -1.+0.j -1.+0.j -1.+0.j  1.+0.j  1.+0.j -1.+0.j -1.+0.j -1.+0.j  1.+0.j  1.+0.j -1.+0.j  1.+0.j  1.+0.j
  1.+0.j  1.+0.j  1.+0.j  1.+0.j -1.+0.j  1.+0.j  1.+0.j -1.+0.j -1.+0.j -1.+0.j -1.+0.j  1.+0.j  1.+0.j -1.+0.j
 -1.+0.j  1.+0.j -1.+0.j  1.+0.j  1.+0.j -1.+0.j -1.+0.j  1.+0.j -1.+0.j -1.+0.j  1.+0.j -1.+0.j  1.+0.j -1.+0.j
 -1.+0.j -1.+0.j  1.+0.j  1.+0.j  1.+0.j  1.+0.j  1.+0.j  1.+0.j  1.+0.j -1.+0.j -1.+0.j  1.+0.j  1.+0.j  1.+0.j
  1.+0.j  1.+0.j  1.+0.j -1.+0.j -1.+0.j -1.+0.j  1.+0.j -1.+0.j  1.+0.j -1.+0.j  1.+0.j  1.+0.j  1.+0.j  1.+0.j
 -1.+0.j  1.+0.j  1.+0.j  1.+0.j  1.+0.j  1.+0.j  1.+0.j -1.+0.j  1.+0.j  1.+0.j -1.+0.j  1.+0.j -1.+0.j -1.+0.j
  1.+0.j  1.+0.j  1.+0.j  1.+0.j  1.+0.j -1.+0.j  1.+0.j -1.+0.j  1.+0.j -1.+0.j -1.+0.j  1.+0.j  1.+0.j -1.+0.j
  1.+0.j -1.+0.j -1.+0.j  1.+0.j  1.+0.j  1.+0.j  1.+0.j  1.+0.j  1.+0.j -1.+0.j -1.+0.j  1.+0.j -1.+0.j  1.+0.j
  1.+0.j -1.+0.j -1.+0.j -1.+0.j -1.+0.j -1.+0.j -1.+0.j -1.+0.j -1.+0.j -1.+0.j -1.+0.j -1.+0.j -1.+0.j -1.+0.j
  1.+0.j -1.+0.j -1.+0.j -1.+0.j -1.+0.j  1.+0.j  1.+0.j -1.+0.j -1.+0.j -1.+0.j  1.+0.j  1.+0.j -1.+0.j  1.+0.j
  1.+0.j  1.+0.j  1.+0.j  1.+0.j  1.+0.j -1.+0.j  1.+0.j  1.+0.j -1.+0.j -1.+0.j -1.+0.j -1.+0.j  1.+0.j  1.+0.j
 -1.+0.j -1.+0.j  1.+0.j -1.+0.j  1.+0.j  1.+0.j -1.+0.j -1.+0.j  1.+0.j -1.+0.j -1.+0.j  1.+0.j -1.+0.j  1.+0.j
 -1.+0.j -1.+0.j -1.+0.j  1.+0.j  1.+0.j  1.+0.j  1.+0.j  1.+0.j  1.+0.j  1.+0.j -1.+0.j -1.+0.j  1.+0.j  1.+0.j
  1.+0.j  1.+0.j  1.+0.j  1.+0.j -1.+0.j -1.+0.j -1.+0.j  1.+0.j -1.+0.j  1.+0.j -1.+0.j  1.+0.j  1.+0.j  1.+0.j
  1.+0.j -1.+0.j  1.+0.j  1.+0.j  1.+0.j  1.+0.j  1.+0.j  1.+0.j -1.+0.j  1.+0.j  1.+0.j -1.+0.j  1.+0.j -1.+0.j
 -1.+0.j  1.+0.j  1.+0.j  1.+0.j  1.+0.j  1.+0.j -1.+0.j  1.+0.j -1.+0.j  1.+0.j -1.+0.j -1.+0.j  1.+0.j  1.+0.j
 -1.+0.j  1.+0.j -1.+0.j -1.+0.j  1.+0.j  1.+0.j  1.+0.j  1.+0.j  1.+0.j  1.+0.j -1.+0.j -1.+0.j  1.+0.j -1.+0.j
  1.+0.j  1.+0.j -1.+0.j -1.+0.j -1.+0.j -1.+0.j -1.+0.j -1.+0.j -1.+0.j -1.+0.j -1.+0.j -1.+0.j -1.+0.j -1.+0.j
 -1.+0.j  1.+0.j -1.+0.j -1.+0.j -1.+0.j -1.+0.j  1.+0.j  1.+0.j -1.+0.j -1.+0.j -1.+0.j  1.+0.j  1.+0.j -1.+0.j
  1.+0.j  1.+0.j  1.+0.j  1.+0.j  1.+0.j  1.+0.j -1.+0.j  1.+0.j  1.+0.j -1.+0.j -1.+0.j -1.+0.j -1.+0.j  1.+0.j
  1.+0.j -1.+0.j -1.+0.j  1.+0.j -1.+0.j  1.+0.j  1.+0.j -1.+0.j -1.+0.j  1.+0.j -1.+0.j -1.+0.j  1.+0.j -1.+0.j
  1.+0.j -1.+0.j -1.+0.j -1.+0.j  1.+0.j  1.+0.j  1.+0.j  1.+0.j  1.+0.j  1.+0.j  1.+0.j -1.+0.j -1.+0.j  1.+0.j
  1.+0.j  1.+0.j  1.+0.j  1.+0.j  1.+0.j -1.+0.j -1.+0.j -1.+0.j  1.+0.j -1.+0.j  1.+0.j -1.+0.j  1.+0.j  1.+0.j
  1.+0.j  1.+0.j -1.+0.j  1.+0.j  1.+0.j  1.+0.j  1.+0.j  1.+0.j  1.+0.j -1.+0.j  1.+0.j  1.+0.j -1.+0.j  1.+0.j
 -1.+0.j -1.+0.j  1.+0.j  1.+0.j  1.+0.j  1.+0.j  1.+0.j -1.+0.j  1.+0.j -1.+0.j  1.+0.j -1.+0.j -1.+0.j  1.+0.j
  1.+0.j -1.+0.j  1.+0.j -1.+0.j -1.+0.j  1.+0.j  1.+0.j  1.+0.j  1.+0.j  1.+0.j  1.+0.j -1.+0.j -1.+0.j  1.+0.j
 -1.+0.j  1.+0.j  1.+0.j -1.+0.j -1.+0.j -1.+0.j -1.+0.j -1.+0.j -1.+0.j -1.+0.j -1.+0.j -1.+0.j -1.+0.j -1.+0.j
 -1.+0.j -1.+0.j  1.+0.j -1.+0.j -1.+0.j -1.+0.j -1.+0.j  1.+0.j  1.+0.j -1.+0.j -1.+0.j -1.+0.j  1.+0.j  1.+0.j
 -1.+0.j  1.+0.j  1.+0.j  1.+0.j  1.+0.j  1.+0.j  1.+0.j -1.+0.j  1.+0.j  1.+0.j -1.+0.j -1.+0.j -1.+0.j -1.+0.j
  1.+0.j  1.+0.j -1.+0.j -1.+0.j  1.+0.j -1.+0.j  1.+0.j  1.+0.j -1.+0.j -1.+0.j  1.+0.j -1.+0.j -1.+0.j  1.+0.j
 -1.+0.j  1.+0.j -1.+0.j -1.+0.j -1.+0.j  1.+0.j  1.+0.j  1.+0.j  1.+0.j  1.+0.j  1.+0.j  1.+0.j -1.+0.j -1.+0.j
  1.+0.j  1.+0.j  1.+0.j  1.+0.j  1.+0.j  1.+0.j -1.+0.j -1.+0.j -1.+0.j  1.+0.j -1.+0.j  1.+0.j -1.+0.j  1.+0.j
  1.+0.j  1.+0.j  1.+0.j -1.+0.j  1.+0.j  1.+0.j  1.+0.j  1.+0.j  1.+0.j  1.+0.j -1.+0.j  1.+0.j  1.+0.j -1.+0.j
  1.+0.j -1.+0.j -1.+0.j  1.+0.j  1.+0.j  1.+0.j  1.+0.j  1.+0.j -1.+0.j  1.+0.j -1.+0.j  1.+0.j -1.+0.j -1.+0.j
  1.+0.j  1.+0.j -1.+0.j  1.+0.j -1.+0.j -1.+0.j  1.+0.j  1.+0.j  1.+0.j  1.+0.j  1.+0.j  1.+0.j -1.+0.j -1.+0.j
  1.+0.j -1.+0.j  1.+0.j  1.+0.j -1.+0.j -1.+0.j -1.+0.j -1.+0.j -1.+0.j -1.+0.j -1.+0.j -1.+0.j -1.+0.j -1.+0.j
 -1.+0.j -1.+0.j -1.+0.j  1.+0.j -1.+0.j -1.+0.j -1.+0.j -1.+0.j  1.+0.j  1.+0.j -1.+0.j -1.+0.j -1.+0.j  1.+0.j
  1.+0.j -1.+0.j  1.+0.j  1.+0.j  1.+0.j  1.+0.j  1.+0.j  1.+0.j -1.+0.j  1.+0.j  1.+0.j -1.+0.j -1.+0.j -1.+0.j
 -1.+0.j  1.+0.j  1.+0.j -1.+0.j -1.+0.j  1.+0.j -1.+0.j  1.+0.j  1.+0.j -1.+0.j -1.+0.j  1.+0.j -1.+0.j -1.+0.j
  1.+0.j -1.+0.j  1.+0.j -1.+0.j -1.+0.j -1.+0.j  1.+0.j  1.+0.j  1.+0.j  1.+0.j  1.+0.j  1.+0.j  1.+0.j -1.+0.j
 -1.+0.j  1.+0.j  1.+0.j  1.+0.j  1.+0.j  1.+0.j  1.+0.j -1.+0.j -1.+0.j -1.+0.j  1.+0.j -1.+0.j  1.+0.j -1.+0.j
  1.+0.j  1.+0.j  1.+0.j  1.+0.j -1.+0.j  1.+0.j  1.+0.j  1.+0.j  1.+0.j  1.+0.j  1.+0.j -1.+0.j  1.+0.j  1.+0.j
 -1.+0.j  1.+0.j -1.+0.j -1.+0.j  1.+0.j  1.+0.j  1.+0.j  1.+0.j  1.+0.j -1.+0.j  1.+0.j -1.+0.j  1.+0.j -1.+0.j
 -1.+0.j  1.+0.j  1.+0.j -1.+0.j  1.+0.j -1.+0.j -1.+0.j  1.+0.j  1.+0.j  1.+0.j  1.+0.j  1.+0.j  1.+0.j -1.+0.j
 -1.+0.j  1.+0.j -1.+0.j  1.+0.j  1.+0.j -1.+0.j -1.+0.j -1.+0.j -1.+0.j -1.+0.j -1.+0.j -1.+0.j -1.+0.j -1.+0.j
 -1.+0.j -1.+0.j -1.+0.j -1.+0.j  1.+0.j -1.+0.j -1.+0.j -1.+0.j -1.+0.j  1.+0.j  1.+0.j -1.+0.j -1.+0.j -1.+0.j
  1.+0.j  1.+0.j -1.+0.j  1.+0.j  1.+0.j  1.+0.j  1.+0.j  1.+0.j  1.+0.j -1.+0.j  1.+0.j  1.+0.j -1.+0.j -1.+0.j
 -1.+0.j -1.+0.j  1.+0.j  1.+0.j -1.+0.j -1.+0.j  1.+0.j -1.+0.j  1.+0.j  1.+0.j -1.+0.j -1.+0.j  1.+0.j -1.+0.j
 -1.+0.j  1.+0.j -1.+0.j  1.+0.j -1.+0.j -1.+0.j -1.+0.j  1.+0.j  1.+0.j  1.+0.j  1.+0.j  1.+0.j  1.+0.j  1.+0.j
 -1.+0.j -1.+0.j  1.+0.j  1.+0.j  1.+0.j  1.+0.j  1.+0.j  1.+0.j -1.+0.j -1.+0.j -1.+0.j  1.+0.j -1.+0.j  1.+0.j
 -1.+0.j  1.+0.j  1.+0.j  1.+0.j  1.+0.j -1.+0.j  1.+0.j  1.+0.j  1.+0.j  1.+0.j  1.+0.j  1.+0.j -1.+0.j  1.+0.j
  1.+0.j -1.+0.j  1.+0.j -1.+0.j -1.+0.j  1.+0.j  1.+0.j  1.+0.j  1.+0.j  1.+0.j -1.+0.j  1.+0.j -1.+0.j  1.+0.j
 -1.+0.j -1.+0.j  1.+0.j  1.+0.j -1.+0.j  1.+0.j -1.+0.j -1.+0.j  1.+0.j  1.+0.j  1.+0.j  1.+0.j  1.+0.j  1.+0.j
 -1.+0.j -1.+0.j  1.+0.j -1.+0.j  1.+0.j  1.+0.j -1.+0.j -1.+0.j -1.+0.j -1.+0.j -1.+0.j -1.+0.j -1.+0.j -1.+0.j
 -1.+0.j -1.+0.j -1.+0.j -1.+0.j -1.+0.j  1.+0.j -1.+0.j -1.+0.j -1.+0.j -1.+0.j  1.+0.j  1.+0.j -1.+0.j -1.+0.j
 -1.+0.j  1.+0.j  1.+0.j -1.+0.j  1.+0.j  1.+0.j  1.+0.j  1.+0.j  1.+0.j  1.+0.j -1.+0.j  1.+0.j  1.+0.j -1.+0.j
 -1.+0.j -1.+0.j -1.+0.j  1.+0.j  1.+0.j -1.+0.j -1.+0.j  1.+0.j -1.+0.j  1.+0.j  1.+0.j -1.+0.j -1.+0.j  1.+0.j
 -1.+0.j -1.+0.j  1.+0.j -1.+0.j  1.+0.j -1.+0.j -1.+0.j -1.+0.j  1.+0.j  1.+0.j  1.+0.j  1.+0.j  1.+0.j  1.+0.j
  1.+0.j -1.+0.j -1.+0.j  1.+0.j  1.+0.j  1.+0.j  1.+0.j  1.+0.j  1.+0.j -1.+0.j -1.+0.j -1.+0.j  1.+0.j -1.+0.j
  1.+0.j -1.+0.j  1.+0.j  1.+0.j  1.+0.j  1.+0.j -1.+0.j  1.+0.j  1.+0.j  1.+0.j  1.+0.j  1.+0.j  1.+0.j -1.+0.j
  1.+0.j  1.+0.j -1.+0.j  1.+0.j -1.+0.j -1.+0.j  1.+0.j  1.+0.j  1.+0.j  1.+0.j  1.+0.j -1.+0.j  1.+0.j -1.+0.j
  1.+0.j -1.+0.j -1.+0.j  1.+0.j  1.+0.j -1.+0.j  1.+0.j -1.+0.j -1.+0.j  1.+0.j  1.+0.j  1.+0.j  1.+0.j  1.+0.j
  1.+0.j -1.+0.j -1.+0.j  1.+0.j -1.+0.j  1.+0.j  1.+0.j -1.+0.j -1.+0.j -1.+0.j -1.+0.j -1.+0.j -1.+0.j -1.+0.j
 -1.+0.j -1.+0.j -1.+0.j -1.+0.j -1.+0.j -1.+0.j  1.+0.j -1.+0.j -1.+0.j -1.+0.j -1.+0.j  1.+0.j  1.+0.j -1.+0.j
 -1.+0.j -1.+0.j  1.+0.j  1.+0.j -1.+0.j  1.+0.j  1.+0.j  1.+0.j  1.+0.j  1.+0.j  1.+0.j -1.+0.j  1.+0.j  1.+0.j
 -1.+0.j -1.+0.j -1.+0.j -1.+0.j  1.+0.j  1.+0.j -1.+0.j -1.+0.j  1.+0.j -1.+0.j  1.+0.j  1.+0.j -1.+0.j -1.+0.j
  1.+0.j -1.+0.j -1.+0.j  1.+0.j -1.+0.j  1.+0.j -1.+0.j -1.+0.j -1.+0.j  1.+0.j  1.+0.j  1.+0.j  1.+0.j  1.+0.j
  1.+0.j  1.+0.j -1.+0.j -1.+0.j  1.+0.j  1.+0.j  1.+0.j  1.+0.j  1.+0.j  1.+0.j -1.+0.j -1.+0.j -1.+0.j  1.+0.j
 -1.+0.j  1.+0.j -1.+0.j  1.+0.j  1.+0.j  1.+0.j  1.+0.j -1.+0.j  1.+0.j  1.+0.j  1.+0.j  1.+0.j  1.+0.j  1.+0.j
 -1.+0.j  1.+0.j  1.+0.j -1.+0.j  1.+0.j -1.+0.j -1.+0.j  1.+0.j  1.+0.j  1.+0.j  1.+0.j  1.+0.j -1.+0.j  1.+0.j
 -1.+0.j  1.+0.j -1.+0.j -1.+0.j  1.+0.j  1.+0.j -1.+0.j  1.+0.j -1.+0.j -1.+0.j  1.+0.j  1.+0.j  1.+0.j  1.+0.j
  1.+0.j  1.+0.j -1.+0.j -1.+0.j  1.+0.j -1.+0.j  1.+0.j  1.+0.j -1.+0.j -1.+0.j -1.+0.j -1.+0.j -1.+0.j -1.+0.j
 -1.+0.j -1.+0.j -1.+0.j -1.+0.j -1.+0.j -1.+0.j -1.+0.j  1.+0.j -1.+0.j -1.+0.j -1.+0.j -1.+0.j  1.+0.j  1.+0.j
 -1.+0.j -1.+0.j -1.+0.j  1.+0.j  1.+0.j -1.+0.j  1.+0.j  1.+0.j  1.+0.j  1.+0.j  1.+0.j  1.+0.j -1.+0.j  1.+0.j
  1.+0.j -1.+0.j -1.+0.j -1.+0.j -1.+0.j  1.+0.j  1.+0.j -1.+0.j -1.+0.j  1.+0.j -1.+0.j  1.+0.j  1.+0.j -1.+0.j
 -1.+0.j  1.+0.j -1.+0.j -1.+0.j  1.+0.j -1.+0.j  1.+0.j -1.+0.j -1.+0.j -1.+0.j  1.+0.j  1.+0.j  1.+0.j  1.+0.j
  1.+0.j  1.+0.j  1.+0.j -1.+0.j -1.+0.j  1.+0.j  1.+0.j  1.+0.j  1.+0.j  1.+0.j  1.+0.j -1.+0.j -1.+0.j -1.+0.j
  1.+0.j -1.+0.j  1.+0.j -1.+0.j  1.+0.j  1.+0.j  1.+0.j  1.+0.j -1.+0.j  1.+0.j  1.+0.j  1.+0.j  1.+0.j  1.+0.j
  1.+0.j -1.+0.j  1.+0.j  1.+0.j -1.+0.j  1.+0.j -1.+0.j -1.+0.j  1.+0.j  1.+0.j  1.+0.j  1.+0.j  1.+0.j -1.+0.j
  1.+0.j -1.+0.j  1.+0.j -1.+0.j -1.+0.j  1.+0.j  1.+0.j -1.+0.j  1.+0.j -1.+0.j -1.+0.j  1.+0.j  1.+0.j  1.+0.j
  1.+0.j  1.+0.j  1.+0.j -1.+0.j -1.+0.j  1.+0.j -1.+0.j  1.+0.j  1.+0.j -1.+0.j -1.+0.j -1.+0.j -1.+0.j -1.+0.j
 -1.+0.j -1.+0.j -1.+0.j -1.+0.j -1.+0.j -1.+0.j -1.+0.j -1.+0.j  1.+0.j -1.+0.j -1.+0.j -1.+0.j -1.+0.j  1.+0.j
  1.+0.j -1.+0.j -1.+0.j -1.+0.j  1.+0.j  1.+0.j -1.+0.j  1.+0.j  1.+0.j  1.+0.j  1.+0.j  1.+0.j  1.+0.j -1.+0.j
  1.+0.j  1.+0.j -1.+0.j -1.+0.j -1.+0.j -1.+0.j  1.+0.j  1.+0.j -1.+0.j -1.+0.j  1.+0.j -1.+0.j  1.+0.j  1.+0.j
 -1.+0.j -1.+0.j  1.+0.j -1.+0.j -1.+0.j  1.+0.j -1.+0.j  1.+0.j -1.+0.j -1.+0.j -1.+0.j  1.+0.j  1.+0.j  1.+0.j
  1.+0.j  1.+0.j  1.+0.j  1.+0.j -1.+0.j -1.+0.j  1.+0.j  1.+0.j  1.+0.j  1.+0.j  1.+0.j  1.+0.j -1.+0.j -1.+0.j
 -1.+0.j  1.+0.j -1.+0.j  1.+0.j -1.+0.j  1.+0.j  1.+0.j  1.+0.j  1.+0.j -1.+0.j  1.+0.j  1.+0.j  1.+0.j  1.+0.j
  1.+0.j  1.+0.j -1.+0.j  1.+0.j  1.+0.j -1.+0.j  1.+0.j -1.+0.j -1.+0.j  1.+0.j  1.+0.j  1.+0.j  1.+0.j  1.+0.j
 -1.+0.j  1.+0.j -1.+0.j  1.+0.j -1.+0.j -1.+0.j  1.+0.j  1.+0.j -1.+0.j  1.+0.j -1.+0.j -1.+0.j  1.+0.j  1.+0.j
  1.+0.j  1.+0.j  1.+0.j  1.+0.j -1.+0.j -1.+0.j  1.+0.j -1.+0.j  1.+0.j  1.+0.j -1.+0.j -1.+0.j -1.+0.j -1.+0.j
 -1.+0.j -1.+0.j -1.+0.j -1.+0.j -1.+0.j -1.+0.j -1.+0.j -1.+0.j -1.+0.j  1.+0.j -1.+0.j -1.+0.j -1.+0.j -1.+0.j
  1.+0.j  1.+0.j -1.+0.j -1.+0.j -1.+0.j  1.+0.j  1.+0.j -1.+0.j  1.+0.j  1.+0.j  1.+0.j  1.+0.j  1.+0.j  1.+0.j
 -1.+0.j  1.+0.j  1.+0.j -1.+0.j -1.+0.j -1.+0.j -1.+0.j  1.+0.j  1.+0.j -1.+0.j -1.+0.j  1.+0.j -1.+0.j  1.+0.j
  1.+0.j -1.+0.j -1.+0.j  1.+0.j -1.+0.j -1.+0.j  1.+0.j -1.+0.j  1.+0.j -1.+0.j -1.+0.j -1.+0.j  1.+0.j  1.+0.j
  1.+0.j  1.+0.j  1.+0.j  1.+0.j  1.+0.j -1.+0.j -1.+0.j  1.+0.j  1.+0.j  1.+0.j  1.+0.j  1.+0.j  1.+0.j -1.+0.j
 -1.+0.j -1.+0.j  1.+0.j -1.+0.j  1.+0.j -1.+0.j  1.+0.j  1.+0.j  1.+0.j  1.+0.j -1.+0.j  1.+0.j  1.+0.j  1.+0.j
  1.+0.j  1.+0.j  1.+0.j -1.+0.j  1.+0.j  1.+0.j -1.+0.j  1.+0.j -1.+0.j -1.+0.j  1.+0.j  1.+0.j  1.+0.j  1.+0.j
  1.+0.j -1.+0.j  1.+0.j -1.+0.j  1.+0.j -1.+0.j -1.+0.j  1.+0.j  1.+0.j -1.+0.j  1.+0.j -1.+0.j -1.+0.j  1.+0.j
  1.+0.j  1.+0.j  1.+0.j  1.+0.j  1.+0.j -1.+0.j -1.+0.j  1.+0.j -1.+0.j  1.+0.j  1.+0.j -1.+0.j -1.+0.j -1.+0.j
 -1.+0.j -1.+0.j -1.+0.j -1.+0.j -1.+0.j -1.+0.j -1.+0.j -1.+0.j -1.+0.j -1.+0.j  1.+0.j -1.+0.j -1.+0.j -1.+0.j
 -1.+0.j  1.+0.j  1.+0.j -1.+0.j -1.+0.j -1.+0.j  1.+0.j  1.+0.j -1.+0.j  1.+0.j  1.+0.j  1.+0.j  1.+0.j  1.+0.j
  1.+0.j -1.+0.j  1.+0.j  1.+0.j -1.+0.j -1.+0.j -1.+0.j -1.+0.j  1.+0.j  1.+0.j -1.+0.j -1.+0.j  1.+0.j -1.+0.j
  1.+0.j  1.+0.j -1.+0.j -1.+0.j  1.+0.j -1.+0.j -1.+0.j  1.+0.j -1.+0.j  1.+0.j -1.+0.j -1.+0.j -1.+0.j  1.+0.j
  1.+0.j  1.+0.j  1.+0.j  1.+0.j  1.+0.j  1.+0.j -1.+0.j -1.+0.j  1.+0.j  1.+0.j  1.+0.j  1.+0.j  1.+0.j  1.+0.j
 -1.+0.j -1.+0.j -1.+0.j  1.+0.j -1.+0.j  1.+0.j -1.+0.j  1.+0.j  1.+0.j  1.+0.j  1.+0.j -1.+0.j  1.+0.j  1.+0.j
  1.+0.j  1.+0.j  1.+0.j  1.+0.j -1.+0.j  1.+0.j  1.+0.j -1.+0.j  1.+0.j -1.+0.j -1.+0.j  1.+0.j  1.+0.j  1.+0.j
  1.+0.j  1.+0.j -1.+0.j  1.+0.j -1.+0.j  1.+0.j -1.+0.j -1.+0.j  1.+0.j  1.+0.j -1.+0.j  1.+0.j -1.+0.j -1.+0.j
  1.+0.j  1.+0.j  1.+0.j  1.+0.j  1.+0.j  1.+0.j -1.+0.j -1.+0.j  1.+0.j -1.+0.j  1.+0.j  1.+0.j -1.+0.j -1.+0.j
 -1.+0.j -1.+0.j -1.+0.j -1.+0.j -1.+0.j -1.+0.j -1.+0.j -1.+0.j -1.+0.j -1.+0.j -1.+0.j  1.+0.j -1.+0.j -1.+0.j
 -1.+0.j -1.+0.j  1.+0.j  1.+0.j -1.+0.j -1.+0.j -1.+0.j  1.+0.j  1.+0.j -1.+0.j  1.+0.j  1.+0.j  1.+0.j  1.+0.j
  1.+0.j  1.+0.j -1.+0.j  1.+0.j  1.+0.j -1.+0.j -1.+0.j -1.+0.j -1.+0.j  1.+0.j  1.+0.j -1.+0.j -1.+0.j  1.+0.j
 -1.+0.j  1.+0.j  1.+0.j -1.+0.j -1.+0.j  1.+0.j -1.+0.j -1.+0.j  1.+0.j -1.+0.j  1.+0.j -1.+0.j -1.+0.j -1.+0.j
  1.+0.j  1.+0.j  1.+0.j  1.+0.j  1.+0.j  1.+0.j  1.+0.j -1.+0.j -1.+0.j  1.+0.j  1.+0.j  1.+0.j  1.+0.j  1.+0.j
  1.+0.j -1.+0.j -1.+0.j -1.+0.j  1.+0.j -1.+0.j  1.+0.j -1.+0.j  1.+0.j  1.+0.j  1.+0.j  1.+0.j -1.+0.j  1.+0.j
  1.+0.j  1.+0.j  1.+0.j  1.+0.j  1.+0.j -1.+0.j  1.+0.j  1.+0.j -1.+0.j  1.+0.j -1.+0.j -1.+0.j  1.+0.j  1.+0.j
  1.+0.j  1.+0.j  1.+0.j -1.+0.j  1.+0.j -1.+0.j  1.+0.j -1.+0.j -1.+0.j  1.+0.j  1.+0.j -1.+0.j  1.+0.j -1.+0.j
 -1.+0.j  1.+0.j  1.+0.j  1.+0.j  1.+0.j  1.+0.j  1.+0.j -1.+0.j -1.+0.j  1.+0.j -1.+0.j  1.+0.j  1.+0.j -1.+0.j
 -1.+0.j -1.+0.j -1.+0.j -1.+0.j -1.+0.j -1.+0.j -1.+0.j -1.+0.j -1.+0.j -1.+0.j -1.+0.j -1.+0.j  1.+0.j -1.+0.j
 -1.+0.j -1.+0.j -1.+0.j  1.+0.j  1.+0.j -1.+0.j -1.+0.j -1.+0.j  1.+0.j  1.+0.j -1.+0.j  1.+0.j  1.+0.j  1.+0.j
  1.+0.j  1.+0.j  1.+0.j -1.+0.j  1.+0.j  1.+0.j -1.+0.j -1.+0.j -1.+0.j -1.+0.j  1.+0.j  1.+0.j -1.+0.j -1.+0.j
  1.+0.j -1.+0.j  1.+0.j  1.+0.j -1.+0.j -1.+0.j  1.+0.j -1.+0.j -1.+0.j  1.+0.j -1.+0.j  1.+0.j -1.+0.j -1.+0.j
 -1.+0.j  1.+0.j  1.+0.j  1.+0.j  1.+0.j  1.+0.j  1.+0.j  1.+0.j -1.+0.j -1.+0.j  1.+0.j  1.+0.j  1.+0.j  1.+0.j
  1.+0.j  1.+0.j -1.+0.j -1.+0.j -1.+0.j  1.+0.j -1.+0.j  1.+0.j -1.+0.j  1.+0.j  1.+0.j  1.+0.j  1.+0.j -1.+0.j
  1.+0.j  1.+0.j  1.+0.j  1.+0.j  1.+0.j  1.+0.j -1.+0.j  1.+0.j  1.+0.j -1.+0.j  1.+0.j -1.+0.j -1.+0.j  1.+0.j
  1.+0.j  1.+0.j  1.+0.j  1.+0.j -1.+0.j  1.+0.j -1.+0.j  1.+0.j -1.+0.j -1.+0.j  1.+0.j  1.+0.j -1.+0.j  1.+0.j
 -1.+0.j -1.+0.j  1.+0.j  1.+0.j  1.+0.j  1.+0.j  1.+0.j  1.+0.j -1.+0.j -1.+0.j  1.+0.j -1.+0.j  1.+0.j  1.+0.j
 -1.+0.j -1.+0.j -1.+0.j -1.+0.j -1.+0.j -1.+0.j -1.+0.j -1.+0.j -1.+0.j -1.+0.j -1.+0.j -1.+0.j -1.+0.j  1.+0.j
 -1.+0.j -1.+0.j -1.+0.j -1.+0.j  1.+0.j  1.+0.j -1.+0.j -1.+0.j -1.+0.j  1.+0.j  1.+0.j -1.+0.j  1.+0.j  1.+0.j
  1.+0.j  1.+0.j  1.+0.j  1.+0.j -1.+0.j  1.+0.j  1.+0.j -1.+0.j -1.+0.j -1.+0.j -1.+0.j  1.+0.j  1.+0.j -1.+0.j
 -1.+0.j  1.+0.j -1.+0.j  1.+0.j  1.+0.j -1.+0.j -1.+0.j  1.+0.j -1.+0.j -1.+0.j  1.+0.j -1.+0.j  1.+0.j -1.+0.j
 -1.+0.j -1.+0.j  1.+0.j  1.+0.j  1.+0.j  1.+0.j  1.+0.j  1.+0.j  1.+0.j -1.+0.j -1.+0.j  1.+0.j  1.+0.j  1.+0.j
  1.+0.j  1.+0.j  1.+0.j -1.+0.j -1.+0.j -1.+0.j  1.+0.j -1.+0.j  1.+0.j -1.+0.j  1.+0.j  1.+0.j  1.+0.j  1.+0.j
 -1.+0.j  1.+0.j  1.+0.j  1.+0.j  1.+0.j  1.+0.j  1.+0.j -1.+0.j  1.+0.j  1.+0.j -1.+0.j  1.+0.j -1.+0.j -1.+0.j
  1.+0.j  1.+0.j  1.+0.j  1.+0.j  1.+0.j -1.+0.j  1.+0.j -1.+0.j  1.+0.j -1.+0.j -1.+0.j  1.+0.j  1.+0.j -1.+0.j
  1.+0.j -1.+0.j -1.+0.j  1.+0.j  1.+0.j  1.+0.j  1.+0.j  1.+0.j  1.+0.j -1.+0.j -1.+0.j  1.+0.j -1.+0.j  1.+0.j
  1.+0.j -1.+0.j  1.-0.j  1.-0.j  1.-0.j  1.-0.j  1.-0.j  1.-0.j  1.-0.j  1.-0.j  1.-0.j  1.-0.j  1.-0.j  1.-0.j
 -1.+0.j  1.-0.j  1.-0.j  1.-0.j  1.-0.j -1.+0.j -1.+0.j  1.-0.j  1.-0.j  1.-0.j -1.+0.j -1.+0.j  1.-0.j -1.+0.j
 -1.+0.j -1.+0.j -1.+0.j -1.+0.j -1.+0.j  1.-0.j -1.+0.j -1.+0.j  1.-0.j  1.-0.j  1.-0.j  1.-0.j -1.+0.j -1.+0.j
  1.-0.j  1.-0.j -1.+0.j  1.-0.j -1.+0.j -1.+0.j  1.-0.j  1.-0.j -1.+0.j  1.-0.j  1.-0.j -1.+0.j  1.-0.j -1.+0.j
  1.-0.j  1.-0.j  1.-0.j -1.+0.j -1.+0.j -1.+0.j -1.+0.j -1.+0.j -1.+0.j -1.+0.j  1.-0.j  1.-0.j -1.+0.j -1.+0.j
 -1.+0.j -1.+0.j -1.+0.j -1.+0.j  1.-0.j  1.-0.j  1.-0.j -1.+0.j  1.-0.j -1.+0.j  1.-0.j -1.+0.j -1.+0.j -1.+0.j
 -1.+0.j  1.-0.j -1.+0.j -1.+0.j -1.+0.j -1.+0.j -1.+0.j -1.+0.j  1.-0.j -1.+0.j -1.+0.j  1.-0.j -1.+0.j  1.-0.j
  1.-0.j -1.+0.j -1.+0.j -1.+0.j -1.+0.j -1.+0.j  1.-0.j -1.+0.j  1.-0.j -1.+0.j  1.-0.j  1.-0.j -1.+0.j -1.+0.j
  1.-0.j -1.+0.j  1.-0.j  1.-0.j -1.+0.j -1.+0.j -1.+0.j -1.+0.j -1.+0.j -1.+0.j  1.-0.j  1.-0.j -1.+0.j  1.-0.j
 -1.+0.j -1.+0.j  1.-0.j -1.+0.j -1.+0.j -1.+0.j -1.+0.j -1.+0.j -1.+0.j -1.+0.j -1.+0.j -1.+0.j -1.+0.j -1.+0.j
 -1.+0.j  1.+0.j -1.+0.j -1.+0.j -1.+0.j -1.+0.j  1.+0.j  1.+0.j -1.+0.j -1.+0.j -1.+0.j  1.+0.j  1.+0.j -1.+0.j
  1.+0.j  1.+0.j  1.+0.j  1.+0.j  1.+0.j  1.+0.j -1.+0.j  1.+0.j  1.+0.j -1.+0.j -1.+0.j -1.+0.j -1.+0.j  1.+0.j
  1.+0.j -1.+0.j -1.+0.j  1.+0.j -1.+0.j  1.+0.j  1.+0.j -1.+0.j -1.+0.j  1.+0.j -1.+0.j -1.+0.j  1.+0.j -1.+0.j
  1.+0.j -1.+0.j -1.+0.j -1.+0.j  1.+0.j  1.+0.j  1.+0.j  1.+0.j  1.+0.j  1.+0.j  1.+0.j -1.+0.j -1.+0.j  1.+0.j
  1.+0.j  1.+0.j  1.+0.j  1.+0.j  1.+0.j -1.+0.j -1.+0.j -1.+0.j  1.+0.j -1.+0.j  1.+0.j -1.+0.j  1.+0.j  1.+0.j
  1.+0.j  1.+0.j -1.+0.j  1.+0.j  1.+0.j  1.+0.j  1.+0.j  1.+0.j  1.+0.j -1.+0.j  1.+0.j  1.+0.j -1.+0.j  1.+0.j
 -1.+0.j -1.+0.j  1.+0.j  1.+0.j  1.+0.j  1.+0.j  1.+0.j -1.+0.j  1.+0.j -1.+0.j  1.+0.j -1.+0.j -1.+0.j  1.+0.j
  1.+0.j -1.+0.j  1.+0.j -1.+0.j -1.+0.j  1.+0.j  1.+0.j  1.+0.j  1.+0.j  1.+0.j  1.+0.j -1.+0.j -1.+0.j  1.+0.j
 -1.+0.j  1.+0.j  1.+0.j -1.+0.j  1.-0.j  1.-0.j  1.-0.j  1.-0.j  1.-0.j  1.-0.j  1.-0.j  1.-0.j  1.-0.j  1.-0.j
  1.-0.j  1.-0.j -1.+0.j  1.-0.j  1.-0.j  1.-0.j  1.-0.j -1.+0.j -1.+0.j  1.-0.j  1.-0.j  1.-0.j -1.+0.j -1.+0.j
  1.-0.j -1.+0.j -1.+0.j -1.+0.j -1.+0.j -1.+0.j -1.+0.j  1.-0.j -1.+0.j -1.+0.j  1.-0.j  1.-0.j  1.-0.j  1.-0.j
 -1.+0.j -1.+0.j  1.-0.j  1.-0.j -1.+0.j  1.-0.j -1.+0.j -1.+0.j  1.-0.j  1.-0.j -1.+0.j  1.-0.j  1.-0.j -1.+0.j
  1.-0.j -1.+0.j  1.-0.j  1.-0.j  1.-0.j -1.+0.j -1.+0.j -1.+0.j -1.+0.j -1.+0.j -1.+0.j -1.+0.j  1.-0.j  1.-0.j
 -1.+0.j -1.+0.j -1.+0.j -1.+0.j -1.+0.j -1.+0.j  1.-0.j  1.-0.j  1.-0.j -1.+0.j  1.-0.j -1.+0.j  1.-0.j -1.+0.j
 -1.+0.j -1.+0.j -1.+0.j  1.-0.j -1.+0.j -1.+0.j -1.+0.j -1.+0.j -1.+0.j -1.+0.j  1.-0.j -1.+0.j -1.+0.j  1.-0.j
 -1.+0.j  1.-0.j  1.-0.j -1.+0.j -1.+0.j -1.+0.j -1.+0.j -1.+0.j  1.-0.j -1.+0.j  1.-0.j -1.+0.j  1.-0.j  1.-0.j
 -1.+0.j -1.+0.j  1.-0.j -1.+0.j  1.-0.j  1.-0.j -1.+0.j -1.+0.j -1.+0.j -1.+0.j -1.+0.j -1.+0.j  1.-0.j  1.-0.j
 -1.+0.j  1.-0.j -1.+0.j -1.+0.j  1.-0.j -1.+0.j -1.+0.j -1.+0.j -1.+0.j -1.+0.j -1.+0.j -1.+0.j -1.+0.j -1.+0.j
 -1.+0.j -1.+0.j -1.+0.j  1.+0.j -1.+0.j -1.+0.j -1.+0.j -1.+0.j  1.+0.j  1.+0.j -1.+0.j -1.+0.j -1.+0.j  1.+0.j
  1.+0.j -1.+0.j  1.+0.j  1.+0.j  1.+0.j  1.+0.j  1.+0.j  1.+0.j -1.+0.j  1.+0.j  1.+0.j -1.+0.j -1.+0.j -1.+0.j
 -1.+0.j  1.+0.j  1.+0.j -1.+0.j -1.+0.j  1.+0.j -1.+0.j  1.+0.j  1.+0.j -1.+0.j -1.+0.j  1.+0.j -1.+0.j -1.+0.j
  1.+0.j -1.+0.j  1.+0.j -1.+0.j -1.+0.j -1.+0.j  1.+0.j  1.+0.j  1.+0.j  1.+0.j  1.+0.j  1.+0.j  1.+0.j -1.+0.j
 -1.+0.j  1.+0.j  1.+0.j  1.+0.j  1.+0.j  1.+0.j  1.+0.j -1.+0.j -1.+0.j -1.+0.j  1.+0.j -1.+0.j  1.+0.j -1.+0.j
  1.+0.j  1.+0.j  1.+0.j  1.+0.j -1.+0.j  1.+0.j  1.+0.j  1.+0.j  1.+0.j  1.+0.j  1.+0.j -1.+0.j  1.+0.j  1.+0.j
 -1.+0.j  1.+0.j -1.+0.j -1.+0.j  1.+0.j  1.+0.j  1.+0.j  1.+0.j  1.+0.j -1.+0.j  1.+0.j -1.+0.j  1.+0.j -1.+0.j
 -1.+0.j  1.+0.j  1.+0.j -1.+0.j  1.+0.j -1.+0.j -1.+0.j  1.+0.j  1.+0.j  1.+0.j  1.+0.j  1.+0.j  1.+0.j -1.+0.j
 -1.+0.j  1.+0.j -1.+0.j  1.+0.j  1.+0.j -1.+0.j -1.+0.j -1.+0.j -1.+0.j -1.+0.j -1.+0.j -1.+0.j -1.+0.j -1.+0.j
 -1.+0.j -1.+0.j -1.+0.j -1.+0.j  1.+0.j -1.+0.j -1.+0.j -1.+0.j -1.+0.j  1.+0.j  1.+0.j -1.+0.j -1.+0.j -1.+0.j
  1.+0.j  1.+0.j -1.+0.j  1.+0.j  1.+0.j  1.+0.j  1.+0.j  1.+0.j  1.+0.j -1.+0.j  1.+0.j  1.+0.j -1.+0.j -1.+0.j
 -1.+0.j -1.+0.j  1.+0.j  1.+0.j -1.+0.j -1.+0.j  1.+0.j -1.+0.j  1.+0.j  1.+0.j -1.+0.j -1.+0.j  1.+0.j -1.+0.j
 -1.+0.j  1.+0.j -1.+0.j  1.+0.j -1.+0.j -1.+0.j -1.+0.j  1.+0.j  1.+0.j  1.+0.j  1.+0.j  1.+0.j  1.+0.j  1.+0.j
 -1.+0.j -1.+0.j  1.+0.j  1.+0.j  1.+0.j  1.+0.j  1.+0.j  1.+0.j -1.+0.j -1.+0.j -1.+0.j  1.+0.j -1.+0.j  1.+0.j
 -1.+0.j  1.+0.j  1.+0.j  1.+0.j  1.+0.j -1.+0.j  1.+0.j  1.+0.j  1.+0.j  1.+0.j  1.+0.j  1.+0.j -1.+0.j  1.+0.j
  1.+0.j -1.+0.j  1.+0.j -1.+0.j -1.+0.j  1.+0.j  1.+0.j  1.+0.j  1.+0.j  1.+0.j -1.+0.j  1.+0.j -1.+0.j  1.+0.j
 -1.+0.j -1.+0.j  1.+0.j  1.+0.j -1.+0.j  1.+0.j -1.+0.j -1.+0.j  1.+0.j  1.+0.j  1.+0.j  1.+0.j  1.+0.j  1.+0.j
 -1.+0.j -1.+0.j  1.+0.j -1.+0.j  1.+0.j  1.+0.j -1.+0.j  1.-0.j  1.-0.j  1.-0.j  1.-0.j  1.-0.j  1.-0.j  1.-0.j
  1.-0.j  1.-0.j  1.-0.j  1.-0.j  1.-0.j -1.+0.j  1.-0.j  1.-0.j  1.-0.j  1.-0.j -1.+0.j -1.+0.j  1.-0.j  1.-0.j
  1.-0.j -1.+0.j -1.+0.j  1.-0.j -1.+0.j -1.+0.j -1.+0.j -1.+0.j -1.+0.j -1.+0.j  1.-0.j -1.+0.j -1.+0.j  1.-0.j
  1.-0.j  1.-0.j  1.-0.j -1.+0.j -1.+0.j  1.-0.j  1.-0.j -1.+0.j  1.-0.j -1.+0.j -1.+0.j  1.-0.j  1.-0.j -1.+0.j
  1.-0.j  1.-0.j -1.+0.j  1.-0.j -1.+0.j  1.-0.j  1.-0.j  1.-0.j -1.+0.j -1.+0.j -1.+0.j -1.+0.j -1.+0.j -1.+0.j
 -1.+0.j  1.-0.j  1.-0.j -1.+0.j -1.+0.j -1.+0.j -1.+0.j -1.+0.j -1.+0.j  1.-0.j  1.-0.j  1.-0.j -1.+0.j  1.-0.j
 -1.+0.j  1.-0.j -1.+0.j -1.+0.j -1.+0.j -1.+0.j  1.-0.j -1.+0.j -1.+0.j -1.+0.j -1.+0.j -1.+0.j -1.+0.j  1.-0.j
 -1.+0.j -1.+0.j  1.-0.j -1.+0.j  1.-0.j  1.-0.j -1.+0.j -1.+0.j -1.+0.j -1.+0.j -1.+0.j  1.-0.j -1.+0.j  1.-0.j
 -1.+0.j  1.-0.j  1.-0.j -1.+0.j -1.+0.j  1.-0.j -1.+0.j  1.-0.j  1.-0.j -1.+0.j -1.+0.j -1.+0.j -1.+0.j -1.+0.j
 -1.+0.j  1.-0.j  1.-0.j -1.+0.j  1.-0.j -1.+0.j -1.+0.j  1.-0.j  1.-0.j  1.-0.j  1.-0.j  1.-0.j  1.-0.j  1.-0.j
  1.-0.j  1.-0.j  1.-0.j  1.-0.j  1.-0.j  1.-0.j -1.+0.j  1.-0.j  1.-0.j  1.-0.j  1.-0.j -1.+0.j -1.+0.j  1.-0.j
  1.-0.j  1.-0.j -1.+0.j -1.+0.j  1.-0.j -1.+0.j -1.+0.j -1.+0.j -1.+0.j -1.+0.j -1.+0.j  1.-0.j -1.+0.j -1.+0.j
  1.-0.j  1.-0.j  1.-0.j  1.-0.j -1.+0.j -1.+0.j  1.-0.j  1.-0.j -1.+0.j  1.-0.j -1.+0.j -1.+0.j  1.-0.j  1.-0.j
 -1.+0.j  1.-0.j  1.-0.j -1.+0.j  1.-0.j -1.+0.j  1.-0.j  1.-0.j  1.-0.j -1.+0.j -1.+0.j -1.+0.j -1.+0.j -1.+0.j
 -1.+0.j -1.+0.j  1.-0.j  1.-0.j -1.+0.j -1.+0.j -1.+0.j -1.+0.j -1.+0.j -1.+0.j  1.-0.j  1.-0.j  1.-0.j -1.+0.j
  1.-0.j -1.+0.j  1.-0.j -1.+0.j -1.+0.j -1.+0.j -1.+0.j  1.-0.j -1.+0.j -1.+0.j -1.+0.j -1.+0.j -1.+0.j -1.+0.j
  1.-0.j -1.+0.j -1.+0.j  1.-0.j -1.+0.j  1.-0.j  1.-0.j -1.+0.j -1.+0.j -1.+0.j -1.+0.j -1.+0.j  1.-0.j -1.+0.j
  1.-0.j -1.+0.j  1.-0.j  1.-0.j -1.+0.j -1.+0.j  1.-0.j -1.+0.j  1.-0.j  1.-0.j -1.+0.j -1.+0.j -1.+0.j -1.+0.j
 -1.+0.j -1.+0.j  1.-0.j  1.-0.j -1.+0.j  1.-0.j -1.+0.j -1.+0.j  1.-0.j -1.+0.j -1.+0.j -1.+0.j -1.+0.j -1.+0.j
 -1.+0.j -1.+0.j -1.+0.j -1.+0.j -1.+0.j -1.+0.j -1.+0.j  1.+0.j -1.+0.j -1.+0.j -1.+0.j -1.+0.j  1.+0.j  1.+0.j
 -1.+0.j -1.+0.j -1.+0.j  1.+0.j  1.+0.j -1.+0.j  1.+0.j  1.+0.j  1.+0.j  1.+0.j  1.+0.j  1.+0.j -1.+0.j  1.+0.j
  1.+0.j -1.+0.j -1.+0.j -1.+0.j -1.+0.j  1.+0.j  1.+0.j -1.+0.j -1.+0.j  1.+0.j -1.+0.j  1.+0.j  1.+0.j -1.+0.j
 -1.+0.j  1.+0.j -1.+0.j -1.+0.j  1.+0.j -1.+0.j  1.+0.j -1.+0.j -1.+0.j -1.+0.j  1.+0.j  1.+0.j  1.+0.j  1.+0.j
  1.+0.j  1.+0.j  1.+0.j -1.+0.j -1.+0.j  1.+0.j  1.+0.j  1.+0.j  1.+0.j  1.+0.j  1.+0.j -1.+0.j -1.+0.j -1.+0.j
  1.+0.j -1.+0.j  1.+0.j -1.+0.j  1.+0.j  1.+0.j  1.+0.j  1.+0.j -1.+0.j  1.+0.j  1.+0.j  1.+0.j  1.+0.j  1.+0.j
  1.+0.j -1.+0.j  1.+0.j  1.+0.j -1.+0.j  1.+0.j -1.+0.j -1.+0.j  1.+0.j  1.+0.j  1.+0.j  1.+0.j  1.+0.j -1.+0.j
  1.+0.j -1.+0.j  1.+0.j -1.+0.j -1.+0.j  1.+0.j  1.+0.j -1.+0.j  1.+0.j -1.+0.j -1.+0.j  1.+0.j  1.+0.j  1.+0.j
  1.+0.j  1.+0.j  1.+0.j -1.+0.j -1.+0.j  1.+0.j -1.+0.j  1.+0.j  1.+0.j -1.+0.j -1.+0.j -1.+0.j -1.+0.j -1.+0.j
 -1.+0.j -1.+0.j -1.+0.j -1.+0.j -1.+0.j -1.+0.j -1.+0.j -1.+0.j  1.+0.j -1.+0.j -1.+0.j -1.+0.j -1.+0.j  1.+0.j
  1.+0.j -1.+0.j -1.+0.j -1.+0.j  1.+0.j  1.+0.j -1.+0.j  1.+0.j  1.+0.j  1.+0.j  1.+0.j  1.+0.j  1.+0.j -1.+0.j
  1.+0.j  1.+0.j -1.+0.j -1.+0.j -1.+0.j -1.+0.j  1.+0.j  1.+0.j -1.+0.j -1.+0.j  1.+0.j -1.+0.j  1.+0.j  1.+0.j
 -1.+0.j -1.+0.j  1.+0.j -1.+0.j -1.+0.j  1.+0.j -1.+0.j  1.+0.j -1.+0.j -1.+0.j -1.+0.j  1.+0.j  1.+0.j  1.+0.j
  1.+0.j  1.+0.j  1.+0.j  1.+0.j -1.+0.j -1.+0.j  1.+0.j  1.+0.j  1.+0.j  1.+0.j  1.+0.j  1.+0.j -1.+0.j -1.+0.j
 -1.+0.j  1.+0.j -1.+0.j  1.+0.j -1.+0.j  1.+0.j  1.+0.j  1.+0.j  1.+0.j -1.+0.j  1.+0.j  1.+0.j  1.+0.j  1.+0.j
  1.+0.j  1.+0.j -1.+0.j  1.+0.j  1.+0.j -1.+0.j  1.+0.j -1.+0.j -1.+0.j  1.+0.j  1.+0.j  1.+0.j  1.+0.j  1.+0.j
 -1.+0.j  1.+0.j -1.+0.j  1.+0.j -1.+0.j -1.+0.j  1.+0.j  1.+0.j -1.+0.j  1.+0.j -1.+0.j -1.+0.j  1.+0.j  1.+0.j
  1.+0.j  1.+0.j  1.+0.j  1.+0.j -1.+0.j -1.+0.j  1.+0.j -1.+0.j  1.+0.j  1.+0.j -1.+0.j -1.+0.j -1.+0.j -1.+0.j
 -1.+0.j -1.+0.j -1.+0.j -1.+0.j -1.+0.j -1.+0.j -1.+0.j -1.+0.j -1.+0.j  1.+0.j -1.+0.j -1.+0.j -1.+0.j -1.+0.j
  1.+0.j  1.+0.j -1.+0.j -1.+0.j -1.+0.j  1.+0.j  1.+0.j -1.+0.j  1.+0.j  1.+0.j  1.+0.j  1.+0.j  1.+0.j  1.+0.j
 -1.+0.j  1.+0.j  1.+0.j -1.+0.j -1.+0.j -1.+0.j -1.+0.j  1.+0.j  1.+0.j -1.+0.j -1.+0.j  1.+0.j -1.+0.j  1.+0.j
  1.+0.j -1.+0.j -1.+0.j  1.+0.j -1.+0.j -1.+0.j  1.+0.j -1.+0.j  1.+0.j -1.+0.j -1.+0.j -1.+0.j  1.+0.j  1.+0.j
  1.+0.j  1.+0.j  1.+0.j  1.+0.j  1.+0.j -1.+0.j -1.+0.j  1.+0.j  1.+0.j  1.+0.j  1.+0.j  1.+0.j  1.+0.j -1.+0.j
 -1.+0.j -1.+0.j  1.+0.j -1.+0.j  1.+0.j -1.+0.j  1.+0.j  1.+0.j  1.+0.j  1.+0.j -1.+0.j  1.+0.j  1.+0.j  1.+0.j
  1.+0.j  1.+0.j  1.+0.j -1.+0.j  1.+0.j  1.+0.j -1.+0.j  1.+0.j -1.+0.j -1.+0.j  1.+0.j  1.+0.j  1.+0.j  1.+0.j
  1.+0.j -1.+0.j  1.+0.j -1.+0.j  1.+0.j -1.+0.j -1.+0.j  1.+0.j  1.+0.j -1.+0.j  1.+0.j -1.+0.j -1.+0.j  1.+0.j
  1.+0.j  1.+0.j  1.+0.j  1.+0.j  1.+0.j -1.+0.j -1.+0.j  1.+0.j -1.+0.j  1.+0.j  1.+0.j -1.+0.j -1.+0.j -1.+0.j
 -1.+0.j -1.+0.j -1.+0.j -1.+0.j -1.+0.j -1.+0.j -1.+0.j -1.+0.j -1.+0.j -1.+0.j  1.+0.j -1.+0.j -1.+0.j -1.+0.j
 -1.+0.j  1.+0.j  1.+0.j -1.+0.j -1.+0.j -1.+0.j  1.+0.j  1.+0.j -1.+0.j  1.+0.j  1.+0.j  1.+0.j  1.+0.j  1.+0.j
  1.+0.j -1.+0.j  1.+0.j  1.+0.j -1.+0.j -1.+0.j -1.+0.j -1.+0.j  1.+0.j  1.+0.j -1.+0.j -1.+0.j  1.+0.j -1.+0.j
  1.+0.j  1.+0.j -1.+0.j -1.+0.j  1.+0.j -1.+0.j -1.+0.j  1.+0.j -1.+0.j  1.+0.j -1.+0.j -1.+0.j -1.+0.j  1.+0.j
  1.+0.j  1.+0.j  1.+0.j  1.+0.j  1.+0.j  1.+0.j -1.+0.j -1.+0.j  1.+0.j  1.+0.j  1.+0.j  1.+0.j  1.+0.j  1.+0.j
 -1.+0.j -1.+0.j -1.+0.j  1.+0.j -1.+0.j  1.+0.j -1.+0.j  1.+0.j  1.+0.j  1.+0.j  1.+0.j -1.+0.j  1.+0.j  1.+0.j
  1.+0.j  1.+0.j  1.+0.j  1.+0.j -1.+0.j  1.+0.j  1.+0.j -1.+0.j  1.+0.j -1.+0.j -1.+0.j  1.+0.j  1.+0.j  1.+0.j
  1.+0.j  1.+0.j -1.+0.j  1.+0.j -1.+0.j  1.+0.j -1.+0.j -1.+0.j  1.+0.j  1.+0.j -1.+0.j  1.+0.j -1.+0.j -1.+0.j
  1.+0.j  1.+0.j  1.+0.j  1.+0.j  1.+0.j  1.+0.j -1.+0.j -1.+0.j  1.+0.j -1.+0.j  1.+0.j  1.+0.j -1.+0.j -1.+0.j
 -1.+0.j -1.+0.j -1.+0.j -1.+0.j -1.+0.j -1.+0.j -1.+0.j -1.+0.j -1.+0.j -1.+0.j -1.+0.j  1.+0.j -1.+0.j -1.+0.j
 -1.+0.j -1.+0.j  1.+0.j  1.+0.j -1.+0.j -1.+0.j -1.+0.j  1.+0.j  1.+0.j -1.+0.j  1.+0.j  1.+0.j  1.+0.j  1.+0.j
  1.+0.j  1.+0.j -1.+0.j  1.+0.j  1.+0.j -1.+0.j -1.+0.j -1.+0.j -1.+0.j  1.+0.j  1.+0.j -1.+0.j -1.+0.j  1.+0.j
 -1.+0.j  1.+0.j  1.+0.j -1.+0.j -1.+0.j  1.+0.j -1.+0.j -1.+0.j  1.+0.j -1.+0.j  1.+0.j -1.+0.j -1.+0.j -1.+0.j
  1.+0.j  1.+0.j  1.+0.j  1.+0.j  1.+0.j  1.+0.j  1.+0.j -1.+0.j -1.+0.j  1.+0.j  1.+0.j  1.+0.j  1.+0.j  1.+0.j
  1.+0.j -1.+0.j -1.+0.j -1.+0.j  1.+0.j -1.+0.j  1.+0.j -1.+0.j  1.+0.j  1.+0.j  1.+0.j  1.+0.j -1.+0.j  1.+0.j
  1.+0.j  1.+0.j  1.+0.j  1.+0.j  1.+0.j -1.+0.j  1.+0.j  1.+0.j -1.+0.j  1.+0.j -1.+0.j -1.+0.j  1.+0.j  1.+0.j
  1.+0.j  1.+0.j  1.+0.j -1.+0.j  1.+0.j -1.+0.j  1.+0.j -1.+0.j -1.+0.j  1.+0.j  1.+0.j -1.+0.j  1.+0.j -1.+0.j
 -1.+0.j  1.+0.j  1.+0.j  1.+0.j  1.+0.j  1.+0.j  1.+0.j -1.+0.j -1.+0.j  1.+0.j -1.+0.j  1.+0.j  1.+0.j -1.+0.j
  1.-0.j  1.-0.j  1.-0.j  1.-0.j  1.-0.j  1.-0.j  1.-0.j  1.-0.j  1.-0.j  1.-0.j  1.-0.j  1.-0.j -1.+0.j  1.-0.j
  1.-0.j  1.-0.j  1.-0.j -1.+0.j -1.+0.j  1.-0.j  1.-0.j  1.-0.j -1.+0.j -1.+0.j  1.-0.j -1.+0.j -1.+0.j -1.+0.j
 -1.+0.j -1.+0.j -1.+0.j  1.-0.j -1.+0.j -1.+0.j  1.-0.j  1.-0.j  1.-0.j  1.-0.j -1.+0.j -1.+0.j  1.-0.j  1.-0.j
 -1.+0.j  1.-0.j -1.+0.j -1.+0.j  1.-0.j  1.-0.j -1.+0.j  1.-0.j  1.-0.j -1.+0.j  1.-0.j -1.+0.j  1.-0.j  1.-0.j
  1.-0.j -1.+0.j -1.+0.j -1.+0.j -1.+0.j -1.+0.j -1.+0.j -1.+0.j  1.-0.j  1.-0.j -1.+0.j -1.+0.j -1.+0.j -1.+0.j
 -1.+0.j -1.+0.j  1.-0.j  1.-0.j  1.-0.j -1.+0.j  1.-0.j -1.+0.j  1.-0.j -1.+0.j -1.+0.j -1.+0.j -1.+0.j  1.-0.j
 -1.+0.j -1.+0.j -1.+0.j -1.+0.j -1.+0.j -1.+0.j  1.-0.j -1.+0.j -1.+0.j  1.-0.j -1.+0.j  1.-0.j  1.-0.j -1.+0.j
 -1.+0.j -1.+0.j -1.+0.j -1.+0.j  1.-0.j -1.+0.j  1.-0.j -1.+0.j  1.-0.j  1.-0.j -1.+0.j -1.+0.j  1.-0.j -1.+0.j
  1.-0.j  1.-0.j -1.+0.j -1.+0.j -1.+0.j -1.+0.j -1.+0.j -1.+0.j  1.-0.j  1.-0.j -1.+0.j  1.-0.j -1.+0.j -1.+0.j
  1.-0.j  1.-0.j  1.-0.j  1.-0.j  1.-0.j  1.-0.j  1.-0.j  1.-0.j  1.-0.j  1.-0.j  1.-0.j  1.-0.j  1.-0.j -1.+0.j
  1.-0.j  1.-0.j  1.-0.j  1.-0.j -1.+0.j -1.+0.j  1.-0.j  1.-0.j  1.-0.j -1.+0.j -1.+0.j  1.-0.j -1.+0.j -1.+0.j
 -1.+0.j -1.+0.j -1.+0.j -1.+0.j  1.-0.j -1.+0.j -1.+0.j  1.-0.j  1.-0.j  1.-0.j  1.-0.j -1.+0.j -1.+0.j  1.-0.j
  1.-0.j -1.+0.j  1.-0.j -1.+0.j -1.+0.j  1.-0.j  1.-0.j -1.+0.j  1.-0.j  1.-0.j -1.+0.j  1.-0.j -1.+0.j  1.-0.j
  1.-0.j  1.-0.j -1.+0.j -1.+0.j -1.+0.j -1.+0.j -1.+0.j -1.+0.j -1.+0.j  1.-0.j  1.-0.j -1.+0.j -1.+0.j -1.+0.j
 -1.+0.j -1.+0.j -1.+0.j  1.-0.j  1.-0.j  1.-0.j -1.+0.j  1.-0.j -1.+0.j  1.-0.j -1.+0.j -1.+0.j -1.+0.j -1.+0.j
  1.-0.j -1.+0.j -1.+0.j -1.+0.j -1.+0.j -1.+0.j -1.+0.j  1.-0.j -1.+0.j -1.+0.j  1.-0.j -1.+0.j  1.-0.j  1.-0.j
 -1.+0.j -1.+0.j -1.+0.j -1.+0.j -1.+0.j  1.-0.j -1.+0.j  1.-0.j -1.+0.j  1.-0.j  1.-0.j -1.+0.j -1.+0.j  1.-0.j
 -1.+0.j  1.-0.j  1.-0.j -1.+0.j -1.+0.j -1.+0.j -1.+0.j -1.+0.j -1.+0.j  1.-0.j  1.-0.j -1.+0.j  1.-0.j -1.+0.j
 -1.+0.j  1.-0.j  1.-0.j  1.-0.j  1.-0.j  1.-0.j  1.-0.j  1.-0.j  1.-0.j  1.-0.j  1.-0.j  1.-0.j  1.-0.j  1.-0.j
 -1.+0.j  1.-0.j  1.-0.j  1.-0.j  1.-0.j -1.+0.j -1.+0.j  1.-0.j  1.-0.j  1.-0.j -1.+0.j -1.+0.j  1.-0.j -1.+0.j
 -1.+0.j -1.+0.j -1.+0.j -1.+0.j -1.+0.j  1.-0.j -1.+0.j -1.+0.j  1.-0.j  1.-0.j  1.-0.j  1.-0.j -1.+0.j -1.+0.j
  1.-0.j  1.-0.j -1.+0.j  1.-0.j -1.+0.j -1.+0.j  1.-0.j  1.-0.j -1.+0.j  1.-0.j  1.-0.j -1.+0.j  1.-0.j -1.+0.j
  1.-0.j  1.-0.j  1.-0.j -1.+0.j -1.+0.j -1.+0.j -1.+0.j -1.+0.j -1.+0.j -1.+0.j  1.-0.j  1.-0.j -1.+0.j -1.+0.j
 -1.+0.j -1.+0.j -1.+0.j -1.+0.j  1.-0.j  1.-0.j  1.-0.j -1.+0.j  1.-0.j -1.+0.j  1.-0.j -1.+0.j -1.+0.j -1.+0.j
 -1.+0.j  1.-0.j -1.+0.j -1.+0.j -1.+0.j -1.+0.j -1.+0.j -1.+0.j  1.-0.j -1.+0.j -1.+0.j  1.-0.j -1.+0.j  1.-0.j
  1.-0.j -1.+0.j -1.+0.j -1.+0.j -1.+0.j -1.+0.j  1.-0.j -1.+0.j  1.-0.j -1.+0.j  1.-0.j  1.-0.j -1.+0.j -1.+0.j
  1.-0.j -1.+0.j  1.-0.j  1.-0.j -1.+0.j -1.+0.j -1.+0.j -1.+0.j -1.+0.j -1.+0.j  1.-0.j  1.-0.j -1.+0.j  1.-0.j
 -1.+0.j -1.+0.j  1.-0.j  1.-0.j  1.-0.j  1.-0.j  1.-0.j  1.-0.j  1.-0.j  1.-0.j  1.-0.j  1.-0.j  1.-0.j  1.-0.j
  1.-0.j -1.+0.j  1.-0.j  1.-0.j  1.-0.j  1.-0.j -1.+0.j -1.+0.j  1.-0.j  1.-0.j  1.-0.j -1.+0.j -1.+0.j  1.-0.j
 -1.+0.j -1.+0.j -1.+0.j -1.+0.j -1.+0.j -1.+0.j  1.-0.j -1.+0.j -1.+0.j  1.-0.j  1.-0.j  1.-0.j  1.-0.j -1.+0.j
 -1.+0.j  1.-0.j  1.-0.j -1.+0.j  1.-0.j -1.+0.j -1.+0.j  1.-0.j  1.-0.j -1.+0.j  1.-0.j  1.-0.j -1.+0.j  1.-0.j
 -1.+0.j  1.-0.j  1.-0.j  1.-0.j -1.+0.j -1.+0.j -1.+0.j -1.+0.j -1.+0.j -1.+0.j -1.+0.j  1.-0.j  1.-0.j -1.+0.j
 -1.+0.j -1.+0.j -1.+0.j -1.+0.j -1.+0.j  1.-0.j  1.-0.j  1.-0.j -1.+0.j  1.-0.j -1.+0.j  1.-0.j -1.+0.j -1.+0.j
 -1.+0.j -1.+0.j  1.-0.j -1.+0.j -1.+0.j -1.+0.j -1.+0.j -1.+0.j -1.+0.j  1.-0.j -1.+0.j -1.+0.j  1.-0.j -1.+0.j
  1.-0.j  1.-0.j -1.+0.j -1.+0.j -1.+0.j -1.+0.j -1.+0.j  1.-0.j -1.+0.j  1.-0.j -1.+0.j  1.-0.j  1.-0.j -1.+0.j
 -1.+0.j  1.-0.j -1.+0.j  1.-0.j  1.-0.j -1.+0.j -1.+0.j -1.+0.j -1.+0.j -1.+0.j -1.+0.j  1.-0.j  1.-0.j -1.+0.j
  1.-0.j -1.+0.j -1.+0.j  1.-0.j -1.+0.j -1.+0.j -1.+0.j -1.+0.j -1.+0.j -1.+0.j -1.+0.j -1.+0.j -1.+0.j -1.+0.j
 -1.+0.j -1.+0.j  1.+0.j -1.+0.j -1.+0.j -1.+0.j -1.+0.j  1.+0.j  1.+0.j -1.+0.j -1.+0.j -1.+0.j  1.+0.j  1.+0.j
 -1.+0.j  1.+0.j  1.+0.j  1.+0.j  1.+0.j  1.+0.j  1.+0.j -1.+0.j  1.+0.j  1.+0.j -1.+0.j -1.+0.j -1.+0.j -1.+0.j
  1.+0.j  1.+0.j -1.+0.j -1.+0.j  1.+0.j -1.+0.j  1.+0.j  1.+0.j -1.+0.j -1.+0.j  1.+0.j -1.+0.j -1.+0.j  1.+0.j
 -1.+0.j  1.+0.j -1.+0.j -1.+0.j -1.+0.j  1.+0.j  1.+0.j  1.+0.j  1.+0.j  1.+0.j  1.+0.j  1.+0.j -1.+0.j -1.+0.j
  1.+0.j  1.+0.j  1.+0.j  1.+0.j  1.+0.j  1.+0.j -1.+0.j -1.+0.j -1.+0.j  1.+0.j -1.+0.j  1.+0.j -1.+0.j  1.+0.j
  1.+0.j  1.+0.j  1.+0.j -1.+0.j  1.+0.j  1.+0.j  1.+0.j  1.+0.j  1.+0.j  1.+0.j -1.+0.j  1.+0.j  1.+0.j -1.+0.j
  1.+0.j -1.+0.j -1.+0.j  1.+0.j  1.+0.j  1.+0.j  1.+0.j  1.+0.j -1.+0.j  1.+0.j -1.+0.j  1.+0.j -1.+0.j -1.+0.j
  1.+0.j  1.+0.j -1.+0.j  1.+0.j -1.+0.j -1.+0.j  1.+0.j  1.+0.j  1.+0.j  1.+0.j  1.+0.j  1.+0.j -1.+0.j -1.+0.j
  1.+0.j -1.+0.j  1.+0.j  1.+0.j -1.+0.j -1.+0.j -1.+0.j -1.+0.j -1.+0.j -1.+0.j -1.+0.j -1.+0.j -1.+0.j -1.+0.j
 -1.+0.j -1.+0.j -1.+0.j  1.+0.j -1.+0.j -1.+0.j -1.+0.j -1.+0.j  1.+0.j  1.+0.j -1.+0.j -1.+0.j -1.+0.j  1.+0.j
  1.+0.j -1.+0.j  1.+0.j  1.+0.j  1.+0.j  1.+0.j  1.+0.j  1.+0.j -1.+0.j  1.+0.j  1.+0.j -1.+0.j -1.+0.j -1.+0.j
 -1.+0.j  1.+0.j  1.+0.j -1.+0.j -1.+0.j  1.+0.j -1.+0.j  1.+0.j  1.+0.j -1.+0.j -1.+0.j  1.+0.j -1.+0.j -1.+0.j
  1.+0.j -1.+0.j  1.+0.j -1.+0.j -1.+0.j -1.+0.j  1.+0.j  1.+0.j  1.+0.j  1.+0.j  1.+0.j  1.+0.j  1.+0.j -1.+0.j
 -1.+0.j  1.+0.j  1.+0.j  1.+0.j  1.+0.j  1.+0.j  1.+0.j -1.+0.j -1.+0.j -1.+0.j  1.+0.j -1.+0.j  1.+0.j -1.+0.j
  1.+0.j  1.+0.j  1.+0.j  1.+0.j -1.+0.j  1.+0.j  1.+0.j  1.+0.j  1.+0.j  1.+0.j  1.+0.j -1.+0.j  1.+0.j  1.+0.j
 -1.+0.j  1.+0.j -1.+0.j -1.+0.j  1.+0.j  1.+0.j  1.+0.j  1.+0.j  1.+0.j -1.+0.j  1.+0.j -1.+0.j  1.+0.j -1.+0.j
 -1.+0.j  1.+0.j  1.+0.j -1.+0.j  1.+0.j -1.+0.j -1.+0.j  1.+0.j  1.+0.j  1.+0.j  1.+0.j  1.+0.j  1.+0.j -1.+0.j
 -1.+0.j  1.+0.j -1.+0.j  1.+0.j  1.+0.j -1.+0.j  1.-0.j  1.-0.j  1.-0.j  1.-0.j  1.-0.j  1.-0.j  1.-0.j  1.-0.j
  1.-0.j  1.-0.j  1.-0.j  1.-0.j -1.+0.j  1.-0.j  1.-0.j  1.-0.j  1.-0.j -1.+0.j -1.+0.j  1.-0.j  1.-0.j  1.-0.j
 -1.+0.j -1.+0.j  1.-0.j -1.+0.j -1.+0.j -1.+0.j -1.+0.j -1.+0.j -1.+0.j  1.-0.j -1.+0.j -1.+0.j  1.-0.j  1.-0.j
  1.-0.j  1.-0.j -1.+0.j -1.+0.j  1.-0.j  1.-0.j -1.+0.j  1.-0.j -1.+0.j -1.+0.j  1.-0.j  1.-0.j -1.+0.j  1.-0.j
  1.-0.j -1.+0.j  1.-0.j -1.+0.j  1.-0.j  1.-0.j  1.-0.j -1.+0.j -1.+0.j -1.+0.j -1.+0.j -1.+0.j -1.+0.j -1.+0.j
  1.-0.j  1.-0.j -1.+0.j -1.+0.j -1.+0.j -1.+0.j -1.+0.j -1.+0.j  1.-0.j  1.-0.j  1.-0.j -1.+0.j  1.-0.j -1.+0.j
  1.-0.j -1.+0.j -1.+0.j -1.+0.j -1.+0.j  1.-0.j -1.+0.j -1.+0.j -1.+0.j -1.+0.j -1.+0.j -1.+0.j  1.-0.j -1.+0.j
 -1.+0.j  1.-0.j -1.+0.j  1.-0.j  1.-0.j -1.+0.j -1.+0.j -1.+0.j -1.+0.j -1.+0.j  1.-0.j -1.+0.j  1.-0.j -1.+0.j
  1.-0.j  1.-0.j -1.+0.j -1.+0.j  1.-0.j -1.+0.j  1.-0.j  1.-0.j -1.+0.j -1.+0.j -1.+0.j -1.+0.j -1.+0.j -1.+0.j
  1.-0.j  1.-0.j -1.+0.j  1.-0.j -1.+0.j -1.+0.j  1.-0.j -1.+0.j -1.+0.j -1.+0.j -1.+0.j -1.+0.j -1.+0.j -1.+0.j
 -1.+0.j -1.+0.j -1.+0.j -1.+0.j -1.+0.j  1.+0.j -1.+0.j -1.+0.j -1.+0.j -1.+0.j  1.+0.j  1.+0.j -1.+0.j -1.+0.j
 -1.+0.j  1.+0.j  1.+0.j -1.+0.j  1.+0.j  1.+0.j  1.+0.j  1.+0.j  1.+0.j  1.+0.j -1.+0.j  1.+0.j  1.+0.j -1.+0.j
 -1.+0.j -1.+0.j -1.+0.j  1.+0.j  1.+0.j -1.+0.j -1.+0.j  1.+0.j -1.+0.j  1.+0.j  1.+0.j -1.+0.j -1.+0.j  1.+0.j
 -1.+0.j -1.+0.j  1.+0.j -1.+0.j  1.+0.j -1.+0.j -1.+0.j -1.+0.j  1.+0.j  1.+0.j  1.+0.j  1.+0.j  1.+0.j  1.+0.j
  1.+0.j -1.+0.j -1.+0.j  1.+0.j  1.+0.j  1.+0.j  1.+0.j  1.+0.j  1.+0.j -1.+0.j -1.+0.j -1.+0.j  1.+0.j -1.+0.j
  1.+0.j -1.+0.j  1.+0.j  1.+0.j  1.+0.j  1.+0.j -1.+0.j  1.+0.j  1.+0.j  1.+0.j  1.+0.j  1.+0.j  1.+0.j -1.+0.j
  1.+0.j  1.+0.j -1.+0.j  1.+0.j -1.+0.j -1.+0.j  1.+0.j  1.+0.j  1.+0.j  1.+0.j  1.+0.j -1.+0.j  1.+0.j -1.+0.j
  1.+0.j -1.+0.j -1.+0.j  1.+0.j  1.+0.j -1.+0.j  1.+0.j -1.+0.j -1.+0.j  1.+0.j  1.+0.j  1.+0.j  1.+0.j  1.+0.j
  1.+0.j -1.+0.j -1.+0.j  1.+0.j -1.+0.j  1.+0.j  1.+0.j -1.+0.j]
2025-08-29 11:46:44 [INFO] Processing 4572 samples from tag 0
2025-08-29 11:46:45 [INFO] Expected number of bits: 36
2025-08-29 11:46:45 [DEBUG] coarse freq offset: 27.61162179907842
2025-08-29 11:46:45 [INFO] Raw received bits: [1, 1, 1, 1, 1, 1, 1, 1, 1, 1, 1, 1, 0, 1, 1, 1, 1, 0, 0, 1, 1, 1, 0, 1, 0, 1, 1, 1, 1, 1, 1, 0, 0, 1, 0, 1, 1, 1, 1, 0, 1, 1, 1, 0, 0, 1, 1, 1, 1, 0, 1, 1, 0, 1, 0, 1, 1, 1, 1, 1, 1, 1, 1, 1, 1, 1, 1, 1, 1, 1, 1, 1, 1, 1, 1, 1, 0, 1, 1, 0, 1, 1, 1, 1, 0, 1, 1, 1, 1, 1, 1, 0, 1, 1, 1, 0, 1, 1, 1, 1, 1, 1, 1, 0, 0, 1, 0, 1, 1, 1, 1, 0, 0, 1, 1, 1, 1, 1, 1, 1, 1, 1, 1, 0, 0, 1, 1, 1, 1, 1, 1, 1, 1, 1, 1, 1, 1, 1, 1, 1, 0, 1, 1, 1, 1, 0, 0, 1, 1, 1, 0, 1, 0, 1, 1, 1, 1, 1, 1, 0, 0, 1, 0, 1, 1, 1, 1, 0, 1, 1, 1, 0, 0, 1, 1, 1, 1, 0, 1, 1, 0, 1, 0, 1, 1, 1, 1, 1, 1, 1, 1, 1, 1, 1, 1, 1, 1, 1, 1, 1, 1, 1, 1, 1, 0, 1, 1, 0, 1, 1, 1, 1, 0, 1, 1, 1, 1, 1, 1, 0, 1, 1, 1, 0, 1, 1, 1, 1, 1, 1, 1, 0, 0, 1, 0, 1, 1, 1, 1, 0, 0, 1, 1, 1, 1, 1, 1, 1, 1, 1, 1, 0, 0, 1, 1, 1, 1, 1, 1, 1, 1, 1, 1, 1, 1, 1, 1, 1, 0, 1, 1, 1, 1, 0, 0, 1, 1, 1, 0, 1, 0, 1, 1, 1, 1, 1, 1, 0, 0, 1, 0, 1, 1, 1, 1, 0, 1, 1, 1, 0, 0, 1, 1, 1, 1, 0, 1, 1, 0, 1, 0, 1, 1, 1, 1, 1, 1, 1, 1, 1, 1, 1, 1, 1, 1, 1, 1, 1, 1, 1, 1, 1, 0, 1, 1, 0, 1, 1, 1, 1, 0, 1, 1, 1, 1, 1, 1, 0, 1, 1, 1, 0, 1, 1, 1, 1, 1, 1, 1, 0, 0, 1, 0, 1, 1, 1, 1, 0, 0, 1, 1, 1, 1, 1, 1, 1, 1, 1, 1, 0, 0, 1, 1, 1, 1, 1, 1, 1, 1, 1, 1, 1, 1, 1, 1, 1, 0, 1, 1, 1, 1, 0, 0, 1, 1, 1, 0, 1, 0, 1, 1, 1, 1, 1, 1, 0, 1, 0, 1, 1, 1, 1, 0, 0, 1, 1, 0, 0, 1, 1, 1, 1, 0, 1, 1, 0, 1, 0, 1, 1, 1, 1, 1, 1, 1, 1, 1, 1, 1, 1, 1, 1, 1, 1, 1, 1, 1, 1, 1, 0, 1, 1, 0, 1, 1, 1, 1, 0, 1, 1, 1, 1, 1, 1, 0, 1, 1, 1, 0, 1, 1, 1, 1, 1, 1, 1, 0, 0, 1, 0, 1, 1, 1, 1, 0, 0, 1, 1, 1, 1, 1, 1, 1, 1, 1, 1, 0, 0, 1, 1, 1, 1, 1, 1, 1, 1, 1, 1, 1, 1, 1, 1, 1, 0, 1, 1, 1, 1, 0, 0, 1, 1, 1, 0, 1, 0, 1, 1, 1, 1, 1, 1, 0, 0, 1, 0, 1, 1, 1, 1, 0, 1, 1, 1, 0, 0, 1, 1, 1, 1, 0, 1, 1, 0, 1, 0, 1, 1, 1, 1, 1, 1, 1, 1, 1, 1, 1, 1, 1, 1, 1, 1, 1, 1, 1, 1, 1, 0, 1, 1, 0, 1, 1, 1, 1, 0, 1, 1, 1, 1, 1, 1, 0, 1, 1, 1, 0, 1, 1, 1, 1, 1, 1, 1, 0, 0, 1, 0, 1, 1, 1, 1, 0, 0, 1, 1, 1, 1, 1, 1, 1, 1, 1, 1, 0, 0, 1, 1, 1, 1, 1, 1, 1, 1, 1, 1, 1, 1, 1, 1, 1, 0, 1, 1, 1, 1, 0, 0, 1, 1, 1, 0, 1, 0, 1, 1, 1, 1, 1, 1, 0, 0, 1, 0, 1, 1, 1, 1, 0, 1, 1, 1, 0, 0, 1, 1, 1, 1, 0, 1, 1, 0, 1, 0, 1, 1, 1, 1, 1, 1, 1, 1, 1, 1, 1, 1, 1, 1, 1, 1, 1, 1, 1, 1, 1, 0, 1, 1, 0, 1, 1, 1, 1, 0, 1, 1, 1, 1, 1, 1, 0, 1, 1, 1, 0, 1, 1, 1, 1, 1, 1, 1, 0, 0, 1, 0, 1, 1, 1, 1, 0, 0, 1, 1, 1, 1, 1, 1, 1, 1, 1, 1, 0, 0, 1, 1, 1, 1, 1, 1, 1, 1, 1, 1, 1, 1, 1, 1, 1, 0, 1, 1, 1, 1, 0, 0, 1, 1, 1, 0, 1, 0, 1, 1, 1, 1, 1, 1, 0, 0, 1, 0, 1, 1, 1, 1, 0, 1, 1, 1, 0, 0, 1, 1, 1, 1, 0, 1, 1, 0, 1, 0, 1, 1, 1, 1, 1, 1, 1, 1, 1, 1, 1, 1, 1, 1, 1, 1, 1, 1, 1, 1, 1, 0, 1, 1, 0, 1, 1, 1, 1, 0, 1, 1, 1, 1, 1, 1, 0, 1, 1, 1, 0, 1, 1, 1, 1, 1, 1, 1, 0, 0, 1, 0, 1, 1, 1, 1, 0, 0, 1, 1, 1, 1, 1, 1, 1, 1, 1, 1, 0, 0, 1, 1, 1, 1, 1, 1, 1, 1, 1, 1, 1, 1, 1, 1, 1, 0, 1, 1, 1, 1, 0, 0, 1, 1, 1, 0, 1, 0, 1, 1, 1, 1, 1, 1, 0, 0, 1, 0, 1, 1, 1, 1, 0, 1, 1, 1, 0, 0, 1, 1, 1, 1, 0, 1, 1, 0, 1, 0, 1, 1, 1, 1, 1, 1, 1, 1, 1, 1, 1, 1, 1, 1, 1, 1, 1, 1, 1, 1, 1, 0, 1, 1, 0, 1, 1, 1, 1, 0, 1, 1, 1, 1, 1, 1, 0, 1, 1, 1, 0, 1, 1, 1, 1, 1, 1, 1, 0, 0, 1, 0, 1, 1, 1, 1, 0, 0, 1, 1, 1, 1, 1, 1, 1, 1, 1, 1, 0, 0, 1, 1, 1, 1, 1, 1, 1, 1, 1, 1, 1, 1, 1, 1, 1, 0, 1, 1, 1, 1, 0, 0, 1, 1, 1, 0, 1, 0, 1, 1, 1, 1, 1, 1, 0, 0, 1, 0, 1, 1, 1, 1, 0, 1, 1, 1, 0, 0, 1, 1, 1, 1, 0, 1, 1, 0, 1, 0, 1, 1, 1, 1, 1, 1, 1, 1, 1, 1, 1, 1, 1, 1, 1, 1, 1, 1, 1, 1, 1, 0, 1, 1, 0, 1, 1, 1, 1, 0, 1, 1, 1, 1, 1, 1, 0, 1, 1, 1, 0, 1, 1, 1, 1, 1, 1, 1, 0, 0, 1, 0, 1, 1, 1, 1, 0, 0, 1, 1, 1, 1, 1, 1, 1, 1, 1, 1, 0, 0, 1, 1, 1, 1, 1, 1, 1, 1, 1, 1, 1, 1, 1, 1, 1, 0, 1, 1, 1, 1, 0, 0, 1, 1, 1, 0, 1, 0, 1, 1, 1, 1, 1, 1, 0, 0, 1, 1, 1, 1, 1, 0, 0, 1, 1, 0, 0, 1, 1, 0, 1, 0, 1, 1, 0, 1, 0, 1, 1, 1, 1, 1, 1, 1, 1, 1, 1, 1, 1, 1, 1, 1, 1, 1, 1, 1, 1, 1, 0, 1, 1, 0, 1, 1, 1, 1, 0, 1, 1, 1, 1, 1, 1, 0, 1, 1, 1, 0, 1, 1, 1, 1, 1, 1, 1, 0, 0, 1, 0, 1, 1, 1, 1, 0, 0, 1, 1, 1, 1, 1, 1, 1, 1, 1, 1, 0, 0, 1, 1, 1, 1, 1, 1, 1, 1, 1, 1, 1, 1, 1, 1, 1, 0, 1, 1, 1, 1, 0, 0, 1, 1, 1, 0, 1, 0, 1, 1, 1, 1, 1, 1, 0, 0, 1, 1, 1, 1, 1, 0, 0, 1, 1, 0, 0, 1, 1, 0, 1, 0, 1, 1, 0, 1, 0, 1, 1, 1, 1, 1, 1, 1, 1, 1, 1, 1, 1, 1, 1, 1, 1, 1, 1, 1, 1, 1, 0, 1, 1, 0, 1, 1, 1, 1, 0, 1, 1, 1, 1, 1, 1, 0, 1, 1, 1, 0, 1, 1, 1, 1, 1, 1, 1, 0, 0, 1, 0, 1, 1, 1, 1, 0, 0, 1, 1, 1, 1, 1, 1, 1, 1, 1, 1, 0, 0, 1, 1, 1, 1, 1, 1, 1, 1, 1, 1, 1, 1, 1, 1, 1, 0, 1, 1, 1, 1, 0, 0, 1, 1, 1, 0, 1, 0, 1, 1, 1, 1, 1, 1, 0, 0, 1, 0, 1, 1, 1, 1, 0, 1, 1, 1, 0, 0, 1, 1, 1, 1, 0, 1, 1, 0, 1, 0, 1, 1, 1, 1, 1, 1, 1, 1, 1, 1, 1, 1, 1, 1, 1, 1, 1, 1, 1, 1, 1, 0, 1, 1, 0, 1, 1, 1, 1, 0, 1, 1, 1, 1, 1, 1, 0, 1, 1, 1, 0, 1, 1, 1, 1, 1, 1, 1, 0, 0, 1, 0, 1, 1, 1, 1, 0, 0, 1, 1, 1, 1, 1, 1, 1, 1, 1, 1, 0, 0, 1, 1, 1, 1, 1, 1, 1, 1, 1, 1, 1, 1, 1, 1, 1, 0, 1, 1, 1, 1, 0, 0, 1, 1, 1, 0, 1, 0, 1, 1, 1, 1, 1, 1, 0, 0, 1, 0, 1, 1, 1, 1, 0, 1, 1, 1, 0, 0, 1, 1, 1, 1, 0, 1, 1, 0, 1, 0, 1, 1, 1, 1, 1, 1, 1, 1, 1, 1, 1, 1, 1, 1, 1, 1, 1, 1, 1, 1, 1, 0, 1, 1, 0, 1, 1, 1, 1, 0, 1, 1, 1, 1, 1, 1, 0, 1, 1, 1, 0, 1, 1, 1, 1, 1, 1, 1, 0, 0, 1, 0, 1, 1, 1, 1, 0, 0, 1, 1, 1, 1, 1, 1, 1, 1, 1, 1, 0, 0, 1, 1, 1, 1, 1, 1, 1, 1, 1, 1, 1, 1, 1, 1, 1, 0, 1, 1, 1, 1, 0, 0, 1, 1, 1, 0, 1, 0, 1, 1, 1, 1, 1, 1, 0, 0, 1, 0, 1, 1, 1, 1, 0, 1, 1, 1, 0, 0, 1, 1, 1, 1, 0, 1, 1, 0, 1, 0, 1, 1, 1, 1, 1, 1, 1, 1, 1, 1, 1, 1, 1, 1, 1, 1, 1, 1, 1, 1, 1, 0, 1, 1, 0, 1, 1, 1, 1, 0, 1, 1, 1, 1, 1, 1, 0, 1, 1, 1, 0, 1, 1, 1, 1, 1, 1, 1, 0, 0, 1, 0, 1, 1, 1, 1, 0, 0, 1, 1, 1, 1, 1, 1, 1, 1, 1, 1, 0, 0, 1, 1, 1, 1, 1, 1, 1, 1, 1, 1, 1, 1, 1, 1, 1, 0, 1, 1, 1, 1, 0, 0, 1, 1, 1, 0, 1, 0, 1, 1, 1, 1, 1, 1, 0, 0, 1, 0, 1, 1, 1, 1, 0, 1, 1, 1, 0, 0, 1, 1, 1, 1, 0, 1, 1, 0, 1, 0, 1, 1, 1, 1, 1, 1, 1, 1, 1, 1, 1, 1, 1, 1, 1, 1, 1, 1, 1, 1, 1, 0, 1, 1, 0, 1, 1, 1, 1, 0, 1, 1, 1, 1, 1, 1, 0, 1, 1, 1, 0, 1, 1, 1, 1, 1, 1, 1, 0, 0, 1, 0, 1, 1, 1, 1, 0, 0, 1, 1, 1, 1, 1, 1, 1, 1, 1, 1, 0, 0, 1, 1, 1, 1, 1, 1, 1, 1, 1, 1, 1, 1, 1, 1, 1, 0, 1, 1, 1, 1, 0, 0, 1, 1, 1, 0, 1, 0, 1, 1, 1, 1, 1, 1, 0, 0, 1, 0, 1, 1, 1, 1, 0, 1, 1, 1, 0, 0, 1, 1, 1, 1, 0, 1, 1, 0, 1, 0, 1, 1, 1, 1, 1, 1, 1, 1, 1, 1, 1, 1, 1, 1, 1, 1, 1, 1, 1, 1, 1, 0, 1, 1, 0, 1, 1, 1, 1, 0, 1, 1, 1, 1, 1, 1, 0, 1, 1, 1, 0, 1, 1, 1, 1, 1, 1, 1, 0, 0, 1, 0, 1, 1, 1, 1, 0, 0, 1, 1, 1, 1, 1, 1, 1, 1, 1, 1, 0, 1, 1, 1, 0, 0, 0, 0, 0, 0, 0, 0, 0, 0, 0, 0, 0, 1, 0, 0, 0, 0, 1, 1, 0, 0, 0, 1, 0, 1, 0, 0, 0, 0, 0, 0, 1, 0, 1, 0, 0, 0, 0, 1, 0, 0, 0, 1, 1, 0, 0, 0, 0, 1, 0, 0, 1, 0, 1, 0, 0, 0, 0, 0, 0, 0, 0, 0, 0, 0, 0, 0, 0, 0, 0, 0, 0, 0, 0, 0, 1, 0, 1, 1, 0, 0, 0, 0, 1, 0, 0, 0, 0, 0, 0, 1, 0, 0, 0, 1, 0, 0, 0, 0, 0, 0, 0, 1, 0, 0, 1, 0, 1, 0, 0, 1, 1, 0, 0, 0, 0, 0, 0, 0, 0, 0, 0, 1, 0, 0, 0, 1, 1, 1, 1, 1, 1, 1, 1, 1, 1, 1, 1, 0, 0, 1, 1, 1, 1, 0, 0, 1, 1, 1, 0, 1, 0, 1, 1, 1, 1, 1, 1, 0, 0, 1, 0, 1, 1, 1, 1, 0, 1, 1, 1, 0, 0, 1, 1, 1, 1, 0, 1, 1, 0, 1, 0, 1, 1, 1, 1, 1, 1, 1, 1, 1, 1, 1, 1, 1, 1, 1, 1, 1, 1, 1, 1, 1, 0, 1, 1, 0, 1, 1, 1, 1, 0, 1, 1, 1, 1, 1, 1, 0, 0, 1, 1, 0, 0, 1, 1, 1, 1, 1, 1, 0, 0, 1, 0, 1, 1, 1, 1, 0, 0, 1, 1, 1, 1, 1, 1, 1, 1, 1, 1, 0, 1, 1, 1, 0, 0, 0, 0, 0, 0, 0, 0, 0, 0, 0, 0, 0, 1, 0, 0, 0, 0, 1, 1, 0, 0, 0, 1, 0, 1, 0, 0, 0, 0, 0, 0, 1, 0, 1, 0, 0, 0, 0, 1, 0, 0, 0, 1, 1, 0, 0, 0, 0, 1, 0, 0, 1, 0, 1, 0, 0, 0, 0, 0, 0, 0, 0, 0, 0, 0, 0, 0, 0, 0, 0, 0, 0, 0, 0, 0, 1, 0, 1, 1, 0, 0, 0, 0, 1, 0, 0, 0, 0, 0, 0, 1, 0, 0, 0, 1, 0, 0, 0, 0, 0, 0, 0, 1, 0, 1, 1, 0, 1, 0, 0, 1, 1, 0, 0, 0, 0, 0, 0, 0, 0, 0, 0, 1, 0, 0, 0, 1, 1, 1, 1, 1, 1, 1, 1, 1, 1, 1, 1, 0, 0, 1, 1, 1, 1, 0, 0, 1, 1, 1, 0, 1, 0, 1, 1, 1, 1, 1, 1, 0, 0, 1, 0, 1, 1, 1, 1, 0, 1, 1, 1, 0, 0, 1, 1, 1, 1, 0, 1, 1, 0, 1, 0, 1, 1, 1, 1, 1, 1, 1, 1, 1, 1, 1, 1, 1, 1, 1, 1, 1, 1, 1, 1, 1, 0, 1, 1, 0, 1, 1, 1, 1, 0, 1, 1, 1, 1, 1, 1, 0, 1, 1, 1, 0, 1, 1, 1, 1, 1, 1, 1, 0, 0, 1, 0, 1, 1, 1, 1, 0, 0, 1, 1, 1, 1, 1, 1, 1, 1, 1, 1, 0, 0, 1, 1, 1, 1, 1, 1, 1, 1, 1, 1, 1, 1, 1, 1, 1, 0, 1, 1, 1, 1, 0, 0, 1, 1, 1, 0, 1, 0, 1, 1, 1, 1, 1, 1, 0, 0, 1, 1, 1, 1, 1, 0, 0, 1, 1, 0, 0, 1, 1, 0, 1, 0, 1, 1, 0, 1, 0, 1, 1, 1, 1, 1, 1, 1, 1, 1, 1, 1, 1, 1, 1, 1, 1, 1, 1, 1, 1, 1, 0, 1, 1, 0, 1, 1, 1, 1, 0, 1, 1, 1, 1, 1, 1, 0, 1, 1, 1, 0, 1, 1, 1, 1, 1, 1, 1, 0, 0, 1, 0, 1, 1, 1, 1, 0, 0, 1, 1, 1, 1, 1, 1, 1, 1, 1, 1, 0, 1, 1, 1, 0, 0, 0, 0, 0, 0, 0, 0, 0, 0, 0, 0, 0, 1, 0, 0, 0, 0, 1, 1, 0, 0, 0, 1, 0, 1, 0, 0, 0, 0, 0, 0, 1, 0, 1, 0, 0, 0, 0, 1, 0, 0, 0, 1, 1, 0, 0, 0, 0, 1, 0, 0, 1, 0, 1, 0, 0, 0, 0, 0, 0, 0, 0, 0, 0, 0, 0, 0, 0, 0, 0, 0, 0, 0, 0, 0, 1, 0, 1, 1, 0, 0, 0, 0, 1, 0, 0, 0, 0, 0, 0, 1, 0, 0, 0, 1, 0, 0, 0, 0, 0, 0, 0, 1, 0, 1, 1, 0, 1, 0, 0, 1, 1, 0, 0, 0, 0, 0, 0, 0, 0, 0, 0, 1, 1, 0, 0, 0, 0, 0, 0, 0, 0, 0, 0, 0, 0, 0, 0, 0, 1, 0, 0, 0, 0, 1, 1, 0, 0, 0, 1, 0, 1, 0, 0, 0, 0, 0, 0, 1, 0, 1, 0, 0, 0, 0, 1, 0, 0, 0, 1, 1, 0, 0, 0, 0, 1, 0, 0, 1, 0, 1, 0, 0, 0, 0, 0, 0, 0, 0, 0, 0, 0, 0, 0, 0, 0, 0, 0, 0, 0, 0, 0, 1, 0, 1, 1, 0, 0, 0, 0, 1, 0, 0, 0, 0, 0, 0, 1, 0, 0, 0, 1, 0, 0, 0, 0, 0, 0, 0, 1, 0, 1, 1, 0, 1, 0, 0, 1, 1, 0, 0, 0, 0, 0, 0, 0, 0, 0, 0, 1, 0, 0, 0, 1, 1, 1, 1, 1, 1, 1, 1, 1, 1, 1, 1, 0, 0, 1, 1, 1, 1, 0, 0, 1, 1, 1, 0, 1, 0, 1, 1, 1, 1, 1, 1, 0, 0, 1, 0, 1, 1, 1, 1, 0, 1, 1, 1, 0, 0, 1, 1, 1, 1, 0, 1, 1, 0, 1, 0, 1, 1, 1, 1, 1, 1, 1, 1, 1, 1, 1, 1, 1, 1, 1, 1, 1, 1, 1, 1, 1, 0, 1, 1, 0, 1, 1, 1, 1, 0, 1, 1, 1, 1, 1, 1, 0, 1, 1, 1, 0, 1, 1, 1, 1, 1, 1, 1, 0, 0, 1, 0, 1, 1, 1, 1, 0, 0, 1, 1, 1, 1, 1, 1, 1, 1, 1, 1, 0, 0, 1, 1, 1, 1, 1, 1, 1, 1, 1, 1, 1, 1, 1, 1, 1, 0, 1, 1, 1, 1, 0, 0, 1, 1, 1, 0, 1, 0, 1, 1, 1, 1, 1, 1, 0, 0, 1, 0, 1, 1, 1, 1, 0, 1, 1, 1, 0, 0, 1, 1, 1, 1, 0, 1, 1, 0, 1, 0, 1, 1, 1, 1, 1, 1, 1, 1, 1, 1, 1, 1, 1, 1, 1, 1, 1, 1, 1, 1, 1, 0, 1, 1, 0, 1, 1, 1, 1, 0, 1, 1, 1, 1, 1, 1, 0, 1, 1, 1, 0, 1, 1, 1, 1, 1, 1, 1, 0, 0, 1, 0, 1, 1, 1, 1, 0, 0, 1, 1, 1, 1, 1, 1, 1, 1, 1, 1, 0, 0, 1, 1, 1, 1, 1, 1, 1, 1, 1, 1, 1, 1, 1, 1, 1, 0, 1, 1, 1, 1, 0, 0, 1, 1, 1, 0, 1, 0, 1, 1, 1, 1, 1, 1, 0, 0, 1, 0, 1, 1, 1, 1, 0, 1, 1, 1, 0, 0, 1, 1, 1, 1, 0, 1, 1, 0, 1, 0, 1, 1, 1, 1, 1, 1, 1, 1, 1, 1, 1, 1, 1, 1, 1, 1, 1, 1, 1, 1, 1, 0, 1, 1, 0, 1, 1, 1, 1, 0, 1, 1, 1, 1, 1, 1, 0, 1, 1, 1, 0, 1, 1, 1, 1, 1, 1, 1, 0, 0, 1, 0, 1, 1, 1, 1, 0, 0, 1, 1, 1, 1, 1, 1, 1, 1, 1, 1, 0, 0, 1, 1, 1, 1, 1, 1, 1, 1, 1, 1, 1, 1, 1, 1, 1, 0, 1, 1, 1, 1, 0, 0, 1, 1, 1, 0, 1, 0, 1, 1, 1, 1, 1, 1, 0, 0, 1, 0, 1, 1, 1, 1, 0, 1, 1, 1, 0, 0, 1, 1, 1, 1, 0, 1, 1, 0, 1, 0, 1, 1, 1, 1, 1, 1, 1, 1, 1, 1, 1, 1, 1, 1, 1, 1, 1, 1, 1, 1, 1, 0, 1, 1, 0, 1, 1, 1, 1, 0, 1, 1, 1, 1, 1, 1, 0, 1, 1, 1, 0, 1, 1, 1, 1, 1, 1, 1, 0, 0, 1, 0, 1, 1, 1, 1, 0, 0, 1, 1, 1, 1, 1, 1, 1, 1, 1, 1, 0, 0, 1, 1, 1, 1, 1, 1, 1, 1, 1, 1, 1, 1, 1, 1, 1, 0, 1, 1, 1, 1, 0, 0, 1, 1, 1, 0, 1, 0, 1, 1, 1, 1, 1, 1, 0, 0, 1, 0, 1, 1, 1, 1, 0, 1, 1, 1, 0, 0, 1, 1, 1, 1, 0, 1, 1, 0, 1, 0, 1, 1, 1, 1, 1, 1, 1, 1, 1, 1, 1, 1, 1, 1, 1, 1, 1, 1, 1, 1, 1, 0, 1, 1, 0, 1, 1, 1, 1, 0, 1, 1, 1, 1, 1, 1, 0, 1, 1, 1, 0, 1, 1, 1, 1, 1, 1, 1, 0, 0, 1, 0, 1, 1, 1, 1, 0, 0, 1, 1, 1, 1, 1, 1, 1, 1, 1, 1, 0, 1, 1, 1, 0, 0, 0, 0, 0, 0, 0, 0, 0, 0, 0, 0, 0, 1, 0, 0, 0, 0, 1, 1, 0, 0, 0, 1, 0, 1, 0, 0, 0, 0, 0, 0, 1, 0, 1, 0, 0, 0, 0, 1, 0, 0, 0, 1, 1, 0, 0, 0, 0, 1, 0, 0, 1, 0, 1, 0, 0, 0, 0, 0, 0, 0, 0, 0, 0, 0, 0, 0, 0, 0, 0, 0, 0, 0, 0, 0, 1, 0, 1, 1, 0, 0, 0, 0, 1, 0, 0, 0, 0, 0, 0, 1, 0, 0, 0, 1, 0, 0, 0, 0, 0, 0, 0, 1, 0, 1, 1, 0, 1, 0, 0, 1, 1, 0, 0, 0, 0, 0, 0, 0, 0, 0, 0, 1, 1, 0, 0, 0, 0, 0, 0, 0, 0, 0, 0, 0, 0, 0, 0, 0, 1, 0, 0, 0, 0, 1, 1, 0, 0, 0, 1, 0, 1, 0, 0, 0, 0, 0, 0, 1, 0, 1, 0, 0, 0, 0, 1, 0, 0, 0, 1, 1, 0, 0, 0, 0, 1, 0, 0, 1, 0, 1, 0, 0, 0, 0, 0, 0, 0, 0, 0, 0, 0, 0, 0, 0, 0, 0, 0, 0, 0, 0, 0, 1, 0, 1, 1, 0, 0, 0, 0, 1, 0, 0, 0, 0, 0, 0, 1, 0, 0, 0, 1, 0, 0, 0, 0, 0, 0, 0, 1, 0, 0, 1, 0, 1, 0, 0, 1, 1, 0, 0, 0, 0, 0, 0, 0, 0, 0, 0, 1, 1, 0, 0, 0, 0, 0, 0, 0, 0, 0, 0, 0, 0, 0, 0, 0, 1, 0, 0, 0, 0, 1, 1, 0, 0, 0, 1, 0, 1, 0, 0, 0, 0, 0, 0, 1, 0, 1, 0, 0, 0, 0, 1, 0, 0, 0, 1, 1, 0, 0, 0, 0, 1, 0, 0, 1, 0, 1, 0, 0, 0, 0, 0, 0, 0, 0, 0, 0, 0, 0, 0, 0, 0, 0, 0, 0, 0, 0, 0, 1, 0, 1, 1, 0, 0, 0, 0, 1, 0, 0, 0, 0, 0, 0, 1, 0, 0, 0, 1, 0, 0, 0, 0, 0, 0, 0, 1, 0, 1, 1, 0, 1, 0, 0, 1, 1, 0, 0, 0, 0, 0, 0, 0, 0, 0, 0, 1, 1, 0, 0, 0, 0, 0, 0, 0, 0, 0, 0, 0, 0, 0, 0, 0, 1, 0, 0, 0, 0, 1, 1, 0, 0, 0, 1, 0, 1, 0, 0, 0, 0, 0, 0, 1, 0, 1, 0, 0, 0, 0, 1, 0, 0, 0, 1, 1, 0, 0, 0, 0, 1, 0, 0, 1, 0, 1, 0, 0, 0, 0, 0, 0, 0, 0, 0, 0, 0, 0, 0, 0, 0, 0, 0, 0, 0, 0, 0, 1, 0, 1, 1, 0, 0, 0, 0, 1, 0, 0, 0, 0, 0, 0, 1, 0, 0, 0, 1, 0, 0, 0, 0, 0, 0, 0, 1, 0, 0, 1, 0, 1, 0, 0, 1, 1, 0, 0, 0, 0, 0, 0, 0, 0, 0, 0, 1, 0, 0, 0, 1, 1, 1, 1, 1, 1, 1, 1, 1, 1, 1, 1, 0, 0, 1, 1, 1, 1, 0, 0, 1, 1, 1, 0, 1, 0, 1, 1, 1, 1, 1, 1, 0, 0, 1, 0, 1, 1, 1, 1, 0, 1, 1, 1, 0, 0, 1, 1, 1, 1, 0, 1, 1, 0, 1, 0, 1, 1, 1, 1, 1, 1, 1, 1, 1, 1, 1, 1, 1, 1, 1, 1, 1, 1, 1, 1, 1, 0, 1, 1, 0, 1, 1, 1, 1, 0, 1, 1, 1, 1, 1, 1, 0, 1, 1, 1, 0, 1, 1, 1, 1, 1, 1, 1, 0, 0, 1, 0, 1, 1, 1, 1, 0, 0, 1, 1, 1, 1, 1, 1, 1, 1, 1, 1, 0, 0, 1, 1, 1, 1, 1, 1, 1, 1, 1, 1, 1, 1, 1, 1, 1, 0, 1, 1, 1, 1, 0, 0, 1, 1, 1, 0, 1, 0, 1, 1, 1, 1, 1, 1, 0, 0, 1, 1, 1, 1, 1, 0, 0, 1, 1, 0, 0, 1, 1, 0, 1, 0, 1, 1, 0, 1, 0, 1, 1, 1, 1, 1, 1, 1, 1, 1, 1, 1, 1, 1, 1, 1, 1, 1, 1, 1, 1, 1, 0, 1, 1, 0, 1, 1, 1, 1, 0, 1, 1, 1, 1, 1, 1, 0, 1, 1, 1, 0, 1, 1, 1, 1, 1, 1, 1, 0, 0, 1, 0, 1, 1, 1, 1, 0, 0, 1, 1, 1, 1, 1, 1, 1, 1, 1, 1, 0, 1, 1, 1, 0, 0, 0, 0, 0, 0, 0, 0, 0, 0, 0, 0, 0, 1, 0, 0, 0, 0, 1, 1, 0, 0, 0, 1, 0, 1, 0, 0, 0, 0, 0, 0, 1, 0, 1, 0, 0, 0, 0, 1, 0, 0, 0, 1, 1, 0, 0, 0, 0, 1, 0, 0, 1, 0, 1, 0, 0, 0, 0, 0, 0, 0, 0, 0, 0, 0, 0, 0, 0, 0, 0, 0, 0, 0, 0, 0, 1, 0, 1, 1, 0, 0, 0, 0, 1, 0, 0, 0, 0, 0, 0, 1, 0, 0, 0, 1, 0, 0, 0, 0, 0, 0, 0, 1, 0, 1, 1, 0, 1, 0, 0, 1, 1, 0, 0, 0, 0, 0, 0, 0, 0, 0, 0, 1, 0, 0, 0, 1, 1, 1, 1, 1, 1, 1, 1, 1, 1, 1, 1, 0, 0, 1, 1, 1, 1, 0, 0, 1, 1, 1, 0, 1, 0, 1, 1, 1, 1, 1, 1, 0, 0, 1, 0, 1, 1, 1, 1, 0, 1, 1, 1, 0, 0, 1, 1, 1, 1, 0, 1, 1, 0, 1, 0, 1, 1, 1, 1, 1, 1, 1, 1, 1, 1, 1, 1, 1, 1, 1, 1, 1, 1, 1, 1, 1, 0, 1, 1, 0, 1, 1, 1, 1, 0, 1, 1, 1, 1, 1, 1, 0, 1, 1, 1, 0, 1, 1, 1, 1, 1, 1, 1, 0]
2025-08-29 11:46:45 [INFO] offset: 2045
2025-08-29 11:46:45 [INFO] value of correlation at offset: 1180
2025-08-29 11:46:45 [INFO] Synced received bits (4): [0.0, 1.0, 1.0, 0.0]
2025-08-29 11:46:45 [INFO] Transmitted payload bits(4): [1 1 0 1]
2025-08-29 11:46:45 [INFO] Sync word correlation: 1180
2025-08-29 11:46:45 [INFO] BER: 0.75
2025-08-29 11:49:10 [DEBUG] **** New run with CLI arguments: Namespace(source='sim', file=None, verbose=3, n_tags=1)
2025-08-29 11:49:10 [DEBUG] Generating simulated samples for 1 tags
2025-08-29 11:49:10 [INFO] simulated packet metadata: SimulatedPacket(tag_id=0, preamble_bits=array([1, 1, 1, 1, 1, 1, 1, 1, 1, 1, 1, 1, 1, 1, 1, 1]), sync_bits=array([0, 1, 0, 1, 1, 0, 0, 1, 1, 1, 1, 1, 0, 0, 0, 0]), payload_bits=array([1, 1, 0, 1]), sps=1, all_bits=array([1, 1, 1, 1, 1, 1, 1, 1, 1, 1, 1, 1, 1, 1, 1, 1, 0, 1, 0, 1, 1, 0, 0, 1, 1, 1, 1, 1, 0, 0, 0, 0, 1, 1, 0, 1]), goldcode=array([-1, -1, -1, -1, -1, -1, -1, -1, -1, -1, -1, -1,  1, -1, -1, -1, -1,  1,  1, -1, -1, -1,  1,  1, -1,  1,  1,  1,
        1,  1,  1, -1,  1,  1, -1, -1, -1, -1,  1,  1, -1, -1,  1, -1,  1,  1, -1, -1,  1, -1, -1,  1, -1,  1, -1, -1,
       -1,  1,  1,  1,  1,  1,  1,  1, -1, -1,  1,  1,  1,  1,  1,  1, -1, -1, -1,  1, -1,  1, -1,  1,  1,  1,  1, -1,
        1,  1,  1,  1,  1,  1, -1,  1,  1, -1,  1, -1, -1,  1,  1,  1,  1,  1, -1,  1, -1,  1, -1, -1,  1,  1, -1,  1,
       -1, -1,  1,  1,  1,  1,  1,  1, -1, -1,  1, -1,  1,  1, -1]), samples=None, snr_db=15.0, frequency_offset_hz=500.0, time_delay_sec=0.002)
2025-08-29 11:49:10 [INFO] Packet to demod: [-1.+0.j -1.+0.j -1.+0.j -1.+0.j -1.+0.j -1.+0.j -1.+0.j -1.+0.j -1.+0.j -1.+0.j -1.+0.j -1.+0.j  1.+0.j -1.+0.j
 -1.+0.j -1.+0.j -1.+0.j  1.+0.j  1.+0.j -1.+0.j -1.+0.j -1.+0.j  1.+0.j  1.+0.j -1.+0.j  1.+0.j  1.+0.j  1.+0.j
  1.+0.j  1.+0.j  1.+0.j -1.+0.j  1.+0.j  1.+0.j -1.+0.j -1.+0.j -1.+0.j -1.+0.j  1.+0.j  1.+0.j -1.+0.j -1.+0.j
  1.+0.j -1.+0.j  1.+0.j  1.+0.j -1.+0.j -1.+0.j  1.+0.j -1.+0.j -1.+0.j  1.+0.j -1.+0.j  1.+0.j -1.+0.j -1.+0.j
 -1.+0.j  1.+0.j  1.+0.j  1.+0.j  1.+0.j  1.+0.j  1.+0.j  1.+0.j -1.+0.j -1.+0.j  1.+0.j  1.+0.j  1.+0.j  1.+0.j
  1.+0.j  1.+0.j -1.+0.j -1.+0.j -1.+0.j  1.+0.j -1.+0.j  1.+0.j -1.+0.j  1.+0.j  1.+0.j  1.+0.j  1.+0.j -1.+0.j
  1.+0.j  1.+0.j  1.+0.j  1.+0.j  1.+0.j  1.+0.j -1.+0.j  1.+0.j  1.+0.j -1.+0.j  1.+0.j -1.+0.j -1.+0.j  1.+0.j
  1.+0.j  1.+0.j  1.+0.j  1.+0.j -1.+0.j  1.+0.j -1.+0.j  1.+0.j -1.+0.j -1.+0.j  1.+0.j  1.+0.j -1.+0.j  1.+0.j
 -1.+0.j -1.+0.j  1.+0.j  1.+0.j  1.+0.j  1.+0.j  1.+0.j  1.+0.j -1.+0.j -1.+0.j  1.+0.j -1.+0.j  1.+0.j  1.+0.j
 -1.+0.j -1.+0.j -1.+0.j -1.+0.j -1.+0.j -1.+0.j -1.+0.j -1.+0.j -1.+0.j -1.+0.j -1.+0.j -1.+0.j -1.+0.j  1.+0.j
 -1.+0.j -1.+0.j -1.+0.j -1.+0.j  1.+0.j  1.+0.j -1.+0.j -1.+0.j -1.+0.j  1.+0.j  1.+0.j -1.+0.j  1.+0.j  1.+0.j
  1.+0.j  1.+0.j  1.+0.j  1.+0.j -1.+0.j  1.+0.j  1.+0.j -1.+0.j -1.+0.j -1.+0.j -1.+0.j  1.+0.j  1.+0.j -1.+0.j
 -1.+0.j  1.+0.j -1.+0.j  1.+0.j  1.+0.j -1.+0.j -1.+0.j  1.+0.j -1.+0.j -1.+0.j  1.+0.j -1.+0.j  1.+0.j -1.+0.j
 -1.+0.j -1.+0.j  1.+0.j  1.+0.j  1.+0.j  1.+0.j  1.+0.j  1.+0.j  1.+0.j -1.+0.j -1.+0.j  1.+0.j  1.+0.j  1.+0.j
  1.+0.j  1.+0.j  1.+0.j -1.+0.j -1.+0.j -1.+0.j  1.+0.j -1.+0.j  1.+0.j -1.+0.j  1.+0.j  1.+0.j  1.+0.j  1.+0.j
 -1.+0.j  1.+0.j  1.+0.j  1.+0.j  1.+0.j  1.+0.j  1.+0.j -1.+0.j  1.+0.j  1.+0.j -1.+0.j  1.+0.j -1.+0.j -1.+0.j
  1.+0.j  1.+0.j  1.+0.j  1.+0.j  1.+0.j -1.+0.j  1.+0.j -1.+0.j  1.+0.j -1.+0.j -1.+0.j  1.+0.j  1.+0.j -1.+0.j
  1.+0.j -1.+0.j -1.+0.j  1.+0.j  1.+0.j  1.+0.j  1.+0.j  1.+0.j  1.+0.j -1.+0.j -1.+0.j  1.+0.j -1.+0.j  1.+0.j
  1.+0.j -1.+0.j -1.+0.j -1.+0.j -1.+0.j -1.+0.j -1.+0.j -1.+0.j -1.+0.j -1.+0.j -1.+0.j -1.+0.j -1.+0.j -1.+0.j
  1.+0.j -1.+0.j -1.+0.j -1.+0.j -1.+0.j  1.+0.j  1.+0.j -1.+0.j -1.+0.j -1.+0.j  1.+0.j  1.+0.j -1.+0.j  1.+0.j
  1.+0.j  1.+0.j  1.+0.j  1.+0.j  1.+0.j -1.+0.j  1.+0.j  1.+0.j -1.+0.j -1.+0.j -1.+0.j -1.+0.j  1.+0.j  1.+0.j
 -1.+0.j -1.+0.j  1.+0.j -1.+0.j  1.+0.j  1.+0.j -1.+0.j -1.+0.j  1.+0.j -1.+0.j -1.+0.j  1.+0.j -1.+0.j  1.+0.j
 -1.+0.j -1.+0.j -1.+0.j  1.+0.j  1.+0.j  1.+0.j  1.+0.j  1.+0.j  1.+0.j  1.+0.j -1.+0.j -1.+0.j  1.+0.j  1.+0.j
  1.+0.j  1.+0.j  1.+0.j  1.+0.j -1.+0.j -1.+0.j -1.+0.j  1.+0.j -1.+0.j  1.+0.j -1.+0.j  1.+0.j  1.+0.j  1.+0.j
  1.+0.j -1.+0.j  1.+0.j  1.+0.j  1.+0.j  1.+0.j  1.+0.j  1.+0.j -1.+0.j  1.+0.j  1.+0.j -1.+0.j  1.+0.j -1.+0.j
 -1.+0.j  1.+0.j  1.+0.j  1.+0.j  1.+0.j  1.+0.j -1.+0.j  1.+0.j -1.+0.j  1.+0.j -1.+0.j -1.+0.j  1.+0.j  1.+0.j
 -1.+0.j  1.+0.j -1.+0.j -1.+0.j  1.+0.j  1.+0.j  1.+0.j  1.+0.j  1.+0.j  1.+0.j -1.+0.j -1.+0.j  1.+0.j -1.+0.j
  1.+0.j  1.+0.j -1.+0.j -1.+0.j -1.+0.j -1.+0.j -1.+0.j -1.+0.j -1.+0.j -1.+0.j -1.+0.j -1.+0.j -1.+0.j -1.+0.j
 -1.+0.j  1.+0.j -1.+0.j -1.+0.j -1.+0.j -1.+0.j  1.+0.j  1.+0.j -1.+0.j -1.+0.j -1.+0.j  1.+0.j  1.+0.j -1.+0.j
  1.+0.j  1.+0.j  1.+0.j  1.+0.j  1.+0.j  1.+0.j -1.+0.j  1.+0.j  1.+0.j -1.+0.j -1.+0.j -1.+0.j -1.+0.j  1.+0.j
  1.+0.j -1.+0.j -1.+0.j  1.+0.j -1.+0.j  1.+0.j  1.+0.j -1.+0.j -1.+0.j  1.+0.j -1.+0.j -1.+0.j  1.+0.j -1.+0.j
  1.+0.j -1.+0.j -1.+0.j -1.+0.j  1.+0.j  1.+0.j  1.+0.j  1.+0.j  1.+0.j  1.+0.j  1.+0.j -1.+0.j -1.+0.j  1.+0.j
  1.+0.j  1.+0.j  1.+0.j  1.+0.j  1.+0.j -1.+0.j -1.+0.j -1.+0.j  1.+0.j -1.+0.j  1.+0.j -1.+0.j  1.+0.j  1.+0.j
  1.+0.j  1.+0.j -1.+0.j  1.+0.j  1.+0.j  1.+0.j  1.+0.j  1.+0.j  1.+0.j -1.+0.j  1.+0.j  1.+0.j -1.+0.j  1.+0.j
 -1.+0.j -1.+0.j  1.+0.j  1.+0.j  1.+0.j  1.+0.j  1.+0.j -1.+0.j  1.+0.j -1.+0.j  1.+0.j -1.+0.j -1.+0.j  1.+0.j
  1.+0.j -1.+0.j  1.+0.j -1.+0.j -1.+0.j  1.+0.j  1.+0.j  1.+0.j  1.+0.j  1.+0.j  1.+0.j -1.+0.j -1.+0.j  1.+0.j
 -1.+0.j  1.+0.j  1.+0.j -1.+0.j -1.+0.j -1.+0.j -1.+0.j -1.+0.j -1.+0.j -1.+0.j -1.+0.j -1.+0.j -1.+0.j -1.+0.j
 -1.+0.j -1.+0.j  1.+0.j -1.+0.j -1.+0.j -1.+0.j -1.+0.j  1.+0.j  1.+0.j -1.+0.j -1.+0.j -1.+0.j  1.+0.j  1.+0.j
 -1.+0.j  1.+0.j  1.+0.j  1.+0.j  1.+0.j  1.+0.j  1.+0.j -1.+0.j  1.+0.j  1.+0.j -1.+0.j -1.+0.j -1.+0.j -1.+0.j
  1.+0.j  1.+0.j -1.+0.j -1.+0.j  1.+0.j -1.+0.j  1.+0.j  1.+0.j -1.+0.j -1.+0.j  1.+0.j -1.+0.j -1.+0.j  1.+0.j
 -1.+0.j  1.+0.j -1.+0.j -1.+0.j -1.+0.j  1.+0.j  1.+0.j  1.+0.j  1.+0.j  1.+0.j  1.+0.j  1.+0.j -1.+0.j -1.+0.j
  1.+0.j  1.+0.j  1.+0.j  1.+0.j  1.+0.j  1.+0.j -1.+0.j -1.+0.j -1.+0.j  1.+0.j -1.+0.j  1.+0.j -1.+0.j  1.+0.j
  1.+0.j  1.+0.j  1.+0.j -1.+0.j  1.+0.j  1.+0.j  1.+0.j  1.+0.j  1.+0.j  1.+0.j -1.+0.j  1.+0.j  1.+0.j -1.+0.j
  1.+0.j -1.+0.j -1.+0.j  1.+0.j  1.+0.j  1.+0.j  1.+0.j  1.+0.j -1.+0.j  1.+0.j -1.+0.j  1.+0.j -1.+0.j -1.+0.j
  1.+0.j  1.+0.j -1.+0.j  1.+0.j -1.+0.j -1.+0.j  1.+0.j  1.+0.j  1.+0.j  1.+0.j  1.+0.j  1.+0.j -1.+0.j -1.+0.j
  1.+0.j -1.+0.j  1.+0.j  1.+0.j -1.+0.j -1.+0.j -1.+0.j -1.+0.j -1.+0.j -1.+0.j -1.+0.j -1.+0.j -1.+0.j -1.+0.j
 -1.+0.j -1.+0.j -1.+0.j  1.+0.j -1.+0.j -1.+0.j -1.+0.j -1.+0.j  1.+0.j  1.+0.j -1.+0.j -1.+0.j -1.+0.j  1.+0.j
  1.+0.j -1.+0.j  1.+0.j  1.+0.j  1.+0.j  1.+0.j  1.+0.j  1.+0.j -1.+0.j  1.+0.j  1.+0.j -1.+0.j -1.+0.j -1.+0.j
 -1.+0.j  1.+0.j  1.+0.j -1.+0.j -1.+0.j  1.+0.j -1.+0.j  1.+0.j  1.+0.j -1.+0.j -1.+0.j  1.+0.j -1.+0.j -1.+0.j
  1.+0.j -1.+0.j  1.+0.j -1.+0.j -1.+0.j -1.+0.j  1.+0.j  1.+0.j  1.+0.j  1.+0.j  1.+0.j  1.+0.j  1.+0.j -1.+0.j
 -1.+0.j  1.+0.j  1.+0.j  1.+0.j  1.+0.j  1.+0.j  1.+0.j -1.+0.j -1.+0.j -1.+0.j  1.+0.j -1.+0.j  1.+0.j -1.+0.j
  1.+0.j  1.+0.j  1.+0.j  1.+0.j -1.+0.j  1.+0.j  1.+0.j  1.+0.j  1.+0.j  1.+0.j  1.+0.j -1.+0.j  1.+0.j  1.+0.j
 -1.+0.j  1.+0.j -1.+0.j -1.+0.j  1.+0.j  1.+0.j  1.+0.j  1.+0.j  1.+0.j -1.+0.j  1.+0.j -1.+0.j  1.+0.j -1.+0.j
 -1.+0.j  1.+0.j  1.+0.j -1.+0.j  1.+0.j -1.+0.j -1.+0.j  1.+0.j  1.+0.j  1.+0.j  1.+0.j  1.+0.j  1.+0.j -1.+0.j
 -1.+0.j  1.+0.j -1.+0.j  1.+0.j  1.+0.j -1.+0.j -1.+0.j -1.+0.j -1.+0.j -1.+0.j -1.+0.j -1.+0.j -1.+0.j -1.+0.j
 -1.+0.j -1.+0.j -1.+0.j -1.+0.j  1.+0.j -1.+0.j -1.+0.j -1.+0.j -1.+0.j  1.+0.j  1.+0.j -1.+0.j -1.+0.j -1.+0.j
  1.+0.j  1.+0.j -1.+0.j  1.+0.j  1.+0.j  1.+0.j  1.+0.j  1.+0.j  1.+0.j -1.+0.j  1.+0.j  1.+0.j -1.+0.j -1.+0.j
 -1.+0.j -1.+0.j  1.+0.j  1.+0.j -1.+0.j -1.+0.j  1.+0.j -1.+0.j  1.+0.j  1.+0.j -1.+0.j -1.+0.j  1.+0.j -1.+0.j
 -1.+0.j  1.+0.j -1.+0.j  1.+0.j -1.+0.j -1.+0.j -1.+0.j  1.+0.j  1.+0.j  1.+0.j  1.+0.j  1.+0.j  1.+0.j  1.+0.j
 -1.+0.j -1.+0.j  1.+0.j  1.+0.j  1.+0.j  1.+0.j  1.+0.j  1.+0.j -1.+0.j -1.+0.j -1.+0.j  1.+0.j -1.+0.j  1.+0.j
 -1.+0.j  1.+0.j  1.+0.j  1.+0.j  1.+0.j -1.+0.j  1.+0.j  1.+0.j  1.+0.j  1.+0.j  1.+0.j  1.+0.j -1.+0.j  1.+0.j
  1.+0.j -1.+0.j  1.+0.j -1.+0.j -1.+0.j  1.+0.j  1.+0.j  1.+0.j  1.+0.j  1.+0.j -1.+0.j  1.+0.j -1.+0.j  1.+0.j
 -1.+0.j -1.+0.j  1.+0.j  1.+0.j -1.+0.j  1.+0.j -1.+0.j -1.+0.j  1.+0.j  1.+0.j  1.+0.j  1.+0.j  1.+0.j  1.+0.j
 -1.+0.j -1.+0.j  1.+0.j -1.+0.j  1.+0.j  1.+0.j -1.+0.j -1.+0.j -1.+0.j -1.+0.j -1.+0.j -1.+0.j -1.+0.j -1.+0.j
 -1.+0.j -1.+0.j -1.+0.j -1.+0.j -1.+0.j  1.+0.j -1.+0.j -1.+0.j -1.+0.j -1.+0.j  1.+0.j  1.+0.j -1.+0.j -1.+0.j
 -1.+0.j  1.+0.j  1.+0.j -1.+0.j  1.+0.j  1.+0.j  1.+0.j  1.+0.j  1.+0.j  1.+0.j -1.+0.j  1.+0.j  1.+0.j -1.+0.j
 -1.+0.j -1.+0.j -1.+0.j  1.+0.j  1.+0.j -1.+0.j -1.+0.j  1.+0.j -1.+0.j  1.+0.j  1.+0.j -1.+0.j -1.+0.j  1.+0.j
 -1.+0.j -1.+0.j  1.+0.j -1.+0.j  1.+0.j -1.+0.j -1.+0.j -1.+0.j  1.+0.j  1.+0.j  1.+0.j  1.+0.j  1.+0.j  1.+0.j
  1.+0.j -1.+0.j -1.+0.j  1.+0.j  1.+0.j  1.+0.j  1.+0.j  1.+0.j  1.+0.j -1.+0.j -1.+0.j -1.+0.j  1.+0.j -1.+0.j
  1.+0.j -1.+0.j  1.+0.j  1.+0.j  1.+0.j  1.+0.j -1.+0.j  1.+0.j  1.+0.j  1.+0.j  1.+0.j  1.+0.j  1.+0.j -1.+0.j
  1.+0.j  1.+0.j -1.+0.j  1.+0.j -1.+0.j -1.+0.j  1.+0.j  1.+0.j  1.+0.j  1.+0.j  1.+0.j -1.+0.j  1.+0.j -1.+0.j
  1.+0.j -1.+0.j -1.+0.j  1.+0.j  1.+0.j -1.+0.j  1.+0.j -1.+0.j -1.+0.j  1.+0.j  1.+0.j  1.+0.j  1.+0.j  1.+0.j
  1.+0.j -1.+0.j -1.+0.j  1.+0.j -1.+0.j  1.+0.j  1.+0.j -1.+0.j -1.+0.j -1.+0.j -1.+0.j -1.+0.j -1.+0.j -1.+0.j
 -1.+0.j -1.+0.j -1.+0.j -1.+0.j -1.+0.j -1.+0.j  1.+0.j -1.+0.j -1.+0.j -1.+0.j -1.+0.j  1.+0.j  1.+0.j -1.+0.j
 -1.+0.j -1.+0.j  1.+0.j  1.+0.j -1.+0.j  1.+0.j  1.+0.j  1.+0.j  1.+0.j  1.+0.j  1.+0.j -1.+0.j  1.+0.j  1.+0.j
 -1.+0.j -1.+0.j -1.+0.j -1.+0.j  1.+0.j  1.+0.j -1.+0.j -1.+0.j  1.+0.j -1.+0.j  1.+0.j  1.+0.j -1.+0.j -1.+0.j
  1.+0.j -1.+0.j -1.+0.j  1.+0.j -1.+0.j  1.+0.j -1.+0.j -1.+0.j -1.+0.j  1.+0.j  1.+0.j  1.+0.j  1.+0.j  1.+0.j
  1.+0.j  1.+0.j -1.+0.j -1.+0.j  1.+0.j  1.+0.j  1.+0.j  1.+0.j  1.+0.j  1.+0.j -1.+0.j -1.+0.j -1.+0.j  1.+0.j
 -1.+0.j  1.+0.j -1.+0.j  1.+0.j  1.+0.j  1.+0.j  1.+0.j -1.+0.j  1.+0.j  1.+0.j  1.+0.j  1.+0.j  1.+0.j  1.+0.j
 -1.+0.j  1.+0.j  1.+0.j -1.+0.j  1.+0.j -1.+0.j -1.+0.j  1.+0.j  1.+0.j  1.+0.j  1.+0.j  1.+0.j -1.+0.j  1.+0.j
 -1.+0.j  1.+0.j -1.+0.j -1.+0.j  1.+0.j  1.+0.j -1.+0.j  1.+0.j -1.+0.j -1.+0.j  1.+0.j  1.+0.j  1.+0.j  1.+0.j
  1.+0.j  1.+0.j -1.+0.j -1.+0.j  1.+0.j -1.+0.j  1.+0.j  1.+0.j -1.+0.j -1.+0.j -1.+0.j -1.+0.j -1.+0.j -1.+0.j
 -1.+0.j -1.+0.j -1.+0.j -1.+0.j -1.+0.j -1.+0.j -1.+0.j  1.+0.j -1.+0.j -1.+0.j -1.+0.j -1.+0.j  1.+0.j  1.+0.j
 -1.+0.j -1.+0.j -1.+0.j  1.+0.j  1.+0.j -1.+0.j  1.+0.j  1.+0.j  1.+0.j  1.+0.j  1.+0.j  1.+0.j -1.+0.j  1.+0.j
  1.+0.j -1.+0.j -1.+0.j -1.+0.j -1.+0.j  1.+0.j  1.+0.j -1.+0.j -1.+0.j  1.+0.j -1.+0.j  1.+0.j  1.+0.j -1.+0.j
 -1.+0.j  1.+0.j -1.+0.j -1.+0.j  1.+0.j -1.+0.j  1.+0.j -1.+0.j -1.+0.j -1.+0.j  1.+0.j  1.+0.j  1.+0.j  1.+0.j
  1.+0.j  1.+0.j  1.+0.j -1.+0.j -1.+0.j  1.+0.j  1.+0.j  1.+0.j  1.+0.j  1.+0.j  1.+0.j -1.+0.j -1.+0.j -1.+0.j
  1.+0.j -1.+0.j  1.+0.j -1.+0.j  1.+0.j  1.+0.j  1.+0.j  1.+0.j -1.+0.j  1.+0.j  1.+0.j  1.+0.j  1.+0.j  1.+0.j
  1.+0.j -1.+0.j  1.+0.j  1.+0.j -1.+0.j  1.+0.j -1.+0.j -1.+0.j  1.+0.j  1.+0.j  1.+0.j  1.+0.j  1.+0.j -1.+0.j
  1.+0.j -1.+0.j  1.+0.j -1.+0.j -1.+0.j  1.+0.j  1.+0.j -1.+0.j  1.+0.j -1.+0.j -1.+0.j  1.+0.j  1.+0.j  1.+0.j
  1.+0.j  1.+0.j  1.+0.j -1.+0.j -1.+0.j  1.+0.j -1.+0.j  1.+0.j  1.+0.j -1.+0.j -1.+0.j -1.+0.j -1.+0.j -1.+0.j
 -1.+0.j -1.+0.j -1.+0.j -1.+0.j -1.+0.j -1.+0.j -1.+0.j -1.+0.j  1.+0.j -1.+0.j -1.+0.j -1.+0.j -1.+0.j  1.+0.j
  1.+0.j -1.+0.j -1.+0.j -1.+0.j  1.+0.j  1.+0.j -1.+0.j  1.+0.j  1.+0.j  1.+0.j  1.+0.j  1.+0.j  1.+0.j -1.+0.j
  1.+0.j  1.+0.j -1.+0.j -1.+0.j -1.+0.j -1.+0.j  1.+0.j  1.+0.j -1.+0.j -1.+0.j  1.+0.j -1.+0.j  1.+0.j  1.+0.j
 -1.+0.j -1.+0.j  1.+0.j -1.+0.j -1.+0.j  1.+0.j -1.+0.j  1.+0.j -1.+0.j -1.+0.j -1.+0.j  1.+0.j  1.+0.j  1.+0.j
  1.+0.j  1.+0.j  1.+0.j  1.+0.j -1.+0.j -1.+0.j  1.+0.j  1.+0.j  1.+0.j  1.+0.j  1.+0.j  1.+0.j -1.+0.j -1.+0.j
 -1.+0.j  1.+0.j -1.+0.j  1.+0.j -1.+0.j  1.+0.j  1.+0.j  1.+0.j  1.+0.j -1.+0.j  1.+0.j  1.+0.j  1.+0.j  1.+0.j
  1.+0.j  1.+0.j -1.+0.j  1.+0.j  1.+0.j -1.+0.j  1.+0.j -1.+0.j -1.+0.j  1.+0.j  1.+0.j  1.+0.j  1.+0.j  1.+0.j
 -1.+0.j  1.+0.j -1.+0.j  1.+0.j -1.+0.j -1.+0.j  1.+0.j  1.+0.j -1.+0.j  1.+0.j -1.+0.j -1.+0.j  1.+0.j  1.+0.j
  1.+0.j  1.+0.j  1.+0.j  1.+0.j -1.+0.j -1.+0.j  1.+0.j -1.+0.j  1.+0.j  1.+0.j -1.+0.j -1.+0.j -1.+0.j -1.+0.j
 -1.+0.j -1.+0.j -1.+0.j -1.+0.j -1.+0.j -1.+0.j -1.+0.j -1.+0.j -1.+0.j  1.+0.j -1.+0.j -1.+0.j -1.+0.j -1.+0.j
  1.+0.j  1.+0.j -1.+0.j -1.+0.j -1.+0.j  1.+0.j  1.+0.j -1.+0.j  1.+0.j  1.+0.j  1.+0.j  1.+0.j  1.+0.j  1.+0.j
 -1.+0.j  1.+0.j  1.+0.j -1.+0.j -1.+0.j -1.+0.j -1.+0.j  1.+0.j  1.+0.j -1.+0.j -1.+0.j  1.+0.j -1.+0.j  1.+0.j
  1.+0.j -1.+0.j -1.+0.j  1.+0.j -1.+0.j -1.+0.j  1.+0.j -1.+0.j  1.+0.j -1.+0.j -1.+0.j -1.+0.j  1.+0.j  1.+0.j
  1.+0.j  1.+0.j  1.+0.j  1.+0.j  1.+0.j -1.+0.j -1.+0.j  1.+0.j  1.+0.j  1.+0.j  1.+0.j  1.+0.j  1.+0.j -1.+0.j
 -1.+0.j -1.+0.j  1.+0.j -1.+0.j  1.+0.j -1.+0.j  1.+0.j  1.+0.j  1.+0.j  1.+0.j -1.+0.j  1.+0.j  1.+0.j  1.+0.j
  1.+0.j  1.+0.j  1.+0.j -1.+0.j  1.+0.j  1.+0.j -1.+0.j  1.+0.j -1.+0.j -1.+0.j  1.+0.j  1.+0.j  1.+0.j  1.+0.j
  1.+0.j -1.+0.j  1.+0.j -1.+0.j  1.+0.j -1.+0.j -1.+0.j  1.+0.j  1.+0.j -1.+0.j  1.+0.j -1.+0.j -1.+0.j  1.+0.j
  1.+0.j  1.+0.j  1.+0.j  1.+0.j  1.+0.j -1.+0.j -1.+0.j  1.+0.j -1.+0.j  1.+0.j  1.+0.j -1.+0.j -1.+0.j -1.+0.j
 -1.+0.j -1.+0.j -1.+0.j -1.+0.j -1.+0.j -1.+0.j -1.+0.j -1.+0.j -1.+0.j -1.+0.j  1.+0.j -1.+0.j -1.+0.j -1.+0.j
 -1.+0.j  1.+0.j  1.+0.j -1.+0.j -1.+0.j -1.+0.j  1.+0.j  1.+0.j -1.+0.j  1.+0.j  1.+0.j  1.+0.j  1.+0.j  1.+0.j
  1.+0.j -1.+0.j  1.+0.j  1.+0.j -1.+0.j -1.+0.j -1.+0.j -1.+0.j  1.+0.j  1.+0.j -1.+0.j -1.+0.j  1.+0.j -1.+0.j
  1.+0.j  1.+0.j -1.+0.j -1.+0.j  1.+0.j -1.+0.j -1.+0.j  1.+0.j -1.+0.j  1.+0.j -1.+0.j -1.+0.j -1.+0.j  1.+0.j
  1.+0.j  1.+0.j  1.+0.j  1.+0.j  1.+0.j  1.+0.j -1.+0.j -1.+0.j  1.+0.j  1.+0.j  1.+0.j  1.+0.j  1.+0.j  1.+0.j
 -1.+0.j -1.+0.j -1.+0.j  1.+0.j -1.+0.j  1.+0.j -1.+0.j  1.+0.j  1.+0.j  1.+0.j  1.+0.j -1.+0.j  1.+0.j  1.+0.j
  1.+0.j  1.+0.j  1.+0.j  1.+0.j -1.+0.j  1.+0.j  1.+0.j -1.+0.j  1.+0.j -1.+0.j -1.+0.j  1.+0.j  1.+0.j  1.+0.j
  1.+0.j  1.+0.j -1.+0.j  1.+0.j -1.+0.j  1.+0.j -1.+0.j -1.+0.j  1.+0.j  1.+0.j -1.+0.j  1.+0.j -1.+0.j -1.+0.j
  1.+0.j  1.+0.j  1.+0.j  1.+0.j  1.+0.j  1.+0.j -1.+0.j -1.+0.j  1.+0.j -1.+0.j  1.+0.j  1.+0.j -1.+0.j -1.+0.j
 -1.+0.j -1.+0.j -1.+0.j -1.+0.j -1.+0.j -1.+0.j -1.+0.j -1.+0.j -1.+0.j -1.+0.j -1.+0.j  1.+0.j -1.+0.j -1.+0.j
 -1.+0.j -1.+0.j  1.+0.j  1.+0.j -1.+0.j -1.+0.j -1.+0.j  1.+0.j  1.+0.j -1.+0.j  1.+0.j  1.+0.j  1.+0.j  1.+0.j
  1.+0.j  1.+0.j -1.+0.j  1.+0.j  1.+0.j -1.+0.j -1.+0.j -1.+0.j -1.+0.j  1.+0.j  1.+0.j -1.+0.j -1.+0.j  1.+0.j
 -1.+0.j  1.+0.j  1.+0.j -1.+0.j -1.+0.j  1.+0.j -1.+0.j -1.+0.j  1.+0.j -1.+0.j  1.+0.j -1.+0.j -1.+0.j -1.+0.j
  1.+0.j  1.+0.j  1.+0.j  1.+0.j  1.+0.j  1.+0.j  1.+0.j -1.+0.j -1.+0.j  1.+0.j  1.+0.j  1.+0.j  1.+0.j  1.+0.j
  1.+0.j -1.+0.j -1.+0.j -1.+0.j  1.+0.j -1.+0.j  1.+0.j -1.+0.j  1.+0.j  1.+0.j  1.+0.j  1.+0.j -1.+0.j  1.+0.j
  1.+0.j  1.+0.j  1.+0.j  1.+0.j  1.+0.j -1.+0.j  1.+0.j  1.+0.j -1.+0.j  1.+0.j -1.+0.j -1.+0.j  1.+0.j  1.+0.j
  1.+0.j  1.+0.j  1.+0.j -1.+0.j  1.+0.j -1.+0.j  1.+0.j -1.+0.j -1.+0.j  1.+0.j  1.+0.j -1.+0.j  1.+0.j -1.+0.j
 -1.+0.j  1.+0.j  1.+0.j  1.+0.j  1.+0.j  1.+0.j  1.+0.j -1.+0.j -1.+0.j  1.+0.j -1.+0.j  1.+0.j  1.+0.j -1.+0.j
 -1.+0.j -1.+0.j -1.+0.j -1.+0.j -1.+0.j -1.+0.j -1.+0.j -1.+0.j -1.+0.j -1.+0.j -1.+0.j -1.+0.j  1.+0.j -1.+0.j
 -1.+0.j -1.+0.j -1.+0.j  1.+0.j  1.+0.j -1.+0.j -1.+0.j -1.+0.j  1.+0.j  1.+0.j -1.+0.j  1.+0.j  1.+0.j  1.+0.j
  1.+0.j  1.+0.j  1.+0.j -1.+0.j  1.+0.j  1.+0.j -1.+0.j -1.+0.j -1.+0.j -1.+0.j  1.+0.j  1.+0.j -1.+0.j -1.+0.j
  1.+0.j -1.+0.j  1.+0.j  1.+0.j -1.+0.j -1.+0.j  1.+0.j -1.+0.j -1.+0.j  1.+0.j -1.+0.j  1.+0.j -1.+0.j -1.+0.j
 -1.+0.j  1.+0.j  1.+0.j  1.+0.j  1.+0.j  1.+0.j  1.+0.j  1.+0.j -1.+0.j -1.+0.j  1.+0.j  1.+0.j  1.+0.j  1.+0.j
  1.+0.j  1.+0.j -1.+0.j -1.+0.j -1.+0.j  1.+0.j -1.+0.j  1.+0.j -1.+0.j  1.+0.j  1.+0.j  1.+0.j  1.+0.j -1.+0.j
  1.+0.j  1.+0.j  1.+0.j  1.+0.j  1.+0.j  1.+0.j -1.+0.j  1.+0.j  1.+0.j -1.+0.j  1.+0.j -1.+0.j -1.+0.j  1.+0.j
  1.+0.j  1.+0.j  1.+0.j  1.+0.j -1.+0.j  1.+0.j -1.+0.j  1.+0.j -1.+0.j -1.+0.j  1.+0.j  1.+0.j -1.+0.j  1.+0.j
 -1.+0.j -1.+0.j  1.+0.j  1.+0.j  1.+0.j  1.+0.j  1.+0.j  1.+0.j -1.+0.j -1.+0.j  1.+0.j -1.+0.j  1.+0.j  1.+0.j
 -1.+0.j -1.+0.j -1.+0.j -1.+0.j -1.+0.j -1.+0.j -1.+0.j -1.+0.j -1.+0.j -1.+0.j -1.+0.j -1.+0.j -1.+0.j  1.+0.j
 -1.+0.j -1.+0.j -1.+0.j -1.+0.j  1.+0.j  1.+0.j -1.+0.j -1.+0.j -1.+0.j  1.+0.j  1.+0.j -1.+0.j  1.+0.j  1.+0.j
  1.+0.j  1.+0.j  1.+0.j  1.+0.j -1.+0.j  1.+0.j  1.+0.j -1.+0.j -1.+0.j -1.+0.j -1.+0.j  1.+0.j  1.+0.j -1.+0.j
 -1.+0.j  1.+0.j -1.+0.j  1.+0.j  1.+0.j -1.+0.j -1.+0.j  1.+0.j -1.+0.j -1.+0.j  1.+0.j -1.+0.j  1.+0.j -1.+0.j
 -1.+0.j -1.+0.j  1.+0.j  1.+0.j  1.+0.j  1.+0.j  1.+0.j  1.+0.j  1.+0.j -1.+0.j -1.+0.j  1.+0.j  1.+0.j  1.+0.j
  1.+0.j  1.+0.j  1.+0.j -1.+0.j -1.+0.j -1.+0.j  1.+0.j -1.+0.j  1.+0.j -1.+0.j  1.+0.j  1.+0.j  1.+0.j  1.+0.j
 -1.+0.j  1.+0.j  1.+0.j  1.+0.j  1.+0.j  1.+0.j  1.+0.j -1.+0.j  1.+0.j  1.+0.j -1.+0.j  1.+0.j -1.+0.j -1.+0.j
  1.+0.j  1.+0.j  1.+0.j  1.+0.j  1.+0.j -1.+0.j  1.+0.j -1.+0.j  1.+0.j -1.+0.j -1.+0.j  1.+0.j  1.+0.j -1.+0.j
  1.+0.j -1.+0.j -1.+0.j  1.+0.j  1.+0.j  1.+0.j  1.+0.j  1.+0.j  1.+0.j -1.+0.j -1.+0.j  1.+0.j -1.+0.j  1.+0.j
  1.+0.j -1.+0.j  1.-0.j  1.-0.j  1.-0.j  1.-0.j  1.-0.j  1.-0.j  1.-0.j  1.-0.j  1.-0.j  1.-0.j  1.-0.j  1.-0.j
 -1.+0.j  1.-0.j  1.-0.j  1.-0.j  1.-0.j -1.+0.j -1.+0.j  1.-0.j  1.-0.j  1.-0.j -1.+0.j -1.+0.j  1.-0.j -1.+0.j
 -1.+0.j -1.+0.j -1.+0.j -1.+0.j -1.+0.j  1.-0.j -1.+0.j -1.+0.j  1.-0.j  1.-0.j  1.-0.j  1.-0.j -1.+0.j -1.+0.j
  1.-0.j  1.-0.j -1.+0.j  1.-0.j -1.+0.j -1.+0.j  1.-0.j  1.-0.j -1.+0.j  1.-0.j  1.-0.j -1.+0.j  1.-0.j -1.+0.j
  1.-0.j  1.-0.j  1.-0.j -1.+0.j -1.+0.j -1.+0.j -1.+0.j -1.+0.j -1.+0.j -1.+0.j  1.-0.j  1.-0.j -1.+0.j -1.+0.j
 -1.+0.j -1.+0.j -1.+0.j -1.+0.j  1.-0.j  1.-0.j  1.-0.j -1.+0.j  1.-0.j -1.+0.j  1.-0.j -1.+0.j -1.+0.j -1.+0.j
 -1.+0.j  1.-0.j -1.+0.j -1.+0.j -1.+0.j -1.+0.j -1.+0.j -1.+0.j  1.-0.j -1.+0.j -1.+0.j  1.-0.j -1.+0.j  1.-0.j
  1.-0.j -1.+0.j -1.+0.j -1.+0.j -1.+0.j -1.+0.j  1.-0.j -1.+0.j  1.-0.j -1.+0.j  1.-0.j  1.-0.j -1.+0.j -1.+0.j
  1.-0.j -1.+0.j  1.-0.j  1.-0.j -1.+0.j -1.+0.j -1.+0.j -1.+0.j -1.+0.j -1.+0.j  1.-0.j  1.-0.j -1.+0.j  1.-0.j
 -1.+0.j -1.+0.j  1.-0.j -1.+0.j -1.+0.j -1.+0.j -1.+0.j -1.+0.j -1.+0.j -1.+0.j -1.+0.j -1.+0.j -1.+0.j -1.+0.j
 -1.+0.j  1.+0.j -1.+0.j -1.+0.j -1.+0.j -1.+0.j  1.+0.j  1.+0.j -1.+0.j -1.+0.j -1.+0.j  1.+0.j  1.+0.j -1.+0.j
  1.+0.j  1.+0.j  1.+0.j  1.+0.j  1.+0.j  1.+0.j -1.+0.j  1.+0.j  1.+0.j -1.+0.j -1.+0.j -1.+0.j -1.+0.j  1.+0.j
  1.+0.j -1.+0.j -1.+0.j  1.+0.j -1.+0.j  1.+0.j  1.+0.j -1.+0.j -1.+0.j  1.+0.j -1.+0.j -1.+0.j  1.+0.j -1.+0.j
  1.+0.j -1.+0.j -1.+0.j -1.+0.j  1.+0.j  1.+0.j  1.+0.j  1.+0.j  1.+0.j  1.+0.j  1.+0.j -1.+0.j -1.+0.j  1.+0.j
  1.+0.j  1.+0.j  1.+0.j  1.+0.j  1.+0.j -1.+0.j -1.+0.j -1.+0.j  1.+0.j -1.+0.j  1.+0.j -1.+0.j  1.+0.j  1.+0.j
  1.+0.j  1.+0.j -1.+0.j  1.+0.j  1.+0.j  1.+0.j  1.+0.j  1.+0.j  1.+0.j -1.+0.j  1.+0.j  1.+0.j -1.+0.j  1.+0.j
 -1.+0.j -1.+0.j  1.+0.j  1.+0.j  1.+0.j  1.+0.j  1.+0.j -1.+0.j  1.+0.j -1.+0.j  1.+0.j -1.+0.j -1.+0.j  1.+0.j
  1.+0.j -1.+0.j  1.+0.j -1.+0.j -1.+0.j  1.+0.j  1.+0.j  1.+0.j  1.+0.j  1.+0.j  1.+0.j -1.+0.j -1.+0.j  1.+0.j
 -1.+0.j  1.+0.j  1.+0.j -1.+0.j  1.-0.j  1.-0.j  1.-0.j  1.-0.j  1.-0.j  1.-0.j  1.-0.j  1.-0.j  1.-0.j  1.-0.j
  1.-0.j  1.-0.j -1.+0.j  1.-0.j  1.-0.j  1.-0.j  1.-0.j -1.+0.j -1.+0.j  1.-0.j  1.-0.j  1.-0.j -1.+0.j -1.+0.j
  1.-0.j -1.+0.j -1.+0.j -1.+0.j -1.+0.j -1.+0.j -1.+0.j  1.-0.j -1.+0.j -1.+0.j  1.-0.j  1.-0.j  1.-0.j  1.-0.j
 -1.+0.j -1.+0.j  1.-0.j  1.-0.j -1.+0.j  1.-0.j -1.+0.j -1.+0.j  1.-0.j  1.-0.j -1.+0.j  1.-0.j  1.-0.j -1.+0.j
  1.-0.j -1.+0.j  1.-0.j  1.-0.j  1.-0.j -1.+0.j -1.+0.j -1.+0.j -1.+0.j -1.+0.j -1.+0.j -1.+0.j  1.-0.j  1.-0.j
 -1.+0.j -1.+0.j -1.+0.j -1.+0.j -1.+0.j -1.+0.j  1.-0.j  1.-0.j  1.-0.j -1.+0.j  1.-0.j -1.+0.j  1.-0.j -1.+0.j
 -1.+0.j -1.+0.j -1.+0.j  1.-0.j -1.+0.j -1.+0.j -1.+0.j -1.+0.j -1.+0.j -1.+0.j  1.-0.j -1.+0.j -1.+0.j  1.-0.j
 -1.+0.j  1.-0.j  1.-0.j -1.+0.j -1.+0.j -1.+0.j -1.+0.j -1.+0.j  1.-0.j -1.+0.j  1.-0.j -1.+0.j  1.-0.j  1.-0.j
 -1.+0.j -1.+0.j  1.-0.j -1.+0.j  1.-0.j  1.-0.j -1.+0.j -1.+0.j -1.+0.j -1.+0.j -1.+0.j -1.+0.j  1.-0.j  1.-0.j
 -1.+0.j  1.-0.j -1.+0.j -1.+0.j  1.-0.j -1.+0.j -1.+0.j -1.+0.j -1.+0.j -1.+0.j -1.+0.j -1.+0.j -1.+0.j -1.+0.j
 -1.+0.j -1.+0.j -1.+0.j  1.+0.j -1.+0.j -1.+0.j -1.+0.j -1.+0.j  1.+0.j  1.+0.j -1.+0.j -1.+0.j -1.+0.j  1.+0.j
  1.+0.j -1.+0.j  1.+0.j  1.+0.j  1.+0.j  1.+0.j  1.+0.j  1.+0.j -1.+0.j  1.+0.j  1.+0.j -1.+0.j -1.+0.j -1.+0.j
 -1.+0.j  1.+0.j  1.+0.j -1.+0.j -1.+0.j  1.+0.j -1.+0.j  1.+0.j  1.+0.j -1.+0.j -1.+0.j  1.+0.j -1.+0.j -1.+0.j
  1.+0.j -1.+0.j  1.+0.j -1.+0.j -1.+0.j -1.+0.j  1.+0.j  1.+0.j  1.+0.j  1.+0.j  1.+0.j  1.+0.j  1.+0.j -1.+0.j
 -1.+0.j  1.+0.j  1.+0.j  1.+0.j  1.+0.j  1.+0.j  1.+0.j -1.+0.j -1.+0.j -1.+0.j  1.+0.j -1.+0.j  1.+0.j -1.+0.j
  1.+0.j  1.+0.j  1.+0.j  1.+0.j -1.+0.j  1.+0.j  1.+0.j  1.+0.j  1.+0.j  1.+0.j  1.+0.j -1.+0.j  1.+0.j  1.+0.j
 -1.+0.j  1.+0.j -1.+0.j -1.+0.j  1.+0.j  1.+0.j  1.+0.j  1.+0.j  1.+0.j -1.+0.j  1.+0.j -1.+0.j  1.+0.j -1.+0.j
 -1.+0.j  1.+0.j  1.+0.j -1.+0.j  1.+0.j -1.+0.j -1.+0.j  1.+0.j  1.+0.j  1.+0.j  1.+0.j  1.+0.j  1.+0.j -1.+0.j
 -1.+0.j  1.+0.j -1.+0.j  1.+0.j  1.+0.j -1.+0.j -1.+0.j -1.+0.j -1.+0.j -1.+0.j -1.+0.j -1.+0.j -1.+0.j -1.+0.j
 -1.+0.j -1.+0.j -1.+0.j -1.+0.j  1.+0.j -1.+0.j -1.+0.j -1.+0.j -1.+0.j  1.+0.j  1.+0.j -1.+0.j -1.+0.j -1.+0.j
  1.+0.j  1.+0.j -1.+0.j  1.+0.j  1.+0.j  1.+0.j  1.+0.j  1.+0.j  1.+0.j -1.+0.j  1.+0.j  1.+0.j -1.+0.j -1.+0.j
 -1.+0.j -1.+0.j  1.+0.j  1.+0.j -1.+0.j -1.+0.j  1.+0.j -1.+0.j  1.+0.j  1.+0.j -1.+0.j -1.+0.j  1.+0.j -1.+0.j
 -1.+0.j  1.+0.j -1.+0.j  1.+0.j -1.+0.j -1.+0.j -1.+0.j  1.+0.j  1.+0.j  1.+0.j  1.+0.j  1.+0.j  1.+0.j  1.+0.j
 -1.+0.j -1.+0.j  1.+0.j  1.+0.j  1.+0.j  1.+0.j  1.+0.j  1.+0.j -1.+0.j -1.+0.j -1.+0.j  1.+0.j -1.+0.j  1.+0.j
 -1.+0.j  1.+0.j  1.+0.j  1.+0.j  1.+0.j -1.+0.j  1.+0.j  1.+0.j  1.+0.j  1.+0.j  1.+0.j  1.+0.j -1.+0.j  1.+0.j
  1.+0.j -1.+0.j  1.+0.j -1.+0.j -1.+0.j  1.+0.j  1.+0.j  1.+0.j  1.+0.j  1.+0.j -1.+0.j  1.+0.j -1.+0.j  1.+0.j
 -1.+0.j -1.+0.j  1.+0.j  1.+0.j -1.+0.j  1.+0.j -1.+0.j -1.+0.j  1.+0.j  1.+0.j  1.+0.j  1.+0.j  1.+0.j  1.+0.j
 -1.+0.j -1.+0.j  1.+0.j -1.+0.j  1.+0.j  1.+0.j -1.+0.j  1.-0.j  1.-0.j  1.-0.j  1.-0.j  1.-0.j  1.-0.j  1.-0.j
  1.-0.j  1.-0.j  1.-0.j  1.-0.j  1.-0.j -1.+0.j  1.-0.j  1.-0.j  1.-0.j  1.-0.j -1.+0.j -1.+0.j  1.-0.j  1.-0.j
  1.-0.j -1.+0.j -1.+0.j  1.-0.j -1.+0.j -1.+0.j -1.+0.j -1.+0.j -1.+0.j -1.+0.j  1.-0.j -1.+0.j -1.+0.j  1.-0.j
  1.-0.j  1.-0.j  1.-0.j -1.+0.j -1.+0.j  1.-0.j  1.-0.j -1.+0.j  1.-0.j -1.+0.j -1.+0.j  1.-0.j  1.-0.j -1.+0.j
  1.-0.j  1.-0.j -1.+0.j  1.-0.j -1.+0.j  1.-0.j  1.-0.j  1.-0.j -1.+0.j -1.+0.j -1.+0.j -1.+0.j -1.+0.j -1.+0.j
 -1.+0.j  1.-0.j  1.-0.j -1.+0.j -1.+0.j -1.+0.j -1.+0.j -1.+0.j -1.+0.j  1.-0.j  1.-0.j  1.-0.j -1.+0.j  1.-0.j
 -1.+0.j  1.-0.j -1.+0.j -1.+0.j -1.+0.j -1.+0.j  1.-0.j -1.+0.j -1.+0.j -1.+0.j -1.+0.j -1.+0.j -1.+0.j  1.-0.j
 -1.+0.j -1.+0.j  1.-0.j -1.+0.j  1.-0.j  1.-0.j -1.+0.j -1.+0.j -1.+0.j -1.+0.j -1.+0.j  1.-0.j -1.+0.j  1.-0.j
 -1.+0.j  1.-0.j  1.-0.j -1.+0.j -1.+0.j  1.-0.j -1.+0.j  1.-0.j  1.-0.j -1.+0.j -1.+0.j -1.+0.j -1.+0.j -1.+0.j
 -1.+0.j  1.-0.j  1.-0.j -1.+0.j  1.-0.j -1.+0.j -1.+0.j  1.-0.j  1.-0.j  1.-0.j  1.-0.j  1.-0.j  1.-0.j  1.-0.j
  1.-0.j  1.-0.j  1.-0.j  1.-0.j  1.-0.j  1.-0.j -1.+0.j  1.-0.j  1.-0.j  1.-0.j  1.-0.j -1.+0.j -1.+0.j  1.-0.j
  1.-0.j  1.-0.j -1.+0.j -1.+0.j  1.-0.j -1.+0.j -1.+0.j -1.+0.j -1.+0.j -1.+0.j -1.+0.j  1.-0.j -1.+0.j -1.+0.j
  1.-0.j  1.-0.j  1.-0.j  1.-0.j -1.+0.j -1.+0.j  1.-0.j  1.-0.j -1.+0.j  1.-0.j -1.+0.j -1.+0.j  1.-0.j  1.-0.j
 -1.+0.j  1.-0.j  1.-0.j -1.+0.j  1.-0.j -1.+0.j  1.-0.j  1.-0.j  1.-0.j -1.+0.j -1.+0.j -1.+0.j -1.+0.j -1.+0.j
 -1.+0.j -1.+0.j  1.-0.j  1.-0.j -1.+0.j -1.+0.j -1.+0.j -1.+0.j -1.+0.j -1.+0.j  1.-0.j  1.-0.j  1.-0.j -1.+0.j
  1.-0.j -1.+0.j  1.-0.j -1.+0.j -1.+0.j -1.+0.j -1.+0.j  1.-0.j -1.+0.j -1.+0.j -1.+0.j -1.+0.j -1.+0.j -1.+0.j
  1.-0.j -1.+0.j -1.+0.j  1.-0.j -1.+0.j  1.-0.j  1.-0.j -1.+0.j -1.+0.j -1.+0.j -1.+0.j -1.+0.j  1.-0.j -1.+0.j
  1.-0.j -1.+0.j  1.-0.j  1.-0.j -1.+0.j -1.+0.j  1.-0.j -1.+0.j  1.-0.j  1.-0.j -1.+0.j -1.+0.j -1.+0.j -1.+0.j
 -1.+0.j -1.+0.j  1.-0.j  1.-0.j -1.+0.j  1.-0.j -1.+0.j -1.+0.j  1.-0.j -1.+0.j -1.+0.j -1.+0.j -1.+0.j -1.+0.j
 -1.+0.j -1.+0.j -1.+0.j -1.+0.j -1.+0.j -1.+0.j -1.+0.j  1.+0.j -1.+0.j -1.+0.j -1.+0.j -1.+0.j  1.+0.j  1.+0.j
 -1.+0.j -1.+0.j -1.+0.j  1.+0.j  1.+0.j -1.+0.j  1.+0.j  1.+0.j  1.+0.j  1.+0.j  1.+0.j  1.+0.j -1.+0.j  1.+0.j
  1.+0.j -1.+0.j -1.+0.j -1.+0.j -1.+0.j  1.+0.j  1.+0.j -1.+0.j -1.+0.j  1.+0.j -1.+0.j  1.+0.j  1.+0.j -1.+0.j
 -1.+0.j  1.+0.j -1.+0.j -1.+0.j  1.+0.j -1.+0.j  1.+0.j -1.+0.j -1.+0.j -1.+0.j  1.+0.j  1.+0.j  1.+0.j  1.+0.j
  1.+0.j  1.+0.j  1.+0.j -1.+0.j -1.+0.j  1.+0.j  1.+0.j  1.+0.j  1.+0.j  1.+0.j  1.+0.j -1.+0.j -1.+0.j -1.+0.j
  1.+0.j -1.+0.j  1.+0.j -1.+0.j  1.+0.j  1.+0.j  1.+0.j  1.+0.j -1.+0.j  1.+0.j  1.+0.j  1.+0.j  1.+0.j  1.+0.j
  1.+0.j -1.+0.j  1.+0.j  1.+0.j -1.+0.j  1.+0.j -1.+0.j -1.+0.j  1.+0.j  1.+0.j  1.+0.j  1.+0.j  1.+0.j -1.+0.j
  1.+0.j -1.+0.j  1.+0.j -1.+0.j -1.+0.j  1.+0.j  1.+0.j -1.+0.j  1.+0.j -1.+0.j -1.+0.j  1.+0.j  1.+0.j  1.+0.j
  1.+0.j  1.+0.j  1.+0.j -1.+0.j -1.+0.j  1.+0.j -1.+0.j  1.+0.j  1.+0.j -1.+0.j -1.+0.j -1.+0.j -1.+0.j -1.+0.j
 -1.+0.j -1.+0.j -1.+0.j -1.+0.j -1.+0.j -1.+0.j -1.+0.j -1.+0.j  1.+0.j -1.+0.j -1.+0.j -1.+0.j -1.+0.j  1.+0.j
  1.+0.j -1.+0.j -1.+0.j -1.+0.j  1.+0.j  1.+0.j -1.+0.j  1.+0.j  1.+0.j  1.+0.j  1.+0.j  1.+0.j  1.+0.j -1.+0.j
  1.+0.j  1.+0.j -1.+0.j -1.+0.j -1.+0.j -1.+0.j  1.+0.j  1.+0.j -1.+0.j -1.+0.j  1.+0.j -1.+0.j  1.+0.j  1.+0.j
 -1.+0.j -1.+0.j  1.+0.j -1.+0.j -1.+0.j  1.+0.j -1.+0.j  1.+0.j -1.+0.j -1.+0.j -1.+0.j  1.+0.j  1.+0.j  1.+0.j
  1.+0.j  1.+0.j  1.+0.j  1.+0.j -1.+0.j -1.+0.j  1.+0.j  1.+0.j  1.+0.j  1.+0.j  1.+0.j  1.+0.j -1.+0.j -1.+0.j
 -1.+0.j  1.+0.j -1.+0.j  1.+0.j -1.+0.j  1.+0.j  1.+0.j  1.+0.j  1.+0.j -1.+0.j  1.+0.j  1.+0.j  1.+0.j  1.+0.j
  1.+0.j  1.+0.j -1.+0.j  1.+0.j  1.+0.j -1.+0.j  1.+0.j -1.+0.j -1.+0.j  1.+0.j  1.+0.j  1.+0.j  1.+0.j  1.+0.j
 -1.+0.j  1.+0.j -1.+0.j  1.+0.j -1.+0.j -1.+0.j  1.+0.j  1.+0.j -1.+0.j  1.+0.j -1.+0.j -1.+0.j  1.+0.j  1.+0.j
  1.+0.j  1.+0.j  1.+0.j  1.+0.j -1.+0.j -1.+0.j  1.+0.j -1.+0.j  1.+0.j  1.+0.j -1.+0.j -1.+0.j -1.+0.j -1.+0.j
 -1.+0.j -1.+0.j -1.+0.j -1.+0.j -1.+0.j -1.+0.j -1.+0.j -1.+0.j -1.+0.j  1.+0.j -1.+0.j -1.+0.j -1.+0.j -1.+0.j
  1.+0.j  1.+0.j -1.+0.j -1.+0.j -1.+0.j  1.+0.j  1.+0.j -1.+0.j  1.+0.j  1.+0.j  1.+0.j  1.+0.j  1.+0.j  1.+0.j
 -1.+0.j  1.+0.j  1.+0.j -1.+0.j -1.+0.j -1.+0.j -1.+0.j  1.+0.j  1.+0.j -1.+0.j -1.+0.j  1.+0.j -1.+0.j  1.+0.j
  1.+0.j -1.+0.j -1.+0.j  1.+0.j -1.+0.j -1.+0.j  1.+0.j -1.+0.j  1.+0.j -1.+0.j -1.+0.j -1.+0.j  1.+0.j  1.+0.j
  1.+0.j  1.+0.j  1.+0.j  1.+0.j  1.+0.j -1.+0.j -1.+0.j  1.+0.j  1.+0.j  1.+0.j  1.+0.j  1.+0.j  1.+0.j -1.+0.j
 -1.+0.j -1.+0.j  1.+0.j -1.+0.j  1.+0.j -1.+0.j  1.+0.j  1.+0.j  1.+0.j  1.+0.j -1.+0.j  1.+0.j  1.+0.j  1.+0.j
  1.+0.j  1.+0.j  1.+0.j -1.+0.j  1.+0.j  1.+0.j -1.+0.j  1.+0.j -1.+0.j -1.+0.j  1.+0.j  1.+0.j  1.+0.j  1.+0.j
  1.+0.j -1.+0.j  1.+0.j -1.+0.j  1.+0.j -1.+0.j -1.+0.j  1.+0.j  1.+0.j -1.+0.j  1.+0.j -1.+0.j -1.+0.j  1.+0.j
  1.+0.j  1.+0.j  1.+0.j  1.+0.j  1.+0.j -1.+0.j -1.+0.j  1.+0.j -1.+0.j  1.+0.j  1.+0.j -1.+0.j -1.+0.j -1.+0.j
 -1.+0.j -1.+0.j -1.+0.j -1.+0.j -1.+0.j -1.+0.j -1.+0.j -1.+0.j -1.+0.j -1.+0.j  1.+0.j -1.+0.j -1.+0.j -1.+0.j
 -1.+0.j  1.+0.j  1.+0.j -1.+0.j -1.+0.j -1.+0.j  1.+0.j  1.+0.j -1.+0.j  1.+0.j  1.+0.j  1.+0.j  1.+0.j  1.+0.j
  1.+0.j -1.+0.j  1.+0.j  1.+0.j -1.+0.j -1.+0.j -1.+0.j -1.+0.j  1.+0.j  1.+0.j -1.+0.j -1.+0.j  1.+0.j -1.+0.j
  1.+0.j  1.+0.j -1.+0.j -1.+0.j  1.+0.j -1.+0.j -1.+0.j  1.+0.j -1.+0.j  1.+0.j -1.+0.j -1.+0.j -1.+0.j  1.+0.j
  1.+0.j  1.+0.j  1.+0.j  1.+0.j  1.+0.j  1.+0.j -1.+0.j -1.+0.j  1.+0.j  1.+0.j  1.+0.j  1.+0.j  1.+0.j  1.+0.j
 -1.+0.j -1.+0.j -1.+0.j  1.+0.j -1.+0.j  1.+0.j -1.+0.j  1.+0.j  1.+0.j  1.+0.j  1.+0.j -1.+0.j  1.+0.j  1.+0.j
  1.+0.j  1.+0.j  1.+0.j  1.+0.j -1.+0.j  1.+0.j  1.+0.j -1.+0.j  1.+0.j -1.+0.j -1.+0.j  1.+0.j  1.+0.j  1.+0.j
  1.+0.j  1.+0.j -1.+0.j  1.+0.j -1.+0.j  1.+0.j -1.+0.j -1.+0.j  1.+0.j  1.+0.j -1.+0.j  1.+0.j -1.+0.j -1.+0.j
  1.+0.j  1.+0.j  1.+0.j  1.+0.j  1.+0.j  1.+0.j -1.+0.j -1.+0.j  1.+0.j -1.+0.j  1.+0.j  1.+0.j -1.+0.j -1.+0.j
 -1.+0.j -1.+0.j -1.+0.j -1.+0.j -1.+0.j -1.+0.j -1.+0.j -1.+0.j -1.+0.j -1.+0.j -1.+0.j  1.+0.j -1.+0.j -1.+0.j
 -1.+0.j -1.+0.j  1.+0.j  1.+0.j -1.+0.j -1.+0.j -1.+0.j  1.+0.j  1.+0.j -1.+0.j  1.+0.j  1.+0.j  1.+0.j  1.+0.j
  1.+0.j  1.+0.j -1.+0.j  1.+0.j  1.+0.j -1.+0.j -1.+0.j -1.+0.j -1.+0.j  1.+0.j  1.+0.j -1.+0.j -1.+0.j  1.+0.j
 -1.+0.j  1.+0.j  1.+0.j -1.+0.j -1.+0.j  1.+0.j -1.+0.j -1.+0.j  1.+0.j -1.+0.j  1.+0.j -1.+0.j -1.+0.j -1.+0.j
  1.+0.j  1.+0.j  1.+0.j  1.+0.j  1.+0.j  1.+0.j  1.+0.j -1.+0.j -1.+0.j  1.+0.j  1.+0.j  1.+0.j  1.+0.j  1.+0.j
  1.+0.j -1.+0.j -1.+0.j -1.+0.j  1.+0.j -1.+0.j  1.+0.j -1.+0.j  1.+0.j  1.+0.j  1.+0.j  1.+0.j -1.+0.j  1.+0.j
  1.+0.j  1.+0.j  1.+0.j  1.+0.j  1.+0.j -1.+0.j  1.+0.j  1.+0.j -1.+0.j  1.+0.j -1.+0.j -1.+0.j  1.+0.j  1.+0.j
  1.+0.j  1.+0.j  1.+0.j -1.+0.j  1.+0.j -1.+0.j  1.+0.j -1.+0.j -1.+0.j  1.+0.j  1.+0.j -1.+0.j  1.+0.j -1.+0.j
 -1.+0.j  1.+0.j  1.+0.j  1.+0.j  1.+0.j  1.+0.j  1.+0.j -1.+0.j -1.+0.j  1.+0.j -1.+0.j  1.+0.j  1.+0.j -1.+0.j
  1.-0.j  1.-0.j  1.-0.j  1.-0.j  1.-0.j  1.-0.j  1.-0.j  1.-0.j  1.-0.j  1.-0.j  1.-0.j  1.-0.j -1.+0.j  1.-0.j
  1.-0.j  1.-0.j  1.-0.j -1.+0.j -1.+0.j  1.-0.j  1.-0.j  1.-0.j -1.+0.j -1.+0.j  1.-0.j -1.+0.j -1.+0.j -1.+0.j
 -1.+0.j -1.+0.j -1.+0.j  1.-0.j -1.+0.j -1.+0.j  1.-0.j  1.-0.j  1.-0.j  1.-0.j -1.+0.j -1.+0.j  1.-0.j  1.-0.j
 -1.+0.j  1.-0.j -1.+0.j -1.+0.j  1.-0.j  1.-0.j -1.+0.j  1.-0.j  1.-0.j -1.+0.j  1.-0.j -1.+0.j  1.-0.j  1.-0.j
  1.-0.j -1.+0.j -1.+0.j -1.+0.j -1.+0.j -1.+0.j -1.+0.j -1.+0.j  1.-0.j  1.-0.j -1.+0.j -1.+0.j -1.+0.j -1.+0.j
 -1.+0.j -1.+0.j  1.-0.j  1.-0.j  1.-0.j -1.+0.j  1.-0.j -1.+0.j  1.-0.j -1.+0.j -1.+0.j -1.+0.j -1.+0.j  1.-0.j
 -1.+0.j -1.+0.j -1.+0.j -1.+0.j -1.+0.j -1.+0.j  1.-0.j -1.+0.j -1.+0.j  1.-0.j -1.+0.j  1.-0.j  1.-0.j -1.+0.j
 -1.+0.j -1.+0.j -1.+0.j -1.+0.j  1.-0.j -1.+0.j  1.-0.j -1.+0.j  1.-0.j  1.-0.j -1.+0.j -1.+0.j  1.-0.j -1.+0.j
  1.-0.j  1.-0.j -1.+0.j -1.+0.j -1.+0.j -1.+0.j -1.+0.j -1.+0.j  1.-0.j  1.-0.j -1.+0.j  1.-0.j -1.+0.j -1.+0.j
  1.-0.j  1.-0.j  1.-0.j  1.-0.j  1.-0.j  1.-0.j  1.-0.j  1.-0.j  1.-0.j  1.-0.j  1.-0.j  1.-0.j  1.-0.j -1.+0.j
  1.-0.j  1.-0.j  1.-0.j  1.-0.j -1.+0.j -1.+0.j  1.-0.j  1.-0.j  1.-0.j -1.+0.j -1.+0.j  1.-0.j -1.+0.j -1.+0.j
 -1.+0.j -1.+0.j -1.+0.j -1.+0.j  1.-0.j -1.+0.j -1.+0.j  1.-0.j  1.-0.j  1.-0.j  1.-0.j -1.+0.j -1.+0.j  1.-0.j
  1.-0.j -1.+0.j  1.-0.j -1.+0.j -1.+0.j  1.-0.j  1.-0.j -1.+0.j  1.-0.j  1.-0.j -1.+0.j  1.-0.j -1.+0.j  1.-0.j
  1.-0.j  1.-0.j -1.+0.j -1.+0.j -1.+0.j -1.+0.j -1.+0.j -1.+0.j -1.+0.j  1.-0.j  1.-0.j -1.+0.j -1.+0.j -1.+0.j
 -1.+0.j -1.+0.j -1.+0.j  1.-0.j  1.-0.j  1.-0.j -1.+0.j  1.-0.j -1.+0.j  1.-0.j -1.+0.j -1.+0.j -1.+0.j -1.+0.j
  1.-0.j -1.+0.j -1.+0.j -1.+0.j -1.+0.j -1.+0.j -1.+0.j  1.-0.j -1.+0.j -1.+0.j  1.-0.j -1.+0.j  1.-0.j  1.-0.j
 -1.+0.j -1.+0.j -1.+0.j -1.+0.j -1.+0.j  1.-0.j -1.+0.j  1.-0.j -1.+0.j  1.-0.j  1.-0.j -1.+0.j -1.+0.j  1.-0.j
 -1.+0.j  1.-0.j  1.-0.j -1.+0.j -1.+0.j -1.+0.j -1.+0.j -1.+0.j -1.+0.j  1.-0.j  1.-0.j -1.+0.j  1.-0.j -1.+0.j
 -1.+0.j  1.-0.j  1.-0.j  1.-0.j  1.-0.j  1.-0.j  1.-0.j  1.-0.j  1.-0.j  1.-0.j  1.-0.j  1.-0.j  1.-0.j  1.-0.j
 -1.+0.j  1.-0.j  1.-0.j  1.-0.j  1.-0.j -1.+0.j -1.+0.j  1.-0.j  1.-0.j  1.-0.j -1.+0.j -1.+0.j  1.-0.j -1.+0.j
 -1.+0.j -1.+0.j -1.+0.j -1.+0.j -1.+0.j  1.-0.j -1.+0.j -1.+0.j  1.-0.j  1.-0.j  1.-0.j  1.-0.j -1.+0.j -1.+0.j
  1.-0.j  1.-0.j -1.+0.j  1.-0.j -1.+0.j -1.+0.j  1.-0.j  1.-0.j -1.+0.j  1.-0.j  1.-0.j -1.+0.j  1.-0.j -1.+0.j
  1.-0.j  1.-0.j  1.-0.j -1.+0.j -1.+0.j -1.+0.j -1.+0.j -1.+0.j -1.+0.j -1.+0.j  1.-0.j  1.-0.j -1.+0.j -1.+0.j
 -1.+0.j -1.+0.j -1.+0.j -1.+0.j  1.-0.j  1.-0.j  1.-0.j -1.+0.j  1.-0.j -1.+0.j  1.-0.j -1.+0.j -1.+0.j -1.+0.j
 -1.+0.j  1.-0.j -1.+0.j -1.+0.j -1.+0.j -1.+0.j -1.+0.j -1.+0.j  1.-0.j -1.+0.j -1.+0.j  1.-0.j -1.+0.j  1.-0.j
  1.-0.j -1.+0.j -1.+0.j -1.+0.j -1.+0.j -1.+0.j  1.-0.j -1.+0.j  1.-0.j -1.+0.j  1.-0.j  1.-0.j -1.+0.j -1.+0.j
  1.-0.j -1.+0.j  1.-0.j  1.-0.j -1.+0.j -1.+0.j -1.+0.j -1.+0.j -1.+0.j -1.+0.j  1.-0.j  1.-0.j -1.+0.j  1.-0.j
 -1.+0.j -1.+0.j  1.-0.j  1.-0.j  1.-0.j  1.-0.j  1.-0.j  1.-0.j  1.-0.j  1.-0.j  1.-0.j  1.-0.j  1.-0.j  1.-0.j
  1.-0.j -1.+0.j  1.-0.j  1.-0.j  1.-0.j  1.-0.j -1.+0.j -1.+0.j  1.-0.j  1.-0.j  1.-0.j -1.+0.j -1.+0.j  1.-0.j
 -1.+0.j -1.+0.j -1.+0.j -1.+0.j -1.+0.j -1.+0.j  1.-0.j -1.+0.j -1.+0.j  1.-0.j  1.-0.j  1.-0.j  1.-0.j -1.+0.j
 -1.+0.j  1.-0.j  1.-0.j -1.+0.j  1.-0.j -1.+0.j -1.+0.j  1.-0.j  1.-0.j -1.+0.j  1.-0.j  1.-0.j -1.+0.j  1.-0.j
 -1.+0.j  1.-0.j  1.-0.j  1.-0.j -1.+0.j -1.+0.j -1.+0.j -1.+0.j -1.+0.j -1.+0.j -1.+0.j  1.-0.j  1.-0.j -1.+0.j
 -1.+0.j -1.+0.j -1.+0.j -1.+0.j -1.+0.j  1.-0.j  1.-0.j  1.-0.j -1.+0.j  1.-0.j -1.+0.j  1.-0.j -1.+0.j -1.+0.j
 -1.+0.j -1.+0.j  1.-0.j -1.+0.j -1.+0.j -1.+0.j -1.+0.j -1.+0.j -1.+0.j  1.-0.j -1.+0.j -1.+0.j  1.-0.j -1.+0.j
  1.-0.j  1.-0.j -1.+0.j -1.+0.j -1.+0.j -1.+0.j -1.+0.j  1.-0.j -1.+0.j  1.-0.j -1.+0.j  1.-0.j  1.-0.j -1.+0.j
 -1.+0.j  1.-0.j -1.+0.j  1.-0.j  1.-0.j -1.+0.j -1.+0.j -1.+0.j -1.+0.j -1.+0.j -1.+0.j  1.-0.j  1.-0.j -1.+0.j
  1.-0.j -1.+0.j -1.+0.j  1.-0.j -1.+0.j -1.+0.j -1.+0.j -1.+0.j -1.+0.j -1.+0.j -1.+0.j -1.+0.j -1.+0.j -1.+0.j
 -1.+0.j -1.+0.j  1.+0.j -1.+0.j -1.+0.j -1.+0.j -1.+0.j  1.+0.j  1.+0.j -1.+0.j -1.+0.j -1.+0.j  1.+0.j  1.+0.j
 -1.+0.j  1.+0.j  1.+0.j  1.+0.j  1.+0.j  1.+0.j  1.+0.j -1.+0.j  1.+0.j  1.+0.j -1.+0.j -1.+0.j -1.+0.j -1.+0.j
  1.+0.j  1.+0.j -1.+0.j -1.+0.j  1.+0.j -1.+0.j  1.+0.j  1.+0.j -1.+0.j -1.+0.j  1.+0.j -1.+0.j -1.+0.j  1.+0.j
 -1.+0.j  1.+0.j -1.+0.j -1.+0.j -1.+0.j  1.+0.j  1.+0.j  1.+0.j  1.+0.j  1.+0.j  1.+0.j  1.+0.j -1.+0.j -1.+0.j
  1.+0.j  1.+0.j  1.+0.j  1.+0.j  1.+0.j  1.+0.j -1.+0.j -1.+0.j -1.+0.j  1.+0.j -1.+0.j  1.+0.j -1.+0.j  1.+0.j
  1.+0.j  1.+0.j  1.+0.j -1.+0.j  1.+0.j  1.+0.j  1.+0.j  1.+0.j  1.+0.j  1.+0.j -1.+0.j  1.+0.j  1.+0.j -1.+0.j
  1.+0.j -1.+0.j -1.+0.j  1.+0.j  1.+0.j  1.+0.j  1.+0.j  1.+0.j -1.+0.j  1.+0.j -1.+0.j  1.+0.j -1.+0.j -1.+0.j
  1.+0.j  1.+0.j -1.+0.j  1.+0.j -1.+0.j -1.+0.j  1.+0.j  1.+0.j  1.+0.j  1.+0.j  1.+0.j  1.+0.j -1.+0.j -1.+0.j
  1.+0.j -1.+0.j  1.+0.j  1.+0.j -1.+0.j -1.+0.j -1.+0.j -1.+0.j -1.+0.j -1.+0.j -1.+0.j -1.+0.j -1.+0.j -1.+0.j
 -1.+0.j -1.+0.j -1.+0.j  1.+0.j -1.+0.j -1.+0.j -1.+0.j -1.+0.j  1.+0.j  1.+0.j -1.+0.j -1.+0.j -1.+0.j  1.+0.j
  1.+0.j -1.+0.j  1.+0.j  1.+0.j  1.+0.j  1.+0.j  1.+0.j  1.+0.j -1.+0.j  1.+0.j  1.+0.j -1.+0.j -1.+0.j -1.+0.j
 -1.+0.j  1.+0.j  1.+0.j -1.+0.j -1.+0.j  1.+0.j -1.+0.j  1.+0.j  1.+0.j -1.+0.j -1.+0.j  1.+0.j -1.+0.j -1.+0.j
  1.+0.j -1.+0.j  1.+0.j -1.+0.j -1.+0.j -1.+0.j  1.+0.j  1.+0.j  1.+0.j  1.+0.j  1.+0.j  1.+0.j  1.+0.j -1.+0.j
 -1.+0.j  1.+0.j  1.+0.j  1.+0.j  1.+0.j  1.+0.j  1.+0.j -1.+0.j -1.+0.j -1.+0.j  1.+0.j -1.+0.j  1.+0.j -1.+0.j
  1.+0.j  1.+0.j  1.+0.j  1.+0.j -1.+0.j  1.+0.j  1.+0.j  1.+0.j  1.+0.j  1.+0.j  1.+0.j -1.+0.j  1.+0.j  1.+0.j
 -1.+0.j  1.+0.j -1.+0.j -1.+0.j  1.+0.j  1.+0.j  1.+0.j  1.+0.j  1.+0.j -1.+0.j  1.+0.j -1.+0.j  1.+0.j -1.+0.j
 -1.+0.j  1.+0.j  1.+0.j -1.+0.j  1.+0.j -1.+0.j -1.+0.j  1.+0.j  1.+0.j  1.+0.j  1.+0.j  1.+0.j  1.+0.j -1.+0.j
 -1.+0.j  1.+0.j -1.+0.j  1.+0.j  1.+0.j -1.+0.j  1.-0.j  1.-0.j  1.-0.j  1.-0.j  1.-0.j  1.-0.j  1.-0.j  1.-0.j
  1.-0.j  1.-0.j  1.-0.j  1.-0.j -1.+0.j  1.-0.j  1.-0.j  1.-0.j  1.-0.j -1.+0.j -1.+0.j  1.-0.j  1.-0.j  1.-0.j
 -1.+0.j -1.+0.j  1.-0.j -1.+0.j -1.+0.j -1.+0.j -1.+0.j -1.+0.j -1.+0.j  1.-0.j -1.+0.j -1.+0.j  1.-0.j  1.-0.j
  1.-0.j  1.-0.j -1.+0.j -1.+0.j  1.-0.j  1.-0.j -1.+0.j  1.-0.j -1.+0.j -1.+0.j  1.-0.j  1.-0.j -1.+0.j  1.-0.j
  1.-0.j -1.+0.j  1.-0.j -1.+0.j  1.-0.j  1.-0.j  1.-0.j -1.+0.j -1.+0.j -1.+0.j -1.+0.j -1.+0.j -1.+0.j -1.+0.j
  1.-0.j  1.-0.j -1.+0.j -1.+0.j -1.+0.j -1.+0.j -1.+0.j -1.+0.j  1.-0.j  1.-0.j  1.-0.j -1.+0.j  1.-0.j -1.+0.j
  1.-0.j -1.+0.j -1.+0.j -1.+0.j -1.+0.j  1.-0.j -1.+0.j -1.+0.j -1.+0.j -1.+0.j -1.+0.j -1.+0.j  1.-0.j -1.+0.j
 -1.+0.j  1.-0.j -1.+0.j  1.-0.j  1.-0.j -1.+0.j -1.+0.j -1.+0.j -1.+0.j -1.+0.j  1.-0.j -1.+0.j  1.-0.j -1.+0.j
  1.-0.j  1.-0.j -1.+0.j -1.+0.j  1.-0.j -1.+0.j  1.-0.j  1.-0.j -1.+0.j -1.+0.j -1.+0.j -1.+0.j -1.+0.j -1.+0.j
  1.-0.j  1.-0.j -1.+0.j  1.-0.j -1.+0.j -1.+0.j  1.-0.j -1.+0.j -1.+0.j -1.+0.j -1.+0.j -1.+0.j -1.+0.j -1.+0.j
 -1.+0.j -1.+0.j -1.+0.j -1.+0.j -1.+0.j  1.+0.j -1.+0.j -1.+0.j -1.+0.j -1.+0.j  1.+0.j  1.+0.j -1.+0.j -1.+0.j
 -1.+0.j  1.+0.j  1.+0.j -1.+0.j  1.+0.j  1.+0.j  1.+0.j  1.+0.j  1.+0.j  1.+0.j -1.+0.j  1.+0.j  1.+0.j -1.+0.j
 -1.+0.j -1.+0.j -1.+0.j  1.+0.j  1.+0.j -1.+0.j -1.+0.j  1.+0.j -1.+0.j  1.+0.j  1.+0.j -1.+0.j -1.+0.j  1.+0.j
 -1.+0.j -1.+0.j  1.+0.j -1.+0.j  1.+0.j -1.+0.j -1.+0.j -1.+0.j  1.+0.j  1.+0.j  1.+0.j  1.+0.j  1.+0.j  1.+0.j
  1.+0.j -1.+0.j -1.+0.j  1.+0.j  1.+0.j  1.+0.j  1.+0.j  1.+0.j  1.+0.j -1.+0.j -1.+0.j -1.+0.j  1.+0.j -1.+0.j
  1.+0.j -1.+0.j  1.+0.j  1.+0.j  1.+0.j  1.+0.j -1.+0.j  1.+0.j  1.+0.j  1.+0.j  1.+0.j  1.+0.j  1.+0.j -1.+0.j
  1.+0.j  1.+0.j -1.+0.j  1.+0.j -1.+0.j -1.+0.j  1.+0.j  1.+0.j  1.+0.j  1.+0.j  1.+0.j -1.+0.j  1.+0.j -1.+0.j
  1.+0.j -1.+0.j -1.+0.j  1.+0.j  1.+0.j -1.+0.j  1.+0.j -1.+0.j -1.+0.j  1.+0.j  1.+0.j  1.+0.j  1.+0.j  1.+0.j
  1.+0.j -1.+0.j -1.+0.j  1.+0.j -1.+0.j  1.+0.j  1.+0.j -1.+0.j]
2025-08-29 11:49:10 [INFO] Processing 4572 samples from tag 0
2025-08-29 11:49:10 [INFO] Expected number of bits: 36
2025-08-29 11:49:10 [DEBUG] coarse freq offset: 27.61162179907842
2025-08-29 11:49:10 [INFO] offset: 2045
2025-08-29 11:49:10 [INFO] value of correlation at offset: 1180
2025-08-29 11:49:10 [INFO] Synced received bits (4): [0.0, 1.0, 1.0, 0.0]
2025-08-29 11:49:10 [INFO] Transmitted payload bits(4): [1 1 0 1]
2025-08-29 11:49:10 [INFO] Sync word correlation: 1180
2025-08-29 11:49:10 [INFO] BER: 0.75
2025-08-29 11:49:24 [DEBUG] **** New run with CLI arguments: Namespace(source='sim', file=None, verbose=3, n_tags=1)
2025-08-29 11:49:24 [DEBUG] Generating simulated samples for 1 tags
2025-08-29 11:49:24 [INFO] simulated packet metadata: SimulatedPacket(tag_id=0, preamble_bits=array([1, 1, 1, 1, 1, 1, 1, 1, 1, 1, 1, 1, 1, 1, 1, 1]), sync_bits=array([0, 1, 0, 1, 1, 0, 0, 1, 1, 1, 1, 1, 0, 0, 0, 0]), payload_bits=array([1, 1, 0, 1]), sps=1, all_bits=array([1, 1, 1, 1, 1, 1, 1, 1, 1, 1, 1, 1, 1, 1, 1, 1, 0, 1, 0, 1, 1, 0, 0, 1, 1, 1, 1, 1, 0, 0, 0, 0, 1, 1, 0, 1]), goldcode=array([-1, -1, -1, -1, -1, -1, -1, -1, -1, -1, -1, -1,  1, -1, -1, -1, -1,  1,  1, -1, -1, -1,  1,  1, -1,  1,  1,  1,
        1,  1,  1, -1,  1,  1, -1, -1, -1, -1,  1,  1, -1, -1,  1, -1,  1,  1, -1, -1,  1, -1, -1,  1, -1,  1, -1, -1,
       -1,  1,  1,  1,  1,  1,  1,  1, -1, -1,  1,  1,  1,  1,  1,  1, -1, -1, -1,  1, -1,  1, -1,  1,  1,  1,  1, -1,
        1,  1,  1,  1,  1,  1, -1,  1,  1, -1,  1, -1, -1,  1,  1,  1,  1,  1, -1,  1, -1,  1, -1, -1,  1,  1, -1,  1,
       -1, -1,  1,  1,  1,  1,  1,  1, -1, -1,  1, -1,  1,  1, -1]), samples=None, snr_db=15.0, frequency_offset_hz=500.0, time_delay_sec=0.002)
2025-08-29 11:49:24 [INFO] Packet to demod: [-1.+0.j -1.+0.j -1.+0.j -1.+0.j -1.+0.j -1.+0.j -1.+0.j -1.+0.j -1.+0.j -1.+0.j -1.+0.j -1.+0.j  1.+0.j -1.+0.j
 -1.+0.j -1.+0.j -1.+0.j  1.+0.j  1.+0.j -1.+0.j -1.+0.j -1.+0.j  1.+0.j  1.+0.j -1.+0.j  1.+0.j  1.+0.j  1.+0.j
  1.+0.j  1.+0.j  1.+0.j -1.+0.j  1.+0.j  1.+0.j -1.+0.j -1.+0.j -1.+0.j -1.+0.j  1.+0.j  1.+0.j -1.+0.j -1.+0.j
  1.+0.j -1.+0.j  1.+0.j  1.+0.j -1.+0.j -1.+0.j  1.+0.j -1.+0.j -1.+0.j  1.+0.j -1.+0.j  1.+0.j -1.+0.j -1.+0.j
 -1.+0.j  1.+0.j  1.+0.j  1.+0.j  1.+0.j  1.+0.j  1.+0.j  1.+0.j -1.+0.j -1.+0.j  1.+0.j  1.+0.j  1.+0.j  1.+0.j
  1.+0.j  1.+0.j -1.+0.j -1.+0.j -1.+0.j  1.+0.j -1.+0.j  1.+0.j -1.+0.j  1.+0.j  1.+0.j  1.+0.j  1.+0.j -1.+0.j
  1.+0.j  1.+0.j  1.+0.j  1.+0.j  1.+0.j  1.+0.j -1.+0.j  1.+0.j  1.+0.j -1.+0.j  1.+0.j -1.+0.j -1.+0.j  1.+0.j
  1.+0.j  1.+0.j  1.+0.j  1.+0.j -1.+0.j  1.+0.j -1.+0.j  1.+0.j -1.+0.j -1.+0.j  1.+0.j  1.+0.j -1.+0.j  1.+0.j
 -1.+0.j -1.+0.j  1.+0.j  1.+0.j  1.+0.j  1.+0.j  1.+0.j  1.+0.j -1.+0.j -1.+0.j  1.+0.j -1.+0.j  1.+0.j  1.+0.j
 -1.+0.j -1.+0.j -1.+0.j -1.+0.j -1.+0.j -1.+0.j -1.+0.j -1.+0.j -1.+0.j -1.+0.j -1.+0.j -1.+0.j -1.+0.j  1.+0.j
 -1.+0.j -1.+0.j -1.+0.j -1.+0.j  1.+0.j  1.+0.j -1.+0.j -1.+0.j -1.+0.j  1.+0.j  1.+0.j -1.+0.j  1.+0.j  1.+0.j
  1.+0.j  1.+0.j  1.+0.j  1.+0.j -1.+0.j  1.+0.j  1.+0.j -1.+0.j -1.+0.j -1.+0.j -1.+0.j  1.+0.j  1.+0.j -1.+0.j
 -1.+0.j  1.+0.j -1.+0.j  1.+0.j  1.+0.j -1.+0.j -1.+0.j  1.+0.j -1.+0.j -1.+0.j  1.+0.j -1.+0.j  1.+0.j -1.+0.j
 -1.+0.j -1.+0.j  1.+0.j  1.+0.j  1.+0.j  1.+0.j  1.+0.j  1.+0.j  1.+0.j -1.+0.j -1.+0.j  1.+0.j  1.+0.j  1.+0.j
  1.+0.j  1.+0.j  1.+0.j -1.+0.j -1.+0.j -1.+0.j  1.+0.j -1.+0.j  1.+0.j -1.+0.j  1.+0.j  1.+0.j  1.+0.j  1.+0.j
 -1.+0.j  1.+0.j  1.+0.j  1.+0.j  1.+0.j  1.+0.j  1.+0.j -1.+0.j  1.+0.j  1.+0.j -1.+0.j  1.+0.j -1.+0.j -1.+0.j
  1.+0.j  1.+0.j  1.+0.j  1.+0.j  1.+0.j -1.+0.j  1.+0.j -1.+0.j  1.+0.j -1.+0.j -1.+0.j  1.+0.j  1.+0.j -1.+0.j
  1.+0.j -1.+0.j -1.+0.j  1.+0.j  1.+0.j  1.+0.j  1.+0.j  1.+0.j  1.+0.j -1.+0.j -1.+0.j  1.+0.j -1.+0.j  1.+0.j
  1.+0.j -1.+0.j -1.+0.j -1.+0.j -1.+0.j -1.+0.j -1.+0.j -1.+0.j -1.+0.j -1.+0.j -1.+0.j -1.+0.j -1.+0.j -1.+0.j
  1.+0.j -1.+0.j -1.+0.j -1.+0.j -1.+0.j  1.+0.j  1.+0.j -1.+0.j -1.+0.j -1.+0.j  1.+0.j  1.+0.j -1.+0.j  1.+0.j
  1.+0.j  1.+0.j  1.+0.j  1.+0.j  1.+0.j -1.+0.j  1.+0.j  1.+0.j -1.+0.j -1.+0.j -1.+0.j -1.+0.j  1.+0.j  1.+0.j
 -1.+0.j -1.+0.j  1.+0.j -1.+0.j  1.+0.j  1.+0.j -1.+0.j -1.+0.j  1.+0.j -1.+0.j -1.+0.j  1.+0.j -1.+0.j  1.+0.j
 -1.+0.j -1.+0.j -1.+0.j  1.+0.j  1.+0.j  1.+0.j  1.+0.j  1.+0.j  1.+0.j  1.+0.j -1.+0.j -1.+0.j  1.+0.j  1.+0.j
  1.+0.j  1.+0.j  1.+0.j  1.+0.j -1.+0.j -1.+0.j -1.+0.j  1.+0.j -1.+0.j  1.+0.j -1.+0.j  1.+0.j  1.+0.j  1.+0.j
  1.+0.j -1.+0.j  1.+0.j  1.+0.j  1.+0.j  1.+0.j  1.+0.j  1.+0.j -1.+0.j  1.+0.j  1.+0.j -1.+0.j  1.+0.j -1.+0.j
 -1.+0.j  1.+0.j  1.+0.j  1.+0.j  1.+0.j  1.+0.j -1.+0.j  1.+0.j -1.+0.j  1.+0.j -1.+0.j -1.+0.j  1.+0.j  1.+0.j
 -1.+0.j  1.+0.j -1.+0.j -1.+0.j  1.+0.j  1.+0.j  1.+0.j  1.+0.j  1.+0.j  1.+0.j -1.+0.j -1.+0.j  1.+0.j -1.+0.j
  1.+0.j  1.+0.j -1.+0.j -1.+0.j -1.+0.j -1.+0.j -1.+0.j -1.+0.j -1.+0.j -1.+0.j -1.+0.j -1.+0.j -1.+0.j -1.+0.j
 -1.+0.j  1.+0.j -1.+0.j -1.+0.j -1.+0.j -1.+0.j  1.+0.j  1.+0.j -1.+0.j -1.+0.j -1.+0.j  1.+0.j  1.+0.j -1.+0.j
  1.+0.j  1.+0.j  1.+0.j  1.+0.j  1.+0.j  1.+0.j -1.+0.j  1.+0.j  1.+0.j -1.+0.j -1.+0.j -1.+0.j -1.+0.j  1.+0.j
  1.+0.j -1.+0.j -1.+0.j  1.+0.j -1.+0.j  1.+0.j  1.+0.j -1.+0.j -1.+0.j  1.+0.j -1.+0.j -1.+0.j  1.+0.j -1.+0.j
  1.+0.j -1.+0.j -1.+0.j -1.+0.j  1.+0.j  1.+0.j  1.+0.j  1.+0.j  1.+0.j  1.+0.j  1.+0.j -1.+0.j -1.+0.j  1.+0.j
  1.+0.j  1.+0.j  1.+0.j  1.+0.j  1.+0.j -1.+0.j -1.+0.j -1.+0.j  1.+0.j -1.+0.j  1.+0.j -1.+0.j  1.+0.j  1.+0.j
  1.+0.j  1.+0.j -1.+0.j  1.+0.j  1.+0.j  1.+0.j  1.+0.j  1.+0.j  1.+0.j -1.+0.j  1.+0.j  1.+0.j -1.+0.j  1.+0.j
 -1.+0.j -1.+0.j  1.+0.j  1.+0.j  1.+0.j  1.+0.j  1.+0.j -1.+0.j  1.+0.j -1.+0.j  1.+0.j -1.+0.j -1.+0.j  1.+0.j
  1.+0.j -1.+0.j  1.+0.j -1.+0.j -1.+0.j  1.+0.j  1.+0.j  1.+0.j  1.+0.j  1.+0.j  1.+0.j -1.+0.j -1.+0.j  1.+0.j
 -1.+0.j  1.+0.j  1.+0.j -1.+0.j -1.+0.j -1.+0.j -1.+0.j -1.+0.j -1.+0.j -1.+0.j -1.+0.j -1.+0.j -1.+0.j -1.+0.j
 -1.+0.j -1.+0.j  1.+0.j -1.+0.j -1.+0.j -1.+0.j -1.+0.j  1.+0.j  1.+0.j -1.+0.j -1.+0.j -1.+0.j  1.+0.j  1.+0.j
 -1.+0.j  1.+0.j  1.+0.j  1.+0.j  1.+0.j  1.+0.j  1.+0.j -1.+0.j  1.+0.j  1.+0.j -1.+0.j -1.+0.j -1.+0.j -1.+0.j
  1.+0.j  1.+0.j -1.+0.j -1.+0.j  1.+0.j -1.+0.j  1.+0.j  1.+0.j -1.+0.j -1.+0.j  1.+0.j -1.+0.j -1.+0.j  1.+0.j
 -1.+0.j  1.+0.j -1.+0.j -1.+0.j -1.+0.j  1.+0.j  1.+0.j  1.+0.j  1.+0.j  1.+0.j  1.+0.j  1.+0.j -1.+0.j -1.+0.j
  1.+0.j  1.+0.j  1.+0.j  1.+0.j  1.+0.j  1.+0.j -1.+0.j -1.+0.j -1.+0.j  1.+0.j -1.+0.j  1.+0.j -1.+0.j  1.+0.j
  1.+0.j  1.+0.j  1.+0.j -1.+0.j  1.+0.j  1.+0.j  1.+0.j  1.+0.j  1.+0.j  1.+0.j -1.+0.j  1.+0.j  1.+0.j -1.+0.j
  1.+0.j -1.+0.j -1.+0.j  1.+0.j  1.+0.j  1.+0.j  1.+0.j  1.+0.j -1.+0.j  1.+0.j -1.+0.j  1.+0.j -1.+0.j -1.+0.j
  1.+0.j  1.+0.j -1.+0.j  1.+0.j -1.+0.j -1.+0.j  1.+0.j  1.+0.j  1.+0.j  1.+0.j  1.+0.j  1.+0.j -1.+0.j -1.+0.j
  1.+0.j -1.+0.j  1.+0.j  1.+0.j -1.+0.j -1.+0.j -1.+0.j -1.+0.j -1.+0.j -1.+0.j -1.+0.j -1.+0.j -1.+0.j -1.+0.j
 -1.+0.j -1.+0.j -1.+0.j  1.+0.j -1.+0.j -1.+0.j -1.+0.j -1.+0.j  1.+0.j  1.+0.j -1.+0.j -1.+0.j -1.+0.j  1.+0.j
  1.+0.j -1.+0.j  1.+0.j  1.+0.j  1.+0.j  1.+0.j  1.+0.j  1.+0.j -1.+0.j  1.+0.j  1.+0.j -1.+0.j -1.+0.j -1.+0.j
 -1.+0.j  1.+0.j  1.+0.j -1.+0.j -1.+0.j  1.+0.j -1.+0.j  1.+0.j  1.+0.j -1.+0.j -1.+0.j  1.+0.j -1.+0.j -1.+0.j
  1.+0.j -1.+0.j  1.+0.j -1.+0.j -1.+0.j -1.+0.j  1.+0.j  1.+0.j  1.+0.j  1.+0.j  1.+0.j  1.+0.j  1.+0.j -1.+0.j
 -1.+0.j  1.+0.j  1.+0.j  1.+0.j  1.+0.j  1.+0.j  1.+0.j -1.+0.j -1.+0.j -1.+0.j  1.+0.j -1.+0.j  1.+0.j -1.+0.j
  1.+0.j  1.+0.j  1.+0.j  1.+0.j -1.+0.j  1.+0.j  1.+0.j  1.+0.j  1.+0.j  1.+0.j  1.+0.j -1.+0.j  1.+0.j  1.+0.j
 -1.+0.j  1.+0.j -1.+0.j -1.+0.j  1.+0.j  1.+0.j  1.+0.j  1.+0.j  1.+0.j -1.+0.j  1.+0.j -1.+0.j  1.+0.j -1.+0.j
 -1.+0.j  1.+0.j  1.+0.j -1.+0.j  1.+0.j -1.+0.j -1.+0.j  1.+0.j  1.+0.j  1.+0.j  1.+0.j  1.+0.j  1.+0.j -1.+0.j
 -1.+0.j  1.+0.j -1.+0.j  1.+0.j  1.+0.j -1.+0.j -1.+0.j -1.+0.j -1.+0.j -1.+0.j -1.+0.j -1.+0.j -1.+0.j -1.+0.j
 -1.+0.j -1.+0.j -1.+0.j -1.+0.j  1.+0.j -1.+0.j -1.+0.j -1.+0.j -1.+0.j  1.+0.j  1.+0.j -1.+0.j -1.+0.j -1.+0.j
  1.+0.j  1.+0.j -1.+0.j  1.+0.j  1.+0.j  1.+0.j  1.+0.j  1.+0.j  1.+0.j -1.+0.j  1.+0.j  1.+0.j -1.+0.j -1.+0.j
 -1.+0.j -1.+0.j  1.+0.j  1.+0.j -1.+0.j -1.+0.j  1.+0.j -1.+0.j  1.+0.j  1.+0.j -1.+0.j -1.+0.j  1.+0.j -1.+0.j
 -1.+0.j  1.+0.j -1.+0.j  1.+0.j -1.+0.j -1.+0.j -1.+0.j  1.+0.j  1.+0.j  1.+0.j  1.+0.j  1.+0.j  1.+0.j  1.+0.j
 -1.+0.j -1.+0.j  1.+0.j  1.+0.j  1.+0.j  1.+0.j  1.+0.j  1.+0.j -1.+0.j -1.+0.j -1.+0.j  1.+0.j -1.+0.j  1.+0.j
 -1.+0.j  1.+0.j  1.+0.j  1.+0.j  1.+0.j -1.+0.j  1.+0.j  1.+0.j  1.+0.j  1.+0.j  1.+0.j  1.+0.j -1.+0.j  1.+0.j
  1.+0.j -1.+0.j  1.+0.j -1.+0.j -1.+0.j  1.+0.j  1.+0.j  1.+0.j  1.+0.j  1.+0.j -1.+0.j  1.+0.j -1.+0.j  1.+0.j
 -1.+0.j -1.+0.j  1.+0.j  1.+0.j -1.+0.j  1.+0.j -1.+0.j -1.+0.j  1.+0.j  1.+0.j  1.+0.j  1.+0.j  1.+0.j  1.+0.j
 -1.+0.j -1.+0.j  1.+0.j -1.+0.j  1.+0.j  1.+0.j -1.+0.j -1.+0.j -1.+0.j -1.+0.j -1.+0.j -1.+0.j -1.+0.j -1.+0.j
 -1.+0.j -1.+0.j -1.+0.j -1.+0.j -1.+0.j  1.+0.j -1.+0.j -1.+0.j -1.+0.j -1.+0.j  1.+0.j  1.+0.j -1.+0.j -1.+0.j
 -1.+0.j  1.+0.j  1.+0.j -1.+0.j  1.+0.j  1.+0.j  1.+0.j  1.+0.j  1.+0.j  1.+0.j -1.+0.j  1.+0.j  1.+0.j -1.+0.j
 -1.+0.j -1.+0.j -1.+0.j  1.+0.j  1.+0.j -1.+0.j -1.+0.j  1.+0.j -1.+0.j  1.+0.j  1.+0.j -1.+0.j -1.+0.j  1.+0.j
 -1.+0.j -1.+0.j  1.+0.j -1.+0.j  1.+0.j -1.+0.j -1.+0.j -1.+0.j  1.+0.j  1.+0.j  1.+0.j  1.+0.j  1.+0.j  1.+0.j
  1.+0.j -1.+0.j -1.+0.j  1.+0.j  1.+0.j  1.+0.j  1.+0.j  1.+0.j  1.+0.j -1.+0.j -1.+0.j -1.+0.j  1.+0.j -1.+0.j
  1.+0.j -1.+0.j  1.+0.j  1.+0.j  1.+0.j  1.+0.j -1.+0.j  1.+0.j  1.+0.j  1.+0.j  1.+0.j  1.+0.j  1.+0.j -1.+0.j
  1.+0.j  1.+0.j -1.+0.j  1.+0.j -1.+0.j -1.+0.j  1.+0.j  1.+0.j  1.+0.j  1.+0.j  1.+0.j -1.+0.j  1.+0.j -1.+0.j
  1.+0.j -1.+0.j -1.+0.j  1.+0.j  1.+0.j -1.+0.j  1.+0.j -1.+0.j -1.+0.j  1.+0.j  1.+0.j  1.+0.j  1.+0.j  1.+0.j
  1.+0.j -1.+0.j -1.+0.j  1.+0.j -1.+0.j  1.+0.j  1.+0.j -1.+0.j -1.+0.j -1.+0.j -1.+0.j -1.+0.j -1.+0.j -1.+0.j
 -1.+0.j -1.+0.j -1.+0.j -1.+0.j -1.+0.j -1.+0.j  1.+0.j -1.+0.j -1.+0.j -1.+0.j -1.+0.j  1.+0.j  1.+0.j -1.+0.j
 -1.+0.j -1.+0.j  1.+0.j  1.+0.j -1.+0.j  1.+0.j  1.+0.j  1.+0.j  1.+0.j  1.+0.j  1.+0.j -1.+0.j  1.+0.j  1.+0.j
 -1.+0.j -1.+0.j -1.+0.j -1.+0.j  1.+0.j  1.+0.j -1.+0.j -1.+0.j  1.+0.j -1.+0.j  1.+0.j  1.+0.j -1.+0.j -1.+0.j
  1.+0.j -1.+0.j -1.+0.j  1.+0.j -1.+0.j  1.+0.j -1.+0.j -1.+0.j -1.+0.j  1.+0.j  1.+0.j  1.+0.j  1.+0.j  1.+0.j
  1.+0.j  1.+0.j -1.+0.j -1.+0.j  1.+0.j  1.+0.j  1.+0.j  1.+0.j  1.+0.j  1.+0.j -1.+0.j -1.+0.j -1.+0.j  1.+0.j
 -1.+0.j  1.+0.j -1.+0.j  1.+0.j  1.+0.j  1.+0.j  1.+0.j -1.+0.j  1.+0.j  1.+0.j  1.+0.j  1.+0.j  1.+0.j  1.+0.j
 -1.+0.j  1.+0.j  1.+0.j -1.+0.j  1.+0.j -1.+0.j -1.+0.j  1.+0.j  1.+0.j  1.+0.j  1.+0.j  1.+0.j -1.+0.j  1.+0.j
 -1.+0.j  1.+0.j -1.+0.j -1.+0.j  1.+0.j  1.+0.j -1.+0.j  1.+0.j -1.+0.j -1.+0.j  1.+0.j  1.+0.j  1.+0.j  1.+0.j
  1.+0.j  1.+0.j -1.+0.j -1.+0.j  1.+0.j -1.+0.j  1.+0.j  1.+0.j -1.+0.j -1.+0.j -1.+0.j -1.+0.j -1.+0.j -1.+0.j
 -1.+0.j -1.+0.j -1.+0.j -1.+0.j -1.+0.j -1.+0.j -1.+0.j  1.+0.j -1.+0.j -1.+0.j -1.+0.j -1.+0.j  1.+0.j  1.+0.j
 -1.+0.j -1.+0.j -1.+0.j  1.+0.j  1.+0.j -1.+0.j  1.+0.j  1.+0.j  1.+0.j  1.+0.j  1.+0.j  1.+0.j -1.+0.j  1.+0.j
  1.+0.j -1.+0.j -1.+0.j -1.+0.j -1.+0.j  1.+0.j  1.+0.j -1.+0.j -1.+0.j  1.+0.j -1.+0.j  1.+0.j  1.+0.j -1.+0.j
 -1.+0.j  1.+0.j -1.+0.j -1.+0.j  1.+0.j -1.+0.j  1.+0.j -1.+0.j -1.+0.j -1.+0.j  1.+0.j  1.+0.j  1.+0.j  1.+0.j
  1.+0.j  1.+0.j  1.+0.j -1.+0.j -1.+0.j  1.+0.j  1.+0.j  1.+0.j  1.+0.j  1.+0.j  1.+0.j -1.+0.j -1.+0.j -1.+0.j
  1.+0.j -1.+0.j  1.+0.j -1.+0.j  1.+0.j  1.+0.j  1.+0.j  1.+0.j -1.+0.j  1.+0.j  1.+0.j  1.+0.j  1.+0.j  1.+0.j
  1.+0.j -1.+0.j  1.+0.j  1.+0.j -1.+0.j  1.+0.j -1.+0.j -1.+0.j  1.+0.j  1.+0.j  1.+0.j  1.+0.j  1.+0.j -1.+0.j
  1.+0.j -1.+0.j  1.+0.j -1.+0.j -1.+0.j  1.+0.j  1.+0.j -1.+0.j  1.+0.j -1.+0.j -1.+0.j  1.+0.j  1.+0.j  1.+0.j
  1.+0.j  1.+0.j  1.+0.j -1.+0.j -1.+0.j  1.+0.j -1.+0.j  1.+0.j  1.+0.j -1.+0.j -1.+0.j -1.+0.j -1.+0.j -1.+0.j
 -1.+0.j -1.+0.j -1.+0.j -1.+0.j -1.+0.j -1.+0.j -1.+0.j -1.+0.j  1.+0.j -1.+0.j -1.+0.j -1.+0.j -1.+0.j  1.+0.j
  1.+0.j -1.+0.j -1.+0.j -1.+0.j  1.+0.j  1.+0.j -1.+0.j  1.+0.j  1.+0.j  1.+0.j  1.+0.j  1.+0.j  1.+0.j -1.+0.j
  1.+0.j  1.+0.j -1.+0.j -1.+0.j -1.+0.j -1.+0.j  1.+0.j  1.+0.j -1.+0.j -1.+0.j  1.+0.j -1.+0.j  1.+0.j  1.+0.j
 -1.+0.j -1.+0.j  1.+0.j -1.+0.j -1.+0.j  1.+0.j -1.+0.j  1.+0.j -1.+0.j -1.+0.j -1.+0.j  1.+0.j  1.+0.j  1.+0.j
  1.+0.j  1.+0.j  1.+0.j  1.+0.j -1.+0.j -1.+0.j  1.+0.j  1.+0.j  1.+0.j  1.+0.j  1.+0.j  1.+0.j -1.+0.j -1.+0.j
 -1.+0.j  1.+0.j -1.+0.j  1.+0.j -1.+0.j  1.+0.j  1.+0.j  1.+0.j  1.+0.j -1.+0.j  1.+0.j  1.+0.j  1.+0.j  1.+0.j
  1.+0.j  1.+0.j -1.+0.j  1.+0.j  1.+0.j -1.+0.j  1.+0.j -1.+0.j -1.+0.j  1.+0.j  1.+0.j  1.+0.j  1.+0.j  1.+0.j
 -1.+0.j  1.+0.j -1.+0.j  1.+0.j -1.+0.j -1.+0.j  1.+0.j  1.+0.j -1.+0.j  1.+0.j -1.+0.j -1.+0.j  1.+0.j  1.+0.j
  1.+0.j  1.+0.j  1.+0.j  1.+0.j -1.+0.j -1.+0.j  1.+0.j -1.+0.j  1.+0.j  1.+0.j -1.+0.j -1.+0.j -1.+0.j -1.+0.j
 -1.+0.j -1.+0.j -1.+0.j -1.+0.j -1.+0.j -1.+0.j -1.+0.j -1.+0.j -1.+0.j  1.+0.j -1.+0.j -1.+0.j -1.+0.j -1.+0.j
  1.+0.j  1.+0.j -1.+0.j -1.+0.j -1.+0.j  1.+0.j  1.+0.j -1.+0.j  1.+0.j  1.+0.j  1.+0.j  1.+0.j  1.+0.j  1.+0.j
 -1.+0.j  1.+0.j  1.+0.j -1.+0.j -1.+0.j -1.+0.j -1.+0.j  1.+0.j  1.+0.j -1.+0.j -1.+0.j  1.+0.j -1.+0.j  1.+0.j
  1.+0.j -1.+0.j -1.+0.j  1.+0.j -1.+0.j -1.+0.j  1.+0.j -1.+0.j  1.+0.j -1.+0.j -1.+0.j -1.+0.j  1.+0.j  1.+0.j
  1.+0.j  1.+0.j  1.+0.j  1.+0.j  1.+0.j -1.+0.j -1.+0.j  1.+0.j  1.+0.j  1.+0.j  1.+0.j  1.+0.j  1.+0.j -1.+0.j
 -1.+0.j -1.+0.j  1.+0.j -1.+0.j  1.+0.j -1.+0.j  1.+0.j  1.+0.j  1.+0.j  1.+0.j -1.+0.j  1.+0.j  1.+0.j  1.+0.j
  1.+0.j  1.+0.j  1.+0.j -1.+0.j  1.+0.j  1.+0.j -1.+0.j  1.+0.j -1.+0.j -1.+0.j  1.+0.j  1.+0.j  1.+0.j  1.+0.j
  1.+0.j -1.+0.j  1.+0.j -1.+0.j  1.+0.j -1.+0.j -1.+0.j  1.+0.j  1.+0.j -1.+0.j  1.+0.j -1.+0.j -1.+0.j  1.+0.j
  1.+0.j  1.+0.j  1.+0.j  1.+0.j  1.+0.j -1.+0.j -1.+0.j  1.+0.j -1.+0.j  1.+0.j  1.+0.j -1.+0.j -1.+0.j -1.+0.j
 -1.+0.j -1.+0.j -1.+0.j -1.+0.j -1.+0.j -1.+0.j -1.+0.j -1.+0.j -1.+0.j -1.+0.j  1.+0.j -1.+0.j -1.+0.j -1.+0.j
 -1.+0.j  1.+0.j  1.+0.j -1.+0.j -1.+0.j -1.+0.j  1.+0.j  1.+0.j -1.+0.j  1.+0.j  1.+0.j  1.+0.j  1.+0.j  1.+0.j
  1.+0.j -1.+0.j  1.+0.j  1.+0.j -1.+0.j -1.+0.j -1.+0.j -1.+0.j  1.+0.j  1.+0.j -1.+0.j -1.+0.j  1.+0.j -1.+0.j
  1.+0.j  1.+0.j -1.+0.j -1.+0.j  1.+0.j -1.+0.j -1.+0.j  1.+0.j -1.+0.j  1.+0.j -1.+0.j -1.+0.j -1.+0.j  1.+0.j
  1.+0.j  1.+0.j  1.+0.j  1.+0.j  1.+0.j  1.+0.j -1.+0.j -1.+0.j  1.+0.j  1.+0.j  1.+0.j  1.+0.j  1.+0.j  1.+0.j
 -1.+0.j -1.+0.j -1.+0.j  1.+0.j -1.+0.j  1.+0.j -1.+0.j  1.+0.j  1.+0.j  1.+0.j  1.+0.j -1.+0.j  1.+0.j  1.+0.j
  1.+0.j  1.+0.j  1.+0.j  1.+0.j -1.+0.j  1.+0.j  1.+0.j -1.+0.j  1.+0.j -1.+0.j -1.+0.j  1.+0.j  1.+0.j  1.+0.j
  1.+0.j  1.+0.j -1.+0.j  1.+0.j -1.+0.j  1.+0.j -1.+0.j -1.+0.j  1.+0.j  1.+0.j -1.+0.j  1.+0.j -1.+0.j -1.+0.j
  1.+0.j  1.+0.j  1.+0.j  1.+0.j  1.+0.j  1.+0.j -1.+0.j -1.+0.j  1.+0.j -1.+0.j  1.+0.j  1.+0.j -1.+0.j -1.+0.j
 -1.+0.j -1.+0.j -1.+0.j -1.+0.j -1.+0.j -1.+0.j -1.+0.j -1.+0.j -1.+0.j -1.+0.j -1.+0.j  1.+0.j -1.+0.j -1.+0.j
 -1.+0.j -1.+0.j  1.+0.j  1.+0.j -1.+0.j -1.+0.j -1.+0.j  1.+0.j  1.+0.j -1.+0.j  1.+0.j  1.+0.j  1.+0.j  1.+0.j
  1.+0.j  1.+0.j -1.+0.j  1.+0.j  1.+0.j -1.+0.j -1.+0.j -1.+0.j -1.+0.j  1.+0.j  1.+0.j -1.+0.j -1.+0.j  1.+0.j
 -1.+0.j  1.+0.j  1.+0.j -1.+0.j -1.+0.j  1.+0.j -1.+0.j -1.+0.j  1.+0.j -1.+0.j  1.+0.j -1.+0.j -1.+0.j -1.+0.j
  1.+0.j  1.+0.j  1.+0.j  1.+0.j  1.+0.j  1.+0.j  1.+0.j -1.+0.j -1.+0.j  1.+0.j  1.+0.j  1.+0.j  1.+0.j  1.+0.j
  1.+0.j -1.+0.j -1.+0.j -1.+0.j  1.+0.j -1.+0.j  1.+0.j -1.+0.j  1.+0.j  1.+0.j  1.+0.j  1.+0.j -1.+0.j  1.+0.j
  1.+0.j  1.+0.j  1.+0.j  1.+0.j  1.+0.j -1.+0.j  1.+0.j  1.+0.j -1.+0.j  1.+0.j -1.+0.j -1.+0.j  1.+0.j  1.+0.j
  1.+0.j  1.+0.j  1.+0.j -1.+0.j  1.+0.j -1.+0.j  1.+0.j -1.+0.j -1.+0.j  1.+0.j  1.+0.j -1.+0.j  1.+0.j -1.+0.j
 -1.+0.j  1.+0.j  1.+0.j  1.+0.j  1.+0.j  1.+0.j  1.+0.j -1.+0.j -1.+0.j  1.+0.j -1.+0.j  1.+0.j  1.+0.j -1.+0.j
 -1.+0.j -1.+0.j -1.+0.j -1.+0.j -1.+0.j -1.+0.j -1.+0.j -1.+0.j -1.+0.j -1.+0.j -1.+0.j -1.+0.j  1.+0.j -1.+0.j
 -1.+0.j -1.+0.j -1.+0.j  1.+0.j  1.+0.j -1.+0.j -1.+0.j -1.+0.j  1.+0.j  1.+0.j -1.+0.j  1.+0.j  1.+0.j  1.+0.j
  1.+0.j  1.+0.j  1.+0.j -1.+0.j  1.+0.j  1.+0.j -1.+0.j -1.+0.j -1.+0.j -1.+0.j  1.+0.j  1.+0.j -1.+0.j -1.+0.j
  1.+0.j -1.+0.j  1.+0.j  1.+0.j -1.+0.j -1.+0.j  1.+0.j -1.+0.j -1.+0.j  1.+0.j -1.+0.j  1.+0.j -1.+0.j -1.+0.j
 -1.+0.j  1.+0.j  1.+0.j  1.+0.j  1.+0.j  1.+0.j  1.+0.j  1.+0.j -1.+0.j -1.+0.j  1.+0.j  1.+0.j  1.+0.j  1.+0.j
  1.+0.j  1.+0.j -1.+0.j -1.+0.j -1.+0.j  1.+0.j -1.+0.j  1.+0.j -1.+0.j  1.+0.j  1.+0.j  1.+0.j  1.+0.j -1.+0.j
  1.+0.j  1.+0.j  1.+0.j  1.+0.j  1.+0.j  1.+0.j -1.+0.j  1.+0.j  1.+0.j -1.+0.j  1.+0.j -1.+0.j -1.+0.j  1.+0.j
  1.+0.j  1.+0.j  1.+0.j  1.+0.j -1.+0.j  1.+0.j -1.+0.j  1.+0.j -1.+0.j -1.+0.j  1.+0.j  1.+0.j -1.+0.j  1.+0.j
 -1.+0.j -1.+0.j  1.+0.j  1.+0.j  1.+0.j  1.+0.j  1.+0.j  1.+0.j -1.+0.j -1.+0.j  1.+0.j -1.+0.j  1.+0.j  1.+0.j
 -1.+0.j -1.+0.j -1.+0.j -1.+0.j -1.+0.j -1.+0.j -1.+0.j -1.+0.j -1.+0.j -1.+0.j -1.+0.j -1.+0.j -1.+0.j  1.+0.j
 -1.+0.j -1.+0.j -1.+0.j -1.+0.j  1.+0.j  1.+0.j -1.+0.j -1.+0.j -1.+0.j  1.+0.j  1.+0.j -1.+0.j  1.+0.j  1.+0.j
  1.+0.j  1.+0.j  1.+0.j  1.+0.j -1.+0.j  1.+0.j  1.+0.j -1.+0.j -1.+0.j -1.+0.j -1.+0.j  1.+0.j  1.+0.j -1.+0.j
 -1.+0.j  1.+0.j -1.+0.j  1.+0.j  1.+0.j -1.+0.j -1.+0.j  1.+0.j -1.+0.j -1.+0.j  1.+0.j -1.+0.j  1.+0.j -1.+0.j
 -1.+0.j -1.+0.j  1.+0.j  1.+0.j  1.+0.j  1.+0.j  1.+0.j  1.+0.j  1.+0.j -1.+0.j -1.+0.j  1.+0.j  1.+0.j  1.+0.j
  1.+0.j  1.+0.j  1.+0.j -1.+0.j -1.+0.j -1.+0.j  1.+0.j -1.+0.j  1.+0.j -1.+0.j  1.+0.j  1.+0.j  1.+0.j  1.+0.j
 -1.+0.j  1.+0.j  1.+0.j  1.+0.j  1.+0.j  1.+0.j  1.+0.j -1.+0.j  1.+0.j  1.+0.j -1.+0.j  1.+0.j -1.+0.j -1.+0.j
  1.+0.j  1.+0.j  1.+0.j  1.+0.j  1.+0.j -1.+0.j  1.+0.j -1.+0.j  1.+0.j -1.+0.j -1.+0.j  1.+0.j  1.+0.j -1.+0.j
  1.+0.j -1.+0.j -1.+0.j  1.+0.j  1.+0.j  1.+0.j  1.+0.j  1.+0.j  1.+0.j -1.+0.j -1.+0.j  1.+0.j -1.+0.j  1.+0.j
  1.+0.j -1.+0.j  1.-0.j  1.-0.j  1.-0.j  1.-0.j  1.-0.j  1.-0.j  1.-0.j  1.-0.j  1.-0.j  1.-0.j  1.-0.j  1.-0.j
 -1.+0.j  1.-0.j  1.-0.j  1.-0.j  1.-0.j -1.+0.j -1.+0.j  1.-0.j  1.-0.j  1.-0.j -1.+0.j -1.+0.j  1.-0.j -1.+0.j
 -1.+0.j -1.+0.j -1.+0.j -1.+0.j -1.+0.j  1.-0.j -1.+0.j -1.+0.j  1.-0.j  1.-0.j  1.-0.j  1.-0.j -1.+0.j -1.+0.j
  1.-0.j  1.-0.j -1.+0.j  1.-0.j -1.+0.j -1.+0.j  1.-0.j  1.-0.j -1.+0.j  1.-0.j  1.-0.j -1.+0.j  1.-0.j -1.+0.j
  1.-0.j  1.-0.j  1.-0.j -1.+0.j -1.+0.j -1.+0.j -1.+0.j -1.+0.j -1.+0.j -1.+0.j  1.-0.j  1.-0.j -1.+0.j -1.+0.j
 -1.+0.j -1.+0.j -1.+0.j -1.+0.j  1.-0.j  1.-0.j  1.-0.j -1.+0.j  1.-0.j -1.+0.j  1.-0.j -1.+0.j -1.+0.j -1.+0.j
 -1.+0.j  1.-0.j -1.+0.j -1.+0.j -1.+0.j -1.+0.j -1.+0.j -1.+0.j  1.-0.j -1.+0.j -1.+0.j  1.-0.j -1.+0.j  1.-0.j
  1.-0.j -1.+0.j -1.+0.j -1.+0.j -1.+0.j -1.+0.j  1.-0.j -1.+0.j  1.-0.j -1.+0.j  1.-0.j  1.-0.j -1.+0.j -1.+0.j
  1.-0.j -1.+0.j  1.-0.j  1.-0.j -1.+0.j -1.+0.j -1.+0.j -1.+0.j -1.+0.j -1.+0.j  1.-0.j  1.-0.j -1.+0.j  1.-0.j
 -1.+0.j -1.+0.j  1.-0.j -1.+0.j -1.+0.j -1.+0.j -1.+0.j -1.+0.j -1.+0.j -1.+0.j -1.+0.j -1.+0.j -1.+0.j -1.+0.j
 -1.+0.j  1.+0.j -1.+0.j -1.+0.j -1.+0.j -1.+0.j  1.+0.j  1.+0.j -1.+0.j -1.+0.j -1.+0.j  1.+0.j  1.+0.j -1.+0.j
  1.+0.j  1.+0.j  1.+0.j  1.+0.j  1.+0.j  1.+0.j -1.+0.j  1.+0.j  1.+0.j -1.+0.j -1.+0.j -1.+0.j -1.+0.j  1.+0.j
  1.+0.j -1.+0.j -1.+0.j  1.+0.j -1.+0.j  1.+0.j  1.+0.j -1.+0.j -1.+0.j  1.+0.j -1.+0.j -1.+0.j  1.+0.j -1.+0.j
  1.+0.j -1.+0.j -1.+0.j -1.+0.j  1.+0.j  1.+0.j  1.+0.j  1.+0.j  1.+0.j  1.+0.j  1.+0.j -1.+0.j -1.+0.j  1.+0.j
  1.+0.j  1.+0.j  1.+0.j  1.+0.j  1.+0.j -1.+0.j -1.+0.j -1.+0.j  1.+0.j -1.+0.j  1.+0.j -1.+0.j  1.+0.j  1.+0.j
  1.+0.j  1.+0.j -1.+0.j  1.+0.j  1.+0.j  1.+0.j  1.+0.j  1.+0.j  1.+0.j -1.+0.j  1.+0.j  1.+0.j -1.+0.j  1.+0.j
 -1.+0.j -1.+0.j  1.+0.j  1.+0.j  1.+0.j  1.+0.j  1.+0.j -1.+0.j  1.+0.j -1.+0.j  1.+0.j -1.+0.j -1.+0.j  1.+0.j
  1.+0.j -1.+0.j  1.+0.j -1.+0.j -1.+0.j  1.+0.j  1.+0.j  1.+0.j  1.+0.j  1.+0.j  1.+0.j -1.+0.j -1.+0.j  1.+0.j
 -1.+0.j  1.+0.j  1.+0.j -1.+0.j  1.-0.j  1.-0.j  1.-0.j  1.-0.j  1.-0.j  1.-0.j  1.-0.j  1.-0.j  1.-0.j  1.-0.j
  1.-0.j  1.-0.j -1.+0.j  1.-0.j  1.-0.j  1.-0.j  1.-0.j -1.+0.j -1.+0.j  1.-0.j  1.-0.j  1.-0.j -1.+0.j -1.+0.j
  1.-0.j -1.+0.j -1.+0.j -1.+0.j -1.+0.j -1.+0.j -1.+0.j  1.-0.j -1.+0.j -1.+0.j  1.-0.j  1.-0.j  1.-0.j  1.-0.j
 -1.+0.j -1.+0.j  1.-0.j  1.-0.j -1.+0.j  1.-0.j -1.+0.j -1.+0.j  1.-0.j  1.-0.j -1.+0.j  1.-0.j  1.-0.j -1.+0.j
  1.-0.j -1.+0.j  1.-0.j  1.-0.j  1.-0.j -1.+0.j -1.+0.j -1.+0.j -1.+0.j -1.+0.j -1.+0.j -1.+0.j  1.-0.j  1.-0.j
 -1.+0.j -1.+0.j -1.+0.j -1.+0.j -1.+0.j -1.+0.j  1.-0.j  1.-0.j  1.-0.j -1.+0.j  1.-0.j -1.+0.j  1.-0.j -1.+0.j
 -1.+0.j -1.+0.j -1.+0.j  1.-0.j -1.+0.j -1.+0.j -1.+0.j -1.+0.j -1.+0.j -1.+0.j  1.-0.j -1.+0.j -1.+0.j  1.-0.j
 -1.+0.j  1.-0.j  1.-0.j -1.+0.j -1.+0.j -1.+0.j -1.+0.j -1.+0.j  1.-0.j -1.+0.j  1.-0.j -1.+0.j  1.-0.j  1.-0.j
 -1.+0.j -1.+0.j  1.-0.j -1.+0.j  1.-0.j  1.-0.j -1.+0.j -1.+0.j -1.+0.j -1.+0.j -1.+0.j -1.+0.j  1.-0.j  1.-0.j
 -1.+0.j  1.-0.j -1.+0.j -1.+0.j  1.-0.j -1.+0.j -1.+0.j -1.+0.j -1.+0.j -1.+0.j -1.+0.j -1.+0.j -1.+0.j -1.+0.j
 -1.+0.j -1.+0.j -1.+0.j  1.+0.j -1.+0.j -1.+0.j -1.+0.j -1.+0.j  1.+0.j  1.+0.j -1.+0.j -1.+0.j -1.+0.j  1.+0.j
  1.+0.j -1.+0.j  1.+0.j  1.+0.j  1.+0.j  1.+0.j  1.+0.j  1.+0.j -1.+0.j  1.+0.j  1.+0.j -1.+0.j -1.+0.j -1.+0.j
 -1.+0.j  1.+0.j  1.+0.j -1.+0.j -1.+0.j  1.+0.j -1.+0.j  1.+0.j  1.+0.j -1.+0.j -1.+0.j  1.+0.j -1.+0.j -1.+0.j
  1.+0.j -1.+0.j  1.+0.j -1.+0.j -1.+0.j -1.+0.j  1.+0.j  1.+0.j  1.+0.j  1.+0.j  1.+0.j  1.+0.j  1.+0.j -1.+0.j
 -1.+0.j  1.+0.j  1.+0.j  1.+0.j  1.+0.j  1.+0.j  1.+0.j -1.+0.j -1.+0.j -1.+0.j  1.+0.j -1.+0.j  1.+0.j -1.+0.j
  1.+0.j  1.+0.j  1.+0.j  1.+0.j -1.+0.j  1.+0.j  1.+0.j  1.+0.j  1.+0.j  1.+0.j  1.+0.j -1.+0.j  1.+0.j  1.+0.j
 -1.+0.j  1.+0.j -1.+0.j -1.+0.j  1.+0.j  1.+0.j  1.+0.j  1.+0.j  1.+0.j -1.+0.j  1.+0.j -1.+0.j  1.+0.j -1.+0.j
 -1.+0.j  1.+0.j  1.+0.j -1.+0.j  1.+0.j -1.+0.j -1.+0.j  1.+0.j  1.+0.j  1.+0.j  1.+0.j  1.+0.j  1.+0.j -1.+0.j
 -1.+0.j  1.+0.j -1.+0.j  1.+0.j  1.+0.j -1.+0.j -1.+0.j -1.+0.j -1.+0.j -1.+0.j -1.+0.j -1.+0.j -1.+0.j -1.+0.j
 -1.+0.j -1.+0.j -1.+0.j -1.+0.j  1.+0.j -1.+0.j -1.+0.j -1.+0.j -1.+0.j  1.+0.j  1.+0.j -1.+0.j -1.+0.j -1.+0.j
  1.+0.j  1.+0.j -1.+0.j  1.+0.j  1.+0.j  1.+0.j  1.+0.j  1.+0.j  1.+0.j -1.+0.j  1.+0.j  1.+0.j -1.+0.j -1.+0.j
 -1.+0.j -1.+0.j  1.+0.j  1.+0.j -1.+0.j -1.+0.j  1.+0.j -1.+0.j  1.+0.j  1.+0.j -1.+0.j -1.+0.j  1.+0.j -1.+0.j
 -1.+0.j  1.+0.j -1.+0.j  1.+0.j -1.+0.j -1.+0.j -1.+0.j  1.+0.j  1.+0.j  1.+0.j  1.+0.j  1.+0.j  1.+0.j  1.+0.j
 -1.+0.j -1.+0.j  1.+0.j  1.+0.j  1.+0.j  1.+0.j  1.+0.j  1.+0.j -1.+0.j -1.+0.j -1.+0.j  1.+0.j -1.+0.j  1.+0.j
 -1.+0.j  1.+0.j  1.+0.j  1.+0.j  1.+0.j -1.+0.j  1.+0.j  1.+0.j  1.+0.j  1.+0.j  1.+0.j  1.+0.j -1.+0.j  1.+0.j
  1.+0.j -1.+0.j  1.+0.j -1.+0.j -1.+0.j  1.+0.j  1.+0.j  1.+0.j  1.+0.j  1.+0.j -1.+0.j  1.+0.j -1.+0.j  1.+0.j
 -1.+0.j -1.+0.j  1.+0.j  1.+0.j -1.+0.j  1.+0.j -1.+0.j -1.+0.j  1.+0.j  1.+0.j  1.+0.j  1.+0.j  1.+0.j  1.+0.j
 -1.+0.j -1.+0.j  1.+0.j -1.+0.j  1.+0.j  1.+0.j -1.+0.j  1.-0.j  1.-0.j  1.-0.j  1.-0.j  1.-0.j  1.-0.j  1.-0.j
  1.-0.j  1.-0.j  1.-0.j  1.-0.j  1.-0.j -1.+0.j  1.-0.j  1.-0.j  1.-0.j  1.-0.j -1.+0.j -1.+0.j  1.-0.j  1.-0.j
  1.-0.j -1.+0.j -1.+0.j  1.-0.j -1.+0.j -1.+0.j -1.+0.j -1.+0.j -1.+0.j -1.+0.j  1.-0.j -1.+0.j -1.+0.j  1.-0.j
  1.-0.j  1.-0.j  1.-0.j -1.+0.j -1.+0.j  1.-0.j  1.-0.j -1.+0.j  1.-0.j -1.+0.j -1.+0.j  1.-0.j  1.-0.j -1.+0.j
  1.-0.j  1.-0.j -1.+0.j  1.-0.j -1.+0.j  1.-0.j  1.-0.j  1.-0.j -1.+0.j -1.+0.j -1.+0.j -1.+0.j -1.+0.j -1.+0.j
 -1.+0.j  1.-0.j  1.-0.j -1.+0.j -1.+0.j -1.+0.j -1.+0.j -1.+0.j -1.+0.j  1.-0.j  1.-0.j  1.-0.j -1.+0.j  1.-0.j
 -1.+0.j  1.-0.j -1.+0.j -1.+0.j -1.+0.j -1.+0.j  1.-0.j -1.+0.j -1.+0.j -1.+0.j -1.+0.j -1.+0.j -1.+0.j  1.-0.j
 -1.+0.j -1.+0.j  1.-0.j -1.+0.j  1.-0.j  1.-0.j -1.+0.j -1.+0.j -1.+0.j -1.+0.j -1.+0.j  1.-0.j -1.+0.j  1.-0.j
 -1.+0.j  1.-0.j  1.-0.j -1.+0.j -1.+0.j  1.-0.j -1.+0.j  1.-0.j  1.-0.j -1.+0.j -1.+0.j -1.+0.j -1.+0.j -1.+0.j
 -1.+0.j  1.-0.j  1.-0.j -1.+0.j  1.-0.j -1.+0.j -1.+0.j  1.-0.j  1.-0.j  1.-0.j  1.-0.j  1.-0.j  1.-0.j  1.-0.j
  1.-0.j  1.-0.j  1.-0.j  1.-0.j  1.-0.j  1.-0.j -1.+0.j  1.-0.j  1.-0.j  1.-0.j  1.-0.j -1.+0.j -1.+0.j  1.-0.j
  1.-0.j  1.-0.j -1.+0.j -1.+0.j  1.-0.j -1.+0.j -1.+0.j -1.+0.j -1.+0.j -1.+0.j -1.+0.j  1.-0.j -1.+0.j -1.+0.j
  1.-0.j  1.-0.j  1.-0.j  1.-0.j -1.+0.j -1.+0.j  1.-0.j  1.-0.j -1.+0.j  1.-0.j -1.+0.j -1.+0.j  1.-0.j  1.-0.j
 -1.+0.j  1.-0.j  1.-0.j -1.+0.j  1.-0.j -1.+0.j  1.-0.j  1.-0.j  1.-0.j -1.+0.j -1.+0.j -1.+0.j -1.+0.j -1.+0.j
 -1.+0.j -1.+0.j  1.-0.j  1.-0.j -1.+0.j -1.+0.j -1.+0.j -1.+0.j -1.+0.j -1.+0.j  1.-0.j  1.-0.j  1.-0.j -1.+0.j
  1.-0.j -1.+0.j  1.-0.j -1.+0.j -1.+0.j -1.+0.j -1.+0.j  1.-0.j -1.+0.j -1.+0.j -1.+0.j -1.+0.j -1.+0.j -1.+0.j
  1.-0.j -1.+0.j -1.+0.j  1.-0.j -1.+0.j  1.-0.j  1.-0.j -1.+0.j -1.+0.j -1.+0.j -1.+0.j -1.+0.j  1.-0.j -1.+0.j
  1.-0.j -1.+0.j  1.-0.j  1.-0.j -1.+0.j -1.+0.j  1.-0.j -1.+0.j  1.-0.j  1.-0.j -1.+0.j -1.+0.j -1.+0.j -1.+0.j
 -1.+0.j -1.+0.j  1.-0.j  1.-0.j -1.+0.j  1.-0.j -1.+0.j -1.+0.j  1.-0.j -1.+0.j -1.+0.j -1.+0.j -1.+0.j -1.+0.j
 -1.+0.j -1.+0.j -1.+0.j -1.+0.j -1.+0.j -1.+0.j -1.+0.j  1.+0.j -1.+0.j -1.+0.j -1.+0.j -1.+0.j  1.+0.j  1.+0.j
 -1.+0.j -1.+0.j -1.+0.j  1.+0.j  1.+0.j -1.+0.j  1.+0.j  1.+0.j  1.+0.j  1.+0.j  1.+0.j  1.+0.j -1.+0.j  1.+0.j
  1.+0.j -1.+0.j -1.+0.j -1.+0.j -1.+0.j  1.+0.j  1.+0.j -1.+0.j -1.+0.j  1.+0.j -1.+0.j  1.+0.j  1.+0.j -1.+0.j
 -1.+0.j  1.+0.j -1.+0.j -1.+0.j  1.+0.j -1.+0.j  1.+0.j -1.+0.j -1.+0.j -1.+0.j  1.+0.j  1.+0.j  1.+0.j  1.+0.j
  1.+0.j  1.+0.j  1.+0.j -1.+0.j -1.+0.j  1.+0.j  1.+0.j  1.+0.j  1.+0.j  1.+0.j  1.+0.j -1.+0.j -1.+0.j -1.+0.j
  1.+0.j -1.+0.j  1.+0.j -1.+0.j  1.+0.j  1.+0.j  1.+0.j  1.+0.j -1.+0.j  1.+0.j  1.+0.j  1.+0.j  1.+0.j  1.+0.j
  1.+0.j -1.+0.j  1.+0.j  1.+0.j -1.+0.j  1.+0.j -1.+0.j -1.+0.j  1.+0.j  1.+0.j  1.+0.j  1.+0.j  1.+0.j -1.+0.j
  1.+0.j -1.+0.j  1.+0.j -1.+0.j -1.+0.j  1.+0.j  1.+0.j -1.+0.j  1.+0.j -1.+0.j -1.+0.j  1.+0.j  1.+0.j  1.+0.j
  1.+0.j  1.+0.j  1.+0.j -1.+0.j -1.+0.j  1.+0.j -1.+0.j  1.+0.j  1.+0.j -1.+0.j -1.+0.j -1.+0.j -1.+0.j -1.+0.j
 -1.+0.j -1.+0.j -1.+0.j -1.+0.j -1.+0.j -1.+0.j -1.+0.j -1.+0.j  1.+0.j -1.+0.j -1.+0.j -1.+0.j -1.+0.j  1.+0.j
  1.+0.j -1.+0.j -1.+0.j -1.+0.j  1.+0.j  1.+0.j -1.+0.j  1.+0.j  1.+0.j  1.+0.j  1.+0.j  1.+0.j  1.+0.j -1.+0.j
  1.+0.j  1.+0.j -1.+0.j -1.+0.j -1.+0.j -1.+0.j  1.+0.j  1.+0.j -1.+0.j -1.+0.j  1.+0.j -1.+0.j  1.+0.j  1.+0.j
 -1.+0.j -1.+0.j  1.+0.j -1.+0.j -1.+0.j  1.+0.j -1.+0.j  1.+0.j -1.+0.j -1.+0.j -1.+0.j  1.+0.j  1.+0.j  1.+0.j
  1.+0.j  1.+0.j  1.+0.j  1.+0.j -1.+0.j -1.+0.j  1.+0.j  1.+0.j  1.+0.j  1.+0.j  1.+0.j  1.+0.j -1.+0.j -1.+0.j
 -1.+0.j  1.+0.j -1.+0.j  1.+0.j -1.+0.j  1.+0.j  1.+0.j  1.+0.j  1.+0.j -1.+0.j  1.+0.j  1.+0.j  1.+0.j  1.+0.j
  1.+0.j  1.+0.j -1.+0.j  1.+0.j  1.+0.j -1.+0.j  1.+0.j -1.+0.j -1.+0.j  1.+0.j  1.+0.j  1.+0.j  1.+0.j  1.+0.j
 -1.+0.j  1.+0.j -1.+0.j  1.+0.j -1.+0.j -1.+0.j  1.+0.j  1.+0.j -1.+0.j  1.+0.j -1.+0.j -1.+0.j  1.+0.j  1.+0.j
  1.+0.j  1.+0.j  1.+0.j  1.+0.j -1.+0.j -1.+0.j  1.+0.j -1.+0.j  1.+0.j  1.+0.j -1.+0.j -1.+0.j -1.+0.j -1.+0.j
 -1.+0.j -1.+0.j -1.+0.j -1.+0.j -1.+0.j -1.+0.j -1.+0.j -1.+0.j -1.+0.j  1.+0.j -1.+0.j -1.+0.j -1.+0.j -1.+0.j
  1.+0.j  1.+0.j -1.+0.j -1.+0.j -1.+0.j  1.+0.j  1.+0.j -1.+0.j  1.+0.j  1.+0.j  1.+0.j  1.+0.j  1.+0.j  1.+0.j
 -1.+0.j  1.+0.j  1.+0.j -1.+0.j -1.+0.j -1.+0.j -1.+0.j  1.+0.j  1.+0.j -1.+0.j -1.+0.j  1.+0.j -1.+0.j  1.+0.j
  1.+0.j -1.+0.j -1.+0.j  1.+0.j -1.+0.j -1.+0.j  1.+0.j -1.+0.j  1.+0.j -1.+0.j -1.+0.j -1.+0.j  1.+0.j  1.+0.j
  1.+0.j  1.+0.j  1.+0.j  1.+0.j  1.+0.j -1.+0.j -1.+0.j  1.+0.j  1.+0.j  1.+0.j  1.+0.j  1.+0.j  1.+0.j -1.+0.j
 -1.+0.j -1.+0.j  1.+0.j -1.+0.j  1.+0.j -1.+0.j  1.+0.j  1.+0.j  1.+0.j  1.+0.j -1.+0.j  1.+0.j  1.+0.j  1.+0.j
  1.+0.j  1.+0.j  1.+0.j -1.+0.j  1.+0.j  1.+0.j -1.+0.j  1.+0.j -1.+0.j -1.+0.j  1.+0.j  1.+0.j  1.+0.j  1.+0.j
  1.+0.j -1.+0.j  1.+0.j -1.+0.j  1.+0.j -1.+0.j -1.+0.j  1.+0.j  1.+0.j -1.+0.j  1.+0.j -1.+0.j -1.+0.j  1.+0.j
  1.+0.j  1.+0.j  1.+0.j  1.+0.j  1.+0.j -1.+0.j -1.+0.j  1.+0.j -1.+0.j  1.+0.j  1.+0.j -1.+0.j -1.+0.j -1.+0.j
 -1.+0.j -1.+0.j -1.+0.j -1.+0.j -1.+0.j -1.+0.j -1.+0.j -1.+0.j -1.+0.j -1.+0.j  1.+0.j -1.+0.j -1.+0.j -1.+0.j
 -1.+0.j  1.+0.j  1.+0.j -1.+0.j -1.+0.j -1.+0.j  1.+0.j  1.+0.j -1.+0.j  1.+0.j  1.+0.j  1.+0.j  1.+0.j  1.+0.j
  1.+0.j -1.+0.j  1.+0.j  1.+0.j -1.+0.j -1.+0.j -1.+0.j -1.+0.j  1.+0.j  1.+0.j -1.+0.j -1.+0.j  1.+0.j -1.+0.j
  1.+0.j  1.+0.j -1.+0.j -1.+0.j  1.+0.j -1.+0.j -1.+0.j  1.+0.j -1.+0.j  1.+0.j -1.+0.j -1.+0.j -1.+0.j  1.+0.j
  1.+0.j  1.+0.j  1.+0.j  1.+0.j  1.+0.j  1.+0.j -1.+0.j -1.+0.j  1.+0.j  1.+0.j  1.+0.j  1.+0.j  1.+0.j  1.+0.j
 -1.+0.j -1.+0.j -1.+0.j  1.+0.j -1.+0.j  1.+0.j -1.+0.j  1.+0.j  1.+0.j  1.+0.j  1.+0.j -1.+0.j  1.+0.j  1.+0.j
  1.+0.j  1.+0.j  1.+0.j  1.+0.j -1.+0.j  1.+0.j  1.+0.j -1.+0.j  1.+0.j -1.+0.j -1.+0.j  1.+0.j  1.+0.j  1.+0.j
  1.+0.j  1.+0.j -1.+0.j  1.+0.j -1.+0.j  1.+0.j -1.+0.j -1.+0.j  1.+0.j  1.+0.j -1.+0.j  1.+0.j -1.+0.j -1.+0.j
  1.+0.j  1.+0.j  1.+0.j  1.+0.j  1.+0.j  1.+0.j -1.+0.j -1.+0.j  1.+0.j -1.+0.j  1.+0.j  1.+0.j -1.+0.j -1.+0.j
 -1.+0.j -1.+0.j -1.+0.j -1.+0.j -1.+0.j -1.+0.j -1.+0.j -1.+0.j -1.+0.j -1.+0.j -1.+0.j  1.+0.j -1.+0.j -1.+0.j
 -1.+0.j -1.+0.j  1.+0.j  1.+0.j -1.+0.j -1.+0.j -1.+0.j  1.+0.j  1.+0.j -1.+0.j  1.+0.j  1.+0.j  1.+0.j  1.+0.j
  1.+0.j  1.+0.j -1.+0.j  1.+0.j  1.+0.j -1.+0.j -1.+0.j -1.+0.j -1.+0.j  1.+0.j  1.+0.j -1.+0.j -1.+0.j  1.+0.j
 -1.+0.j  1.+0.j  1.+0.j -1.+0.j -1.+0.j  1.+0.j -1.+0.j -1.+0.j  1.+0.j -1.+0.j  1.+0.j -1.+0.j -1.+0.j -1.+0.j
  1.+0.j  1.+0.j  1.+0.j  1.+0.j  1.+0.j  1.+0.j  1.+0.j -1.+0.j -1.+0.j  1.+0.j  1.+0.j  1.+0.j  1.+0.j  1.+0.j
  1.+0.j -1.+0.j -1.+0.j -1.+0.j  1.+0.j -1.+0.j  1.+0.j -1.+0.j  1.+0.j  1.+0.j  1.+0.j  1.+0.j -1.+0.j  1.+0.j
  1.+0.j  1.+0.j  1.+0.j  1.+0.j  1.+0.j -1.+0.j  1.+0.j  1.+0.j -1.+0.j  1.+0.j -1.+0.j -1.+0.j  1.+0.j  1.+0.j
  1.+0.j  1.+0.j  1.+0.j -1.+0.j  1.+0.j -1.+0.j  1.+0.j -1.+0.j -1.+0.j  1.+0.j  1.+0.j -1.+0.j  1.+0.j -1.+0.j
 -1.+0.j  1.+0.j  1.+0.j  1.+0.j  1.+0.j  1.+0.j  1.+0.j -1.+0.j -1.+0.j  1.+0.j -1.+0.j  1.+0.j  1.+0.j -1.+0.j
  1.-0.j  1.-0.j  1.-0.j  1.-0.j  1.-0.j  1.-0.j  1.-0.j  1.-0.j  1.-0.j  1.-0.j  1.-0.j  1.-0.j -1.+0.j  1.-0.j
  1.-0.j  1.-0.j  1.-0.j -1.+0.j -1.+0.j  1.-0.j  1.-0.j  1.-0.j -1.+0.j -1.+0.j  1.-0.j -1.+0.j -1.+0.j -1.+0.j
 -1.+0.j -1.+0.j -1.+0.j  1.-0.j -1.+0.j -1.+0.j  1.-0.j  1.-0.j  1.-0.j  1.-0.j -1.+0.j -1.+0.j  1.-0.j  1.-0.j
 -1.+0.j  1.-0.j -1.+0.j -1.+0.j  1.-0.j  1.-0.j -1.+0.j  1.-0.j  1.-0.j -1.+0.j  1.-0.j -1.+0.j  1.-0.j  1.-0.j
  1.-0.j -1.+0.j -1.+0.j -1.+0.j -1.+0.j -1.+0.j -1.+0.j -1.+0.j  1.-0.j  1.-0.j -1.+0.j -1.+0.j -1.+0.j -1.+0.j
 -1.+0.j -1.+0.j  1.-0.j  1.-0.j  1.-0.j -1.+0.j  1.-0.j -1.+0.j  1.-0.j -1.+0.j -1.+0.j -1.+0.j -1.+0.j  1.-0.j
 -1.+0.j -1.+0.j -1.+0.j -1.+0.j -1.+0.j -1.+0.j  1.-0.j -1.+0.j -1.+0.j  1.-0.j -1.+0.j  1.-0.j  1.-0.j -1.+0.j
 -1.+0.j -1.+0.j -1.+0.j -1.+0.j  1.-0.j -1.+0.j  1.-0.j -1.+0.j  1.-0.j  1.-0.j -1.+0.j -1.+0.j  1.-0.j -1.+0.j
  1.-0.j  1.-0.j -1.+0.j -1.+0.j -1.+0.j -1.+0.j -1.+0.j -1.+0.j  1.-0.j  1.-0.j -1.+0.j  1.-0.j -1.+0.j -1.+0.j
  1.-0.j  1.-0.j  1.-0.j  1.-0.j  1.-0.j  1.-0.j  1.-0.j  1.-0.j  1.-0.j  1.-0.j  1.-0.j  1.-0.j  1.-0.j -1.+0.j
  1.-0.j  1.-0.j  1.-0.j  1.-0.j -1.+0.j -1.+0.j  1.-0.j  1.-0.j  1.-0.j -1.+0.j -1.+0.j  1.-0.j -1.+0.j -1.+0.j
 -1.+0.j -1.+0.j -1.+0.j -1.+0.j  1.-0.j -1.+0.j -1.+0.j  1.-0.j  1.-0.j  1.-0.j  1.-0.j -1.+0.j -1.+0.j  1.-0.j
  1.-0.j -1.+0.j  1.-0.j -1.+0.j -1.+0.j  1.-0.j  1.-0.j -1.+0.j  1.-0.j  1.-0.j -1.+0.j  1.-0.j -1.+0.j  1.-0.j
  1.-0.j  1.-0.j -1.+0.j -1.+0.j -1.+0.j -1.+0.j -1.+0.j -1.+0.j -1.+0.j  1.-0.j  1.-0.j -1.+0.j -1.+0.j -1.+0.j
 -1.+0.j -1.+0.j -1.+0.j  1.-0.j  1.-0.j  1.-0.j -1.+0.j  1.-0.j -1.+0.j  1.-0.j -1.+0.j -1.+0.j -1.+0.j -1.+0.j
  1.-0.j -1.+0.j -1.+0.j -1.+0.j -1.+0.j -1.+0.j -1.+0.j  1.-0.j -1.+0.j -1.+0.j  1.-0.j -1.+0.j  1.-0.j  1.-0.j
 -1.+0.j -1.+0.j -1.+0.j -1.+0.j -1.+0.j  1.-0.j -1.+0.j  1.-0.j -1.+0.j  1.-0.j  1.-0.j -1.+0.j -1.+0.j  1.-0.j
 -1.+0.j  1.-0.j  1.-0.j -1.+0.j -1.+0.j -1.+0.j -1.+0.j -1.+0.j -1.+0.j  1.-0.j  1.-0.j -1.+0.j  1.-0.j -1.+0.j
 -1.+0.j  1.-0.j  1.-0.j  1.-0.j  1.-0.j  1.-0.j  1.-0.j  1.-0.j  1.-0.j  1.-0.j  1.-0.j  1.-0.j  1.-0.j  1.-0.j
 -1.+0.j  1.-0.j  1.-0.j  1.-0.j  1.-0.j -1.+0.j -1.+0.j  1.-0.j  1.-0.j  1.-0.j -1.+0.j -1.+0.j  1.-0.j -1.+0.j
 -1.+0.j -1.+0.j -1.+0.j -1.+0.j -1.+0.j  1.-0.j -1.+0.j -1.+0.j  1.-0.j  1.-0.j  1.-0.j  1.-0.j -1.+0.j -1.+0.j
  1.-0.j  1.-0.j -1.+0.j  1.-0.j -1.+0.j -1.+0.j  1.-0.j  1.-0.j -1.+0.j  1.-0.j  1.-0.j -1.+0.j  1.-0.j -1.+0.j
  1.-0.j  1.-0.j  1.-0.j -1.+0.j -1.+0.j -1.+0.j -1.+0.j -1.+0.j -1.+0.j -1.+0.j  1.-0.j  1.-0.j -1.+0.j -1.+0.j
 -1.+0.j -1.+0.j -1.+0.j -1.+0.j  1.-0.j  1.-0.j  1.-0.j -1.+0.j  1.-0.j -1.+0.j  1.-0.j -1.+0.j -1.+0.j -1.+0.j
 -1.+0.j  1.-0.j -1.+0.j -1.+0.j -1.+0.j -1.+0.j -1.+0.j -1.+0.j  1.-0.j -1.+0.j -1.+0.j  1.-0.j -1.+0.j  1.-0.j
  1.-0.j -1.+0.j -1.+0.j -1.+0.j -1.+0.j -1.+0.j  1.-0.j -1.+0.j  1.-0.j -1.+0.j  1.-0.j  1.-0.j -1.+0.j -1.+0.j
  1.-0.j -1.+0.j  1.-0.j  1.-0.j -1.+0.j -1.+0.j -1.+0.j -1.+0.j -1.+0.j -1.+0.j  1.-0.j  1.-0.j -1.+0.j  1.-0.j
 -1.+0.j -1.+0.j  1.-0.j  1.-0.j  1.-0.j  1.-0.j  1.-0.j  1.-0.j  1.-0.j  1.-0.j  1.-0.j  1.-0.j  1.-0.j  1.-0.j
  1.-0.j -1.+0.j  1.-0.j  1.-0.j  1.-0.j  1.-0.j -1.+0.j -1.+0.j  1.-0.j  1.-0.j  1.-0.j -1.+0.j -1.+0.j  1.-0.j
 -1.+0.j -1.+0.j -1.+0.j -1.+0.j -1.+0.j -1.+0.j  1.-0.j -1.+0.j -1.+0.j  1.-0.j  1.-0.j  1.-0.j  1.-0.j -1.+0.j
 -1.+0.j  1.-0.j  1.-0.j -1.+0.j  1.-0.j -1.+0.j -1.+0.j  1.-0.j  1.-0.j -1.+0.j  1.-0.j  1.-0.j -1.+0.j  1.-0.j
 -1.+0.j  1.-0.j  1.-0.j  1.-0.j -1.+0.j -1.+0.j -1.+0.j -1.+0.j -1.+0.j -1.+0.j -1.+0.j  1.-0.j  1.-0.j -1.+0.j
 -1.+0.j -1.+0.j -1.+0.j -1.+0.j -1.+0.j  1.-0.j  1.-0.j  1.-0.j -1.+0.j  1.-0.j -1.+0.j  1.-0.j -1.+0.j -1.+0.j
 -1.+0.j -1.+0.j  1.-0.j -1.+0.j -1.+0.j -1.+0.j -1.+0.j -1.+0.j -1.+0.j  1.-0.j -1.+0.j -1.+0.j  1.-0.j -1.+0.j
  1.-0.j  1.-0.j -1.+0.j -1.+0.j -1.+0.j -1.+0.j -1.+0.j  1.-0.j -1.+0.j  1.-0.j -1.+0.j  1.-0.j  1.-0.j -1.+0.j
 -1.+0.j  1.-0.j -1.+0.j  1.-0.j  1.-0.j -1.+0.j -1.+0.j -1.+0.j -1.+0.j -1.+0.j -1.+0.j  1.-0.j  1.-0.j -1.+0.j
  1.-0.j -1.+0.j -1.+0.j  1.-0.j -1.+0.j -1.+0.j -1.+0.j -1.+0.j -1.+0.j -1.+0.j -1.+0.j -1.+0.j -1.+0.j -1.+0.j
 -1.+0.j -1.+0.j  1.+0.j -1.+0.j -1.+0.j -1.+0.j -1.+0.j  1.+0.j  1.+0.j -1.+0.j -1.+0.j -1.+0.j  1.+0.j  1.+0.j
 -1.+0.j  1.+0.j  1.+0.j  1.+0.j  1.+0.j  1.+0.j  1.+0.j -1.+0.j  1.+0.j  1.+0.j -1.+0.j -1.+0.j -1.+0.j -1.+0.j
  1.+0.j  1.+0.j -1.+0.j -1.+0.j  1.+0.j -1.+0.j  1.+0.j  1.+0.j -1.+0.j -1.+0.j  1.+0.j -1.+0.j -1.+0.j  1.+0.j
 -1.+0.j  1.+0.j -1.+0.j -1.+0.j -1.+0.j  1.+0.j  1.+0.j  1.+0.j  1.+0.j  1.+0.j  1.+0.j  1.+0.j -1.+0.j -1.+0.j
  1.+0.j  1.+0.j  1.+0.j  1.+0.j  1.+0.j  1.+0.j -1.+0.j -1.+0.j -1.+0.j  1.+0.j -1.+0.j  1.+0.j -1.+0.j  1.+0.j
  1.+0.j  1.+0.j  1.+0.j -1.+0.j  1.+0.j  1.+0.j  1.+0.j  1.+0.j  1.+0.j  1.+0.j -1.+0.j  1.+0.j  1.+0.j -1.+0.j
  1.+0.j -1.+0.j -1.+0.j  1.+0.j  1.+0.j  1.+0.j  1.+0.j  1.+0.j -1.+0.j  1.+0.j -1.+0.j  1.+0.j -1.+0.j -1.+0.j
  1.+0.j  1.+0.j -1.+0.j  1.+0.j -1.+0.j -1.+0.j  1.+0.j  1.+0.j  1.+0.j  1.+0.j  1.+0.j  1.+0.j -1.+0.j -1.+0.j
  1.+0.j -1.+0.j  1.+0.j  1.+0.j -1.+0.j -1.+0.j -1.+0.j -1.+0.j -1.+0.j -1.+0.j -1.+0.j -1.+0.j -1.+0.j -1.+0.j
 -1.+0.j -1.+0.j -1.+0.j  1.+0.j -1.+0.j -1.+0.j -1.+0.j -1.+0.j  1.+0.j  1.+0.j -1.+0.j -1.+0.j -1.+0.j  1.+0.j
  1.+0.j -1.+0.j  1.+0.j  1.+0.j  1.+0.j  1.+0.j  1.+0.j  1.+0.j -1.+0.j  1.+0.j  1.+0.j -1.+0.j -1.+0.j -1.+0.j
 -1.+0.j  1.+0.j  1.+0.j -1.+0.j -1.+0.j  1.+0.j -1.+0.j  1.+0.j  1.+0.j -1.+0.j -1.+0.j  1.+0.j -1.+0.j -1.+0.j
  1.+0.j -1.+0.j  1.+0.j -1.+0.j -1.+0.j -1.+0.j  1.+0.j  1.+0.j  1.+0.j  1.+0.j  1.+0.j  1.+0.j  1.+0.j -1.+0.j
 -1.+0.j  1.+0.j  1.+0.j  1.+0.j  1.+0.j  1.+0.j  1.+0.j -1.+0.j -1.+0.j -1.+0.j  1.+0.j -1.+0.j  1.+0.j -1.+0.j
  1.+0.j  1.+0.j  1.+0.j  1.+0.j -1.+0.j  1.+0.j  1.+0.j  1.+0.j  1.+0.j  1.+0.j  1.+0.j -1.+0.j  1.+0.j  1.+0.j
 -1.+0.j  1.+0.j -1.+0.j -1.+0.j  1.+0.j  1.+0.j  1.+0.j  1.+0.j  1.+0.j -1.+0.j  1.+0.j -1.+0.j  1.+0.j -1.+0.j
 -1.+0.j  1.+0.j  1.+0.j -1.+0.j  1.+0.j -1.+0.j -1.+0.j  1.+0.j  1.+0.j  1.+0.j  1.+0.j  1.+0.j  1.+0.j -1.+0.j
 -1.+0.j  1.+0.j -1.+0.j  1.+0.j  1.+0.j -1.+0.j  1.-0.j  1.-0.j  1.-0.j  1.-0.j  1.-0.j  1.-0.j  1.-0.j  1.-0.j
  1.-0.j  1.-0.j  1.-0.j  1.-0.j -1.+0.j  1.-0.j  1.-0.j  1.-0.j  1.-0.j -1.+0.j -1.+0.j  1.-0.j  1.-0.j  1.-0.j
 -1.+0.j -1.+0.j  1.-0.j -1.+0.j -1.+0.j -1.+0.j -1.+0.j -1.+0.j -1.+0.j  1.-0.j -1.+0.j -1.+0.j  1.-0.j  1.-0.j
  1.-0.j  1.-0.j -1.+0.j -1.+0.j  1.-0.j  1.-0.j -1.+0.j  1.-0.j -1.+0.j -1.+0.j  1.-0.j  1.-0.j -1.+0.j  1.-0.j
  1.-0.j -1.+0.j  1.-0.j -1.+0.j  1.-0.j  1.-0.j  1.-0.j -1.+0.j -1.+0.j -1.+0.j -1.+0.j -1.+0.j -1.+0.j -1.+0.j
  1.-0.j  1.-0.j -1.+0.j -1.+0.j -1.+0.j -1.+0.j -1.+0.j -1.+0.j  1.-0.j  1.-0.j  1.-0.j -1.+0.j  1.-0.j -1.+0.j
  1.-0.j -1.+0.j -1.+0.j -1.+0.j -1.+0.j  1.-0.j -1.+0.j -1.+0.j -1.+0.j -1.+0.j -1.+0.j -1.+0.j  1.-0.j -1.+0.j
 -1.+0.j  1.-0.j -1.+0.j  1.-0.j  1.-0.j -1.+0.j -1.+0.j -1.+0.j -1.+0.j -1.+0.j  1.-0.j -1.+0.j  1.-0.j -1.+0.j
  1.-0.j  1.-0.j -1.+0.j -1.+0.j  1.-0.j -1.+0.j  1.-0.j  1.-0.j -1.+0.j -1.+0.j -1.+0.j -1.+0.j -1.+0.j -1.+0.j
  1.-0.j  1.-0.j -1.+0.j  1.-0.j -1.+0.j -1.+0.j  1.-0.j -1.+0.j -1.+0.j -1.+0.j -1.+0.j -1.+0.j -1.+0.j -1.+0.j
 -1.+0.j -1.+0.j -1.+0.j -1.+0.j -1.+0.j  1.+0.j -1.+0.j -1.+0.j -1.+0.j -1.+0.j  1.+0.j  1.+0.j -1.+0.j -1.+0.j
 -1.+0.j  1.+0.j  1.+0.j -1.+0.j  1.+0.j  1.+0.j  1.+0.j  1.+0.j  1.+0.j  1.+0.j -1.+0.j  1.+0.j  1.+0.j -1.+0.j
 -1.+0.j -1.+0.j -1.+0.j  1.+0.j  1.+0.j -1.+0.j -1.+0.j  1.+0.j -1.+0.j  1.+0.j  1.+0.j -1.+0.j -1.+0.j  1.+0.j
 -1.+0.j -1.+0.j  1.+0.j -1.+0.j  1.+0.j -1.+0.j -1.+0.j -1.+0.j  1.+0.j  1.+0.j  1.+0.j  1.+0.j  1.+0.j  1.+0.j
  1.+0.j -1.+0.j -1.+0.j  1.+0.j  1.+0.j  1.+0.j  1.+0.j  1.+0.j  1.+0.j -1.+0.j -1.+0.j -1.+0.j  1.+0.j -1.+0.j
  1.+0.j -1.+0.j  1.+0.j  1.+0.j  1.+0.j  1.+0.j -1.+0.j  1.+0.j  1.+0.j  1.+0.j  1.+0.j  1.+0.j  1.+0.j -1.+0.j
  1.+0.j  1.+0.j -1.+0.j  1.+0.j -1.+0.j -1.+0.j  1.+0.j  1.+0.j  1.+0.j  1.+0.j  1.+0.j -1.+0.j  1.+0.j -1.+0.j
  1.+0.j -1.+0.j -1.+0.j  1.+0.j  1.+0.j -1.+0.j  1.+0.j -1.+0.j -1.+0.j  1.+0.j  1.+0.j  1.+0.j  1.+0.j  1.+0.j
  1.+0.j -1.+0.j -1.+0.j  1.+0.j -1.+0.j  1.+0.j  1.+0.j -1.+0.j]
2025-08-29 11:49:24 [INFO] Processing 4572 samples from tag 0
2025-08-29 11:49:24 [INFO] Expected number of bits: 36
2025-08-29 11:49:24 [DEBUG] coarse freq offset: 27.61162179907842
2025-08-29 11:49:24 [INFO] offset: 2045
2025-08-29 11:49:24 [INFO] value of correlation at offset: 1180
2025-08-29 11:49:24 [INFO] Synced received bits (4): [0.0, 1.0, 1.0, 0.0]
2025-08-29 11:49:24 [INFO] Transmitted payload bits(4): [1 1 0 1]
2025-08-29 11:49:24 [INFO] Sync word correlation: 1180
2025-08-29 11:49:24 [INFO] BER: 0.75
2025-08-29 11:50:59 [DEBUG] **** New run with CLI arguments: Namespace(source='sim', file=None, verbose=3, n_tags=1)
2025-08-29 11:50:59 [DEBUG] Generating simulated samples for 1 tags
2025-08-29 11:50:59 [INFO] simulated packet metadata: SimulatedPacket(tag_id=0, preamble_bits=array([1, 1, 1, 1, 1, 1, 1, 1, 1, 1, 1, 1, 1, 1, 1, 1]), sync_bits=array([0, 1, 0, 1, 1, 0, 0, 1, 1, 1, 1, 1, 0, 0, 0, 0]), payload_bits=array([1, 1, 0, 1]), sps=1, all_bits=array([1, 1, 1, 1, 1, 1, 1, 1, 1, 1, 1, 1, 1, 1, 1, 1, 0, 1, 0, 1, 1, 0, 0, 1, 1, 1, 1, 1, 0, 0, 0, 0, 1, 1, 0, 1]), goldcode=array([-1, -1, -1, -1, -1, -1, -1, -1, -1, -1, -1, -1,  1, -1, -1, -1, -1,  1,  1, -1, -1, -1,  1,  1, -1,  1,  1,  1,
        1,  1,  1, -1,  1,  1, -1, -1, -1, -1,  1,  1, -1, -1,  1, -1,  1,  1, -1, -1,  1, -1, -1,  1, -1,  1, -1, -1,
       -1,  1,  1,  1,  1,  1,  1,  1, -1, -1,  1,  1,  1,  1,  1,  1, -1, -1, -1,  1, -1,  1, -1,  1,  1,  1,  1, -1,
        1,  1,  1,  1,  1,  1, -1,  1,  1, -1,  1, -1, -1,  1,  1,  1,  1,  1, -1,  1, -1,  1, -1, -1,  1,  1, -1,  1,
       -1, -1,  1,  1,  1,  1,  1,  1, -1, -1,  1, -1,  1,  1, -1]), samples=None, snr_db=15.0, frequency_offset_hz=500.0, time_delay_sec=0.002)
2025-08-29 11:50:59 [INFO] Packet to demod: [-1.+0.j -1.+0.j -1.+0.j -1.+0.j -1.+0.j -1.+0.j -1.+0.j -1.+0.j -1.+0.j -1.+0.j -1.+0.j -1.+0.j  1.+0.j -1.+0.j
 -1.+0.j -1.+0.j -1.+0.j  1.+0.j  1.+0.j -1.+0.j -1.+0.j -1.+0.j  1.+0.j  1.+0.j -1.+0.j  1.+0.j  1.+0.j  1.+0.j
  1.+0.j  1.+0.j  1.+0.j -1.+0.j  1.+0.j  1.+0.j -1.+0.j -1.+0.j -1.+0.j -1.+0.j  1.+0.j  1.+0.j -1.+0.j -1.+0.j
  1.+0.j -1.+0.j  1.+0.j  1.+0.j -1.+0.j -1.+0.j  1.+0.j -1.+0.j -1.+0.j  1.+0.j -1.+0.j  1.+0.j -1.+0.j -1.+0.j
 -1.+0.j  1.+0.j  1.+0.j  1.+0.j  1.+0.j  1.+0.j  1.+0.j  1.+0.j -1.+0.j -1.+0.j  1.+0.j  1.+0.j  1.+0.j  1.+0.j
  1.+0.j  1.+0.j -1.+0.j -1.+0.j -1.+0.j  1.+0.j -1.+0.j  1.+0.j -1.+0.j  1.+0.j  1.+0.j  1.+0.j  1.+0.j -1.+0.j
  1.+0.j  1.+0.j  1.+0.j  1.+0.j  1.+0.j  1.+0.j -1.+0.j  1.+0.j  1.+0.j -1.+0.j  1.+0.j -1.+0.j -1.+0.j  1.+0.j
  1.+0.j  1.+0.j  1.+0.j  1.+0.j -1.+0.j  1.+0.j -1.+0.j  1.+0.j -1.+0.j -1.+0.j  1.+0.j  1.+0.j -1.+0.j  1.+0.j
 -1.+0.j -1.+0.j  1.+0.j  1.+0.j  1.+0.j  1.+0.j  1.+0.j  1.+0.j -1.+0.j -1.+0.j  1.+0.j -1.+0.j  1.+0.j  1.+0.j
 -1.+0.j -1.+0.j -1.+0.j -1.+0.j -1.+0.j -1.+0.j -1.+0.j -1.+0.j -1.+0.j -1.+0.j -1.+0.j -1.+0.j -1.+0.j  1.+0.j
 -1.+0.j -1.+0.j -1.+0.j -1.+0.j  1.+0.j  1.+0.j -1.+0.j -1.+0.j -1.+0.j  1.+0.j  1.+0.j -1.+0.j  1.+0.j  1.+0.j
  1.+0.j  1.+0.j  1.+0.j  1.+0.j -1.+0.j  1.+0.j  1.+0.j -1.+0.j -1.+0.j -1.+0.j -1.+0.j  1.+0.j  1.+0.j -1.+0.j
 -1.+0.j  1.+0.j -1.+0.j  1.+0.j  1.+0.j -1.+0.j -1.+0.j  1.+0.j -1.+0.j -1.+0.j  1.+0.j -1.+0.j  1.+0.j -1.+0.j
 -1.+0.j -1.+0.j  1.+0.j  1.+0.j  1.+0.j  1.+0.j  1.+0.j  1.+0.j  1.+0.j -1.+0.j -1.+0.j  1.+0.j  1.+0.j  1.+0.j
  1.+0.j  1.+0.j  1.+0.j -1.+0.j -1.+0.j -1.+0.j  1.+0.j -1.+0.j  1.+0.j -1.+0.j  1.+0.j  1.+0.j  1.+0.j  1.+0.j
 -1.+0.j  1.+0.j  1.+0.j  1.+0.j  1.+0.j  1.+0.j  1.+0.j -1.+0.j  1.+0.j  1.+0.j -1.+0.j  1.+0.j -1.+0.j -1.+0.j
  1.+0.j  1.+0.j  1.+0.j  1.+0.j  1.+0.j -1.+0.j  1.+0.j -1.+0.j  1.+0.j -1.+0.j -1.+0.j  1.+0.j  1.+0.j -1.+0.j
  1.+0.j -1.+0.j -1.+0.j  1.+0.j  1.+0.j  1.+0.j  1.+0.j  1.+0.j  1.+0.j -1.+0.j -1.+0.j  1.+0.j -1.+0.j  1.+0.j
  1.+0.j -1.+0.j -1.+0.j -1.+0.j -1.+0.j -1.+0.j -1.+0.j -1.+0.j -1.+0.j -1.+0.j -1.+0.j -1.+0.j -1.+0.j -1.+0.j
  1.+0.j -1.+0.j -1.+0.j -1.+0.j -1.+0.j  1.+0.j  1.+0.j -1.+0.j -1.+0.j -1.+0.j  1.+0.j  1.+0.j -1.+0.j  1.+0.j
  1.+0.j  1.+0.j  1.+0.j  1.+0.j  1.+0.j -1.+0.j  1.+0.j  1.+0.j -1.+0.j -1.+0.j -1.+0.j -1.+0.j  1.+0.j  1.+0.j
 -1.+0.j -1.+0.j  1.+0.j -1.+0.j  1.+0.j  1.+0.j -1.+0.j -1.+0.j  1.+0.j -1.+0.j -1.+0.j  1.+0.j -1.+0.j  1.+0.j
 -1.+0.j -1.+0.j -1.+0.j  1.+0.j  1.+0.j  1.+0.j  1.+0.j  1.+0.j  1.+0.j  1.+0.j -1.+0.j -1.+0.j  1.+0.j  1.+0.j
  1.+0.j  1.+0.j  1.+0.j  1.+0.j -1.+0.j -1.+0.j -1.+0.j  1.+0.j -1.+0.j  1.+0.j -1.+0.j  1.+0.j  1.+0.j  1.+0.j
  1.+0.j -1.+0.j  1.+0.j  1.+0.j  1.+0.j  1.+0.j  1.+0.j  1.+0.j -1.+0.j  1.+0.j  1.+0.j -1.+0.j  1.+0.j -1.+0.j
 -1.+0.j  1.+0.j  1.+0.j  1.+0.j  1.+0.j  1.+0.j -1.+0.j  1.+0.j -1.+0.j  1.+0.j -1.+0.j -1.+0.j  1.+0.j  1.+0.j
 -1.+0.j  1.+0.j -1.+0.j -1.+0.j  1.+0.j  1.+0.j  1.+0.j  1.+0.j  1.+0.j  1.+0.j -1.+0.j -1.+0.j  1.+0.j -1.+0.j
  1.+0.j  1.+0.j -1.+0.j -1.+0.j -1.+0.j -1.+0.j -1.+0.j -1.+0.j -1.+0.j -1.+0.j -1.+0.j -1.+0.j -1.+0.j -1.+0.j
 -1.+0.j  1.+0.j -1.+0.j -1.+0.j -1.+0.j -1.+0.j  1.+0.j  1.+0.j -1.+0.j -1.+0.j -1.+0.j  1.+0.j  1.+0.j -1.+0.j
  1.+0.j  1.+0.j  1.+0.j  1.+0.j  1.+0.j  1.+0.j -1.+0.j  1.+0.j  1.+0.j -1.+0.j -1.+0.j -1.+0.j -1.+0.j  1.+0.j
  1.+0.j -1.+0.j -1.+0.j  1.+0.j -1.+0.j  1.+0.j  1.+0.j -1.+0.j -1.+0.j  1.+0.j -1.+0.j -1.+0.j  1.+0.j -1.+0.j
  1.+0.j -1.+0.j -1.+0.j -1.+0.j  1.+0.j  1.+0.j  1.+0.j  1.+0.j  1.+0.j  1.+0.j  1.+0.j -1.+0.j -1.+0.j  1.+0.j
  1.+0.j  1.+0.j  1.+0.j  1.+0.j  1.+0.j -1.+0.j -1.+0.j -1.+0.j  1.+0.j -1.+0.j  1.+0.j -1.+0.j  1.+0.j  1.+0.j
  1.+0.j  1.+0.j -1.+0.j  1.+0.j  1.+0.j  1.+0.j  1.+0.j  1.+0.j  1.+0.j -1.+0.j  1.+0.j  1.+0.j -1.+0.j  1.+0.j
 -1.+0.j -1.+0.j  1.+0.j  1.+0.j  1.+0.j  1.+0.j  1.+0.j -1.+0.j  1.+0.j -1.+0.j  1.+0.j -1.+0.j -1.+0.j  1.+0.j
  1.+0.j -1.+0.j  1.+0.j -1.+0.j -1.+0.j  1.+0.j  1.+0.j  1.+0.j  1.+0.j  1.+0.j  1.+0.j -1.+0.j -1.+0.j  1.+0.j
 -1.+0.j  1.+0.j  1.+0.j -1.+0.j -1.+0.j -1.+0.j -1.+0.j -1.+0.j -1.+0.j -1.+0.j -1.+0.j -1.+0.j -1.+0.j -1.+0.j
 -1.+0.j -1.+0.j  1.+0.j -1.+0.j -1.+0.j -1.+0.j -1.+0.j  1.+0.j  1.+0.j -1.+0.j -1.+0.j -1.+0.j  1.+0.j  1.+0.j
 -1.+0.j  1.+0.j  1.+0.j  1.+0.j  1.+0.j  1.+0.j  1.+0.j -1.+0.j  1.+0.j  1.+0.j -1.+0.j -1.+0.j -1.+0.j -1.+0.j
  1.+0.j  1.+0.j -1.+0.j -1.+0.j  1.+0.j -1.+0.j  1.+0.j  1.+0.j -1.+0.j -1.+0.j  1.+0.j -1.+0.j -1.+0.j  1.+0.j
 -1.+0.j  1.+0.j -1.+0.j -1.+0.j -1.+0.j  1.+0.j  1.+0.j  1.+0.j  1.+0.j  1.+0.j  1.+0.j  1.+0.j -1.+0.j -1.+0.j
  1.+0.j  1.+0.j  1.+0.j  1.+0.j  1.+0.j  1.+0.j -1.+0.j -1.+0.j -1.+0.j  1.+0.j -1.+0.j  1.+0.j -1.+0.j  1.+0.j
  1.+0.j  1.+0.j  1.+0.j -1.+0.j  1.+0.j  1.+0.j  1.+0.j  1.+0.j  1.+0.j  1.+0.j -1.+0.j  1.+0.j  1.+0.j -1.+0.j
  1.+0.j -1.+0.j -1.+0.j  1.+0.j  1.+0.j  1.+0.j  1.+0.j  1.+0.j -1.+0.j  1.+0.j -1.+0.j  1.+0.j -1.+0.j -1.+0.j
  1.+0.j  1.+0.j -1.+0.j  1.+0.j -1.+0.j -1.+0.j  1.+0.j  1.+0.j  1.+0.j  1.+0.j  1.+0.j  1.+0.j -1.+0.j -1.+0.j
  1.+0.j -1.+0.j  1.+0.j  1.+0.j -1.+0.j -1.+0.j -1.+0.j -1.+0.j -1.+0.j -1.+0.j -1.+0.j -1.+0.j -1.+0.j -1.+0.j
 -1.+0.j -1.+0.j -1.+0.j  1.+0.j -1.+0.j -1.+0.j -1.+0.j -1.+0.j  1.+0.j  1.+0.j -1.+0.j -1.+0.j -1.+0.j  1.+0.j
  1.+0.j -1.+0.j  1.+0.j  1.+0.j  1.+0.j  1.+0.j  1.+0.j  1.+0.j -1.+0.j  1.+0.j  1.+0.j -1.+0.j -1.+0.j -1.+0.j
 -1.+0.j  1.+0.j  1.+0.j -1.+0.j -1.+0.j  1.+0.j -1.+0.j  1.+0.j  1.+0.j -1.+0.j -1.+0.j  1.+0.j -1.+0.j -1.+0.j
  1.+0.j -1.+0.j  1.+0.j -1.+0.j -1.+0.j -1.+0.j  1.+0.j  1.+0.j  1.+0.j  1.+0.j  1.+0.j  1.+0.j  1.+0.j -1.+0.j
 -1.+0.j  1.+0.j  1.+0.j  1.+0.j  1.+0.j  1.+0.j  1.+0.j -1.+0.j -1.+0.j -1.+0.j  1.+0.j -1.+0.j  1.+0.j -1.+0.j
  1.+0.j  1.+0.j  1.+0.j  1.+0.j -1.+0.j  1.+0.j  1.+0.j  1.+0.j  1.+0.j  1.+0.j  1.+0.j -1.+0.j  1.+0.j  1.+0.j
 -1.+0.j  1.+0.j -1.+0.j -1.+0.j  1.+0.j  1.+0.j  1.+0.j  1.+0.j  1.+0.j -1.+0.j  1.+0.j -1.+0.j  1.+0.j -1.+0.j
 -1.+0.j  1.+0.j  1.+0.j -1.+0.j  1.+0.j -1.+0.j -1.+0.j  1.+0.j  1.+0.j  1.+0.j  1.+0.j  1.+0.j  1.+0.j -1.+0.j
 -1.+0.j  1.+0.j -1.+0.j  1.+0.j  1.+0.j -1.+0.j -1.+0.j -1.+0.j -1.+0.j -1.+0.j -1.+0.j -1.+0.j -1.+0.j -1.+0.j
 -1.+0.j -1.+0.j -1.+0.j -1.+0.j  1.+0.j -1.+0.j -1.+0.j -1.+0.j -1.+0.j  1.+0.j  1.+0.j -1.+0.j -1.+0.j -1.+0.j
  1.+0.j  1.+0.j -1.+0.j  1.+0.j  1.+0.j  1.+0.j  1.+0.j  1.+0.j  1.+0.j -1.+0.j  1.+0.j  1.+0.j -1.+0.j -1.+0.j
 -1.+0.j -1.+0.j  1.+0.j  1.+0.j -1.+0.j -1.+0.j  1.+0.j -1.+0.j  1.+0.j  1.+0.j -1.+0.j -1.+0.j  1.+0.j -1.+0.j
 -1.+0.j  1.+0.j -1.+0.j  1.+0.j -1.+0.j -1.+0.j -1.+0.j  1.+0.j  1.+0.j  1.+0.j  1.+0.j  1.+0.j  1.+0.j  1.+0.j
 -1.+0.j -1.+0.j  1.+0.j  1.+0.j  1.+0.j  1.+0.j  1.+0.j  1.+0.j -1.+0.j -1.+0.j -1.+0.j  1.+0.j -1.+0.j  1.+0.j
 -1.+0.j  1.+0.j  1.+0.j  1.+0.j  1.+0.j -1.+0.j  1.+0.j  1.+0.j  1.+0.j  1.+0.j  1.+0.j  1.+0.j -1.+0.j  1.+0.j
  1.+0.j -1.+0.j  1.+0.j -1.+0.j -1.+0.j  1.+0.j  1.+0.j  1.+0.j  1.+0.j  1.+0.j -1.+0.j  1.+0.j -1.+0.j  1.+0.j
 -1.+0.j -1.+0.j  1.+0.j  1.+0.j -1.+0.j  1.+0.j -1.+0.j -1.+0.j  1.+0.j  1.+0.j  1.+0.j  1.+0.j  1.+0.j  1.+0.j
 -1.+0.j -1.+0.j  1.+0.j -1.+0.j  1.+0.j  1.+0.j -1.+0.j -1.+0.j -1.+0.j -1.+0.j -1.+0.j -1.+0.j -1.+0.j -1.+0.j
 -1.+0.j -1.+0.j -1.+0.j -1.+0.j -1.+0.j  1.+0.j -1.+0.j -1.+0.j -1.+0.j -1.+0.j  1.+0.j  1.+0.j -1.+0.j -1.+0.j
 -1.+0.j  1.+0.j  1.+0.j -1.+0.j  1.+0.j  1.+0.j  1.+0.j  1.+0.j  1.+0.j  1.+0.j -1.+0.j  1.+0.j  1.+0.j -1.+0.j
 -1.+0.j -1.+0.j -1.+0.j  1.+0.j  1.+0.j -1.+0.j -1.+0.j  1.+0.j -1.+0.j  1.+0.j  1.+0.j -1.+0.j -1.+0.j  1.+0.j
 -1.+0.j -1.+0.j  1.+0.j -1.+0.j  1.+0.j -1.+0.j -1.+0.j -1.+0.j  1.+0.j  1.+0.j  1.+0.j  1.+0.j  1.+0.j  1.+0.j
  1.+0.j -1.+0.j -1.+0.j  1.+0.j  1.+0.j  1.+0.j  1.+0.j  1.+0.j  1.+0.j -1.+0.j -1.+0.j -1.+0.j  1.+0.j -1.+0.j
  1.+0.j -1.+0.j  1.+0.j  1.+0.j  1.+0.j  1.+0.j -1.+0.j  1.+0.j  1.+0.j  1.+0.j  1.+0.j  1.+0.j  1.+0.j -1.+0.j
  1.+0.j  1.+0.j -1.+0.j  1.+0.j -1.+0.j -1.+0.j  1.+0.j  1.+0.j  1.+0.j  1.+0.j  1.+0.j -1.+0.j  1.+0.j -1.+0.j
  1.+0.j -1.+0.j -1.+0.j  1.+0.j  1.+0.j -1.+0.j  1.+0.j -1.+0.j -1.+0.j  1.+0.j  1.+0.j  1.+0.j  1.+0.j  1.+0.j
  1.+0.j -1.+0.j -1.+0.j  1.+0.j -1.+0.j  1.+0.j  1.+0.j -1.+0.j -1.+0.j -1.+0.j -1.+0.j -1.+0.j -1.+0.j -1.+0.j
 -1.+0.j -1.+0.j -1.+0.j -1.+0.j -1.+0.j -1.+0.j  1.+0.j -1.+0.j -1.+0.j -1.+0.j -1.+0.j  1.+0.j  1.+0.j -1.+0.j
 -1.+0.j -1.+0.j  1.+0.j  1.+0.j -1.+0.j  1.+0.j  1.+0.j  1.+0.j  1.+0.j  1.+0.j  1.+0.j -1.+0.j  1.+0.j  1.+0.j
 -1.+0.j -1.+0.j -1.+0.j -1.+0.j  1.+0.j  1.+0.j -1.+0.j -1.+0.j  1.+0.j -1.+0.j  1.+0.j  1.+0.j -1.+0.j -1.+0.j
  1.+0.j -1.+0.j -1.+0.j  1.+0.j -1.+0.j  1.+0.j -1.+0.j -1.+0.j -1.+0.j  1.+0.j  1.+0.j  1.+0.j  1.+0.j  1.+0.j
  1.+0.j  1.+0.j -1.+0.j -1.+0.j  1.+0.j  1.+0.j  1.+0.j  1.+0.j  1.+0.j  1.+0.j -1.+0.j -1.+0.j -1.+0.j  1.+0.j
 -1.+0.j  1.+0.j -1.+0.j  1.+0.j  1.+0.j  1.+0.j  1.+0.j -1.+0.j  1.+0.j  1.+0.j  1.+0.j  1.+0.j  1.+0.j  1.+0.j
 -1.+0.j  1.+0.j  1.+0.j -1.+0.j  1.+0.j -1.+0.j -1.+0.j  1.+0.j  1.+0.j  1.+0.j  1.+0.j  1.+0.j -1.+0.j  1.+0.j
 -1.+0.j  1.+0.j -1.+0.j -1.+0.j  1.+0.j  1.+0.j -1.+0.j  1.+0.j -1.+0.j -1.+0.j  1.+0.j  1.+0.j  1.+0.j  1.+0.j
  1.+0.j  1.+0.j -1.+0.j -1.+0.j  1.+0.j -1.+0.j  1.+0.j  1.+0.j -1.+0.j -1.+0.j -1.+0.j -1.+0.j -1.+0.j -1.+0.j
 -1.+0.j -1.+0.j -1.+0.j -1.+0.j -1.+0.j -1.+0.j -1.+0.j  1.+0.j -1.+0.j -1.+0.j -1.+0.j -1.+0.j  1.+0.j  1.+0.j
 -1.+0.j -1.+0.j -1.+0.j  1.+0.j  1.+0.j -1.+0.j  1.+0.j  1.+0.j  1.+0.j  1.+0.j  1.+0.j  1.+0.j -1.+0.j  1.+0.j
  1.+0.j -1.+0.j -1.+0.j -1.+0.j -1.+0.j  1.+0.j  1.+0.j -1.+0.j -1.+0.j  1.+0.j -1.+0.j  1.+0.j  1.+0.j -1.+0.j
 -1.+0.j  1.+0.j -1.+0.j -1.+0.j  1.+0.j -1.+0.j  1.+0.j -1.+0.j -1.+0.j -1.+0.j  1.+0.j  1.+0.j  1.+0.j  1.+0.j
  1.+0.j  1.+0.j  1.+0.j -1.+0.j -1.+0.j  1.+0.j  1.+0.j  1.+0.j  1.+0.j  1.+0.j  1.+0.j -1.+0.j -1.+0.j -1.+0.j
  1.+0.j -1.+0.j  1.+0.j -1.+0.j  1.+0.j  1.+0.j  1.+0.j  1.+0.j -1.+0.j  1.+0.j  1.+0.j  1.+0.j  1.+0.j  1.+0.j
  1.+0.j -1.+0.j  1.+0.j  1.+0.j -1.+0.j  1.+0.j -1.+0.j -1.+0.j  1.+0.j  1.+0.j  1.+0.j  1.+0.j  1.+0.j -1.+0.j
  1.+0.j -1.+0.j  1.+0.j -1.+0.j -1.+0.j  1.+0.j  1.+0.j -1.+0.j  1.+0.j -1.+0.j -1.+0.j  1.+0.j  1.+0.j  1.+0.j
  1.+0.j  1.+0.j  1.+0.j -1.+0.j -1.+0.j  1.+0.j -1.+0.j  1.+0.j  1.+0.j -1.+0.j -1.+0.j -1.+0.j -1.+0.j -1.+0.j
 -1.+0.j -1.+0.j -1.+0.j -1.+0.j -1.+0.j -1.+0.j -1.+0.j -1.+0.j  1.+0.j -1.+0.j -1.+0.j -1.+0.j -1.+0.j  1.+0.j
  1.+0.j -1.+0.j -1.+0.j -1.+0.j  1.+0.j  1.+0.j -1.+0.j  1.+0.j  1.+0.j  1.+0.j  1.+0.j  1.+0.j  1.+0.j -1.+0.j
  1.+0.j  1.+0.j -1.+0.j -1.+0.j -1.+0.j -1.+0.j  1.+0.j  1.+0.j -1.+0.j -1.+0.j  1.+0.j -1.+0.j  1.+0.j  1.+0.j
 -1.+0.j -1.+0.j  1.+0.j -1.+0.j -1.+0.j  1.+0.j -1.+0.j  1.+0.j -1.+0.j -1.+0.j -1.+0.j  1.+0.j  1.+0.j  1.+0.j
  1.+0.j  1.+0.j  1.+0.j  1.+0.j -1.+0.j -1.+0.j  1.+0.j  1.+0.j  1.+0.j  1.+0.j  1.+0.j  1.+0.j -1.+0.j -1.+0.j
 -1.+0.j  1.+0.j -1.+0.j  1.+0.j -1.+0.j  1.+0.j  1.+0.j  1.+0.j  1.+0.j -1.+0.j  1.+0.j  1.+0.j  1.+0.j  1.+0.j
  1.+0.j  1.+0.j -1.+0.j  1.+0.j  1.+0.j -1.+0.j  1.+0.j -1.+0.j -1.+0.j  1.+0.j  1.+0.j  1.+0.j  1.+0.j  1.+0.j
 -1.+0.j  1.+0.j -1.+0.j  1.+0.j -1.+0.j -1.+0.j  1.+0.j  1.+0.j -1.+0.j  1.+0.j -1.+0.j -1.+0.j  1.+0.j  1.+0.j
  1.+0.j  1.+0.j  1.+0.j  1.+0.j -1.+0.j -1.+0.j  1.+0.j -1.+0.j  1.+0.j  1.+0.j -1.+0.j -1.+0.j -1.+0.j -1.+0.j
 -1.+0.j -1.+0.j -1.+0.j -1.+0.j -1.+0.j -1.+0.j -1.+0.j -1.+0.j -1.+0.j  1.+0.j -1.+0.j -1.+0.j -1.+0.j -1.+0.j
  1.+0.j  1.+0.j -1.+0.j -1.+0.j -1.+0.j  1.+0.j  1.+0.j -1.+0.j  1.+0.j  1.+0.j  1.+0.j  1.+0.j  1.+0.j  1.+0.j
 -1.+0.j  1.+0.j  1.+0.j -1.+0.j -1.+0.j -1.+0.j -1.+0.j  1.+0.j  1.+0.j -1.+0.j -1.+0.j  1.+0.j -1.+0.j  1.+0.j
  1.+0.j -1.+0.j -1.+0.j  1.+0.j -1.+0.j -1.+0.j  1.+0.j -1.+0.j  1.+0.j -1.+0.j -1.+0.j -1.+0.j  1.+0.j  1.+0.j
  1.+0.j  1.+0.j  1.+0.j  1.+0.j  1.+0.j -1.+0.j -1.+0.j  1.+0.j  1.+0.j  1.+0.j  1.+0.j  1.+0.j  1.+0.j -1.+0.j
 -1.+0.j -1.+0.j  1.+0.j -1.+0.j  1.+0.j -1.+0.j  1.+0.j  1.+0.j  1.+0.j  1.+0.j -1.+0.j  1.+0.j  1.+0.j  1.+0.j
  1.+0.j  1.+0.j  1.+0.j -1.+0.j  1.+0.j  1.+0.j -1.+0.j  1.+0.j -1.+0.j -1.+0.j  1.+0.j  1.+0.j  1.+0.j  1.+0.j
  1.+0.j -1.+0.j  1.+0.j -1.+0.j  1.+0.j -1.+0.j -1.+0.j  1.+0.j  1.+0.j -1.+0.j  1.+0.j -1.+0.j -1.+0.j  1.+0.j
  1.+0.j  1.+0.j  1.+0.j  1.+0.j  1.+0.j -1.+0.j -1.+0.j  1.+0.j -1.+0.j  1.+0.j  1.+0.j -1.+0.j -1.+0.j -1.+0.j
 -1.+0.j -1.+0.j -1.+0.j -1.+0.j -1.+0.j -1.+0.j -1.+0.j -1.+0.j -1.+0.j -1.+0.j  1.+0.j -1.+0.j -1.+0.j -1.+0.j
 -1.+0.j  1.+0.j  1.+0.j -1.+0.j -1.+0.j -1.+0.j  1.+0.j  1.+0.j -1.+0.j  1.+0.j  1.+0.j  1.+0.j  1.+0.j  1.+0.j
  1.+0.j -1.+0.j  1.+0.j  1.+0.j -1.+0.j -1.+0.j -1.+0.j -1.+0.j  1.+0.j  1.+0.j -1.+0.j -1.+0.j  1.+0.j -1.+0.j
  1.+0.j  1.+0.j -1.+0.j -1.+0.j  1.+0.j -1.+0.j -1.+0.j  1.+0.j -1.+0.j  1.+0.j -1.+0.j -1.+0.j -1.+0.j  1.+0.j
  1.+0.j  1.+0.j  1.+0.j  1.+0.j  1.+0.j  1.+0.j -1.+0.j -1.+0.j  1.+0.j  1.+0.j  1.+0.j  1.+0.j  1.+0.j  1.+0.j
 -1.+0.j -1.+0.j -1.+0.j  1.+0.j -1.+0.j  1.+0.j -1.+0.j  1.+0.j  1.+0.j  1.+0.j  1.+0.j -1.+0.j  1.+0.j  1.+0.j
  1.+0.j  1.+0.j  1.+0.j  1.+0.j -1.+0.j  1.+0.j  1.+0.j -1.+0.j  1.+0.j -1.+0.j -1.+0.j  1.+0.j  1.+0.j  1.+0.j
  1.+0.j  1.+0.j -1.+0.j  1.+0.j -1.+0.j  1.+0.j -1.+0.j -1.+0.j  1.+0.j  1.+0.j -1.+0.j  1.+0.j -1.+0.j -1.+0.j
  1.+0.j  1.+0.j  1.+0.j  1.+0.j  1.+0.j  1.+0.j -1.+0.j -1.+0.j  1.+0.j -1.+0.j  1.+0.j  1.+0.j -1.+0.j -1.+0.j
 -1.+0.j -1.+0.j -1.+0.j -1.+0.j -1.+0.j -1.+0.j -1.+0.j -1.+0.j -1.+0.j -1.+0.j -1.+0.j  1.+0.j -1.+0.j -1.+0.j
 -1.+0.j -1.+0.j  1.+0.j  1.+0.j -1.+0.j -1.+0.j -1.+0.j  1.+0.j  1.+0.j -1.+0.j  1.+0.j  1.+0.j  1.+0.j  1.+0.j
  1.+0.j  1.+0.j -1.+0.j  1.+0.j  1.+0.j -1.+0.j -1.+0.j -1.+0.j -1.+0.j  1.+0.j  1.+0.j -1.+0.j -1.+0.j  1.+0.j
 -1.+0.j  1.+0.j  1.+0.j -1.+0.j -1.+0.j  1.+0.j -1.+0.j -1.+0.j  1.+0.j -1.+0.j  1.+0.j -1.+0.j -1.+0.j -1.+0.j
  1.+0.j  1.+0.j  1.+0.j  1.+0.j  1.+0.j  1.+0.j  1.+0.j -1.+0.j -1.+0.j  1.+0.j  1.+0.j  1.+0.j  1.+0.j  1.+0.j
  1.+0.j -1.+0.j -1.+0.j -1.+0.j  1.+0.j -1.+0.j  1.+0.j -1.+0.j  1.+0.j  1.+0.j  1.+0.j  1.+0.j -1.+0.j  1.+0.j
  1.+0.j  1.+0.j  1.+0.j  1.+0.j  1.+0.j -1.+0.j  1.+0.j  1.+0.j -1.+0.j  1.+0.j -1.+0.j -1.+0.j  1.+0.j  1.+0.j
  1.+0.j  1.+0.j  1.+0.j -1.+0.j  1.+0.j -1.+0.j  1.+0.j -1.+0.j -1.+0.j  1.+0.j  1.+0.j -1.+0.j  1.+0.j -1.+0.j
 -1.+0.j  1.+0.j  1.+0.j  1.+0.j  1.+0.j  1.+0.j  1.+0.j -1.+0.j -1.+0.j  1.+0.j -1.+0.j  1.+0.j  1.+0.j -1.+0.j
 -1.+0.j -1.+0.j -1.+0.j -1.+0.j -1.+0.j -1.+0.j -1.+0.j -1.+0.j -1.+0.j -1.+0.j -1.+0.j -1.+0.j  1.+0.j -1.+0.j
 -1.+0.j -1.+0.j -1.+0.j  1.+0.j  1.+0.j -1.+0.j -1.+0.j -1.+0.j  1.+0.j  1.+0.j -1.+0.j  1.+0.j  1.+0.j  1.+0.j
  1.+0.j  1.+0.j  1.+0.j -1.+0.j  1.+0.j  1.+0.j -1.+0.j -1.+0.j -1.+0.j -1.+0.j  1.+0.j  1.+0.j -1.+0.j -1.+0.j
  1.+0.j -1.+0.j  1.+0.j  1.+0.j -1.+0.j -1.+0.j  1.+0.j -1.+0.j -1.+0.j  1.+0.j -1.+0.j  1.+0.j -1.+0.j -1.+0.j
 -1.+0.j  1.+0.j  1.+0.j  1.+0.j  1.+0.j  1.+0.j  1.+0.j  1.+0.j -1.+0.j -1.+0.j  1.+0.j  1.+0.j  1.+0.j  1.+0.j
  1.+0.j  1.+0.j -1.+0.j -1.+0.j -1.+0.j  1.+0.j -1.+0.j  1.+0.j -1.+0.j  1.+0.j  1.+0.j  1.+0.j  1.+0.j -1.+0.j
  1.+0.j  1.+0.j  1.+0.j  1.+0.j  1.+0.j  1.+0.j -1.+0.j  1.+0.j  1.+0.j -1.+0.j  1.+0.j -1.+0.j -1.+0.j  1.+0.j
  1.+0.j  1.+0.j  1.+0.j  1.+0.j -1.+0.j  1.+0.j -1.+0.j  1.+0.j -1.+0.j -1.+0.j  1.+0.j  1.+0.j -1.+0.j  1.+0.j
 -1.+0.j -1.+0.j  1.+0.j  1.+0.j  1.+0.j  1.+0.j  1.+0.j  1.+0.j -1.+0.j -1.+0.j  1.+0.j -1.+0.j  1.+0.j  1.+0.j
 -1.+0.j -1.+0.j -1.+0.j -1.+0.j -1.+0.j -1.+0.j -1.+0.j -1.+0.j -1.+0.j -1.+0.j -1.+0.j -1.+0.j -1.+0.j  1.+0.j
 -1.+0.j -1.+0.j -1.+0.j -1.+0.j  1.+0.j  1.+0.j -1.+0.j -1.+0.j -1.+0.j  1.+0.j  1.+0.j -1.+0.j  1.+0.j  1.+0.j
  1.+0.j  1.+0.j  1.+0.j  1.+0.j -1.+0.j  1.+0.j  1.+0.j -1.+0.j -1.+0.j -1.+0.j -1.+0.j  1.+0.j  1.+0.j -1.+0.j
 -1.+0.j  1.+0.j -1.+0.j  1.+0.j  1.+0.j -1.+0.j -1.+0.j  1.+0.j -1.+0.j -1.+0.j  1.+0.j -1.+0.j  1.+0.j -1.+0.j
 -1.+0.j -1.+0.j  1.+0.j  1.+0.j  1.+0.j  1.+0.j  1.+0.j  1.+0.j  1.+0.j -1.+0.j -1.+0.j  1.+0.j  1.+0.j  1.+0.j
  1.+0.j  1.+0.j  1.+0.j -1.+0.j -1.+0.j -1.+0.j  1.+0.j -1.+0.j  1.+0.j -1.+0.j  1.+0.j  1.+0.j  1.+0.j  1.+0.j
 -1.+0.j  1.+0.j  1.+0.j  1.+0.j  1.+0.j  1.+0.j  1.+0.j -1.+0.j  1.+0.j  1.+0.j -1.+0.j  1.+0.j -1.+0.j -1.+0.j
  1.+0.j  1.+0.j  1.+0.j  1.+0.j  1.+0.j -1.+0.j  1.+0.j -1.+0.j  1.+0.j -1.+0.j -1.+0.j  1.+0.j  1.+0.j -1.+0.j
  1.+0.j -1.+0.j -1.+0.j  1.+0.j  1.+0.j  1.+0.j  1.+0.j  1.+0.j  1.+0.j -1.+0.j -1.+0.j  1.+0.j -1.+0.j  1.+0.j
  1.+0.j -1.+0.j  1.-0.j  1.-0.j  1.-0.j  1.-0.j  1.-0.j  1.-0.j  1.-0.j  1.-0.j  1.-0.j  1.-0.j  1.-0.j  1.-0.j
 -1.+0.j  1.-0.j  1.-0.j  1.-0.j  1.-0.j -1.+0.j -1.+0.j  1.-0.j  1.-0.j  1.-0.j -1.+0.j -1.+0.j  1.-0.j -1.+0.j
 -1.+0.j -1.+0.j -1.+0.j -1.+0.j -1.+0.j  1.-0.j -1.+0.j -1.+0.j  1.-0.j  1.-0.j  1.-0.j  1.-0.j -1.+0.j -1.+0.j
  1.-0.j  1.-0.j -1.+0.j  1.-0.j -1.+0.j -1.+0.j  1.-0.j  1.-0.j -1.+0.j  1.-0.j  1.-0.j -1.+0.j  1.-0.j -1.+0.j
  1.-0.j  1.-0.j  1.-0.j -1.+0.j -1.+0.j -1.+0.j -1.+0.j -1.+0.j -1.+0.j -1.+0.j  1.-0.j  1.-0.j -1.+0.j -1.+0.j
 -1.+0.j -1.+0.j -1.+0.j -1.+0.j  1.-0.j  1.-0.j  1.-0.j -1.+0.j  1.-0.j -1.+0.j  1.-0.j -1.+0.j -1.+0.j -1.+0.j
 -1.+0.j  1.-0.j -1.+0.j -1.+0.j -1.+0.j -1.+0.j -1.+0.j -1.+0.j  1.-0.j -1.+0.j -1.+0.j  1.-0.j -1.+0.j  1.-0.j
  1.-0.j -1.+0.j -1.+0.j -1.+0.j -1.+0.j -1.+0.j  1.-0.j -1.+0.j  1.-0.j -1.+0.j  1.-0.j  1.-0.j -1.+0.j -1.+0.j
  1.-0.j -1.+0.j  1.-0.j  1.-0.j -1.+0.j -1.+0.j -1.+0.j -1.+0.j -1.+0.j -1.+0.j  1.-0.j  1.-0.j -1.+0.j  1.-0.j
 -1.+0.j -1.+0.j  1.-0.j -1.+0.j -1.+0.j -1.+0.j -1.+0.j -1.+0.j -1.+0.j -1.+0.j -1.+0.j -1.+0.j -1.+0.j -1.+0.j
 -1.+0.j  1.+0.j -1.+0.j -1.+0.j -1.+0.j -1.+0.j  1.+0.j  1.+0.j -1.+0.j -1.+0.j -1.+0.j  1.+0.j  1.+0.j -1.+0.j
  1.+0.j  1.+0.j  1.+0.j  1.+0.j  1.+0.j  1.+0.j -1.+0.j  1.+0.j  1.+0.j -1.+0.j -1.+0.j -1.+0.j -1.+0.j  1.+0.j
  1.+0.j -1.+0.j -1.+0.j  1.+0.j -1.+0.j  1.+0.j  1.+0.j -1.+0.j -1.+0.j  1.+0.j -1.+0.j -1.+0.j  1.+0.j -1.+0.j
  1.+0.j -1.+0.j -1.+0.j -1.+0.j  1.+0.j  1.+0.j  1.+0.j  1.+0.j  1.+0.j  1.+0.j  1.+0.j -1.+0.j -1.+0.j  1.+0.j
  1.+0.j  1.+0.j  1.+0.j  1.+0.j  1.+0.j -1.+0.j -1.+0.j -1.+0.j  1.+0.j -1.+0.j  1.+0.j -1.+0.j  1.+0.j  1.+0.j
  1.+0.j  1.+0.j -1.+0.j  1.+0.j  1.+0.j  1.+0.j  1.+0.j  1.+0.j  1.+0.j -1.+0.j  1.+0.j  1.+0.j -1.+0.j  1.+0.j
 -1.+0.j -1.+0.j  1.+0.j  1.+0.j  1.+0.j  1.+0.j  1.+0.j -1.+0.j  1.+0.j -1.+0.j  1.+0.j -1.+0.j -1.+0.j  1.+0.j
  1.+0.j -1.+0.j  1.+0.j -1.+0.j -1.+0.j  1.+0.j  1.+0.j  1.+0.j  1.+0.j  1.+0.j  1.+0.j -1.+0.j -1.+0.j  1.+0.j
 -1.+0.j  1.+0.j  1.+0.j -1.+0.j  1.-0.j  1.-0.j  1.-0.j  1.-0.j  1.-0.j  1.-0.j  1.-0.j  1.-0.j  1.-0.j  1.-0.j
  1.-0.j  1.-0.j -1.+0.j  1.-0.j  1.-0.j  1.-0.j  1.-0.j -1.+0.j -1.+0.j  1.-0.j  1.-0.j  1.-0.j -1.+0.j -1.+0.j
  1.-0.j -1.+0.j -1.+0.j -1.+0.j -1.+0.j -1.+0.j -1.+0.j  1.-0.j -1.+0.j -1.+0.j  1.-0.j  1.-0.j  1.-0.j  1.-0.j
 -1.+0.j -1.+0.j  1.-0.j  1.-0.j -1.+0.j  1.-0.j -1.+0.j -1.+0.j  1.-0.j  1.-0.j -1.+0.j  1.-0.j  1.-0.j -1.+0.j
  1.-0.j -1.+0.j  1.-0.j  1.-0.j  1.-0.j -1.+0.j -1.+0.j -1.+0.j -1.+0.j -1.+0.j -1.+0.j -1.+0.j  1.-0.j  1.-0.j
 -1.+0.j -1.+0.j -1.+0.j -1.+0.j -1.+0.j -1.+0.j  1.-0.j  1.-0.j  1.-0.j -1.+0.j  1.-0.j -1.+0.j  1.-0.j -1.+0.j
 -1.+0.j -1.+0.j -1.+0.j  1.-0.j -1.+0.j -1.+0.j -1.+0.j -1.+0.j -1.+0.j -1.+0.j  1.-0.j -1.+0.j -1.+0.j  1.-0.j
 -1.+0.j  1.-0.j  1.-0.j -1.+0.j -1.+0.j -1.+0.j -1.+0.j -1.+0.j  1.-0.j -1.+0.j  1.-0.j -1.+0.j  1.-0.j  1.-0.j
 -1.+0.j -1.+0.j  1.-0.j -1.+0.j  1.-0.j  1.-0.j -1.+0.j -1.+0.j -1.+0.j -1.+0.j -1.+0.j -1.+0.j  1.-0.j  1.-0.j
 -1.+0.j  1.-0.j -1.+0.j -1.+0.j  1.-0.j -1.+0.j -1.+0.j -1.+0.j -1.+0.j -1.+0.j -1.+0.j -1.+0.j -1.+0.j -1.+0.j
 -1.+0.j -1.+0.j -1.+0.j  1.+0.j -1.+0.j -1.+0.j -1.+0.j -1.+0.j  1.+0.j  1.+0.j -1.+0.j -1.+0.j -1.+0.j  1.+0.j
  1.+0.j -1.+0.j  1.+0.j  1.+0.j  1.+0.j  1.+0.j  1.+0.j  1.+0.j -1.+0.j  1.+0.j  1.+0.j -1.+0.j -1.+0.j -1.+0.j
 -1.+0.j  1.+0.j  1.+0.j -1.+0.j -1.+0.j  1.+0.j -1.+0.j  1.+0.j  1.+0.j -1.+0.j -1.+0.j  1.+0.j -1.+0.j -1.+0.j
  1.+0.j -1.+0.j  1.+0.j -1.+0.j -1.+0.j -1.+0.j  1.+0.j  1.+0.j  1.+0.j  1.+0.j  1.+0.j  1.+0.j  1.+0.j -1.+0.j
 -1.+0.j  1.+0.j  1.+0.j  1.+0.j  1.+0.j  1.+0.j  1.+0.j -1.+0.j -1.+0.j -1.+0.j  1.+0.j -1.+0.j  1.+0.j -1.+0.j
  1.+0.j  1.+0.j  1.+0.j  1.+0.j -1.+0.j  1.+0.j  1.+0.j  1.+0.j  1.+0.j  1.+0.j  1.+0.j -1.+0.j  1.+0.j  1.+0.j
 -1.+0.j  1.+0.j -1.+0.j -1.+0.j  1.+0.j  1.+0.j  1.+0.j  1.+0.j  1.+0.j -1.+0.j  1.+0.j -1.+0.j  1.+0.j -1.+0.j
 -1.+0.j  1.+0.j  1.+0.j -1.+0.j  1.+0.j -1.+0.j -1.+0.j  1.+0.j  1.+0.j  1.+0.j  1.+0.j  1.+0.j  1.+0.j -1.+0.j
 -1.+0.j  1.+0.j -1.+0.j  1.+0.j  1.+0.j -1.+0.j -1.+0.j -1.+0.j -1.+0.j -1.+0.j -1.+0.j -1.+0.j -1.+0.j -1.+0.j
 -1.+0.j -1.+0.j -1.+0.j -1.+0.j  1.+0.j -1.+0.j -1.+0.j -1.+0.j -1.+0.j  1.+0.j  1.+0.j -1.+0.j -1.+0.j -1.+0.j
  1.+0.j  1.+0.j -1.+0.j  1.+0.j  1.+0.j  1.+0.j  1.+0.j  1.+0.j  1.+0.j -1.+0.j  1.+0.j  1.+0.j -1.+0.j -1.+0.j
 -1.+0.j -1.+0.j  1.+0.j  1.+0.j -1.+0.j -1.+0.j  1.+0.j -1.+0.j  1.+0.j  1.+0.j -1.+0.j -1.+0.j  1.+0.j -1.+0.j
 -1.+0.j  1.+0.j -1.+0.j  1.+0.j -1.+0.j -1.+0.j -1.+0.j  1.+0.j  1.+0.j  1.+0.j  1.+0.j  1.+0.j  1.+0.j  1.+0.j
 -1.+0.j -1.+0.j  1.+0.j  1.+0.j  1.+0.j  1.+0.j  1.+0.j  1.+0.j -1.+0.j -1.+0.j -1.+0.j  1.+0.j -1.+0.j  1.+0.j
 -1.+0.j  1.+0.j  1.+0.j  1.+0.j  1.+0.j -1.+0.j  1.+0.j  1.+0.j  1.+0.j  1.+0.j  1.+0.j  1.+0.j -1.+0.j  1.+0.j
  1.+0.j -1.+0.j  1.+0.j -1.+0.j -1.+0.j  1.+0.j  1.+0.j  1.+0.j  1.+0.j  1.+0.j -1.+0.j  1.+0.j -1.+0.j  1.+0.j
 -1.+0.j -1.+0.j  1.+0.j  1.+0.j -1.+0.j  1.+0.j -1.+0.j -1.+0.j  1.+0.j  1.+0.j  1.+0.j  1.+0.j  1.+0.j  1.+0.j
 -1.+0.j -1.+0.j  1.+0.j -1.+0.j  1.+0.j  1.+0.j -1.+0.j  1.-0.j  1.-0.j  1.-0.j  1.-0.j  1.-0.j  1.-0.j  1.-0.j
  1.-0.j  1.-0.j  1.-0.j  1.-0.j  1.-0.j -1.+0.j  1.-0.j  1.-0.j  1.-0.j  1.-0.j -1.+0.j -1.+0.j  1.-0.j  1.-0.j
  1.-0.j -1.+0.j -1.+0.j  1.-0.j -1.+0.j -1.+0.j -1.+0.j -1.+0.j -1.+0.j -1.+0.j  1.-0.j -1.+0.j -1.+0.j  1.-0.j
  1.-0.j  1.-0.j  1.-0.j -1.+0.j -1.+0.j  1.-0.j  1.-0.j -1.+0.j  1.-0.j -1.+0.j -1.+0.j  1.-0.j  1.-0.j -1.+0.j
  1.-0.j  1.-0.j -1.+0.j  1.-0.j -1.+0.j  1.-0.j  1.-0.j  1.-0.j -1.+0.j -1.+0.j -1.+0.j -1.+0.j -1.+0.j -1.+0.j
 -1.+0.j  1.-0.j  1.-0.j -1.+0.j -1.+0.j -1.+0.j -1.+0.j -1.+0.j -1.+0.j  1.-0.j  1.-0.j  1.-0.j -1.+0.j  1.-0.j
 -1.+0.j  1.-0.j -1.+0.j -1.+0.j -1.+0.j -1.+0.j  1.-0.j -1.+0.j -1.+0.j -1.+0.j -1.+0.j -1.+0.j -1.+0.j  1.-0.j
 -1.+0.j -1.+0.j  1.-0.j -1.+0.j  1.-0.j  1.-0.j -1.+0.j -1.+0.j -1.+0.j -1.+0.j -1.+0.j  1.-0.j -1.+0.j  1.-0.j
 -1.+0.j  1.-0.j  1.-0.j -1.+0.j -1.+0.j  1.-0.j -1.+0.j  1.-0.j  1.-0.j -1.+0.j -1.+0.j -1.+0.j -1.+0.j -1.+0.j
 -1.+0.j  1.-0.j  1.-0.j -1.+0.j  1.-0.j -1.+0.j -1.+0.j  1.-0.j  1.-0.j  1.-0.j  1.-0.j  1.-0.j  1.-0.j  1.-0.j
  1.-0.j  1.-0.j  1.-0.j  1.-0.j  1.-0.j  1.-0.j -1.+0.j  1.-0.j  1.-0.j  1.-0.j  1.-0.j -1.+0.j -1.+0.j  1.-0.j
  1.-0.j  1.-0.j -1.+0.j -1.+0.j  1.-0.j -1.+0.j -1.+0.j -1.+0.j -1.+0.j -1.+0.j -1.+0.j  1.-0.j -1.+0.j -1.+0.j
  1.-0.j  1.-0.j  1.-0.j  1.-0.j -1.+0.j -1.+0.j  1.-0.j  1.-0.j -1.+0.j  1.-0.j -1.+0.j -1.+0.j  1.-0.j  1.-0.j
 -1.+0.j  1.-0.j  1.-0.j -1.+0.j  1.-0.j -1.+0.j  1.-0.j  1.-0.j  1.-0.j -1.+0.j -1.+0.j -1.+0.j -1.+0.j -1.+0.j
 -1.+0.j -1.+0.j  1.-0.j  1.-0.j -1.+0.j -1.+0.j -1.+0.j -1.+0.j -1.+0.j -1.+0.j  1.-0.j  1.-0.j  1.-0.j -1.+0.j
  1.-0.j -1.+0.j  1.-0.j -1.+0.j -1.+0.j -1.+0.j -1.+0.j  1.-0.j -1.+0.j -1.+0.j -1.+0.j -1.+0.j -1.+0.j -1.+0.j
  1.-0.j -1.+0.j -1.+0.j  1.-0.j -1.+0.j  1.-0.j  1.-0.j -1.+0.j -1.+0.j -1.+0.j -1.+0.j -1.+0.j  1.-0.j -1.+0.j
  1.-0.j -1.+0.j  1.-0.j  1.-0.j -1.+0.j -1.+0.j  1.-0.j -1.+0.j  1.-0.j  1.-0.j -1.+0.j -1.+0.j -1.+0.j -1.+0.j
 -1.+0.j -1.+0.j  1.-0.j  1.-0.j -1.+0.j  1.-0.j -1.+0.j -1.+0.j  1.-0.j -1.+0.j -1.+0.j -1.+0.j -1.+0.j -1.+0.j
 -1.+0.j -1.+0.j -1.+0.j -1.+0.j -1.+0.j -1.+0.j -1.+0.j  1.+0.j -1.+0.j -1.+0.j -1.+0.j -1.+0.j  1.+0.j  1.+0.j
 -1.+0.j -1.+0.j -1.+0.j  1.+0.j  1.+0.j -1.+0.j  1.+0.j  1.+0.j  1.+0.j  1.+0.j  1.+0.j  1.+0.j -1.+0.j  1.+0.j
  1.+0.j -1.+0.j -1.+0.j -1.+0.j -1.+0.j  1.+0.j  1.+0.j -1.+0.j -1.+0.j  1.+0.j -1.+0.j  1.+0.j  1.+0.j -1.+0.j
 -1.+0.j  1.+0.j -1.+0.j -1.+0.j  1.+0.j -1.+0.j  1.+0.j -1.+0.j -1.+0.j -1.+0.j  1.+0.j  1.+0.j  1.+0.j  1.+0.j
  1.+0.j  1.+0.j  1.+0.j -1.+0.j -1.+0.j  1.+0.j  1.+0.j  1.+0.j  1.+0.j  1.+0.j  1.+0.j -1.+0.j -1.+0.j -1.+0.j
  1.+0.j -1.+0.j  1.+0.j -1.+0.j  1.+0.j  1.+0.j  1.+0.j  1.+0.j -1.+0.j  1.+0.j  1.+0.j  1.+0.j  1.+0.j  1.+0.j
  1.+0.j -1.+0.j  1.+0.j  1.+0.j -1.+0.j  1.+0.j -1.+0.j -1.+0.j  1.+0.j  1.+0.j  1.+0.j  1.+0.j  1.+0.j -1.+0.j
  1.+0.j -1.+0.j  1.+0.j -1.+0.j -1.+0.j  1.+0.j  1.+0.j -1.+0.j  1.+0.j -1.+0.j -1.+0.j  1.+0.j  1.+0.j  1.+0.j
  1.+0.j  1.+0.j  1.+0.j -1.+0.j -1.+0.j  1.+0.j -1.+0.j  1.+0.j  1.+0.j -1.+0.j -1.+0.j -1.+0.j -1.+0.j -1.+0.j
 -1.+0.j -1.+0.j -1.+0.j -1.+0.j -1.+0.j -1.+0.j -1.+0.j -1.+0.j  1.+0.j -1.+0.j -1.+0.j -1.+0.j -1.+0.j  1.+0.j
  1.+0.j -1.+0.j -1.+0.j -1.+0.j  1.+0.j  1.+0.j -1.+0.j  1.+0.j  1.+0.j  1.+0.j  1.+0.j  1.+0.j  1.+0.j -1.+0.j
  1.+0.j  1.+0.j -1.+0.j -1.+0.j -1.+0.j -1.+0.j  1.+0.j  1.+0.j -1.+0.j -1.+0.j  1.+0.j -1.+0.j  1.+0.j  1.+0.j
 -1.+0.j -1.+0.j  1.+0.j -1.+0.j -1.+0.j  1.+0.j -1.+0.j  1.+0.j -1.+0.j -1.+0.j -1.+0.j  1.+0.j  1.+0.j  1.+0.j
  1.+0.j  1.+0.j  1.+0.j  1.+0.j -1.+0.j -1.+0.j  1.+0.j  1.+0.j  1.+0.j  1.+0.j  1.+0.j  1.+0.j -1.+0.j -1.+0.j
 -1.+0.j  1.+0.j -1.+0.j  1.+0.j -1.+0.j  1.+0.j  1.+0.j  1.+0.j  1.+0.j -1.+0.j  1.+0.j  1.+0.j  1.+0.j  1.+0.j
  1.+0.j  1.+0.j -1.+0.j  1.+0.j  1.+0.j -1.+0.j  1.+0.j -1.+0.j -1.+0.j  1.+0.j  1.+0.j  1.+0.j  1.+0.j  1.+0.j
 -1.+0.j  1.+0.j -1.+0.j  1.+0.j -1.+0.j -1.+0.j  1.+0.j  1.+0.j -1.+0.j  1.+0.j -1.+0.j -1.+0.j  1.+0.j  1.+0.j
  1.+0.j  1.+0.j  1.+0.j  1.+0.j -1.+0.j -1.+0.j  1.+0.j -1.+0.j  1.+0.j  1.+0.j -1.+0.j -1.+0.j -1.+0.j -1.+0.j
 -1.+0.j -1.+0.j -1.+0.j -1.+0.j -1.+0.j -1.+0.j -1.+0.j -1.+0.j -1.+0.j  1.+0.j -1.+0.j -1.+0.j -1.+0.j -1.+0.j
  1.+0.j  1.+0.j -1.+0.j -1.+0.j -1.+0.j  1.+0.j  1.+0.j -1.+0.j  1.+0.j  1.+0.j  1.+0.j  1.+0.j  1.+0.j  1.+0.j
 -1.+0.j  1.+0.j  1.+0.j -1.+0.j -1.+0.j -1.+0.j -1.+0.j  1.+0.j  1.+0.j -1.+0.j -1.+0.j  1.+0.j -1.+0.j  1.+0.j
  1.+0.j -1.+0.j -1.+0.j  1.+0.j -1.+0.j -1.+0.j  1.+0.j -1.+0.j  1.+0.j -1.+0.j -1.+0.j -1.+0.j  1.+0.j  1.+0.j
  1.+0.j  1.+0.j  1.+0.j  1.+0.j  1.+0.j -1.+0.j -1.+0.j  1.+0.j  1.+0.j  1.+0.j  1.+0.j  1.+0.j  1.+0.j -1.+0.j
 -1.+0.j -1.+0.j  1.+0.j -1.+0.j  1.+0.j -1.+0.j  1.+0.j  1.+0.j  1.+0.j  1.+0.j -1.+0.j  1.+0.j  1.+0.j  1.+0.j
  1.+0.j  1.+0.j  1.+0.j -1.+0.j  1.+0.j  1.+0.j -1.+0.j  1.+0.j -1.+0.j -1.+0.j  1.+0.j  1.+0.j  1.+0.j  1.+0.j
  1.+0.j -1.+0.j  1.+0.j -1.+0.j  1.+0.j -1.+0.j -1.+0.j  1.+0.j  1.+0.j -1.+0.j  1.+0.j -1.+0.j -1.+0.j  1.+0.j
  1.+0.j  1.+0.j  1.+0.j  1.+0.j  1.+0.j -1.+0.j -1.+0.j  1.+0.j -1.+0.j  1.+0.j  1.+0.j -1.+0.j -1.+0.j -1.+0.j
 -1.+0.j -1.+0.j -1.+0.j -1.+0.j -1.+0.j -1.+0.j -1.+0.j -1.+0.j -1.+0.j -1.+0.j  1.+0.j -1.+0.j -1.+0.j -1.+0.j
 -1.+0.j  1.+0.j  1.+0.j -1.+0.j -1.+0.j -1.+0.j  1.+0.j  1.+0.j -1.+0.j  1.+0.j  1.+0.j  1.+0.j  1.+0.j  1.+0.j
  1.+0.j -1.+0.j  1.+0.j  1.+0.j -1.+0.j -1.+0.j -1.+0.j -1.+0.j  1.+0.j  1.+0.j -1.+0.j -1.+0.j  1.+0.j -1.+0.j
  1.+0.j  1.+0.j -1.+0.j -1.+0.j  1.+0.j -1.+0.j -1.+0.j  1.+0.j -1.+0.j  1.+0.j -1.+0.j -1.+0.j -1.+0.j  1.+0.j
  1.+0.j  1.+0.j  1.+0.j  1.+0.j  1.+0.j  1.+0.j -1.+0.j -1.+0.j  1.+0.j  1.+0.j  1.+0.j  1.+0.j  1.+0.j  1.+0.j
 -1.+0.j -1.+0.j -1.+0.j  1.+0.j -1.+0.j  1.+0.j -1.+0.j  1.+0.j  1.+0.j  1.+0.j  1.+0.j -1.+0.j  1.+0.j  1.+0.j
  1.+0.j  1.+0.j  1.+0.j  1.+0.j -1.+0.j  1.+0.j  1.+0.j -1.+0.j  1.+0.j -1.+0.j -1.+0.j  1.+0.j  1.+0.j  1.+0.j
  1.+0.j  1.+0.j -1.+0.j  1.+0.j -1.+0.j  1.+0.j -1.+0.j -1.+0.j  1.+0.j  1.+0.j -1.+0.j  1.+0.j -1.+0.j -1.+0.j
  1.+0.j  1.+0.j  1.+0.j  1.+0.j  1.+0.j  1.+0.j -1.+0.j -1.+0.j  1.+0.j -1.+0.j  1.+0.j  1.+0.j -1.+0.j -1.+0.j
 -1.+0.j -1.+0.j -1.+0.j -1.+0.j -1.+0.j -1.+0.j -1.+0.j -1.+0.j -1.+0.j -1.+0.j -1.+0.j  1.+0.j -1.+0.j -1.+0.j
 -1.+0.j -1.+0.j  1.+0.j  1.+0.j -1.+0.j -1.+0.j -1.+0.j  1.+0.j  1.+0.j -1.+0.j  1.+0.j  1.+0.j  1.+0.j  1.+0.j
  1.+0.j  1.+0.j -1.+0.j  1.+0.j  1.+0.j -1.+0.j -1.+0.j -1.+0.j -1.+0.j  1.+0.j  1.+0.j -1.+0.j -1.+0.j  1.+0.j
 -1.+0.j  1.+0.j  1.+0.j -1.+0.j -1.+0.j  1.+0.j -1.+0.j -1.+0.j  1.+0.j -1.+0.j  1.+0.j -1.+0.j -1.+0.j -1.+0.j
  1.+0.j  1.+0.j  1.+0.j  1.+0.j  1.+0.j  1.+0.j  1.+0.j -1.+0.j -1.+0.j  1.+0.j  1.+0.j  1.+0.j  1.+0.j  1.+0.j
  1.+0.j -1.+0.j -1.+0.j -1.+0.j  1.+0.j -1.+0.j  1.+0.j -1.+0.j  1.+0.j  1.+0.j  1.+0.j  1.+0.j -1.+0.j  1.+0.j
  1.+0.j  1.+0.j  1.+0.j  1.+0.j  1.+0.j -1.+0.j  1.+0.j  1.+0.j -1.+0.j  1.+0.j -1.+0.j -1.+0.j  1.+0.j  1.+0.j
  1.+0.j  1.+0.j  1.+0.j -1.+0.j  1.+0.j -1.+0.j  1.+0.j -1.+0.j -1.+0.j  1.+0.j  1.+0.j -1.+0.j  1.+0.j -1.+0.j
 -1.+0.j  1.+0.j  1.+0.j  1.+0.j  1.+0.j  1.+0.j  1.+0.j -1.+0.j -1.+0.j  1.+0.j -1.+0.j  1.+0.j  1.+0.j -1.+0.j
  1.-0.j  1.-0.j  1.-0.j  1.-0.j  1.-0.j  1.-0.j  1.-0.j  1.-0.j  1.-0.j  1.-0.j  1.-0.j  1.-0.j -1.+0.j  1.-0.j
  1.-0.j  1.-0.j  1.-0.j -1.+0.j -1.+0.j  1.-0.j  1.-0.j  1.-0.j -1.+0.j -1.+0.j  1.-0.j -1.+0.j -1.+0.j -1.+0.j
 -1.+0.j -1.+0.j -1.+0.j  1.-0.j -1.+0.j -1.+0.j  1.-0.j  1.-0.j  1.-0.j  1.-0.j -1.+0.j -1.+0.j  1.-0.j  1.-0.j
 -1.+0.j  1.-0.j -1.+0.j -1.+0.j  1.-0.j  1.-0.j -1.+0.j  1.-0.j  1.-0.j -1.+0.j  1.-0.j -1.+0.j  1.-0.j  1.-0.j
  1.-0.j -1.+0.j -1.+0.j -1.+0.j -1.+0.j -1.+0.j -1.+0.j -1.+0.j  1.-0.j  1.-0.j -1.+0.j -1.+0.j -1.+0.j -1.+0.j
 -1.+0.j -1.+0.j  1.-0.j  1.-0.j  1.-0.j -1.+0.j  1.-0.j -1.+0.j  1.-0.j -1.+0.j -1.+0.j -1.+0.j -1.+0.j  1.-0.j
 -1.+0.j -1.+0.j -1.+0.j -1.+0.j -1.+0.j -1.+0.j  1.-0.j -1.+0.j -1.+0.j  1.-0.j -1.+0.j  1.-0.j  1.-0.j -1.+0.j
 -1.+0.j -1.+0.j -1.+0.j -1.+0.j  1.-0.j -1.+0.j  1.-0.j -1.+0.j  1.-0.j  1.-0.j -1.+0.j -1.+0.j  1.-0.j -1.+0.j
  1.-0.j  1.-0.j -1.+0.j -1.+0.j -1.+0.j -1.+0.j -1.+0.j -1.+0.j  1.-0.j  1.-0.j -1.+0.j  1.-0.j -1.+0.j -1.+0.j
  1.-0.j  1.-0.j  1.-0.j  1.-0.j  1.-0.j  1.-0.j  1.-0.j  1.-0.j  1.-0.j  1.-0.j  1.-0.j  1.-0.j  1.-0.j -1.+0.j
  1.-0.j  1.-0.j  1.-0.j  1.-0.j -1.+0.j -1.+0.j  1.-0.j  1.-0.j  1.-0.j -1.+0.j -1.+0.j  1.-0.j -1.+0.j -1.+0.j
 -1.+0.j -1.+0.j -1.+0.j -1.+0.j  1.-0.j -1.+0.j -1.+0.j  1.-0.j  1.-0.j  1.-0.j  1.-0.j -1.+0.j -1.+0.j  1.-0.j
  1.-0.j -1.+0.j  1.-0.j -1.+0.j -1.+0.j  1.-0.j  1.-0.j -1.+0.j  1.-0.j  1.-0.j -1.+0.j  1.-0.j -1.+0.j  1.-0.j
  1.-0.j  1.-0.j -1.+0.j -1.+0.j -1.+0.j -1.+0.j -1.+0.j -1.+0.j -1.+0.j  1.-0.j  1.-0.j -1.+0.j -1.+0.j -1.+0.j
 -1.+0.j -1.+0.j -1.+0.j  1.-0.j  1.-0.j  1.-0.j -1.+0.j  1.-0.j -1.+0.j  1.-0.j -1.+0.j -1.+0.j -1.+0.j -1.+0.j
  1.-0.j -1.+0.j -1.+0.j -1.+0.j -1.+0.j -1.+0.j -1.+0.j  1.-0.j -1.+0.j -1.+0.j  1.-0.j -1.+0.j  1.-0.j  1.-0.j
 -1.+0.j -1.+0.j -1.+0.j -1.+0.j -1.+0.j  1.-0.j -1.+0.j  1.-0.j -1.+0.j  1.-0.j  1.-0.j -1.+0.j -1.+0.j  1.-0.j
 -1.+0.j  1.-0.j  1.-0.j -1.+0.j -1.+0.j -1.+0.j -1.+0.j -1.+0.j -1.+0.j  1.-0.j  1.-0.j -1.+0.j  1.-0.j -1.+0.j
 -1.+0.j  1.-0.j  1.-0.j  1.-0.j  1.-0.j  1.-0.j  1.-0.j  1.-0.j  1.-0.j  1.-0.j  1.-0.j  1.-0.j  1.-0.j  1.-0.j
 -1.+0.j  1.-0.j  1.-0.j  1.-0.j  1.-0.j -1.+0.j -1.+0.j  1.-0.j  1.-0.j  1.-0.j -1.+0.j -1.+0.j  1.-0.j -1.+0.j
 -1.+0.j -1.+0.j -1.+0.j -1.+0.j -1.+0.j  1.-0.j -1.+0.j -1.+0.j  1.-0.j  1.-0.j  1.-0.j  1.-0.j -1.+0.j -1.+0.j
  1.-0.j  1.-0.j -1.+0.j  1.-0.j -1.+0.j -1.+0.j  1.-0.j  1.-0.j -1.+0.j  1.-0.j  1.-0.j -1.+0.j  1.-0.j -1.+0.j
  1.-0.j  1.-0.j  1.-0.j -1.+0.j -1.+0.j -1.+0.j -1.+0.j -1.+0.j -1.+0.j -1.+0.j  1.-0.j  1.-0.j -1.+0.j -1.+0.j
 -1.+0.j -1.+0.j -1.+0.j -1.+0.j  1.-0.j  1.-0.j  1.-0.j -1.+0.j  1.-0.j -1.+0.j  1.-0.j -1.+0.j -1.+0.j -1.+0.j
 -1.+0.j  1.-0.j -1.+0.j -1.+0.j -1.+0.j -1.+0.j -1.+0.j -1.+0.j  1.-0.j -1.+0.j -1.+0.j  1.-0.j -1.+0.j  1.-0.j
  1.-0.j -1.+0.j -1.+0.j -1.+0.j -1.+0.j -1.+0.j  1.-0.j -1.+0.j  1.-0.j -1.+0.j  1.-0.j  1.-0.j -1.+0.j -1.+0.j
  1.-0.j -1.+0.j  1.-0.j  1.-0.j -1.+0.j -1.+0.j -1.+0.j -1.+0.j -1.+0.j -1.+0.j  1.-0.j  1.-0.j -1.+0.j  1.-0.j
 -1.+0.j -1.+0.j  1.-0.j  1.-0.j  1.-0.j  1.-0.j  1.-0.j  1.-0.j  1.-0.j  1.-0.j  1.-0.j  1.-0.j  1.-0.j  1.-0.j
  1.-0.j -1.+0.j  1.-0.j  1.-0.j  1.-0.j  1.-0.j -1.+0.j -1.+0.j  1.-0.j  1.-0.j  1.-0.j -1.+0.j -1.+0.j  1.-0.j
 -1.+0.j -1.+0.j -1.+0.j -1.+0.j -1.+0.j -1.+0.j  1.-0.j -1.+0.j -1.+0.j  1.-0.j  1.-0.j  1.-0.j  1.-0.j -1.+0.j
 -1.+0.j  1.-0.j  1.-0.j -1.+0.j  1.-0.j -1.+0.j -1.+0.j  1.-0.j  1.-0.j -1.+0.j  1.-0.j  1.-0.j -1.+0.j  1.-0.j
 -1.+0.j  1.-0.j  1.-0.j  1.-0.j -1.+0.j -1.+0.j -1.+0.j -1.+0.j -1.+0.j -1.+0.j -1.+0.j  1.-0.j  1.-0.j -1.+0.j
 -1.+0.j -1.+0.j -1.+0.j -1.+0.j -1.+0.j  1.-0.j  1.-0.j  1.-0.j -1.+0.j  1.-0.j -1.+0.j  1.-0.j -1.+0.j -1.+0.j
 -1.+0.j -1.+0.j  1.-0.j -1.+0.j -1.+0.j -1.+0.j -1.+0.j -1.+0.j -1.+0.j  1.-0.j -1.+0.j -1.+0.j  1.-0.j -1.+0.j
  1.-0.j  1.-0.j -1.+0.j -1.+0.j -1.+0.j -1.+0.j -1.+0.j  1.-0.j -1.+0.j  1.-0.j -1.+0.j  1.-0.j  1.-0.j -1.+0.j
 -1.+0.j  1.-0.j -1.+0.j  1.-0.j  1.-0.j -1.+0.j -1.+0.j -1.+0.j -1.+0.j -1.+0.j -1.+0.j  1.-0.j  1.-0.j -1.+0.j
  1.-0.j -1.+0.j -1.+0.j  1.-0.j -1.+0.j -1.+0.j -1.+0.j -1.+0.j -1.+0.j -1.+0.j -1.+0.j -1.+0.j -1.+0.j -1.+0.j
 -1.+0.j -1.+0.j  1.+0.j -1.+0.j -1.+0.j -1.+0.j -1.+0.j  1.+0.j  1.+0.j -1.+0.j -1.+0.j -1.+0.j  1.+0.j  1.+0.j
 -1.+0.j  1.+0.j  1.+0.j  1.+0.j  1.+0.j  1.+0.j  1.+0.j -1.+0.j  1.+0.j  1.+0.j -1.+0.j -1.+0.j -1.+0.j -1.+0.j
  1.+0.j  1.+0.j -1.+0.j -1.+0.j  1.+0.j -1.+0.j  1.+0.j  1.+0.j -1.+0.j -1.+0.j  1.+0.j -1.+0.j -1.+0.j  1.+0.j
 -1.+0.j  1.+0.j -1.+0.j -1.+0.j -1.+0.j  1.+0.j  1.+0.j  1.+0.j  1.+0.j  1.+0.j  1.+0.j  1.+0.j -1.+0.j -1.+0.j
  1.+0.j  1.+0.j  1.+0.j  1.+0.j  1.+0.j  1.+0.j -1.+0.j -1.+0.j -1.+0.j  1.+0.j -1.+0.j  1.+0.j -1.+0.j  1.+0.j
  1.+0.j  1.+0.j  1.+0.j -1.+0.j  1.+0.j  1.+0.j  1.+0.j  1.+0.j  1.+0.j  1.+0.j -1.+0.j  1.+0.j  1.+0.j -1.+0.j
  1.+0.j -1.+0.j -1.+0.j  1.+0.j  1.+0.j  1.+0.j  1.+0.j  1.+0.j -1.+0.j  1.+0.j -1.+0.j  1.+0.j -1.+0.j -1.+0.j
  1.+0.j  1.+0.j -1.+0.j  1.+0.j -1.+0.j -1.+0.j  1.+0.j  1.+0.j  1.+0.j  1.+0.j  1.+0.j  1.+0.j -1.+0.j -1.+0.j
  1.+0.j -1.+0.j  1.+0.j  1.+0.j -1.+0.j -1.+0.j -1.+0.j -1.+0.j -1.+0.j -1.+0.j -1.+0.j -1.+0.j -1.+0.j -1.+0.j
 -1.+0.j -1.+0.j -1.+0.j  1.+0.j -1.+0.j -1.+0.j -1.+0.j -1.+0.j  1.+0.j  1.+0.j -1.+0.j -1.+0.j -1.+0.j  1.+0.j
  1.+0.j -1.+0.j  1.+0.j  1.+0.j  1.+0.j  1.+0.j  1.+0.j  1.+0.j -1.+0.j  1.+0.j  1.+0.j -1.+0.j -1.+0.j -1.+0.j
 -1.+0.j  1.+0.j  1.+0.j -1.+0.j -1.+0.j  1.+0.j -1.+0.j  1.+0.j  1.+0.j -1.+0.j -1.+0.j  1.+0.j -1.+0.j -1.+0.j
  1.+0.j -1.+0.j  1.+0.j -1.+0.j -1.+0.j -1.+0.j  1.+0.j  1.+0.j  1.+0.j  1.+0.j  1.+0.j  1.+0.j  1.+0.j -1.+0.j
 -1.+0.j  1.+0.j  1.+0.j  1.+0.j  1.+0.j  1.+0.j  1.+0.j -1.+0.j -1.+0.j -1.+0.j  1.+0.j -1.+0.j  1.+0.j -1.+0.j
  1.+0.j  1.+0.j  1.+0.j  1.+0.j -1.+0.j  1.+0.j  1.+0.j  1.+0.j  1.+0.j  1.+0.j  1.+0.j -1.+0.j  1.+0.j  1.+0.j
 -1.+0.j  1.+0.j -1.+0.j -1.+0.j  1.+0.j  1.+0.j  1.+0.j  1.+0.j  1.+0.j -1.+0.j  1.+0.j -1.+0.j  1.+0.j -1.+0.j
 -1.+0.j  1.+0.j  1.+0.j -1.+0.j  1.+0.j -1.+0.j -1.+0.j  1.+0.j  1.+0.j  1.+0.j  1.+0.j  1.+0.j  1.+0.j -1.+0.j
 -1.+0.j  1.+0.j -1.+0.j  1.+0.j  1.+0.j -1.+0.j  1.-0.j  1.-0.j  1.-0.j  1.-0.j  1.-0.j  1.-0.j  1.-0.j  1.-0.j
  1.-0.j  1.-0.j  1.-0.j  1.-0.j -1.+0.j  1.-0.j  1.-0.j  1.-0.j  1.-0.j -1.+0.j -1.+0.j  1.-0.j  1.-0.j  1.-0.j
 -1.+0.j -1.+0.j  1.-0.j -1.+0.j -1.+0.j -1.+0.j -1.+0.j -1.+0.j -1.+0.j  1.-0.j -1.+0.j -1.+0.j  1.-0.j  1.-0.j
  1.-0.j  1.-0.j -1.+0.j -1.+0.j  1.-0.j  1.-0.j -1.+0.j  1.-0.j -1.+0.j -1.+0.j  1.-0.j  1.-0.j -1.+0.j  1.-0.j
  1.-0.j -1.+0.j  1.-0.j -1.+0.j  1.-0.j  1.-0.j  1.-0.j -1.+0.j -1.+0.j -1.+0.j -1.+0.j -1.+0.j -1.+0.j -1.+0.j
  1.-0.j  1.-0.j -1.+0.j -1.+0.j -1.+0.j -1.+0.j -1.+0.j -1.+0.j  1.-0.j  1.-0.j  1.-0.j -1.+0.j  1.-0.j -1.+0.j
  1.-0.j -1.+0.j -1.+0.j -1.+0.j -1.+0.j  1.-0.j -1.+0.j -1.+0.j -1.+0.j -1.+0.j -1.+0.j -1.+0.j  1.-0.j -1.+0.j
 -1.+0.j  1.-0.j -1.+0.j  1.-0.j  1.-0.j -1.+0.j -1.+0.j -1.+0.j -1.+0.j -1.+0.j  1.-0.j -1.+0.j  1.-0.j -1.+0.j
  1.-0.j  1.-0.j -1.+0.j -1.+0.j  1.-0.j -1.+0.j  1.-0.j  1.-0.j -1.+0.j -1.+0.j -1.+0.j -1.+0.j -1.+0.j -1.+0.j
  1.-0.j  1.-0.j -1.+0.j  1.-0.j -1.+0.j -1.+0.j  1.-0.j -1.+0.j -1.+0.j -1.+0.j -1.+0.j -1.+0.j -1.+0.j -1.+0.j
 -1.+0.j -1.+0.j -1.+0.j -1.+0.j -1.+0.j  1.+0.j -1.+0.j -1.+0.j -1.+0.j -1.+0.j  1.+0.j  1.+0.j -1.+0.j -1.+0.j
 -1.+0.j  1.+0.j  1.+0.j -1.+0.j  1.+0.j  1.+0.j  1.+0.j  1.+0.j  1.+0.j  1.+0.j -1.+0.j  1.+0.j  1.+0.j -1.+0.j
 -1.+0.j -1.+0.j -1.+0.j  1.+0.j  1.+0.j -1.+0.j -1.+0.j  1.+0.j -1.+0.j  1.+0.j  1.+0.j -1.+0.j -1.+0.j  1.+0.j
 -1.+0.j -1.+0.j  1.+0.j -1.+0.j  1.+0.j -1.+0.j -1.+0.j -1.+0.j  1.+0.j  1.+0.j  1.+0.j  1.+0.j  1.+0.j  1.+0.j
  1.+0.j -1.+0.j -1.+0.j  1.+0.j  1.+0.j  1.+0.j  1.+0.j  1.+0.j  1.+0.j -1.+0.j -1.+0.j -1.+0.j  1.+0.j -1.+0.j
  1.+0.j -1.+0.j  1.+0.j  1.+0.j  1.+0.j  1.+0.j -1.+0.j  1.+0.j  1.+0.j  1.+0.j  1.+0.j  1.+0.j  1.+0.j -1.+0.j
  1.+0.j  1.+0.j -1.+0.j  1.+0.j -1.+0.j -1.+0.j  1.+0.j  1.+0.j  1.+0.j  1.+0.j  1.+0.j -1.+0.j  1.+0.j -1.+0.j
  1.+0.j -1.+0.j -1.+0.j  1.+0.j  1.+0.j -1.+0.j  1.+0.j -1.+0.j -1.+0.j  1.+0.j  1.+0.j  1.+0.j  1.+0.j  1.+0.j
  1.+0.j -1.+0.j -1.+0.j  1.+0.j -1.+0.j  1.+0.j  1.+0.j -1.+0.j]
2025-08-29 11:50:59 [INFO] Processing 4572 samples from tag 0
2025-08-29 11:50:59 [INFO] Expected number of bits: 36
2025-08-29 11:50:59 [DEBUG] coarse freq offset: 27.61162179907842
2025-08-29 11:50:59 [INFO] offset: 2045
2025-08-29 11:50:59 [INFO] value of correlation at offset: 1180
2025-08-29 11:50:59 [INFO] Synced received bits (4): [0.0, 1.0, 1.0, 0.0]
2025-08-29 11:50:59 [INFO] Transmitted payload bits(4): [1 1 0 1]
2025-08-29 11:50:59 [INFO] Sync word correlation: 1180
2025-08-29 11:50:59 [INFO] BER: 0.75
2025-08-29 11:52:01 [DEBUG] **** New run with CLI arguments: Namespace(source='sim', file=None, verbose=3, n_tags=1)
2025-08-29 11:52:01 [DEBUG] Generating simulated samples for 1 tags
2025-08-29 11:52:01 [INFO] simulated packet metadata: SimulatedPacket(tag_id=0, preamble_bits=array([1, 1, 1, 1, 1, 1, 1, 1, 1, 1, 1, 1, 1, 1, 1, 1]), sync_bits=array([0, 1, 0, 1, 1, 0, 0, 1, 1, 1, 1, 1, 0, 0, 0, 0]), payload_bits=array([1, 1, 0, 1]), sps=1, all_bits=array([1, 1, 1, 1, 1, 1, 1, 1, 1, 1, 1, 1, 1, 1, 1, 1, 0, 1, 0, 1, 1, 0, 0, 1, 1, 1, 1, 1, 0, 0, 0, 0, 1, 1, 0, 1]), goldcode=array([-1, -1, -1, -1, -1, -1, -1, -1, -1, -1, -1, -1,  1, -1, -1, -1, -1,  1,  1, -1, -1, -1,  1,  1, -1,  1,  1,  1,
        1,  1,  1, -1,  1,  1, -1, -1, -1, -1,  1,  1, -1, -1,  1, -1,  1,  1, -1, -1,  1, -1, -1,  1, -1,  1, -1, -1,
       -1,  1,  1,  1,  1,  1,  1,  1, -1, -1,  1,  1,  1,  1,  1,  1, -1, -1, -1,  1, -1,  1, -1,  1,  1,  1,  1, -1,
        1,  1,  1,  1,  1,  1, -1,  1,  1, -1,  1, -1, -1,  1,  1,  1,  1,  1, -1,  1, -1,  1, -1, -1,  1,  1, -1,  1,
       -1, -1,  1,  1,  1,  1,  1,  1, -1, -1,  1, -1,  1,  1, -1]), samples=None, snr_db=15.0, frequency_offset_hz=500.0, time_delay_sec=0.002)
2025-08-29 11:52:01 [INFO] Packet to demod: [-1.+0.j -1.+0.j -1.+0.j -1.+0.j -1.+0.j -1.+0.j -1.+0.j -1.+0.j -1.+0.j -1.+0.j -1.+0.j -1.+0.j  1.+0.j -1.+0.j
 -1.+0.j -1.+0.j -1.+0.j  1.+0.j  1.+0.j -1.+0.j -1.+0.j -1.+0.j  1.+0.j  1.+0.j -1.+0.j  1.+0.j  1.+0.j  1.+0.j
  1.+0.j  1.+0.j  1.+0.j -1.+0.j  1.+0.j  1.+0.j -1.+0.j -1.+0.j -1.+0.j -1.+0.j  1.+0.j  1.+0.j -1.+0.j -1.+0.j
  1.+0.j -1.+0.j  1.+0.j  1.+0.j -1.+0.j -1.+0.j  1.+0.j -1.+0.j -1.+0.j  1.+0.j -1.+0.j  1.+0.j -1.+0.j -1.+0.j
 -1.+0.j  1.+0.j  1.+0.j  1.+0.j  1.+0.j  1.+0.j  1.+0.j  1.+0.j -1.+0.j -1.+0.j  1.+0.j  1.+0.j  1.+0.j  1.+0.j
  1.+0.j  1.+0.j -1.+0.j -1.+0.j -1.+0.j  1.+0.j -1.+0.j  1.+0.j -1.+0.j  1.+0.j  1.+0.j  1.+0.j  1.+0.j -1.+0.j
  1.+0.j  1.+0.j  1.+0.j  1.+0.j  1.+0.j  1.+0.j -1.+0.j  1.+0.j  1.+0.j -1.+0.j  1.+0.j -1.+0.j -1.+0.j  1.+0.j
  1.+0.j  1.+0.j  1.+0.j  1.+0.j -1.+0.j  1.+0.j -1.+0.j  1.+0.j -1.+0.j -1.+0.j  1.+0.j  1.+0.j -1.+0.j  1.+0.j
 -1.+0.j -1.+0.j  1.+0.j  1.+0.j  1.+0.j  1.+0.j  1.+0.j  1.+0.j -1.+0.j -1.+0.j  1.+0.j -1.+0.j  1.+0.j  1.+0.j
 -1.+0.j -1.+0.j -1.+0.j -1.+0.j -1.+0.j -1.+0.j -1.+0.j -1.+0.j -1.+0.j -1.+0.j -1.+0.j -1.+0.j -1.+0.j  1.+0.j
 -1.+0.j -1.+0.j -1.+0.j -1.+0.j  1.+0.j  1.+0.j -1.+0.j -1.+0.j -1.+0.j  1.+0.j  1.+0.j -1.+0.j  1.+0.j  1.+0.j
  1.+0.j  1.+0.j  1.+0.j  1.+0.j -1.+0.j  1.+0.j  1.+0.j -1.+0.j -1.+0.j -1.+0.j -1.+0.j  1.+0.j  1.+0.j -1.+0.j
 -1.+0.j  1.+0.j -1.+0.j  1.+0.j  1.+0.j -1.+0.j -1.+0.j  1.+0.j -1.+0.j -1.+0.j  1.+0.j -1.+0.j  1.+0.j -1.+0.j
 -1.+0.j -1.+0.j  1.+0.j  1.+0.j  1.+0.j  1.+0.j  1.+0.j  1.+0.j  1.+0.j -1.+0.j -1.+0.j  1.+0.j  1.+0.j  1.+0.j
  1.+0.j  1.+0.j  1.+0.j -1.+0.j -1.+0.j -1.+0.j  1.+0.j -1.+0.j  1.+0.j -1.+0.j  1.+0.j  1.+0.j  1.+0.j  1.+0.j
 -1.+0.j  1.+0.j  1.+0.j  1.+0.j  1.+0.j  1.+0.j  1.+0.j -1.+0.j  1.+0.j  1.+0.j -1.+0.j  1.+0.j -1.+0.j -1.+0.j
  1.+0.j  1.+0.j  1.+0.j  1.+0.j  1.+0.j -1.+0.j  1.+0.j -1.+0.j  1.+0.j -1.+0.j -1.+0.j  1.+0.j  1.+0.j -1.+0.j
  1.+0.j -1.+0.j -1.+0.j  1.+0.j  1.+0.j  1.+0.j  1.+0.j  1.+0.j  1.+0.j -1.+0.j -1.+0.j  1.+0.j -1.+0.j  1.+0.j
  1.+0.j -1.+0.j -1.+0.j -1.+0.j -1.+0.j -1.+0.j -1.+0.j -1.+0.j -1.+0.j -1.+0.j -1.+0.j -1.+0.j -1.+0.j -1.+0.j
  1.+0.j -1.+0.j -1.+0.j -1.+0.j -1.+0.j  1.+0.j  1.+0.j -1.+0.j -1.+0.j -1.+0.j  1.+0.j  1.+0.j -1.+0.j  1.+0.j
  1.+0.j  1.+0.j  1.+0.j  1.+0.j  1.+0.j -1.+0.j  1.+0.j  1.+0.j -1.+0.j -1.+0.j -1.+0.j -1.+0.j  1.+0.j  1.+0.j
 -1.+0.j -1.+0.j  1.+0.j -1.+0.j  1.+0.j  1.+0.j -1.+0.j -1.+0.j  1.+0.j -1.+0.j -1.+0.j  1.+0.j -1.+0.j  1.+0.j
 -1.+0.j -1.+0.j -1.+0.j  1.+0.j  1.+0.j  1.+0.j  1.+0.j  1.+0.j  1.+0.j  1.+0.j -1.+0.j -1.+0.j  1.+0.j  1.+0.j
  1.+0.j  1.+0.j  1.+0.j  1.+0.j -1.+0.j -1.+0.j -1.+0.j  1.+0.j -1.+0.j  1.+0.j -1.+0.j  1.+0.j  1.+0.j  1.+0.j
  1.+0.j -1.+0.j  1.+0.j  1.+0.j  1.+0.j  1.+0.j  1.+0.j  1.+0.j -1.+0.j  1.+0.j  1.+0.j -1.+0.j  1.+0.j -1.+0.j
 -1.+0.j  1.+0.j  1.+0.j  1.+0.j  1.+0.j  1.+0.j -1.+0.j  1.+0.j -1.+0.j  1.+0.j -1.+0.j -1.+0.j  1.+0.j  1.+0.j
 -1.+0.j  1.+0.j -1.+0.j -1.+0.j  1.+0.j  1.+0.j  1.+0.j  1.+0.j  1.+0.j  1.+0.j -1.+0.j -1.+0.j  1.+0.j -1.+0.j
  1.+0.j  1.+0.j -1.+0.j -1.+0.j -1.+0.j -1.+0.j -1.+0.j -1.+0.j -1.+0.j -1.+0.j -1.+0.j -1.+0.j -1.+0.j -1.+0.j
 -1.+0.j  1.+0.j -1.+0.j -1.+0.j -1.+0.j -1.+0.j  1.+0.j  1.+0.j -1.+0.j -1.+0.j -1.+0.j  1.+0.j  1.+0.j -1.+0.j
  1.+0.j  1.+0.j  1.+0.j  1.+0.j  1.+0.j  1.+0.j -1.+0.j  1.+0.j  1.+0.j -1.+0.j -1.+0.j -1.+0.j -1.+0.j  1.+0.j
  1.+0.j -1.+0.j -1.+0.j  1.+0.j -1.+0.j  1.+0.j  1.+0.j -1.+0.j -1.+0.j  1.+0.j -1.+0.j -1.+0.j  1.+0.j -1.+0.j
  1.+0.j -1.+0.j -1.+0.j -1.+0.j  1.+0.j  1.+0.j  1.+0.j  1.+0.j  1.+0.j  1.+0.j  1.+0.j -1.+0.j -1.+0.j  1.+0.j
  1.+0.j  1.+0.j  1.+0.j  1.+0.j  1.+0.j -1.+0.j -1.+0.j -1.+0.j  1.+0.j -1.+0.j  1.+0.j -1.+0.j  1.+0.j  1.+0.j
  1.+0.j  1.+0.j -1.+0.j  1.+0.j  1.+0.j  1.+0.j  1.+0.j  1.+0.j  1.+0.j -1.+0.j  1.+0.j  1.+0.j -1.+0.j  1.+0.j
 -1.+0.j -1.+0.j  1.+0.j  1.+0.j  1.+0.j  1.+0.j  1.+0.j -1.+0.j  1.+0.j -1.+0.j  1.+0.j -1.+0.j -1.+0.j  1.+0.j
  1.+0.j -1.+0.j  1.+0.j -1.+0.j -1.+0.j  1.+0.j  1.+0.j  1.+0.j  1.+0.j  1.+0.j  1.+0.j -1.+0.j -1.+0.j  1.+0.j
 -1.+0.j  1.+0.j  1.+0.j -1.+0.j -1.+0.j -1.+0.j -1.+0.j -1.+0.j -1.+0.j -1.+0.j -1.+0.j -1.+0.j -1.+0.j -1.+0.j
 -1.+0.j -1.+0.j  1.+0.j -1.+0.j -1.+0.j -1.+0.j -1.+0.j  1.+0.j  1.+0.j -1.+0.j -1.+0.j -1.+0.j  1.+0.j  1.+0.j
 -1.+0.j  1.+0.j  1.+0.j  1.+0.j  1.+0.j  1.+0.j  1.+0.j -1.+0.j  1.+0.j  1.+0.j -1.+0.j -1.+0.j -1.+0.j -1.+0.j
  1.+0.j  1.+0.j -1.+0.j -1.+0.j  1.+0.j -1.+0.j  1.+0.j  1.+0.j -1.+0.j -1.+0.j  1.+0.j -1.+0.j -1.+0.j  1.+0.j
 -1.+0.j  1.+0.j -1.+0.j -1.+0.j -1.+0.j  1.+0.j  1.+0.j  1.+0.j  1.+0.j  1.+0.j  1.+0.j  1.+0.j -1.+0.j -1.+0.j
  1.+0.j  1.+0.j  1.+0.j  1.+0.j  1.+0.j  1.+0.j -1.+0.j -1.+0.j -1.+0.j  1.+0.j -1.+0.j  1.+0.j -1.+0.j  1.+0.j
  1.+0.j  1.+0.j  1.+0.j -1.+0.j  1.+0.j  1.+0.j  1.+0.j  1.+0.j  1.+0.j  1.+0.j -1.+0.j  1.+0.j  1.+0.j -1.+0.j
  1.+0.j -1.+0.j -1.+0.j  1.+0.j  1.+0.j  1.+0.j  1.+0.j  1.+0.j -1.+0.j  1.+0.j -1.+0.j  1.+0.j -1.+0.j -1.+0.j
  1.+0.j  1.+0.j -1.+0.j  1.+0.j -1.+0.j -1.+0.j  1.+0.j  1.+0.j  1.+0.j  1.+0.j  1.+0.j  1.+0.j -1.+0.j -1.+0.j
  1.+0.j -1.+0.j  1.+0.j  1.+0.j -1.+0.j -1.+0.j -1.+0.j -1.+0.j -1.+0.j -1.+0.j -1.+0.j -1.+0.j -1.+0.j -1.+0.j
 -1.+0.j -1.+0.j -1.+0.j  1.+0.j -1.+0.j -1.+0.j -1.+0.j -1.+0.j  1.+0.j  1.+0.j -1.+0.j -1.+0.j -1.+0.j  1.+0.j
  1.+0.j -1.+0.j  1.+0.j  1.+0.j  1.+0.j  1.+0.j  1.+0.j  1.+0.j -1.+0.j  1.+0.j  1.+0.j -1.+0.j -1.+0.j -1.+0.j
 -1.+0.j  1.+0.j  1.+0.j -1.+0.j -1.+0.j  1.+0.j -1.+0.j  1.+0.j  1.+0.j -1.+0.j -1.+0.j  1.+0.j -1.+0.j -1.+0.j
  1.+0.j -1.+0.j  1.+0.j -1.+0.j -1.+0.j -1.+0.j  1.+0.j  1.+0.j  1.+0.j  1.+0.j  1.+0.j  1.+0.j  1.+0.j -1.+0.j
 -1.+0.j  1.+0.j  1.+0.j  1.+0.j  1.+0.j  1.+0.j  1.+0.j -1.+0.j -1.+0.j -1.+0.j  1.+0.j -1.+0.j  1.+0.j -1.+0.j
  1.+0.j  1.+0.j  1.+0.j  1.+0.j -1.+0.j  1.+0.j  1.+0.j  1.+0.j  1.+0.j  1.+0.j  1.+0.j -1.+0.j  1.+0.j  1.+0.j
 -1.+0.j  1.+0.j -1.+0.j -1.+0.j  1.+0.j  1.+0.j  1.+0.j  1.+0.j  1.+0.j -1.+0.j  1.+0.j -1.+0.j  1.+0.j -1.+0.j
 -1.+0.j  1.+0.j  1.+0.j -1.+0.j  1.+0.j -1.+0.j -1.+0.j  1.+0.j  1.+0.j  1.+0.j  1.+0.j  1.+0.j  1.+0.j -1.+0.j
 -1.+0.j  1.+0.j -1.+0.j  1.+0.j  1.+0.j -1.+0.j -1.+0.j -1.+0.j -1.+0.j -1.+0.j -1.+0.j -1.+0.j -1.+0.j -1.+0.j
 -1.+0.j -1.+0.j -1.+0.j -1.+0.j  1.+0.j -1.+0.j -1.+0.j -1.+0.j -1.+0.j  1.+0.j  1.+0.j -1.+0.j -1.+0.j -1.+0.j
  1.+0.j  1.+0.j -1.+0.j  1.+0.j  1.+0.j  1.+0.j  1.+0.j  1.+0.j  1.+0.j -1.+0.j  1.+0.j  1.+0.j -1.+0.j -1.+0.j
 -1.+0.j -1.+0.j  1.+0.j  1.+0.j -1.+0.j -1.+0.j  1.+0.j -1.+0.j  1.+0.j  1.+0.j -1.+0.j -1.+0.j  1.+0.j -1.+0.j
 -1.+0.j  1.+0.j -1.+0.j  1.+0.j -1.+0.j -1.+0.j -1.+0.j  1.+0.j  1.+0.j  1.+0.j  1.+0.j  1.+0.j  1.+0.j  1.+0.j
 -1.+0.j -1.+0.j  1.+0.j  1.+0.j  1.+0.j  1.+0.j  1.+0.j  1.+0.j -1.+0.j -1.+0.j -1.+0.j  1.+0.j -1.+0.j  1.+0.j
 -1.+0.j  1.+0.j  1.+0.j  1.+0.j  1.+0.j -1.+0.j  1.+0.j  1.+0.j  1.+0.j  1.+0.j  1.+0.j  1.+0.j -1.+0.j  1.+0.j
  1.+0.j -1.+0.j  1.+0.j -1.+0.j -1.+0.j  1.+0.j  1.+0.j  1.+0.j  1.+0.j  1.+0.j -1.+0.j  1.+0.j -1.+0.j  1.+0.j
 -1.+0.j -1.+0.j  1.+0.j  1.+0.j -1.+0.j  1.+0.j -1.+0.j -1.+0.j  1.+0.j  1.+0.j  1.+0.j  1.+0.j  1.+0.j  1.+0.j
 -1.+0.j -1.+0.j  1.+0.j -1.+0.j  1.+0.j  1.+0.j -1.+0.j -1.+0.j -1.+0.j -1.+0.j -1.+0.j -1.+0.j -1.+0.j -1.+0.j
 -1.+0.j -1.+0.j -1.+0.j -1.+0.j -1.+0.j  1.+0.j -1.+0.j -1.+0.j -1.+0.j -1.+0.j  1.+0.j  1.+0.j -1.+0.j -1.+0.j
 -1.+0.j  1.+0.j  1.+0.j -1.+0.j  1.+0.j  1.+0.j  1.+0.j  1.+0.j  1.+0.j  1.+0.j -1.+0.j  1.+0.j  1.+0.j -1.+0.j
 -1.+0.j -1.+0.j -1.+0.j  1.+0.j  1.+0.j -1.+0.j -1.+0.j  1.+0.j -1.+0.j  1.+0.j  1.+0.j -1.+0.j -1.+0.j  1.+0.j
 -1.+0.j -1.+0.j  1.+0.j -1.+0.j  1.+0.j -1.+0.j -1.+0.j -1.+0.j  1.+0.j  1.+0.j  1.+0.j  1.+0.j  1.+0.j  1.+0.j
  1.+0.j -1.+0.j -1.+0.j  1.+0.j  1.+0.j  1.+0.j  1.+0.j  1.+0.j  1.+0.j -1.+0.j -1.+0.j -1.+0.j  1.+0.j -1.+0.j
  1.+0.j -1.+0.j  1.+0.j  1.+0.j  1.+0.j  1.+0.j -1.+0.j  1.+0.j  1.+0.j  1.+0.j  1.+0.j  1.+0.j  1.+0.j -1.+0.j
  1.+0.j  1.+0.j -1.+0.j  1.+0.j -1.+0.j -1.+0.j  1.+0.j  1.+0.j  1.+0.j  1.+0.j  1.+0.j -1.+0.j  1.+0.j -1.+0.j
  1.+0.j -1.+0.j -1.+0.j  1.+0.j  1.+0.j -1.+0.j  1.+0.j -1.+0.j -1.+0.j  1.+0.j  1.+0.j  1.+0.j  1.+0.j  1.+0.j
  1.+0.j -1.+0.j -1.+0.j  1.+0.j -1.+0.j  1.+0.j  1.+0.j -1.+0.j -1.+0.j -1.+0.j -1.+0.j -1.+0.j -1.+0.j -1.+0.j
 -1.+0.j -1.+0.j -1.+0.j -1.+0.j -1.+0.j -1.+0.j  1.+0.j -1.+0.j -1.+0.j -1.+0.j -1.+0.j  1.+0.j  1.+0.j -1.+0.j
 -1.+0.j -1.+0.j  1.+0.j  1.+0.j -1.+0.j  1.+0.j  1.+0.j  1.+0.j  1.+0.j  1.+0.j  1.+0.j -1.+0.j  1.+0.j  1.+0.j
 -1.+0.j -1.+0.j -1.+0.j -1.+0.j  1.+0.j  1.+0.j -1.+0.j -1.+0.j  1.+0.j -1.+0.j  1.+0.j  1.+0.j -1.+0.j -1.+0.j
  1.+0.j -1.+0.j -1.+0.j  1.+0.j -1.+0.j  1.+0.j -1.+0.j -1.+0.j -1.+0.j  1.+0.j  1.+0.j  1.+0.j  1.+0.j  1.+0.j
  1.+0.j  1.+0.j -1.+0.j -1.+0.j  1.+0.j  1.+0.j  1.+0.j  1.+0.j  1.+0.j  1.+0.j -1.+0.j -1.+0.j -1.+0.j  1.+0.j
 -1.+0.j  1.+0.j -1.+0.j  1.+0.j  1.+0.j  1.+0.j  1.+0.j -1.+0.j  1.+0.j  1.+0.j  1.+0.j  1.+0.j  1.+0.j  1.+0.j
 -1.+0.j  1.+0.j  1.+0.j -1.+0.j  1.+0.j -1.+0.j -1.+0.j  1.+0.j  1.+0.j  1.+0.j  1.+0.j  1.+0.j -1.+0.j  1.+0.j
 -1.+0.j  1.+0.j -1.+0.j -1.+0.j  1.+0.j  1.+0.j -1.+0.j  1.+0.j -1.+0.j -1.+0.j  1.+0.j  1.+0.j  1.+0.j  1.+0.j
  1.+0.j  1.+0.j -1.+0.j -1.+0.j  1.+0.j -1.+0.j  1.+0.j  1.+0.j -1.+0.j -1.+0.j -1.+0.j -1.+0.j -1.+0.j -1.+0.j
 -1.+0.j -1.+0.j -1.+0.j -1.+0.j -1.+0.j -1.+0.j -1.+0.j  1.+0.j -1.+0.j -1.+0.j -1.+0.j -1.+0.j  1.+0.j  1.+0.j
 -1.+0.j -1.+0.j -1.+0.j  1.+0.j  1.+0.j -1.+0.j  1.+0.j  1.+0.j  1.+0.j  1.+0.j  1.+0.j  1.+0.j -1.+0.j  1.+0.j
  1.+0.j -1.+0.j -1.+0.j -1.+0.j -1.+0.j  1.+0.j  1.+0.j -1.+0.j -1.+0.j  1.+0.j -1.+0.j  1.+0.j  1.+0.j -1.+0.j
 -1.+0.j  1.+0.j -1.+0.j -1.+0.j  1.+0.j -1.+0.j  1.+0.j -1.+0.j -1.+0.j -1.+0.j  1.+0.j  1.+0.j  1.+0.j  1.+0.j
  1.+0.j  1.+0.j  1.+0.j -1.+0.j -1.+0.j  1.+0.j  1.+0.j  1.+0.j  1.+0.j  1.+0.j  1.+0.j -1.+0.j -1.+0.j -1.+0.j
  1.+0.j -1.+0.j  1.+0.j -1.+0.j  1.+0.j  1.+0.j  1.+0.j  1.+0.j -1.+0.j  1.+0.j  1.+0.j  1.+0.j  1.+0.j  1.+0.j
  1.+0.j -1.+0.j  1.+0.j  1.+0.j -1.+0.j  1.+0.j -1.+0.j -1.+0.j  1.+0.j  1.+0.j  1.+0.j  1.+0.j  1.+0.j -1.+0.j
  1.+0.j -1.+0.j  1.+0.j -1.+0.j -1.+0.j  1.+0.j  1.+0.j -1.+0.j  1.+0.j -1.+0.j -1.+0.j  1.+0.j  1.+0.j  1.+0.j
  1.+0.j  1.+0.j  1.+0.j -1.+0.j -1.+0.j  1.+0.j -1.+0.j  1.+0.j  1.+0.j -1.+0.j -1.+0.j -1.+0.j -1.+0.j -1.+0.j
 -1.+0.j -1.+0.j -1.+0.j -1.+0.j -1.+0.j -1.+0.j -1.+0.j -1.+0.j  1.+0.j -1.+0.j -1.+0.j -1.+0.j -1.+0.j  1.+0.j
  1.+0.j -1.+0.j -1.+0.j -1.+0.j  1.+0.j  1.+0.j -1.+0.j  1.+0.j  1.+0.j  1.+0.j  1.+0.j  1.+0.j  1.+0.j -1.+0.j
  1.+0.j  1.+0.j -1.+0.j -1.+0.j -1.+0.j -1.+0.j  1.+0.j  1.+0.j -1.+0.j -1.+0.j  1.+0.j -1.+0.j  1.+0.j  1.+0.j
 -1.+0.j -1.+0.j  1.+0.j -1.+0.j -1.+0.j  1.+0.j -1.+0.j  1.+0.j -1.+0.j -1.+0.j -1.+0.j  1.+0.j  1.+0.j  1.+0.j
  1.+0.j  1.+0.j  1.+0.j  1.+0.j -1.+0.j -1.+0.j  1.+0.j  1.+0.j  1.+0.j  1.+0.j  1.+0.j  1.+0.j -1.+0.j -1.+0.j
 -1.+0.j  1.+0.j -1.+0.j  1.+0.j -1.+0.j  1.+0.j  1.+0.j  1.+0.j  1.+0.j -1.+0.j  1.+0.j  1.+0.j  1.+0.j  1.+0.j
  1.+0.j  1.+0.j -1.+0.j  1.+0.j  1.+0.j -1.+0.j  1.+0.j -1.+0.j -1.+0.j  1.+0.j  1.+0.j  1.+0.j  1.+0.j  1.+0.j
 -1.+0.j  1.+0.j -1.+0.j  1.+0.j -1.+0.j -1.+0.j  1.+0.j  1.+0.j -1.+0.j  1.+0.j -1.+0.j -1.+0.j  1.+0.j  1.+0.j
  1.+0.j  1.+0.j  1.+0.j  1.+0.j -1.+0.j -1.+0.j  1.+0.j -1.+0.j  1.+0.j  1.+0.j -1.+0.j -1.+0.j -1.+0.j -1.+0.j
 -1.+0.j -1.+0.j -1.+0.j -1.+0.j -1.+0.j -1.+0.j -1.+0.j -1.+0.j -1.+0.j  1.+0.j -1.+0.j -1.+0.j -1.+0.j -1.+0.j
  1.+0.j  1.+0.j -1.+0.j -1.+0.j -1.+0.j  1.+0.j  1.+0.j -1.+0.j  1.+0.j  1.+0.j  1.+0.j  1.+0.j  1.+0.j  1.+0.j
 -1.+0.j  1.+0.j  1.+0.j -1.+0.j -1.+0.j -1.+0.j -1.+0.j  1.+0.j  1.+0.j -1.+0.j -1.+0.j  1.+0.j -1.+0.j  1.+0.j
  1.+0.j -1.+0.j -1.+0.j  1.+0.j -1.+0.j -1.+0.j  1.+0.j -1.+0.j  1.+0.j -1.+0.j -1.+0.j -1.+0.j  1.+0.j  1.+0.j
  1.+0.j  1.+0.j  1.+0.j  1.+0.j  1.+0.j -1.+0.j -1.+0.j  1.+0.j  1.+0.j  1.+0.j  1.+0.j  1.+0.j  1.+0.j -1.+0.j
 -1.+0.j -1.+0.j  1.+0.j -1.+0.j  1.+0.j -1.+0.j  1.+0.j  1.+0.j  1.+0.j  1.+0.j -1.+0.j  1.+0.j  1.+0.j  1.+0.j
  1.+0.j  1.+0.j  1.+0.j -1.+0.j  1.+0.j  1.+0.j -1.+0.j  1.+0.j -1.+0.j -1.+0.j  1.+0.j  1.+0.j  1.+0.j  1.+0.j
  1.+0.j -1.+0.j  1.+0.j -1.+0.j  1.+0.j -1.+0.j -1.+0.j  1.+0.j  1.+0.j -1.+0.j  1.+0.j -1.+0.j -1.+0.j  1.+0.j
  1.+0.j  1.+0.j  1.+0.j  1.+0.j  1.+0.j -1.+0.j -1.+0.j  1.+0.j -1.+0.j  1.+0.j  1.+0.j -1.+0.j -1.+0.j -1.+0.j
 -1.+0.j -1.+0.j -1.+0.j -1.+0.j -1.+0.j -1.+0.j -1.+0.j -1.+0.j -1.+0.j -1.+0.j  1.+0.j -1.+0.j -1.+0.j -1.+0.j
 -1.+0.j  1.+0.j  1.+0.j -1.+0.j -1.+0.j -1.+0.j  1.+0.j  1.+0.j -1.+0.j  1.+0.j  1.+0.j  1.+0.j  1.+0.j  1.+0.j
  1.+0.j -1.+0.j  1.+0.j  1.+0.j -1.+0.j -1.+0.j -1.+0.j -1.+0.j  1.+0.j  1.+0.j -1.+0.j -1.+0.j  1.+0.j -1.+0.j
  1.+0.j  1.+0.j -1.+0.j -1.+0.j  1.+0.j -1.+0.j -1.+0.j  1.+0.j -1.+0.j  1.+0.j -1.+0.j -1.+0.j -1.+0.j  1.+0.j
  1.+0.j  1.+0.j  1.+0.j  1.+0.j  1.+0.j  1.+0.j -1.+0.j -1.+0.j  1.+0.j  1.+0.j  1.+0.j  1.+0.j  1.+0.j  1.+0.j
 -1.+0.j -1.+0.j -1.+0.j  1.+0.j -1.+0.j  1.+0.j -1.+0.j  1.+0.j  1.+0.j  1.+0.j  1.+0.j -1.+0.j  1.+0.j  1.+0.j
  1.+0.j  1.+0.j  1.+0.j  1.+0.j -1.+0.j  1.+0.j  1.+0.j -1.+0.j  1.+0.j -1.+0.j -1.+0.j  1.+0.j  1.+0.j  1.+0.j
  1.+0.j  1.+0.j -1.+0.j  1.+0.j -1.+0.j  1.+0.j -1.+0.j -1.+0.j  1.+0.j  1.+0.j -1.+0.j  1.+0.j -1.+0.j -1.+0.j
  1.+0.j  1.+0.j  1.+0.j  1.+0.j  1.+0.j  1.+0.j -1.+0.j -1.+0.j  1.+0.j -1.+0.j  1.+0.j  1.+0.j -1.+0.j -1.+0.j
 -1.+0.j -1.+0.j -1.+0.j -1.+0.j -1.+0.j -1.+0.j -1.+0.j -1.+0.j -1.+0.j -1.+0.j -1.+0.j  1.+0.j -1.+0.j -1.+0.j
 -1.+0.j -1.+0.j  1.+0.j  1.+0.j -1.+0.j -1.+0.j -1.+0.j  1.+0.j  1.+0.j -1.+0.j  1.+0.j  1.+0.j  1.+0.j  1.+0.j
  1.+0.j  1.+0.j -1.+0.j  1.+0.j  1.+0.j -1.+0.j -1.+0.j -1.+0.j -1.+0.j  1.+0.j  1.+0.j -1.+0.j -1.+0.j  1.+0.j
 -1.+0.j  1.+0.j  1.+0.j -1.+0.j -1.+0.j  1.+0.j -1.+0.j -1.+0.j  1.+0.j -1.+0.j  1.+0.j -1.+0.j -1.+0.j -1.+0.j
  1.+0.j  1.+0.j  1.+0.j  1.+0.j  1.+0.j  1.+0.j  1.+0.j -1.+0.j -1.+0.j  1.+0.j  1.+0.j  1.+0.j  1.+0.j  1.+0.j
  1.+0.j -1.+0.j -1.+0.j -1.+0.j  1.+0.j -1.+0.j  1.+0.j -1.+0.j  1.+0.j  1.+0.j  1.+0.j  1.+0.j -1.+0.j  1.+0.j
  1.+0.j  1.+0.j  1.+0.j  1.+0.j  1.+0.j -1.+0.j  1.+0.j  1.+0.j -1.+0.j  1.+0.j -1.+0.j -1.+0.j  1.+0.j  1.+0.j
  1.+0.j  1.+0.j  1.+0.j -1.+0.j  1.+0.j -1.+0.j  1.+0.j -1.+0.j -1.+0.j  1.+0.j  1.+0.j -1.+0.j  1.+0.j -1.+0.j
 -1.+0.j  1.+0.j  1.+0.j  1.+0.j  1.+0.j  1.+0.j  1.+0.j -1.+0.j -1.+0.j  1.+0.j -1.+0.j  1.+0.j  1.+0.j -1.+0.j
 -1.+0.j -1.+0.j -1.+0.j -1.+0.j -1.+0.j -1.+0.j -1.+0.j -1.+0.j -1.+0.j -1.+0.j -1.+0.j -1.+0.j  1.+0.j -1.+0.j
 -1.+0.j -1.+0.j -1.+0.j  1.+0.j  1.+0.j -1.+0.j -1.+0.j -1.+0.j  1.+0.j  1.+0.j -1.+0.j  1.+0.j  1.+0.j  1.+0.j
  1.+0.j  1.+0.j  1.+0.j -1.+0.j  1.+0.j  1.+0.j -1.+0.j -1.+0.j -1.+0.j -1.+0.j  1.+0.j  1.+0.j -1.+0.j -1.+0.j
  1.+0.j -1.+0.j  1.+0.j  1.+0.j -1.+0.j -1.+0.j  1.+0.j -1.+0.j -1.+0.j  1.+0.j -1.+0.j  1.+0.j -1.+0.j -1.+0.j
 -1.+0.j  1.+0.j  1.+0.j  1.+0.j  1.+0.j  1.+0.j  1.+0.j  1.+0.j -1.+0.j -1.+0.j  1.+0.j  1.+0.j  1.+0.j  1.+0.j
  1.+0.j  1.+0.j -1.+0.j -1.+0.j -1.+0.j  1.+0.j -1.+0.j  1.+0.j -1.+0.j  1.+0.j  1.+0.j  1.+0.j  1.+0.j -1.+0.j
  1.+0.j  1.+0.j  1.+0.j  1.+0.j  1.+0.j  1.+0.j -1.+0.j  1.+0.j  1.+0.j -1.+0.j  1.+0.j -1.+0.j -1.+0.j  1.+0.j
  1.+0.j  1.+0.j  1.+0.j  1.+0.j -1.+0.j  1.+0.j -1.+0.j  1.+0.j -1.+0.j -1.+0.j  1.+0.j  1.+0.j -1.+0.j  1.+0.j
 -1.+0.j -1.+0.j  1.+0.j  1.+0.j  1.+0.j  1.+0.j  1.+0.j  1.+0.j -1.+0.j -1.+0.j  1.+0.j -1.+0.j  1.+0.j  1.+0.j
 -1.+0.j -1.+0.j -1.+0.j -1.+0.j -1.+0.j -1.+0.j -1.+0.j -1.+0.j -1.+0.j -1.+0.j -1.+0.j -1.+0.j -1.+0.j  1.+0.j
 -1.+0.j -1.+0.j -1.+0.j -1.+0.j  1.+0.j  1.+0.j -1.+0.j -1.+0.j -1.+0.j  1.+0.j  1.+0.j -1.+0.j  1.+0.j  1.+0.j
  1.+0.j  1.+0.j  1.+0.j  1.+0.j -1.+0.j  1.+0.j  1.+0.j -1.+0.j -1.+0.j -1.+0.j -1.+0.j  1.+0.j  1.+0.j -1.+0.j
 -1.+0.j  1.+0.j -1.+0.j  1.+0.j  1.+0.j -1.+0.j -1.+0.j  1.+0.j -1.+0.j -1.+0.j  1.+0.j -1.+0.j  1.+0.j -1.+0.j
 -1.+0.j -1.+0.j  1.+0.j  1.+0.j  1.+0.j  1.+0.j  1.+0.j  1.+0.j  1.+0.j -1.+0.j -1.+0.j  1.+0.j  1.+0.j  1.+0.j
  1.+0.j  1.+0.j  1.+0.j -1.+0.j -1.+0.j -1.+0.j  1.+0.j -1.+0.j  1.+0.j -1.+0.j  1.+0.j  1.+0.j  1.+0.j  1.+0.j
 -1.+0.j  1.+0.j  1.+0.j  1.+0.j  1.+0.j  1.+0.j  1.+0.j -1.+0.j  1.+0.j  1.+0.j -1.+0.j  1.+0.j -1.+0.j -1.+0.j
  1.+0.j  1.+0.j  1.+0.j  1.+0.j  1.+0.j -1.+0.j  1.+0.j -1.+0.j  1.+0.j -1.+0.j -1.+0.j  1.+0.j  1.+0.j -1.+0.j
  1.+0.j -1.+0.j -1.+0.j  1.+0.j  1.+0.j  1.+0.j  1.+0.j  1.+0.j  1.+0.j -1.+0.j -1.+0.j  1.+0.j -1.+0.j  1.+0.j
  1.+0.j -1.+0.j  1.-0.j  1.-0.j  1.-0.j  1.-0.j  1.-0.j  1.-0.j  1.-0.j  1.-0.j  1.-0.j  1.-0.j  1.-0.j  1.-0.j
 -1.+0.j  1.-0.j  1.-0.j  1.-0.j  1.-0.j -1.+0.j -1.+0.j  1.-0.j  1.-0.j  1.-0.j -1.+0.j -1.+0.j  1.-0.j -1.+0.j
 -1.+0.j -1.+0.j -1.+0.j -1.+0.j -1.+0.j  1.-0.j -1.+0.j -1.+0.j  1.-0.j  1.-0.j  1.-0.j  1.-0.j -1.+0.j -1.+0.j
  1.-0.j  1.-0.j -1.+0.j  1.-0.j -1.+0.j -1.+0.j  1.-0.j  1.-0.j -1.+0.j  1.-0.j  1.-0.j -1.+0.j  1.-0.j -1.+0.j
  1.-0.j  1.-0.j  1.-0.j -1.+0.j -1.+0.j -1.+0.j -1.+0.j -1.+0.j -1.+0.j -1.+0.j  1.-0.j  1.-0.j -1.+0.j -1.+0.j
 -1.+0.j -1.+0.j -1.+0.j -1.+0.j  1.-0.j  1.-0.j  1.-0.j -1.+0.j  1.-0.j -1.+0.j  1.-0.j -1.+0.j -1.+0.j -1.+0.j
 -1.+0.j  1.-0.j -1.+0.j -1.+0.j -1.+0.j -1.+0.j -1.+0.j -1.+0.j  1.-0.j -1.+0.j -1.+0.j  1.-0.j -1.+0.j  1.-0.j
  1.-0.j -1.+0.j -1.+0.j -1.+0.j -1.+0.j -1.+0.j  1.-0.j -1.+0.j  1.-0.j -1.+0.j  1.-0.j  1.-0.j -1.+0.j -1.+0.j
  1.-0.j -1.+0.j  1.-0.j  1.-0.j -1.+0.j -1.+0.j -1.+0.j -1.+0.j -1.+0.j -1.+0.j  1.-0.j  1.-0.j -1.+0.j  1.-0.j
 -1.+0.j -1.+0.j  1.-0.j -1.+0.j -1.+0.j -1.+0.j -1.+0.j -1.+0.j -1.+0.j -1.+0.j -1.+0.j -1.+0.j -1.+0.j -1.+0.j
 -1.+0.j  1.+0.j -1.+0.j -1.+0.j -1.+0.j -1.+0.j  1.+0.j  1.+0.j -1.+0.j -1.+0.j -1.+0.j  1.+0.j  1.+0.j -1.+0.j
  1.+0.j  1.+0.j  1.+0.j  1.+0.j  1.+0.j  1.+0.j -1.+0.j  1.+0.j  1.+0.j -1.+0.j -1.+0.j -1.+0.j -1.+0.j  1.+0.j
  1.+0.j -1.+0.j -1.+0.j  1.+0.j -1.+0.j  1.+0.j  1.+0.j -1.+0.j -1.+0.j  1.+0.j -1.+0.j -1.+0.j  1.+0.j -1.+0.j
  1.+0.j -1.+0.j -1.+0.j -1.+0.j  1.+0.j  1.+0.j  1.+0.j  1.+0.j  1.+0.j  1.+0.j  1.+0.j -1.+0.j -1.+0.j  1.+0.j
  1.+0.j  1.+0.j  1.+0.j  1.+0.j  1.+0.j -1.+0.j -1.+0.j -1.+0.j  1.+0.j -1.+0.j  1.+0.j -1.+0.j  1.+0.j  1.+0.j
  1.+0.j  1.+0.j -1.+0.j  1.+0.j  1.+0.j  1.+0.j  1.+0.j  1.+0.j  1.+0.j -1.+0.j  1.+0.j  1.+0.j -1.+0.j  1.+0.j
 -1.+0.j -1.+0.j  1.+0.j  1.+0.j  1.+0.j  1.+0.j  1.+0.j -1.+0.j  1.+0.j -1.+0.j  1.+0.j -1.+0.j -1.+0.j  1.+0.j
  1.+0.j -1.+0.j  1.+0.j -1.+0.j -1.+0.j  1.+0.j  1.+0.j  1.+0.j  1.+0.j  1.+0.j  1.+0.j -1.+0.j -1.+0.j  1.+0.j
 -1.+0.j  1.+0.j  1.+0.j -1.+0.j  1.-0.j  1.-0.j  1.-0.j  1.-0.j  1.-0.j  1.-0.j  1.-0.j  1.-0.j  1.-0.j  1.-0.j
  1.-0.j  1.-0.j -1.+0.j  1.-0.j  1.-0.j  1.-0.j  1.-0.j -1.+0.j -1.+0.j  1.-0.j  1.-0.j  1.-0.j -1.+0.j -1.+0.j
  1.-0.j -1.+0.j -1.+0.j -1.+0.j -1.+0.j -1.+0.j -1.+0.j  1.-0.j -1.+0.j -1.+0.j  1.-0.j  1.-0.j  1.-0.j  1.-0.j
 -1.+0.j -1.+0.j  1.-0.j  1.-0.j -1.+0.j  1.-0.j -1.+0.j -1.+0.j  1.-0.j  1.-0.j -1.+0.j  1.-0.j  1.-0.j -1.+0.j
  1.-0.j -1.+0.j  1.-0.j  1.-0.j  1.-0.j -1.+0.j -1.+0.j -1.+0.j -1.+0.j -1.+0.j -1.+0.j -1.+0.j  1.-0.j  1.-0.j
 -1.+0.j -1.+0.j -1.+0.j -1.+0.j -1.+0.j -1.+0.j  1.-0.j  1.-0.j  1.-0.j -1.+0.j  1.-0.j -1.+0.j  1.-0.j -1.+0.j
 -1.+0.j -1.+0.j -1.+0.j  1.-0.j -1.+0.j -1.+0.j -1.+0.j -1.+0.j -1.+0.j -1.+0.j  1.-0.j -1.+0.j -1.+0.j  1.-0.j
 -1.+0.j  1.-0.j  1.-0.j -1.+0.j -1.+0.j -1.+0.j -1.+0.j -1.+0.j  1.-0.j -1.+0.j  1.-0.j -1.+0.j  1.-0.j  1.-0.j
 -1.+0.j -1.+0.j  1.-0.j -1.+0.j  1.-0.j  1.-0.j -1.+0.j -1.+0.j -1.+0.j -1.+0.j -1.+0.j -1.+0.j  1.-0.j  1.-0.j
 -1.+0.j  1.-0.j -1.+0.j -1.+0.j  1.-0.j -1.+0.j -1.+0.j -1.+0.j -1.+0.j -1.+0.j -1.+0.j -1.+0.j -1.+0.j -1.+0.j
 -1.+0.j -1.+0.j -1.+0.j  1.+0.j -1.+0.j -1.+0.j -1.+0.j -1.+0.j  1.+0.j  1.+0.j -1.+0.j -1.+0.j -1.+0.j  1.+0.j
  1.+0.j -1.+0.j  1.+0.j  1.+0.j  1.+0.j  1.+0.j  1.+0.j  1.+0.j -1.+0.j  1.+0.j  1.+0.j -1.+0.j -1.+0.j -1.+0.j
 -1.+0.j  1.+0.j  1.+0.j -1.+0.j -1.+0.j  1.+0.j -1.+0.j  1.+0.j  1.+0.j -1.+0.j -1.+0.j  1.+0.j -1.+0.j -1.+0.j
  1.+0.j -1.+0.j  1.+0.j -1.+0.j -1.+0.j -1.+0.j  1.+0.j  1.+0.j  1.+0.j  1.+0.j  1.+0.j  1.+0.j  1.+0.j -1.+0.j
 -1.+0.j  1.+0.j  1.+0.j  1.+0.j  1.+0.j  1.+0.j  1.+0.j -1.+0.j -1.+0.j -1.+0.j  1.+0.j -1.+0.j  1.+0.j -1.+0.j
  1.+0.j  1.+0.j  1.+0.j  1.+0.j -1.+0.j  1.+0.j  1.+0.j  1.+0.j  1.+0.j  1.+0.j  1.+0.j -1.+0.j  1.+0.j  1.+0.j
 -1.+0.j  1.+0.j -1.+0.j -1.+0.j  1.+0.j  1.+0.j  1.+0.j  1.+0.j  1.+0.j -1.+0.j  1.+0.j -1.+0.j  1.+0.j -1.+0.j
 -1.+0.j  1.+0.j  1.+0.j -1.+0.j  1.+0.j -1.+0.j -1.+0.j  1.+0.j  1.+0.j  1.+0.j  1.+0.j  1.+0.j  1.+0.j -1.+0.j
 -1.+0.j  1.+0.j -1.+0.j  1.+0.j  1.+0.j -1.+0.j -1.+0.j -1.+0.j -1.+0.j -1.+0.j -1.+0.j -1.+0.j -1.+0.j -1.+0.j
 -1.+0.j -1.+0.j -1.+0.j -1.+0.j  1.+0.j -1.+0.j -1.+0.j -1.+0.j -1.+0.j  1.+0.j  1.+0.j -1.+0.j -1.+0.j -1.+0.j
  1.+0.j  1.+0.j -1.+0.j  1.+0.j  1.+0.j  1.+0.j  1.+0.j  1.+0.j  1.+0.j -1.+0.j  1.+0.j  1.+0.j -1.+0.j -1.+0.j
 -1.+0.j -1.+0.j  1.+0.j  1.+0.j -1.+0.j -1.+0.j  1.+0.j -1.+0.j  1.+0.j  1.+0.j -1.+0.j -1.+0.j  1.+0.j -1.+0.j
 -1.+0.j  1.+0.j -1.+0.j  1.+0.j -1.+0.j -1.+0.j -1.+0.j  1.+0.j  1.+0.j  1.+0.j  1.+0.j  1.+0.j  1.+0.j  1.+0.j
 -1.+0.j -1.+0.j  1.+0.j  1.+0.j  1.+0.j  1.+0.j  1.+0.j  1.+0.j -1.+0.j -1.+0.j -1.+0.j  1.+0.j -1.+0.j  1.+0.j
 -1.+0.j  1.+0.j  1.+0.j  1.+0.j  1.+0.j -1.+0.j  1.+0.j  1.+0.j  1.+0.j  1.+0.j  1.+0.j  1.+0.j -1.+0.j  1.+0.j
  1.+0.j -1.+0.j  1.+0.j -1.+0.j -1.+0.j  1.+0.j  1.+0.j  1.+0.j  1.+0.j  1.+0.j -1.+0.j  1.+0.j -1.+0.j  1.+0.j
 -1.+0.j -1.+0.j  1.+0.j  1.+0.j -1.+0.j  1.+0.j -1.+0.j -1.+0.j  1.+0.j  1.+0.j  1.+0.j  1.+0.j  1.+0.j  1.+0.j
 -1.+0.j -1.+0.j  1.+0.j -1.+0.j  1.+0.j  1.+0.j -1.+0.j  1.-0.j  1.-0.j  1.-0.j  1.-0.j  1.-0.j  1.-0.j  1.-0.j
  1.-0.j  1.-0.j  1.-0.j  1.-0.j  1.-0.j -1.+0.j  1.-0.j  1.-0.j  1.-0.j  1.-0.j -1.+0.j -1.+0.j  1.-0.j  1.-0.j
  1.-0.j -1.+0.j -1.+0.j  1.-0.j -1.+0.j -1.+0.j -1.+0.j -1.+0.j -1.+0.j -1.+0.j  1.-0.j -1.+0.j -1.+0.j  1.-0.j
  1.-0.j  1.-0.j  1.-0.j -1.+0.j -1.+0.j  1.-0.j  1.-0.j -1.+0.j  1.-0.j -1.+0.j -1.+0.j  1.-0.j  1.-0.j -1.+0.j
  1.-0.j  1.-0.j -1.+0.j  1.-0.j -1.+0.j  1.-0.j  1.-0.j  1.-0.j -1.+0.j -1.+0.j -1.+0.j -1.+0.j -1.+0.j -1.+0.j
 -1.+0.j  1.-0.j  1.-0.j -1.+0.j -1.+0.j -1.+0.j -1.+0.j -1.+0.j -1.+0.j  1.-0.j  1.-0.j  1.-0.j -1.+0.j  1.-0.j
 -1.+0.j  1.-0.j -1.+0.j -1.+0.j -1.+0.j -1.+0.j  1.-0.j -1.+0.j -1.+0.j -1.+0.j -1.+0.j -1.+0.j -1.+0.j  1.-0.j
 -1.+0.j -1.+0.j  1.-0.j -1.+0.j  1.-0.j  1.-0.j -1.+0.j -1.+0.j -1.+0.j -1.+0.j -1.+0.j  1.-0.j -1.+0.j  1.-0.j
 -1.+0.j  1.-0.j  1.-0.j -1.+0.j -1.+0.j  1.-0.j -1.+0.j  1.-0.j  1.-0.j -1.+0.j -1.+0.j -1.+0.j -1.+0.j -1.+0.j
 -1.+0.j  1.-0.j  1.-0.j -1.+0.j  1.-0.j -1.+0.j -1.+0.j  1.-0.j  1.-0.j  1.-0.j  1.-0.j  1.-0.j  1.-0.j  1.-0.j
  1.-0.j  1.-0.j  1.-0.j  1.-0.j  1.-0.j  1.-0.j -1.+0.j  1.-0.j  1.-0.j  1.-0.j  1.-0.j -1.+0.j -1.+0.j  1.-0.j
  1.-0.j  1.-0.j -1.+0.j -1.+0.j  1.-0.j -1.+0.j -1.+0.j -1.+0.j -1.+0.j -1.+0.j -1.+0.j  1.-0.j -1.+0.j -1.+0.j
  1.-0.j  1.-0.j  1.-0.j  1.-0.j -1.+0.j -1.+0.j  1.-0.j  1.-0.j -1.+0.j  1.-0.j -1.+0.j -1.+0.j  1.-0.j  1.-0.j
 -1.+0.j  1.-0.j  1.-0.j -1.+0.j  1.-0.j -1.+0.j  1.-0.j  1.-0.j  1.-0.j -1.+0.j -1.+0.j -1.+0.j -1.+0.j -1.+0.j
 -1.+0.j -1.+0.j  1.-0.j  1.-0.j -1.+0.j -1.+0.j -1.+0.j -1.+0.j -1.+0.j -1.+0.j  1.-0.j  1.-0.j  1.-0.j -1.+0.j
  1.-0.j -1.+0.j  1.-0.j -1.+0.j -1.+0.j -1.+0.j -1.+0.j  1.-0.j -1.+0.j -1.+0.j -1.+0.j -1.+0.j -1.+0.j -1.+0.j
  1.-0.j -1.+0.j -1.+0.j  1.-0.j -1.+0.j  1.-0.j  1.-0.j -1.+0.j -1.+0.j -1.+0.j -1.+0.j -1.+0.j  1.-0.j -1.+0.j
  1.-0.j -1.+0.j  1.-0.j  1.-0.j -1.+0.j -1.+0.j  1.-0.j -1.+0.j  1.-0.j  1.-0.j -1.+0.j -1.+0.j -1.+0.j -1.+0.j
 -1.+0.j -1.+0.j  1.-0.j  1.-0.j -1.+0.j  1.-0.j -1.+0.j -1.+0.j  1.-0.j -1.+0.j -1.+0.j -1.+0.j -1.+0.j -1.+0.j
 -1.+0.j -1.+0.j -1.+0.j -1.+0.j -1.+0.j -1.+0.j -1.+0.j  1.+0.j -1.+0.j -1.+0.j -1.+0.j -1.+0.j  1.+0.j  1.+0.j
 -1.+0.j -1.+0.j -1.+0.j  1.+0.j  1.+0.j -1.+0.j  1.+0.j  1.+0.j  1.+0.j  1.+0.j  1.+0.j  1.+0.j -1.+0.j  1.+0.j
  1.+0.j -1.+0.j -1.+0.j -1.+0.j -1.+0.j  1.+0.j  1.+0.j -1.+0.j -1.+0.j  1.+0.j -1.+0.j  1.+0.j  1.+0.j -1.+0.j
 -1.+0.j  1.+0.j -1.+0.j -1.+0.j  1.+0.j -1.+0.j  1.+0.j -1.+0.j -1.+0.j -1.+0.j  1.+0.j  1.+0.j  1.+0.j  1.+0.j
  1.+0.j  1.+0.j  1.+0.j -1.+0.j -1.+0.j  1.+0.j  1.+0.j  1.+0.j  1.+0.j  1.+0.j  1.+0.j -1.+0.j -1.+0.j -1.+0.j
  1.+0.j -1.+0.j  1.+0.j -1.+0.j  1.+0.j  1.+0.j  1.+0.j  1.+0.j -1.+0.j  1.+0.j  1.+0.j  1.+0.j  1.+0.j  1.+0.j
  1.+0.j -1.+0.j  1.+0.j  1.+0.j -1.+0.j  1.+0.j -1.+0.j -1.+0.j  1.+0.j  1.+0.j  1.+0.j  1.+0.j  1.+0.j -1.+0.j
  1.+0.j -1.+0.j  1.+0.j -1.+0.j -1.+0.j  1.+0.j  1.+0.j -1.+0.j  1.+0.j -1.+0.j -1.+0.j  1.+0.j  1.+0.j  1.+0.j
  1.+0.j  1.+0.j  1.+0.j -1.+0.j -1.+0.j  1.+0.j -1.+0.j  1.+0.j  1.+0.j -1.+0.j -1.+0.j -1.+0.j -1.+0.j -1.+0.j
 -1.+0.j -1.+0.j -1.+0.j -1.+0.j -1.+0.j -1.+0.j -1.+0.j -1.+0.j  1.+0.j -1.+0.j -1.+0.j -1.+0.j -1.+0.j  1.+0.j
  1.+0.j -1.+0.j -1.+0.j -1.+0.j  1.+0.j  1.+0.j -1.+0.j  1.+0.j  1.+0.j  1.+0.j  1.+0.j  1.+0.j  1.+0.j -1.+0.j
  1.+0.j  1.+0.j -1.+0.j -1.+0.j -1.+0.j -1.+0.j  1.+0.j  1.+0.j -1.+0.j -1.+0.j  1.+0.j -1.+0.j  1.+0.j  1.+0.j
 -1.+0.j -1.+0.j  1.+0.j -1.+0.j -1.+0.j  1.+0.j -1.+0.j  1.+0.j -1.+0.j -1.+0.j -1.+0.j  1.+0.j  1.+0.j  1.+0.j
  1.+0.j  1.+0.j  1.+0.j  1.+0.j -1.+0.j -1.+0.j  1.+0.j  1.+0.j  1.+0.j  1.+0.j  1.+0.j  1.+0.j -1.+0.j -1.+0.j
 -1.+0.j  1.+0.j -1.+0.j  1.+0.j -1.+0.j  1.+0.j  1.+0.j  1.+0.j  1.+0.j -1.+0.j  1.+0.j  1.+0.j  1.+0.j  1.+0.j
  1.+0.j  1.+0.j -1.+0.j  1.+0.j  1.+0.j -1.+0.j  1.+0.j -1.+0.j -1.+0.j  1.+0.j  1.+0.j  1.+0.j  1.+0.j  1.+0.j
 -1.+0.j  1.+0.j -1.+0.j  1.+0.j -1.+0.j -1.+0.j  1.+0.j  1.+0.j -1.+0.j  1.+0.j -1.+0.j -1.+0.j  1.+0.j  1.+0.j
  1.+0.j  1.+0.j  1.+0.j  1.+0.j -1.+0.j -1.+0.j  1.+0.j -1.+0.j  1.+0.j  1.+0.j -1.+0.j -1.+0.j -1.+0.j -1.+0.j
 -1.+0.j -1.+0.j -1.+0.j -1.+0.j -1.+0.j -1.+0.j -1.+0.j -1.+0.j -1.+0.j  1.+0.j -1.+0.j -1.+0.j -1.+0.j -1.+0.j
  1.+0.j  1.+0.j -1.+0.j -1.+0.j -1.+0.j  1.+0.j  1.+0.j -1.+0.j  1.+0.j  1.+0.j  1.+0.j  1.+0.j  1.+0.j  1.+0.j
 -1.+0.j  1.+0.j  1.+0.j -1.+0.j -1.+0.j -1.+0.j -1.+0.j  1.+0.j  1.+0.j -1.+0.j -1.+0.j  1.+0.j -1.+0.j  1.+0.j
  1.+0.j -1.+0.j -1.+0.j  1.+0.j -1.+0.j -1.+0.j  1.+0.j -1.+0.j  1.+0.j -1.+0.j -1.+0.j -1.+0.j  1.+0.j  1.+0.j
  1.+0.j  1.+0.j  1.+0.j  1.+0.j  1.+0.j -1.+0.j -1.+0.j  1.+0.j  1.+0.j  1.+0.j  1.+0.j  1.+0.j  1.+0.j -1.+0.j
 -1.+0.j -1.+0.j  1.+0.j -1.+0.j  1.+0.j -1.+0.j  1.+0.j  1.+0.j  1.+0.j  1.+0.j -1.+0.j  1.+0.j  1.+0.j  1.+0.j
  1.+0.j  1.+0.j  1.+0.j -1.+0.j  1.+0.j  1.+0.j -1.+0.j  1.+0.j -1.+0.j -1.+0.j  1.+0.j  1.+0.j  1.+0.j  1.+0.j
  1.+0.j -1.+0.j  1.+0.j -1.+0.j  1.+0.j -1.+0.j -1.+0.j  1.+0.j  1.+0.j -1.+0.j  1.+0.j -1.+0.j -1.+0.j  1.+0.j
  1.+0.j  1.+0.j  1.+0.j  1.+0.j  1.+0.j -1.+0.j -1.+0.j  1.+0.j -1.+0.j  1.+0.j  1.+0.j -1.+0.j -1.+0.j -1.+0.j
 -1.+0.j -1.+0.j -1.+0.j -1.+0.j -1.+0.j -1.+0.j -1.+0.j -1.+0.j -1.+0.j -1.+0.j  1.+0.j -1.+0.j -1.+0.j -1.+0.j
 -1.+0.j  1.+0.j  1.+0.j -1.+0.j -1.+0.j -1.+0.j  1.+0.j  1.+0.j -1.+0.j  1.+0.j  1.+0.j  1.+0.j  1.+0.j  1.+0.j
  1.+0.j -1.+0.j  1.+0.j  1.+0.j -1.+0.j -1.+0.j -1.+0.j -1.+0.j  1.+0.j  1.+0.j -1.+0.j -1.+0.j  1.+0.j -1.+0.j
  1.+0.j  1.+0.j -1.+0.j -1.+0.j  1.+0.j -1.+0.j -1.+0.j  1.+0.j -1.+0.j  1.+0.j -1.+0.j -1.+0.j -1.+0.j  1.+0.j
  1.+0.j  1.+0.j  1.+0.j  1.+0.j  1.+0.j  1.+0.j -1.+0.j -1.+0.j  1.+0.j  1.+0.j  1.+0.j  1.+0.j  1.+0.j  1.+0.j
 -1.+0.j -1.+0.j -1.+0.j  1.+0.j -1.+0.j  1.+0.j -1.+0.j  1.+0.j  1.+0.j  1.+0.j  1.+0.j -1.+0.j  1.+0.j  1.+0.j
  1.+0.j  1.+0.j  1.+0.j  1.+0.j -1.+0.j  1.+0.j  1.+0.j -1.+0.j  1.+0.j -1.+0.j -1.+0.j  1.+0.j  1.+0.j  1.+0.j
  1.+0.j  1.+0.j -1.+0.j  1.+0.j -1.+0.j  1.+0.j -1.+0.j -1.+0.j  1.+0.j  1.+0.j -1.+0.j  1.+0.j -1.+0.j -1.+0.j
  1.+0.j  1.+0.j  1.+0.j  1.+0.j  1.+0.j  1.+0.j -1.+0.j -1.+0.j  1.+0.j -1.+0.j  1.+0.j  1.+0.j -1.+0.j -1.+0.j
 -1.+0.j -1.+0.j -1.+0.j -1.+0.j -1.+0.j -1.+0.j -1.+0.j -1.+0.j -1.+0.j -1.+0.j -1.+0.j  1.+0.j -1.+0.j -1.+0.j
 -1.+0.j -1.+0.j  1.+0.j  1.+0.j -1.+0.j -1.+0.j -1.+0.j  1.+0.j  1.+0.j -1.+0.j  1.+0.j  1.+0.j  1.+0.j  1.+0.j
  1.+0.j  1.+0.j -1.+0.j  1.+0.j  1.+0.j -1.+0.j -1.+0.j -1.+0.j -1.+0.j  1.+0.j  1.+0.j -1.+0.j -1.+0.j  1.+0.j
 -1.+0.j  1.+0.j  1.+0.j -1.+0.j -1.+0.j  1.+0.j -1.+0.j -1.+0.j  1.+0.j -1.+0.j  1.+0.j -1.+0.j -1.+0.j -1.+0.j
  1.+0.j  1.+0.j  1.+0.j  1.+0.j  1.+0.j  1.+0.j  1.+0.j -1.+0.j -1.+0.j  1.+0.j  1.+0.j  1.+0.j  1.+0.j  1.+0.j
  1.+0.j -1.+0.j -1.+0.j -1.+0.j  1.+0.j -1.+0.j  1.+0.j -1.+0.j  1.+0.j  1.+0.j  1.+0.j  1.+0.j -1.+0.j  1.+0.j
  1.+0.j  1.+0.j  1.+0.j  1.+0.j  1.+0.j -1.+0.j  1.+0.j  1.+0.j -1.+0.j  1.+0.j -1.+0.j -1.+0.j  1.+0.j  1.+0.j
  1.+0.j  1.+0.j  1.+0.j -1.+0.j  1.+0.j -1.+0.j  1.+0.j -1.+0.j -1.+0.j  1.+0.j  1.+0.j -1.+0.j  1.+0.j -1.+0.j
 -1.+0.j  1.+0.j  1.+0.j  1.+0.j  1.+0.j  1.+0.j  1.+0.j -1.+0.j -1.+0.j  1.+0.j -1.+0.j  1.+0.j  1.+0.j -1.+0.j
  1.-0.j  1.-0.j  1.-0.j  1.-0.j  1.-0.j  1.-0.j  1.-0.j  1.-0.j  1.-0.j  1.-0.j  1.-0.j  1.-0.j -1.+0.j  1.-0.j
  1.-0.j  1.-0.j  1.-0.j -1.+0.j -1.+0.j  1.-0.j  1.-0.j  1.-0.j -1.+0.j -1.+0.j  1.-0.j -1.+0.j -1.+0.j -1.+0.j
 -1.+0.j -1.+0.j -1.+0.j  1.-0.j -1.+0.j -1.+0.j  1.-0.j  1.-0.j  1.-0.j  1.-0.j -1.+0.j -1.+0.j  1.-0.j  1.-0.j
 -1.+0.j  1.-0.j -1.+0.j -1.+0.j  1.-0.j  1.-0.j -1.+0.j  1.-0.j  1.-0.j -1.+0.j  1.-0.j -1.+0.j  1.-0.j  1.-0.j
  1.-0.j -1.+0.j -1.+0.j -1.+0.j -1.+0.j -1.+0.j -1.+0.j -1.+0.j  1.-0.j  1.-0.j -1.+0.j -1.+0.j -1.+0.j -1.+0.j
 -1.+0.j -1.+0.j  1.-0.j  1.-0.j  1.-0.j -1.+0.j  1.-0.j -1.+0.j  1.-0.j -1.+0.j -1.+0.j -1.+0.j -1.+0.j  1.-0.j
 -1.+0.j -1.+0.j -1.+0.j -1.+0.j -1.+0.j -1.+0.j  1.-0.j -1.+0.j -1.+0.j  1.-0.j -1.+0.j  1.-0.j  1.-0.j -1.+0.j
 -1.+0.j -1.+0.j -1.+0.j -1.+0.j  1.-0.j -1.+0.j  1.-0.j -1.+0.j  1.-0.j  1.-0.j -1.+0.j -1.+0.j  1.-0.j -1.+0.j
  1.-0.j  1.-0.j -1.+0.j -1.+0.j -1.+0.j -1.+0.j -1.+0.j -1.+0.j  1.-0.j  1.-0.j -1.+0.j  1.-0.j -1.+0.j -1.+0.j
  1.-0.j  1.-0.j  1.-0.j  1.-0.j  1.-0.j  1.-0.j  1.-0.j  1.-0.j  1.-0.j  1.-0.j  1.-0.j  1.-0.j  1.-0.j -1.+0.j
  1.-0.j  1.-0.j  1.-0.j  1.-0.j -1.+0.j -1.+0.j  1.-0.j  1.-0.j  1.-0.j -1.+0.j -1.+0.j  1.-0.j -1.+0.j -1.+0.j
 -1.+0.j -1.+0.j -1.+0.j -1.+0.j  1.-0.j -1.+0.j -1.+0.j  1.-0.j  1.-0.j  1.-0.j  1.-0.j -1.+0.j -1.+0.j  1.-0.j
  1.-0.j -1.+0.j  1.-0.j -1.+0.j -1.+0.j  1.-0.j  1.-0.j -1.+0.j  1.-0.j  1.-0.j -1.+0.j  1.-0.j -1.+0.j  1.-0.j
  1.-0.j  1.-0.j -1.+0.j -1.+0.j -1.+0.j -1.+0.j -1.+0.j -1.+0.j -1.+0.j  1.-0.j  1.-0.j -1.+0.j -1.+0.j -1.+0.j
 -1.+0.j -1.+0.j -1.+0.j  1.-0.j  1.-0.j  1.-0.j -1.+0.j  1.-0.j -1.+0.j  1.-0.j -1.+0.j -1.+0.j -1.+0.j -1.+0.j
  1.-0.j -1.+0.j -1.+0.j -1.+0.j -1.+0.j -1.+0.j -1.+0.j  1.-0.j -1.+0.j -1.+0.j  1.-0.j -1.+0.j  1.-0.j  1.-0.j
 -1.+0.j -1.+0.j -1.+0.j -1.+0.j -1.+0.j  1.-0.j -1.+0.j  1.-0.j -1.+0.j  1.-0.j  1.-0.j -1.+0.j -1.+0.j  1.-0.j
 -1.+0.j  1.-0.j  1.-0.j -1.+0.j -1.+0.j -1.+0.j -1.+0.j -1.+0.j -1.+0.j  1.-0.j  1.-0.j -1.+0.j  1.-0.j -1.+0.j
 -1.+0.j  1.-0.j  1.-0.j  1.-0.j  1.-0.j  1.-0.j  1.-0.j  1.-0.j  1.-0.j  1.-0.j  1.-0.j  1.-0.j  1.-0.j  1.-0.j
 -1.+0.j  1.-0.j  1.-0.j  1.-0.j  1.-0.j -1.+0.j -1.+0.j  1.-0.j  1.-0.j  1.-0.j -1.+0.j -1.+0.j  1.-0.j -1.+0.j
 -1.+0.j -1.+0.j -1.+0.j -1.+0.j -1.+0.j  1.-0.j -1.+0.j -1.+0.j  1.-0.j  1.-0.j  1.-0.j  1.-0.j -1.+0.j -1.+0.j
  1.-0.j  1.-0.j -1.+0.j  1.-0.j -1.+0.j -1.+0.j  1.-0.j  1.-0.j -1.+0.j  1.-0.j  1.-0.j -1.+0.j  1.-0.j -1.+0.j
  1.-0.j  1.-0.j  1.-0.j -1.+0.j -1.+0.j -1.+0.j -1.+0.j -1.+0.j -1.+0.j -1.+0.j  1.-0.j  1.-0.j -1.+0.j -1.+0.j
 -1.+0.j -1.+0.j -1.+0.j -1.+0.j  1.-0.j  1.-0.j  1.-0.j -1.+0.j  1.-0.j -1.+0.j  1.-0.j -1.+0.j -1.+0.j -1.+0.j
 -1.+0.j  1.-0.j -1.+0.j -1.+0.j -1.+0.j -1.+0.j -1.+0.j -1.+0.j  1.-0.j -1.+0.j -1.+0.j  1.-0.j -1.+0.j  1.-0.j
  1.-0.j -1.+0.j -1.+0.j -1.+0.j -1.+0.j -1.+0.j  1.-0.j -1.+0.j  1.-0.j -1.+0.j  1.-0.j  1.-0.j -1.+0.j -1.+0.j
  1.-0.j -1.+0.j  1.-0.j  1.-0.j -1.+0.j -1.+0.j -1.+0.j -1.+0.j -1.+0.j -1.+0.j  1.-0.j  1.-0.j -1.+0.j  1.-0.j
 -1.+0.j -1.+0.j  1.-0.j  1.-0.j  1.-0.j  1.-0.j  1.-0.j  1.-0.j  1.-0.j  1.-0.j  1.-0.j  1.-0.j  1.-0.j  1.-0.j
  1.-0.j -1.+0.j  1.-0.j  1.-0.j  1.-0.j  1.-0.j -1.+0.j -1.+0.j  1.-0.j  1.-0.j  1.-0.j -1.+0.j -1.+0.j  1.-0.j
 -1.+0.j -1.+0.j -1.+0.j -1.+0.j -1.+0.j -1.+0.j  1.-0.j -1.+0.j -1.+0.j  1.-0.j  1.-0.j  1.-0.j  1.-0.j -1.+0.j
 -1.+0.j  1.-0.j  1.-0.j -1.+0.j  1.-0.j -1.+0.j -1.+0.j  1.-0.j  1.-0.j -1.+0.j  1.-0.j  1.-0.j -1.+0.j  1.-0.j
 -1.+0.j  1.-0.j  1.-0.j  1.-0.j -1.+0.j -1.+0.j -1.+0.j -1.+0.j -1.+0.j -1.+0.j -1.+0.j  1.-0.j  1.-0.j -1.+0.j
 -1.+0.j -1.+0.j -1.+0.j -1.+0.j -1.+0.j  1.-0.j  1.-0.j  1.-0.j -1.+0.j  1.-0.j -1.+0.j  1.-0.j -1.+0.j -1.+0.j
 -1.+0.j -1.+0.j  1.-0.j -1.+0.j -1.+0.j -1.+0.j -1.+0.j -1.+0.j -1.+0.j  1.-0.j -1.+0.j -1.+0.j  1.-0.j -1.+0.j
  1.-0.j  1.-0.j -1.+0.j -1.+0.j -1.+0.j -1.+0.j -1.+0.j  1.-0.j -1.+0.j  1.-0.j -1.+0.j  1.-0.j  1.-0.j -1.+0.j
 -1.+0.j  1.-0.j -1.+0.j  1.-0.j  1.-0.j -1.+0.j -1.+0.j -1.+0.j -1.+0.j -1.+0.j -1.+0.j  1.-0.j  1.-0.j -1.+0.j
  1.-0.j -1.+0.j -1.+0.j  1.-0.j -1.+0.j -1.+0.j -1.+0.j -1.+0.j -1.+0.j -1.+0.j -1.+0.j -1.+0.j -1.+0.j -1.+0.j
 -1.+0.j -1.+0.j  1.+0.j -1.+0.j -1.+0.j -1.+0.j -1.+0.j  1.+0.j  1.+0.j -1.+0.j -1.+0.j -1.+0.j  1.+0.j  1.+0.j
 -1.+0.j  1.+0.j  1.+0.j  1.+0.j  1.+0.j  1.+0.j  1.+0.j -1.+0.j  1.+0.j  1.+0.j -1.+0.j -1.+0.j -1.+0.j -1.+0.j
  1.+0.j  1.+0.j -1.+0.j -1.+0.j  1.+0.j -1.+0.j  1.+0.j  1.+0.j -1.+0.j -1.+0.j  1.+0.j -1.+0.j -1.+0.j  1.+0.j
 -1.+0.j  1.+0.j -1.+0.j -1.+0.j -1.+0.j  1.+0.j  1.+0.j  1.+0.j  1.+0.j  1.+0.j  1.+0.j  1.+0.j -1.+0.j -1.+0.j
  1.+0.j  1.+0.j  1.+0.j  1.+0.j  1.+0.j  1.+0.j -1.+0.j -1.+0.j -1.+0.j  1.+0.j -1.+0.j  1.+0.j -1.+0.j  1.+0.j
  1.+0.j  1.+0.j  1.+0.j -1.+0.j  1.+0.j  1.+0.j  1.+0.j  1.+0.j  1.+0.j  1.+0.j -1.+0.j  1.+0.j  1.+0.j -1.+0.j
  1.+0.j -1.+0.j -1.+0.j  1.+0.j  1.+0.j  1.+0.j  1.+0.j  1.+0.j -1.+0.j  1.+0.j -1.+0.j  1.+0.j -1.+0.j -1.+0.j
  1.+0.j  1.+0.j -1.+0.j  1.+0.j -1.+0.j -1.+0.j  1.+0.j  1.+0.j  1.+0.j  1.+0.j  1.+0.j  1.+0.j -1.+0.j -1.+0.j
  1.+0.j -1.+0.j  1.+0.j  1.+0.j -1.+0.j -1.+0.j -1.+0.j -1.+0.j -1.+0.j -1.+0.j -1.+0.j -1.+0.j -1.+0.j -1.+0.j
 -1.+0.j -1.+0.j -1.+0.j  1.+0.j -1.+0.j -1.+0.j -1.+0.j -1.+0.j  1.+0.j  1.+0.j -1.+0.j -1.+0.j -1.+0.j  1.+0.j
  1.+0.j -1.+0.j  1.+0.j  1.+0.j  1.+0.j  1.+0.j  1.+0.j  1.+0.j -1.+0.j  1.+0.j  1.+0.j -1.+0.j -1.+0.j -1.+0.j
 -1.+0.j  1.+0.j  1.+0.j -1.+0.j -1.+0.j  1.+0.j -1.+0.j  1.+0.j  1.+0.j -1.+0.j -1.+0.j  1.+0.j -1.+0.j -1.+0.j
  1.+0.j -1.+0.j  1.+0.j -1.+0.j -1.+0.j -1.+0.j  1.+0.j  1.+0.j  1.+0.j  1.+0.j  1.+0.j  1.+0.j  1.+0.j -1.+0.j
 -1.+0.j  1.+0.j  1.+0.j  1.+0.j  1.+0.j  1.+0.j  1.+0.j -1.+0.j -1.+0.j -1.+0.j  1.+0.j -1.+0.j  1.+0.j -1.+0.j
  1.+0.j  1.+0.j  1.+0.j  1.+0.j -1.+0.j  1.+0.j  1.+0.j  1.+0.j  1.+0.j  1.+0.j  1.+0.j -1.+0.j  1.+0.j  1.+0.j
 -1.+0.j  1.+0.j -1.+0.j -1.+0.j  1.+0.j  1.+0.j  1.+0.j  1.+0.j  1.+0.j -1.+0.j  1.+0.j -1.+0.j  1.+0.j -1.+0.j
 -1.+0.j  1.+0.j  1.+0.j -1.+0.j  1.+0.j -1.+0.j -1.+0.j  1.+0.j  1.+0.j  1.+0.j  1.+0.j  1.+0.j  1.+0.j -1.+0.j
 -1.+0.j  1.+0.j -1.+0.j  1.+0.j  1.+0.j -1.+0.j  1.-0.j  1.-0.j  1.-0.j  1.-0.j  1.-0.j  1.-0.j  1.-0.j  1.-0.j
  1.-0.j  1.-0.j  1.-0.j  1.-0.j -1.+0.j  1.-0.j  1.-0.j  1.-0.j  1.-0.j -1.+0.j -1.+0.j  1.-0.j  1.-0.j  1.-0.j
 -1.+0.j -1.+0.j  1.-0.j -1.+0.j -1.+0.j -1.+0.j -1.+0.j -1.+0.j -1.+0.j  1.-0.j -1.+0.j -1.+0.j  1.-0.j  1.-0.j
  1.-0.j  1.-0.j -1.+0.j -1.+0.j  1.-0.j  1.-0.j -1.+0.j  1.-0.j -1.+0.j -1.+0.j  1.-0.j  1.-0.j -1.+0.j  1.-0.j
  1.-0.j -1.+0.j  1.-0.j -1.+0.j  1.-0.j  1.-0.j  1.-0.j -1.+0.j -1.+0.j -1.+0.j -1.+0.j -1.+0.j -1.+0.j -1.+0.j
  1.-0.j  1.-0.j -1.+0.j -1.+0.j -1.+0.j -1.+0.j -1.+0.j -1.+0.j  1.-0.j  1.-0.j  1.-0.j -1.+0.j  1.-0.j -1.+0.j
  1.-0.j -1.+0.j -1.+0.j -1.+0.j -1.+0.j  1.-0.j -1.+0.j -1.+0.j -1.+0.j -1.+0.j -1.+0.j -1.+0.j  1.-0.j -1.+0.j
 -1.+0.j  1.-0.j -1.+0.j  1.-0.j  1.-0.j -1.+0.j -1.+0.j -1.+0.j -1.+0.j -1.+0.j  1.-0.j -1.+0.j  1.-0.j -1.+0.j
  1.-0.j  1.-0.j -1.+0.j -1.+0.j  1.-0.j -1.+0.j  1.-0.j  1.-0.j -1.+0.j -1.+0.j -1.+0.j -1.+0.j -1.+0.j -1.+0.j
  1.-0.j  1.-0.j -1.+0.j  1.-0.j -1.+0.j -1.+0.j  1.-0.j -1.+0.j -1.+0.j -1.+0.j -1.+0.j -1.+0.j -1.+0.j -1.+0.j
 -1.+0.j -1.+0.j -1.+0.j -1.+0.j -1.+0.j  1.+0.j -1.+0.j -1.+0.j -1.+0.j -1.+0.j  1.+0.j  1.+0.j -1.+0.j -1.+0.j
 -1.+0.j  1.+0.j  1.+0.j -1.+0.j  1.+0.j  1.+0.j  1.+0.j  1.+0.j  1.+0.j  1.+0.j -1.+0.j  1.+0.j  1.+0.j -1.+0.j
 -1.+0.j -1.+0.j -1.+0.j  1.+0.j  1.+0.j -1.+0.j -1.+0.j  1.+0.j -1.+0.j  1.+0.j  1.+0.j -1.+0.j -1.+0.j  1.+0.j
 -1.+0.j -1.+0.j  1.+0.j -1.+0.j  1.+0.j -1.+0.j -1.+0.j -1.+0.j  1.+0.j  1.+0.j  1.+0.j  1.+0.j  1.+0.j  1.+0.j
  1.+0.j -1.+0.j -1.+0.j  1.+0.j  1.+0.j  1.+0.j  1.+0.j  1.+0.j  1.+0.j -1.+0.j -1.+0.j -1.+0.j  1.+0.j -1.+0.j
  1.+0.j -1.+0.j  1.+0.j  1.+0.j  1.+0.j  1.+0.j -1.+0.j  1.+0.j  1.+0.j  1.+0.j  1.+0.j  1.+0.j  1.+0.j -1.+0.j
  1.+0.j  1.+0.j -1.+0.j  1.+0.j -1.+0.j -1.+0.j  1.+0.j  1.+0.j  1.+0.j  1.+0.j  1.+0.j -1.+0.j  1.+0.j -1.+0.j
  1.+0.j -1.+0.j -1.+0.j  1.+0.j  1.+0.j -1.+0.j  1.+0.j -1.+0.j -1.+0.j  1.+0.j  1.+0.j  1.+0.j  1.+0.j  1.+0.j
  1.+0.j -1.+0.j -1.+0.j  1.+0.j -1.+0.j  1.+0.j  1.+0.j -1.+0.j]
2025-08-29 11:52:01 [INFO] Processing 4572 samples from tag 0
2025-08-29 11:52:01 [INFO] Expected number of bits: 36
2025-08-29 11:52:01 [DEBUG] coarse freq offset: 27.61162179907842
2025-08-29 11:52:01 [INFO] offset: 2045
2025-08-29 11:52:01 [INFO] value of correlation at offset: 1180
2025-08-29 11:52:01 [INFO] Synced received bits (4): [0.0, 1.0, 1.0, 0.0]
2025-08-29 11:52:01 [INFO] Transmitted payload bits(4): [1 1 0 1]
2025-08-29 11:52:01 [INFO] Sync word correlation: 1180
2025-08-29 11:52:01 [INFO] BER: 0.75
2025-08-29 11:54:22 [DEBUG] **** New run with CLI arguments: Namespace(source='sim', file=None, verbose=3, n_tags=1)
2025-08-29 11:54:22 [DEBUG] Generating simulated samples for 1 tags
2025-08-29 11:54:22 [INFO] simulated packet metadata: SimulatedPacket(tag_id=0, preamble_bits=array([1, 1, 1, 1, 1, 1, 1, 1, 1, 1, 1, 1, 1, 1, 1, 1]), sync_bits=array([0, 1, 0, 1, 1, 0, 0, 1, 1, 1, 1, 1, 0, 0, 0, 0]), payload_bits=array([1, 1, 0, 1]), sps=1, all_bits=array([1, 1, 1, 1, 1, 1, 1, 1, 1, 1, 1, 1, 1, 1, 1, 1, 0, 1, 0, 1, 1, 0, 0, 1, 1, 1, 1, 1, 0, 0, 0, 0, 1, 1, 0, 1]), goldcode=array([-1, -1, -1, -1, -1, -1, -1, -1, -1, -1, -1, -1,  1, -1, -1, -1, -1,  1,  1, -1, -1, -1,  1,  1, -1,  1,  1,  1,
        1,  1,  1, -1,  1,  1, -1, -1, -1, -1,  1,  1, -1, -1,  1, -1,  1,  1, -1, -1,  1, -1, -1,  1, -1,  1, -1, -1,
       -1,  1,  1,  1,  1,  1,  1,  1, -1, -1,  1,  1,  1,  1,  1,  1, -1, -1, -1,  1, -1,  1, -1,  1,  1,  1,  1, -1,
        1,  1,  1,  1,  1,  1, -1,  1,  1, -1,  1, -1, -1,  1,  1,  1,  1,  1, -1,  1, -1,  1, -1, -1,  1,  1, -1,  1,
       -1, -1,  1,  1,  1,  1,  1,  1, -1, -1,  1, -1,  1,  1, -1]), samples=None, snr_db=15.0, frequency_offset_hz=500.0, time_delay_sec=0.002)
2025-08-29 11:54:22 [INFO] Packet to demod: [-1.+0.j -1.+0.j -1.+0.j -1.+0.j -1.+0.j -1.+0.j -1.+0.j -1.+0.j -1.+0.j -1.+0.j -1.+0.j -1.+0.j  1.+0.j -1.+0.j
 -1.+0.j -1.+0.j -1.+0.j  1.+0.j  1.+0.j -1.+0.j -1.+0.j -1.+0.j  1.+0.j  1.+0.j -1.+0.j  1.+0.j  1.+0.j  1.+0.j
  1.+0.j  1.+0.j  1.+0.j -1.+0.j  1.+0.j  1.+0.j -1.+0.j -1.+0.j -1.+0.j -1.+0.j  1.+0.j  1.+0.j -1.+0.j -1.+0.j
  1.+0.j -1.+0.j  1.+0.j  1.+0.j -1.+0.j -1.+0.j  1.+0.j -1.+0.j -1.+0.j  1.+0.j -1.+0.j  1.+0.j -1.+0.j -1.+0.j
 -1.+0.j  1.+0.j  1.+0.j  1.+0.j  1.+0.j  1.+0.j  1.+0.j  1.+0.j -1.+0.j -1.+0.j  1.+0.j  1.+0.j  1.+0.j  1.+0.j
  1.+0.j  1.+0.j -1.+0.j -1.+0.j -1.+0.j  1.+0.j -1.+0.j  1.+0.j -1.+0.j  1.+0.j  1.+0.j  1.+0.j  1.+0.j -1.+0.j
  1.+0.j  1.+0.j  1.+0.j  1.+0.j  1.+0.j  1.+0.j -1.+0.j  1.+0.j  1.+0.j -1.+0.j  1.+0.j -1.+0.j -1.+0.j  1.+0.j
  1.+0.j  1.+0.j  1.+0.j  1.+0.j -1.+0.j  1.+0.j -1.+0.j  1.+0.j -1.+0.j -1.+0.j  1.+0.j  1.+0.j -1.+0.j  1.+0.j
 -1.+0.j -1.+0.j  1.+0.j  1.+0.j  1.+0.j  1.+0.j  1.+0.j  1.+0.j -1.+0.j -1.+0.j  1.+0.j -1.+0.j  1.+0.j  1.+0.j
 -1.+0.j -1.+0.j -1.+0.j -1.+0.j -1.+0.j -1.+0.j -1.+0.j -1.+0.j -1.+0.j -1.+0.j -1.+0.j -1.+0.j -1.+0.j  1.+0.j
 -1.+0.j -1.+0.j -1.+0.j -1.+0.j  1.+0.j  1.+0.j -1.+0.j -1.+0.j -1.+0.j  1.+0.j  1.+0.j -1.+0.j  1.+0.j  1.+0.j
  1.+0.j  1.+0.j  1.+0.j  1.+0.j -1.+0.j  1.+0.j  1.+0.j -1.+0.j -1.+0.j -1.+0.j -1.+0.j  1.+0.j  1.+0.j -1.+0.j
 -1.+0.j  1.+0.j -1.+0.j  1.+0.j  1.+0.j -1.+0.j -1.+0.j  1.+0.j -1.+0.j -1.+0.j  1.+0.j -1.+0.j  1.+0.j -1.+0.j
 -1.+0.j -1.+0.j  1.+0.j  1.+0.j  1.+0.j  1.+0.j  1.+0.j  1.+0.j  1.+0.j -1.+0.j -1.+0.j  1.+0.j  1.+0.j  1.+0.j
  1.+0.j  1.+0.j  1.+0.j -1.+0.j -1.+0.j -1.+0.j  1.+0.j -1.+0.j  1.+0.j -1.+0.j  1.+0.j  1.+0.j  1.+0.j  1.+0.j
 -1.+0.j  1.+0.j  1.+0.j  1.+0.j  1.+0.j  1.+0.j  1.+0.j -1.+0.j  1.+0.j  1.+0.j -1.+0.j  1.+0.j -1.+0.j -1.+0.j
  1.+0.j  1.+0.j  1.+0.j  1.+0.j  1.+0.j -1.+0.j  1.+0.j -1.+0.j  1.+0.j -1.+0.j -1.+0.j  1.+0.j  1.+0.j -1.+0.j
  1.+0.j -1.+0.j -1.+0.j  1.+0.j  1.+0.j  1.+0.j  1.+0.j  1.+0.j  1.+0.j -1.+0.j -1.+0.j  1.+0.j -1.+0.j  1.+0.j
  1.+0.j -1.+0.j -1.+0.j -1.+0.j -1.+0.j -1.+0.j -1.+0.j -1.+0.j -1.+0.j -1.+0.j -1.+0.j -1.+0.j -1.+0.j -1.+0.j
  1.+0.j -1.+0.j -1.+0.j -1.+0.j -1.+0.j  1.+0.j  1.+0.j -1.+0.j -1.+0.j -1.+0.j  1.+0.j  1.+0.j -1.+0.j  1.+0.j
  1.+0.j  1.+0.j  1.+0.j  1.+0.j  1.+0.j -1.+0.j  1.+0.j  1.+0.j -1.+0.j -1.+0.j -1.+0.j -1.+0.j  1.+0.j  1.+0.j
 -1.+0.j -1.+0.j  1.+0.j -1.+0.j  1.+0.j  1.+0.j -1.+0.j -1.+0.j  1.+0.j -1.+0.j -1.+0.j  1.+0.j -1.+0.j  1.+0.j
 -1.+0.j -1.+0.j -1.+0.j  1.+0.j  1.+0.j  1.+0.j  1.+0.j  1.+0.j  1.+0.j  1.+0.j -1.+0.j -1.+0.j  1.+0.j  1.+0.j
  1.+0.j  1.+0.j  1.+0.j  1.+0.j -1.+0.j -1.+0.j -1.+0.j  1.+0.j -1.+0.j  1.+0.j -1.+0.j  1.+0.j  1.+0.j  1.+0.j
  1.+0.j -1.+0.j  1.+0.j  1.+0.j  1.+0.j  1.+0.j  1.+0.j  1.+0.j -1.+0.j  1.+0.j  1.+0.j -1.+0.j  1.+0.j -1.+0.j
 -1.+0.j  1.+0.j  1.+0.j  1.+0.j  1.+0.j  1.+0.j -1.+0.j  1.+0.j -1.+0.j  1.+0.j -1.+0.j -1.+0.j  1.+0.j  1.+0.j
 -1.+0.j  1.+0.j -1.+0.j -1.+0.j  1.+0.j  1.+0.j  1.+0.j  1.+0.j  1.+0.j  1.+0.j -1.+0.j -1.+0.j  1.+0.j -1.+0.j
  1.+0.j  1.+0.j -1.+0.j -1.+0.j -1.+0.j -1.+0.j -1.+0.j -1.+0.j -1.+0.j -1.+0.j -1.+0.j -1.+0.j -1.+0.j -1.+0.j
 -1.+0.j  1.+0.j -1.+0.j -1.+0.j -1.+0.j -1.+0.j  1.+0.j  1.+0.j -1.+0.j -1.+0.j -1.+0.j  1.+0.j  1.+0.j -1.+0.j
  1.+0.j  1.+0.j  1.+0.j  1.+0.j  1.+0.j  1.+0.j -1.+0.j  1.+0.j  1.+0.j -1.+0.j -1.+0.j -1.+0.j -1.+0.j  1.+0.j
  1.+0.j -1.+0.j -1.+0.j  1.+0.j -1.+0.j  1.+0.j  1.+0.j -1.+0.j -1.+0.j  1.+0.j -1.+0.j -1.+0.j  1.+0.j -1.+0.j
  1.+0.j -1.+0.j -1.+0.j -1.+0.j  1.+0.j  1.+0.j  1.+0.j  1.+0.j  1.+0.j  1.+0.j  1.+0.j -1.+0.j -1.+0.j  1.+0.j
  1.+0.j  1.+0.j  1.+0.j  1.+0.j  1.+0.j -1.+0.j -1.+0.j -1.+0.j  1.+0.j -1.+0.j  1.+0.j -1.+0.j  1.+0.j  1.+0.j
  1.+0.j  1.+0.j -1.+0.j  1.+0.j  1.+0.j  1.+0.j  1.+0.j  1.+0.j  1.+0.j -1.+0.j  1.+0.j  1.+0.j -1.+0.j  1.+0.j
 -1.+0.j -1.+0.j  1.+0.j  1.+0.j  1.+0.j  1.+0.j  1.+0.j -1.+0.j  1.+0.j -1.+0.j  1.+0.j -1.+0.j -1.+0.j  1.+0.j
  1.+0.j -1.+0.j  1.+0.j -1.+0.j -1.+0.j  1.+0.j  1.+0.j  1.+0.j  1.+0.j  1.+0.j  1.+0.j -1.+0.j -1.+0.j  1.+0.j
 -1.+0.j  1.+0.j  1.+0.j -1.+0.j -1.+0.j -1.+0.j -1.+0.j -1.+0.j -1.+0.j -1.+0.j -1.+0.j -1.+0.j -1.+0.j -1.+0.j
 -1.+0.j -1.+0.j  1.+0.j -1.+0.j -1.+0.j -1.+0.j -1.+0.j  1.+0.j  1.+0.j -1.+0.j -1.+0.j -1.+0.j  1.+0.j  1.+0.j
 -1.+0.j  1.+0.j  1.+0.j  1.+0.j  1.+0.j  1.+0.j  1.+0.j -1.+0.j  1.+0.j  1.+0.j -1.+0.j -1.+0.j -1.+0.j -1.+0.j
  1.+0.j  1.+0.j -1.+0.j -1.+0.j  1.+0.j -1.+0.j  1.+0.j  1.+0.j -1.+0.j -1.+0.j  1.+0.j -1.+0.j -1.+0.j  1.+0.j
 -1.+0.j  1.+0.j -1.+0.j -1.+0.j -1.+0.j  1.+0.j  1.+0.j  1.+0.j  1.+0.j  1.+0.j  1.+0.j  1.+0.j -1.+0.j -1.+0.j
  1.+0.j  1.+0.j  1.+0.j  1.+0.j  1.+0.j  1.+0.j -1.+0.j -1.+0.j -1.+0.j  1.+0.j -1.+0.j  1.+0.j -1.+0.j  1.+0.j
  1.+0.j  1.+0.j  1.+0.j -1.+0.j  1.+0.j  1.+0.j  1.+0.j  1.+0.j  1.+0.j  1.+0.j -1.+0.j  1.+0.j  1.+0.j -1.+0.j
  1.+0.j -1.+0.j -1.+0.j  1.+0.j  1.+0.j  1.+0.j  1.+0.j  1.+0.j -1.+0.j  1.+0.j -1.+0.j  1.+0.j -1.+0.j -1.+0.j
  1.+0.j  1.+0.j -1.+0.j  1.+0.j -1.+0.j -1.+0.j  1.+0.j  1.+0.j  1.+0.j  1.+0.j  1.+0.j  1.+0.j -1.+0.j -1.+0.j
  1.+0.j -1.+0.j  1.+0.j  1.+0.j -1.+0.j -1.+0.j -1.+0.j -1.+0.j -1.+0.j -1.+0.j -1.+0.j -1.+0.j -1.+0.j -1.+0.j
 -1.+0.j -1.+0.j -1.+0.j  1.+0.j -1.+0.j -1.+0.j -1.+0.j -1.+0.j  1.+0.j  1.+0.j -1.+0.j -1.+0.j -1.+0.j  1.+0.j
  1.+0.j -1.+0.j  1.+0.j  1.+0.j  1.+0.j  1.+0.j  1.+0.j  1.+0.j -1.+0.j  1.+0.j  1.+0.j -1.+0.j -1.+0.j -1.+0.j
 -1.+0.j  1.+0.j  1.+0.j -1.+0.j -1.+0.j  1.+0.j -1.+0.j  1.+0.j  1.+0.j -1.+0.j -1.+0.j  1.+0.j -1.+0.j -1.+0.j
  1.+0.j -1.+0.j  1.+0.j -1.+0.j -1.+0.j -1.+0.j  1.+0.j  1.+0.j  1.+0.j  1.+0.j  1.+0.j  1.+0.j  1.+0.j -1.+0.j
 -1.+0.j  1.+0.j  1.+0.j  1.+0.j  1.+0.j  1.+0.j  1.+0.j -1.+0.j -1.+0.j -1.+0.j  1.+0.j -1.+0.j  1.+0.j -1.+0.j
  1.+0.j  1.+0.j  1.+0.j  1.+0.j -1.+0.j  1.+0.j  1.+0.j  1.+0.j  1.+0.j  1.+0.j  1.+0.j -1.+0.j  1.+0.j  1.+0.j
 -1.+0.j  1.+0.j -1.+0.j -1.+0.j  1.+0.j  1.+0.j  1.+0.j  1.+0.j  1.+0.j -1.+0.j  1.+0.j -1.+0.j  1.+0.j -1.+0.j
 -1.+0.j  1.+0.j  1.+0.j -1.+0.j  1.+0.j -1.+0.j -1.+0.j  1.+0.j  1.+0.j  1.+0.j  1.+0.j  1.+0.j  1.+0.j -1.+0.j
 -1.+0.j  1.+0.j -1.+0.j  1.+0.j  1.+0.j -1.+0.j -1.+0.j -1.+0.j -1.+0.j -1.+0.j -1.+0.j -1.+0.j -1.+0.j -1.+0.j
 -1.+0.j -1.+0.j -1.+0.j -1.+0.j  1.+0.j -1.+0.j -1.+0.j -1.+0.j -1.+0.j  1.+0.j  1.+0.j -1.+0.j -1.+0.j -1.+0.j
  1.+0.j  1.+0.j -1.+0.j  1.+0.j  1.+0.j  1.+0.j  1.+0.j  1.+0.j  1.+0.j -1.+0.j  1.+0.j  1.+0.j -1.+0.j -1.+0.j
 -1.+0.j -1.+0.j  1.+0.j  1.+0.j -1.+0.j -1.+0.j  1.+0.j -1.+0.j  1.+0.j  1.+0.j -1.+0.j -1.+0.j  1.+0.j -1.+0.j
 -1.+0.j  1.+0.j -1.+0.j  1.+0.j -1.+0.j -1.+0.j -1.+0.j  1.+0.j  1.+0.j  1.+0.j  1.+0.j  1.+0.j  1.+0.j  1.+0.j
 -1.+0.j -1.+0.j  1.+0.j  1.+0.j  1.+0.j  1.+0.j  1.+0.j  1.+0.j -1.+0.j -1.+0.j -1.+0.j  1.+0.j -1.+0.j  1.+0.j
 -1.+0.j  1.+0.j  1.+0.j  1.+0.j  1.+0.j -1.+0.j  1.+0.j  1.+0.j  1.+0.j  1.+0.j  1.+0.j  1.+0.j -1.+0.j  1.+0.j
  1.+0.j -1.+0.j  1.+0.j -1.+0.j -1.+0.j  1.+0.j  1.+0.j  1.+0.j  1.+0.j  1.+0.j -1.+0.j  1.+0.j -1.+0.j  1.+0.j
 -1.+0.j -1.+0.j  1.+0.j  1.+0.j -1.+0.j  1.+0.j -1.+0.j -1.+0.j  1.+0.j  1.+0.j  1.+0.j  1.+0.j  1.+0.j  1.+0.j
 -1.+0.j -1.+0.j  1.+0.j -1.+0.j  1.+0.j  1.+0.j -1.+0.j -1.+0.j -1.+0.j -1.+0.j -1.+0.j -1.+0.j -1.+0.j -1.+0.j
 -1.+0.j -1.+0.j -1.+0.j -1.+0.j -1.+0.j  1.+0.j -1.+0.j -1.+0.j -1.+0.j -1.+0.j  1.+0.j  1.+0.j -1.+0.j -1.+0.j
 -1.+0.j  1.+0.j  1.+0.j -1.+0.j  1.+0.j  1.+0.j  1.+0.j  1.+0.j  1.+0.j  1.+0.j -1.+0.j  1.+0.j  1.+0.j -1.+0.j
 -1.+0.j -1.+0.j -1.+0.j  1.+0.j  1.+0.j -1.+0.j -1.+0.j  1.+0.j -1.+0.j  1.+0.j  1.+0.j -1.+0.j -1.+0.j  1.+0.j
 -1.+0.j -1.+0.j  1.+0.j -1.+0.j  1.+0.j -1.+0.j -1.+0.j -1.+0.j  1.+0.j  1.+0.j  1.+0.j  1.+0.j  1.+0.j  1.+0.j
  1.+0.j -1.+0.j -1.+0.j  1.+0.j  1.+0.j  1.+0.j  1.+0.j  1.+0.j  1.+0.j -1.+0.j -1.+0.j -1.+0.j  1.+0.j -1.+0.j
  1.+0.j -1.+0.j  1.+0.j  1.+0.j  1.+0.j  1.+0.j -1.+0.j  1.+0.j  1.+0.j  1.+0.j  1.+0.j  1.+0.j  1.+0.j -1.+0.j
  1.+0.j  1.+0.j -1.+0.j  1.+0.j -1.+0.j -1.+0.j  1.+0.j  1.+0.j  1.+0.j  1.+0.j  1.+0.j -1.+0.j  1.+0.j -1.+0.j
  1.+0.j -1.+0.j -1.+0.j  1.+0.j  1.+0.j -1.+0.j  1.+0.j -1.+0.j -1.+0.j  1.+0.j  1.+0.j  1.+0.j  1.+0.j  1.+0.j
  1.+0.j -1.+0.j -1.+0.j  1.+0.j -1.+0.j  1.+0.j  1.+0.j -1.+0.j -1.+0.j -1.+0.j -1.+0.j -1.+0.j -1.+0.j -1.+0.j
 -1.+0.j -1.+0.j -1.+0.j -1.+0.j -1.+0.j -1.+0.j  1.+0.j -1.+0.j -1.+0.j -1.+0.j -1.+0.j  1.+0.j  1.+0.j -1.+0.j
 -1.+0.j -1.+0.j  1.+0.j  1.+0.j -1.+0.j  1.+0.j  1.+0.j  1.+0.j  1.+0.j  1.+0.j  1.+0.j -1.+0.j  1.+0.j  1.+0.j
 -1.+0.j -1.+0.j -1.+0.j -1.+0.j  1.+0.j  1.+0.j -1.+0.j -1.+0.j  1.+0.j -1.+0.j  1.+0.j  1.+0.j -1.+0.j -1.+0.j
  1.+0.j -1.+0.j -1.+0.j  1.+0.j -1.+0.j  1.+0.j -1.+0.j -1.+0.j -1.+0.j  1.+0.j  1.+0.j  1.+0.j  1.+0.j  1.+0.j
  1.+0.j  1.+0.j -1.+0.j -1.+0.j  1.+0.j  1.+0.j  1.+0.j  1.+0.j  1.+0.j  1.+0.j -1.+0.j -1.+0.j -1.+0.j  1.+0.j
 -1.+0.j  1.+0.j -1.+0.j  1.+0.j  1.+0.j  1.+0.j  1.+0.j -1.+0.j  1.+0.j  1.+0.j  1.+0.j  1.+0.j  1.+0.j  1.+0.j
 -1.+0.j  1.+0.j  1.+0.j -1.+0.j  1.+0.j -1.+0.j -1.+0.j  1.+0.j  1.+0.j  1.+0.j  1.+0.j  1.+0.j -1.+0.j  1.+0.j
 -1.+0.j  1.+0.j -1.+0.j -1.+0.j  1.+0.j  1.+0.j -1.+0.j  1.+0.j -1.+0.j -1.+0.j  1.+0.j  1.+0.j  1.+0.j  1.+0.j
  1.+0.j  1.+0.j -1.+0.j -1.+0.j  1.+0.j -1.+0.j  1.+0.j  1.+0.j -1.+0.j -1.+0.j -1.+0.j -1.+0.j -1.+0.j -1.+0.j
 -1.+0.j -1.+0.j -1.+0.j -1.+0.j -1.+0.j -1.+0.j -1.+0.j  1.+0.j -1.+0.j -1.+0.j -1.+0.j -1.+0.j  1.+0.j  1.+0.j
 -1.+0.j -1.+0.j -1.+0.j  1.+0.j  1.+0.j -1.+0.j  1.+0.j  1.+0.j  1.+0.j  1.+0.j  1.+0.j  1.+0.j -1.+0.j  1.+0.j
  1.+0.j -1.+0.j -1.+0.j -1.+0.j -1.+0.j  1.+0.j  1.+0.j -1.+0.j -1.+0.j  1.+0.j -1.+0.j  1.+0.j  1.+0.j -1.+0.j
 -1.+0.j  1.+0.j -1.+0.j -1.+0.j  1.+0.j -1.+0.j  1.+0.j -1.+0.j -1.+0.j -1.+0.j  1.+0.j  1.+0.j  1.+0.j  1.+0.j
  1.+0.j  1.+0.j  1.+0.j -1.+0.j -1.+0.j  1.+0.j  1.+0.j  1.+0.j  1.+0.j  1.+0.j  1.+0.j -1.+0.j -1.+0.j -1.+0.j
  1.+0.j -1.+0.j  1.+0.j -1.+0.j  1.+0.j  1.+0.j  1.+0.j  1.+0.j -1.+0.j  1.+0.j  1.+0.j  1.+0.j  1.+0.j  1.+0.j
  1.+0.j -1.+0.j  1.+0.j  1.+0.j -1.+0.j  1.+0.j -1.+0.j -1.+0.j  1.+0.j  1.+0.j  1.+0.j  1.+0.j  1.+0.j -1.+0.j
  1.+0.j -1.+0.j  1.+0.j -1.+0.j -1.+0.j  1.+0.j  1.+0.j -1.+0.j  1.+0.j -1.+0.j -1.+0.j  1.+0.j  1.+0.j  1.+0.j
  1.+0.j  1.+0.j  1.+0.j -1.+0.j -1.+0.j  1.+0.j -1.+0.j  1.+0.j  1.+0.j -1.+0.j -1.+0.j -1.+0.j -1.+0.j -1.+0.j
 -1.+0.j -1.+0.j -1.+0.j -1.+0.j -1.+0.j -1.+0.j -1.+0.j -1.+0.j  1.+0.j -1.+0.j -1.+0.j -1.+0.j -1.+0.j  1.+0.j
  1.+0.j -1.+0.j -1.+0.j -1.+0.j  1.+0.j  1.+0.j -1.+0.j  1.+0.j  1.+0.j  1.+0.j  1.+0.j  1.+0.j  1.+0.j -1.+0.j
  1.+0.j  1.+0.j -1.+0.j -1.+0.j -1.+0.j -1.+0.j  1.+0.j  1.+0.j -1.+0.j -1.+0.j  1.+0.j -1.+0.j  1.+0.j  1.+0.j
 -1.+0.j -1.+0.j  1.+0.j -1.+0.j -1.+0.j  1.+0.j -1.+0.j  1.+0.j -1.+0.j -1.+0.j -1.+0.j  1.+0.j  1.+0.j  1.+0.j
  1.+0.j  1.+0.j  1.+0.j  1.+0.j -1.+0.j -1.+0.j  1.+0.j  1.+0.j  1.+0.j  1.+0.j  1.+0.j  1.+0.j -1.+0.j -1.+0.j
 -1.+0.j  1.+0.j -1.+0.j  1.+0.j -1.+0.j  1.+0.j  1.+0.j  1.+0.j  1.+0.j -1.+0.j  1.+0.j  1.+0.j  1.+0.j  1.+0.j
  1.+0.j  1.+0.j -1.+0.j  1.+0.j  1.+0.j -1.+0.j  1.+0.j -1.+0.j -1.+0.j  1.+0.j  1.+0.j  1.+0.j  1.+0.j  1.+0.j
 -1.+0.j  1.+0.j -1.+0.j  1.+0.j -1.+0.j -1.+0.j  1.+0.j  1.+0.j -1.+0.j  1.+0.j -1.+0.j -1.+0.j  1.+0.j  1.+0.j
  1.+0.j  1.+0.j  1.+0.j  1.+0.j -1.+0.j -1.+0.j  1.+0.j -1.+0.j  1.+0.j  1.+0.j -1.+0.j -1.+0.j -1.+0.j -1.+0.j
 -1.+0.j -1.+0.j -1.+0.j -1.+0.j -1.+0.j -1.+0.j -1.+0.j -1.+0.j -1.+0.j  1.+0.j -1.+0.j -1.+0.j -1.+0.j -1.+0.j
  1.+0.j  1.+0.j -1.+0.j -1.+0.j -1.+0.j  1.+0.j  1.+0.j -1.+0.j  1.+0.j  1.+0.j  1.+0.j  1.+0.j  1.+0.j  1.+0.j
 -1.+0.j  1.+0.j  1.+0.j -1.+0.j -1.+0.j -1.+0.j -1.+0.j  1.+0.j  1.+0.j -1.+0.j -1.+0.j  1.+0.j -1.+0.j  1.+0.j
  1.+0.j -1.+0.j -1.+0.j  1.+0.j -1.+0.j -1.+0.j  1.+0.j -1.+0.j  1.+0.j -1.+0.j -1.+0.j -1.+0.j  1.+0.j  1.+0.j
  1.+0.j  1.+0.j  1.+0.j  1.+0.j  1.+0.j -1.+0.j -1.+0.j  1.+0.j  1.+0.j  1.+0.j  1.+0.j  1.+0.j  1.+0.j -1.+0.j
 -1.+0.j -1.+0.j  1.+0.j -1.+0.j  1.+0.j -1.+0.j  1.+0.j  1.+0.j  1.+0.j  1.+0.j -1.+0.j  1.+0.j  1.+0.j  1.+0.j
  1.+0.j  1.+0.j  1.+0.j -1.+0.j  1.+0.j  1.+0.j -1.+0.j  1.+0.j -1.+0.j -1.+0.j  1.+0.j  1.+0.j  1.+0.j  1.+0.j
  1.+0.j -1.+0.j  1.+0.j -1.+0.j  1.+0.j -1.+0.j -1.+0.j  1.+0.j  1.+0.j -1.+0.j  1.+0.j -1.+0.j -1.+0.j  1.+0.j
  1.+0.j  1.+0.j  1.+0.j  1.+0.j  1.+0.j -1.+0.j -1.+0.j  1.+0.j -1.+0.j  1.+0.j  1.+0.j -1.+0.j -1.+0.j -1.+0.j
 -1.+0.j -1.+0.j -1.+0.j -1.+0.j -1.+0.j -1.+0.j -1.+0.j -1.+0.j -1.+0.j -1.+0.j  1.+0.j -1.+0.j -1.+0.j -1.+0.j
 -1.+0.j  1.+0.j  1.+0.j -1.+0.j -1.+0.j -1.+0.j  1.+0.j  1.+0.j -1.+0.j  1.+0.j  1.+0.j  1.+0.j  1.+0.j  1.+0.j
  1.+0.j -1.+0.j  1.+0.j  1.+0.j -1.+0.j -1.+0.j -1.+0.j -1.+0.j  1.+0.j  1.+0.j -1.+0.j -1.+0.j  1.+0.j -1.+0.j
  1.+0.j  1.+0.j -1.+0.j -1.+0.j  1.+0.j -1.+0.j -1.+0.j  1.+0.j -1.+0.j  1.+0.j -1.+0.j -1.+0.j -1.+0.j  1.+0.j
  1.+0.j  1.+0.j  1.+0.j  1.+0.j  1.+0.j  1.+0.j -1.+0.j -1.+0.j  1.+0.j  1.+0.j  1.+0.j  1.+0.j  1.+0.j  1.+0.j
 -1.+0.j -1.+0.j -1.+0.j  1.+0.j -1.+0.j  1.+0.j -1.+0.j  1.+0.j  1.+0.j  1.+0.j  1.+0.j -1.+0.j  1.+0.j  1.+0.j
  1.+0.j  1.+0.j  1.+0.j  1.+0.j -1.+0.j  1.+0.j  1.+0.j -1.+0.j  1.+0.j -1.+0.j -1.+0.j  1.+0.j  1.+0.j  1.+0.j
  1.+0.j  1.+0.j -1.+0.j  1.+0.j -1.+0.j  1.+0.j -1.+0.j -1.+0.j  1.+0.j  1.+0.j -1.+0.j  1.+0.j -1.+0.j -1.+0.j
  1.+0.j  1.+0.j  1.+0.j  1.+0.j  1.+0.j  1.+0.j -1.+0.j -1.+0.j  1.+0.j -1.+0.j  1.+0.j  1.+0.j -1.+0.j -1.+0.j
 -1.+0.j -1.+0.j -1.+0.j -1.+0.j -1.+0.j -1.+0.j -1.+0.j -1.+0.j -1.+0.j -1.+0.j -1.+0.j  1.+0.j -1.+0.j -1.+0.j
 -1.+0.j -1.+0.j  1.+0.j  1.+0.j -1.+0.j -1.+0.j -1.+0.j  1.+0.j  1.+0.j -1.+0.j  1.+0.j  1.+0.j  1.+0.j  1.+0.j
  1.+0.j  1.+0.j -1.+0.j  1.+0.j  1.+0.j -1.+0.j -1.+0.j -1.+0.j -1.+0.j  1.+0.j  1.+0.j -1.+0.j -1.+0.j  1.+0.j
 -1.+0.j  1.+0.j  1.+0.j -1.+0.j -1.+0.j  1.+0.j -1.+0.j -1.+0.j  1.+0.j -1.+0.j  1.+0.j -1.+0.j -1.+0.j -1.+0.j
  1.+0.j  1.+0.j  1.+0.j  1.+0.j  1.+0.j  1.+0.j  1.+0.j -1.+0.j -1.+0.j  1.+0.j  1.+0.j  1.+0.j  1.+0.j  1.+0.j
  1.+0.j -1.+0.j -1.+0.j -1.+0.j  1.+0.j -1.+0.j  1.+0.j -1.+0.j  1.+0.j  1.+0.j  1.+0.j  1.+0.j -1.+0.j  1.+0.j
  1.+0.j  1.+0.j  1.+0.j  1.+0.j  1.+0.j -1.+0.j  1.+0.j  1.+0.j -1.+0.j  1.+0.j -1.+0.j -1.+0.j  1.+0.j  1.+0.j
  1.+0.j  1.+0.j  1.+0.j -1.+0.j  1.+0.j -1.+0.j  1.+0.j -1.+0.j -1.+0.j  1.+0.j  1.+0.j -1.+0.j  1.+0.j -1.+0.j
 -1.+0.j  1.+0.j  1.+0.j  1.+0.j  1.+0.j  1.+0.j  1.+0.j -1.+0.j -1.+0.j  1.+0.j -1.+0.j  1.+0.j  1.+0.j -1.+0.j
 -1.+0.j -1.+0.j -1.+0.j -1.+0.j -1.+0.j -1.+0.j -1.+0.j -1.+0.j -1.+0.j -1.+0.j -1.+0.j -1.+0.j  1.+0.j -1.+0.j
 -1.+0.j -1.+0.j -1.+0.j  1.+0.j  1.+0.j -1.+0.j -1.+0.j -1.+0.j  1.+0.j  1.+0.j -1.+0.j  1.+0.j  1.+0.j  1.+0.j
  1.+0.j  1.+0.j  1.+0.j -1.+0.j  1.+0.j  1.+0.j -1.+0.j -1.+0.j -1.+0.j -1.+0.j  1.+0.j  1.+0.j -1.+0.j -1.+0.j
  1.+0.j -1.+0.j  1.+0.j  1.+0.j -1.+0.j -1.+0.j  1.+0.j -1.+0.j -1.+0.j  1.+0.j -1.+0.j  1.+0.j -1.+0.j -1.+0.j
 -1.+0.j  1.+0.j  1.+0.j  1.+0.j  1.+0.j  1.+0.j  1.+0.j  1.+0.j -1.+0.j -1.+0.j  1.+0.j  1.+0.j  1.+0.j  1.+0.j
  1.+0.j  1.+0.j -1.+0.j -1.+0.j -1.+0.j  1.+0.j -1.+0.j  1.+0.j -1.+0.j  1.+0.j  1.+0.j  1.+0.j  1.+0.j -1.+0.j
  1.+0.j  1.+0.j  1.+0.j  1.+0.j  1.+0.j  1.+0.j -1.+0.j  1.+0.j  1.+0.j -1.+0.j  1.+0.j -1.+0.j -1.+0.j  1.+0.j
  1.+0.j  1.+0.j  1.+0.j  1.+0.j -1.+0.j  1.+0.j -1.+0.j  1.+0.j -1.+0.j -1.+0.j  1.+0.j  1.+0.j -1.+0.j  1.+0.j
 -1.+0.j -1.+0.j  1.+0.j  1.+0.j  1.+0.j  1.+0.j  1.+0.j  1.+0.j -1.+0.j -1.+0.j  1.+0.j -1.+0.j  1.+0.j  1.+0.j
 -1.+0.j -1.+0.j -1.+0.j -1.+0.j -1.+0.j -1.+0.j -1.+0.j -1.+0.j -1.+0.j -1.+0.j -1.+0.j -1.+0.j -1.+0.j  1.+0.j
 -1.+0.j -1.+0.j -1.+0.j -1.+0.j  1.+0.j  1.+0.j -1.+0.j -1.+0.j -1.+0.j  1.+0.j  1.+0.j -1.+0.j  1.+0.j  1.+0.j
  1.+0.j  1.+0.j  1.+0.j  1.+0.j -1.+0.j  1.+0.j  1.+0.j -1.+0.j -1.+0.j -1.+0.j -1.+0.j  1.+0.j  1.+0.j -1.+0.j
 -1.+0.j  1.+0.j -1.+0.j  1.+0.j  1.+0.j -1.+0.j -1.+0.j  1.+0.j -1.+0.j -1.+0.j  1.+0.j -1.+0.j  1.+0.j -1.+0.j
 -1.+0.j -1.+0.j  1.+0.j  1.+0.j  1.+0.j  1.+0.j  1.+0.j  1.+0.j  1.+0.j -1.+0.j -1.+0.j  1.+0.j  1.+0.j  1.+0.j
  1.+0.j  1.+0.j  1.+0.j -1.+0.j -1.+0.j -1.+0.j  1.+0.j -1.+0.j  1.+0.j -1.+0.j  1.+0.j  1.+0.j  1.+0.j  1.+0.j
 -1.+0.j  1.+0.j  1.+0.j  1.+0.j  1.+0.j  1.+0.j  1.+0.j -1.+0.j  1.+0.j  1.+0.j -1.+0.j  1.+0.j -1.+0.j -1.+0.j
  1.+0.j  1.+0.j  1.+0.j  1.+0.j  1.+0.j -1.+0.j  1.+0.j -1.+0.j  1.+0.j -1.+0.j -1.+0.j  1.+0.j  1.+0.j -1.+0.j
  1.+0.j -1.+0.j -1.+0.j  1.+0.j  1.+0.j  1.+0.j  1.+0.j  1.+0.j  1.+0.j -1.+0.j -1.+0.j  1.+0.j -1.+0.j  1.+0.j
  1.+0.j -1.+0.j  1.-0.j  1.-0.j  1.-0.j  1.-0.j  1.-0.j  1.-0.j  1.-0.j  1.-0.j  1.-0.j  1.-0.j  1.-0.j  1.-0.j
 -1.+0.j  1.-0.j  1.-0.j  1.-0.j  1.-0.j -1.+0.j -1.+0.j  1.-0.j  1.-0.j  1.-0.j -1.+0.j -1.+0.j  1.-0.j -1.+0.j
 -1.+0.j -1.+0.j -1.+0.j -1.+0.j -1.+0.j  1.-0.j -1.+0.j -1.+0.j  1.-0.j  1.-0.j  1.-0.j  1.-0.j -1.+0.j -1.+0.j
  1.-0.j  1.-0.j -1.+0.j  1.-0.j -1.+0.j -1.+0.j  1.-0.j  1.-0.j -1.+0.j  1.-0.j  1.-0.j -1.+0.j  1.-0.j -1.+0.j
  1.-0.j  1.-0.j  1.-0.j -1.+0.j -1.+0.j -1.+0.j -1.+0.j -1.+0.j -1.+0.j -1.+0.j  1.-0.j  1.-0.j -1.+0.j -1.+0.j
 -1.+0.j -1.+0.j -1.+0.j -1.+0.j  1.-0.j  1.-0.j  1.-0.j -1.+0.j  1.-0.j -1.+0.j  1.-0.j -1.+0.j -1.+0.j -1.+0.j
 -1.+0.j  1.-0.j -1.+0.j -1.+0.j -1.+0.j -1.+0.j -1.+0.j -1.+0.j  1.-0.j -1.+0.j -1.+0.j  1.-0.j -1.+0.j  1.-0.j
  1.-0.j -1.+0.j -1.+0.j -1.+0.j -1.+0.j -1.+0.j  1.-0.j -1.+0.j  1.-0.j -1.+0.j  1.-0.j  1.-0.j -1.+0.j -1.+0.j
  1.-0.j -1.+0.j  1.-0.j  1.-0.j -1.+0.j -1.+0.j -1.+0.j -1.+0.j -1.+0.j -1.+0.j  1.-0.j  1.-0.j -1.+0.j  1.-0.j
 -1.+0.j -1.+0.j  1.-0.j -1.+0.j -1.+0.j -1.+0.j -1.+0.j -1.+0.j -1.+0.j -1.+0.j -1.+0.j -1.+0.j -1.+0.j -1.+0.j
 -1.+0.j  1.+0.j -1.+0.j -1.+0.j -1.+0.j -1.+0.j  1.+0.j  1.+0.j -1.+0.j -1.+0.j -1.+0.j  1.+0.j  1.+0.j -1.+0.j
  1.+0.j  1.+0.j  1.+0.j  1.+0.j  1.+0.j  1.+0.j -1.+0.j  1.+0.j  1.+0.j -1.+0.j -1.+0.j -1.+0.j -1.+0.j  1.+0.j
  1.+0.j -1.+0.j -1.+0.j  1.+0.j -1.+0.j  1.+0.j  1.+0.j -1.+0.j -1.+0.j  1.+0.j -1.+0.j -1.+0.j  1.+0.j -1.+0.j
  1.+0.j -1.+0.j -1.+0.j -1.+0.j  1.+0.j  1.+0.j  1.+0.j  1.+0.j  1.+0.j  1.+0.j  1.+0.j -1.+0.j -1.+0.j  1.+0.j
  1.+0.j  1.+0.j  1.+0.j  1.+0.j  1.+0.j -1.+0.j -1.+0.j -1.+0.j  1.+0.j -1.+0.j  1.+0.j -1.+0.j  1.+0.j  1.+0.j
  1.+0.j  1.+0.j -1.+0.j  1.+0.j  1.+0.j  1.+0.j  1.+0.j  1.+0.j  1.+0.j -1.+0.j  1.+0.j  1.+0.j -1.+0.j  1.+0.j
 -1.+0.j -1.+0.j  1.+0.j  1.+0.j  1.+0.j  1.+0.j  1.+0.j -1.+0.j  1.+0.j -1.+0.j  1.+0.j -1.+0.j -1.+0.j  1.+0.j
  1.+0.j -1.+0.j  1.+0.j -1.+0.j -1.+0.j  1.+0.j  1.+0.j  1.+0.j  1.+0.j  1.+0.j  1.+0.j -1.+0.j -1.+0.j  1.+0.j
 -1.+0.j  1.+0.j  1.+0.j -1.+0.j  1.-0.j  1.-0.j  1.-0.j  1.-0.j  1.-0.j  1.-0.j  1.-0.j  1.-0.j  1.-0.j  1.-0.j
  1.-0.j  1.-0.j -1.+0.j  1.-0.j  1.-0.j  1.-0.j  1.-0.j -1.+0.j -1.+0.j  1.-0.j  1.-0.j  1.-0.j -1.+0.j -1.+0.j
  1.-0.j -1.+0.j -1.+0.j -1.+0.j -1.+0.j -1.+0.j -1.+0.j  1.-0.j -1.+0.j -1.+0.j  1.-0.j  1.-0.j  1.-0.j  1.-0.j
 -1.+0.j -1.+0.j  1.-0.j  1.-0.j -1.+0.j  1.-0.j -1.+0.j -1.+0.j  1.-0.j  1.-0.j -1.+0.j  1.-0.j  1.-0.j -1.+0.j
  1.-0.j -1.+0.j  1.-0.j  1.-0.j  1.-0.j -1.+0.j -1.+0.j -1.+0.j -1.+0.j -1.+0.j -1.+0.j -1.+0.j  1.-0.j  1.-0.j
 -1.+0.j -1.+0.j -1.+0.j -1.+0.j -1.+0.j -1.+0.j  1.-0.j  1.-0.j  1.-0.j -1.+0.j  1.-0.j -1.+0.j  1.-0.j -1.+0.j
 -1.+0.j -1.+0.j -1.+0.j  1.-0.j -1.+0.j -1.+0.j -1.+0.j -1.+0.j -1.+0.j -1.+0.j  1.-0.j -1.+0.j -1.+0.j  1.-0.j
 -1.+0.j  1.-0.j  1.-0.j -1.+0.j -1.+0.j -1.+0.j -1.+0.j -1.+0.j  1.-0.j -1.+0.j  1.-0.j -1.+0.j  1.-0.j  1.-0.j
 -1.+0.j -1.+0.j  1.-0.j -1.+0.j  1.-0.j  1.-0.j -1.+0.j -1.+0.j -1.+0.j -1.+0.j -1.+0.j -1.+0.j  1.-0.j  1.-0.j
 -1.+0.j  1.-0.j -1.+0.j -1.+0.j  1.-0.j -1.+0.j -1.+0.j -1.+0.j -1.+0.j -1.+0.j -1.+0.j -1.+0.j -1.+0.j -1.+0.j
 -1.+0.j -1.+0.j -1.+0.j  1.+0.j -1.+0.j -1.+0.j -1.+0.j -1.+0.j  1.+0.j  1.+0.j -1.+0.j -1.+0.j -1.+0.j  1.+0.j
  1.+0.j -1.+0.j  1.+0.j  1.+0.j  1.+0.j  1.+0.j  1.+0.j  1.+0.j -1.+0.j  1.+0.j  1.+0.j -1.+0.j -1.+0.j -1.+0.j
 -1.+0.j  1.+0.j  1.+0.j -1.+0.j -1.+0.j  1.+0.j -1.+0.j  1.+0.j  1.+0.j -1.+0.j -1.+0.j  1.+0.j -1.+0.j -1.+0.j
  1.+0.j -1.+0.j  1.+0.j -1.+0.j -1.+0.j -1.+0.j  1.+0.j  1.+0.j  1.+0.j  1.+0.j  1.+0.j  1.+0.j  1.+0.j -1.+0.j
 -1.+0.j  1.+0.j  1.+0.j  1.+0.j  1.+0.j  1.+0.j  1.+0.j -1.+0.j -1.+0.j -1.+0.j  1.+0.j -1.+0.j  1.+0.j -1.+0.j
  1.+0.j  1.+0.j  1.+0.j  1.+0.j -1.+0.j  1.+0.j  1.+0.j  1.+0.j  1.+0.j  1.+0.j  1.+0.j -1.+0.j  1.+0.j  1.+0.j
 -1.+0.j  1.+0.j -1.+0.j -1.+0.j  1.+0.j  1.+0.j  1.+0.j  1.+0.j  1.+0.j -1.+0.j  1.+0.j -1.+0.j  1.+0.j -1.+0.j
 -1.+0.j  1.+0.j  1.+0.j -1.+0.j  1.+0.j -1.+0.j -1.+0.j  1.+0.j  1.+0.j  1.+0.j  1.+0.j  1.+0.j  1.+0.j -1.+0.j
 -1.+0.j  1.+0.j -1.+0.j  1.+0.j  1.+0.j -1.+0.j -1.+0.j -1.+0.j -1.+0.j -1.+0.j -1.+0.j -1.+0.j -1.+0.j -1.+0.j
 -1.+0.j -1.+0.j -1.+0.j -1.+0.j  1.+0.j -1.+0.j -1.+0.j -1.+0.j -1.+0.j  1.+0.j  1.+0.j -1.+0.j -1.+0.j -1.+0.j
  1.+0.j  1.+0.j -1.+0.j  1.+0.j  1.+0.j  1.+0.j  1.+0.j  1.+0.j  1.+0.j -1.+0.j  1.+0.j  1.+0.j -1.+0.j -1.+0.j
 -1.+0.j -1.+0.j  1.+0.j  1.+0.j -1.+0.j -1.+0.j  1.+0.j -1.+0.j  1.+0.j  1.+0.j -1.+0.j -1.+0.j  1.+0.j -1.+0.j
 -1.+0.j  1.+0.j -1.+0.j  1.+0.j -1.+0.j -1.+0.j -1.+0.j  1.+0.j  1.+0.j  1.+0.j  1.+0.j  1.+0.j  1.+0.j  1.+0.j
 -1.+0.j -1.+0.j  1.+0.j  1.+0.j  1.+0.j  1.+0.j  1.+0.j  1.+0.j -1.+0.j -1.+0.j -1.+0.j  1.+0.j -1.+0.j  1.+0.j
 -1.+0.j  1.+0.j  1.+0.j  1.+0.j  1.+0.j -1.+0.j  1.+0.j  1.+0.j  1.+0.j  1.+0.j  1.+0.j  1.+0.j -1.+0.j  1.+0.j
  1.+0.j -1.+0.j  1.+0.j -1.+0.j -1.+0.j  1.+0.j  1.+0.j  1.+0.j  1.+0.j  1.+0.j -1.+0.j  1.+0.j -1.+0.j  1.+0.j
 -1.+0.j -1.+0.j  1.+0.j  1.+0.j -1.+0.j  1.+0.j -1.+0.j -1.+0.j  1.+0.j  1.+0.j  1.+0.j  1.+0.j  1.+0.j  1.+0.j
 -1.+0.j -1.+0.j  1.+0.j -1.+0.j  1.+0.j  1.+0.j -1.+0.j  1.-0.j  1.-0.j  1.-0.j  1.-0.j  1.-0.j  1.-0.j  1.-0.j
  1.-0.j  1.-0.j  1.-0.j  1.-0.j  1.-0.j -1.+0.j  1.-0.j  1.-0.j  1.-0.j  1.-0.j -1.+0.j -1.+0.j  1.-0.j  1.-0.j
  1.-0.j -1.+0.j -1.+0.j  1.-0.j -1.+0.j -1.+0.j -1.+0.j -1.+0.j -1.+0.j -1.+0.j  1.-0.j -1.+0.j -1.+0.j  1.-0.j
  1.-0.j  1.-0.j  1.-0.j -1.+0.j -1.+0.j  1.-0.j  1.-0.j -1.+0.j  1.-0.j -1.+0.j -1.+0.j  1.-0.j  1.-0.j -1.+0.j
  1.-0.j  1.-0.j -1.+0.j  1.-0.j -1.+0.j  1.-0.j  1.-0.j  1.-0.j -1.+0.j -1.+0.j -1.+0.j -1.+0.j -1.+0.j -1.+0.j
 -1.+0.j  1.-0.j  1.-0.j -1.+0.j -1.+0.j -1.+0.j -1.+0.j -1.+0.j -1.+0.j  1.-0.j  1.-0.j  1.-0.j -1.+0.j  1.-0.j
 -1.+0.j  1.-0.j -1.+0.j -1.+0.j -1.+0.j -1.+0.j  1.-0.j -1.+0.j -1.+0.j -1.+0.j -1.+0.j -1.+0.j -1.+0.j  1.-0.j
 -1.+0.j -1.+0.j  1.-0.j -1.+0.j  1.-0.j  1.-0.j -1.+0.j -1.+0.j -1.+0.j -1.+0.j -1.+0.j  1.-0.j -1.+0.j  1.-0.j
 -1.+0.j  1.-0.j  1.-0.j -1.+0.j -1.+0.j  1.-0.j -1.+0.j  1.-0.j  1.-0.j -1.+0.j -1.+0.j -1.+0.j -1.+0.j -1.+0.j
 -1.+0.j  1.-0.j  1.-0.j -1.+0.j  1.-0.j -1.+0.j -1.+0.j  1.-0.j  1.-0.j  1.-0.j  1.-0.j  1.-0.j  1.-0.j  1.-0.j
  1.-0.j  1.-0.j  1.-0.j  1.-0.j  1.-0.j  1.-0.j -1.+0.j  1.-0.j  1.-0.j  1.-0.j  1.-0.j -1.+0.j -1.+0.j  1.-0.j
  1.-0.j  1.-0.j -1.+0.j -1.+0.j  1.-0.j -1.+0.j -1.+0.j -1.+0.j -1.+0.j -1.+0.j -1.+0.j  1.-0.j -1.+0.j -1.+0.j
  1.-0.j  1.-0.j  1.-0.j  1.-0.j -1.+0.j -1.+0.j  1.-0.j  1.-0.j -1.+0.j  1.-0.j -1.+0.j -1.+0.j  1.-0.j  1.-0.j
 -1.+0.j  1.-0.j  1.-0.j -1.+0.j  1.-0.j -1.+0.j  1.-0.j  1.-0.j  1.-0.j -1.+0.j -1.+0.j -1.+0.j -1.+0.j -1.+0.j
 -1.+0.j -1.+0.j  1.-0.j  1.-0.j -1.+0.j -1.+0.j -1.+0.j -1.+0.j -1.+0.j -1.+0.j  1.-0.j  1.-0.j  1.-0.j -1.+0.j
  1.-0.j -1.+0.j  1.-0.j -1.+0.j -1.+0.j -1.+0.j -1.+0.j  1.-0.j -1.+0.j -1.+0.j -1.+0.j -1.+0.j -1.+0.j -1.+0.j
  1.-0.j -1.+0.j -1.+0.j  1.-0.j -1.+0.j  1.-0.j  1.-0.j -1.+0.j -1.+0.j -1.+0.j -1.+0.j -1.+0.j  1.-0.j -1.+0.j
  1.-0.j -1.+0.j  1.-0.j  1.-0.j -1.+0.j -1.+0.j  1.-0.j -1.+0.j  1.-0.j  1.-0.j -1.+0.j -1.+0.j -1.+0.j -1.+0.j
 -1.+0.j -1.+0.j  1.-0.j  1.-0.j -1.+0.j  1.-0.j -1.+0.j -1.+0.j  1.-0.j -1.+0.j -1.+0.j -1.+0.j -1.+0.j -1.+0.j
 -1.+0.j -1.+0.j -1.+0.j -1.+0.j -1.+0.j -1.+0.j -1.+0.j  1.+0.j -1.+0.j -1.+0.j -1.+0.j -1.+0.j  1.+0.j  1.+0.j
 -1.+0.j -1.+0.j -1.+0.j  1.+0.j  1.+0.j -1.+0.j  1.+0.j  1.+0.j  1.+0.j  1.+0.j  1.+0.j  1.+0.j -1.+0.j  1.+0.j
  1.+0.j -1.+0.j -1.+0.j -1.+0.j -1.+0.j  1.+0.j  1.+0.j -1.+0.j -1.+0.j  1.+0.j -1.+0.j  1.+0.j  1.+0.j -1.+0.j
 -1.+0.j  1.+0.j -1.+0.j -1.+0.j  1.+0.j -1.+0.j  1.+0.j -1.+0.j -1.+0.j -1.+0.j  1.+0.j  1.+0.j  1.+0.j  1.+0.j
  1.+0.j  1.+0.j  1.+0.j -1.+0.j -1.+0.j  1.+0.j  1.+0.j  1.+0.j  1.+0.j  1.+0.j  1.+0.j -1.+0.j -1.+0.j -1.+0.j
  1.+0.j -1.+0.j  1.+0.j -1.+0.j  1.+0.j  1.+0.j  1.+0.j  1.+0.j -1.+0.j  1.+0.j  1.+0.j  1.+0.j  1.+0.j  1.+0.j
  1.+0.j -1.+0.j  1.+0.j  1.+0.j -1.+0.j  1.+0.j -1.+0.j -1.+0.j  1.+0.j  1.+0.j  1.+0.j  1.+0.j  1.+0.j -1.+0.j
  1.+0.j -1.+0.j  1.+0.j -1.+0.j -1.+0.j  1.+0.j  1.+0.j -1.+0.j  1.+0.j -1.+0.j -1.+0.j  1.+0.j  1.+0.j  1.+0.j
  1.+0.j  1.+0.j  1.+0.j -1.+0.j -1.+0.j  1.+0.j -1.+0.j  1.+0.j  1.+0.j -1.+0.j -1.+0.j -1.+0.j -1.+0.j -1.+0.j
 -1.+0.j -1.+0.j -1.+0.j -1.+0.j -1.+0.j -1.+0.j -1.+0.j -1.+0.j  1.+0.j -1.+0.j -1.+0.j -1.+0.j -1.+0.j  1.+0.j
  1.+0.j -1.+0.j -1.+0.j -1.+0.j  1.+0.j  1.+0.j -1.+0.j  1.+0.j  1.+0.j  1.+0.j  1.+0.j  1.+0.j  1.+0.j -1.+0.j
  1.+0.j  1.+0.j -1.+0.j -1.+0.j -1.+0.j -1.+0.j  1.+0.j  1.+0.j -1.+0.j -1.+0.j  1.+0.j -1.+0.j  1.+0.j  1.+0.j
 -1.+0.j -1.+0.j  1.+0.j -1.+0.j -1.+0.j  1.+0.j -1.+0.j  1.+0.j -1.+0.j -1.+0.j -1.+0.j  1.+0.j  1.+0.j  1.+0.j
  1.+0.j  1.+0.j  1.+0.j  1.+0.j -1.+0.j -1.+0.j  1.+0.j  1.+0.j  1.+0.j  1.+0.j  1.+0.j  1.+0.j -1.+0.j -1.+0.j
 -1.+0.j  1.+0.j -1.+0.j  1.+0.j -1.+0.j  1.+0.j  1.+0.j  1.+0.j  1.+0.j -1.+0.j  1.+0.j  1.+0.j  1.+0.j  1.+0.j
  1.+0.j  1.+0.j -1.+0.j  1.+0.j  1.+0.j -1.+0.j  1.+0.j -1.+0.j -1.+0.j  1.+0.j  1.+0.j  1.+0.j  1.+0.j  1.+0.j
 -1.+0.j  1.+0.j -1.+0.j  1.+0.j -1.+0.j -1.+0.j  1.+0.j  1.+0.j -1.+0.j  1.+0.j -1.+0.j -1.+0.j  1.+0.j  1.+0.j
  1.+0.j  1.+0.j  1.+0.j  1.+0.j -1.+0.j -1.+0.j  1.+0.j -1.+0.j  1.+0.j  1.+0.j -1.+0.j -1.+0.j -1.+0.j -1.+0.j
 -1.+0.j -1.+0.j -1.+0.j -1.+0.j -1.+0.j -1.+0.j -1.+0.j -1.+0.j -1.+0.j  1.+0.j -1.+0.j -1.+0.j -1.+0.j -1.+0.j
  1.+0.j  1.+0.j -1.+0.j -1.+0.j -1.+0.j  1.+0.j  1.+0.j -1.+0.j  1.+0.j  1.+0.j  1.+0.j  1.+0.j  1.+0.j  1.+0.j
 -1.+0.j  1.+0.j  1.+0.j -1.+0.j -1.+0.j -1.+0.j -1.+0.j  1.+0.j  1.+0.j -1.+0.j -1.+0.j  1.+0.j -1.+0.j  1.+0.j
  1.+0.j -1.+0.j -1.+0.j  1.+0.j -1.+0.j -1.+0.j  1.+0.j -1.+0.j  1.+0.j -1.+0.j -1.+0.j -1.+0.j  1.+0.j  1.+0.j
  1.+0.j  1.+0.j  1.+0.j  1.+0.j  1.+0.j -1.+0.j -1.+0.j  1.+0.j  1.+0.j  1.+0.j  1.+0.j  1.+0.j  1.+0.j -1.+0.j
 -1.+0.j -1.+0.j  1.+0.j -1.+0.j  1.+0.j -1.+0.j  1.+0.j  1.+0.j  1.+0.j  1.+0.j -1.+0.j  1.+0.j  1.+0.j  1.+0.j
  1.+0.j  1.+0.j  1.+0.j -1.+0.j  1.+0.j  1.+0.j -1.+0.j  1.+0.j -1.+0.j -1.+0.j  1.+0.j  1.+0.j  1.+0.j  1.+0.j
  1.+0.j -1.+0.j  1.+0.j -1.+0.j  1.+0.j -1.+0.j -1.+0.j  1.+0.j  1.+0.j -1.+0.j  1.+0.j -1.+0.j -1.+0.j  1.+0.j
  1.+0.j  1.+0.j  1.+0.j  1.+0.j  1.+0.j -1.+0.j -1.+0.j  1.+0.j -1.+0.j  1.+0.j  1.+0.j -1.+0.j -1.+0.j -1.+0.j
 -1.+0.j -1.+0.j -1.+0.j -1.+0.j -1.+0.j -1.+0.j -1.+0.j -1.+0.j -1.+0.j -1.+0.j  1.+0.j -1.+0.j -1.+0.j -1.+0.j
 -1.+0.j  1.+0.j  1.+0.j -1.+0.j -1.+0.j -1.+0.j  1.+0.j  1.+0.j -1.+0.j  1.+0.j  1.+0.j  1.+0.j  1.+0.j  1.+0.j
  1.+0.j -1.+0.j  1.+0.j  1.+0.j -1.+0.j -1.+0.j -1.+0.j -1.+0.j  1.+0.j  1.+0.j -1.+0.j -1.+0.j  1.+0.j -1.+0.j
  1.+0.j  1.+0.j -1.+0.j -1.+0.j  1.+0.j -1.+0.j -1.+0.j  1.+0.j -1.+0.j  1.+0.j -1.+0.j -1.+0.j -1.+0.j  1.+0.j
  1.+0.j  1.+0.j  1.+0.j  1.+0.j  1.+0.j  1.+0.j -1.+0.j -1.+0.j  1.+0.j  1.+0.j  1.+0.j  1.+0.j  1.+0.j  1.+0.j
 -1.+0.j -1.+0.j -1.+0.j  1.+0.j -1.+0.j  1.+0.j -1.+0.j  1.+0.j  1.+0.j  1.+0.j  1.+0.j -1.+0.j  1.+0.j  1.+0.j
  1.+0.j  1.+0.j  1.+0.j  1.+0.j -1.+0.j  1.+0.j  1.+0.j -1.+0.j  1.+0.j -1.+0.j -1.+0.j  1.+0.j  1.+0.j  1.+0.j
  1.+0.j  1.+0.j -1.+0.j  1.+0.j -1.+0.j  1.+0.j -1.+0.j -1.+0.j  1.+0.j  1.+0.j -1.+0.j  1.+0.j -1.+0.j -1.+0.j
  1.+0.j  1.+0.j  1.+0.j  1.+0.j  1.+0.j  1.+0.j -1.+0.j -1.+0.j  1.+0.j -1.+0.j  1.+0.j  1.+0.j -1.+0.j -1.+0.j
 -1.+0.j -1.+0.j -1.+0.j -1.+0.j -1.+0.j -1.+0.j -1.+0.j -1.+0.j -1.+0.j -1.+0.j -1.+0.j  1.+0.j -1.+0.j -1.+0.j
 -1.+0.j -1.+0.j  1.+0.j  1.+0.j -1.+0.j -1.+0.j -1.+0.j  1.+0.j  1.+0.j -1.+0.j  1.+0.j  1.+0.j  1.+0.j  1.+0.j
  1.+0.j  1.+0.j -1.+0.j  1.+0.j  1.+0.j -1.+0.j -1.+0.j -1.+0.j -1.+0.j  1.+0.j  1.+0.j -1.+0.j -1.+0.j  1.+0.j
 -1.+0.j  1.+0.j  1.+0.j -1.+0.j -1.+0.j  1.+0.j -1.+0.j -1.+0.j  1.+0.j -1.+0.j  1.+0.j -1.+0.j -1.+0.j -1.+0.j
  1.+0.j  1.+0.j  1.+0.j  1.+0.j  1.+0.j  1.+0.j  1.+0.j -1.+0.j -1.+0.j  1.+0.j  1.+0.j  1.+0.j  1.+0.j  1.+0.j
  1.+0.j -1.+0.j -1.+0.j -1.+0.j  1.+0.j -1.+0.j  1.+0.j -1.+0.j  1.+0.j  1.+0.j  1.+0.j  1.+0.j -1.+0.j  1.+0.j
  1.+0.j  1.+0.j  1.+0.j  1.+0.j  1.+0.j -1.+0.j  1.+0.j  1.+0.j -1.+0.j  1.+0.j -1.+0.j -1.+0.j  1.+0.j  1.+0.j
  1.+0.j  1.+0.j  1.+0.j -1.+0.j  1.+0.j -1.+0.j  1.+0.j -1.+0.j -1.+0.j  1.+0.j  1.+0.j -1.+0.j  1.+0.j -1.+0.j
 -1.+0.j  1.+0.j  1.+0.j  1.+0.j  1.+0.j  1.+0.j  1.+0.j -1.+0.j -1.+0.j  1.+0.j -1.+0.j  1.+0.j  1.+0.j -1.+0.j
  1.-0.j  1.-0.j  1.-0.j  1.-0.j  1.-0.j  1.-0.j  1.-0.j  1.-0.j  1.-0.j  1.-0.j  1.-0.j  1.-0.j -1.+0.j  1.-0.j
  1.-0.j  1.-0.j  1.-0.j -1.+0.j -1.+0.j  1.-0.j  1.-0.j  1.-0.j -1.+0.j -1.+0.j  1.-0.j -1.+0.j -1.+0.j -1.+0.j
 -1.+0.j -1.+0.j -1.+0.j  1.-0.j -1.+0.j -1.+0.j  1.-0.j  1.-0.j  1.-0.j  1.-0.j -1.+0.j -1.+0.j  1.-0.j  1.-0.j
 -1.+0.j  1.-0.j -1.+0.j -1.+0.j  1.-0.j  1.-0.j -1.+0.j  1.-0.j  1.-0.j -1.+0.j  1.-0.j -1.+0.j  1.-0.j  1.-0.j
  1.-0.j -1.+0.j -1.+0.j -1.+0.j -1.+0.j -1.+0.j -1.+0.j -1.+0.j  1.-0.j  1.-0.j -1.+0.j -1.+0.j -1.+0.j -1.+0.j
 -1.+0.j -1.+0.j  1.-0.j  1.-0.j  1.-0.j -1.+0.j  1.-0.j -1.+0.j  1.-0.j -1.+0.j -1.+0.j -1.+0.j -1.+0.j  1.-0.j
 -1.+0.j -1.+0.j -1.+0.j -1.+0.j -1.+0.j -1.+0.j  1.-0.j -1.+0.j -1.+0.j  1.-0.j -1.+0.j  1.-0.j  1.-0.j -1.+0.j
 -1.+0.j -1.+0.j -1.+0.j -1.+0.j  1.-0.j -1.+0.j  1.-0.j -1.+0.j  1.-0.j  1.-0.j -1.+0.j -1.+0.j  1.-0.j -1.+0.j
  1.-0.j  1.-0.j -1.+0.j -1.+0.j -1.+0.j -1.+0.j -1.+0.j -1.+0.j  1.-0.j  1.-0.j -1.+0.j  1.-0.j -1.+0.j -1.+0.j
  1.-0.j  1.-0.j  1.-0.j  1.-0.j  1.-0.j  1.-0.j  1.-0.j  1.-0.j  1.-0.j  1.-0.j  1.-0.j  1.-0.j  1.-0.j -1.+0.j
  1.-0.j  1.-0.j  1.-0.j  1.-0.j -1.+0.j -1.+0.j  1.-0.j  1.-0.j  1.-0.j -1.+0.j -1.+0.j  1.-0.j -1.+0.j -1.+0.j
 -1.+0.j -1.+0.j -1.+0.j -1.+0.j  1.-0.j -1.+0.j -1.+0.j  1.-0.j  1.-0.j  1.-0.j  1.-0.j -1.+0.j -1.+0.j  1.-0.j
  1.-0.j -1.+0.j  1.-0.j -1.+0.j -1.+0.j  1.-0.j  1.-0.j -1.+0.j  1.-0.j  1.-0.j -1.+0.j  1.-0.j -1.+0.j  1.-0.j
  1.-0.j  1.-0.j -1.+0.j -1.+0.j -1.+0.j -1.+0.j -1.+0.j -1.+0.j -1.+0.j  1.-0.j  1.-0.j -1.+0.j -1.+0.j -1.+0.j
 -1.+0.j -1.+0.j -1.+0.j  1.-0.j  1.-0.j  1.-0.j -1.+0.j  1.-0.j -1.+0.j  1.-0.j -1.+0.j -1.+0.j -1.+0.j -1.+0.j
  1.-0.j -1.+0.j -1.+0.j -1.+0.j -1.+0.j -1.+0.j -1.+0.j  1.-0.j -1.+0.j -1.+0.j  1.-0.j -1.+0.j  1.-0.j  1.-0.j
 -1.+0.j -1.+0.j -1.+0.j -1.+0.j -1.+0.j  1.-0.j -1.+0.j  1.-0.j -1.+0.j  1.-0.j  1.-0.j -1.+0.j -1.+0.j  1.-0.j
 -1.+0.j  1.-0.j  1.-0.j -1.+0.j -1.+0.j -1.+0.j -1.+0.j -1.+0.j -1.+0.j  1.-0.j  1.-0.j -1.+0.j  1.-0.j -1.+0.j
 -1.+0.j  1.-0.j  1.-0.j  1.-0.j  1.-0.j  1.-0.j  1.-0.j  1.-0.j  1.-0.j  1.-0.j  1.-0.j  1.-0.j  1.-0.j  1.-0.j
 -1.+0.j  1.-0.j  1.-0.j  1.-0.j  1.-0.j -1.+0.j -1.+0.j  1.-0.j  1.-0.j  1.-0.j -1.+0.j -1.+0.j  1.-0.j -1.+0.j
 -1.+0.j -1.+0.j -1.+0.j -1.+0.j -1.+0.j  1.-0.j -1.+0.j -1.+0.j  1.-0.j  1.-0.j  1.-0.j  1.-0.j -1.+0.j -1.+0.j
  1.-0.j  1.-0.j -1.+0.j  1.-0.j -1.+0.j -1.+0.j  1.-0.j  1.-0.j -1.+0.j  1.-0.j  1.-0.j -1.+0.j  1.-0.j -1.+0.j
  1.-0.j  1.-0.j  1.-0.j -1.+0.j -1.+0.j -1.+0.j -1.+0.j -1.+0.j -1.+0.j -1.+0.j  1.-0.j  1.-0.j -1.+0.j -1.+0.j
 -1.+0.j -1.+0.j -1.+0.j -1.+0.j  1.-0.j  1.-0.j  1.-0.j -1.+0.j  1.-0.j -1.+0.j  1.-0.j -1.+0.j -1.+0.j -1.+0.j
 -1.+0.j  1.-0.j -1.+0.j -1.+0.j -1.+0.j -1.+0.j -1.+0.j -1.+0.j  1.-0.j -1.+0.j -1.+0.j  1.-0.j -1.+0.j  1.-0.j
  1.-0.j -1.+0.j -1.+0.j -1.+0.j -1.+0.j -1.+0.j  1.-0.j -1.+0.j  1.-0.j -1.+0.j  1.-0.j  1.-0.j -1.+0.j -1.+0.j
  1.-0.j -1.+0.j  1.-0.j  1.-0.j -1.+0.j -1.+0.j -1.+0.j -1.+0.j -1.+0.j -1.+0.j  1.-0.j  1.-0.j -1.+0.j  1.-0.j
 -1.+0.j -1.+0.j  1.-0.j  1.-0.j  1.-0.j  1.-0.j  1.-0.j  1.-0.j  1.-0.j  1.-0.j  1.-0.j  1.-0.j  1.-0.j  1.-0.j
  1.-0.j -1.+0.j  1.-0.j  1.-0.j  1.-0.j  1.-0.j -1.+0.j -1.+0.j  1.-0.j  1.-0.j  1.-0.j -1.+0.j -1.+0.j  1.-0.j
 -1.+0.j -1.+0.j -1.+0.j -1.+0.j -1.+0.j -1.+0.j  1.-0.j -1.+0.j -1.+0.j  1.-0.j  1.-0.j  1.-0.j  1.-0.j -1.+0.j
 -1.+0.j  1.-0.j  1.-0.j -1.+0.j  1.-0.j -1.+0.j -1.+0.j  1.-0.j  1.-0.j -1.+0.j  1.-0.j  1.-0.j -1.+0.j  1.-0.j
 -1.+0.j  1.-0.j  1.-0.j  1.-0.j -1.+0.j -1.+0.j -1.+0.j -1.+0.j -1.+0.j -1.+0.j -1.+0.j  1.-0.j  1.-0.j -1.+0.j
 -1.+0.j -1.+0.j -1.+0.j -1.+0.j -1.+0.j  1.-0.j  1.-0.j  1.-0.j -1.+0.j  1.-0.j -1.+0.j  1.-0.j -1.+0.j -1.+0.j
 -1.+0.j -1.+0.j  1.-0.j -1.+0.j -1.+0.j -1.+0.j -1.+0.j -1.+0.j -1.+0.j  1.-0.j -1.+0.j -1.+0.j  1.-0.j -1.+0.j
  1.-0.j  1.-0.j -1.+0.j -1.+0.j -1.+0.j -1.+0.j -1.+0.j  1.-0.j -1.+0.j  1.-0.j -1.+0.j  1.-0.j  1.-0.j -1.+0.j
 -1.+0.j  1.-0.j -1.+0.j  1.-0.j  1.-0.j -1.+0.j -1.+0.j -1.+0.j -1.+0.j -1.+0.j -1.+0.j  1.-0.j  1.-0.j -1.+0.j
  1.-0.j -1.+0.j -1.+0.j  1.-0.j -1.+0.j -1.+0.j -1.+0.j -1.+0.j -1.+0.j -1.+0.j -1.+0.j -1.+0.j -1.+0.j -1.+0.j
 -1.+0.j -1.+0.j  1.+0.j -1.+0.j -1.+0.j -1.+0.j -1.+0.j  1.+0.j  1.+0.j -1.+0.j -1.+0.j -1.+0.j  1.+0.j  1.+0.j
 -1.+0.j  1.+0.j  1.+0.j  1.+0.j  1.+0.j  1.+0.j  1.+0.j -1.+0.j  1.+0.j  1.+0.j -1.+0.j -1.+0.j -1.+0.j -1.+0.j
  1.+0.j  1.+0.j -1.+0.j -1.+0.j  1.+0.j -1.+0.j  1.+0.j  1.+0.j -1.+0.j -1.+0.j  1.+0.j -1.+0.j -1.+0.j  1.+0.j
 -1.+0.j  1.+0.j -1.+0.j -1.+0.j -1.+0.j  1.+0.j  1.+0.j  1.+0.j  1.+0.j  1.+0.j  1.+0.j  1.+0.j -1.+0.j -1.+0.j
  1.+0.j  1.+0.j  1.+0.j  1.+0.j  1.+0.j  1.+0.j -1.+0.j -1.+0.j -1.+0.j  1.+0.j -1.+0.j  1.+0.j -1.+0.j  1.+0.j
  1.+0.j  1.+0.j  1.+0.j -1.+0.j  1.+0.j  1.+0.j  1.+0.j  1.+0.j  1.+0.j  1.+0.j -1.+0.j  1.+0.j  1.+0.j -1.+0.j
  1.+0.j -1.+0.j -1.+0.j  1.+0.j  1.+0.j  1.+0.j  1.+0.j  1.+0.j -1.+0.j  1.+0.j -1.+0.j  1.+0.j -1.+0.j -1.+0.j
  1.+0.j  1.+0.j -1.+0.j  1.+0.j -1.+0.j -1.+0.j  1.+0.j  1.+0.j  1.+0.j  1.+0.j  1.+0.j  1.+0.j -1.+0.j -1.+0.j
  1.+0.j -1.+0.j  1.+0.j  1.+0.j -1.+0.j -1.+0.j -1.+0.j -1.+0.j -1.+0.j -1.+0.j -1.+0.j -1.+0.j -1.+0.j -1.+0.j
 -1.+0.j -1.+0.j -1.+0.j  1.+0.j -1.+0.j -1.+0.j -1.+0.j -1.+0.j  1.+0.j  1.+0.j -1.+0.j -1.+0.j -1.+0.j  1.+0.j
  1.+0.j -1.+0.j  1.+0.j  1.+0.j  1.+0.j  1.+0.j  1.+0.j  1.+0.j -1.+0.j  1.+0.j  1.+0.j -1.+0.j -1.+0.j -1.+0.j
 -1.+0.j  1.+0.j  1.+0.j -1.+0.j -1.+0.j  1.+0.j -1.+0.j  1.+0.j  1.+0.j -1.+0.j -1.+0.j  1.+0.j -1.+0.j -1.+0.j
  1.+0.j -1.+0.j  1.+0.j -1.+0.j -1.+0.j -1.+0.j  1.+0.j  1.+0.j  1.+0.j  1.+0.j  1.+0.j  1.+0.j  1.+0.j -1.+0.j
 -1.+0.j  1.+0.j  1.+0.j  1.+0.j  1.+0.j  1.+0.j  1.+0.j -1.+0.j -1.+0.j -1.+0.j  1.+0.j -1.+0.j  1.+0.j -1.+0.j
  1.+0.j  1.+0.j  1.+0.j  1.+0.j -1.+0.j  1.+0.j  1.+0.j  1.+0.j  1.+0.j  1.+0.j  1.+0.j -1.+0.j  1.+0.j  1.+0.j
 -1.+0.j  1.+0.j -1.+0.j -1.+0.j  1.+0.j  1.+0.j  1.+0.j  1.+0.j  1.+0.j -1.+0.j  1.+0.j -1.+0.j  1.+0.j -1.+0.j
 -1.+0.j  1.+0.j  1.+0.j -1.+0.j  1.+0.j -1.+0.j -1.+0.j  1.+0.j  1.+0.j  1.+0.j  1.+0.j  1.+0.j  1.+0.j -1.+0.j
 -1.+0.j  1.+0.j -1.+0.j  1.+0.j  1.+0.j -1.+0.j  1.-0.j  1.-0.j  1.-0.j  1.-0.j  1.-0.j  1.-0.j  1.-0.j  1.-0.j
  1.-0.j  1.-0.j  1.-0.j  1.-0.j -1.+0.j  1.-0.j  1.-0.j  1.-0.j  1.-0.j -1.+0.j -1.+0.j  1.-0.j  1.-0.j  1.-0.j
 -1.+0.j -1.+0.j  1.-0.j -1.+0.j -1.+0.j -1.+0.j -1.+0.j -1.+0.j -1.+0.j  1.-0.j -1.+0.j -1.+0.j  1.-0.j  1.-0.j
  1.-0.j  1.-0.j -1.+0.j -1.+0.j  1.-0.j  1.-0.j -1.+0.j  1.-0.j -1.+0.j -1.+0.j  1.-0.j  1.-0.j -1.+0.j  1.-0.j
  1.-0.j -1.+0.j  1.-0.j -1.+0.j  1.-0.j  1.-0.j  1.-0.j -1.+0.j -1.+0.j -1.+0.j -1.+0.j -1.+0.j -1.+0.j -1.+0.j
  1.-0.j  1.-0.j -1.+0.j -1.+0.j -1.+0.j -1.+0.j -1.+0.j -1.+0.j  1.-0.j  1.-0.j  1.-0.j -1.+0.j  1.-0.j -1.+0.j
  1.-0.j -1.+0.j -1.+0.j -1.+0.j -1.+0.j  1.-0.j -1.+0.j -1.+0.j -1.+0.j -1.+0.j -1.+0.j -1.+0.j  1.-0.j -1.+0.j
 -1.+0.j  1.-0.j -1.+0.j  1.-0.j  1.-0.j -1.+0.j -1.+0.j -1.+0.j -1.+0.j -1.+0.j  1.-0.j -1.+0.j  1.-0.j -1.+0.j
  1.-0.j  1.-0.j -1.+0.j -1.+0.j  1.-0.j -1.+0.j  1.-0.j  1.-0.j -1.+0.j -1.+0.j -1.+0.j -1.+0.j -1.+0.j -1.+0.j
  1.-0.j  1.-0.j -1.+0.j  1.-0.j -1.+0.j -1.+0.j  1.-0.j -1.+0.j -1.+0.j -1.+0.j -1.+0.j -1.+0.j -1.+0.j -1.+0.j
 -1.+0.j -1.+0.j -1.+0.j -1.+0.j -1.+0.j  1.+0.j -1.+0.j -1.+0.j -1.+0.j -1.+0.j  1.+0.j  1.+0.j -1.+0.j -1.+0.j
 -1.+0.j  1.+0.j  1.+0.j -1.+0.j  1.+0.j  1.+0.j  1.+0.j  1.+0.j  1.+0.j  1.+0.j -1.+0.j  1.+0.j  1.+0.j -1.+0.j
 -1.+0.j -1.+0.j -1.+0.j  1.+0.j  1.+0.j -1.+0.j -1.+0.j  1.+0.j -1.+0.j  1.+0.j  1.+0.j -1.+0.j -1.+0.j  1.+0.j
 -1.+0.j -1.+0.j  1.+0.j -1.+0.j  1.+0.j -1.+0.j -1.+0.j -1.+0.j  1.+0.j  1.+0.j  1.+0.j  1.+0.j  1.+0.j  1.+0.j
  1.+0.j -1.+0.j -1.+0.j  1.+0.j  1.+0.j  1.+0.j  1.+0.j  1.+0.j  1.+0.j -1.+0.j -1.+0.j -1.+0.j  1.+0.j -1.+0.j
  1.+0.j -1.+0.j  1.+0.j  1.+0.j  1.+0.j  1.+0.j -1.+0.j  1.+0.j  1.+0.j  1.+0.j  1.+0.j  1.+0.j  1.+0.j -1.+0.j
  1.+0.j  1.+0.j -1.+0.j  1.+0.j -1.+0.j -1.+0.j  1.+0.j  1.+0.j  1.+0.j  1.+0.j  1.+0.j -1.+0.j  1.+0.j -1.+0.j
  1.+0.j -1.+0.j -1.+0.j  1.+0.j  1.+0.j -1.+0.j  1.+0.j -1.+0.j -1.+0.j  1.+0.j  1.+0.j  1.+0.j  1.+0.j  1.+0.j
  1.+0.j -1.+0.j -1.+0.j  1.+0.j -1.+0.j  1.+0.j  1.+0.j -1.+0.j]
2025-08-29 11:54:22 [INFO] Processing 4572 samples from tag 0
2025-08-29 11:54:22 [INFO] Expected number of bits: 36
2025-08-29 11:54:22 [DEBUG] coarse freq offset: 27.61162179907842
2025-08-29 11:54:22 [INFO] offset: 2045
2025-08-29 11:54:22 [INFO] value of correlation at offset: 1180
2025-08-29 11:54:22 [INFO] Synced received bits (4): [0.0, 1.0, 1.0, 0.0]
2025-08-29 11:54:22 [INFO] Transmitted payload bits(4): [1 1 0 1]
2025-08-29 11:54:22 [INFO] Sync word correlation: 1180
2025-08-29 11:54:22 [INFO] BER: 0.75
2025-08-29 11:56:22 [DEBUG] **** New run with CLI arguments: Namespace(source='sim', file=None, verbose=3, n_tags=1)
2025-08-29 11:56:22 [DEBUG] Generating simulated samples for 1 tags
2025-08-29 11:56:22 [INFO] simulated packet metadata: SimulatedPacket(tag_id=0, preamble_bits=array([1, 1, 1, 1, 1, 1, 1, 1, 1, 0, 1, 0, 1, 0, 1, 0]), sync_bits=array([0, 1, 0, 1, 1, 0, 0, 1, 1, 1, 1, 1, 0, 0, 0, 0]), payload_bits=array([1, 1, 0, 1]), sps=1, all_bits=array([1, 1, 1, 1, 1, 1, 1, 1, 1, 0, 1, 0, 1, 0, 1, 0, 0, 1, 0, 1, 1, 0, 0, 1, 1, 1, 1, 1, 0, 0, 0, 0, 1, 1, 0, 1]), goldcode=array([-1, -1, -1, -1, -1, -1, -1, -1, -1, -1, -1, -1,  1, -1, -1, -1, -1,  1,  1, -1, -1, -1,  1,  1, -1,  1,  1,  1,
        1,  1,  1, -1,  1,  1, -1, -1, -1, -1,  1,  1, -1, -1,  1, -1,  1,  1, -1, -1,  1, -1, -1,  1, -1,  1, -1, -1,
       -1,  1,  1,  1,  1,  1,  1,  1, -1, -1,  1,  1,  1,  1,  1,  1, -1, -1, -1,  1, -1,  1, -1,  1,  1,  1,  1, -1,
        1,  1,  1,  1,  1,  1, -1,  1,  1, -1,  1, -1, -1,  1,  1,  1,  1,  1, -1,  1, -1,  1, -1, -1,  1,  1, -1,  1,
       -1, -1,  1,  1,  1,  1,  1,  1, -1, -1,  1, -1,  1,  1, -1]), samples=None, snr_db=15.0, frequency_offset_hz=500.0, time_delay_sec=0.002)
2025-08-29 11:56:22 [INFO] Packet to demod: [-1.+0.j -1.+0.j -1.+0.j -1.+0.j -1.+0.j -1.+0.j -1.+0.j -1.+0.j -1.+0.j -1.+0.j -1.+0.j -1.+0.j  1.+0.j -1.+0.j
 -1.+0.j -1.+0.j -1.+0.j  1.+0.j  1.+0.j -1.+0.j -1.+0.j -1.+0.j  1.+0.j  1.+0.j -1.+0.j  1.+0.j  1.+0.j  1.+0.j
  1.+0.j  1.+0.j  1.+0.j -1.+0.j  1.+0.j  1.+0.j -1.+0.j -1.+0.j -1.+0.j -1.+0.j  1.+0.j  1.+0.j -1.+0.j -1.+0.j
  1.+0.j -1.+0.j  1.+0.j  1.+0.j -1.+0.j -1.+0.j  1.+0.j -1.+0.j -1.+0.j  1.+0.j -1.+0.j  1.+0.j -1.+0.j -1.+0.j
 -1.+0.j  1.+0.j  1.+0.j  1.+0.j  1.+0.j  1.+0.j  1.+0.j  1.+0.j -1.+0.j -1.+0.j  1.+0.j  1.+0.j  1.+0.j  1.+0.j
  1.+0.j  1.+0.j -1.+0.j -1.+0.j -1.+0.j  1.+0.j -1.+0.j  1.+0.j -1.+0.j  1.+0.j  1.+0.j  1.+0.j  1.+0.j -1.+0.j
  1.+0.j  1.+0.j  1.+0.j  1.+0.j  1.+0.j  1.+0.j -1.+0.j  1.+0.j  1.+0.j -1.+0.j  1.+0.j -1.+0.j -1.+0.j  1.+0.j
  1.+0.j  1.+0.j  1.+0.j  1.+0.j -1.+0.j  1.+0.j -1.+0.j  1.+0.j -1.+0.j -1.+0.j  1.+0.j  1.+0.j -1.+0.j  1.+0.j
 -1.+0.j -1.+0.j  1.+0.j  1.+0.j  1.+0.j  1.+0.j  1.+0.j  1.+0.j -1.+0.j -1.+0.j  1.+0.j -1.+0.j  1.+0.j  1.+0.j
 -1.+0.j -1.+0.j -1.+0.j -1.+0.j -1.+0.j -1.+0.j -1.+0.j -1.+0.j -1.+0.j -1.+0.j -1.+0.j -1.+0.j -1.+0.j  1.+0.j
 -1.+0.j -1.+0.j -1.+0.j -1.+0.j  1.+0.j  1.+0.j -1.+0.j -1.+0.j -1.+0.j  1.+0.j  1.+0.j -1.+0.j  1.+0.j  1.+0.j
  1.+0.j  1.+0.j  1.+0.j  1.+0.j -1.+0.j  1.+0.j  1.+0.j -1.+0.j -1.+0.j -1.+0.j -1.+0.j  1.+0.j  1.+0.j -1.+0.j
 -1.+0.j  1.+0.j -1.+0.j  1.+0.j  1.+0.j -1.+0.j -1.+0.j  1.+0.j -1.+0.j -1.+0.j  1.+0.j -1.+0.j  1.+0.j -1.+0.j
 -1.+0.j -1.+0.j  1.+0.j  1.+0.j  1.+0.j  1.+0.j  1.+0.j  1.+0.j  1.+0.j -1.+0.j -1.+0.j  1.+0.j  1.+0.j  1.+0.j
  1.+0.j  1.+0.j  1.+0.j -1.+0.j -1.+0.j -1.+0.j  1.+0.j -1.+0.j  1.+0.j -1.+0.j  1.+0.j  1.+0.j  1.+0.j  1.+0.j
 -1.+0.j  1.+0.j  1.+0.j  1.+0.j  1.+0.j  1.+0.j  1.+0.j -1.+0.j  1.+0.j  1.+0.j -1.+0.j  1.+0.j -1.+0.j -1.+0.j
  1.+0.j  1.+0.j  1.+0.j  1.+0.j  1.+0.j -1.+0.j  1.+0.j -1.+0.j  1.+0.j -1.+0.j -1.+0.j  1.+0.j  1.+0.j -1.+0.j
  1.+0.j -1.+0.j -1.+0.j  1.+0.j  1.+0.j  1.+0.j  1.+0.j  1.+0.j  1.+0.j -1.+0.j -1.+0.j  1.+0.j -1.+0.j  1.+0.j
  1.+0.j -1.+0.j -1.+0.j -1.+0.j -1.+0.j -1.+0.j -1.+0.j -1.+0.j -1.+0.j -1.+0.j -1.+0.j -1.+0.j -1.+0.j -1.+0.j
  1.+0.j -1.+0.j -1.+0.j -1.+0.j -1.+0.j  1.+0.j  1.+0.j -1.+0.j -1.+0.j -1.+0.j  1.+0.j  1.+0.j -1.+0.j  1.+0.j
  1.+0.j  1.+0.j  1.+0.j  1.+0.j  1.+0.j -1.+0.j  1.+0.j  1.+0.j -1.+0.j -1.+0.j -1.+0.j -1.+0.j  1.+0.j  1.+0.j
 -1.+0.j -1.+0.j  1.+0.j -1.+0.j  1.+0.j  1.+0.j -1.+0.j -1.+0.j  1.+0.j -1.+0.j -1.+0.j  1.+0.j -1.+0.j  1.+0.j
 -1.+0.j -1.+0.j -1.+0.j  1.+0.j  1.+0.j  1.+0.j  1.+0.j  1.+0.j  1.+0.j  1.+0.j -1.+0.j -1.+0.j  1.+0.j  1.+0.j
  1.+0.j  1.+0.j  1.+0.j  1.+0.j -1.+0.j -1.+0.j -1.+0.j  1.+0.j -1.+0.j  1.+0.j -1.+0.j  1.+0.j  1.+0.j  1.+0.j
  1.+0.j -1.+0.j  1.+0.j  1.+0.j  1.+0.j  1.+0.j  1.+0.j  1.+0.j -1.+0.j  1.+0.j  1.+0.j -1.+0.j  1.+0.j -1.+0.j
 -1.+0.j  1.+0.j  1.+0.j  1.+0.j  1.+0.j  1.+0.j -1.+0.j  1.+0.j -1.+0.j  1.+0.j -1.+0.j -1.+0.j  1.+0.j  1.+0.j
 -1.+0.j  1.+0.j -1.+0.j -1.+0.j  1.+0.j  1.+0.j  1.+0.j  1.+0.j  1.+0.j  1.+0.j -1.+0.j -1.+0.j  1.+0.j -1.+0.j
  1.+0.j  1.+0.j -1.+0.j -1.+0.j -1.+0.j -1.+0.j -1.+0.j -1.+0.j -1.+0.j -1.+0.j -1.+0.j -1.+0.j -1.+0.j -1.+0.j
 -1.+0.j  1.+0.j -1.+0.j -1.+0.j -1.+0.j -1.+0.j  1.+0.j  1.+0.j -1.+0.j -1.+0.j -1.+0.j  1.+0.j  1.+0.j -1.+0.j
  1.+0.j  1.+0.j  1.+0.j  1.+0.j  1.+0.j  1.+0.j -1.+0.j  1.+0.j  1.+0.j -1.+0.j -1.+0.j -1.+0.j -1.+0.j  1.+0.j
  1.+0.j -1.+0.j -1.+0.j  1.+0.j -1.+0.j  1.+0.j  1.+0.j -1.+0.j -1.+0.j  1.+0.j -1.+0.j -1.+0.j  1.+0.j -1.+0.j
  1.+0.j -1.+0.j -1.+0.j -1.+0.j  1.+0.j  1.+0.j  1.+0.j  1.+0.j  1.+0.j  1.+0.j  1.+0.j -1.+0.j -1.+0.j  1.+0.j
  1.+0.j  1.+0.j  1.+0.j  1.+0.j  1.+0.j -1.+0.j -1.+0.j -1.+0.j  1.+0.j -1.+0.j  1.+0.j -1.+0.j  1.+0.j  1.+0.j
  1.+0.j  1.+0.j -1.+0.j  1.+0.j  1.+0.j  1.+0.j  1.+0.j  1.+0.j  1.+0.j -1.+0.j  1.+0.j  1.+0.j -1.+0.j  1.+0.j
 -1.+0.j -1.+0.j  1.+0.j  1.+0.j  1.+0.j  1.+0.j  1.+0.j -1.+0.j  1.+0.j -1.+0.j  1.+0.j -1.+0.j -1.+0.j  1.+0.j
  1.+0.j -1.+0.j  1.+0.j -1.+0.j -1.+0.j  1.+0.j  1.+0.j  1.+0.j  1.+0.j  1.+0.j  1.+0.j -1.+0.j -1.+0.j  1.+0.j
 -1.+0.j  1.+0.j  1.+0.j -1.+0.j -1.+0.j -1.+0.j -1.+0.j -1.+0.j -1.+0.j -1.+0.j -1.+0.j -1.+0.j -1.+0.j -1.+0.j
 -1.+0.j -1.+0.j  1.+0.j -1.+0.j -1.+0.j -1.+0.j -1.+0.j  1.+0.j  1.+0.j -1.+0.j -1.+0.j -1.+0.j  1.+0.j  1.+0.j
 -1.+0.j  1.+0.j  1.+0.j  1.+0.j  1.+0.j  1.+0.j  1.+0.j -1.+0.j  1.+0.j  1.+0.j -1.+0.j -1.+0.j -1.+0.j -1.+0.j
  1.+0.j  1.+0.j -1.+0.j -1.+0.j  1.+0.j -1.+0.j  1.+0.j  1.+0.j -1.+0.j -1.+0.j  1.+0.j -1.+0.j -1.+0.j  1.+0.j
 -1.+0.j  1.+0.j -1.+0.j -1.+0.j -1.+0.j  1.+0.j  1.+0.j  1.+0.j  1.+0.j  1.+0.j  1.+0.j  1.+0.j -1.+0.j -1.+0.j
  1.+0.j  1.+0.j  1.+0.j  1.+0.j  1.+0.j  1.+0.j -1.+0.j -1.+0.j -1.+0.j  1.+0.j -1.+0.j  1.+0.j -1.+0.j  1.+0.j
  1.+0.j  1.+0.j  1.+0.j -1.+0.j  1.+0.j  1.+0.j  1.+0.j  1.+0.j  1.+0.j  1.+0.j -1.+0.j  1.+0.j  1.+0.j -1.+0.j
  1.+0.j -1.+0.j -1.+0.j  1.+0.j  1.+0.j  1.+0.j  1.+0.j  1.+0.j -1.+0.j  1.+0.j -1.+0.j  1.+0.j -1.+0.j -1.+0.j
  1.+0.j  1.+0.j -1.+0.j  1.+0.j -1.+0.j -1.+0.j  1.+0.j  1.+0.j  1.+0.j  1.+0.j  1.+0.j  1.+0.j -1.+0.j -1.+0.j
  1.+0.j -1.+0.j  1.+0.j  1.+0.j -1.+0.j -1.+0.j -1.+0.j -1.+0.j -1.+0.j -1.+0.j -1.+0.j -1.+0.j -1.+0.j -1.+0.j
 -1.+0.j -1.+0.j -1.+0.j  1.+0.j -1.+0.j -1.+0.j -1.+0.j -1.+0.j  1.+0.j  1.+0.j -1.+0.j -1.+0.j -1.+0.j  1.+0.j
  1.+0.j -1.+0.j  1.+0.j  1.+0.j  1.+0.j  1.+0.j  1.+0.j  1.+0.j -1.+0.j  1.+0.j  1.+0.j -1.+0.j -1.+0.j -1.+0.j
 -1.+0.j  1.+0.j  1.+0.j -1.+0.j -1.+0.j  1.+0.j -1.+0.j  1.+0.j  1.+0.j -1.+0.j -1.+0.j  1.+0.j -1.+0.j -1.+0.j
  1.+0.j -1.+0.j  1.+0.j -1.+0.j -1.+0.j -1.+0.j  1.+0.j  1.+0.j  1.+0.j  1.+0.j  1.+0.j  1.+0.j  1.+0.j -1.+0.j
 -1.+0.j  1.+0.j  1.+0.j  1.+0.j  1.+0.j  1.+0.j  1.+0.j -1.+0.j -1.+0.j -1.+0.j  1.+0.j -1.+0.j  1.+0.j -1.+0.j
  1.+0.j  1.+0.j  1.+0.j  1.+0.j -1.+0.j  1.+0.j  1.+0.j  1.+0.j  1.+0.j  1.+0.j  1.+0.j -1.+0.j  1.+0.j  1.+0.j
 -1.+0.j  1.+0.j -1.+0.j -1.+0.j  1.+0.j  1.+0.j  1.+0.j  1.+0.j  1.+0.j -1.+0.j  1.+0.j -1.+0.j  1.+0.j -1.+0.j
 -1.+0.j  1.+0.j  1.+0.j -1.+0.j  1.+0.j -1.+0.j -1.+0.j  1.+0.j  1.+0.j  1.+0.j  1.+0.j  1.+0.j  1.+0.j -1.+0.j
 -1.+0.j  1.+0.j -1.+0.j  1.+0.j  1.+0.j -1.+0.j -1.+0.j -1.+0.j -1.+0.j -1.+0.j -1.+0.j -1.+0.j -1.+0.j -1.+0.j
 -1.+0.j -1.+0.j -1.+0.j -1.+0.j  1.+0.j -1.+0.j -1.+0.j -1.+0.j -1.+0.j  1.+0.j  1.+0.j -1.+0.j -1.+0.j -1.+0.j
  1.+0.j  1.+0.j -1.+0.j  1.+0.j  1.+0.j  1.+0.j  1.+0.j  1.+0.j  1.+0.j -1.+0.j  1.+0.j  1.+0.j -1.+0.j -1.+0.j
 -1.+0.j -1.+0.j  1.+0.j  1.+0.j -1.+0.j -1.+0.j  1.+0.j -1.+0.j  1.+0.j  1.+0.j -1.+0.j -1.+0.j  1.+0.j -1.+0.j
 -1.+0.j  1.+0.j -1.+0.j  1.+0.j -1.+0.j -1.+0.j -1.+0.j  1.+0.j  1.+0.j  1.+0.j  1.+0.j  1.+0.j  1.+0.j  1.+0.j
 -1.+0.j -1.+0.j  1.+0.j  1.+0.j  1.+0.j  1.+0.j  1.+0.j  1.+0.j -1.+0.j -1.+0.j -1.+0.j  1.+0.j -1.+0.j  1.+0.j
 -1.+0.j  1.+0.j  1.+0.j  1.+0.j  1.+0.j -1.+0.j  1.+0.j  1.+0.j  1.+0.j  1.+0.j  1.+0.j  1.+0.j -1.+0.j  1.+0.j
  1.+0.j -1.+0.j  1.+0.j -1.+0.j -1.+0.j  1.+0.j  1.+0.j  1.+0.j  1.+0.j  1.+0.j -1.+0.j  1.+0.j -1.+0.j  1.+0.j
 -1.+0.j -1.+0.j  1.+0.j  1.+0.j -1.+0.j  1.+0.j -1.+0.j -1.+0.j  1.+0.j  1.+0.j  1.+0.j  1.+0.j  1.+0.j  1.+0.j
 -1.+0.j -1.+0.j  1.+0.j -1.+0.j  1.+0.j  1.+0.j -1.+0.j -1.+0.j -1.+0.j -1.+0.j -1.+0.j -1.+0.j -1.+0.j -1.+0.j
 -1.+0.j -1.+0.j -1.+0.j -1.+0.j -1.+0.j  1.+0.j -1.+0.j -1.+0.j -1.+0.j -1.+0.j  1.+0.j  1.+0.j -1.+0.j -1.+0.j
 -1.+0.j  1.+0.j  1.+0.j -1.+0.j  1.+0.j  1.+0.j  1.+0.j  1.+0.j  1.+0.j  1.+0.j -1.+0.j  1.+0.j  1.+0.j -1.+0.j
 -1.+0.j -1.+0.j -1.+0.j  1.+0.j  1.+0.j -1.+0.j -1.+0.j  1.+0.j -1.+0.j  1.+0.j  1.+0.j -1.+0.j -1.+0.j  1.+0.j
 -1.+0.j -1.+0.j  1.+0.j -1.+0.j  1.+0.j -1.+0.j -1.+0.j -1.+0.j  1.+0.j  1.+0.j  1.+0.j  1.+0.j  1.+0.j  1.+0.j
  1.+0.j -1.+0.j -1.+0.j  1.+0.j  1.+0.j  1.+0.j  1.+0.j  1.+0.j  1.+0.j -1.+0.j -1.+0.j -1.+0.j  1.+0.j -1.+0.j
  1.+0.j -1.+0.j  1.+0.j  1.+0.j  1.+0.j  1.+0.j -1.+0.j  1.+0.j  1.+0.j  1.+0.j  1.+0.j  1.+0.j  1.+0.j -1.+0.j
  1.+0.j  1.+0.j -1.+0.j  1.+0.j -1.+0.j -1.+0.j  1.+0.j  1.+0.j  1.+0.j  1.+0.j  1.+0.j -1.+0.j  1.+0.j -1.+0.j
  1.+0.j -1.+0.j -1.+0.j  1.+0.j  1.+0.j -1.+0.j  1.+0.j -1.+0.j -1.+0.j  1.+0.j  1.+0.j  1.+0.j  1.+0.j  1.+0.j
  1.+0.j -1.+0.j -1.+0.j  1.+0.j -1.+0.j  1.+0.j  1.+0.j -1.+0.j -1.+0.j -1.+0.j -1.+0.j -1.+0.j -1.+0.j -1.+0.j
 -1.+0.j -1.+0.j -1.+0.j -1.+0.j -1.+0.j -1.+0.j  1.+0.j -1.+0.j -1.+0.j -1.+0.j -1.+0.j  1.+0.j  1.+0.j -1.+0.j
 -1.+0.j -1.+0.j  1.+0.j  1.+0.j -1.+0.j  1.+0.j  1.+0.j  1.+0.j  1.+0.j  1.+0.j  1.+0.j -1.+0.j  1.+0.j  1.+0.j
 -1.+0.j -1.+0.j -1.+0.j -1.+0.j  1.+0.j  1.+0.j -1.+0.j -1.+0.j  1.+0.j -1.+0.j  1.+0.j  1.+0.j -1.+0.j -1.+0.j
  1.+0.j -1.+0.j -1.+0.j  1.+0.j -1.+0.j  1.+0.j -1.+0.j -1.+0.j -1.+0.j  1.+0.j  1.+0.j  1.+0.j  1.+0.j  1.+0.j
  1.+0.j  1.+0.j -1.+0.j -1.+0.j  1.+0.j  1.+0.j  1.+0.j  1.+0.j  1.+0.j  1.+0.j -1.+0.j -1.+0.j -1.+0.j  1.+0.j
 -1.+0.j  1.+0.j -1.+0.j  1.+0.j  1.+0.j  1.+0.j  1.+0.j -1.+0.j  1.+0.j  1.+0.j  1.+0.j  1.+0.j  1.+0.j  1.+0.j
 -1.+0.j  1.+0.j  1.+0.j -1.+0.j  1.+0.j -1.+0.j -1.+0.j  1.+0.j  1.+0.j  1.+0.j  1.+0.j  1.+0.j -1.+0.j  1.+0.j
 -1.+0.j  1.+0.j -1.+0.j -1.+0.j  1.+0.j  1.+0.j -1.+0.j  1.+0.j -1.+0.j -1.+0.j  1.+0.j  1.+0.j  1.+0.j  1.+0.j
  1.+0.j  1.+0.j -1.+0.j -1.+0.j  1.+0.j -1.+0.j  1.+0.j  1.+0.j -1.+0.j  1.-0.j  1.-0.j  1.-0.j  1.-0.j  1.-0.j
  1.-0.j  1.-0.j  1.-0.j  1.-0.j  1.-0.j  1.-0.j  1.-0.j -1.+0.j  1.-0.j  1.-0.j  1.-0.j  1.-0.j -1.+0.j -1.+0.j
  1.-0.j  1.-0.j  1.-0.j -1.+0.j -1.+0.j  1.-0.j -1.+0.j -1.+0.j -1.+0.j -1.+0.j -1.+0.j -1.+0.j  1.-0.j -1.+0.j
 -1.+0.j  1.-0.j  1.-0.j  1.-0.j  1.-0.j -1.+0.j -1.+0.j  1.-0.j  1.-0.j -1.+0.j  1.-0.j -1.+0.j -1.+0.j  1.-0.j
  1.-0.j -1.+0.j  1.-0.j  1.-0.j -1.+0.j  1.-0.j -1.+0.j  1.-0.j  1.-0.j  1.-0.j -1.+0.j -1.+0.j -1.+0.j -1.+0.j
 -1.+0.j -1.+0.j -1.+0.j  1.-0.j  1.-0.j -1.+0.j -1.+0.j -1.+0.j -1.+0.j -1.+0.j -1.+0.j  1.-0.j  1.-0.j  1.-0.j
 -1.+0.j  1.-0.j -1.+0.j  1.-0.j -1.+0.j -1.+0.j -1.+0.j -1.+0.j  1.-0.j -1.+0.j -1.+0.j -1.+0.j -1.+0.j -1.+0.j
 -1.+0.j  1.-0.j -1.+0.j -1.+0.j  1.-0.j -1.+0.j  1.-0.j  1.-0.j -1.+0.j -1.+0.j -1.+0.j -1.+0.j -1.+0.j  1.-0.j
 -1.+0.j  1.-0.j -1.+0.j  1.-0.j  1.-0.j -1.+0.j -1.+0.j  1.-0.j -1.+0.j  1.-0.j  1.-0.j -1.+0.j -1.+0.j -1.+0.j
 -1.+0.j -1.+0.j -1.+0.j  1.-0.j  1.-0.j -1.+0.j  1.-0.j -1.+0.j -1.+0.j  1.-0.j -1.+0.j -1.+0.j -1.+0.j -1.+0.j
 -1.+0.j -1.+0.j -1.+0.j -1.+0.j -1.+0.j -1.+0.j -1.+0.j -1.+0.j  1.+0.j -1.+0.j -1.+0.j -1.+0.j -1.+0.j  1.+0.j
  1.+0.j -1.+0.j -1.+0.j -1.+0.j  1.+0.j  1.+0.j -1.+0.j  1.+0.j  1.+0.j  1.+0.j  1.+0.j  1.+0.j  1.+0.j -1.+0.j
  1.+0.j  1.+0.j -1.+0.j -1.+0.j -1.+0.j -1.+0.j  1.+0.j  1.+0.j -1.+0.j -1.+0.j  1.+0.j -1.+0.j  1.+0.j  1.+0.j
 -1.+0.j -1.+0.j  1.+0.j -1.+0.j -1.+0.j  1.+0.j -1.+0.j  1.+0.j -1.+0.j -1.+0.j -1.+0.j  1.+0.j  1.+0.j  1.+0.j
  1.+0.j  1.+0.j  1.+0.j  1.+0.j -1.+0.j -1.+0.j  1.+0.j  1.+0.j  1.+0.j  1.+0.j  1.+0.j  1.+0.j -1.+0.j -1.+0.j
 -1.+0.j  1.+0.j -1.+0.j  1.+0.j -1.+0.j  1.+0.j  1.+0.j  1.+0.j  1.+0.j -1.+0.j  1.+0.j  1.+0.j  1.+0.j  1.+0.j
  1.+0.j  1.+0.j -1.+0.j  1.+0.j  1.+0.j -1.+0.j  1.+0.j -1.+0.j -1.+0.j  1.+0.j  1.+0.j  1.+0.j  1.+0.j  1.+0.j
 -1.+0.j  1.+0.j -1.+0.j  1.+0.j -1.+0.j -1.+0.j  1.+0.j  1.+0.j -1.+0.j  1.+0.j -1.+0.j -1.+0.j  1.+0.j  1.+0.j
  1.+0.j  1.+0.j  1.+0.j  1.+0.j -1.+0.j -1.+0.j  1.+0.j -1.+0.j  1.+0.j  1.+0.j -1.+0.j  1.-0.j  1.-0.j  1.-0.j
  1.-0.j  1.-0.j  1.-0.j  1.-0.j  1.-0.j  1.-0.j  1.-0.j  1.-0.j  1.-0.j -1.+0.j  1.-0.j  1.-0.j  1.-0.j  1.-0.j
 -1.+0.j -1.+0.j  1.-0.j  1.-0.j  1.-0.j -1.+0.j -1.+0.j  1.-0.j -1.+0.j -1.+0.j -1.+0.j -1.+0.j -1.+0.j -1.+0.j
  1.-0.j -1.+0.j -1.+0.j  1.-0.j  1.-0.j  1.-0.j  1.-0.j -1.+0.j -1.+0.j  1.-0.j  1.-0.j -1.+0.j  1.-0.j -1.+0.j
 -1.+0.j  1.-0.j  1.-0.j -1.+0.j  1.-0.j  1.-0.j -1.+0.j  1.-0.j -1.+0.j  1.-0.j  1.-0.j  1.-0.j -1.+0.j -1.+0.j
 -1.+0.j -1.+0.j -1.+0.j -1.+0.j -1.+0.j  1.-0.j  1.-0.j -1.+0.j -1.+0.j -1.+0.j -1.+0.j -1.+0.j -1.+0.j  1.-0.j
  1.-0.j  1.-0.j -1.+0.j  1.-0.j -1.+0.j  1.-0.j -1.+0.j -1.+0.j -1.+0.j -1.+0.j  1.-0.j -1.+0.j -1.+0.j -1.+0.j
 -1.+0.j -1.+0.j -1.+0.j  1.-0.j -1.+0.j -1.+0.j  1.-0.j -1.+0.j  1.-0.j  1.-0.j -1.+0.j -1.+0.j -1.+0.j -1.+0.j
 -1.+0.j  1.-0.j -1.+0.j  1.-0.j -1.+0.j  1.-0.j  1.-0.j -1.+0.j -1.+0.j  1.-0.j -1.+0.j  1.-0.j  1.-0.j -1.+0.j
 -1.+0.j -1.+0.j -1.+0.j -1.+0.j -1.+0.j  1.-0.j  1.-0.j -1.+0.j  1.-0.j -1.+0.j -1.+0.j  1.-0.j -1.+0.j -1.+0.j
 -1.+0.j -1.+0.j -1.+0.j -1.+0.j -1.+0.j -1.+0.j -1.+0.j -1.+0.j -1.+0.j -1.+0.j  1.+0.j -1.+0.j -1.+0.j -1.+0.j
 -1.+0.j  1.+0.j  1.+0.j -1.+0.j -1.+0.j -1.+0.j  1.+0.j  1.+0.j -1.+0.j  1.+0.j  1.+0.j  1.+0.j  1.+0.j  1.+0.j
  1.+0.j -1.+0.j  1.+0.j  1.+0.j -1.+0.j -1.+0.j -1.+0.j -1.+0.j  1.+0.j  1.+0.j -1.+0.j -1.+0.j  1.+0.j -1.+0.j
  1.+0.j  1.+0.j -1.+0.j -1.+0.j  1.+0.j -1.+0.j -1.+0.j  1.+0.j -1.+0.j  1.+0.j -1.+0.j -1.+0.j -1.+0.j  1.+0.j
  1.+0.j  1.+0.j  1.+0.j  1.+0.j  1.+0.j  1.+0.j -1.+0.j -1.+0.j  1.+0.j  1.+0.j  1.+0.j  1.+0.j  1.+0.j  1.+0.j
 -1.+0.j -1.+0.j -1.+0.j  1.+0.j -1.+0.j  1.+0.j -1.+0.j  1.+0.j  1.+0.j  1.+0.j  1.+0.j -1.+0.j  1.+0.j  1.+0.j
  1.+0.j  1.+0.j  1.+0.j  1.+0.j -1.+0.j  1.+0.j  1.+0.j -1.+0.j  1.+0.j -1.+0.j -1.+0.j  1.+0.j  1.+0.j  1.+0.j
  1.+0.j  1.+0.j -1.+0.j  1.+0.j -1.+0.j  1.+0.j -1.+0.j -1.+0.j  1.+0.j  1.+0.j -1.+0.j  1.+0.j -1.+0.j -1.+0.j
  1.+0.j  1.+0.j  1.+0.j  1.+0.j  1.+0.j  1.+0.j -1.+0.j -1.+0.j  1.+0.j -1.+0.j  1.+0.j  1.+0.j -1.+0.j  1.-0.j
  1.-0.j  1.-0.j  1.-0.j  1.-0.j  1.-0.j  1.-0.j  1.-0.j  1.-0.j  1.-0.j  1.-0.j  1.-0.j -1.+0.j  1.-0.j  1.-0.j
  1.-0.j  1.-0.j -1.+0.j -1.+0.j  1.-0.j  1.-0.j  1.-0.j -1.+0.j -1.+0.j  1.-0.j -1.+0.j -1.+0.j -1.+0.j -1.+0.j
 -1.+0.j -1.+0.j  1.-0.j -1.+0.j -1.+0.j  1.-0.j  1.-0.j  1.-0.j  1.-0.j -1.+0.j -1.+0.j  1.-0.j  1.-0.j -1.+0.j
  1.-0.j -1.+0.j -1.+0.j  1.-0.j  1.-0.j -1.+0.j  1.-0.j  1.-0.j -1.+0.j  1.-0.j -1.+0.j  1.-0.j  1.-0.j  1.-0.j
 -1.+0.j -1.+0.j -1.+0.j -1.+0.j -1.+0.j -1.+0.j -1.+0.j  1.-0.j  1.-0.j -1.+0.j -1.+0.j -1.+0.j -1.+0.j -1.+0.j
 -1.+0.j  1.-0.j  1.-0.j  1.-0.j -1.+0.j  1.-0.j -1.+0.j  1.-0.j -1.+0.j -1.+0.j -1.+0.j -1.+0.j  1.-0.j -1.+0.j
 -1.+0.j -1.+0.j -1.+0.j -1.+0.j -1.+0.j  1.-0.j -1.+0.j -1.+0.j  1.-0.j -1.+0.j  1.-0.j  1.-0.j -1.+0.j -1.+0.j
 -1.+0.j -1.+0.j -1.+0.j  1.-0.j -1.+0.j  1.-0.j -1.+0.j  1.-0.j  1.-0.j -1.+0.j -1.+0.j  1.-0.j -1.+0.j  1.-0.j
  1.-0.j -1.+0.j -1.+0.j -1.+0.j -1.+0.j -1.+0.j -1.+0.j  1.-0.j  1.-0.j -1.+0.j  1.-0.j -1.+0.j -1.+0.j  1.-0.j
 -1.+0.j -1.+0.j -1.+0.j -1.+0.j -1.+0.j -1.+0.j -1.+0.j -1.+0.j -1.+0.j -1.+0.j -1.+0.j -1.+0.j  1.+0.j -1.+0.j
 -1.+0.j -1.+0.j -1.+0.j  1.+0.j  1.+0.j -1.+0.j -1.+0.j -1.+0.j  1.+0.j  1.+0.j -1.+0.j  1.+0.j  1.+0.j  1.+0.j
  1.+0.j  1.+0.j  1.+0.j -1.+0.j  1.+0.j  1.+0.j -1.+0.j -1.+0.j -1.+0.j -1.+0.j  1.+0.j  1.+0.j -1.+0.j -1.+0.j
  1.+0.j -1.+0.j  1.+0.j  1.+0.j -1.+0.j -1.+0.j  1.+0.j -1.+0.j -1.+0.j  1.+0.j -1.+0.j  1.+0.j -1.+0.j -1.+0.j
 -1.+0.j  1.+0.j  1.+0.j  1.+0.j  1.+0.j  1.+0.j  1.+0.j  1.+0.j -1.+0.j -1.+0.j  1.+0.j  1.+0.j  1.+0.j  1.+0.j
  1.+0.j  1.+0.j -1.+0.j -1.+0.j -1.+0.j  1.+0.j -1.+0.j  1.+0.j -1.+0.j  1.+0.j  1.+0.j  1.+0.j  1.+0.j -1.+0.j
  1.+0.j  1.+0.j  1.+0.j  1.+0.j  1.+0.j  1.+0.j -1.+0.j  1.+0.j  1.+0.j -1.+0.j  1.+0.j -1.+0.j -1.+0.j  1.+0.j
  1.+0.j  1.+0.j  1.+0.j  1.+0.j -1.+0.j  1.+0.j -1.+0.j  1.+0.j -1.+0.j -1.+0.j  1.+0.j  1.+0.j -1.+0.j  1.+0.j
 -1.+0.j -1.+0.j  1.+0.j  1.+0.j  1.+0.j  1.+0.j  1.+0.j  1.+0.j -1.+0.j -1.+0.j  1.+0.j -1.+0.j  1.+0.j  1.+0.j
 -1.+0.j  1.-0.j  1.-0.j  1.-0.j  1.-0.j  1.-0.j  1.-0.j  1.-0.j  1.-0.j  1.-0.j  1.-0.j  1.-0.j  1.-0.j -1.+0.j
  1.-0.j  1.-0.j  1.-0.j  1.-0.j -1.+0.j -1.+0.j  1.-0.j  1.-0.j  1.-0.j -1.+0.j -1.+0.j  1.-0.j -1.+0.j -1.+0.j
 -1.+0.j -1.+0.j -1.+0.j -1.+0.j  1.-0.j -1.+0.j -1.+0.j  1.-0.j  1.-0.j  1.-0.j  1.-0.j -1.+0.j -1.+0.j  1.-0.j
  1.-0.j -1.+0.j  1.-0.j -1.+0.j -1.+0.j  1.-0.j  1.-0.j -1.+0.j  1.-0.j  1.-0.j -1.+0.j  1.-0.j -1.+0.j  1.-0.j
  1.-0.j  1.-0.j -1.+0.j -1.+0.j -1.+0.j -1.+0.j -1.+0.j -1.+0.j -1.+0.j  1.-0.j  1.-0.j -1.+0.j -1.+0.j -1.+0.j
 -1.+0.j -1.+0.j -1.+0.j  1.-0.j  1.-0.j  1.-0.j -1.+0.j  1.-0.j -1.+0.j  1.-0.j -1.+0.j -1.+0.j -1.+0.j -1.+0.j
  1.-0.j -1.+0.j -1.+0.j -1.+0.j -1.+0.j -1.+0.j -1.+0.j  1.-0.j -1.+0.j -1.+0.j  1.-0.j -1.+0.j  1.-0.j  1.-0.j
 -1.+0.j -1.+0.j -1.+0.j -1.+0.j -1.+0.j  1.-0.j -1.+0.j  1.-0.j -1.+0.j  1.-0.j  1.-0.j -1.+0.j -1.+0.j  1.-0.j
 -1.+0.j  1.-0.j  1.-0.j -1.+0.j -1.+0.j -1.+0.j -1.+0.j -1.+0.j -1.+0.j  1.-0.j  1.-0.j -1.+0.j  1.-0.j -1.+0.j
 -1.+0.j  1.-0.j  1.-0.j  1.-0.j  1.-0.j  1.-0.j  1.-0.j  1.-0.j  1.-0.j  1.-0.j  1.-0.j  1.-0.j  1.-0.j  1.-0.j
 -1.+0.j  1.-0.j  1.-0.j  1.-0.j  1.-0.j -1.+0.j -1.+0.j  1.-0.j  1.-0.j  1.-0.j -1.+0.j -1.+0.j  1.-0.j -1.+0.j
 -1.+0.j -1.+0.j -1.+0.j -1.+0.j -1.+0.j  1.-0.j -1.+0.j -1.+0.j  1.-0.j  1.-0.j  1.-0.j  1.-0.j -1.+0.j -1.+0.j
  1.-0.j  1.-0.j -1.+0.j  1.-0.j -1.+0.j -1.+0.j  1.-0.j  1.-0.j -1.+0.j  1.-0.j  1.-0.j -1.+0.j  1.-0.j -1.+0.j
  1.-0.j  1.-0.j  1.-0.j -1.+0.j -1.+0.j -1.+0.j -1.+0.j -1.+0.j -1.+0.j -1.+0.j  1.-0.j  1.-0.j -1.+0.j -1.+0.j
 -1.+0.j -1.+0.j -1.+0.j -1.+0.j  1.-0.j  1.-0.j  1.-0.j -1.+0.j  1.-0.j -1.+0.j  1.-0.j -1.+0.j -1.+0.j -1.+0.j
 -1.+0.j  1.-0.j -1.+0.j -1.+0.j -1.+0.j -1.+0.j -1.+0.j -1.+0.j  1.-0.j -1.+0.j -1.+0.j  1.-0.j -1.+0.j  1.-0.j
  1.-0.j -1.+0.j -1.+0.j -1.+0.j -1.+0.j -1.+0.j  1.-0.j -1.+0.j  1.-0.j -1.+0.j  1.-0.j  1.-0.j -1.+0.j -1.+0.j
  1.-0.j -1.+0.j  1.-0.j  1.-0.j -1.+0.j -1.+0.j -1.+0.j -1.+0.j -1.+0.j -1.+0.j  1.-0.j  1.-0.j -1.+0.j  1.-0.j
 -1.+0.j -1.+0.j  1.-0.j -1.+0.j -1.+0.j -1.+0.j -1.+0.j -1.+0.j -1.+0.j -1.+0.j -1.+0.j -1.+0.j -1.+0.j -1.+0.j
 -1.+0.j  1.+0.j -1.+0.j -1.+0.j -1.+0.j -1.+0.j  1.+0.j  1.+0.j -1.+0.j -1.+0.j -1.+0.j  1.+0.j  1.+0.j -1.+0.j
  1.+0.j  1.+0.j  1.+0.j  1.+0.j  1.+0.j  1.+0.j -1.+0.j  1.+0.j  1.+0.j -1.+0.j -1.+0.j -1.+0.j -1.+0.j  1.+0.j
  1.+0.j -1.+0.j -1.+0.j  1.+0.j -1.+0.j  1.+0.j  1.+0.j -1.+0.j -1.+0.j  1.+0.j -1.+0.j -1.+0.j  1.+0.j -1.+0.j
  1.+0.j -1.+0.j -1.+0.j -1.+0.j  1.+0.j  1.+0.j  1.+0.j  1.+0.j  1.+0.j  1.+0.j  1.+0.j -1.+0.j -1.+0.j  1.+0.j
  1.+0.j  1.+0.j  1.+0.j  1.+0.j  1.+0.j -1.+0.j -1.+0.j -1.+0.j  1.+0.j -1.+0.j  1.+0.j -1.+0.j  1.+0.j  1.+0.j
  1.+0.j  1.+0.j -1.+0.j  1.+0.j  1.+0.j  1.+0.j  1.+0.j  1.+0.j  1.+0.j -1.+0.j  1.+0.j  1.+0.j -1.+0.j  1.+0.j
 -1.+0.j -1.+0.j  1.+0.j  1.+0.j  1.+0.j  1.+0.j  1.+0.j -1.+0.j  1.+0.j -1.+0.j  1.+0.j -1.+0.j -1.+0.j  1.+0.j
  1.+0.j -1.+0.j  1.+0.j -1.+0.j -1.+0.j  1.+0.j  1.+0.j  1.+0.j  1.+0.j  1.+0.j  1.+0.j -1.+0.j -1.+0.j  1.+0.j
 -1.+0.j  1.+0.j  1.+0.j -1.+0.j  1.-0.j  1.-0.j  1.-0.j  1.-0.j  1.-0.j  1.-0.j  1.-0.j  1.-0.j  1.-0.j  1.-0.j
  1.-0.j  1.-0.j -1.+0.j  1.-0.j  1.-0.j  1.-0.j  1.-0.j -1.+0.j -1.+0.j  1.-0.j  1.-0.j  1.-0.j -1.+0.j -1.+0.j
  1.-0.j -1.+0.j -1.+0.j -1.+0.j -1.+0.j -1.+0.j -1.+0.j  1.-0.j -1.+0.j -1.+0.j  1.-0.j  1.-0.j  1.-0.j  1.-0.j
 -1.+0.j -1.+0.j  1.-0.j  1.-0.j -1.+0.j  1.-0.j -1.+0.j -1.+0.j  1.-0.j  1.-0.j -1.+0.j  1.-0.j  1.-0.j -1.+0.j
  1.-0.j -1.+0.j  1.-0.j  1.-0.j  1.-0.j -1.+0.j -1.+0.j -1.+0.j -1.+0.j -1.+0.j -1.+0.j -1.+0.j  1.-0.j  1.-0.j
 -1.+0.j -1.+0.j -1.+0.j -1.+0.j -1.+0.j -1.+0.j  1.-0.j  1.-0.j  1.-0.j -1.+0.j  1.-0.j -1.+0.j  1.-0.j -1.+0.j
 -1.+0.j -1.+0.j -1.+0.j  1.-0.j -1.+0.j -1.+0.j -1.+0.j -1.+0.j -1.+0.j -1.+0.j  1.-0.j -1.+0.j -1.+0.j  1.-0.j
 -1.+0.j  1.-0.j  1.-0.j -1.+0.j -1.+0.j -1.+0.j -1.+0.j -1.+0.j  1.-0.j -1.+0.j  1.-0.j -1.+0.j  1.-0.j  1.-0.j
 -1.+0.j -1.+0.j  1.-0.j -1.+0.j  1.-0.j  1.-0.j -1.+0.j -1.+0.j -1.+0.j -1.+0.j -1.+0.j -1.+0.j  1.-0.j  1.-0.j
 -1.+0.j  1.-0.j -1.+0.j -1.+0.j  1.-0.j -1.+0.j -1.+0.j -1.+0.j -1.+0.j -1.+0.j -1.+0.j -1.+0.j -1.+0.j -1.+0.j
 -1.+0.j -1.+0.j -1.+0.j  1.+0.j -1.+0.j -1.+0.j -1.+0.j -1.+0.j  1.+0.j  1.+0.j -1.+0.j -1.+0.j -1.+0.j  1.+0.j
  1.+0.j -1.+0.j  1.+0.j  1.+0.j  1.+0.j  1.+0.j  1.+0.j  1.+0.j -1.+0.j  1.+0.j  1.+0.j -1.+0.j -1.+0.j -1.+0.j
 -1.+0.j  1.+0.j  1.+0.j -1.+0.j -1.+0.j  1.+0.j -1.+0.j  1.+0.j  1.+0.j -1.+0.j -1.+0.j  1.+0.j -1.+0.j -1.+0.j
  1.+0.j -1.+0.j  1.+0.j -1.+0.j -1.+0.j -1.+0.j  1.+0.j  1.+0.j  1.+0.j  1.+0.j  1.+0.j  1.+0.j  1.+0.j -1.+0.j
 -1.+0.j  1.+0.j  1.+0.j  1.+0.j  1.+0.j  1.+0.j  1.+0.j -1.+0.j -1.+0.j -1.+0.j  1.+0.j -1.+0.j  1.+0.j -1.+0.j
  1.+0.j  1.+0.j  1.+0.j  1.+0.j -1.+0.j  1.+0.j  1.+0.j  1.+0.j  1.+0.j  1.+0.j  1.+0.j -1.+0.j  1.+0.j  1.+0.j
 -1.+0.j  1.+0.j -1.+0.j -1.+0.j  1.+0.j  1.+0.j  1.+0.j  1.+0.j  1.+0.j -1.+0.j  1.+0.j -1.+0.j  1.+0.j -1.+0.j
 -1.+0.j  1.+0.j  1.+0.j -1.+0.j  1.+0.j -1.+0.j -1.+0.j  1.+0.j  1.+0.j  1.+0.j  1.+0.j  1.+0.j  1.+0.j -1.+0.j
 -1.+0.j  1.+0.j -1.+0.j  1.+0.j  1.+0.j -1.+0.j -1.+0.j -1.+0.j -1.+0.j -1.+0.j -1.+0.j -1.+0.j -1.+0.j -1.+0.j
 -1.+0.j -1.+0.j -1.+0.j -1.+0.j  1.+0.j -1.+0.j -1.+0.j -1.+0.j -1.+0.j  1.+0.j  1.+0.j -1.+0.j -1.+0.j -1.+0.j
  1.+0.j  1.+0.j -1.+0.j  1.+0.j  1.+0.j  1.+0.j  1.+0.j  1.+0.j  1.+0.j -1.+0.j  1.+0.j  1.+0.j -1.+0.j -1.+0.j
 -1.+0.j -1.+0.j  1.+0.j  1.+0.j -1.+0.j -1.+0.j  1.+0.j -1.+0.j  1.+0.j  1.+0.j -1.+0.j -1.+0.j  1.+0.j -1.+0.j
 -1.+0.j  1.+0.j -1.+0.j  1.+0.j -1.+0.j -1.+0.j -1.+0.j  1.+0.j  1.+0.j  1.+0.j  1.+0.j  1.+0.j  1.+0.j  1.+0.j
 -1.+0.j -1.+0.j  1.+0.j  1.+0.j  1.+0.j  1.+0.j  1.+0.j  1.+0.j -1.+0.j -1.+0.j -1.+0.j  1.+0.j -1.+0.j  1.+0.j
 -1.+0.j  1.+0.j  1.+0.j  1.+0.j  1.+0.j -1.+0.j  1.+0.j  1.+0.j  1.+0.j  1.+0.j  1.+0.j  1.+0.j -1.+0.j  1.+0.j
  1.+0.j -1.+0.j  1.+0.j -1.+0.j -1.+0.j  1.+0.j  1.+0.j  1.+0.j  1.+0.j  1.+0.j -1.+0.j  1.+0.j -1.+0.j  1.+0.j
 -1.+0.j -1.+0.j  1.+0.j  1.+0.j -1.+0.j  1.+0.j -1.+0.j -1.+0.j  1.+0.j  1.+0.j  1.+0.j  1.+0.j  1.+0.j  1.+0.j
 -1.+0.j -1.+0.j  1.+0.j -1.+0.j  1.+0.j  1.+0.j -1.+0.j  1.-0.j  1.-0.j  1.-0.j  1.-0.j  1.-0.j  1.-0.j  1.-0.j
  1.-0.j  1.-0.j  1.-0.j  1.-0.j  1.-0.j -1.+0.j  1.-0.j  1.-0.j  1.-0.j  1.-0.j -1.+0.j -1.+0.j  1.-0.j  1.-0.j
  1.-0.j -1.+0.j -1.+0.j  1.-0.j -1.+0.j -1.+0.j -1.+0.j -1.+0.j -1.+0.j -1.+0.j  1.-0.j -1.+0.j -1.+0.j  1.-0.j
  1.-0.j  1.-0.j  1.-0.j -1.+0.j -1.+0.j  1.-0.j  1.-0.j -1.+0.j  1.-0.j -1.+0.j -1.+0.j  1.-0.j  1.-0.j -1.+0.j
  1.-0.j  1.-0.j -1.+0.j  1.-0.j -1.+0.j  1.-0.j  1.-0.j  1.-0.j -1.+0.j -1.+0.j -1.+0.j -1.+0.j -1.+0.j -1.+0.j
 -1.+0.j  1.-0.j  1.-0.j -1.+0.j -1.+0.j -1.+0.j -1.+0.j -1.+0.j -1.+0.j  1.-0.j  1.-0.j  1.-0.j -1.+0.j  1.-0.j
 -1.+0.j  1.-0.j -1.+0.j -1.+0.j -1.+0.j -1.+0.j  1.-0.j -1.+0.j -1.+0.j -1.+0.j -1.+0.j -1.+0.j -1.+0.j  1.-0.j
 -1.+0.j -1.+0.j  1.-0.j -1.+0.j  1.-0.j  1.-0.j -1.+0.j -1.+0.j -1.+0.j -1.+0.j -1.+0.j  1.-0.j -1.+0.j  1.-0.j
 -1.+0.j  1.-0.j  1.-0.j -1.+0.j -1.+0.j  1.-0.j -1.+0.j  1.-0.j  1.-0.j -1.+0.j -1.+0.j -1.+0.j -1.+0.j -1.+0.j
 -1.+0.j  1.-0.j  1.-0.j -1.+0.j  1.-0.j -1.+0.j -1.+0.j  1.-0.j  1.-0.j  1.-0.j  1.-0.j  1.-0.j  1.-0.j  1.-0.j
  1.-0.j  1.-0.j  1.-0.j  1.-0.j  1.-0.j  1.-0.j -1.+0.j  1.-0.j  1.-0.j  1.-0.j  1.-0.j -1.+0.j -1.+0.j  1.-0.j
  1.-0.j  1.-0.j -1.+0.j -1.+0.j  1.-0.j -1.+0.j -1.+0.j -1.+0.j -1.+0.j -1.+0.j -1.+0.j  1.-0.j -1.+0.j -1.+0.j
  1.-0.j  1.-0.j  1.-0.j  1.-0.j -1.+0.j -1.+0.j  1.-0.j  1.-0.j -1.+0.j  1.-0.j -1.+0.j -1.+0.j  1.-0.j  1.-0.j
 -1.+0.j  1.-0.j  1.-0.j -1.+0.j  1.-0.j -1.+0.j  1.-0.j  1.-0.j  1.-0.j -1.+0.j -1.+0.j -1.+0.j -1.+0.j -1.+0.j
 -1.+0.j -1.+0.j  1.-0.j  1.-0.j -1.+0.j -1.+0.j -1.+0.j -1.+0.j -1.+0.j -1.+0.j  1.-0.j  1.-0.j  1.-0.j -1.+0.j
  1.-0.j -1.+0.j  1.-0.j -1.+0.j -1.+0.j -1.+0.j -1.+0.j  1.-0.j -1.+0.j -1.+0.j -1.+0.j -1.+0.j -1.+0.j -1.+0.j
  1.-0.j -1.+0.j -1.+0.j  1.-0.j -1.+0.j  1.-0.j  1.-0.j -1.+0.j -1.+0.j -1.+0.j -1.+0.j -1.+0.j  1.-0.j -1.+0.j
  1.-0.j -1.+0.j  1.-0.j  1.-0.j -1.+0.j -1.+0.j  1.-0.j -1.+0.j  1.-0.j  1.-0.j -1.+0.j -1.+0.j -1.+0.j -1.+0.j
 -1.+0.j -1.+0.j  1.-0.j  1.-0.j -1.+0.j  1.-0.j -1.+0.j -1.+0.j  1.-0.j -1.+0.j -1.+0.j -1.+0.j -1.+0.j -1.+0.j
 -1.+0.j -1.+0.j -1.+0.j -1.+0.j -1.+0.j -1.+0.j -1.+0.j  1.+0.j -1.+0.j -1.+0.j -1.+0.j -1.+0.j  1.+0.j  1.+0.j
 -1.+0.j -1.+0.j -1.+0.j  1.+0.j  1.+0.j -1.+0.j  1.+0.j  1.+0.j  1.+0.j  1.+0.j  1.+0.j  1.+0.j -1.+0.j  1.+0.j
  1.+0.j -1.+0.j -1.+0.j -1.+0.j -1.+0.j  1.+0.j  1.+0.j -1.+0.j -1.+0.j  1.+0.j -1.+0.j  1.+0.j  1.+0.j -1.+0.j
 -1.+0.j  1.+0.j -1.+0.j -1.+0.j  1.+0.j -1.+0.j  1.+0.j -1.+0.j -1.+0.j -1.+0.j  1.+0.j  1.+0.j  1.+0.j  1.+0.j
  1.+0.j  1.+0.j  1.+0.j -1.+0.j -1.+0.j  1.+0.j  1.+0.j  1.+0.j  1.+0.j  1.+0.j  1.+0.j -1.+0.j -1.+0.j -1.+0.j
  1.+0.j -1.+0.j  1.+0.j -1.+0.j  1.+0.j  1.+0.j  1.+0.j  1.+0.j -1.+0.j  1.+0.j  1.+0.j  1.+0.j  1.+0.j  1.+0.j
  1.+0.j -1.+0.j  1.+0.j  1.+0.j -1.+0.j  1.+0.j -1.+0.j -1.+0.j  1.+0.j  1.+0.j  1.+0.j  1.+0.j  1.+0.j -1.+0.j
  1.+0.j -1.+0.j  1.+0.j -1.+0.j -1.+0.j  1.+0.j  1.+0.j -1.+0.j  1.+0.j -1.+0.j -1.+0.j  1.+0.j  1.+0.j  1.+0.j
  1.+0.j  1.+0.j  1.+0.j -1.+0.j -1.+0.j  1.+0.j -1.+0.j  1.+0.j  1.+0.j -1.+0.j -1.+0.j -1.+0.j -1.+0.j -1.+0.j
 -1.+0.j -1.+0.j -1.+0.j -1.+0.j -1.+0.j -1.+0.j -1.+0.j -1.+0.j  1.+0.j -1.+0.j -1.+0.j -1.+0.j -1.+0.j  1.+0.j
  1.+0.j -1.+0.j -1.+0.j -1.+0.j  1.+0.j  1.+0.j -1.+0.j  1.+0.j  1.+0.j  1.+0.j  1.+0.j  1.+0.j  1.+0.j -1.+0.j
  1.+0.j  1.+0.j -1.+0.j -1.+0.j -1.+0.j -1.+0.j  1.+0.j  1.+0.j -1.+0.j -1.+0.j  1.+0.j -1.+0.j  1.+0.j  1.+0.j
 -1.+0.j -1.+0.j  1.+0.j -1.+0.j -1.+0.j  1.+0.j -1.+0.j  1.+0.j -1.+0.j -1.+0.j -1.+0.j  1.+0.j  1.+0.j  1.+0.j
  1.+0.j  1.+0.j  1.+0.j  1.+0.j -1.+0.j -1.+0.j  1.+0.j  1.+0.j  1.+0.j  1.+0.j  1.+0.j  1.+0.j -1.+0.j -1.+0.j
 -1.+0.j  1.+0.j -1.+0.j  1.+0.j -1.+0.j  1.+0.j  1.+0.j  1.+0.j  1.+0.j -1.+0.j  1.+0.j  1.+0.j  1.+0.j  1.+0.j
  1.+0.j  1.+0.j -1.+0.j  1.+0.j  1.+0.j -1.+0.j  1.+0.j -1.+0.j -1.+0.j  1.+0.j  1.+0.j  1.+0.j  1.+0.j  1.+0.j
 -1.+0.j  1.+0.j -1.+0.j  1.+0.j -1.+0.j -1.+0.j  1.+0.j  1.+0.j -1.+0.j  1.+0.j -1.+0.j -1.+0.j  1.+0.j  1.+0.j
  1.+0.j  1.+0.j  1.+0.j  1.+0.j -1.+0.j -1.+0.j  1.+0.j -1.+0.j  1.+0.j  1.+0.j -1.+0.j -1.+0.j -1.+0.j -1.+0.j
 -1.+0.j -1.+0.j -1.+0.j -1.+0.j -1.+0.j -1.+0.j -1.+0.j -1.+0.j -1.+0.j  1.+0.j -1.+0.j -1.+0.j -1.+0.j -1.+0.j
  1.+0.j  1.+0.j -1.+0.j -1.+0.j -1.+0.j  1.+0.j  1.+0.j -1.+0.j  1.+0.j  1.+0.j  1.+0.j  1.+0.j  1.+0.j  1.+0.j
 -1.+0.j  1.+0.j  1.+0.j -1.+0.j -1.+0.j -1.+0.j -1.+0.j  1.+0.j  1.+0.j -1.+0.j -1.+0.j  1.+0.j -1.+0.j  1.+0.j
  1.+0.j -1.+0.j -1.+0.j  1.+0.j -1.+0.j -1.+0.j  1.+0.j -1.+0.j  1.+0.j -1.+0.j -1.+0.j -1.+0.j  1.+0.j  1.+0.j
  1.+0.j  1.+0.j  1.+0.j  1.+0.j  1.+0.j -1.+0.j -1.+0.j  1.+0.j  1.+0.j  1.+0.j  1.+0.j  1.+0.j  1.+0.j -1.+0.j
 -1.+0.j -1.+0.j  1.+0.j -1.+0.j  1.+0.j -1.+0.j  1.+0.j  1.+0.j  1.+0.j  1.+0.j -1.+0.j  1.+0.j  1.+0.j  1.+0.j
  1.+0.j  1.+0.j  1.+0.j -1.+0.j  1.+0.j  1.+0.j -1.+0.j  1.+0.j -1.+0.j -1.+0.j  1.+0.j  1.+0.j  1.+0.j  1.+0.j
  1.+0.j -1.+0.j  1.+0.j -1.+0.j  1.+0.j -1.+0.j -1.+0.j  1.+0.j  1.+0.j -1.+0.j  1.+0.j -1.+0.j -1.+0.j  1.+0.j
  1.+0.j  1.+0.j  1.+0.j  1.+0.j  1.+0.j -1.+0.j -1.+0.j  1.+0.j -1.+0.j  1.+0.j  1.+0.j -1.+0.j -1.+0.j -1.+0.j
 -1.+0.j -1.+0.j -1.+0.j -1.+0.j -1.+0.j -1.+0.j -1.+0.j -1.+0.j -1.+0.j -1.+0.j  1.+0.j -1.+0.j -1.+0.j -1.+0.j
 -1.+0.j  1.+0.j  1.+0.j -1.+0.j -1.+0.j -1.+0.j  1.+0.j  1.+0.j -1.+0.j  1.+0.j  1.+0.j  1.+0.j  1.+0.j  1.+0.j
  1.+0.j -1.+0.j  1.+0.j  1.+0.j -1.+0.j -1.+0.j -1.+0.j -1.+0.j  1.+0.j  1.+0.j -1.+0.j -1.+0.j  1.+0.j -1.+0.j
  1.+0.j  1.+0.j -1.+0.j -1.+0.j  1.+0.j -1.+0.j -1.+0.j  1.+0.j -1.+0.j  1.+0.j -1.+0.j -1.+0.j -1.+0.j  1.+0.j
  1.+0.j  1.+0.j  1.+0.j  1.+0.j  1.+0.j  1.+0.j -1.+0.j -1.+0.j  1.+0.j  1.+0.j  1.+0.j  1.+0.j  1.+0.j  1.+0.j
 -1.+0.j -1.+0.j -1.+0.j  1.+0.j -1.+0.j  1.+0.j -1.+0.j  1.+0.j  1.+0.j  1.+0.j  1.+0.j -1.+0.j  1.+0.j  1.+0.j
  1.+0.j  1.+0.j  1.+0.j  1.+0.j -1.+0.j  1.+0.j  1.+0.j -1.+0.j  1.+0.j -1.+0.j -1.+0.j  1.+0.j  1.+0.j  1.+0.j
  1.+0.j  1.+0.j -1.+0.j  1.+0.j -1.+0.j  1.+0.j -1.+0.j -1.+0.j  1.+0.j  1.+0.j -1.+0.j  1.+0.j -1.+0.j -1.+0.j
  1.+0.j  1.+0.j  1.+0.j  1.+0.j  1.+0.j  1.+0.j -1.+0.j -1.+0.j  1.+0.j -1.+0.j  1.+0.j  1.+0.j -1.+0.j -1.+0.j
 -1.+0.j -1.+0.j -1.+0.j -1.+0.j -1.+0.j -1.+0.j -1.+0.j -1.+0.j -1.+0.j -1.+0.j -1.+0.j  1.+0.j -1.+0.j -1.+0.j
 -1.+0.j -1.+0.j  1.+0.j  1.+0.j -1.+0.j -1.+0.j -1.+0.j  1.+0.j  1.+0.j -1.+0.j  1.+0.j  1.+0.j  1.+0.j  1.+0.j
  1.+0.j  1.+0.j -1.+0.j  1.+0.j  1.+0.j -1.+0.j -1.+0.j -1.+0.j -1.+0.j  1.+0.j  1.+0.j -1.+0.j -1.+0.j  1.+0.j
 -1.+0.j  1.+0.j  1.+0.j -1.+0.j -1.+0.j  1.+0.j -1.+0.j -1.+0.j  1.+0.j -1.+0.j  1.+0.j -1.+0.j -1.+0.j -1.+0.j
  1.+0.j  1.+0.j  1.+0.j  1.+0.j  1.+0.j  1.+0.j  1.+0.j -1.+0.j -1.+0.j  1.+0.j  1.+0.j  1.+0.j  1.+0.j  1.+0.j
  1.+0.j -1.+0.j -1.+0.j -1.+0.j  1.+0.j -1.+0.j  1.+0.j -1.+0.j  1.+0.j  1.+0.j  1.+0.j  1.+0.j -1.+0.j  1.+0.j
  1.+0.j  1.+0.j  1.+0.j  1.+0.j  1.+0.j -1.+0.j  1.+0.j  1.+0.j -1.+0.j  1.+0.j -1.+0.j -1.+0.j  1.+0.j  1.+0.j
  1.+0.j  1.+0.j  1.+0.j -1.+0.j  1.+0.j -1.+0.j  1.+0.j -1.+0.j -1.+0.j  1.+0.j  1.+0.j -1.+0.j  1.+0.j -1.+0.j
 -1.+0.j  1.+0.j  1.+0.j  1.+0.j  1.+0.j  1.+0.j  1.+0.j -1.+0.j -1.+0.j  1.+0.j -1.+0.j  1.+0.j  1.+0.j -1.+0.j
  1.-0.j  1.-0.j  1.-0.j  1.-0.j  1.-0.j  1.-0.j  1.-0.j  1.-0.j  1.-0.j  1.-0.j  1.-0.j  1.-0.j -1.+0.j  1.-0.j
  1.-0.j  1.-0.j  1.-0.j -1.+0.j -1.+0.j  1.-0.j  1.-0.j  1.-0.j -1.+0.j -1.+0.j  1.-0.j -1.+0.j -1.+0.j -1.+0.j
 -1.+0.j -1.+0.j -1.+0.j  1.-0.j -1.+0.j -1.+0.j  1.-0.j  1.-0.j  1.-0.j  1.-0.j -1.+0.j -1.+0.j  1.-0.j  1.-0.j
 -1.+0.j  1.-0.j -1.+0.j -1.+0.j  1.-0.j  1.-0.j -1.+0.j  1.-0.j  1.-0.j -1.+0.j  1.-0.j -1.+0.j  1.-0.j  1.-0.j
  1.-0.j -1.+0.j -1.+0.j -1.+0.j -1.+0.j -1.+0.j -1.+0.j -1.+0.j  1.-0.j  1.-0.j -1.+0.j -1.+0.j -1.+0.j -1.+0.j
 -1.+0.j -1.+0.j  1.-0.j  1.-0.j  1.-0.j -1.+0.j  1.-0.j -1.+0.j  1.-0.j -1.+0.j -1.+0.j -1.+0.j -1.+0.j  1.-0.j
 -1.+0.j -1.+0.j -1.+0.j -1.+0.j -1.+0.j -1.+0.j  1.-0.j -1.+0.j -1.+0.j  1.-0.j -1.+0.j  1.-0.j  1.-0.j -1.+0.j
 -1.+0.j -1.+0.j -1.+0.j -1.+0.j  1.-0.j -1.+0.j  1.-0.j -1.+0.j  1.-0.j  1.-0.j -1.+0.j -1.+0.j  1.-0.j -1.+0.j
  1.-0.j  1.-0.j -1.+0.j -1.+0.j -1.+0.j -1.+0.j -1.+0.j -1.+0.j  1.-0.j  1.-0.j -1.+0.j  1.-0.j -1.+0.j -1.+0.j
  1.-0.j  1.-0.j  1.-0.j  1.-0.j  1.-0.j  1.-0.j  1.-0.j  1.-0.j  1.-0.j  1.-0.j  1.-0.j  1.-0.j  1.-0.j -1.+0.j
  1.-0.j  1.-0.j  1.-0.j  1.-0.j -1.+0.j -1.+0.j  1.-0.j  1.-0.j  1.-0.j -1.+0.j -1.+0.j  1.-0.j -1.+0.j -1.+0.j
 -1.+0.j -1.+0.j -1.+0.j -1.+0.j  1.-0.j -1.+0.j -1.+0.j  1.-0.j  1.-0.j  1.-0.j  1.-0.j -1.+0.j -1.+0.j  1.-0.j
  1.-0.j -1.+0.j  1.-0.j -1.+0.j -1.+0.j  1.-0.j  1.-0.j -1.+0.j  1.-0.j  1.-0.j -1.+0.j  1.-0.j -1.+0.j  1.-0.j
  1.-0.j  1.-0.j -1.+0.j -1.+0.j -1.+0.j -1.+0.j -1.+0.j -1.+0.j -1.+0.j  1.-0.j  1.-0.j -1.+0.j -1.+0.j -1.+0.j
 -1.+0.j -1.+0.j -1.+0.j  1.-0.j  1.-0.j  1.-0.j -1.+0.j  1.-0.j -1.+0.j  1.-0.j -1.+0.j -1.+0.j -1.+0.j -1.+0.j
  1.-0.j -1.+0.j -1.+0.j -1.+0.j -1.+0.j -1.+0.j -1.+0.j  1.-0.j -1.+0.j -1.+0.j  1.-0.j -1.+0.j  1.-0.j  1.-0.j
 -1.+0.j -1.+0.j -1.+0.j -1.+0.j -1.+0.j  1.-0.j -1.+0.j  1.-0.j -1.+0.j  1.-0.j  1.-0.j -1.+0.j -1.+0.j  1.-0.j
 -1.+0.j  1.-0.j  1.-0.j -1.+0.j -1.+0.j -1.+0.j -1.+0.j -1.+0.j -1.+0.j  1.-0.j  1.-0.j -1.+0.j  1.-0.j -1.+0.j
 -1.+0.j  1.-0.j  1.-0.j  1.-0.j  1.-0.j  1.-0.j  1.-0.j  1.-0.j  1.-0.j  1.-0.j  1.-0.j  1.-0.j  1.-0.j  1.-0.j
 -1.+0.j  1.-0.j  1.-0.j  1.-0.j  1.-0.j -1.+0.j -1.+0.j  1.-0.j  1.-0.j  1.-0.j -1.+0.j -1.+0.j  1.-0.j -1.+0.j
 -1.+0.j -1.+0.j -1.+0.j -1.+0.j -1.+0.j  1.-0.j -1.+0.j -1.+0.j  1.-0.j  1.-0.j  1.-0.j  1.-0.j -1.+0.j -1.+0.j
  1.-0.j  1.-0.j -1.+0.j  1.-0.j -1.+0.j -1.+0.j  1.-0.j  1.-0.j -1.+0.j  1.-0.j  1.-0.j -1.+0.j  1.-0.j -1.+0.j
  1.-0.j  1.-0.j  1.-0.j -1.+0.j -1.+0.j -1.+0.j -1.+0.j -1.+0.j -1.+0.j -1.+0.j  1.-0.j  1.-0.j -1.+0.j -1.+0.j
 -1.+0.j -1.+0.j -1.+0.j -1.+0.j  1.-0.j  1.-0.j  1.-0.j -1.+0.j  1.-0.j -1.+0.j  1.-0.j -1.+0.j -1.+0.j -1.+0.j
 -1.+0.j  1.-0.j -1.+0.j -1.+0.j -1.+0.j -1.+0.j -1.+0.j -1.+0.j  1.-0.j -1.+0.j -1.+0.j  1.-0.j -1.+0.j  1.-0.j
  1.-0.j -1.+0.j -1.+0.j -1.+0.j -1.+0.j -1.+0.j  1.-0.j -1.+0.j  1.-0.j -1.+0.j  1.-0.j  1.-0.j -1.+0.j -1.+0.j
  1.-0.j -1.+0.j  1.-0.j  1.-0.j -1.+0.j -1.+0.j -1.+0.j -1.+0.j -1.+0.j -1.+0.j  1.-0.j  1.-0.j -1.+0.j  1.-0.j
 -1.+0.j -1.+0.j  1.-0.j  1.-0.j  1.-0.j  1.-0.j  1.-0.j  1.-0.j  1.-0.j  1.-0.j  1.-0.j  1.-0.j  1.-0.j  1.-0.j
  1.-0.j -1.+0.j  1.-0.j  1.-0.j  1.-0.j  1.-0.j -1.+0.j -1.+0.j  1.-0.j  1.-0.j  1.-0.j -1.+0.j -1.+0.j  1.-0.j
 -1.+0.j -1.+0.j -1.+0.j -1.+0.j -1.+0.j -1.+0.j  1.-0.j -1.+0.j -1.+0.j  1.-0.j  1.-0.j  1.-0.j  1.-0.j -1.+0.j
 -1.+0.j  1.-0.j  1.-0.j -1.+0.j  1.-0.j -1.+0.j -1.+0.j  1.-0.j  1.-0.j -1.+0.j  1.-0.j  1.-0.j -1.+0.j  1.-0.j
 -1.+0.j  1.-0.j  1.-0.j  1.-0.j -1.+0.j -1.+0.j -1.+0.j -1.+0.j -1.+0.j -1.+0.j -1.+0.j  1.-0.j  1.-0.j -1.+0.j
 -1.+0.j -1.+0.j -1.+0.j -1.+0.j -1.+0.j  1.-0.j  1.-0.j  1.-0.j -1.+0.j  1.-0.j -1.+0.j  1.-0.j -1.+0.j -1.+0.j
 -1.+0.j -1.+0.j  1.-0.j -1.+0.j -1.+0.j -1.+0.j -1.+0.j -1.+0.j -1.+0.j  1.-0.j -1.+0.j -1.+0.j  1.-0.j -1.+0.j
  1.-0.j  1.-0.j -1.+0.j -1.+0.j -1.+0.j -1.+0.j -1.+0.j  1.-0.j -1.+0.j  1.-0.j -1.+0.j  1.-0.j  1.-0.j -1.+0.j
 -1.+0.j  1.-0.j -1.+0.j  1.-0.j  1.-0.j -1.+0.j -1.+0.j -1.+0.j -1.+0.j -1.+0.j -1.+0.j  1.-0.j  1.-0.j -1.+0.j
  1.-0.j -1.+0.j -1.+0.j  1.-0.j -1.+0.j -1.+0.j -1.+0.j -1.+0.j -1.+0.j -1.+0.j -1.+0.j -1.+0.j -1.+0.j -1.+0.j
 -1.+0.j -1.+0.j  1.+0.j -1.+0.j -1.+0.j -1.+0.j -1.+0.j  1.+0.j  1.+0.j -1.+0.j -1.+0.j -1.+0.j  1.+0.j  1.+0.j
 -1.+0.j  1.+0.j  1.+0.j  1.+0.j  1.+0.j  1.+0.j  1.+0.j -1.+0.j  1.+0.j  1.+0.j -1.+0.j -1.+0.j -1.+0.j -1.+0.j
  1.+0.j  1.+0.j -1.+0.j -1.+0.j  1.+0.j -1.+0.j  1.+0.j  1.+0.j -1.+0.j -1.+0.j  1.+0.j -1.+0.j -1.+0.j  1.+0.j
 -1.+0.j  1.+0.j -1.+0.j -1.+0.j -1.+0.j  1.+0.j  1.+0.j  1.+0.j  1.+0.j  1.+0.j  1.+0.j  1.+0.j -1.+0.j -1.+0.j
  1.+0.j  1.+0.j  1.+0.j  1.+0.j  1.+0.j  1.+0.j -1.+0.j -1.+0.j -1.+0.j  1.+0.j -1.+0.j  1.+0.j -1.+0.j  1.+0.j
  1.+0.j  1.+0.j  1.+0.j -1.+0.j  1.+0.j  1.+0.j  1.+0.j  1.+0.j  1.+0.j  1.+0.j -1.+0.j  1.+0.j  1.+0.j -1.+0.j
  1.+0.j -1.+0.j -1.+0.j  1.+0.j  1.+0.j  1.+0.j  1.+0.j  1.+0.j -1.+0.j  1.+0.j -1.+0.j  1.+0.j -1.+0.j -1.+0.j
  1.+0.j  1.+0.j -1.+0.j  1.+0.j -1.+0.j -1.+0.j  1.+0.j  1.+0.j  1.+0.j  1.+0.j  1.+0.j  1.+0.j -1.+0.j -1.+0.j
  1.+0.j -1.+0.j  1.+0.j  1.+0.j -1.+0.j -1.+0.j -1.+0.j -1.+0.j -1.+0.j -1.+0.j -1.+0.j -1.+0.j -1.+0.j -1.+0.j
 -1.+0.j -1.+0.j -1.+0.j  1.+0.j -1.+0.j -1.+0.j -1.+0.j -1.+0.j  1.+0.j  1.+0.j -1.+0.j -1.+0.j -1.+0.j  1.+0.j
  1.+0.j -1.+0.j  1.+0.j  1.+0.j  1.+0.j  1.+0.j  1.+0.j  1.+0.j -1.+0.j  1.+0.j  1.+0.j -1.+0.j -1.+0.j -1.+0.j
 -1.+0.j  1.+0.j  1.+0.j -1.+0.j -1.+0.j  1.+0.j -1.+0.j  1.+0.j  1.+0.j -1.+0.j -1.+0.j  1.+0.j -1.+0.j -1.+0.j
  1.+0.j -1.+0.j  1.+0.j -1.+0.j -1.+0.j -1.+0.j  1.+0.j  1.+0.j  1.+0.j  1.+0.j  1.+0.j  1.+0.j  1.+0.j -1.+0.j
 -1.+0.j  1.+0.j  1.+0.j  1.+0.j  1.+0.j  1.+0.j  1.+0.j -1.+0.j -1.+0.j -1.+0.j  1.+0.j -1.+0.j  1.+0.j -1.+0.j
  1.+0.j  1.+0.j  1.+0.j  1.+0.j -1.+0.j  1.+0.j  1.+0.j  1.+0.j  1.+0.j  1.+0.j  1.+0.j -1.+0.j  1.+0.j  1.+0.j
 -1.+0.j  1.+0.j -1.+0.j -1.+0.j  1.+0.j  1.+0.j  1.+0.j  1.+0.j  1.+0.j -1.+0.j  1.+0.j -1.+0.j  1.+0.j -1.+0.j
 -1.+0.j  1.+0.j  1.+0.j -1.+0.j  1.+0.j -1.+0.j -1.+0.j  1.+0.j  1.+0.j  1.+0.j  1.+0.j  1.+0.j  1.+0.j -1.+0.j
 -1.+0.j  1.+0.j -1.+0.j  1.+0.j  1.+0.j -1.+0.j  1.-0.j  1.-0.j  1.-0.j  1.-0.j  1.-0.j  1.-0.j  1.-0.j  1.-0.j
  1.-0.j  1.-0.j  1.-0.j  1.-0.j -1.+0.j  1.-0.j  1.-0.j  1.-0.j  1.-0.j -1.+0.j -1.+0.j  1.-0.j  1.-0.j  1.-0.j
 -1.+0.j -1.+0.j  1.-0.j -1.+0.j -1.+0.j -1.+0.j -1.+0.j -1.+0.j -1.+0.j  1.-0.j -1.+0.j -1.+0.j  1.-0.j  1.-0.j
  1.-0.j  1.-0.j -1.+0.j -1.+0.j  1.-0.j  1.-0.j -1.+0.j  1.-0.j -1.+0.j -1.+0.j  1.-0.j  1.-0.j -1.+0.j  1.-0.j
  1.-0.j -1.+0.j  1.-0.j -1.+0.j  1.-0.j  1.-0.j  1.-0.j -1.+0.j -1.+0.j -1.+0.j -1.+0.j -1.+0.j -1.+0.j -1.+0.j
  1.-0.j  1.-0.j -1.+0.j -1.+0.j -1.+0.j -1.+0.j -1.+0.j -1.+0.j  1.-0.j  1.-0.j  1.-0.j -1.+0.j  1.-0.j -1.+0.j
  1.-0.j -1.+0.j -1.+0.j -1.+0.j -1.+0.j  1.-0.j -1.+0.j -1.+0.j -1.+0.j -1.+0.j -1.+0.j -1.+0.j  1.-0.j -1.+0.j
 -1.+0.j  1.-0.j -1.+0.j  1.-0.j  1.-0.j -1.+0.j -1.+0.j -1.+0.j -1.+0.j -1.+0.j  1.-0.j -1.+0.j  1.-0.j -1.+0.j
  1.-0.j  1.-0.j -1.+0.j -1.+0.j  1.-0.j -1.+0.j  1.-0.j  1.-0.j -1.+0.j -1.+0.j -1.+0.j -1.+0.j -1.+0.j -1.+0.j
  1.-0.j  1.-0.j -1.+0.j  1.-0.j -1.+0.j -1.+0.j  1.-0.j -1.+0.j -1.+0.j -1.+0.j -1.+0.j -1.+0.j -1.+0.j -1.+0.j
 -1.+0.j -1.+0.j -1.+0.j -1.+0.j -1.+0.j  1.+0.j -1.+0.j -1.+0.j -1.+0.j -1.+0.j  1.+0.j  1.+0.j -1.+0.j -1.+0.j
 -1.+0.j  1.+0.j  1.+0.j -1.+0.j  1.+0.j  1.+0.j  1.+0.j  1.+0.j  1.+0.j  1.+0.j -1.+0.j  1.+0.j  1.+0.j -1.+0.j
 -1.+0.j -1.+0.j -1.+0.j  1.+0.j  1.+0.j -1.+0.j -1.+0.j  1.+0.j -1.+0.j  1.+0.j  1.+0.j -1.+0.j -1.+0.j  1.+0.j
 -1.+0.j -1.+0.j  1.+0.j -1.+0.j  1.+0.j -1.+0.j -1.+0.j -1.+0.j  1.+0.j  1.+0.j  1.+0.j  1.+0.j  1.+0.j  1.+0.j
  1.+0.j -1.+0.j -1.+0.j  1.+0.j  1.+0.j  1.+0.j  1.+0.j  1.+0.j  1.+0.j -1.+0.j -1.+0.j -1.+0.j  1.+0.j -1.+0.j
  1.+0.j -1.+0.j  1.+0.j  1.+0.j  1.+0.j  1.+0.j -1.+0.j  1.+0.j  1.+0.j  1.+0.j  1.+0.j  1.+0.j  1.+0.j -1.+0.j
  1.+0.j  1.+0.j -1.+0.j  1.+0.j -1.+0.j -1.+0.j  1.+0.j  1.+0.j  1.+0.j  1.+0.j  1.+0.j -1.+0.j  1.+0.j -1.+0.j
  1.+0.j -1.+0.j -1.+0.j  1.+0.j  1.+0.j -1.+0.j  1.+0.j -1.+0.j -1.+0.j  1.+0.j  1.+0.j  1.+0.j  1.+0.j  1.+0.j
  1.+0.j -1.+0.j -1.+0.j  1.+0.j -1.+0.j  1.+0.j  1.+0.j -1.+0.j]
2025-08-29 11:56:22 [INFO] Processing 4572 samples from tag 0
2025-08-29 11:56:22 [INFO] Expected number of bits: 36
2025-08-29 11:56:22 [DEBUG] coarse freq offset: 27.61162179907842
2025-08-29 11:56:22 [INFO] offset: 2041
2025-08-29 11:56:22 [INFO] value of correlation at offset: 1182
2025-08-29 11:56:22 [INFO] Synced received bits (4): [0.0, 1.0, 1.0, 0.0]
2025-08-29 11:56:22 [INFO] Transmitted payload bits(4): [1 1 0 1]
2025-08-29 11:56:22 [INFO] Sync word correlation: 1182
2025-08-29 11:56:22 [INFO] BER: 0.75
2025-08-29 11:56:55 [DEBUG] **** New run with CLI arguments: Namespace(source='sim', file=None, verbose=3, n_tags=1)
2025-08-29 11:56:55 [DEBUG] Generating simulated samples for 1 tags
2025-08-29 11:56:55 [INFO] simulated packet metadata: SimulatedPacket(tag_id=0, preamble_bits=array([1, 1, 1, 1, 1, 1, 1, 1, 1, 0, 1, 0, 1, 0, 1, 0]), sync_bits=array([0, 1, 0, 1, 1, 0, 0, 1, 1, 1, 1, 1, 0, 0, 0, 0]), payload_bits=array([1, 1, 0, 1]), sps=1, all_bits=array([1, 1, 1, 1, 1, 1, 1, 1, 1, 0, 1, 0, 1, 0, 1, 0, 0, 1, 0, 1, 1, 0, 0, 1, 1, 1, 1, 1, 0, 0, 0, 0, 1, 1, 0, 1]), goldcode=array([-1, -1, -1, -1, -1, -1, -1, -1, -1, -1, -1, -1,  1, -1, -1, -1, -1,  1,  1, -1, -1, -1,  1,  1, -1,  1,  1,  1,
        1,  1,  1, -1,  1,  1, -1, -1, -1, -1,  1,  1, -1, -1,  1, -1,  1,  1, -1, -1,  1, -1, -1,  1, -1,  1, -1, -1,
       -1,  1,  1,  1,  1,  1,  1,  1, -1, -1,  1,  1,  1,  1,  1,  1, -1, -1, -1,  1, -1,  1, -1,  1,  1,  1,  1, -1,
        1,  1,  1,  1,  1,  1, -1,  1,  1, -1,  1, -1, -1,  1,  1,  1,  1,  1, -1,  1, -1,  1, -1, -1,  1,  1, -1,  1,
       -1, -1,  1,  1,  1,  1,  1,  1, -1, -1,  1, -1,  1,  1, -1]), samples=None, snr_db=15.0, frequency_offset_hz=500.0, time_delay_sec=0.002)
2025-08-29 11:56:55 [INFO] Packet to demod: [-1.+0.j -1.+0.j -1.+0.j -1.+0.j -1.+0.j -1.+0.j -1.+0.j -1.+0.j -1.+0.j -1.+0.j -1.+0.j -1.+0.j  1.+0.j -1.+0.j
 -1.+0.j -1.+0.j -1.+0.j  1.+0.j  1.+0.j -1.+0.j -1.+0.j -1.+0.j  1.+0.j  1.+0.j -1.+0.j  1.+0.j  1.+0.j  1.+0.j
  1.+0.j  1.+0.j  1.+0.j -1.+0.j  1.+0.j  1.+0.j -1.+0.j -1.+0.j -1.+0.j -1.+0.j  1.+0.j  1.+0.j -1.+0.j -1.+0.j
  1.+0.j -1.+0.j  1.+0.j  1.+0.j -1.+0.j -1.+0.j  1.+0.j -1.+0.j -1.+0.j  1.+0.j -1.+0.j  1.+0.j -1.+0.j -1.+0.j
 -1.+0.j  1.+0.j  1.+0.j  1.+0.j  1.+0.j  1.+0.j  1.+0.j  1.+0.j -1.+0.j -1.+0.j  1.+0.j  1.+0.j  1.+0.j  1.+0.j
  1.+0.j  1.+0.j -1.+0.j -1.+0.j -1.+0.j  1.+0.j -1.+0.j  1.+0.j -1.+0.j  1.+0.j  1.+0.j  1.+0.j  1.+0.j -1.+0.j
  1.+0.j  1.+0.j  1.+0.j  1.+0.j  1.+0.j  1.+0.j -1.+0.j  1.+0.j  1.+0.j -1.+0.j  1.+0.j -1.+0.j -1.+0.j  1.+0.j
  1.+0.j  1.+0.j  1.+0.j  1.+0.j -1.+0.j  1.+0.j -1.+0.j  1.+0.j -1.+0.j -1.+0.j  1.+0.j  1.+0.j -1.+0.j  1.+0.j
 -1.+0.j -1.+0.j  1.+0.j  1.+0.j  1.+0.j  1.+0.j  1.+0.j  1.+0.j -1.+0.j -1.+0.j  1.+0.j -1.+0.j  1.+0.j  1.+0.j
 -1.+0.j -1.+0.j -1.+0.j -1.+0.j -1.+0.j -1.+0.j -1.+0.j -1.+0.j -1.+0.j -1.+0.j -1.+0.j -1.+0.j -1.+0.j  1.+0.j
 -1.+0.j -1.+0.j -1.+0.j -1.+0.j  1.+0.j  1.+0.j -1.+0.j -1.+0.j -1.+0.j  1.+0.j  1.+0.j -1.+0.j  1.+0.j  1.+0.j
  1.+0.j  1.+0.j  1.+0.j  1.+0.j -1.+0.j  1.+0.j  1.+0.j -1.+0.j -1.+0.j -1.+0.j -1.+0.j  1.+0.j  1.+0.j -1.+0.j
 -1.+0.j  1.+0.j -1.+0.j  1.+0.j  1.+0.j -1.+0.j -1.+0.j  1.+0.j -1.+0.j -1.+0.j  1.+0.j -1.+0.j  1.+0.j -1.+0.j
 -1.+0.j -1.+0.j  1.+0.j  1.+0.j  1.+0.j  1.+0.j  1.+0.j  1.+0.j  1.+0.j -1.+0.j -1.+0.j  1.+0.j  1.+0.j  1.+0.j
  1.+0.j  1.+0.j  1.+0.j -1.+0.j -1.+0.j -1.+0.j  1.+0.j -1.+0.j  1.+0.j -1.+0.j  1.+0.j  1.+0.j  1.+0.j  1.+0.j
 -1.+0.j  1.+0.j  1.+0.j  1.+0.j  1.+0.j  1.+0.j  1.+0.j -1.+0.j  1.+0.j  1.+0.j -1.+0.j  1.+0.j -1.+0.j -1.+0.j
  1.+0.j  1.+0.j  1.+0.j  1.+0.j  1.+0.j -1.+0.j  1.+0.j -1.+0.j  1.+0.j -1.+0.j -1.+0.j  1.+0.j  1.+0.j -1.+0.j
  1.+0.j -1.+0.j -1.+0.j  1.+0.j  1.+0.j  1.+0.j  1.+0.j  1.+0.j  1.+0.j -1.+0.j -1.+0.j  1.+0.j -1.+0.j  1.+0.j
  1.+0.j -1.+0.j -1.+0.j -1.+0.j -1.+0.j -1.+0.j -1.+0.j -1.+0.j -1.+0.j -1.+0.j -1.+0.j -1.+0.j -1.+0.j -1.+0.j
  1.+0.j -1.+0.j -1.+0.j -1.+0.j -1.+0.j  1.+0.j  1.+0.j -1.+0.j -1.+0.j -1.+0.j  1.+0.j  1.+0.j -1.+0.j  1.+0.j
  1.+0.j  1.+0.j  1.+0.j  1.+0.j  1.+0.j -1.+0.j  1.+0.j  1.+0.j -1.+0.j -1.+0.j -1.+0.j -1.+0.j  1.+0.j  1.+0.j
 -1.+0.j -1.+0.j  1.+0.j -1.+0.j  1.+0.j  1.+0.j -1.+0.j -1.+0.j  1.+0.j -1.+0.j -1.+0.j  1.+0.j -1.+0.j  1.+0.j
 -1.+0.j -1.+0.j -1.+0.j  1.+0.j  1.+0.j  1.+0.j  1.+0.j  1.+0.j  1.+0.j  1.+0.j -1.+0.j -1.+0.j  1.+0.j  1.+0.j
  1.+0.j  1.+0.j  1.+0.j  1.+0.j -1.+0.j -1.+0.j -1.+0.j  1.+0.j -1.+0.j  1.+0.j -1.+0.j  1.+0.j  1.+0.j  1.+0.j
  1.+0.j -1.+0.j  1.+0.j  1.+0.j  1.+0.j  1.+0.j  1.+0.j  1.+0.j -1.+0.j  1.+0.j  1.+0.j -1.+0.j  1.+0.j -1.+0.j
 -1.+0.j  1.+0.j  1.+0.j  1.+0.j  1.+0.j  1.+0.j -1.+0.j  1.+0.j -1.+0.j  1.+0.j -1.+0.j -1.+0.j  1.+0.j  1.+0.j
 -1.+0.j  1.+0.j -1.+0.j -1.+0.j  1.+0.j  1.+0.j  1.+0.j  1.+0.j  1.+0.j  1.+0.j -1.+0.j -1.+0.j  1.+0.j -1.+0.j
  1.+0.j  1.+0.j -1.+0.j -1.+0.j -1.+0.j -1.+0.j -1.+0.j -1.+0.j -1.+0.j -1.+0.j -1.+0.j -1.+0.j -1.+0.j -1.+0.j
 -1.+0.j  1.+0.j -1.+0.j -1.+0.j -1.+0.j -1.+0.j  1.+0.j  1.+0.j -1.+0.j -1.+0.j -1.+0.j  1.+0.j  1.+0.j -1.+0.j
  1.+0.j  1.+0.j  1.+0.j  1.+0.j  1.+0.j  1.+0.j -1.+0.j  1.+0.j  1.+0.j -1.+0.j -1.+0.j -1.+0.j -1.+0.j  1.+0.j
  1.+0.j -1.+0.j -1.+0.j  1.+0.j -1.+0.j  1.+0.j  1.+0.j -1.+0.j -1.+0.j  1.+0.j -1.+0.j -1.+0.j  1.+0.j -1.+0.j
  1.+0.j -1.+0.j -1.+0.j -1.+0.j  1.+0.j  1.+0.j  1.+0.j  1.+0.j  1.+0.j  1.+0.j  1.+0.j -1.+0.j -1.+0.j  1.+0.j
  1.+0.j  1.+0.j  1.+0.j  1.+0.j  1.+0.j -1.+0.j -1.+0.j -1.+0.j  1.+0.j -1.+0.j  1.+0.j -1.+0.j  1.+0.j  1.+0.j
  1.+0.j  1.+0.j -1.+0.j  1.+0.j  1.+0.j  1.+0.j  1.+0.j  1.+0.j  1.+0.j -1.+0.j  1.+0.j  1.+0.j -1.+0.j  1.+0.j
 -1.+0.j -1.+0.j  1.+0.j  1.+0.j  1.+0.j  1.+0.j  1.+0.j -1.+0.j  1.+0.j -1.+0.j  1.+0.j -1.+0.j -1.+0.j  1.+0.j
  1.+0.j -1.+0.j  1.+0.j -1.+0.j -1.+0.j  1.+0.j  1.+0.j  1.+0.j  1.+0.j  1.+0.j  1.+0.j -1.+0.j -1.+0.j  1.+0.j
 -1.+0.j  1.+0.j  1.+0.j -1.+0.j -1.+0.j -1.+0.j -1.+0.j -1.+0.j -1.+0.j -1.+0.j -1.+0.j -1.+0.j -1.+0.j -1.+0.j
 -1.+0.j -1.+0.j  1.+0.j -1.+0.j -1.+0.j -1.+0.j -1.+0.j  1.+0.j  1.+0.j -1.+0.j -1.+0.j -1.+0.j  1.+0.j  1.+0.j
 -1.+0.j  1.+0.j  1.+0.j  1.+0.j  1.+0.j  1.+0.j  1.+0.j -1.+0.j  1.+0.j  1.+0.j -1.+0.j -1.+0.j -1.+0.j -1.+0.j
  1.+0.j  1.+0.j -1.+0.j -1.+0.j  1.+0.j -1.+0.j  1.+0.j  1.+0.j -1.+0.j -1.+0.j  1.+0.j -1.+0.j -1.+0.j  1.+0.j
 -1.+0.j  1.+0.j -1.+0.j -1.+0.j -1.+0.j  1.+0.j  1.+0.j  1.+0.j  1.+0.j  1.+0.j  1.+0.j  1.+0.j -1.+0.j -1.+0.j
  1.+0.j  1.+0.j  1.+0.j  1.+0.j  1.+0.j  1.+0.j -1.+0.j -1.+0.j -1.+0.j  1.+0.j -1.+0.j  1.+0.j -1.+0.j  1.+0.j
  1.+0.j  1.+0.j  1.+0.j -1.+0.j  1.+0.j  1.+0.j  1.+0.j  1.+0.j  1.+0.j  1.+0.j -1.+0.j  1.+0.j  1.+0.j -1.+0.j
  1.+0.j -1.+0.j -1.+0.j  1.+0.j  1.+0.j  1.+0.j  1.+0.j  1.+0.j -1.+0.j  1.+0.j -1.+0.j  1.+0.j -1.+0.j -1.+0.j
  1.+0.j  1.+0.j -1.+0.j  1.+0.j -1.+0.j -1.+0.j  1.+0.j  1.+0.j  1.+0.j  1.+0.j  1.+0.j  1.+0.j -1.+0.j -1.+0.j
  1.+0.j -1.+0.j  1.+0.j  1.+0.j -1.+0.j -1.+0.j -1.+0.j -1.+0.j -1.+0.j -1.+0.j -1.+0.j -1.+0.j -1.+0.j -1.+0.j
 -1.+0.j -1.+0.j -1.+0.j  1.+0.j -1.+0.j -1.+0.j -1.+0.j -1.+0.j  1.+0.j  1.+0.j -1.+0.j -1.+0.j -1.+0.j  1.+0.j
  1.+0.j -1.+0.j  1.+0.j  1.+0.j  1.+0.j  1.+0.j  1.+0.j  1.+0.j -1.+0.j  1.+0.j  1.+0.j -1.+0.j -1.+0.j -1.+0.j
 -1.+0.j  1.+0.j  1.+0.j -1.+0.j -1.+0.j  1.+0.j -1.+0.j  1.+0.j  1.+0.j -1.+0.j -1.+0.j  1.+0.j -1.+0.j -1.+0.j
  1.+0.j -1.+0.j  1.+0.j -1.+0.j -1.+0.j -1.+0.j  1.+0.j  1.+0.j  1.+0.j  1.+0.j  1.+0.j  1.+0.j  1.+0.j -1.+0.j
 -1.+0.j  1.+0.j  1.+0.j  1.+0.j  1.+0.j  1.+0.j  1.+0.j -1.+0.j -1.+0.j -1.+0.j  1.+0.j -1.+0.j  1.+0.j -1.+0.j
  1.+0.j  1.+0.j  1.+0.j  1.+0.j -1.+0.j  1.+0.j  1.+0.j  1.+0.j  1.+0.j  1.+0.j  1.+0.j -1.+0.j  1.+0.j  1.+0.j
 -1.+0.j  1.+0.j -1.+0.j -1.+0.j  1.+0.j  1.+0.j  1.+0.j  1.+0.j  1.+0.j -1.+0.j  1.+0.j -1.+0.j  1.+0.j -1.+0.j
 -1.+0.j  1.+0.j  1.+0.j -1.+0.j  1.+0.j -1.+0.j -1.+0.j  1.+0.j  1.+0.j  1.+0.j  1.+0.j  1.+0.j  1.+0.j -1.+0.j
 -1.+0.j  1.+0.j -1.+0.j  1.+0.j  1.+0.j -1.+0.j -1.+0.j -1.+0.j -1.+0.j -1.+0.j -1.+0.j -1.+0.j -1.+0.j -1.+0.j
 -1.+0.j -1.+0.j -1.+0.j -1.+0.j  1.+0.j -1.+0.j -1.+0.j -1.+0.j -1.+0.j  1.+0.j  1.+0.j -1.+0.j -1.+0.j -1.+0.j
  1.+0.j  1.+0.j -1.+0.j  1.+0.j  1.+0.j  1.+0.j  1.+0.j  1.+0.j  1.+0.j -1.+0.j  1.+0.j  1.+0.j -1.+0.j -1.+0.j
 -1.+0.j -1.+0.j  1.+0.j  1.+0.j -1.+0.j -1.+0.j  1.+0.j -1.+0.j  1.+0.j  1.+0.j -1.+0.j -1.+0.j  1.+0.j -1.+0.j
 -1.+0.j  1.+0.j -1.+0.j  1.+0.j -1.+0.j -1.+0.j -1.+0.j  1.+0.j  1.+0.j  1.+0.j  1.+0.j  1.+0.j  1.+0.j  1.+0.j
 -1.+0.j -1.+0.j  1.+0.j  1.+0.j  1.+0.j  1.+0.j  1.+0.j  1.+0.j -1.+0.j -1.+0.j -1.+0.j  1.+0.j -1.+0.j  1.+0.j
 -1.+0.j  1.+0.j  1.+0.j  1.+0.j  1.+0.j -1.+0.j  1.+0.j  1.+0.j  1.+0.j  1.+0.j  1.+0.j  1.+0.j -1.+0.j  1.+0.j
  1.+0.j -1.+0.j  1.+0.j -1.+0.j -1.+0.j  1.+0.j  1.+0.j  1.+0.j  1.+0.j  1.+0.j -1.+0.j  1.+0.j -1.+0.j  1.+0.j
 -1.+0.j -1.+0.j  1.+0.j  1.+0.j -1.+0.j  1.+0.j -1.+0.j -1.+0.j  1.+0.j  1.+0.j  1.+0.j  1.+0.j  1.+0.j  1.+0.j
 -1.+0.j -1.+0.j  1.+0.j -1.+0.j  1.+0.j  1.+0.j -1.+0.j -1.+0.j -1.+0.j -1.+0.j -1.+0.j -1.+0.j -1.+0.j -1.+0.j
 -1.+0.j -1.+0.j -1.+0.j -1.+0.j -1.+0.j  1.+0.j -1.+0.j -1.+0.j -1.+0.j -1.+0.j  1.+0.j  1.+0.j -1.+0.j -1.+0.j
 -1.+0.j  1.+0.j  1.+0.j -1.+0.j  1.+0.j  1.+0.j  1.+0.j  1.+0.j  1.+0.j  1.+0.j -1.+0.j  1.+0.j  1.+0.j -1.+0.j
 -1.+0.j -1.+0.j -1.+0.j  1.+0.j  1.+0.j -1.+0.j -1.+0.j  1.+0.j -1.+0.j  1.+0.j  1.+0.j -1.+0.j -1.+0.j  1.+0.j
 -1.+0.j -1.+0.j  1.+0.j -1.+0.j  1.+0.j -1.+0.j -1.+0.j -1.+0.j  1.+0.j  1.+0.j  1.+0.j  1.+0.j  1.+0.j  1.+0.j
  1.+0.j -1.+0.j -1.+0.j  1.+0.j  1.+0.j  1.+0.j  1.+0.j  1.+0.j  1.+0.j -1.+0.j -1.+0.j -1.+0.j  1.+0.j -1.+0.j
  1.+0.j -1.+0.j  1.+0.j  1.+0.j  1.+0.j  1.+0.j -1.+0.j  1.+0.j  1.+0.j  1.+0.j  1.+0.j  1.+0.j  1.+0.j -1.+0.j
  1.+0.j  1.+0.j -1.+0.j  1.+0.j -1.+0.j -1.+0.j  1.+0.j  1.+0.j  1.+0.j  1.+0.j  1.+0.j -1.+0.j  1.+0.j -1.+0.j
  1.+0.j -1.+0.j -1.+0.j  1.+0.j  1.+0.j -1.+0.j  1.+0.j -1.+0.j -1.+0.j  1.+0.j  1.+0.j  1.+0.j  1.+0.j  1.+0.j
  1.+0.j -1.+0.j -1.+0.j  1.+0.j -1.+0.j  1.+0.j  1.+0.j -1.+0.j -1.+0.j -1.+0.j -1.+0.j -1.+0.j -1.+0.j -1.+0.j
 -1.+0.j -1.+0.j -1.+0.j -1.+0.j -1.+0.j -1.+0.j  1.+0.j -1.+0.j -1.+0.j -1.+0.j -1.+0.j  1.+0.j  1.+0.j -1.+0.j
 -1.+0.j -1.+0.j  1.+0.j  1.+0.j -1.+0.j  1.+0.j  1.+0.j  1.+0.j  1.+0.j  1.+0.j  1.+0.j -1.+0.j  1.+0.j  1.+0.j
 -1.+0.j -1.+0.j -1.+0.j -1.+0.j  1.+0.j  1.+0.j -1.+0.j -1.+0.j  1.+0.j -1.+0.j  1.+0.j  1.+0.j -1.+0.j -1.+0.j
  1.+0.j -1.+0.j -1.+0.j  1.+0.j -1.+0.j  1.+0.j -1.+0.j -1.+0.j -1.+0.j  1.+0.j  1.+0.j  1.+0.j  1.+0.j  1.+0.j
  1.+0.j  1.+0.j -1.+0.j -1.+0.j  1.+0.j  1.+0.j  1.+0.j  1.+0.j  1.+0.j  1.+0.j -1.+0.j -1.+0.j -1.+0.j  1.+0.j
 -1.+0.j  1.+0.j -1.+0.j  1.+0.j  1.+0.j  1.+0.j  1.+0.j -1.+0.j  1.+0.j  1.+0.j  1.+0.j  1.+0.j  1.+0.j  1.+0.j
 -1.+0.j  1.+0.j  1.+0.j -1.+0.j  1.+0.j -1.+0.j -1.+0.j  1.+0.j  1.+0.j  1.+0.j  1.+0.j  1.+0.j -1.+0.j  1.+0.j
 -1.+0.j  1.+0.j -1.+0.j -1.+0.j  1.+0.j  1.+0.j -1.+0.j  1.+0.j -1.+0.j -1.+0.j  1.+0.j  1.+0.j  1.+0.j  1.+0.j
  1.+0.j  1.+0.j -1.+0.j -1.+0.j  1.+0.j -1.+0.j  1.+0.j  1.+0.j -1.+0.j  1.-0.j  1.-0.j  1.-0.j  1.-0.j  1.-0.j
  1.-0.j  1.-0.j  1.-0.j  1.-0.j  1.-0.j  1.-0.j  1.-0.j -1.+0.j  1.-0.j  1.-0.j  1.-0.j  1.-0.j -1.+0.j -1.+0.j
  1.-0.j  1.-0.j  1.-0.j -1.+0.j -1.+0.j  1.-0.j -1.+0.j -1.+0.j -1.+0.j -1.+0.j -1.+0.j -1.+0.j  1.-0.j -1.+0.j
 -1.+0.j  1.-0.j  1.-0.j  1.-0.j  1.-0.j -1.+0.j -1.+0.j  1.-0.j  1.-0.j -1.+0.j  1.-0.j -1.+0.j -1.+0.j  1.-0.j
  1.-0.j -1.+0.j  1.-0.j  1.-0.j -1.+0.j  1.-0.j -1.+0.j  1.-0.j  1.-0.j  1.-0.j -1.+0.j -1.+0.j -1.+0.j -1.+0.j
 -1.+0.j -1.+0.j -1.+0.j  1.-0.j  1.-0.j -1.+0.j -1.+0.j -1.+0.j -1.+0.j -1.+0.j -1.+0.j  1.-0.j  1.-0.j  1.-0.j
 -1.+0.j  1.-0.j -1.+0.j  1.-0.j -1.+0.j -1.+0.j -1.+0.j -1.+0.j  1.-0.j -1.+0.j -1.+0.j -1.+0.j -1.+0.j -1.+0.j
 -1.+0.j  1.-0.j -1.+0.j -1.+0.j  1.-0.j -1.+0.j  1.-0.j  1.-0.j -1.+0.j -1.+0.j -1.+0.j -1.+0.j -1.+0.j  1.-0.j
 -1.+0.j  1.-0.j -1.+0.j  1.-0.j  1.-0.j -1.+0.j -1.+0.j  1.-0.j -1.+0.j  1.-0.j  1.-0.j -1.+0.j -1.+0.j -1.+0.j
 -1.+0.j -1.+0.j -1.+0.j  1.-0.j  1.-0.j -1.+0.j  1.-0.j -1.+0.j -1.+0.j  1.-0.j -1.+0.j -1.+0.j -1.+0.j -1.+0.j
 -1.+0.j -1.+0.j -1.+0.j -1.+0.j -1.+0.j -1.+0.j -1.+0.j -1.+0.j  1.+0.j -1.+0.j -1.+0.j -1.+0.j -1.+0.j  1.+0.j
  1.+0.j -1.+0.j -1.+0.j -1.+0.j  1.+0.j  1.+0.j -1.+0.j  1.+0.j  1.+0.j  1.+0.j  1.+0.j  1.+0.j  1.+0.j -1.+0.j
  1.+0.j  1.+0.j -1.+0.j -1.+0.j -1.+0.j -1.+0.j  1.+0.j  1.+0.j -1.+0.j -1.+0.j  1.+0.j -1.+0.j  1.+0.j  1.+0.j
 -1.+0.j -1.+0.j  1.+0.j -1.+0.j -1.+0.j  1.+0.j -1.+0.j  1.+0.j -1.+0.j -1.+0.j -1.+0.j  1.+0.j  1.+0.j  1.+0.j
  1.+0.j  1.+0.j  1.+0.j  1.+0.j -1.+0.j -1.+0.j  1.+0.j  1.+0.j  1.+0.j  1.+0.j  1.+0.j  1.+0.j -1.+0.j -1.+0.j
 -1.+0.j  1.+0.j -1.+0.j  1.+0.j -1.+0.j  1.+0.j  1.+0.j  1.+0.j  1.+0.j -1.+0.j  1.+0.j  1.+0.j  1.+0.j  1.+0.j
  1.+0.j  1.+0.j -1.+0.j  1.+0.j  1.+0.j -1.+0.j  1.+0.j -1.+0.j -1.+0.j  1.+0.j  1.+0.j  1.+0.j  1.+0.j  1.+0.j
 -1.+0.j  1.+0.j -1.+0.j  1.+0.j -1.+0.j -1.+0.j  1.+0.j  1.+0.j -1.+0.j  1.+0.j -1.+0.j -1.+0.j  1.+0.j  1.+0.j
  1.+0.j  1.+0.j  1.+0.j  1.+0.j -1.+0.j -1.+0.j  1.+0.j -1.+0.j  1.+0.j  1.+0.j -1.+0.j  1.-0.j  1.-0.j  1.-0.j
  1.-0.j  1.-0.j  1.-0.j  1.-0.j  1.-0.j  1.-0.j  1.-0.j  1.-0.j  1.-0.j -1.+0.j  1.-0.j  1.-0.j  1.-0.j  1.-0.j
 -1.+0.j -1.+0.j  1.-0.j  1.-0.j  1.-0.j -1.+0.j -1.+0.j  1.-0.j -1.+0.j -1.+0.j -1.+0.j -1.+0.j -1.+0.j -1.+0.j
  1.-0.j -1.+0.j -1.+0.j  1.-0.j  1.-0.j  1.-0.j  1.-0.j -1.+0.j -1.+0.j  1.-0.j  1.-0.j -1.+0.j  1.-0.j -1.+0.j
 -1.+0.j  1.-0.j  1.-0.j -1.+0.j  1.-0.j  1.-0.j -1.+0.j  1.-0.j -1.+0.j  1.-0.j  1.-0.j  1.-0.j -1.+0.j -1.+0.j
 -1.+0.j -1.+0.j -1.+0.j -1.+0.j -1.+0.j  1.-0.j  1.-0.j -1.+0.j -1.+0.j -1.+0.j -1.+0.j -1.+0.j -1.+0.j  1.-0.j
  1.-0.j  1.-0.j -1.+0.j  1.-0.j -1.+0.j  1.-0.j -1.+0.j -1.+0.j -1.+0.j -1.+0.j  1.-0.j -1.+0.j -1.+0.j -1.+0.j
 -1.+0.j -1.+0.j -1.+0.j  1.-0.j -1.+0.j -1.+0.j  1.-0.j -1.+0.j  1.-0.j  1.-0.j -1.+0.j -1.+0.j -1.+0.j -1.+0.j
 -1.+0.j  1.-0.j -1.+0.j  1.-0.j -1.+0.j  1.-0.j  1.-0.j -1.+0.j -1.+0.j  1.-0.j -1.+0.j  1.-0.j  1.-0.j -1.+0.j
 -1.+0.j -1.+0.j -1.+0.j -1.+0.j -1.+0.j  1.-0.j  1.-0.j -1.+0.j  1.-0.j -1.+0.j -1.+0.j  1.-0.j -1.+0.j -1.+0.j
 -1.+0.j -1.+0.j -1.+0.j -1.+0.j -1.+0.j -1.+0.j -1.+0.j -1.+0.j -1.+0.j -1.+0.j  1.+0.j -1.+0.j -1.+0.j -1.+0.j
 -1.+0.j  1.+0.j  1.+0.j -1.+0.j -1.+0.j -1.+0.j  1.+0.j  1.+0.j -1.+0.j  1.+0.j  1.+0.j  1.+0.j  1.+0.j  1.+0.j
  1.+0.j -1.+0.j  1.+0.j  1.+0.j -1.+0.j -1.+0.j -1.+0.j -1.+0.j  1.+0.j  1.+0.j -1.+0.j -1.+0.j  1.+0.j -1.+0.j
  1.+0.j  1.+0.j -1.+0.j -1.+0.j  1.+0.j -1.+0.j -1.+0.j  1.+0.j -1.+0.j  1.+0.j -1.+0.j -1.+0.j -1.+0.j  1.+0.j
  1.+0.j  1.+0.j  1.+0.j  1.+0.j  1.+0.j  1.+0.j -1.+0.j -1.+0.j  1.+0.j  1.+0.j  1.+0.j  1.+0.j  1.+0.j  1.+0.j
 -1.+0.j -1.+0.j -1.+0.j  1.+0.j -1.+0.j  1.+0.j -1.+0.j  1.+0.j  1.+0.j  1.+0.j  1.+0.j -1.+0.j  1.+0.j  1.+0.j
  1.+0.j  1.+0.j  1.+0.j  1.+0.j -1.+0.j  1.+0.j  1.+0.j -1.+0.j  1.+0.j -1.+0.j -1.+0.j  1.+0.j  1.+0.j  1.+0.j
  1.+0.j  1.+0.j -1.+0.j  1.+0.j -1.+0.j  1.+0.j -1.+0.j -1.+0.j  1.+0.j  1.+0.j -1.+0.j  1.+0.j -1.+0.j -1.+0.j
  1.+0.j  1.+0.j  1.+0.j  1.+0.j  1.+0.j  1.+0.j -1.+0.j -1.+0.j  1.+0.j -1.+0.j  1.+0.j  1.+0.j -1.+0.j  1.-0.j
  1.-0.j  1.-0.j  1.-0.j  1.-0.j  1.-0.j  1.-0.j  1.-0.j  1.-0.j  1.-0.j  1.-0.j  1.-0.j -1.+0.j  1.-0.j  1.-0.j
  1.-0.j  1.-0.j -1.+0.j -1.+0.j  1.-0.j  1.-0.j  1.-0.j -1.+0.j -1.+0.j  1.-0.j -1.+0.j -1.+0.j -1.+0.j -1.+0.j
 -1.+0.j -1.+0.j  1.-0.j -1.+0.j -1.+0.j  1.-0.j  1.-0.j  1.-0.j  1.-0.j -1.+0.j -1.+0.j  1.-0.j  1.-0.j -1.+0.j
  1.-0.j -1.+0.j -1.+0.j  1.-0.j  1.-0.j -1.+0.j  1.-0.j  1.-0.j -1.+0.j  1.-0.j -1.+0.j  1.-0.j  1.-0.j  1.-0.j
 -1.+0.j -1.+0.j -1.+0.j -1.+0.j -1.+0.j -1.+0.j -1.+0.j  1.-0.j  1.-0.j -1.+0.j -1.+0.j -1.+0.j -1.+0.j -1.+0.j
 -1.+0.j  1.-0.j  1.-0.j  1.-0.j -1.+0.j  1.-0.j -1.+0.j  1.-0.j -1.+0.j -1.+0.j -1.+0.j -1.+0.j  1.-0.j -1.+0.j
 -1.+0.j -1.+0.j -1.+0.j -1.+0.j -1.+0.j  1.-0.j -1.+0.j -1.+0.j  1.-0.j -1.+0.j  1.-0.j  1.-0.j -1.+0.j -1.+0.j
 -1.+0.j -1.+0.j -1.+0.j  1.-0.j -1.+0.j  1.-0.j -1.+0.j  1.-0.j  1.-0.j -1.+0.j -1.+0.j  1.-0.j -1.+0.j  1.-0.j
  1.-0.j -1.+0.j -1.+0.j -1.+0.j -1.+0.j -1.+0.j -1.+0.j  1.-0.j  1.-0.j -1.+0.j  1.-0.j -1.+0.j -1.+0.j  1.-0.j
 -1.+0.j -1.+0.j -1.+0.j -1.+0.j -1.+0.j -1.+0.j -1.+0.j -1.+0.j -1.+0.j -1.+0.j -1.+0.j -1.+0.j  1.+0.j -1.+0.j
 -1.+0.j -1.+0.j -1.+0.j  1.+0.j  1.+0.j -1.+0.j -1.+0.j -1.+0.j  1.+0.j  1.+0.j -1.+0.j  1.+0.j  1.+0.j  1.+0.j
  1.+0.j  1.+0.j  1.+0.j -1.+0.j  1.+0.j  1.+0.j -1.+0.j -1.+0.j -1.+0.j -1.+0.j  1.+0.j  1.+0.j -1.+0.j -1.+0.j
  1.+0.j -1.+0.j  1.+0.j  1.+0.j -1.+0.j -1.+0.j  1.+0.j -1.+0.j -1.+0.j  1.+0.j -1.+0.j  1.+0.j -1.+0.j -1.+0.j
 -1.+0.j  1.+0.j  1.+0.j  1.+0.j  1.+0.j  1.+0.j  1.+0.j  1.+0.j -1.+0.j -1.+0.j  1.+0.j  1.+0.j  1.+0.j  1.+0.j
  1.+0.j  1.+0.j -1.+0.j -1.+0.j -1.+0.j  1.+0.j -1.+0.j  1.+0.j -1.+0.j  1.+0.j  1.+0.j  1.+0.j  1.+0.j -1.+0.j
  1.+0.j  1.+0.j  1.+0.j  1.+0.j  1.+0.j  1.+0.j -1.+0.j  1.+0.j  1.+0.j -1.+0.j  1.+0.j -1.+0.j -1.+0.j  1.+0.j
  1.+0.j  1.+0.j  1.+0.j  1.+0.j -1.+0.j  1.+0.j -1.+0.j  1.+0.j -1.+0.j -1.+0.j  1.+0.j  1.+0.j -1.+0.j  1.+0.j
 -1.+0.j -1.+0.j  1.+0.j  1.+0.j  1.+0.j  1.+0.j  1.+0.j  1.+0.j -1.+0.j -1.+0.j  1.+0.j -1.+0.j  1.+0.j  1.+0.j
 -1.+0.j  1.-0.j  1.-0.j  1.-0.j  1.-0.j  1.-0.j  1.-0.j  1.-0.j  1.-0.j  1.-0.j  1.-0.j  1.-0.j  1.-0.j -1.+0.j
  1.-0.j  1.-0.j  1.-0.j  1.-0.j -1.+0.j -1.+0.j  1.-0.j  1.-0.j  1.-0.j -1.+0.j -1.+0.j  1.-0.j -1.+0.j -1.+0.j
 -1.+0.j -1.+0.j -1.+0.j -1.+0.j  1.-0.j -1.+0.j -1.+0.j  1.-0.j  1.-0.j  1.-0.j  1.-0.j -1.+0.j -1.+0.j  1.-0.j
  1.-0.j -1.+0.j  1.-0.j -1.+0.j -1.+0.j  1.-0.j  1.-0.j -1.+0.j  1.-0.j  1.-0.j -1.+0.j  1.-0.j -1.+0.j  1.-0.j
  1.-0.j  1.-0.j -1.+0.j -1.+0.j -1.+0.j -1.+0.j -1.+0.j -1.+0.j -1.+0.j  1.-0.j  1.-0.j -1.+0.j -1.+0.j -1.+0.j
 -1.+0.j -1.+0.j -1.+0.j  1.-0.j  1.-0.j  1.-0.j -1.+0.j  1.-0.j -1.+0.j  1.-0.j -1.+0.j -1.+0.j -1.+0.j -1.+0.j
  1.-0.j -1.+0.j -1.+0.j -1.+0.j -1.+0.j -1.+0.j -1.+0.j  1.-0.j -1.+0.j -1.+0.j  1.-0.j -1.+0.j  1.-0.j  1.-0.j
 -1.+0.j -1.+0.j -1.+0.j -1.+0.j -1.+0.j  1.-0.j -1.+0.j  1.-0.j -1.+0.j  1.-0.j  1.-0.j -1.+0.j -1.+0.j  1.-0.j
 -1.+0.j  1.-0.j  1.-0.j -1.+0.j -1.+0.j -1.+0.j -1.+0.j -1.+0.j -1.+0.j  1.-0.j  1.-0.j -1.+0.j  1.-0.j -1.+0.j
 -1.+0.j  1.-0.j  1.-0.j  1.-0.j  1.-0.j  1.-0.j  1.-0.j  1.-0.j  1.-0.j  1.-0.j  1.-0.j  1.-0.j  1.-0.j  1.-0.j
 -1.+0.j  1.-0.j  1.-0.j  1.-0.j  1.-0.j -1.+0.j -1.+0.j  1.-0.j  1.-0.j  1.-0.j -1.+0.j -1.+0.j  1.-0.j -1.+0.j
 -1.+0.j -1.+0.j -1.+0.j -1.+0.j -1.+0.j  1.-0.j -1.+0.j -1.+0.j  1.-0.j  1.-0.j  1.-0.j  1.-0.j -1.+0.j -1.+0.j
  1.-0.j  1.-0.j -1.+0.j  1.-0.j -1.+0.j -1.+0.j  1.-0.j  1.-0.j -1.+0.j  1.-0.j  1.-0.j -1.+0.j  1.-0.j -1.+0.j
  1.-0.j  1.-0.j  1.-0.j -1.+0.j -1.+0.j -1.+0.j -1.+0.j -1.+0.j -1.+0.j -1.+0.j  1.-0.j  1.-0.j -1.+0.j -1.+0.j
 -1.+0.j -1.+0.j -1.+0.j -1.+0.j  1.-0.j  1.-0.j  1.-0.j -1.+0.j  1.-0.j -1.+0.j  1.-0.j -1.+0.j -1.+0.j -1.+0.j
 -1.+0.j  1.-0.j -1.+0.j -1.+0.j -1.+0.j -1.+0.j -1.+0.j -1.+0.j  1.-0.j -1.+0.j -1.+0.j  1.-0.j -1.+0.j  1.-0.j
  1.-0.j -1.+0.j -1.+0.j -1.+0.j -1.+0.j -1.+0.j  1.-0.j -1.+0.j  1.-0.j -1.+0.j  1.-0.j  1.-0.j -1.+0.j -1.+0.j
  1.-0.j -1.+0.j  1.-0.j  1.-0.j -1.+0.j -1.+0.j -1.+0.j -1.+0.j -1.+0.j -1.+0.j  1.-0.j  1.-0.j -1.+0.j  1.-0.j
 -1.+0.j -1.+0.j  1.-0.j -1.+0.j -1.+0.j -1.+0.j -1.+0.j -1.+0.j -1.+0.j -1.+0.j -1.+0.j -1.+0.j -1.+0.j -1.+0.j
 -1.+0.j  1.+0.j -1.+0.j -1.+0.j -1.+0.j -1.+0.j  1.+0.j  1.+0.j -1.+0.j -1.+0.j -1.+0.j  1.+0.j  1.+0.j -1.+0.j
  1.+0.j  1.+0.j  1.+0.j  1.+0.j  1.+0.j  1.+0.j -1.+0.j  1.+0.j  1.+0.j -1.+0.j -1.+0.j -1.+0.j -1.+0.j  1.+0.j
  1.+0.j -1.+0.j -1.+0.j  1.+0.j -1.+0.j  1.+0.j  1.+0.j -1.+0.j -1.+0.j  1.+0.j -1.+0.j -1.+0.j  1.+0.j -1.+0.j
  1.+0.j -1.+0.j -1.+0.j -1.+0.j  1.+0.j  1.+0.j  1.+0.j  1.+0.j  1.+0.j  1.+0.j  1.+0.j -1.+0.j -1.+0.j  1.+0.j
  1.+0.j  1.+0.j  1.+0.j  1.+0.j  1.+0.j -1.+0.j -1.+0.j -1.+0.j  1.+0.j -1.+0.j  1.+0.j -1.+0.j  1.+0.j  1.+0.j
  1.+0.j  1.+0.j -1.+0.j  1.+0.j  1.+0.j  1.+0.j  1.+0.j  1.+0.j  1.+0.j -1.+0.j  1.+0.j  1.+0.j -1.+0.j  1.+0.j
 -1.+0.j -1.+0.j  1.+0.j  1.+0.j  1.+0.j  1.+0.j  1.+0.j -1.+0.j  1.+0.j -1.+0.j  1.+0.j -1.+0.j -1.+0.j  1.+0.j
  1.+0.j -1.+0.j  1.+0.j -1.+0.j -1.+0.j  1.+0.j  1.+0.j  1.+0.j  1.+0.j  1.+0.j  1.+0.j -1.+0.j -1.+0.j  1.+0.j
 -1.+0.j  1.+0.j  1.+0.j -1.+0.j  1.-0.j  1.-0.j  1.-0.j  1.-0.j  1.-0.j  1.-0.j  1.-0.j  1.-0.j  1.-0.j  1.-0.j
  1.-0.j  1.-0.j -1.+0.j  1.-0.j  1.-0.j  1.-0.j  1.-0.j -1.+0.j -1.+0.j  1.-0.j  1.-0.j  1.-0.j -1.+0.j -1.+0.j
  1.-0.j -1.+0.j -1.+0.j -1.+0.j -1.+0.j -1.+0.j -1.+0.j  1.-0.j -1.+0.j -1.+0.j  1.-0.j  1.-0.j  1.-0.j  1.-0.j
 -1.+0.j -1.+0.j  1.-0.j  1.-0.j -1.+0.j  1.-0.j -1.+0.j -1.+0.j  1.-0.j  1.-0.j -1.+0.j  1.-0.j  1.-0.j -1.+0.j
  1.-0.j -1.+0.j  1.-0.j  1.-0.j  1.-0.j -1.+0.j -1.+0.j -1.+0.j -1.+0.j -1.+0.j -1.+0.j -1.+0.j  1.-0.j  1.-0.j
 -1.+0.j -1.+0.j -1.+0.j -1.+0.j -1.+0.j -1.+0.j  1.-0.j  1.-0.j  1.-0.j -1.+0.j  1.-0.j -1.+0.j  1.-0.j -1.+0.j
 -1.+0.j -1.+0.j -1.+0.j  1.-0.j -1.+0.j -1.+0.j -1.+0.j -1.+0.j -1.+0.j -1.+0.j  1.-0.j -1.+0.j -1.+0.j  1.-0.j
 -1.+0.j  1.-0.j  1.-0.j -1.+0.j -1.+0.j -1.+0.j -1.+0.j -1.+0.j  1.-0.j -1.+0.j  1.-0.j -1.+0.j  1.-0.j  1.-0.j
 -1.+0.j -1.+0.j  1.-0.j -1.+0.j  1.-0.j  1.-0.j -1.+0.j -1.+0.j -1.+0.j -1.+0.j -1.+0.j -1.+0.j  1.-0.j  1.-0.j
 -1.+0.j  1.-0.j -1.+0.j -1.+0.j  1.-0.j -1.+0.j -1.+0.j -1.+0.j -1.+0.j -1.+0.j -1.+0.j -1.+0.j -1.+0.j -1.+0.j
 -1.+0.j -1.+0.j -1.+0.j  1.+0.j -1.+0.j -1.+0.j -1.+0.j -1.+0.j  1.+0.j  1.+0.j -1.+0.j -1.+0.j -1.+0.j  1.+0.j
  1.+0.j -1.+0.j  1.+0.j  1.+0.j  1.+0.j  1.+0.j  1.+0.j  1.+0.j -1.+0.j  1.+0.j  1.+0.j -1.+0.j -1.+0.j -1.+0.j
 -1.+0.j  1.+0.j  1.+0.j -1.+0.j -1.+0.j  1.+0.j -1.+0.j  1.+0.j  1.+0.j -1.+0.j -1.+0.j  1.+0.j -1.+0.j -1.+0.j
  1.+0.j -1.+0.j  1.+0.j -1.+0.j -1.+0.j -1.+0.j  1.+0.j  1.+0.j  1.+0.j  1.+0.j  1.+0.j  1.+0.j  1.+0.j -1.+0.j
 -1.+0.j  1.+0.j  1.+0.j  1.+0.j  1.+0.j  1.+0.j  1.+0.j -1.+0.j -1.+0.j -1.+0.j  1.+0.j -1.+0.j  1.+0.j -1.+0.j
  1.+0.j  1.+0.j  1.+0.j  1.+0.j -1.+0.j  1.+0.j  1.+0.j  1.+0.j  1.+0.j  1.+0.j  1.+0.j -1.+0.j  1.+0.j  1.+0.j
 -1.+0.j  1.+0.j -1.+0.j -1.+0.j  1.+0.j  1.+0.j  1.+0.j  1.+0.j  1.+0.j -1.+0.j  1.+0.j -1.+0.j  1.+0.j -1.+0.j
 -1.+0.j  1.+0.j  1.+0.j -1.+0.j  1.+0.j -1.+0.j -1.+0.j  1.+0.j  1.+0.j  1.+0.j  1.+0.j  1.+0.j  1.+0.j -1.+0.j
 -1.+0.j  1.+0.j -1.+0.j  1.+0.j  1.+0.j -1.+0.j -1.+0.j -1.+0.j -1.+0.j -1.+0.j -1.+0.j -1.+0.j -1.+0.j -1.+0.j
 -1.+0.j -1.+0.j -1.+0.j -1.+0.j  1.+0.j -1.+0.j -1.+0.j -1.+0.j -1.+0.j  1.+0.j  1.+0.j -1.+0.j -1.+0.j -1.+0.j
  1.+0.j  1.+0.j -1.+0.j  1.+0.j  1.+0.j  1.+0.j  1.+0.j  1.+0.j  1.+0.j -1.+0.j  1.+0.j  1.+0.j -1.+0.j -1.+0.j
 -1.+0.j -1.+0.j  1.+0.j  1.+0.j -1.+0.j -1.+0.j  1.+0.j -1.+0.j  1.+0.j  1.+0.j -1.+0.j -1.+0.j  1.+0.j -1.+0.j
 -1.+0.j  1.+0.j -1.+0.j  1.+0.j -1.+0.j -1.+0.j -1.+0.j  1.+0.j  1.+0.j  1.+0.j  1.+0.j  1.+0.j  1.+0.j  1.+0.j
 -1.+0.j -1.+0.j  1.+0.j  1.+0.j  1.+0.j  1.+0.j  1.+0.j  1.+0.j -1.+0.j -1.+0.j -1.+0.j  1.+0.j -1.+0.j  1.+0.j
 -1.+0.j  1.+0.j  1.+0.j  1.+0.j  1.+0.j -1.+0.j  1.+0.j  1.+0.j  1.+0.j  1.+0.j  1.+0.j  1.+0.j -1.+0.j  1.+0.j
  1.+0.j -1.+0.j  1.+0.j -1.+0.j -1.+0.j  1.+0.j  1.+0.j  1.+0.j  1.+0.j  1.+0.j -1.+0.j  1.+0.j -1.+0.j  1.+0.j
 -1.+0.j -1.+0.j  1.+0.j  1.+0.j -1.+0.j  1.+0.j -1.+0.j -1.+0.j  1.+0.j  1.+0.j  1.+0.j  1.+0.j  1.+0.j  1.+0.j
 -1.+0.j -1.+0.j  1.+0.j -1.+0.j  1.+0.j  1.+0.j -1.+0.j  1.-0.j  1.-0.j  1.-0.j  1.-0.j  1.-0.j  1.-0.j  1.-0.j
  1.-0.j  1.-0.j  1.-0.j  1.-0.j  1.-0.j -1.+0.j  1.-0.j  1.-0.j  1.-0.j  1.-0.j -1.+0.j -1.+0.j  1.-0.j  1.-0.j
  1.-0.j -1.+0.j -1.+0.j  1.-0.j -1.+0.j -1.+0.j -1.+0.j -1.+0.j -1.+0.j -1.+0.j  1.-0.j -1.+0.j -1.+0.j  1.-0.j
  1.-0.j  1.-0.j  1.-0.j -1.+0.j -1.+0.j  1.-0.j  1.-0.j -1.+0.j  1.-0.j -1.+0.j -1.+0.j  1.-0.j  1.-0.j -1.+0.j
  1.-0.j  1.-0.j -1.+0.j  1.-0.j -1.+0.j  1.-0.j  1.-0.j  1.-0.j -1.+0.j -1.+0.j -1.+0.j -1.+0.j -1.+0.j -1.+0.j
 -1.+0.j  1.-0.j  1.-0.j -1.+0.j -1.+0.j -1.+0.j -1.+0.j -1.+0.j -1.+0.j  1.-0.j  1.-0.j  1.-0.j -1.+0.j  1.-0.j
 -1.+0.j  1.-0.j -1.+0.j -1.+0.j -1.+0.j -1.+0.j  1.-0.j -1.+0.j -1.+0.j -1.+0.j -1.+0.j -1.+0.j -1.+0.j  1.-0.j
 -1.+0.j -1.+0.j  1.-0.j -1.+0.j  1.-0.j  1.-0.j -1.+0.j -1.+0.j -1.+0.j -1.+0.j -1.+0.j  1.-0.j -1.+0.j  1.-0.j
 -1.+0.j  1.-0.j  1.-0.j -1.+0.j -1.+0.j  1.-0.j -1.+0.j  1.-0.j  1.-0.j -1.+0.j -1.+0.j -1.+0.j -1.+0.j -1.+0.j
 -1.+0.j  1.-0.j  1.-0.j -1.+0.j  1.-0.j -1.+0.j -1.+0.j  1.-0.j  1.-0.j  1.-0.j  1.-0.j  1.-0.j  1.-0.j  1.-0.j
  1.-0.j  1.-0.j  1.-0.j  1.-0.j  1.-0.j  1.-0.j -1.+0.j  1.-0.j  1.-0.j  1.-0.j  1.-0.j -1.+0.j -1.+0.j  1.-0.j
  1.-0.j  1.-0.j -1.+0.j -1.+0.j  1.-0.j -1.+0.j -1.+0.j -1.+0.j -1.+0.j -1.+0.j -1.+0.j  1.-0.j -1.+0.j -1.+0.j
  1.-0.j  1.-0.j  1.-0.j  1.-0.j -1.+0.j -1.+0.j  1.-0.j  1.-0.j -1.+0.j  1.-0.j -1.+0.j -1.+0.j  1.-0.j  1.-0.j
 -1.+0.j  1.-0.j  1.-0.j -1.+0.j  1.-0.j -1.+0.j  1.-0.j  1.-0.j  1.-0.j -1.+0.j -1.+0.j -1.+0.j -1.+0.j -1.+0.j
 -1.+0.j -1.+0.j  1.-0.j  1.-0.j -1.+0.j -1.+0.j -1.+0.j -1.+0.j -1.+0.j -1.+0.j  1.-0.j  1.-0.j  1.-0.j -1.+0.j
  1.-0.j -1.+0.j  1.-0.j -1.+0.j -1.+0.j -1.+0.j -1.+0.j  1.-0.j -1.+0.j -1.+0.j -1.+0.j -1.+0.j -1.+0.j -1.+0.j
  1.-0.j -1.+0.j -1.+0.j  1.-0.j -1.+0.j  1.-0.j  1.-0.j -1.+0.j -1.+0.j -1.+0.j -1.+0.j -1.+0.j  1.-0.j -1.+0.j
  1.-0.j -1.+0.j  1.-0.j  1.-0.j -1.+0.j -1.+0.j  1.-0.j -1.+0.j  1.-0.j  1.-0.j -1.+0.j -1.+0.j -1.+0.j -1.+0.j
 -1.+0.j -1.+0.j  1.-0.j  1.-0.j -1.+0.j  1.-0.j -1.+0.j -1.+0.j  1.-0.j -1.+0.j -1.+0.j -1.+0.j -1.+0.j -1.+0.j
 -1.+0.j -1.+0.j -1.+0.j -1.+0.j -1.+0.j -1.+0.j -1.+0.j  1.+0.j -1.+0.j -1.+0.j -1.+0.j -1.+0.j  1.+0.j  1.+0.j
 -1.+0.j -1.+0.j -1.+0.j  1.+0.j  1.+0.j -1.+0.j  1.+0.j  1.+0.j  1.+0.j  1.+0.j  1.+0.j  1.+0.j -1.+0.j  1.+0.j
  1.+0.j -1.+0.j -1.+0.j -1.+0.j -1.+0.j  1.+0.j  1.+0.j -1.+0.j -1.+0.j  1.+0.j -1.+0.j  1.+0.j  1.+0.j -1.+0.j
 -1.+0.j  1.+0.j -1.+0.j -1.+0.j  1.+0.j -1.+0.j  1.+0.j -1.+0.j -1.+0.j -1.+0.j  1.+0.j  1.+0.j  1.+0.j  1.+0.j
  1.+0.j  1.+0.j  1.+0.j -1.+0.j -1.+0.j  1.+0.j  1.+0.j  1.+0.j  1.+0.j  1.+0.j  1.+0.j -1.+0.j -1.+0.j -1.+0.j
  1.+0.j -1.+0.j  1.+0.j -1.+0.j  1.+0.j  1.+0.j  1.+0.j  1.+0.j -1.+0.j  1.+0.j  1.+0.j  1.+0.j  1.+0.j  1.+0.j
  1.+0.j -1.+0.j  1.+0.j  1.+0.j -1.+0.j  1.+0.j -1.+0.j -1.+0.j  1.+0.j  1.+0.j  1.+0.j  1.+0.j  1.+0.j -1.+0.j
  1.+0.j -1.+0.j  1.+0.j -1.+0.j -1.+0.j  1.+0.j  1.+0.j -1.+0.j  1.+0.j -1.+0.j -1.+0.j  1.+0.j  1.+0.j  1.+0.j
  1.+0.j  1.+0.j  1.+0.j -1.+0.j -1.+0.j  1.+0.j -1.+0.j  1.+0.j  1.+0.j -1.+0.j -1.+0.j -1.+0.j -1.+0.j -1.+0.j
 -1.+0.j -1.+0.j -1.+0.j -1.+0.j -1.+0.j -1.+0.j -1.+0.j -1.+0.j  1.+0.j -1.+0.j -1.+0.j -1.+0.j -1.+0.j  1.+0.j
  1.+0.j -1.+0.j -1.+0.j -1.+0.j  1.+0.j  1.+0.j -1.+0.j  1.+0.j  1.+0.j  1.+0.j  1.+0.j  1.+0.j  1.+0.j -1.+0.j
  1.+0.j  1.+0.j -1.+0.j -1.+0.j -1.+0.j -1.+0.j  1.+0.j  1.+0.j -1.+0.j -1.+0.j  1.+0.j -1.+0.j  1.+0.j  1.+0.j
 -1.+0.j -1.+0.j  1.+0.j -1.+0.j -1.+0.j  1.+0.j -1.+0.j  1.+0.j -1.+0.j -1.+0.j -1.+0.j  1.+0.j  1.+0.j  1.+0.j
  1.+0.j  1.+0.j  1.+0.j  1.+0.j -1.+0.j -1.+0.j  1.+0.j  1.+0.j  1.+0.j  1.+0.j  1.+0.j  1.+0.j -1.+0.j -1.+0.j
 -1.+0.j  1.+0.j -1.+0.j  1.+0.j -1.+0.j  1.+0.j  1.+0.j  1.+0.j  1.+0.j -1.+0.j  1.+0.j  1.+0.j  1.+0.j  1.+0.j
  1.+0.j  1.+0.j -1.+0.j  1.+0.j  1.+0.j -1.+0.j  1.+0.j -1.+0.j -1.+0.j  1.+0.j  1.+0.j  1.+0.j  1.+0.j  1.+0.j
 -1.+0.j  1.+0.j -1.+0.j  1.+0.j -1.+0.j -1.+0.j  1.+0.j  1.+0.j -1.+0.j  1.+0.j -1.+0.j -1.+0.j  1.+0.j  1.+0.j
  1.+0.j  1.+0.j  1.+0.j  1.+0.j -1.+0.j -1.+0.j  1.+0.j -1.+0.j  1.+0.j  1.+0.j -1.+0.j -1.+0.j -1.+0.j -1.+0.j
 -1.+0.j -1.+0.j -1.+0.j -1.+0.j -1.+0.j -1.+0.j -1.+0.j -1.+0.j -1.+0.j  1.+0.j -1.+0.j -1.+0.j -1.+0.j -1.+0.j
  1.+0.j  1.+0.j -1.+0.j -1.+0.j -1.+0.j  1.+0.j  1.+0.j -1.+0.j  1.+0.j  1.+0.j  1.+0.j  1.+0.j  1.+0.j  1.+0.j
 -1.+0.j  1.+0.j  1.+0.j -1.+0.j -1.+0.j -1.+0.j -1.+0.j  1.+0.j  1.+0.j -1.+0.j -1.+0.j  1.+0.j -1.+0.j  1.+0.j
  1.+0.j -1.+0.j -1.+0.j  1.+0.j -1.+0.j -1.+0.j  1.+0.j -1.+0.j  1.+0.j -1.+0.j -1.+0.j -1.+0.j  1.+0.j  1.+0.j
  1.+0.j  1.+0.j  1.+0.j  1.+0.j  1.+0.j -1.+0.j -1.+0.j  1.+0.j  1.+0.j  1.+0.j  1.+0.j  1.+0.j  1.+0.j -1.+0.j
 -1.+0.j -1.+0.j  1.+0.j -1.+0.j  1.+0.j -1.+0.j  1.+0.j  1.+0.j  1.+0.j  1.+0.j -1.+0.j  1.+0.j  1.+0.j  1.+0.j
  1.+0.j  1.+0.j  1.+0.j -1.+0.j  1.+0.j  1.+0.j -1.+0.j  1.+0.j -1.+0.j -1.+0.j  1.+0.j  1.+0.j  1.+0.j  1.+0.j
  1.+0.j -1.+0.j  1.+0.j -1.+0.j  1.+0.j -1.+0.j -1.+0.j  1.+0.j  1.+0.j -1.+0.j  1.+0.j -1.+0.j -1.+0.j  1.+0.j
  1.+0.j  1.+0.j  1.+0.j  1.+0.j  1.+0.j -1.+0.j -1.+0.j  1.+0.j -1.+0.j  1.+0.j  1.+0.j -1.+0.j -1.+0.j -1.+0.j
 -1.+0.j -1.+0.j -1.+0.j -1.+0.j -1.+0.j -1.+0.j -1.+0.j -1.+0.j -1.+0.j -1.+0.j  1.+0.j -1.+0.j -1.+0.j -1.+0.j
 -1.+0.j  1.+0.j  1.+0.j -1.+0.j -1.+0.j -1.+0.j  1.+0.j  1.+0.j -1.+0.j  1.+0.j  1.+0.j  1.+0.j  1.+0.j  1.+0.j
  1.+0.j -1.+0.j  1.+0.j  1.+0.j -1.+0.j -1.+0.j -1.+0.j -1.+0.j  1.+0.j  1.+0.j -1.+0.j -1.+0.j  1.+0.j -1.+0.j
  1.+0.j  1.+0.j -1.+0.j -1.+0.j  1.+0.j -1.+0.j -1.+0.j  1.+0.j -1.+0.j  1.+0.j -1.+0.j -1.+0.j -1.+0.j  1.+0.j
  1.+0.j  1.+0.j  1.+0.j  1.+0.j  1.+0.j  1.+0.j -1.+0.j -1.+0.j  1.+0.j  1.+0.j  1.+0.j  1.+0.j  1.+0.j  1.+0.j
 -1.+0.j -1.+0.j -1.+0.j  1.+0.j -1.+0.j  1.+0.j -1.+0.j  1.+0.j  1.+0.j  1.+0.j  1.+0.j -1.+0.j  1.+0.j  1.+0.j
  1.+0.j  1.+0.j  1.+0.j  1.+0.j -1.+0.j  1.+0.j  1.+0.j -1.+0.j  1.+0.j -1.+0.j -1.+0.j  1.+0.j  1.+0.j  1.+0.j
  1.+0.j  1.+0.j -1.+0.j  1.+0.j -1.+0.j  1.+0.j -1.+0.j -1.+0.j  1.+0.j  1.+0.j -1.+0.j  1.+0.j -1.+0.j -1.+0.j
  1.+0.j  1.+0.j  1.+0.j  1.+0.j  1.+0.j  1.+0.j -1.+0.j -1.+0.j  1.+0.j -1.+0.j  1.+0.j  1.+0.j -1.+0.j -1.+0.j
 -1.+0.j -1.+0.j -1.+0.j -1.+0.j -1.+0.j -1.+0.j -1.+0.j -1.+0.j -1.+0.j -1.+0.j -1.+0.j  1.+0.j -1.+0.j -1.+0.j
 -1.+0.j -1.+0.j  1.+0.j  1.+0.j -1.+0.j -1.+0.j -1.+0.j  1.+0.j  1.+0.j -1.+0.j  1.+0.j  1.+0.j  1.+0.j  1.+0.j
  1.+0.j  1.+0.j -1.+0.j  1.+0.j  1.+0.j -1.+0.j -1.+0.j -1.+0.j -1.+0.j  1.+0.j  1.+0.j -1.+0.j -1.+0.j  1.+0.j
 -1.+0.j  1.+0.j  1.+0.j -1.+0.j -1.+0.j  1.+0.j -1.+0.j -1.+0.j  1.+0.j -1.+0.j  1.+0.j -1.+0.j -1.+0.j -1.+0.j
  1.+0.j  1.+0.j  1.+0.j  1.+0.j  1.+0.j  1.+0.j  1.+0.j -1.+0.j -1.+0.j  1.+0.j  1.+0.j  1.+0.j  1.+0.j  1.+0.j
  1.+0.j -1.+0.j -1.+0.j -1.+0.j  1.+0.j -1.+0.j  1.+0.j -1.+0.j  1.+0.j  1.+0.j  1.+0.j  1.+0.j -1.+0.j  1.+0.j
  1.+0.j  1.+0.j  1.+0.j  1.+0.j  1.+0.j -1.+0.j  1.+0.j  1.+0.j -1.+0.j  1.+0.j -1.+0.j -1.+0.j  1.+0.j  1.+0.j
  1.+0.j  1.+0.j  1.+0.j -1.+0.j  1.+0.j -1.+0.j  1.+0.j -1.+0.j -1.+0.j  1.+0.j  1.+0.j -1.+0.j  1.+0.j -1.+0.j
 -1.+0.j  1.+0.j  1.+0.j  1.+0.j  1.+0.j  1.+0.j  1.+0.j -1.+0.j -1.+0.j  1.+0.j -1.+0.j  1.+0.j  1.+0.j -1.+0.j
  1.-0.j  1.-0.j  1.-0.j  1.-0.j  1.-0.j  1.-0.j  1.-0.j  1.-0.j  1.-0.j  1.-0.j  1.-0.j  1.-0.j -1.+0.j  1.-0.j
  1.-0.j  1.-0.j  1.-0.j -1.+0.j -1.+0.j  1.-0.j  1.-0.j  1.-0.j -1.+0.j -1.+0.j  1.-0.j -1.+0.j -1.+0.j -1.+0.j
 -1.+0.j -1.+0.j -1.+0.j  1.-0.j -1.+0.j -1.+0.j  1.-0.j  1.-0.j  1.-0.j  1.-0.j -1.+0.j -1.+0.j  1.-0.j  1.-0.j
 -1.+0.j  1.-0.j -1.+0.j -1.+0.j  1.-0.j  1.-0.j -1.+0.j  1.-0.j  1.-0.j -1.+0.j  1.-0.j -1.+0.j  1.-0.j  1.-0.j
  1.-0.j -1.+0.j -1.+0.j -1.+0.j -1.+0.j -1.+0.j -1.+0.j -1.+0.j  1.-0.j  1.-0.j -1.+0.j -1.+0.j -1.+0.j -1.+0.j
 -1.+0.j -1.+0.j  1.-0.j  1.-0.j  1.-0.j -1.+0.j  1.-0.j -1.+0.j  1.-0.j -1.+0.j -1.+0.j -1.+0.j -1.+0.j  1.-0.j
 -1.+0.j -1.+0.j -1.+0.j -1.+0.j -1.+0.j -1.+0.j  1.-0.j -1.+0.j -1.+0.j  1.-0.j -1.+0.j  1.-0.j  1.-0.j -1.+0.j
 -1.+0.j -1.+0.j -1.+0.j -1.+0.j  1.-0.j -1.+0.j  1.-0.j -1.+0.j  1.-0.j  1.-0.j -1.+0.j -1.+0.j  1.-0.j -1.+0.j
  1.-0.j  1.-0.j -1.+0.j -1.+0.j -1.+0.j -1.+0.j -1.+0.j -1.+0.j  1.-0.j  1.-0.j -1.+0.j  1.-0.j -1.+0.j -1.+0.j
  1.-0.j  1.-0.j  1.-0.j  1.-0.j  1.-0.j  1.-0.j  1.-0.j  1.-0.j  1.-0.j  1.-0.j  1.-0.j  1.-0.j  1.-0.j -1.+0.j
  1.-0.j  1.-0.j  1.-0.j  1.-0.j -1.+0.j -1.+0.j  1.-0.j  1.-0.j  1.-0.j -1.+0.j -1.+0.j  1.-0.j -1.+0.j -1.+0.j
 -1.+0.j -1.+0.j -1.+0.j -1.+0.j  1.-0.j -1.+0.j -1.+0.j  1.-0.j  1.-0.j  1.-0.j  1.-0.j -1.+0.j -1.+0.j  1.-0.j
  1.-0.j -1.+0.j  1.-0.j -1.+0.j -1.+0.j  1.-0.j  1.-0.j -1.+0.j  1.-0.j  1.-0.j -1.+0.j  1.-0.j -1.+0.j  1.-0.j
  1.-0.j  1.-0.j -1.+0.j -1.+0.j -1.+0.j -1.+0.j -1.+0.j -1.+0.j -1.+0.j  1.-0.j  1.-0.j -1.+0.j -1.+0.j -1.+0.j
 -1.+0.j -1.+0.j -1.+0.j  1.-0.j  1.-0.j  1.-0.j -1.+0.j  1.-0.j -1.+0.j  1.-0.j -1.+0.j -1.+0.j -1.+0.j -1.+0.j
  1.-0.j -1.+0.j -1.+0.j -1.+0.j -1.+0.j -1.+0.j -1.+0.j  1.-0.j -1.+0.j -1.+0.j  1.-0.j -1.+0.j  1.-0.j  1.-0.j
 -1.+0.j -1.+0.j -1.+0.j -1.+0.j -1.+0.j  1.-0.j -1.+0.j  1.-0.j -1.+0.j  1.-0.j  1.-0.j -1.+0.j -1.+0.j  1.-0.j
 -1.+0.j  1.-0.j  1.-0.j -1.+0.j -1.+0.j -1.+0.j -1.+0.j -1.+0.j -1.+0.j  1.-0.j  1.-0.j -1.+0.j  1.-0.j -1.+0.j
 -1.+0.j  1.-0.j  1.-0.j  1.-0.j  1.-0.j  1.-0.j  1.-0.j  1.-0.j  1.-0.j  1.-0.j  1.-0.j  1.-0.j  1.-0.j  1.-0.j
 -1.+0.j  1.-0.j  1.-0.j  1.-0.j  1.-0.j -1.+0.j -1.+0.j  1.-0.j  1.-0.j  1.-0.j -1.+0.j -1.+0.j  1.-0.j -1.+0.j
 -1.+0.j -1.+0.j -1.+0.j -1.+0.j -1.+0.j  1.-0.j -1.+0.j -1.+0.j  1.-0.j  1.-0.j  1.-0.j  1.-0.j -1.+0.j -1.+0.j
  1.-0.j  1.-0.j -1.+0.j  1.-0.j -1.+0.j -1.+0.j  1.-0.j  1.-0.j -1.+0.j  1.-0.j  1.-0.j -1.+0.j  1.-0.j -1.+0.j
  1.-0.j  1.-0.j  1.-0.j -1.+0.j -1.+0.j -1.+0.j -1.+0.j -1.+0.j -1.+0.j -1.+0.j  1.-0.j  1.-0.j -1.+0.j -1.+0.j
 -1.+0.j -1.+0.j -1.+0.j -1.+0.j  1.-0.j  1.-0.j  1.-0.j -1.+0.j  1.-0.j -1.+0.j  1.-0.j -1.+0.j -1.+0.j -1.+0.j
 -1.+0.j  1.-0.j -1.+0.j -1.+0.j -1.+0.j -1.+0.j -1.+0.j -1.+0.j  1.-0.j -1.+0.j -1.+0.j  1.-0.j -1.+0.j  1.-0.j
  1.-0.j -1.+0.j -1.+0.j -1.+0.j -1.+0.j -1.+0.j  1.-0.j -1.+0.j  1.-0.j -1.+0.j  1.-0.j  1.-0.j -1.+0.j -1.+0.j
  1.-0.j -1.+0.j  1.-0.j  1.-0.j -1.+0.j -1.+0.j -1.+0.j -1.+0.j -1.+0.j -1.+0.j  1.-0.j  1.-0.j -1.+0.j  1.-0.j
 -1.+0.j -1.+0.j  1.-0.j  1.-0.j  1.-0.j  1.-0.j  1.-0.j  1.-0.j  1.-0.j  1.-0.j  1.-0.j  1.-0.j  1.-0.j  1.-0.j
  1.-0.j -1.+0.j  1.-0.j  1.-0.j  1.-0.j  1.-0.j -1.+0.j -1.+0.j  1.-0.j  1.-0.j  1.-0.j -1.+0.j -1.+0.j  1.-0.j
 -1.+0.j -1.+0.j -1.+0.j -1.+0.j -1.+0.j -1.+0.j  1.-0.j -1.+0.j -1.+0.j  1.-0.j  1.-0.j  1.-0.j  1.-0.j -1.+0.j
 -1.+0.j  1.-0.j  1.-0.j -1.+0.j  1.-0.j -1.+0.j -1.+0.j  1.-0.j  1.-0.j -1.+0.j  1.-0.j  1.-0.j -1.+0.j  1.-0.j
 -1.+0.j  1.-0.j  1.-0.j  1.-0.j -1.+0.j -1.+0.j -1.+0.j -1.+0.j -1.+0.j -1.+0.j -1.+0.j  1.-0.j  1.-0.j -1.+0.j
 -1.+0.j -1.+0.j -1.+0.j -1.+0.j -1.+0.j  1.-0.j  1.-0.j  1.-0.j -1.+0.j  1.-0.j -1.+0.j  1.-0.j -1.+0.j -1.+0.j
 -1.+0.j -1.+0.j  1.-0.j -1.+0.j -1.+0.j -1.+0.j -1.+0.j -1.+0.j -1.+0.j  1.-0.j -1.+0.j -1.+0.j  1.-0.j -1.+0.j
  1.-0.j  1.-0.j -1.+0.j -1.+0.j -1.+0.j -1.+0.j -1.+0.j  1.-0.j -1.+0.j  1.-0.j -1.+0.j  1.-0.j  1.-0.j -1.+0.j
 -1.+0.j  1.-0.j -1.+0.j  1.-0.j  1.-0.j -1.+0.j -1.+0.j -1.+0.j -1.+0.j -1.+0.j -1.+0.j  1.-0.j  1.-0.j -1.+0.j
  1.-0.j -1.+0.j -1.+0.j  1.-0.j -1.+0.j -1.+0.j -1.+0.j -1.+0.j -1.+0.j -1.+0.j -1.+0.j -1.+0.j -1.+0.j -1.+0.j
 -1.+0.j -1.+0.j  1.+0.j -1.+0.j -1.+0.j -1.+0.j -1.+0.j  1.+0.j  1.+0.j -1.+0.j -1.+0.j -1.+0.j  1.+0.j  1.+0.j
 -1.+0.j  1.+0.j  1.+0.j  1.+0.j  1.+0.j  1.+0.j  1.+0.j -1.+0.j  1.+0.j  1.+0.j -1.+0.j -1.+0.j -1.+0.j -1.+0.j
  1.+0.j  1.+0.j -1.+0.j -1.+0.j  1.+0.j -1.+0.j  1.+0.j  1.+0.j -1.+0.j -1.+0.j  1.+0.j -1.+0.j -1.+0.j  1.+0.j
 -1.+0.j  1.+0.j -1.+0.j -1.+0.j -1.+0.j  1.+0.j  1.+0.j  1.+0.j  1.+0.j  1.+0.j  1.+0.j  1.+0.j -1.+0.j -1.+0.j
  1.+0.j  1.+0.j  1.+0.j  1.+0.j  1.+0.j  1.+0.j -1.+0.j -1.+0.j -1.+0.j  1.+0.j -1.+0.j  1.+0.j -1.+0.j  1.+0.j
  1.+0.j  1.+0.j  1.+0.j -1.+0.j  1.+0.j  1.+0.j  1.+0.j  1.+0.j  1.+0.j  1.+0.j -1.+0.j  1.+0.j  1.+0.j -1.+0.j
  1.+0.j -1.+0.j -1.+0.j  1.+0.j  1.+0.j  1.+0.j  1.+0.j  1.+0.j -1.+0.j  1.+0.j -1.+0.j  1.+0.j -1.+0.j -1.+0.j
  1.+0.j  1.+0.j -1.+0.j  1.+0.j -1.+0.j -1.+0.j  1.+0.j  1.+0.j  1.+0.j  1.+0.j  1.+0.j  1.+0.j -1.+0.j -1.+0.j
  1.+0.j -1.+0.j  1.+0.j  1.+0.j -1.+0.j -1.+0.j -1.+0.j -1.+0.j -1.+0.j -1.+0.j -1.+0.j -1.+0.j -1.+0.j -1.+0.j
 -1.+0.j -1.+0.j -1.+0.j  1.+0.j -1.+0.j -1.+0.j -1.+0.j -1.+0.j  1.+0.j  1.+0.j -1.+0.j -1.+0.j -1.+0.j  1.+0.j
  1.+0.j -1.+0.j  1.+0.j  1.+0.j  1.+0.j  1.+0.j  1.+0.j  1.+0.j -1.+0.j  1.+0.j  1.+0.j -1.+0.j -1.+0.j -1.+0.j
 -1.+0.j  1.+0.j  1.+0.j -1.+0.j -1.+0.j  1.+0.j -1.+0.j  1.+0.j  1.+0.j -1.+0.j -1.+0.j  1.+0.j -1.+0.j -1.+0.j
  1.+0.j -1.+0.j  1.+0.j -1.+0.j -1.+0.j -1.+0.j  1.+0.j  1.+0.j  1.+0.j  1.+0.j  1.+0.j  1.+0.j  1.+0.j -1.+0.j
 -1.+0.j  1.+0.j  1.+0.j  1.+0.j  1.+0.j  1.+0.j  1.+0.j -1.+0.j -1.+0.j -1.+0.j  1.+0.j -1.+0.j  1.+0.j -1.+0.j
  1.+0.j  1.+0.j  1.+0.j  1.+0.j -1.+0.j  1.+0.j  1.+0.j  1.+0.j  1.+0.j  1.+0.j  1.+0.j -1.+0.j  1.+0.j  1.+0.j
 -1.+0.j  1.+0.j -1.+0.j -1.+0.j  1.+0.j  1.+0.j  1.+0.j  1.+0.j  1.+0.j -1.+0.j  1.+0.j -1.+0.j  1.+0.j -1.+0.j
 -1.+0.j  1.+0.j  1.+0.j -1.+0.j  1.+0.j -1.+0.j -1.+0.j  1.+0.j  1.+0.j  1.+0.j  1.+0.j  1.+0.j  1.+0.j -1.+0.j
 -1.+0.j  1.+0.j -1.+0.j  1.+0.j  1.+0.j -1.+0.j  1.-0.j  1.-0.j  1.-0.j  1.-0.j  1.-0.j  1.-0.j  1.-0.j  1.-0.j
  1.-0.j  1.-0.j  1.-0.j  1.-0.j -1.+0.j  1.-0.j  1.-0.j  1.-0.j  1.-0.j -1.+0.j -1.+0.j  1.-0.j  1.-0.j  1.-0.j
 -1.+0.j -1.+0.j  1.-0.j -1.+0.j -1.+0.j -1.+0.j -1.+0.j -1.+0.j -1.+0.j  1.-0.j -1.+0.j -1.+0.j  1.-0.j  1.-0.j
  1.-0.j  1.-0.j -1.+0.j -1.+0.j  1.-0.j  1.-0.j -1.+0.j  1.-0.j -1.+0.j -1.+0.j  1.-0.j  1.-0.j -1.+0.j  1.-0.j
  1.-0.j -1.+0.j  1.-0.j -1.+0.j  1.-0.j  1.-0.j  1.-0.j -1.+0.j -1.+0.j -1.+0.j -1.+0.j -1.+0.j -1.+0.j -1.+0.j
  1.-0.j  1.-0.j -1.+0.j -1.+0.j -1.+0.j -1.+0.j -1.+0.j -1.+0.j  1.-0.j  1.-0.j  1.-0.j -1.+0.j  1.-0.j -1.+0.j
  1.-0.j -1.+0.j -1.+0.j -1.+0.j -1.+0.j  1.-0.j -1.+0.j -1.+0.j -1.+0.j -1.+0.j -1.+0.j -1.+0.j  1.-0.j -1.+0.j
 -1.+0.j  1.-0.j -1.+0.j  1.-0.j  1.-0.j -1.+0.j -1.+0.j -1.+0.j -1.+0.j -1.+0.j  1.-0.j -1.+0.j  1.-0.j -1.+0.j
  1.-0.j  1.-0.j -1.+0.j -1.+0.j  1.-0.j -1.+0.j  1.-0.j  1.-0.j -1.+0.j -1.+0.j -1.+0.j -1.+0.j -1.+0.j -1.+0.j
  1.-0.j  1.-0.j -1.+0.j  1.-0.j -1.+0.j -1.+0.j  1.-0.j -1.+0.j -1.+0.j -1.+0.j -1.+0.j -1.+0.j -1.+0.j -1.+0.j
 -1.+0.j -1.+0.j -1.+0.j -1.+0.j -1.+0.j  1.+0.j -1.+0.j -1.+0.j -1.+0.j -1.+0.j  1.+0.j  1.+0.j -1.+0.j -1.+0.j
 -1.+0.j  1.+0.j  1.+0.j -1.+0.j  1.+0.j  1.+0.j  1.+0.j  1.+0.j  1.+0.j  1.+0.j -1.+0.j  1.+0.j  1.+0.j -1.+0.j
 -1.+0.j -1.+0.j -1.+0.j  1.+0.j  1.+0.j -1.+0.j -1.+0.j  1.+0.j -1.+0.j  1.+0.j  1.+0.j -1.+0.j -1.+0.j  1.+0.j
 -1.+0.j -1.+0.j  1.+0.j -1.+0.j  1.+0.j -1.+0.j -1.+0.j -1.+0.j  1.+0.j  1.+0.j  1.+0.j  1.+0.j  1.+0.j  1.+0.j
  1.+0.j -1.+0.j -1.+0.j  1.+0.j  1.+0.j  1.+0.j  1.+0.j  1.+0.j  1.+0.j -1.+0.j -1.+0.j -1.+0.j  1.+0.j -1.+0.j
  1.+0.j -1.+0.j  1.+0.j  1.+0.j  1.+0.j  1.+0.j -1.+0.j  1.+0.j  1.+0.j  1.+0.j  1.+0.j  1.+0.j  1.+0.j -1.+0.j
  1.+0.j  1.+0.j -1.+0.j  1.+0.j -1.+0.j -1.+0.j  1.+0.j  1.+0.j  1.+0.j  1.+0.j  1.+0.j -1.+0.j  1.+0.j -1.+0.j
  1.+0.j -1.+0.j -1.+0.j  1.+0.j  1.+0.j -1.+0.j  1.+0.j -1.+0.j -1.+0.j  1.+0.j  1.+0.j  1.+0.j  1.+0.j  1.+0.j
  1.+0.j -1.+0.j -1.+0.j  1.+0.j -1.+0.j  1.+0.j  1.+0.j -1.+0.j]
2025-08-29 11:56:55 [INFO] Processing 4572 samples from tag 0
2025-08-29 11:56:55 [INFO] Expected number of bits: 36
2025-08-29 11:56:55 [DEBUG] coarse freq offset: 27.61162179907842
2025-08-29 11:56:55 [INFO] offset: 2041
2025-08-29 11:56:55 [INFO] value of correlation at offset: 1182
2025-08-29 11:56:55 [INFO] Synced received bits (4): [0.0, 1.0, 1.0, 0.0]
2025-08-29 11:56:55 [INFO] Transmitted payload bits(4): [1 1 0 1]
2025-08-29 11:56:55 [INFO] Sync word correlation: 1182
2025-08-29 11:56:55 [INFO] BER: 0.75
2025-08-29 12:03:55 [DEBUG] **** New run with CLI arguments: Namespace(source='sim', file=None, verbose=3, n_tags=1)
2025-08-29 12:03:55 [DEBUG] Generating simulated samples for 1 tags
2025-08-29 12:03:55 [INFO] simulated packet metadata: SimulatedPacket(tag_id=0, preamble_bits=array([1, 1, 1, 1, 1, 1, 1, 1, 1, 0, 1, 0, 1, 0, 1, 0]), sync_bits=array([0, 1, 0, 1, 1, 0, 0, 1, 1, 1, 1, 1, 0, 0, 0, 0]), payload_bits=array([1, 1, 0, 1]), sps=1, all_bits=array([1, 1, 1, 1, 1, 1, 1, 1, 1, 0, 1, 0, 1, 0, 1, 0, 0, 1, 0, 1, 1, 0, 0, 1, 1, 1, 1, 1, 0, 0, 0, 0, 1, 1, 0, 1]), goldcode=array([-1, -1, -1, -1, -1, -1, -1, -1, -1, -1, -1, -1,  1, -1, -1, -1, -1,  1,  1, -1, -1, -1,  1,  1, -1,  1,  1,  1,
        1,  1,  1, -1,  1,  1, -1, -1, -1, -1,  1,  1, -1, -1,  1, -1,  1,  1, -1, -1,  1, -1, -1,  1, -1,  1, -1, -1,
       -1,  1,  1,  1,  1,  1,  1,  1, -1, -1,  1,  1,  1,  1,  1,  1, -1, -1, -1,  1, -1,  1, -1,  1,  1,  1,  1, -1,
        1,  1,  1,  1,  1,  1, -1,  1,  1, -1,  1, -1, -1,  1,  1,  1,  1,  1, -1,  1, -1,  1, -1, -1,  1,  1, -1,  1,
       -1, -1,  1,  1,  1,  1,  1,  1, -1, -1,  1, -1,  1,  1, -1]), samples=None, snr_db=15.0, frequency_offset_hz=500.0, time_delay_sec=0.002)
2025-08-29 12:03:55 [INFO] Packet to demod: [-1.+0.j -1.+0.j -1.+0.j -1.+0.j -1.+0.j -1.+0.j -1.+0.j -1.+0.j -1.+0.j -1.+0.j -1.+0.j -1.+0.j  1.+0.j -1.+0.j
 -1.+0.j -1.+0.j -1.+0.j  1.+0.j  1.+0.j -1.+0.j -1.+0.j -1.+0.j  1.+0.j  1.+0.j -1.+0.j  1.+0.j  1.+0.j  1.+0.j
  1.+0.j  1.+0.j  1.+0.j -1.+0.j  1.+0.j  1.+0.j -1.+0.j -1.+0.j -1.+0.j -1.+0.j  1.+0.j  1.+0.j -1.+0.j -1.+0.j
  1.+0.j -1.+0.j  1.+0.j  1.+0.j -1.+0.j -1.+0.j  1.+0.j -1.+0.j -1.+0.j  1.+0.j -1.+0.j  1.+0.j -1.+0.j -1.+0.j
 -1.+0.j  1.+0.j  1.+0.j  1.+0.j  1.+0.j  1.+0.j  1.+0.j  1.+0.j -1.+0.j -1.+0.j  1.+0.j  1.+0.j  1.+0.j  1.+0.j
  1.+0.j  1.+0.j -1.+0.j -1.+0.j -1.+0.j  1.+0.j -1.+0.j  1.+0.j -1.+0.j  1.+0.j  1.+0.j  1.+0.j  1.+0.j -1.+0.j
  1.+0.j  1.+0.j  1.+0.j  1.+0.j  1.+0.j  1.+0.j -1.+0.j  1.+0.j  1.+0.j -1.+0.j  1.+0.j -1.+0.j -1.+0.j  1.+0.j
  1.+0.j  1.+0.j  1.+0.j  1.+0.j -1.+0.j  1.+0.j -1.+0.j  1.+0.j -1.+0.j -1.+0.j  1.+0.j  1.+0.j -1.+0.j  1.+0.j
 -1.+0.j -1.+0.j  1.+0.j  1.+0.j  1.+0.j  1.+0.j  1.+0.j  1.+0.j -1.+0.j -1.+0.j  1.+0.j -1.+0.j  1.+0.j  1.+0.j
 -1.+0.j -1.+0.j -1.+0.j -1.+0.j -1.+0.j -1.+0.j -1.+0.j -1.+0.j -1.+0.j -1.+0.j -1.+0.j -1.+0.j -1.+0.j  1.+0.j
 -1.+0.j -1.+0.j -1.+0.j -1.+0.j  1.+0.j  1.+0.j -1.+0.j -1.+0.j -1.+0.j  1.+0.j  1.+0.j -1.+0.j  1.+0.j  1.+0.j
  1.+0.j  1.+0.j  1.+0.j  1.+0.j -1.+0.j  1.+0.j  1.+0.j -1.+0.j -1.+0.j -1.+0.j -1.+0.j  1.+0.j  1.+0.j -1.+0.j
 -1.+0.j  1.+0.j -1.+0.j  1.+0.j  1.+0.j -1.+0.j -1.+0.j  1.+0.j -1.+0.j -1.+0.j  1.+0.j -1.+0.j  1.+0.j -1.+0.j
 -1.+0.j -1.+0.j  1.+0.j  1.+0.j  1.+0.j  1.+0.j  1.+0.j  1.+0.j  1.+0.j -1.+0.j -1.+0.j  1.+0.j  1.+0.j  1.+0.j
  1.+0.j  1.+0.j  1.+0.j -1.+0.j -1.+0.j -1.+0.j  1.+0.j -1.+0.j  1.+0.j -1.+0.j  1.+0.j  1.+0.j  1.+0.j  1.+0.j
 -1.+0.j  1.+0.j  1.+0.j  1.+0.j  1.+0.j  1.+0.j  1.+0.j -1.+0.j  1.+0.j  1.+0.j -1.+0.j  1.+0.j -1.+0.j -1.+0.j
  1.+0.j  1.+0.j  1.+0.j  1.+0.j  1.+0.j -1.+0.j  1.+0.j -1.+0.j  1.+0.j -1.+0.j -1.+0.j  1.+0.j  1.+0.j -1.+0.j
  1.+0.j -1.+0.j -1.+0.j  1.+0.j  1.+0.j  1.+0.j  1.+0.j  1.+0.j  1.+0.j -1.+0.j -1.+0.j  1.+0.j -1.+0.j  1.+0.j
  1.+0.j -1.+0.j -1.+0.j -1.+0.j -1.+0.j -1.+0.j -1.+0.j -1.+0.j -1.+0.j -1.+0.j -1.+0.j -1.+0.j -1.+0.j -1.+0.j
  1.+0.j -1.+0.j -1.+0.j -1.+0.j -1.+0.j  1.+0.j  1.+0.j -1.+0.j -1.+0.j -1.+0.j  1.+0.j  1.+0.j -1.+0.j  1.+0.j
  1.+0.j  1.+0.j  1.+0.j  1.+0.j  1.+0.j -1.+0.j  1.+0.j  1.+0.j -1.+0.j -1.+0.j -1.+0.j -1.+0.j  1.+0.j  1.+0.j
 -1.+0.j -1.+0.j  1.+0.j -1.+0.j  1.+0.j  1.+0.j -1.+0.j -1.+0.j  1.+0.j -1.+0.j -1.+0.j  1.+0.j -1.+0.j  1.+0.j
 -1.+0.j -1.+0.j -1.+0.j  1.+0.j  1.+0.j  1.+0.j  1.+0.j  1.+0.j  1.+0.j  1.+0.j -1.+0.j -1.+0.j  1.+0.j  1.+0.j
  1.+0.j  1.+0.j  1.+0.j  1.+0.j -1.+0.j -1.+0.j -1.+0.j  1.+0.j -1.+0.j  1.+0.j -1.+0.j  1.+0.j  1.+0.j  1.+0.j
  1.+0.j -1.+0.j  1.+0.j  1.+0.j  1.+0.j  1.+0.j  1.+0.j  1.+0.j -1.+0.j  1.+0.j  1.+0.j -1.+0.j  1.+0.j -1.+0.j
 -1.+0.j  1.+0.j  1.+0.j  1.+0.j  1.+0.j  1.+0.j -1.+0.j  1.+0.j -1.+0.j  1.+0.j -1.+0.j -1.+0.j  1.+0.j  1.+0.j
 -1.+0.j  1.+0.j -1.+0.j -1.+0.j  1.+0.j  1.+0.j  1.+0.j  1.+0.j  1.+0.j  1.+0.j -1.+0.j -1.+0.j  1.+0.j -1.+0.j
  1.+0.j  1.+0.j -1.+0.j -1.+0.j -1.+0.j -1.+0.j -1.+0.j -1.+0.j -1.+0.j -1.+0.j -1.+0.j -1.+0.j -1.+0.j -1.+0.j
 -1.+0.j  1.+0.j -1.+0.j -1.+0.j -1.+0.j -1.+0.j  1.+0.j  1.+0.j -1.+0.j -1.+0.j -1.+0.j  1.+0.j  1.+0.j -1.+0.j
  1.+0.j  1.+0.j  1.+0.j  1.+0.j  1.+0.j  1.+0.j -1.+0.j  1.+0.j  1.+0.j -1.+0.j -1.+0.j -1.+0.j -1.+0.j  1.+0.j
  1.+0.j -1.+0.j -1.+0.j  1.+0.j -1.+0.j  1.+0.j  1.+0.j -1.+0.j -1.+0.j  1.+0.j -1.+0.j -1.+0.j  1.+0.j -1.+0.j
  1.+0.j -1.+0.j -1.+0.j -1.+0.j  1.+0.j  1.+0.j  1.+0.j  1.+0.j  1.+0.j  1.+0.j  1.+0.j -1.+0.j -1.+0.j  1.+0.j
  1.+0.j  1.+0.j  1.+0.j  1.+0.j  1.+0.j -1.+0.j -1.+0.j -1.+0.j  1.+0.j -1.+0.j  1.+0.j -1.+0.j  1.+0.j  1.+0.j
  1.+0.j  1.+0.j -1.+0.j  1.+0.j  1.+0.j  1.+0.j  1.+0.j  1.+0.j  1.+0.j -1.+0.j  1.+0.j  1.+0.j -1.+0.j  1.+0.j
 -1.+0.j -1.+0.j  1.+0.j  1.+0.j  1.+0.j  1.+0.j  1.+0.j -1.+0.j  1.+0.j -1.+0.j  1.+0.j -1.+0.j -1.+0.j  1.+0.j
  1.+0.j -1.+0.j  1.+0.j -1.+0.j -1.+0.j  1.+0.j  1.+0.j  1.+0.j  1.+0.j  1.+0.j  1.+0.j -1.+0.j -1.+0.j  1.+0.j
 -1.+0.j  1.+0.j  1.+0.j -1.+0.j -1.+0.j -1.+0.j -1.+0.j -1.+0.j -1.+0.j -1.+0.j -1.+0.j -1.+0.j -1.+0.j -1.+0.j
 -1.+0.j -1.+0.j  1.+0.j -1.+0.j -1.+0.j -1.+0.j -1.+0.j  1.+0.j  1.+0.j -1.+0.j -1.+0.j -1.+0.j  1.+0.j  1.+0.j
 -1.+0.j  1.+0.j  1.+0.j  1.+0.j  1.+0.j  1.+0.j  1.+0.j -1.+0.j  1.+0.j  1.+0.j -1.+0.j -1.+0.j -1.+0.j -1.+0.j
  1.+0.j  1.+0.j -1.+0.j -1.+0.j  1.+0.j -1.+0.j  1.+0.j  1.+0.j -1.+0.j -1.+0.j  1.+0.j -1.+0.j -1.+0.j  1.+0.j
 -1.+0.j  1.+0.j -1.+0.j -1.+0.j -1.+0.j  1.+0.j  1.+0.j  1.+0.j  1.+0.j  1.+0.j  1.+0.j  1.+0.j -1.+0.j -1.+0.j
  1.+0.j  1.+0.j  1.+0.j  1.+0.j  1.+0.j  1.+0.j -1.+0.j -1.+0.j -1.+0.j  1.+0.j -1.+0.j  1.+0.j -1.+0.j  1.+0.j
  1.+0.j  1.+0.j  1.+0.j -1.+0.j  1.+0.j  1.+0.j  1.+0.j  1.+0.j  1.+0.j  1.+0.j -1.+0.j  1.+0.j  1.+0.j -1.+0.j
  1.+0.j -1.+0.j -1.+0.j  1.+0.j  1.+0.j  1.+0.j  1.+0.j  1.+0.j -1.+0.j  1.+0.j -1.+0.j  1.+0.j -1.+0.j -1.+0.j
  1.+0.j  1.+0.j -1.+0.j  1.+0.j -1.+0.j -1.+0.j  1.+0.j  1.+0.j  1.+0.j  1.+0.j  1.+0.j  1.+0.j -1.+0.j -1.+0.j
  1.+0.j -1.+0.j  1.+0.j  1.+0.j -1.+0.j -1.+0.j -1.+0.j -1.+0.j -1.+0.j -1.+0.j -1.+0.j -1.+0.j -1.+0.j -1.+0.j
 -1.+0.j -1.+0.j -1.+0.j  1.+0.j -1.+0.j -1.+0.j -1.+0.j -1.+0.j  1.+0.j  1.+0.j -1.+0.j -1.+0.j -1.+0.j  1.+0.j
  1.+0.j -1.+0.j  1.+0.j  1.+0.j  1.+0.j  1.+0.j  1.+0.j  1.+0.j -1.+0.j  1.+0.j  1.+0.j -1.+0.j -1.+0.j -1.+0.j
 -1.+0.j  1.+0.j  1.+0.j -1.+0.j -1.+0.j  1.+0.j -1.+0.j  1.+0.j  1.+0.j -1.+0.j -1.+0.j  1.+0.j -1.+0.j -1.+0.j
  1.+0.j -1.+0.j  1.+0.j -1.+0.j -1.+0.j -1.+0.j  1.+0.j  1.+0.j  1.+0.j  1.+0.j  1.+0.j  1.+0.j  1.+0.j -1.+0.j
 -1.+0.j  1.+0.j  1.+0.j  1.+0.j  1.+0.j  1.+0.j  1.+0.j -1.+0.j -1.+0.j -1.+0.j  1.+0.j -1.+0.j  1.+0.j -1.+0.j
  1.+0.j  1.+0.j  1.+0.j  1.+0.j -1.+0.j  1.+0.j  1.+0.j  1.+0.j  1.+0.j  1.+0.j  1.+0.j -1.+0.j  1.+0.j  1.+0.j
 -1.+0.j  1.+0.j -1.+0.j -1.+0.j  1.+0.j  1.+0.j  1.+0.j  1.+0.j  1.+0.j -1.+0.j  1.+0.j -1.+0.j  1.+0.j -1.+0.j
 -1.+0.j  1.+0.j  1.+0.j -1.+0.j  1.+0.j -1.+0.j -1.+0.j  1.+0.j  1.+0.j  1.+0.j  1.+0.j  1.+0.j  1.+0.j -1.+0.j
 -1.+0.j  1.+0.j -1.+0.j  1.+0.j  1.+0.j -1.+0.j -1.+0.j -1.+0.j -1.+0.j -1.+0.j -1.+0.j -1.+0.j -1.+0.j -1.+0.j
 -1.+0.j -1.+0.j -1.+0.j -1.+0.j  1.+0.j -1.+0.j -1.+0.j -1.+0.j -1.+0.j  1.+0.j  1.+0.j -1.+0.j -1.+0.j -1.+0.j
  1.+0.j  1.+0.j -1.+0.j  1.+0.j  1.+0.j  1.+0.j  1.+0.j  1.+0.j  1.+0.j -1.+0.j  1.+0.j  1.+0.j -1.+0.j -1.+0.j
 -1.+0.j -1.+0.j  1.+0.j  1.+0.j -1.+0.j -1.+0.j  1.+0.j -1.+0.j  1.+0.j  1.+0.j -1.+0.j -1.+0.j  1.+0.j -1.+0.j
 -1.+0.j  1.+0.j -1.+0.j  1.+0.j -1.+0.j -1.+0.j -1.+0.j  1.+0.j  1.+0.j  1.+0.j  1.+0.j  1.+0.j  1.+0.j  1.+0.j
 -1.+0.j -1.+0.j  1.+0.j  1.+0.j  1.+0.j  1.+0.j  1.+0.j  1.+0.j -1.+0.j -1.+0.j -1.+0.j  1.+0.j -1.+0.j  1.+0.j
 -1.+0.j  1.+0.j  1.+0.j  1.+0.j  1.+0.j -1.+0.j  1.+0.j  1.+0.j  1.+0.j  1.+0.j  1.+0.j  1.+0.j -1.+0.j  1.+0.j
  1.+0.j -1.+0.j  1.+0.j -1.+0.j -1.+0.j  1.+0.j  1.+0.j  1.+0.j  1.+0.j  1.+0.j -1.+0.j  1.+0.j -1.+0.j  1.+0.j
 -1.+0.j -1.+0.j  1.+0.j  1.+0.j -1.+0.j  1.+0.j -1.+0.j -1.+0.j  1.+0.j  1.+0.j  1.+0.j  1.+0.j  1.+0.j  1.+0.j
 -1.+0.j -1.+0.j  1.+0.j -1.+0.j  1.+0.j  1.+0.j -1.+0.j -1.+0.j -1.+0.j -1.+0.j -1.+0.j -1.+0.j -1.+0.j -1.+0.j
 -1.+0.j -1.+0.j -1.+0.j -1.+0.j -1.+0.j  1.+0.j -1.+0.j -1.+0.j -1.+0.j -1.+0.j  1.+0.j  1.+0.j -1.+0.j -1.+0.j
 -1.+0.j  1.+0.j  1.+0.j -1.+0.j  1.+0.j  1.+0.j  1.+0.j  1.+0.j  1.+0.j  1.+0.j -1.+0.j  1.+0.j  1.+0.j -1.+0.j
 -1.+0.j -1.+0.j -1.+0.j  1.+0.j  1.+0.j -1.+0.j -1.+0.j  1.+0.j -1.+0.j  1.+0.j  1.+0.j -1.+0.j -1.+0.j  1.+0.j
 -1.+0.j -1.+0.j  1.+0.j -1.+0.j  1.+0.j -1.+0.j -1.+0.j -1.+0.j  1.+0.j  1.+0.j  1.+0.j  1.+0.j  1.+0.j  1.+0.j
  1.+0.j -1.+0.j -1.+0.j  1.+0.j  1.+0.j  1.+0.j  1.+0.j  1.+0.j  1.+0.j -1.+0.j -1.+0.j -1.+0.j  1.+0.j -1.+0.j
  1.+0.j -1.+0.j  1.+0.j  1.+0.j  1.+0.j  1.+0.j -1.+0.j  1.+0.j  1.+0.j  1.+0.j  1.+0.j  1.+0.j  1.+0.j -1.+0.j
  1.+0.j  1.+0.j -1.+0.j  1.+0.j -1.+0.j -1.+0.j  1.+0.j  1.+0.j  1.+0.j  1.+0.j  1.+0.j -1.+0.j  1.+0.j -1.+0.j
  1.+0.j -1.+0.j -1.+0.j  1.+0.j  1.+0.j -1.+0.j  1.+0.j -1.+0.j -1.+0.j  1.+0.j  1.+0.j  1.+0.j  1.+0.j  1.+0.j
  1.+0.j -1.+0.j -1.+0.j  1.+0.j -1.+0.j  1.+0.j  1.+0.j -1.+0.j -1.+0.j -1.+0.j -1.+0.j -1.+0.j -1.+0.j -1.+0.j
 -1.+0.j -1.+0.j -1.+0.j -1.+0.j -1.+0.j -1.+0.j  1.+0.j -1.+0.j -1.+0.j -1.+0.j -1.+0.j  1.+0.j  1.+0.j -1.+0.j
 -1.+0.j -1.+0.j  1.+0.j  1.+0.j -1.+0.j  1.+0.j  1.+0.j  1.+0.j  1.+0.j  1.+0.j  1.+0.j -1.+0.j  1.+0.j  1.+0.j
 -1.+0.j -1.+0.j -1.+0.j -1.+0.j  1.+0.j  1.+0.j -1.+0.j -1.+0.j  1.+0.j -1.+0.j  1.+0.j  1.+0.j -1.+0.j -1.+0.j
  1.+0.j -1.+0.j -1.+0.j  1.+0.j -1.+0.j  1.+0.j -1.+0.j -1.+0.j -1.+0.j  1.+0.j  1.+0.j  1.+0.j  1.+0.j  1.+0.j
  1.+0.j  1.+0.j -1.+0.j -1.+0.j  1.+0.j  1.+0.j  1.+0.j  1.+0.j  1.+0.j  1.+0.j -1.+0.j -1.+0.j -1.+0.j  1.+0.j
 -1.+0.j  1.+0.j -1.+0.j  1.+0.j  1.+0.j  1.+0.j  1.+0.j -1.+0.j  1.+0.j  1.+0.j  1.+0.j  1.+0.j  1.+0.j  1.+0.j
 -1.+0.j  1.+0.j  1.+0.j -1.+0.j  1.+0.j -1.+0.j -1.+0.j  1.+0.j  1.+0.j  1.+0.j  1.+0.j  1.+0.j -1.+0.j  1.+0.j
 -1.+0.j  1.+0.j -1.+0.j -1.+0.j  1.+0.j  1.+0.j -1.+0.j  1.+0.j -1.+0.j -1.+0.j  1.+0.j  1.+0.j  1.+0.j  1.+0.j
  1.+0.j  1.+0.j -1.+0.j -1.+0.j  1.+0.j -1.+0.j  1.+0.j  1.+0.j -1.+0.j  1.-0.j  1.-0.j  1.-0.j  1.-0.j  1.-0.j
  1.-0.j  1.-0.j  1.-0.j  1.-0.j  1.-0.j  1.-0.j  1.-0.j -1.+0.j  1.-0.j  1.-0.j  1.-0.j  1.-0.j -1.+0.j -1.+0.j
  1.-0.j  1.-0.j  1.-0.j -1.+0.j -1.+0.j  1.-0.j -1.+0.j -1.+0.j -1.+0.j -1.+0.j -1.+0.j -1.+0.j  1.-0.j -1.+0.j
 -1.+0.j  1.-0.j  1.-0.j  1.-0.j  1.-0.j -1.+0.j -1.+0.j  1.-0.j  1.-0.j -1.+0.j  1.-0.j -1.+0.j -1.+0.j  1.-0.j
  1.-0.j -1.+0.j  1.-0.j  1.-0.j -1.+0.j  1.-0.j -1.+0.j  1.-0.j  1.-0.j  1.-0.j -1.+0.j -1.+0.j -1.+0.j -1.+0.j
 -1.+0.j -1.+0.j -1.+0.j  1.-0.j  1.-0.j -1.+0.j -1.+0.j -1.+0.j -1.+0.j -1.+0.j -1.+0.j  1.-0.j  1.-0.j  1.-0.j
 -1.+0.j  1.-0.j -1.+0.j  1.-0.j -1.+0.j -1.+0.j -1.+0.j -1.+0.j  1.-0.j -1.+0.j -1.+0.j -1.+0.j -1.+0.j -1.+0.j
 -1.+0.j  1.-0.j -1.+0.j -1.+0.j  1.-0.j -1.+0.j  1.-0.j  1.-0.j -1.+0.j -1.+0.j -1.+0.j -1.+0.j -1.+0.j  1.-0.j
 -1.+0.j  1.-0.j -1.+0.j  1.-0.j  1.-0.j -1.+0.j -1.+0.j  1.-0.j -1.+0.j  1.-0.j  1.-0.j -1.+0.j -1.+0.j -1.+0.j
 -1.+0.j -1.+0.j -1.+0.j  1.-0.j  1.-0.j -1.+0.j  1.-0.j -1.+0.j -1.+0.j  1.-0.j -1.+0.j -1.+0.j -1.+0.j -1.+0.j
 -1.+0.j -1.+0.j -1.+0.j -1.+0.j -1.+0.j -1.+0.j -1.+0.j -1.+0.j  1.+0.j -1.+0.j -1.+0.j -1.+0.j -1.+0.j  1.+0.j
  1.+0.j -1.+0.j -1.+0.j -1.+0.j  1.+0.j  1.+0.j -1.+0.j  1.+0.j  1.+0.j  1.+0.j  1.+0.j  1.+0.j  1.+0.j -1.+0.j
  1.+0.j  1.+0.j -1.+0.j -1.+0.j -1.+0.j -1.+0.j  1.+0.j  1.+0.j -1.+0.j -1.+0.j  1.+0.j -1.+0.j  1.+0.j  1.+0.j
 -1.+0.j -1.+0.j  1.+0.j -1.+0.j -1.+0.j  1.+0.j -1.+0.j  1.+0.j -1.+0.j -1.+0.j -1.+0.j  1.+0.j  1.+0.j  1.+0.j
  1.+0.j  1.+0.j  1.+0.j  1.+0.j -1.+0.j -1.+0.j  1.+0.j  1.+0.j  1.+0.j  1.+0.j  1.+0.j  1.+0.j -1.+0.j -1.+0.j
 -1.+0.j  1.+0.j -1.+0.j  1.+0.j -1.+0.j  1.+0.j  1.+0.j  1.+0.j  1.+0.j -1.+0.j  1.+0.j  1.+0.j  1.+0.j  1.+0.j
  1.+0.j  1.+0.j -1.+0.j  1.+0.j  1.+0.j -1.+0.j  1.+0.j -1.+0.j -1.+0.j  1.+0.j  1.+0.j  1.+0.j  1.+0.j  1.+0.j
 -1.+0.j  1.+0.j -1.+0.j  1.+0.j -1.+0.j -1.+0.j  1.+0.j  1.+0.j -1.+0.j  1.+0.j -1.+0.j -1.+0.j  1.+0.j  1.+0.j
  1.+0.j  1.+0.j  1.+0.j  1.+0.j -1.+0.j -1.+0.j  1.+0.j -1.+0.j  1.+0.j  1.+0.j -1.+0.j  1.-0.j  1.-0.j  1.-0.j
  1.-0.j  1.-0.j  1.-0.j  1.-0.j  1.-0.j  1.-0.j  1.-0.j  1.-0.j  1.-0.j -1.+0.j  1.-0.j  1.-0.j  1.-0.j  1.-0.j
 -1.+0.j -1.+0.j  1.-0.j  1.-0.j  1.-0.j -1.+0.j -1.+0.j  1.-0.j -1.+0.j -1.+0.j -1.+0.j -1.+0.j -1.+0.j -1.+0.j
  1.-0.j -1.+0.j -1.+0.j  1.-0.j  1.-0.j  1.-0.j  1.-0.j -1.+0.j -1.+0.j  1.-0.j  1.-0.j -1.+0.j  1.-0.j -1.+0.j
 -1.+0.j  1.-0.j  1.-0.j -1.+0.j  1.-0.j  1.-0.j -1.+0.j  1.-0.j -1.+0.j  1.-0.j  1.-0.j  1.-0.j -1.+0.j -1.+0.j
 -1.+0.j -1.+0.j -1.+0.j -1.+0.j -1.+0.j  1.-0.j  1.-0.j -1.+0.j -1.+0.j -1.+0.j -1.+0.j -1.+0.j -1.+0.j  1.-0.j
  1.-0.j  1.-0.j -1.+0.j  1.-0.j -1.+0.j  1.-0.j -1.+0.j -1.+0.j -1.+0.j -1.+0.j  1.-0.j -1.+0.j -1.+0.j -1.+0.j
 -1.+0.j -1.+0.j -1.+0.j  1.-0.j -1.+0.j -1.+0.j  1.-0.j -1.+0.j  1.-0.j  1.-0.j -1.+0.j -1.+0.j -1.+0.j -1.+0.j
 -1.+0.j  1.-0.j -1.+0.j  1.-0.j -1.+0.j  1.-0.j  1.-0.j -1.+0.j -1.+0.j  1.-0.j -1.+0.j  1.-0.j  1.-0.j -1.+0.j
 -1.+0.j -1.+0.j -1.+0.j -1.+0.j -1.+0.j  1.-0.j  1.-0.j -1.+0.j  1.-0.j -1.+0.j -1.+0.j  1.-0.j -1.+0.j -1.+0.j
 -1.+0.j -1.+0.j -1.+0.j -1.+0.j -1.+0.j -1.+0.j -1.+0.j -1.+0.j -1.+0.j -1.+0.j  1.+0.j -1.+0.j -1.+0.j -1.+0.j
 -1.+0.j  1.+0.j  1.+0.j -1.+0.j -1.+0.j -1.+0.j  1.+0.j  1.+0.j -1.+0.j  1.+0.j  1.+0.j  1.+0.j  1.+0.j  1.+0.j
  1.+0.j -1.+0.j  1.+0.j  1.+0.j -1.+0.j -1.+0.j -1.+0.j -1.+0.j  1.+0.j  1.+0.j -1.+0.j -1.+0.j  1.+0.j -1.+0.j
  1.+0.j  1.+0.j -1.+0.j -1.+0.j  1.+0.j -1.+0.j -1.+0.j  1.+0.j -1.+0.j  1.+0.j -1.+0.j -1.+0.j -1.+0.j  1.+0.j
  1.+0.j  1.+0.j  1.+0.j  1.+0.j  1.+0.j  1.+0.j -1.+0.j -1.+0.j  1.+0.j  1.+0.j  1.+0.j  1.+0.j  1.+0.j  1.+0.j
 -1.+0.j -1.+0.j -1.+0.j  1.+0.j -1.+0.j  1.+0.j -1.+0.j  1.+0.j  1.+0.j  1.+0.j  1.+0.j -1.+0.j  1.+0.j  1.+0.j
  1.+0.j  1.+0.j  1.+0.j  1.+0.j -1.+0.j  1.+0.j  1.+0.j -1.+0.j  1.+0.j -1.+0.j -1.+0.j  1.+0.j  1.+0.j  1.+0.j
  1.+0.j  1.+0.j -1.+0.j  1.+0.j -1.+0.j  1.+0.j -1.+0.j -1.+0.j  1.+0.j  1.+0.j -1.+0.j  1.+0.j -1.+0.j -1.+0.j
  1.+0.j  1.+0.j  1.+0.j  1.+0.j  1.+0.j  1.+0.j -1.+0.j -1.+0.j  1.+0.j -1.+0.j  1.+0.j  1.+0.j -1.+0.j  1.-0.j
  1.-0.j  1.-0.j  1.-0.j  1.-0.j  1.-0.j  1.-0.j  1.-0.j  1.-0.j  1.-0.j  1.-0.j  1.-0.j -1.+0.j  1.-0.j  1.-0.j
  1.-0.j  1.-0.j -1.+0.j -1.+0.j  1.-0.j  1.-0.j  1.-0.j -1.+0.j -1.+0.j  1.-0.j -1.+0.j -1.+0.j -1.+0.j -1.+0.j
 -1.+0.j -1.+0.j  1.-0.j -1.+0.j -1.+0.j  1.-0.j  1.-0.j  1.-0.j  1.-0.j -1.+0.j -1.+0.j  1.-0.j  1.-0.j -1.+0.j
  1.-0.j -1.+0.j -1.+0.j  1.-0.j  1.-0.j -1.+0.j  1.-0.j  1.-0.j -1.+0.j  1.-0.j -1.+0.j  1.-0.j  1.-0.j  1.-0.j
 -1.+0.j -1.+0.j -1.+0.j -1.+0.j -1.+0.j -1.+0.j -1.+0.j  1.-0.j  1.-0.j -1.+0.j -1.+0.j -1.+0.j -1.+0.j -1.+0.j
 -1.+0.j  1.-0.j  1.-0.j  1.-0.j -1.+0.j  1.-0.j -1.+0.j  1.-0.j -1.+0.j -1.+0.j -1.+0.j -1.+0.j  1.-0.j -1.+0.j
 -1.+0.j -1.+0.j -1.+0.j -1.+0.j -1.+0.j  1.-0.j -1.+0.j -1.+0.j  1.-0.j -1.+0.j  1.-0.j  1.-0.j -1.+0.j -1.+0.j
 -1.+0.j -1.+0.j -1.+0.j  1.-0.j -1.+0.j  1.-0.j -1.+0.j  1.-0.j  1.-0.j -1.+0.j -1.+0.j  1.-0.j -1.+0.j  1.-0.j
  1.-0.j -1.+0.j -1.+0.j -1.+0.j -1.+0.j -1.+0.j -1.+0.j  1.-0.j  1.-0.j -1.+0.j  1.-0.j -1.+0.j -1.+0.j  1.-0.j
 -1.+0.j -1.+0.j -1.+0.j -1.+0.j -1.+0.j -1.+0.j -1.+0.j -1.+0.j -1.+0.j -1.+0.j -1.+0.j -1.+0.j  1.+0.j -1.+0.j
 -1.+0.j -1.+0.j -1.+0.j  1.+0.j  1.+0.j -1.+0.j -1.+0.j -1.+0.j  1.+0.j  1.+0.j -1.+0.j  1.+0.j  1.+0.j  1.+0.j
  1.+0.j  1.+0.j  1.+0.j -1.+0.j  1.+0.j  1.+0.j -1.+0.j -1.+0.j -1.+0.j -1.+0.j  1.+0.j  1.+0.j -1.+0.j -1.+0.j
  1.+0.j -1.+0.j  1.+0.j  1.+0.j -1.+0.j -1.+0.j  1.+0.j -1.+0.j -1.+0.j  1.+0.j -1.+0.j  1.+0.j -1.+0.j -1.+0.j
 -1.+0.j  1.+0.j  1.+0.j  1.+0.j  1.+0.j  1.+0.j  1.+0.j  1.+0.j -1.+0.j -1.+0.j  1.+0.j  1.+0.j  1.+0.j  1.+0.j
  1.+0.j  1.+0.j -1.+0.j -1.+0.j -1.+0.j  1.+0.j -1.+0.j  1.+0.j -1.+0.j  1.+0.j  1.+0.j  1.+0.j  1.+0.j -1.+0.j
  1.+0.j  1.+0.j  1.+0.j  1.+0.j  1.+0.j  1.+0.j -1.+0.j  1.+0.j  1.+0.j -1.+0.j  1.+0.j -1.+0.j -1.+0.j  1.+0.j
  1.+0.j  1.+0.j  1.+0.j  1.+0.j -1.+0.j  1.+0.j -1.+0.j  1.+0.j -1.+0.j -1.+0.j  1.+0.j  1.+0.j -1.+0.j  1.+0.j
 -1.+0.j -1.+0.j  1.+0.j  1.+0.j  1.+0.j  1.+0.j  1.+0.j  1.+0.j -1.+0.j -1.+0.j  1.+0.j -1.+0.j  1.+0.j  1.+0.j
 -1.+0.j  1.-0.j  1.-0.j  1.-0.j  1.-0.j  1.-0.j  1.-0.j  1.-0.j  1.-0.j  1.-0.j  1.-0.j  1.-0.j  1.-0.j -1.+0.j
  1.-0.j  1.-0.j  1.-0.j  1.-0.j -1.+0.j -1.+0.j  1.-0.j  1.-0.j  1.-0.j -1.+0.j -1.+0.j  1.-0.j -1.+0.j -1.+0.j
 -1.+0.j -1.+0.j -1.+0.j -1.+0.j  1.-0.j -1.+0.j -1.+0.j  1.-0.j  1.-0.j  1.-0.j  1.-0.j -1.+0.j -1.+0.j  1.-0.j
  1.-0.j -1.+0.j  1.-0.j -1.+0.j -1.+0.j  1.-0.j  1.-0.j -1.+0.j  1.-0.j  1.-0.j -1.+0.j  1.-0.j -1.+0.j  1.-0.j
  1.-0.j  1.-0.j -1.+0.j -1.+0.j -1.+0.j -1.+0.j -1.+0.j -1.+0.j -1.+0.j  1.-0.j  1.-0.j -1.+0.j -1.+0.j -1.+0.j
 -1.+0.j -1.+0.j -1.+0.j  1.-0.j  1.-0.j  1.-0.j -1.+0.j  1.-0.j -1.+0.j  1.-0.j -1.+0.j -1.+0.j -1.+0.j -1.+0.j
  1.-0.j -1.+0.j -1.+0.j -1.+0.j -1.+0.j -1.+0.j -1.+0.j  1.-0.j -1.+0.j -1.+0.j  1.-0.j -1.+0.j  1.-0.j  1.-0.j
 -1.+0.j -1.+0.j -1.+0.j -1.+0.j -1.+0.j  1.-0.j -1.+0.j  1.-0.j -1.+0.j  1.-0.j  1.-0.j -1.+0.j -1.+0.j  1.-0.j
 -1.+0.j  1.-0.j  1.-0.j -1.+0.j -1.+0.j -1.+0.j -1.+0.j -1.+0.j -1.+0.j  1.-0.j  1.-0.j -1.+0.j  1.-0.j -1.+0.j
 -1.+0.j  1.-0.j  1.-0.j  1.-0.j  1.-0.j  1.-0.j  1.-0.j  1.-0.j  1.-0.j  1.-0.j  1.-0.j  1.-0.j  1.-0.j  1.-0.j
 -1.+0.j  1.-0.j  1.-0.j  1.-0.j  1.-0.j -1.+0.j -1.+0.j  1.-0.j  1.-0.j  1.-0.j -1.+0.j -1.+0.j  1.-0.j -1.+0.j
 -1.+0.j -1.+0.j -1.+0.j -1.+0.j -1.+0.j  1.-0.j -1.+0.j -1.+0.j  1.-0.j  1.-0.j  1.-0.j  1.-0.j -1.+0.j -1.+0.j
  1.-0.j  1.-0.j -1.+0.j  1.-0.j -1.+0.j -1.+0.j  1.-0.j  1.-0.j -1.+0.j  1.-0.j  1.-0.j -1.+0.j  1.-0.j -1.+0.j
  1.-0.j  1.-0.j  1.-0.j -1.+0.j -1.+0.j -1.+0.j -1.+0.j -1.+0.j -1.+0.j -1.+0.j  1.-0.j  1.-0.j -1.+0.j -1.+0.j
 -1.+0.j -1.+0.j -1.+0.j -1.+0.j  1.-0.j  1.-0.j  1.-0.j -1.+0.j  1.-0.j -1.+0.j  1.-0.j -1.+0.j -1.+0.j -1.+0.j
 -1.+0.j  1.-0.j -1.+0.j -1.+0.j -1.+0.j -1.+0.j -1.+0.j -1.+0.j  1.-0.j -1.+0.j -1.+0.j  1.-0.j -1.+0.j  1.-0.j
  1.-0.j -1.+0.j -1.+0.j -1.+0.j -1.+0.j -1.+0.j  1.-0.j -1.+0.j  1.-0.j -1.+0.j  1.-0.j  1.-0.j -1.+0.j -1.+0.j
  1.-0.j -1.+0.j  1.-0.j  1.-0.j -1.+0.j -1.+0.j -1.+0.j -1.+0.j -1.+0.j -1.+0.j  1.-0.j  1.-0.j -1.+0.j  1.-0.j
 -1.+0.j -1.+0.j  1.-0.j -1.+0.j -1.+0.j -1.+0.j -1.+0.j -1.+0.j -1.+0.j -1.+0.j -1.+0.j -1.+0.j -1.+0.j -1.+0.j
 -1.+0.j  1.+0.j -1.+0.j -1.+0.j -1.+0.j -1.+0.j  1.+0.j  1.+0.j -1.+0.j -1.+0.j -1.+0.j  1.+0.j  1.+0.j -1.+0.j
  1.+0.j  1.+0.j  1.+0.j  1.+0.j  1.+0.j  1.+0.j -1.+0.j  1.+0.j  1.+0.j -1.+0.j -1.+0.j -1.+0.j -1.+0.j  1.+0.j
  1.+0.j -1.+0.j -1.+0.j  1.+0.j -1.+0.j  1.+0.j  1.+0.j -1.+0.j -1.+0.j  1.+0.j -1.+0.j -1.+0.j  1.+0.j -1.+0.j
  1.+0.j -1.+0.j -1.+0.j -1.+0.j  1.+0.j  1.+0.j  1.+0.j  1.+0.j  1.+0.j  1.+0.j  1.+0.j -1.+0.j -1.+0.j  1.+0.j
  1.+0.j  1.+0.j  1.+0.j  1.+0.j  1.+0.j -1.+0.j -1.+0.j -1.+0.j  1.+0.j -1.+0.j  1.+0.j -1.+0.j  1.+0.j  1.+0.j
  1.+0.j  1.+0.j -1.+0.j  1.+0.j  1.+0.j  1.+0.j  1.+0.j  1.+0.j  1.+0.j -1.+0.j  1.+0.j  1.+0.j -1.+0.j  1.+0.j
 -1.+0.j -1.+0.j  1.+0.j  1.+0.j  1.+0.j  1.+0.j  1.+0.j -1.+0.j  1.+0.j -1.+0.j  1.+0.j -1.+0.j -1.+0.j  1.+0.j
  1.+0.j -1.+0.j  1.+0.j -1.+0.j -1.+0.j  1.+0.j  1.+0.j  1.+0.j  1.+0.j  1.+0.j  1.+0.j -1.+0.j -1.+0.j  1.+0.j
 -1.+0.j  1.+0.j  1.+0.j -1.+0.j  1.-0.j  1.-0.j  1.-0.j  1.-0.j  1.-0.j  1.-0.j  1.-0.j  1.-0.j  1.-0.j  1.-0.j
  1.-0.j  1.-0.j -1.+0.j  1.-0.j  1.-0.j  1.-0.j  1.-0.j -1.+0.j -1.+0.j  1.-0.j  1.-0.j  1.-0.j -1.+0.j -1.+0.j
  1.-0.j -1.+0.j -1.+0.j -1.+0.j -1.+0.j -1.+0.j -1.+0.j  1.-0.j -1.+0.j -1.+0.j  1.-0.j  1.-0.j  1.-0.j  1.-0.j
 -1.+0.j -1.+0.j  1.-0.j  1.-0.j -1.+0.j  1.-0.j -1.+0.j -1.+0.j  1.-0.j  1.-0.j -1.+0.j  1.-0.j  1.-0.j -1.+0.j
  1.-0.j -1.+0.j  1.-0.j  1.-0.j  1.-0.j -1.+0.j -1.+0.j -1.+0.j -1.+0.j -1.+0.j -1.+0.j -1.+0.j  1.-0.j  1.-0.j
 -1.+0.j -1.+0.j -1.+0.j -1.+0.j -1.+0.j -1.+0.j  1.-0.j  1.-0.j  1.-0.j -1.+0.j  1.-0.j -1.+0.j  1.-0.j -1.+0.j
 -1.+0.j -1.+0.j -1.+0.j  1.-0.j -1.+0.j -1.+0.j -1.+0.j -1.+0.j -1.+0.j -1.+0.j  1.-0.j -1.+0.j -1.+0.j  1.-0.j
 -1.+0.j  1.-0.j  1.-0.j -1.+0.j -1.+0.j -1.+0.j -1.+0.j -1.+0.j  1.-0.j -1.+0.j  1.-0.j -1.+0.j  1.-0.j  1.-0.j
 -1.+0.j -1.+0.j  1.-0.j -1.+0.j  1.-0.j  1.-0.j -1.+0.j -1.+0.j -1.+0.j -1.+0.j -1.+0.j -1.+0.j  1.-0.j  1.-0.j
 -1.+0.j  1.-0.j -1.+0.j -1.+0.j  1.-0.j -1.+0.j -1.+0.j -1.+0.j -1.+0.j -1.+0.j -1.+0.j -1.+0.j -1.+0.j -1.+0.j
 -1.+0.j -1.+0.j -1.+0.j  1.+0.j -1.+0.j -1.+0.j -1.+0.j -1.+0.j  1.+0.j  1.+0.j -1.+0.j -1.+0.j -1.+0.j  1.+0.j
  1.+0.j -1.+0.j  1.+0.j  1.+0.j  1.+0.j  1.+0.j  1.+0.j  1.+0.j -1.+0.j  1.+0.j  1.+0.j -1.+0.j -1.+0.j -1.+0.j
 -1.+0.j  1.+0.j  1.+0.j -1.+0.j -1.+0.j  1.+0.j -1.+0.j  1.+0.j  1.+0.j -1.+0.j -1.+0.j  1.+0.j -1.+0.j -1.+0.j
  1.+0.j -1.+0.j  1.+0.j -1.+0.j -1.+0.j -1.+0.j  1.+0.j  1.+0.j  1.+0.j  1.+0.j  1.+0.j  1.+0.j  1.+0.j -1.+0.j
 -1.+0.j  1.+0.j  1.+0.j  1.+0.j  1.+0.j  1.+0.j  1.+0.j -1.+0.j -1.+0.j -1.+0.j  1.+0.j -1.+0.j  1.+0.j -1.+0.j
  1.+0.j  1.+0.j  1.+0.j  1.+0.j -1.+0.j  1.+0.j  1.+0.j  1.+0.j  1.+0.j  1.+0.j  1.+0.j -1.+0.j  1.+0.j  1.+0.j
 -1.+0.j  1.+0.j -1.+0.j -1.+0.j  1.+0.j  1.+0.j  1.+0.j  1.+0.j  1.+0.j -1.+0.j  1.+0.j -1.+0.j  1.+0.j -1.+0.j
 -1.+0.j  1.+0.j  1.+0.j -1.+0.j  1.+0.j -1.+0.j -1.+0.j  1.+0.j  1.+0.j  1.+0.j  1.+0.j  1.+0.j  1.+0.j -1.+0.j
 -1.+0.j  1.+0.j -1.+0.j  1.+0.j  1.+0.j -1.+0.j -1.+0.j -1.+0.j -1.+0.j -1.+0.j -1.+0.j -1.+0.j -1.+0.j -1.+0.j
 -1.+0.j -1.+0.j -1.+0.j -1.+0.j  1.+0.j -1.+0.j -1.+0.j -1.+0.j -1.+0.j  1.+0.j  1.+0.j -1.+0.j -1.+0.j -1.+0.j
  1.+0.j  1.+0.j -1.+0.j  1.+0.j  1.+0.j  1.+0.j  1.+0.j  1.+0.j  1.+0.j -1.+0.j  1.+0.j  1.+0.j -1.+0.j -1.+0.j
 -1.+0.j -1.+0.j  1.+0.j  1.+0.j -1.+0.j -1.+0.j  1.+0.j -1.+0.j  1.+0.j  1.+0.j -1.+0.j -1.+0.j  1.+0.j -1.+0.j
 -1.+0.j  1.+0.j -1.+0.j  1.+0.j -1.+0.j -1.+0.j -1.+0.j  1.+0.j  1.+0.j  1.+0.j  1.+0.j  1.+0.j  1.+0.j  1.+0.j
 -1.+0.j -1.+0.j  1.+0.j  1.+0.j  1.+0.j  1.+0.j  1.+0.j  1.+0.j -1.+0.j -1.+0.j -1.+0.j  1.+0.j -1.+0.j  1.+0.j
 -1.+0.j  1.+0.j  1.+0.j  1.+0.j  1.+0.j -1.+0.j  1.+0.j  1.+0.j  1.+0.j  1.+0.j  1.+0.j  1.+0.j -1.+0.j  1.+0.j
  1.+0.j -1.+0.j  1.+0.j -1.+0.j -1.+0.j  1.+0.j  1.+0.j  1.+0.j  1.+0.j  1.+0.j -1.+0.j  1.+0.j -1.+0.j  1.+0.j
 -1.+0.j -1.+0.j  1.+0.j  1.+0.j -1.+0.j  1.+0.j -1.+0.j -1.+0.j  1.+0.j  1.+0.j  1.+0.j  1.+0.j  1.+0.j  1.+0.j
 -1.+0.j -1.+0.j  1.+0.j -1.+0.j  1.+0.j  1.+0.j -1.+0.j  1.-0.j  1.-0.j  1.-0.j  1.-0.j  1.-0.j  1.-0.j  1.-0.j
  1.-0.j  1.-0.j  1.-0.j  1.-0.j  1.-0.j -1.+0.j  1.-0.j  1.-0.j  1.-0.j  1.-0.j -1.+0.j -1.+0.j  1.-0.j  1.-0.j
  1.-0.j -1.+0.j -1.+0.j  1.-0.j -1.+0.j -1.+0.j -1.+0.j -1.+0.j -1.+0.j -1.+0.j  1.-0.j -1.+0.j -1.+0.j  1.-0.j
  1.-0.j  1.-0.j  1.-0.j -1.+0.j -1.+0.j  1.-0.j  1.-0.j -1.+0.j  1.-0.j -1.+0.j -1.+0.j  1.-0.j  1.-0.j -1.+0.j
  1.-0.j  1.-0.j -1.+0.j  1.-0.j -1.+0.j  1.-0.j  1.-0.j  1.-0.j -1.+0.j -1.+0.j -1.+0.j -1.+0.j -1.+0.j -1.+0.j
 -1.+0.j  1.-0.j  1.-0.j -1.+0.j -1.+0.j -1.+0.j -1.+0.j -1.+0.j -1.+0.j  1.-0.j  1.-0.j  1.-0.j -1.+0.j  1.-0.j
 -1.+0.j  1.-0.j -1.+0.j -1.+0.j -1.+0.j -1.+0.j  1.-0.j -1.+0.j -1.+0.j -1.+0.j -1.+0.j -1.+0.j -1.+0.j  1.-0.j
 -1.+0.j -1.+0.j  1.-0.j -1.+0.j  1.-0.j  1.-0.j -1.+0.j -1.+0.j -1.+0.j -1.+0.j -1.+0.j  1.-0.j -1.+0.j  1.-0.j
 -1.+0.j  1.-0.j  1.-0.j -1.+0.j -1.+0.j  1.-0.j -1.+0.j  1.-0.j  1.-0.j -1.+0.j -1.+0.j -1.+0.j -1.+0.j -1.+0.j
 -1.+0.j  1.-0.j  1.-0.j -1.+0.j  1.-0.j -1.+0.j -1.+0.j  1.-0.j  1.-0.j  1.-0.j  1.-0.j  1.-0.j  1.-0.j  1.-0.j
  1.-0.j  1.-0.j  1.-0.j  1.-0.j  1.-0.j  1.-0.j -1.+0.j  1.-0.j  1.-0.j  1.-0.j  1.-0.j -1.+0.j -1.+0.j  1.-0.j
  1.-0.j  1.-0.j -1.+0.j -1.+0.j  1.-0.j -1.+0.j -1.+0.j -1.+0.j -1.+0.j -1.+0.j -1.+0.j  1.-0.j -1.+0.j -1.+0.j
  1.-0.j  1.-0.j  1.-0.j  1.-0.j -1.+0.j -1.+0.j  1.-0.j  1.-0.j -1.+0.j  1.-0.j -1.+0.j -1.+0.j  1.-0.j  1.-0.j
 -1.+0.j  1.-0.j  1.-0.j -1.+0.j  1.-0.j -1.+0.j  1.-0.j  1.-0.j  1.-0.j -1.+0.j -1.+0.j -1.+0.j -1.+0.j -1.+0.j
 -1.+0.j -1.+0.j  1.-0.j  1.-0.j -1.+0.j -1.+0.j -1.+0.j -1.+0.j -1.+0.j -1.+0.j  1.-0.j  1.-0.j  1.-0.j -1.+0.j
  1.-0.j -1.+0.j  1.-0.j -1.+0.j -1.+0.j -1.+0.j -1.+0.j  1.-0.j -1.+0.j -1.+0.j -1.+0.j -1.+0.j -1.+0.j -1.+0.j
  1.-0.j -1.+0.j -1.+0.j  1.-0.j -1.+0.j  1.-0.j  1.-0.j -1.+0.j -1.+0.j -1.+0.j -1.+0.j -1.+0.j  1.-0.j -1.+0.j
  1.-0.j -1.+0.j  1.-0.j  1.-0.j -1.+0.j -1.+0.j  1.-0.j -1.+0.j  1.-0.j  1.-0.j -1.+0.j -1.+0.j -1.+0.j -1.+0.j
 -1.+0.j -1.+0.j  1.-0.j  1.-0.j -1.+0.j  1.-0.j -1.+0.j -1.+0.j  1.-0.j -1.+0.j -1.+0.j -1.+0.j -1.+0.j -1.+0.j
 -1.+0.j -1.+0.j -1.+0.j -1.+0.j -1.+0.j -1.+0.j -1.+0.j  1.+0.j -1.+0.j -1.+0.j -1.+0.j -1.+0.j  1.+0.j  1.+0.j
 -1.+0.j -1.+0.j -1.+0.j  1.+0.j  1.+0.j -1.+0.j  1.+0.j  1.+0.j  1.+0.j  1.+0.j  1.+0.j  1.+0.j -1.+0.j  1.+0.j
  1.+0.j -1.+0.j -1.+0.j -1.+0.j -1.+0.j  1.+0.j  1.+0.j -1.+0.j -1.+0.j  1.+0.j -1.+0.j  1.+0.j  1.+0.j -1.+0.j
 -1.+0.j  1.+0.j -1.+0.j -1.+0.j  1.+0.j -1.+0.j  1.+0.j -1.+0.j -1.+0.j -1.+0.j  1.+0.j  1.+0.j  1.+0.j  1.+0.j
  1.+0.j  1.+0.j  1.+0.j -1.+0.j -1.+0.j  1.+0.j  1.+0.j  1.+0.j  1.+0.j  1.+0.j  1.+0.j -1.+0.j -1.+0.j -1.+0.j
  1.+0.j -1.+0.j  1.+0.j -1.+0.j  1.+0.j  1.+0.j  1.+0.j  1.+0.j -1.+0.j  1.+0.j  1.+0.j  1.+0.j  1.+0.j  1.+0.j
  1.+0.j -1.+0.j  1.+0.j  1.+0.j -1.+0.j  1.+0.j -1.+0.j -1.+0.j  1.+0.j  1.+0.j  1.+0.j  1.+0.j  1.+0.j -1.+0.j
  1.+0.j -1.+0.j  1.+0.j -1.+0.j -1.+0.j  1.+0.j  1.+0.j -1.+0.j  1.+0.j -1.+0.j -1.+0.j  1.+0.j  1.+0.j  1.+0.j
  1.+0.j  1.+0.j  1.+0.j -1.+0.j -1.+0.j  1.+0.j -1.+0.j  1.+0.j  1.+0.j -1.+0.j -1.+0.j -1.+0.j -1.+0.j -1.+0.j
 -1.+0.j -1.+0.j -1.+0.j -1.+0.j -1.+0.j -1.+0.j -1.+0.j -1.+0.j  1.+0.j -1.+0.j -1.+0.j -1.+0.j -1.+0.j  1.+0.j
  1.+0.j -1.+0.j -1.+0.j -1.+0.j  1.+0.j  1.+0.j -1.+0.j  1.+0.j  1.+0.j  1.+0.j  1.+0.j  1.+0.j  1.+0.j -1.+0.j
  1.+0.j  1.+0.j -1.+0.j -1.+0.j -1.+0.j -1.+0.j  1.+0.j  1.+0.j -1.+0.j -1.+0.j  1.+0.j -1.+0.j  1.+0.j  1.+0.j
 -1.+0.j -1.+0.j  1.+0.j -1.+0.j -1.+0.j  1.+0.j -1.+0.j  1.+0.j -1.+0.j -1.+0.j -1.+0.j  1.+0.j  1.+0.j  1.+0.j
  1.+0.j  1.+0.j  1.+0.j  1.+0.j -1.+0.j -1.+0.j  1.+0.j  1.+0.j  1.+0.j  1.+0.j  1.+0.j  1.+0.j -1.+0.j -1.+0.j
 -1.+0.j  1.+0.j -1.+0.j  1.+0.j -1.+0.j  1.+0.j  1.+0.j  1.+0.j  1.+0.j -1.+0.j  1.+0.j  1.+0.j  1.+0.j  1.+0.j
  1.+0.j  1.+0.j -1.+0.j  1.+0.j  1.+0.j -1.+0.j  1.+0.j -1.+0.j -1.+0.j  1.+0.j  1.+0.j  1.+0.j  1.+0.j  1.+0.j
 -1.+0.j  1.+0.j -1.+0.j  1.+0.j -1.+0.j -1.+0.j  1.+0.j  1.+0.j -1.+0.j  1.+0.j -1.+0.j -1.+0.j  1.+0.j  1.+0.j
  1.+0.j  1.+0.j  1.+0.j  1.+0.j -1.+0.j -1.+0.j  1.+0.j -1.+0.j  1.+0.j  1.+0.j -1.+0.j -1.+0.j -1.+0.j -1.+0.j
 -1.+0.j -1.+0.j -1.+0.j -1.+0.j -1.+0.j -1.+0.j -1.+0.j -1.+0.j -1.+0.j  1.+0.j -1.+0.j -1.+0.j -1.+0.j -1.+0.j
  1.+0.j  1.+0.j -1.+0.j -1.+0.j -1.+0.j  1.+0.j  1.+0.j -1.+0.j  1.+0.j  1.+0.j  1.+0.j  1.+0.j  1.+0.j  1.+0.j
 -1.+0.j  1.+0.j  1.+0.j -1.+0.j -1.+0.j -1.+0.j -1.+0.j  1.+0.j  1.+0.j -1.+0.j -1.+0.j  1.+0.j -1.+0.j  1.+0.j
  1.+0.j -1.+0.j -1.+0.j  1.+0.j -1.+0.j -1.+0.j  1.+0.j -1.+0.j  1.+0.j -1.+0.j -1.+0.j -1.+0.j  1.+0.j  1.+0.j
  1.+0.j  1.+0.j  1.+0.j  1.+0.j  1.+0.j -1.+0.j -1.+0.j  1.+0.j  1.+0.j  1.+0.j  1.+0.j  1.+0.j  1.+0.j -1.+0.j
 -1.+0.j -1.+0.j  1.+0.j -1.+0.j  1.+0.j -1.+0.j  1.+0.j  1.+0.j  1.+0.j  1.+0.j -1.+0.j  1.+0.j  1.+0.j  1.+0.j
  1.+0.j  1.+0.j  1.+0.j -1.+0.j  1.+0.j  1.+0.j -1.+0.j  1.+0.j -1.+0.j -1.+0.j  1.+0.j  1.+0.j  1.+0.j  1.+0.j
  1.+0.j -1.+0.j  1.+0.j -1.+0.j  1.+0.j -1.+0.j -1.+0.j  1.+0.j  1.+0.j -1.+0.j  1.+0.j -1.+0.j -1.+0.j  1.+0.j
  1.+0.j  1.+0.j  1.+0.j  1.+0.j  1.+0.j -1.+0.j -1.+0.j  1.+0.j -1.+0.j  1.+0.j  1.+0.j -1.+0.j -1.+0.j -1.+0.j
 -1.+0.j -1.+0.j -1.+0.j -1.+0.j -1.+0.j -1.+0.j -1.+0.j -1.+0.j -1.+0.j -1.+0.j  1.+0.j -1.+0.j -1.+0.j -1.+0.j
 -1.+0.j  1.+0.j  1.+0.j -1.+0.j -1.+0.j -1.+0.j  1.+0.j  1.+0.j -1.+0.j  1.+0.j  1.+0.j  1.+0.j  1.+0.j  1.+0.j
  1.+0.j -1.+0.j  1.+0.j  1.+0.j -1.+0.j -1.+0.j -1.+0.j -1.+0.j  1.+0.j  1.+0.j -1.+0.j -1.+0.j  1.+0.j -1.+0.j
  1.+0.j  1.+0.j -1.+0.j -1.+0.j  1.+0.j -1.+0.j -1.+0.j  1.+0.j -1.+0.j  1.+0.j -1.+0.j -1.+0.j -1.+0.j  1.+0.j
  1.+0.j  1.+0.j  1.+0.j  1.+0.j  1.+0.j  1.+0.j -1.+0.j -1.+0.j  1.+0.j  1.+0.j  1.+0.j  1.+0.j  1.+0.j  1.+0.j
 -1.+0.j -1.+0.j -1.+0.j  1.+0.j -1.+0.j  1.+0.j -1.+0.j  1.+0.j  1.+0.j  1.+0.j  1.+0.j -1.+0.j  1.+0.j  1.+0.j
  1.+0.j  1.+0.j  1.+0.j  1.+0.j -1.+0.j  1.+0.j  1.+0.j -1.+0.j  1.+0.j -1.+0.j -1.+0.j  1.+0.j  1.+0.j  1.+0.j
  1.+0.j  1.+0.j -1.+0.j  1.+0.j -1.+0.j  1.+0.j -1.+0.j -1.+0.j  1.+0.j  1.+0.j -1.+0.j  1.+0.j -1.+0.j -1.+0.j
  1.+0.j  1.+0.j  1.+0.j  1.+0.j  1.+0.j  1.+0.j -1.+0.j -1.+0.j  1.+0.j -1.+0.j  1.+0.j  1.+0.j -1.+0.j -1.+0.j
 -1.+0.j -1.+0.j -1.+0.j -1.+0.j -1.+0.j -1.+0.j -1.+0.j -1.+0.j -1.+0.j -1.+0.j -1.+0.j  1.+0.j -1.+0.j -1.+0.j
 -1.+0.j -1.+0.j  1.+0.j  1.+0.j -1.+0.j -1.+0.j -1.+0.j  1.+0.j  1.+0.j -1.+0.j  1.+0.j  1.+0.j  1.+0.j  1.+0.j
  1.+0.j  1.+0.j -1.+0.j  1.+0.j  1.+0.j -1.+0.j -1.+0.j -1.+0.j -1.+0.j  1.+0.j  1.+0.j -1.+0.j -1.+0.j  1.+0.j
 -1.+0.j  1.+0.j  1.+0.j -1.+0.j -1.+0.j  1.+0.j -1.+0.j -1.+0.j  1.+0.j -1.+0.j  1.+0.j -1.+0.j -1.+0.j -1.+0.j
  1.+0.j  1.+0.j  1.+0.j  1.+0.j  1.+0.j  1.+0.j  1.+0.j -1.+0.j -1.+0.j  1.+0.j  1.+0.j  1.+0.j  1.+0.j  1.+0.j
  1.+0.j -1.+0.j -1.+0.j -1.+0.j  1.+0.j -1.+0.j  1.+0.j -1.+0.j  1.+0.j  1.+0.j  1.+0.j  1.+0.j -1.+0.j  1.+0.j
  1.+0.j  1.+0.j  1.+0.j  1.+0.j  1.+0.j -1.+0.j  1.+0.j  1.+0.j -1.+0.j  1.+0.j -1.+0.j -1.+0.j  1.+0.j  1.+0.j
  1.+0.j  1.+0.j  1.+0.j -1.+0.j  1.+0.j -1.+0.j  1.+0.j -1.+0.j -1.+0.j  1.+0.j  1.+0.j -1.+0.j  1.+0.j -1.+0.j
 -1.+0.j  1.+0.j  1.+0.j  1.+0.j  1.+0.j  1.+0.j  1.+0.j -1.+0.j -1.+0.j  1.+0.j -1.+0.j  1.+0.j  1.+0.j -1.+0.j
  1.-0.j  1.-0.j  1.-0.j  1.-0.j  1.-0.j  1.-0.j  1.-0.j  1.-0.j  1.-0.j  1.-0.j  1.-0.j  1.-0.j -1.+0.j  1.-0.j
  1.-0.j  1.-0.j  1.-0.j -1.+0.j -1.+0.j  1.-0.j  1.-0.j  1.-0.j -1.+0.j -1.+0.j  1.-0.j -1.+0.j -1.+0.j -1.+0.j
 -1.+0.j -1.+0.j -1.+0.j  1.-0.j -1.+0.j -1.+0.j  1.-0.j  1.-0.j  1.-0.j  1.-0.j -1.+0.j -1.+0.j  1.-0.j  1.-0.j
 -1.+0.j  1.-0.j -1.+0.j -1.+0.j  1.-0.j  1.-0.j -1.+0.j  1.-0.j  1.-0.j -1.+0.j  1.-0.j -1.+0.j  1.-0.j  1.-0.j
  1.-0.j -1.+0.j -1.+0.j -1.+0.j -1.+0.j -1.+0.j -1.+0.j -1.+0.j  1.-0.j  1.-0.j -1.+0.j -1.+0.j -1.+0.j -1.+0.j
 -1.+0.j -1.+0.j  1.-0.j  1.-0.j  1.-0.j -1.+0.j  1.-0.j -1.+0.j  1.-0.j -1.+0.j -1.+0.j -1.+0.j -1.+0.j  1.-0.j
 -1.+0.j -1.+0.j -1.+0.j -1.+0.j -1.+0.j -1.+0.j  1.-0.j -1.+0.j -1.+0.j  1.-0.j -1.+0.j  1.-0.j  1.-0.j -1.+0.j
 -1.+0.j -1.+0.j -1.+0.j -1.+0.j  1.-0.j -1.+0.j  1.-0.j -1.+0.j  1.-0.j  1.-0.j -1.+0.j -1.+0.j  1.-0.j -1.+0.j
  1.-0.j  1.-0.j -1.+0.j -1.+0.j -1.+0.j -1.+0.j -1.+0.j -1.+0.j  1.-0.j  1.-0.j -1.+0.j  1.-0.j -1.+0.j -1.+0.j
  1.-0.j  1.-0.j  1.-0.j  1.-0.j  1.-0.j  1.-0.j  1.-0.j  1.-0.j  1.-0.j  1.-0.j  1.-0.j  1.-0.j  1.-0.j -1.+0.j
  1.-0.j  1.-0.j  1.-0.j  1.-0.j -1.+0.j -1.+0.j  1.-0.j  1.-0.j  1.-0.j -1.+0.j -1.+0.j  1.-0.j -1.+0.j -1.+0.j
 -1.+0.j -1.+0.j -1.+0.j -1.+0.j  1.-0.j -1.+0.j -1.+0.j  1.-0.j  1.-0.j  1.-0.j  1.-0.j -1.+0.j -1.+0.j  1.-0.j
  1.-0.j -1.+0.j  1.-0.j -1.+0.j -1.+0.j  1.-0.j  1.-0.j -1.+0.j  1.-0.j  1.-0.j -1.+0.j  1.-0.j -1.+0.j  1.-0.j
  1.-0.j  1.-0.j -1.+0.j -1.+0.j -1.+0.j -1.+0.j -1.+0.j -1.+0.j -1.+0.j  1.-0.j  1.-0.j -1.+0.j -1.+0.j -1.+0.j
 -1.+0.j -1.+0.j -1.+0.j  1.-0.j  1.-0.j  1.-0.j -1.+0.j  1.-0.j -1.+0.j  1.-0.j -1.+0.j -1.+0.j -1.+0.j -1.+0.j
  1.-0.j -1.+0.j -1.+0.j -1.+0.j -1.+0.j -1.+0.j -1.+0.j  1.-0.j -1.+0.j -1.+0.j  1.-0.j -1.+0.j  1.-0.j  1.-0.j
 -1.+0.j -1.+0.j -1.+0.j -1.+0.j -1.+0.j  1.-0.j -1.+0.j  1.-0.j -1.+0.j  1.-0.j  1.-0.j -1.+0.j -1.+0.j  1.-0.j
 -1.+0.j  1.-0.j  1.-0.j -1.+0.j -1.+0.j -1.+0.j -1.+0.j -1.+0.j -1.+0.j  1.-0.j  1.-0.j -1.+0.j  1.-0.j -1.+0.j
 -1.+0.j  1.-0.j  1.-0.j  1.-0.j  1.-0.j  1.-0.j  1.-0.j  1.-0.j  1.-0.j  1.-0.j  1.-0.j  1.-0.j  1.-0.j  1.-0.j
 -1.+0.j  1.-0.j  1.-0.j  1.-0.j  1.-0.j -1.+0.j -1.+0.j  1.-0.j  1.-0.j  1.-0.j -1.+0.j -1.+0.j  1.-0.j -1.+0.j
 -1.+0.j -1.+0.j -1.+0.j -1.+0.j -1.+0.j  1.-0.j -1.+0.j -1.+0.j  1.-0.j  1.-0.j  1.-0.j  1.-0.j -1.+0.j -1.+0.j
  1.-0.j  1.-0.j -1.+0.j  1.-0.j -1.+0.j -1.+0.j  1.-0.j  1.-0.j -1.+0.j  1.-0.j  1.-0.j -1.+0.j  1.-0.j -1.+0.j
  1.-0.j  1.-0.j  1.-0.j -1.+0.j -1.+0.j -1.+0.j -1.+0.j -1.+0.j -1.+0.j -1.+0.j  1.-0.j  1.-0.j -1.+0.j -1.+0.j
 -1.+0.j -1.+0.j -1.+0.j -1.+0.j  1.-0.j  1.-0.j  1.-0.j -1.+0.j  1.-0.j -1.+0.j  1.-0.j -1.+0.j -1.+0.j -1.+0.j
 -1.+0.j  1.-0.j -1.+0.j -1.+0.j -1.+0.j -1.+0.j -1.+0.j -1.+0.j  1.-0.j -1.+0.j -1.+0.j  1.-0.j -1.+0.j  1.-0.j
  1.-0.j -1.+0.j -1.+0.j -1.+0.j -1.+0.j -1.+0.j  1.-0.j -1.+0.j  1.-0.j -1.+0.j  1.-0.j  1.-0.j -1.+0.j -1.+0.j
  1.-0.j -1.+0.j  1.-0.j  1.-0.j -1.+0.j -1.+0.j -1.+0.j -1.+0.j -1.+0.j -1.+0.j  1.-0.j  1.-0.j -1.+0.j  1.-0.j
 -1.+0.j -1.+0.j  1.-0.j  1.-0.j  1.-0.j  1.-0.j  1.-0.j  1.-0.j  1.-0.j  1.-0.j  1.-0.j  1.-0.j  1.-0.j  1.-0.j
  1.-0.j -1.+0.j  1.-0.j  1.-0.j  1.-0.j  1.-0.j -1.+0.j -1.+0.j  1.-0.j  1.-0.j  1.-0.j -1.+0.j -1.+0.j  1.-0.j
 -1.+0.j -1.+0.j -1.+0.j -1.+0.j -1.+0.j -1.+0.j  1.-0.j -1.+0.j -1.+0.j  1.-0.j  1.-0.j  1.-0.j  1.-0.j -1.+0.j
 -1.+0.j  1.-0.j  1.-0.j -1.+0.j  1.-0.j -1.+0.j -1.+0.j  1.-0.j  1.-0.j -1.+0.j  1.-0.j  1.-0.j -1.+0.j  1.-0.j
 -1.+0.j  1.-0.j  1.-0.j  1.-0.j -1.+0.j -1.+0.j -1.+0.j -1.+0.j -1.+0.j -1.+0.j -1.+0.j  1.-0.j  1.-0.j -1.+0.j
 -1.+0.j -1.+0.j -1.+0.j -1.+0.j -1.+0.j  1.-0.j  1.-0.j  1.-0.j -1.+0.j  1.-0.j -1.+0.j  1.-0.j -1.+0.j -1.+0.j
 -1.+0.j -1.+0.j  1.-0.j -1.+0.j -1.+0.j -1.+0.j -1.+0.j -1.+0.j -1.+0.j  1.-0.j -1.+0.j -1.+0.j  1.-0.j -1.+0.j
  1.-0.j  1.-0.j -1.+0.j -1.+0.j -1.+0.j -1.+0.j -1.+0.j  1.-0.j -1.+0.j  1.-0.j -1.+0.j  1.-0.j  1.-0.j -1.+0.j
 -1.+0.j  1.-0.j -1.+0.j  1.-0.j  1.-0.j -1.+0.j -1.+0.j -1.+0.j -1.+0.j -1.+0.j -1.+0.j  1.-0.j  1.-0.j -1.+0.j
  1.-0.j -1.+0.j -1.+0.j  1.-0.j -1.+0.j -1.+0.j -1.+0.j -1.+0.j -1.+0.j -1.+0.j -1.+0.j -1.+0.j -1.+0.j -1.+0.j
 -1.+0.j -1.+0.j  1.+0.j -1.+0.j -1.+0.j -1.+0.j -1.+0.j  1.+0.j  1.+0.j -1.+0.j -1.+0.j -1.+0.j  1.+0.j  1.+0.j
 -1.+0.j  1.+0.j  1.+0.j  1.+0.j  1.+0.j  1.+0.j  1.+0.j -1.+0.j  1.+0.j  1.+0.j -1.+0.j -1.+0.j -1.+0.j -1.+0.j
  1.+0.j  1.+0.j -1.+0.j -1.+0.j  1.+0.j -1.+0.j  1.+0.j  1.+0.j -1.+0.j -1.+0.j  1.+0.j -1.+0.j -1.+0.j  1.+0.j
 -1.+0.j  1.+0.j -1.+0.j -1.+0.j -1.+0.j  1.+0.j  1.+0.j  1.+0.j  1.+0.j  1.+0.j  1.+0.j  1.+0.j -1.+0.j -1.+0.j
  1.+0.j  1.+0.j  1.+0.j  1.+0.j  1.+0.j  1.+0.j -1.+0.j -1.+0.j -1.+0.j  1.+0.j -1.+0.j  1.+0.j -1.+0.j  1.+0.j
  1.+0.j  1.+0.j  1.+0.j -1.+0.j  1.+0.j  1.+0.j  1.+0.j  1.+0.j  1.+0.j  1.+0.j -1.+0.j  1.+0.j  1.+0.j -1.+0.j
  1.+0.j -1.+0.j -1.+0.j  1.+0.j  1.+0.j  1.+0.j  1.+0.j  1.+0.j -1.+0.j  1.+0.j -1.+0.j  1.+0.j -1.+0.j -1.+0.j
  1.+0.j  1.+0.j -1.+0.j  1.+0.j -1.+0.j -1.+0.j  1.+0.j  1.+0.j  1.+0.j  1.+0.j  1.+0.j  1.+0.j -1.+0.j -1.+0.j
  1.+0.j -1.+0.j  1.+0.j  1.+0.j -1.+0.j -1.+0.j -1.+0.j -1.+0.j -1.+0.j -1.+0.j -1.+0.j -1.+0.j -1.+0.j -1.+0.j
 -1.+0.j -1.+0.j -1.+0.j  1.+0.j -1.+0.j -1.+0.j -1.+0.j -1.+0.j  1.+0.j  1.+0.j -1.+0.j -1.+0.j -1.+0.j  1.+0.j
  1.+0.j -1.+0.j  1.+0.j  1.+0.j  1.+0.j  1.+0.j  1.+0.j  1.+0.j -1.+0.j  1.+0.j  1.+0.j -1.+0.j -1.+0.j -1.+0.j
 -1.+0.j  1.+0.j  1.+0.j -1.+0.j -1.+0.j  1.+0.j -1.+0.j  1.+0.j  1.+0.j -1.+0.j -1.+0.j  1.+0.j -1.+0.j -1.+0.j
  1.+0.j -1.+0.j  1.+0.j -1.+0.j -1.+0.j -1.+0.j  1.+0.j  1.+0.j  1.+0.j  1.+0.j  1.+0.j  1.+0.j  1.+0.j -1.+0.j
 -1.+0.j  1.+0.j  1.+0.j  1.+0.j  1.+0.j  1.+0.j  1.+0.j -1.+0.j -1.+0.j -1.+0.j  1.+0.j -1.+0.j  1.+0.j -1.+0.j
  1.+0.j  1.+0.j  1.+0.j  1.+0.j -1.+0.j  1.+0.j  1.+0.j  1.+0.j  1.+0.j  1.+0.j  1.+0.j -1.+0.j  1.+0.j  1.+0.j
 -1.+0.j  1.+0.j -1.+0.j -1.+0.j  1.+0.j  1.+0.j  1.+0.j  1.+0.j  1.+0.j -1.+0.j  1.+0.j -1.+0.j  1.+0.j -1.+0.j
 -1.+0.j  1.+0.j  1.+0.j -1.+0.j  1.+0.j -1.+0.j -1.+0.j  1.+0.j  1.+0.j  1.+0.j  1.+0.j  1.+0.j  1.+0.j -1.+0.j
 -1.+0.j  1.+0.j -1.+0.j  1.+0.j  1.+0.j -1.+0.j  1.-0.j  1.-0.j  1.-0.j  1.-0.j  1.-0.j  1.-0.j  1.-0.j  1.-0.j
  1.-0.j  1.-0.j  1.-0.j  1.-0.j -1.+0.j  1.-0.j  1.-0.j  1.-0.j  1.-0.j -1.+0.j -1.+0.j  1.-0.j  1.-0.j  1.-0.j
 -1.+0.j -1.+0.j  1.-0.j -1.+0.j -1.+0.j -1.+0.j -1.+0.j -1.+0.j -1.+0.j  1.-0.j -1.+0.j -1.+0.j  1.-0.j  1.-0.j
  1.-0.j  1.-0.j -1.+0.j -1.+0.j  1.-0.j  1.-0.j -1.+0.j  1.-0.j -1.+0.j -1.+0.j  1.-0.j  1.-0.j -1.+0.j  1.-0.j
  1.-0.j -1.+0.j  1.-0.j -1.+0.j  1.-0.j  1.-0.j  1.-0.j -1.+0.j -1.+0.j -1.+0.j -1.+0.j -1.+0.j -1.+0.j -1.+0.j
  1.-0.j  1.-0.j -1.+0.j -1.+0.j -1.+0.j -1.+0.j -1.+0.j -1.+0.j  1.-0.j  1.-0.j  1.-0.j -1.+0.j  1.-0.j -1.+0.j
  1.-0.j -1.+0.j -1.+0.j -1.+0.j -1.+0.j  1.-0.j -1.+0.j -1.+0.j -1.+0.j -1.+0.j -1.+0.j -1.+0.j  1.-0.j -1.+0.j
 -1.+0.j  1.-0.j -1.+0.j  1.-0.j  1.-0.j -1.+0.j -1.+0.j -1.+0.j -1.+0.j -1.+0.j  1.-0.j -1.+0.j  1.-0.j -1.+0.j
  1.-0.j  1.-0.j -1.+0.j -1.+0.j  1.-0.j -1.+0.j  1.-0.j  1.-0.j -1.+0.j -1.+0.j -1.+0.j -1.+0.j -1.+0.j -1.+0.j
  1.-0.j  1.-0.j -1.+0.j  1.-0.j -1.+0.j -1.+0.j  1.-0.j -1.+0.j -1.+0.j -1.+0.j -1.+0.j -1.+0.j -1.+0.j -1.+0.j
 -1.+0.j -1.+0.j -1.+0.j -1.+0.j -1.+0.j  1.+0.j -1.+0.j -1.+0.j -1.+0.j -1.+0.j  1.+0.j  1.+0.j -1.+0.j -1.+0.j
 -1.+0.j  1.+0.j  1.+0.j -1.+0.j  1.+0.j  1.+0.j  1.+0.j  1.+0.j  1.+0.j  1.+0.j -1.+0.j  1.+0.j  1.+0.j -1.+0.j
 -1.+0.j -1.+0.j -1.+0.j  1.+0.j  1.+0.j -1.+0.j -1.+0.j  1.+0.j -1.+0.j  1.+0.j  1.+0.j -1.+0.j -1.+0.j  1.+0.j
 -1.+0.j -1.+0.j  1.+0.j -1.+0.j  1.+0.j -1.+0.j -1.+0.j -1.+0.j  1.+0.j  1.+0.j  1.+0.j  1.+0.j  1.+0.j  1.+0.j
  1.+0.j -1.+0.j -1.+0.j  1.+0.j  1.+0.j  1.+0.j  1.+0.j  1.+0.j  1.+0.j -1.+0.j -1.+0.j -1.+0.j  1.+0.j -1.+0.j
  1.+0.j -1.+0.j  1.+0.j  1.+0.j  1.+0.j  1.+0.j -1.+0.j  1.+0.j  1.+0.j  1.+0.j  1.+0.j  1.+0.j  1.+0.j -1.+0.j
  1.+0.j  1.+0.j -1.+0.j  1.+0.j -1.+0.j -1.+0.j  1.+0.j  1.+0.j  1.+0.j  1.+0.j  1.+0.j -1.+0.j  1.+0.j -1.+0.j
  1.+0.j -1.+0.j -1.+0.j  1.+0.j  1.+0.j -1.+0.j  1.+0.j -1.+0.j -1.+0.j  1.+0.j  1.+0.j  1.+0.j  1.+0.j  1.+0.j
  1.+0.j -1.+0.j -1.+0.j  1.+0.j -1.+0.j  1.+0.j  1.+0.j -1.+0.j]
2025-08-29 12:03:55 [INFO] Processing 4572 samples from tag 0
2025-08-29 12:03:56 [INFO] Expected number of bits: 36
2025-08-29 12:05:21 [DEBUG] **** New run with CLI arguments: Namespace(source='sim', file=None, verbose=3, n_tags=1)
2025-08-29 12:05:21 [DEBUG] Generating simulated samples for 1 tags
2025-08-29 12:05:21 [INFO] simulated packet metadata: SimulatedPacket(tag_id=0, preamble_bits=[], sync_bits=[], payload_bits=array([1, 0]), sps=1, all_bits=array([1., 0.]), goldcode=array([-1, -1, -1, -1, -1, -1, -1, -1, -1, -1, -1, -1,  1, -1, -1, -1, -1,  1,  1, -1, -1, -1,  1,  1, -1,  1,  1,  1,
        1,  1,  1, -1,  1,  1, -1, -1, -1, -1,  1,  1, -1, -1,  1, -1,  1,  1, -1, -1,  1, -1, -1,  1, -1,  1, -1, -1,
       -1,  1,  1,  1,  1,  1,  1,  1, -1, -1,  1,  1,  1,  1,  1,  1, -1, -1, -1,  1, -1,  1, -1,  1,  1,  1,  1, -1,
        1,  1,  1,  1,  1,  1, -1,  1,  1, -1,  1, -1, -1,  1,  1,  1,  1,  1, -1,  1, -1,  1, -1, -1,  1,  1, -1,  1,
       -1, -1,  1,  1,  1,  1,  1,  1, -1, -1,  1, -1,  1,  1, -1]), samples=None, snr_db=15.0, frequency_offset_hz=500.0, time_delay_sec=0.002)
2025-08-29 12:05:21 [INFO] Packet to demod: [-1.+0.j -1.+0.j -1.+0.j -1.+0.j -1.+0.j -1.+0.j -1.+0.j -1.+0.j -1.+0.j -1.+0.j -1.+0.j -1.+0.j  1.+0.j -1.+0.j
 -1.+0.j -1.+0.j -1.+0.j  1.+0.j  1.+0.j -1.+0.j -1.+0.j -1.+0.j  1.+0.j  1.+0.j -1.+0.j  1.+0.j  1.+0.j  1.+0.j
  1.+0.j  1.+0.j  1.+0.j -1.+0.j  1.+0.j  1.+0.j -1.+0.j -1.+0.j -1.+0.j -1.+0.j  1.+0.j  1.+0.j -1.+0.j -1.+0.j
  1.+0.j -1.+0.j  1.+0.j  1.+0.j -1.+0.j -1.+0.j  1.+0.j -1.+0.j -1.+0.j  1.+0.j -1.+0.j  1.+0.j -1.+0.j -1.+0.j
 -1.+0.j  1.+0.j  1.+0.j  1.+0.j  1.+0.j  1.+0.j  1.+0.j  1.+0.j -1.+0.j -1.+0.j  1.+0.j  1.+0.j  1.+0.j  1.+0.j
  1.+0.j  1.+0.j -1.+0.j -1.+0.j -1.+0.j  1.+0.j -1.+0.j  1.+0.j -1.+0.j  1.+0.j  1.+0.j  1.+0.j  1.+0.j -1.+0.j
  1.+0.j  1.+0.j  1.+0.j  1.+0.j  1.+0.j  1.+0.j -1.+0.j  1.+0.j  1.+0.j -1.+0.j  1.+0.j -1.+0.j -1.+0.j  1.+0.j
  1.+0.j  1.+0.j  1.+0.j  1.+0.j -1.+0.j  1.+0.j -1.+0.j  1.+0.j -1.+0.j -1.+0.j  1.+0.j  1.+0.j -1.+0.j  1.+0.j
 -1.+0.j -1.+0.j  1.+0.j  1.+0.j  1.+0.j  1.+0.j  1.+0.j  1.+0.j -1.+0.j -1.+0.j  1.+0.j -1.+0.j  1.+0.j  1.+0.j
 -1.+0.j  1.-0.j  1.-0.j  1.-0.j  1.-0.j  1.-0.j  1.-0.j  1.-0.j  1.-0.j  1.-0.j  1.-0.j  1.-0.j  1.-0.j -1.+0.j
  1.-0.j  1.-0.j  1.-0.j  1.-0.j -1.+0.j -1.+0.j  1.-0.j  1.-0.j  1.-0.j -1.+0.j -1.+0.j  1.-0.j -1.+0.j -1.+0.j
 -1.+0.j -1.+0.j -1.+0.j -1.+0.j  1.-0.j -1.+0.j -1.+0.j  1.-0.j  1.-0.j  1.-0.j  1.-0.j -1.+0.j -1.+0.j  1.-0.j
  1.-0.j -1.+0.j  1.-0.j -1.+0.j -1.+0.j  1.-0.j  1.-0.j -1.+0.j  1.-0.j  1.-0.j -1.+0.j  1.-0.j -1.+0.j  1.-0.j
  1.-0.j  1.-0.j -1.+0.j -1.+0.j -1.+0.j -1.+0.j -1.+0.j -1.+0.j -1.+0.j  1.-0.j  1.-0.j -1.+0.j -1.+0.j -1.+0.j
 -1.+0.j -1.+0.j -1.+0.j  1.-0.j  1.-0.j  1.-0.j -1.+0.j  1.-0.j -1.+0.j  1.-0.j -1.+0.j -1.+0.j -1.+0.j -1.+0.j
  1.-0.j -1.+0.j -1.+0.j -1.+0.j -1.+0.j -1.+0.j -1.+0.j  1.-0.j -1.+0.j -1.+0.j  1.-0.j -1.+0.j  1.-0.j  1.-0.j
 -1.+0.j -1.+0.j -1.+0.j -1.+0.j -1.+0.j  1.-0.j -1.+0.j  1.-0.j -1.+0.j  1.-0.j  1.-0.j -1.+0.j -1.+0.j  1.-0.j
 -1.+0.j  1.-0.j  1.-0.j -1.+0.j -1.+0.j -1.+0.j -1.+0.j -1.+0.j -1.+0.j  1.-0.j  1.-0.j -1.+0.j  1.-0.j -1.+0.j
 -1.+0.j  1.-0.j]
2025-08-29 12:05:21 [INFO] Processing 254 samples from tag 0
2025-08-29 12:05:21 [INFO] Expected number of bits: 2
2025-08-29 12:05:42 [DEBUG] **** New run with CLI arguments: Namespace(source='sim', file=None, verbose=3, n_tags=1)
2025-08-29 12:05:42 [DEBUG] Generating simulated samples for 1 tags
2025-08-29 12:05:42 [INFO] simulated packet metadata: SimulatedPacket(tag_id=0, preamble_bits=[], sync_bits=[], payload_bits=array([1, 0]), sps=2, all_bits=array([1., 0.]), goldcode=array([-1, -1, -1, -1, -1, -1, -1, -1, -1, -1, -1, -1,  1, -1, -1, -1, -1,  1,  1, -1, -1, -1,  1,  1, -1,  1,  1,  1,
        1,  1,  1, -1,  1,  1, -1, -1, -1, -1,  1,  1, -1, -1,  1, -1,  1,  1, -1, -1,  1, -1, -1,  1, -1,  1, -1, -1,
       -1,  1,  1,  1,  1,  1,  1,  1, -1, -1,  1,  1,  1,  1,  1,  1, -1, -1, -1,  1, -1,  1, -1,  1,  1,  1,  1, -1,
        1,  1,  1,  1,  1,  1, -1,  1,  1, -1,  1, -1, -1,  1,  1,  1,  1,  1, -1,  1, -1,  1, -1, -1,  1,  1, -1,  1,
       -1, -1,  1,  1,  1,  1,  1,  1, -1, -1,  1, -1,  1,  1, -1]), samples=None, snr_db=15.0, frequency_offset_hz=500.0, time_delay_sec=0.002)
2025-08-29 12:05:42 [INFO] Packet to demod: [-1.+0.j -1.+0.j -1.+0.j -1.+0.j -1.+0.j -1.+0.j -1.+0.j -1.+0.j -1.+0.j -1.+0.j -1.+0.j -1.+0.j -1.+0.j -1.+0.j
 -1.+0.j -1.+0.j -1.+0.j -1.+0.j -1.+0.j -1.+0.j -1.+0.j -1.+0.j -1.+0.j -1.+0.j  1.+0.j  1.+0.j -1.+0.j -1.+0.j
 -1.+0.j -1.+0.j -1.+0.j -1.+0.j -1.+0.j -1.+0.j  1.+0.j  1.+0.j  1.+0.j  1.+0.j -1.+0.j -1.+0.j -1.+0.j -1.+0.j
 -1.+0.j -1.+0.j  1.+0.j  1.+0.j  1.+0.j  1.+0.j -1.+0.j -1.+0.j  1.+0.j  1.+0.j  1.+0.j  1.+0.j  1.+0.j  1.+0.j
  1.+0.j  1.+0.j  1.+0.j  1.+0.j  1.+0.j  1.+0.j -1.+0.j -1.+0.j  1.+0.j  1.+0.j  1.+0.j  1.+0.j -1.+0.j -1.+0.j
 -1.+0.j -1.+0.j -1.+0.j -1.+0.j -1.+0.j -1.+0.j  1.+0.j  1.+0.j  1.+0.j  1.+0.j -1.+0.j -1.+0.j -1.+0.j -1.+0.j
  1.+0.j  1.+0.j -1.+0.j -1.+0.j  1.+0.j  1.+0.j  1.+0.j  1.+0.j -1.+0.j -1.+0.j -1.+0.j -1.+0.j  1.+0.j  1.+0.j
 -1.+0.j -1.+0.j -1.+0.j -1.+0.j  1.+0.j  1.+0.j -1.+0.j -1.+0.j  1.+0.j  1.+0.j -1.+0.j -1.+0.j -1.+0.j -1.+0.j
 -1.+0.j -1.+0.j  1.+0.j  1.+0.j  1.+0.j  1.+0.j  1.+0.j  1.+0.j  1.+0.j  1.+0.j  1.+0.j  1.+0.j  1.+0.j  1.+0.j
  1.+0.j  1.+0.j -1.+0.j -1.+0.j -1.+0.j -1.+0.j  1.+0.j  1.+0.j  1.+0.j  1.+0.j  1.+0.j  1.+0.j  1.+0.j  1.+0.j
  1.+0.j  1.+0.j  1.+0.j  1.+0.j -1.+0.j -1.+0.j -1.+0.j -1.+0.j -1.+0.j -1.+0.j  1.+0.j  1.+0.j -1.+0.j -1.+0.j
  1.+0.j  1.+0.j -1.+0.j -1.+0.j  1.+0.j  1.+0.j  1.+0.j  1.+0.j  1.+0.j  1.+0.j  1.+0.j  1.+0.j -1.+0.j -1.+0.j
  1.+0.j  1.+0.j  1.+0.j  1.+0.j  1.+0.j  1.+0.j  1.+0.j  1.+0.j  1.+0.j  1.+0.j  1.+0.j  1.+0.j -1.+0.j -1.+0.j
  1.+0.j  1.+0.j  1.+0.j  1.+0.j -1.+0.j -1.+0.j  1.+0.j  1.+0.j -1.+0.j -1.+0.j -1.+0.j -1.+0.j  1.+0.j  1.+0.j
  1.+0.j  1.+0.j  1.+0.j  1.+0.j  1.+0.j  1.+0.j  1.+0.j  1.+0.j -1.+0.j -1.+0.j  1.+0.j  1.+0.j -1.+0.j -1.+0.j
  1.+0.j  1.+0.j -1.+0.j -1.+0.j -1.+0.j -1.+0.j  1.+0.j  1.+0.j  1.+0.j  1.+0.j -1.+0.j -1.+0.j  1.+0.j  1.+0.j
 -1.+0.j -1.+0.j -1.+0.j -1.+0.j  1.+0.j  1.+0.j  1.+0.j  1.+0.j  1.+0.j  1.+0.j  1.+0.j  1.+0.j  1.+0.j  1.+0.j
  1.+0.j  1.+0.j -1.+0.j -1.+0.j -1.+0.j -1.+0.j  1.+0.j  1.+0.j -1.+0.j -1.+0.j  1.+0.j  1.+0.j  1.+0.j  1.+0.j
 -1.+0.j -1.+0.j  1.-0.j  1.-0.j  1.-0.j  1.-0.j  1.-0.j  1.-0.j  1.-0.j  1.-0.j  1.-0.j  1.-0.j  1.-0.j  1.-0.j
  1.-0.j  1.-0.j  1.-0.j  1.-0.j  1.-0.j  1.-0.j  1.-0.j  1.-0.j  1.-0.j  1.-0.j  1.-0.j  1.-0.j -1.+0.j -1.+0.j
  1.-0.j  1.-0.j  1.-0.j  1.-0.j  1.-0.j  1.-0.j  1.-0.j  1.-0.j -1.+0.j -1.+0.j -1.+0.j -1.+0.j  1.-0.j  1.-0.j
  1.-0.j  1.-0.j  1.-0.j  1.-0.j -1.+0.j -1.+0.j -1.+0.j -1.+0.j  1.-0.j  1.-0.j -1.+0.j -1.+0.j -1.+0.j -1.+0.j
 -1.+0.j -1.+0.j -1.+0.j -1.+0.j -1.+0.j -1.+0.j -1.+0.j -1.+0.j  1.-0.j  1.-0.j -1.+0.j -1.+0.j -1.+0.j -1.+0.j
  1.-0.j  1.-0.j  1.-0.j  1.-0.j  1.-0.j  1.-0.j  1.-0.j  1.-0.j -1.+0.j -1.+0.j -1.+0.j -1.+0.j  1.-0.j  1.-0.j
  1.-0.j  1.-0.j -1.+0.j -1.+0.j  1.-0.j  1.-0.j -1.+0.j -1.+0.j -1.+0.j -1.+0.j  1.-0.j  1.-0.j  1.-0.j  1.-0.j
 -1.+0.j -1.+0.j  1.-0.j  1.-0.j  1.-0.j  1.-0.j -1.+0.j -1.+0.j  1.-0.j  1.-0.j -1.+0.j -1.+0.j  1.-0.j  1.-0.j
  1.-0.j  1.-0.j  1.-0.j  1.-0.j -1.+0.j -1.+0.j -1.+0.j -1.+0.j -1.+0.j -1.+0.j -1.+0.j -1.+0.j -1.+0.j -1.+0.j
 -1.+0.j -1.+0.j -1.+0.j -1.+0.j  1.-0.j  1.-0.j  1.-0.j  1.-0.j -1.+0.j -1.+0.j -1.+0.j -1.+0.j -1.+0.j -1.+0.j
 -1.+0.j -1.+0.j -1.+0.j -1.+0.j -1.+0.j -1.+0.j  1.-0.j  1.-0.j  1.-0.j  1.-0.j  1.-0.j  1.-0.j -1.+0.j -1.+0.j
  1.-0.j  1.-0.j -1.+0.j -1.+0.j  1.-0.j  1.-0.j -1.+0.j -1.+0.j -1.+0.j -1.+0.j -1.+0.j -1.+0.j -1.+0.j -1.+0.j
  1.-0.j  1.-0.j -1.+0.j -1.+0.j -1.+0.j -1.+0.j -1.+0.j -1.+0.j -1.+0.j -1.+0.j -1.+0.j -1.+0.j -1.+0.j -1.+0.j
  1.-0.j  1.-0.j -1.+0.j -1.+0.j -1.+0.j -1.+0.j  1.-0.j  1.-0.j -1.+0.j -1.+0.j  1.-0.j  1.-0.j  1.-0.j  1.-0.j
 -1.+0.j -1.+0.j -1.+0.j -1.+0.j -1.+0.j -1.+0.j -1.+0.j -1.+0.j -1.+0.j -1.+0.j  1.-0.j  1.-0.j -1.+0.j -1.+0.j
  1.-0.j  1.-0.j -1.+0.j -1.+0.j  1.-0.j  1.-0.j  1.-0.j  1.-0.j -1.+0.j -1.+0.j -1.+0.j -1.+0.j  1.-0.j  1.-0.j
 -1.+0.j -1.+0.j  1.-0.j  1.-0.j  1.-0.j  1.-0.j -1.+0.j -1.+0.j -1.+0.j -1.+0.j -1.+0.j -1.+0.j -1.+0.j -1.+0.j
 -1.+0.j -1.+0.j -1.+0.j -1.+0.j  1.-0.j  1.-0.j  1.-0.j  1.-0.j -1.+0.j -1.+0.j  1.-0.j  1.-0.j -1.+0.j -1.+0.j
 -1.+0.j -1.+0.j  1.-0.j  1.-0.j]
2025-08-29 12:05:42 [INFO] Processing 508 samples from tag 0
2025-08-29 12:05:42 [INFO] Expected number of bits: 2
2025-08-29 12:06:42 [DEBUG] **** New run with CLI arguments: Namespace(source='sim', file=None, verbose=3, n_tags=1)
2025-08-29 12:06:42 [DEBUG] Generating simulated samples for 1 tags
2025-08-29 12:06:42 [INFO] simulated packet metadata: SimulatedPacket(tag_id=0, preamble_bits=[], sync_bits=[], payload_bits=array([1, 0]), sps=2, all_bits=array([1., 0.]), goldcode=array([-1, -1,  1, -1]), samples=None, snr_db=15.0, frequency_offset_hz=500.0, time_delay_sec=0.002)
2025-08-29 12:06:42 [INFO] Packet to demod: [-1.+0.j -1.+0.j -1.+0.j -1.+0.j  1.+0.j  1.+0.j -1.+0.j -1.+0.j  1.-0.j  1.-0.j  1.-0.j  1.-0.j -1.+0.j -1.+0.j
  1.-0.j  1.-0.j]
2025-08-29 12:06:42 [INFO] Processing 16 samples from tag 0
2025-08-29 12:07:15 [DEBUG] **** New run with CLI arguments: Namespace(source='sim', file=None, verbose=3, n_tags=1)
2025-08-29 12:07:15 [DEBUG] Generating simulated samples for 1 tags
2025-08-29 12:07:15 [INFO] simulated packet metadata: SimulatedPacket(tag_id=0, preamble_bits=[], sync_bits=[], payload_bits=array([1, 0]), sps=2, all_bits=array([1., 0.]), goldcode=array([-1, -1,  1, -1]), samples=None, snr_db=15.0, frequency_offset_hz=500.0, time_delay_sec=0.002)
2025-08-29 12:07:15 [INFO] Packet to demod: [-1.+0.j -1.+0.j -1.+0.j -1.+0.j  1.+0.j  1.+0.j -1.+0.j -1.+0.j  1.-0.j  1.-0.j  1.-0.j  1.-0.j -1.+0.j -1.+0.j
  1.-0.j  1.-0.j]
2025-08-29 12:07:15 [INFO] Processing 16 samples from tag 0
2025-08-29 12:07:15 [INFO] Expected number of bits: 2
2025-08-29 12:07:21 [DEBUG] **** New run with CLI arguments: Namespace(source='sim', file=None, verbose=3, n_tags=1)
2025-08-29 12:07:21 [DEBUG] Generating simulated samples for 1 tags
2025-08-29 12:07:21 [INFO] simulated packet metadata: SimulatedPacket(tag_id=0, preamble_bits=[], sync_bits=[], payload_bits=array([1, 0]), sps=2, all_bits=array([1., 0.]), goldcode=array([-1, -1,  1, -1]), samples=None, snr_db=15.0, frequency_offset_hz=500.0, time_delay_sec=0.002)
2025-08-29 12:07:21 [INFO] Packet to demod: [-1.+0.j -1.+0.j -1.+0.j -1.+0.j  1.+0.j  1.+0.j -1.+0.j -1.+0.j  1.-0.j  1.-0.j  1.-0.j  1.-0.j -1.+0.j -1.+0.j
  1.-0.j  1.-0.j]
2025-08-29 12:07:21 [INFO] Processing 16 samples from tag 0
2025-08-29 12:07:21 [INFO] Expected number of bits: 2
2025-08-29 12:13:04 [DEBUG] **** New run with CLI arguments: Namespace(source='sim', file=None, verbose=3, n_tags=1)
2025-08-29 12:13:04 [DEBUG] Generating simulated samples for 1 tags
2025-08-29 12:13:04 [INFO] simulated packet metadata: SimulatedPacket(tag_id=0, preamble_bits=[], sync_bits=[], payload_bits=array([1, 0]), sps=2, all_bits=array([1., 0.]), goldcode=array([-1, -1,  1, -1]), samples=None, snr_db=15.0, frequency_offset_hz=500.0, time_delay_sec=0.002)
2025-08-29 12:13:04 [INFO] Packet to demod: [-1.+0.j -1.+0.j -1.+0.j -1.+0.j  1.+0.j  1.+0.j -1.+0.j -1.+0.j  1.-0.j  1.-0.j  1.-0.j  1.-0.j -1.+0.j -1.+0.j
  1.-0.j  1.-0.j]
2025-08-29 12:13:04 [INFO] Processing 16 samples from tag 0
2025-08-29 12:13:24 [DEBUG] **** New run with CLI arguments: Namespace(source='sim', file=None, verbose=3, n_tags=1)
2025-08-29 12:13:24 [DEBUG] Generating simulated samples for 1 tags
2025-08-29 12:13:24 [INFO] simulated packet metadata: SimulatedPacket(tag_id=0, preamble_bits=[], sync_bits=[], payload_bits=array([1, 0]), sps=2, all_bits=array([1., 0.]), goldcode=array([-1, -1,  1, -1]), samples=None, snr_db=15.0, frequency_offset_hz=500.0, time_delay_sec=0.002)
2025-08-29 12:13:24 [INFO] Packet to demod: [-1.+0.j -1.+0.j -1.+0.j -1.+0.j  1.+0.j  1.+0.j -1.+0.j -1.+0.j  1.-0.j  1.-0.j  1.-0.j  1.-0.j -1.+0.j -1.+0.j
  1.-0.j  1.-0.j]
2025-08-29 12:13:24 [INFO] Processing 16 samples from tag 0
2025-08-29 12:13:24 [INFO] Expected number of bits: 2
2025-08-29 12:13:47 [DEBUG] **** New run with CLI arguments: Namespace(source='sim', file=None, verbose=3, n_tags=1)
2025-08-29 12:13:47 [DEBUG] Generating simulated samples for 1 tags
2025-08-29 12:13:47 [INFO] simulated packet metadata: SimulatedPacket(tag_id=0, preamble_bits=[], sync_bits=[], payload_bits=array([1, 0, 1, 0, 1, 0, 1, 0]), sps=2, all_bits=array([1., 0., 1., 0., 1., 0., 1., 0.]), goldcode=array([-1, -1,  1, -1]), samples=None, snr_db=15.0, frequency_offset_hz=500.0, time_delay_sec=0.002)
2025-08-29 12:13:47 [INFO] Packet to demod: [-1.+0.j -1.+0.j -1.+0.j -1.+0.j  1.+0.j  1.+0.j -1.+0.j -1.+0.j  1.-0.j  1.-0.j  1.-0.j  1.-0.j -1.+0.j -1.+0.j
  1.-0.j  1.-0.j -1.+0.j -1.+0.j -1.+0.j -1.+0.j  1.+0.j  1.+0.j -1.+0.j -1.+0.j  1.-0.j  1.-0.j  1.-0.j  1.-0.j
 -1.+0.j -1.+0.j  1.-0.j  1.-0.j -1.+0.j -1.+0.j -1.+0.j -1.+0.j  1.+0.j  1.+0.j -1.+0.j -1.+0.j  1.-0.j  1.-0.j
  1.-0.j  1.-0.j -1.+0.j -1.+0.j  1.-0.j  1.-0.j -1.+0.j -1.+0.j -1.+0.j -1.+0.j  1.+0.j  1.+0.j -1.+0.j -1.+0.j
  1.-0.j  1.-0.j  1.-0.j  1.-0.j -1.+0.j -1.+0.j  1.-0.j  1.-0.j]
2025-08-29 12:13:47 [INFO] Processing 64 samples from tag 0
2025-08-29 12:13:47 [INFO] Expected number of bits: 8
2025-08-29 12:13:47 [DEBUG] coarse freq offset: 0.0
2025-08-29 12:14:12 [DEBUG] **** New run with CLI arguments: Namespace(source='sim', file=None, verbose=3, n_tags=1)
2025-08-29 12:14:12 [DEBUG] Generating simulated samples for 1 tags
2025-08-29 12:14:12 [INFO] simulated packet metadata: SimulatedPacket(tag_id=0, preamble_bits=[], sync_bits=[], payload_bits=array([1, 0, 1, 0, 1, 0, 1, 0]), sps=2, all_bits=array([1., 0., 1., 0., 1., 0., 1., 0.]), goldcode=array([-1, -1, -1, -1, -1, -1, -1, -1, -1, -1, -1, -1,  1, -1, -1, -1, -1,  1,  1, -1, -1, -1,  1,  1, -1,  1,  1,  1,
        1,  1,  1, -1,  1,  1, -1, -1, -1, -1,  1,  1, -1, -1,  1, -1,  1,  1, -1, -1,  1, -1, -1,  1, -1,  1, -1, -1,
       -1,  1,  1,  1,  1,  1,  1,  1, -1, -1,  1,  1,  1,  1,  1,  1, -1, -1, -1,  1, -1,  1, -1,  1,  1,  1,  1, -1,
        1,  1,  1,  1,  1,  1, -1,  1,  1, -1,  1, -1, -1,  1,  1,  1,  1,  1, -1,  1, -1,  1, -1, -1,  1,  1, -1,  1,
       -1, -1,  1,  1,  1,  1,  1,  1, -1, -1,  1, -1,  1,  1, -1]), samples=None, snr_db=15.0, frequency_offset_hz=500.0, time_delay_sec=0.002)
2025-08-29 12:14:12 [INFO] Packet to demod: [-1.+0.j -1.+0.j -1.+0.j -1.+0.j -1.+0.j -1.+0.j -1.+0.j -1.+0.j -1.+0.j -1.+0.j -1.+0.j -1.+0.j -1.+0.j -1.+0.j
 -1.+0.j -1.+0.j -1.+0.j -1.+0.j -1.+0.j -1.+0.j -1.+0.j -1.+0.j -1.+0.j -1.+0.j  1.+0.j  1.+0.j -1.+0.j -1.+0.j
 -1.+0.j -1.+0.j -1.+0.j -1.+0.j -1.+0.j -1.+0.j  1.+0.j  1.+0.j  1.+0.j  1.+0.j -1.+0.j -1.+0.j -1.+0.j -1.+0.j
 -1.+0.j -1.+0.j  1.+0.j  1.+0.j  1.+0.j  1.+0.j -1.+0.j -1.+0.j  1.+0.j  1.+0.j  1.+0.j  1.+0.j  1.+0.j  1.+0.j
  1.+0.j  1.+0.j  1.+0.j  1.+0.j  1.+0.j  1.+0.j -1.+0.j -1.+0.j  1.+0.j  1.+0.j  1.+0.j  1.+0.j -1.+0.j -1.+0.j
 -1.+0.j -1.+0.j -1.+0.j -1.+0.j -1.+0.j -1.+0.j  1.+0.j  1.+0.j  1.+0.j  1.+0.j -1.+0.j -1.+0.j -1.+0.j -1.+0.j
  1.+0.j  1.+0.j -1.+0.j -1.+0.j  1.+0.j  1.+0.j  1.+0.j  1.+0.j -1.+0.j -1.+0.j -1.+0.j -1.+0.j  1.+0.j  1.+0.j
 -1.+0.j -1.+0.j -1.+0.j -1.+0.j  1.+0.j  1.+0.j -1.+0.j -1.+0.j  1.+0.j  1.+0.j -1.+0.j -1.+0.j -1.+0.j -1.+0.j
 -1.+0.j -1.+0.j  1.+0.j  1.+0.j  1.+0.j  1.+0.j  1.+0.j  1.+0.j  1.+0.j  1.+0.j  1.+0.j  1.+0.j  1.+0.j  1.+0.j
  1.+0.j  1.+0.j -1.+0.j -1.+0.j -1.+0.j -1.+0.j  1.+0.j  1.+0.j  1.+0.j  1.+0.j  1.+0.j  1.+0.j  1.+0.j  1.+0.j
  1.+0.j  1.+0.j  1.+0.j  1.+0.j -1.+0.j -1.+0.j -1.+0.j -1.+0.j -1.+0.j -1.+0.j  1.+0.j  1.+0.j -1.+0.j -1.+0.j
  1.+0.j  1.+0.j -1.+0.j -1.+0.j  1.+0.j  1.+0.j  1.+0.j  1.+0.j  1.+0.j  1.+0.j  1.+0.j  1.+0.j -1.+0.j -1.+0.j
  1.+0.j  1.+0.j  1.+0.j  1.+0.j  1.+0.j  1.+0.j  1.+0.j  1.+0.j  1.+0.j  1.+0.j  1.+0.j  1.+0.j -1.+0.j -1.+0.j
  1.+0.j  1.+0.j  1.+0.j  1.+0.j -1.+0.j -1.+0.j  1.+0.j  1.+0.j -1.+0.j -1.+0.j -1.+0.j -1.+0.j  1.+0.j  1.+0.j
  1.+0.j  1.+0.j  1.+0.j  1.+0.j  1.+0.j  1.+0.j  1.+0.j  1.+0.j -1.+0.j -1.+0.j  1.+0.j  1.+0.j -1.+0.j -1.+0.j
  1.+0.j  1.+0.j -1.+0.j -1.+0.j -1.+0.j -1.+0.j  1.+0.j  1.+0.j  1.+0.j  1.+0.j -1.+0.j -1.+0.j  1.+0.j  1.+0.j
 -1.+0.j -1.+0.j -1.+0.j -1.+0.j  1.+0.j  1.+0.j  1.+0.j  1.+0.j  1.+0.j  1.+0.j  1.+0.j  1.+0.j  1.+0.j  1.+0.j
  1.+0.j  1.+0.j -1.+0.j -1.+0.j -1.+0.j -1.+0.j  1.+0.j  1.+0.j -1.+0.j -1.+0.j  1.+0.j  1.+0.j  1.+0.j  1.+0.j
 -1.+0.j -1.+0.j  1.-0.j  1.-0.j  1.-0.j  1.-0.j  1.-0.j  1.-0.j  1.-0.j  1.-0.j  1.-0.j  1.-0.j  1.-0.j  1.-0.j
  1.-0.j  1.-0.j  1.-0.j  1.-0.j  1.-0.j  1.-0.j  1.-0.j  1.-0.j  1.-0.j  1.-0.j  1.-0.j  1.-0.j -1.+0.j -1.+0.j
  1.-0.j  1.-0.j  1.-0.j  1.-0.j  1.-0.j  1.-0.j  1.-0.j  1.-0.j -1.+0.j -1.+0.j -1.+0.j -1.+0.j  1.-0.j  1.-0.j
  1.-0.j  1.-0.j  1.-0.j  1.-0.j -1.+0.j -1.+0.j -1.+0.j -1.+0.j  1.-0.j  1.-0.j -1.+0.j -1.+0.j -1.+0.j -1.+0.j
 -1.+0.j -1.+0.j -1.+0.j -1.+0.j -1.+0.j -1.+0.j -1.+0.j -1.+0.j  1.-0.j  1.-0.j -1.+0.j -1.+0.j -1.+0.j -1.+0.j
  1.-0.j  1.-0.j  1.-0.j  1.-0.j  1.-0.j  1.-0.j  1.-0.j  1.-0.j -1.+0.j -1.+0.j -1.+0.j -1.+0.j  1.-0.j  1.-0.j
  1.-0.j  1.-0.j -1.+0.j -1.+0.j  1.-0.j  1.-0.j -1.+0.j -1.+0.j -1.+0.j -1.+0.j  1.-0.j  1.-0.j  1.-0.j  1.-0.j
 -1.+0.j -1.+0.j  1.-0.j  1.-0.j  1.-0.j  1.-0.j -1.+0.j -1.+0.j  1.-0.j  1.-0.j -1.+0.j -1.+0.j  1.-0.j  1.-0.j
  1.-0.j  1.-0.j  1.-0.j  1.-0.j -1.+0.j -1.+0.j -1.+0.j -1.+0.j -1.+0.j -1.+0.j -1.+0.j -1.+0.j -1.+0.j -1.+0.j
 -1.+0.j -1.+0.j -1.+0.j -1.+0.j  1.-0.j  1.-0.j  1.-0.j  1.-0.j -1.+0.j -1.+0.j -1.+0.j -1.+0.j -1.+0.j -1.+0.j
 -1.+0.j -1.+0.j -1.+0.j -1.+0.j -1.+0.j -1.+0.j  1.-0.j  1.-0.j  1.-0.j  1.-0.j  1.-0.j  1.-0.j -1.+0.j -1.+0.j
  1.-0.j  1.-0.j -1.+0.j -1.+0.j  1.-0.j  1.-0.j -1.+0.j -1.+0.j -1.+0.j -1.+0.j -1.+0.j -1.+0.j -1.+0.j -1.+0.j
  1.-0.j  1.-0.j -1.+0.j -1.+0.j -1.+0.j -1.+0.j -1.+0.j -1.+0.j -1.+0.j -1.+0.j -1.+0.j -1.+0.j -1.+0.j -1.+0.j
  1.-0.j  1.-0.j -1.+0.j -1.+0.j -1.+0.j -1.+0.j  1.-0.j  1.-0.j -1.+0.j -1.+0.j  1.-0.j  1.-0.j  1.-0.j  1.-0.j
 -1.+0.j -1.+0.j -1.+0.j -1.+0.j -1.+0.j -1.+0.j -1.+0.j -1.+0.j -1.+0.j -1.+0.j  1.-0.j  1.-0.j -1.+0.j -1.+0.j
  1.-0.j  1.-0.j -1.+0.j -1.+0.j  1.-0.j  1.-0.j  1.-0.j  1.-0.j -1.+0.j -1.+0.j -1.+0.j -1.+0.j  1.-0.j  1.-0.j
 -1.+0.j -1.+0.j  1.-0.j  1.-0.j  1.-0.j  1.-0.j -1.+0.j -1.+0.j -1.+0.j -1.+0.j -1.+0.j -1.+0.j -1.+0.j -1.+0.j
 -1.+0.j -1.+0.j -1.+0.j -1.+0.j  1.-0.j  1.-0.j  1.-0.j  1.-0.j -1.+0.j -1.+0.j  1.-0.j  1.-0.j -1.+0.j -1.+0.j
 -1.+0.j -1.+0.j  1.-0.j  1.-0.j -1.+0.j -1.+0.j -1.+0.j -1.+0.j -1.+0.j -1.+0.j -1.+0.j -1.+0.j -1.+0.j -1.+0.j
 -1.+0.j -1.+0.j -1.+0.j -1.+0.j -1.+0.j -1.+0.j -1.+0.j -1.+0.j -1.+0.j -1.+0.j -1.+0.j -1.+0.j -1.+0.j -1.+0.j
  1.+0.j  1.+0.j -1.+0.j -1.+0.j -1.+0.j -1.+0.j -1.+0.j -1.+0.j -1.+0.j -1.+0.j  1.+0.j  1.+0.j  1.+0.j  1.+0.j
 -1.+0.j -1.+0.j -1.+0.j -1.+0.j -1.+0.j -1.+0.j  1.+0.j  1.+0.j  1.+0.j  1.+0.j -1.+0.j -1.+0.j  1.+0.j  1.+0.j
  1.+0.j  1.+0.j  1.+0.j  1.+0.j  1.+0.j  1.+0.j  1.+0.j  1.+0.j  1.+0.j  1.+0.j -1.+0.j -1.+0.j  1.+0.j  1.+0.j
  1.+0.j  1.+0.j -1.+0.j -1.+0.j -1.+0.j -1.+0.j -1.+0.j -1.+0.j -1.+0.j -1.+0.j  1.+0.j  1.+0.j  1.+0.j  1.+0.j
 -1.+0.j -1.+0.j -1.+0.j -1.+0.j  1.+0.j  1.+0.j -1.+0.j -1.+0.j  1.+0.j  1.+0.j  1.+0.j  1.+0.j -1.+0.j -1.+0.j
 -1.+0.j -1.+0.j  1.+0.j  1.+0.j -1.+0.j -1.+0.j -1.+0.j -1.+0.j  1.+0.j  1.+0.j -1.+0.j -1.+0.j  1.+0.j  1.+0.j
 -1.+0.j -1.+0.j -1.+0.j -1.+0.j -1.+0.j -1.+0.j  1.+0.j  1.+0.j  1.+0.j  1.+0.j  1.+0.j  1.+0.j  1.+0.j  1.+0.j
  1.+0.j  1.+0.j  1.+0.j  1.+0.j  1.+0.j  1.+0.j -1.+0.j -1.+0.j -1.+0.j -1.+0.j  1.+0.j  1.+0.j  1.+0.j  1.+0.j
  1.+0.j  1.+0.j  1.+0.j  1.+0.j  1.+0.j  1.+0.j  1.+0.j  1.+0.j -1.+0.j -1.+0.j -1.+0.j -1.+0.j -1.+0.j -1.+0.j
  1.+0.j  1.+0.j -1.+0.j -1.+0.j  1.+0.j  1.+0.j -1.+0.j -1.+0.j  1.+0.j  1.+0.j  1.+0.j  1.+0.j  1.+0.j  1.+0.j
  1.+0.j  1.+0.j -1.+0.j -1.+0.j  1.+0.j  1.+0.j  1.+0.j  1.+0.j  1.+0.j  1.+0.j  1.+0.j  1.+0.j  1.+0.j  1.+0.j
  1.+0.j  1.+0.j -1.+0.j -1.+0.j  1.+0.j  1.+0.j  1.+0.j  1.+0.j -1.+0.j -1.+0.j  1.+0.j  1.+0.j -1.+0.j -1.+0.j
 -1.+0.j -1.+0.j  1.+0.j  1.+0.j  1.+0.j  1.+0.j  1.+0.j  1.+0.j  1.+0.j  1.+0.j  1.+0.j  1.+0.j -1.+0.j -1.+0.j
  1.+0.j  1.+0.j -1.+0.j -1.+0.j  1.+0.j  1.+0.j -1.+0.j -1.+0.j -1.+0.j -1.+0.j  1.+0.j  1.+0.j  1.+0.j  1.+0.j
 -1.+0.j -1.+0.j  1.+0.j  1.+0.j -1.+0.j -1.+0.j -1.+0.j -1.+0.j  1.+0.j  1.+0.j  1.+0.j  1.+0.j  1.+0.j  1.+0.j
  1.+0.j  1.+0.j  1.+0.j  1.+0.j  1.+0.j  1.+0.j -1.+0.j -1.+0.j -1.+0.j -1.+0.j  1.+0.j  1.+0.j -1.+0.j -1.+0.j
  1.+0.j  1.+0.j  1.+0.j  1.+0.j -1.+0.j -1.+0.j  1.-0.j  1.-0.j  1.-0.j  1.-0.j  1.-0.j  1.-0.j  1.-0.j  1.-0.j
  1.-0.j  1.-0.j  1.-0.j  1.-0.j  1.-0.j  1.-0.j  1.-0.j  1.-0.j  1.-0.j  1.-0.j  1.-0.j  1.-0.j  1.-0.j  1.-0.j
  1.-0.j  1.-0.j -1.+0.j -1.+0.j  1.-0.j  1.-0.j  1.-0.j  1.-0.j  1.-0.j  1.-0.j  1.-0.j  1.-0.j -1.+0.j -1.+0.j
 -1.+0.j -1.+0.j  1.-0.j  1.-0.j  1.-0.j  1.-0.j  1.-0.j  1.-0.j -1.+0.j -1.+0.j -1.+0.j -1.+0.j  1.-0.j  1.-0.j
 -1.+0.j -1.+0.j -1.+0.j -1.+0.j -1.+0.j -1.+0.j -1.+0.j -1.+0.j -1.+0.j -1.+0.j -1.+0.j -1.+0.j  1.-0.j  1.-0.j
 -1.+0.j -1.+0.j -1.+0.j -1.+0.j  1.-0.j  1.-0.j  1.-0.j  1.-0.j  1.-0.j  1.-0.j  1.-0.j  1.-0.j -1.+0.j -1.+0.j
 -1.+0.j -1.+0.j  1.-0.j  1.-0.j  1.-0.j  1.-0.j -1.+0.j -1.+0.j  1.-0.j  1.-0.j -1.+0.j -1.+0.j -1.+0.j -1.+0.j
  1.-0.j  1.-0.j  1.-0.j  1.-0.j -1.+0.j -1.+0.j  1.-0.j  1.-0.j  1.-0.j  1.-0.j -1.+0.j -1.+0.j  1.-0.j  1.-0.j
 -1.+0.j -1.+0.j  1.-0.j  1.-0.j  1.-0.j  1.-0.j  1.-0.j  1.-0.j -1.+0.j -1.+0.j -1.+0.j -1.+0.j -1.+0.j -1.+0.j
 -1.+0.j -1.+0.j -1.+0.j -1.+0.j -1.+0.j -1.+0.j -1.+0.j -1.+0.j  1.-0.j  1.-0.j  1.-0.j  1.-0.j -1.+0.j -1.+0.j
 -1.+0.j -1.+0.j -1.+0.j -1.+0.j -1.+0.j -1.+0.j -1.+0.j -1.+0.j -1.+0.j -1.+0.j  1.-0.j  1.-0.j  1.-0.j  1.-0.j
  1.-0.j  1.-0.j -1.+0.j -1.+0.j  1.-0.j  1.-0.j -1.+0.j -1.+0.j  1.-0.j  1.-0.j -1.+0.j -1.+0.j -1.+0.j -1.+0.j
 -1.+0.j -1.+0.j -1.+0.j -1.+0.j  1.-0.j  1.-0.j -1.+0.j -1.+0.j -1.+0.j -1.+0.j -1.+0.j -1.+0.j -1.+0.j -1.+0.j
 -1.+0.j -1.+0.j -1.+0.j -1.+0.j  1.-0.j  1.-0.j -1.+0.j -1.+0.j -1.+0.j -1.+0.j  1.-0.j  1.-0.j -1.+0.j -1.+0.j
  1.-0.j  1.-0.j  1.-0.j  1.-0.j -1.+0.j -1.+0.j -1.+0.j -1.+0.j -1.+0.j -1.+0.j -1.+0.j -1.+0.j -1.+0.j -1.+0.j
  1.-0.j  1.-0.j -1.+0.j -1.+0.j  1.-0.j  1.-0.j -1.+0.j -1.+0.j  1.-0.j  1.-0.j  1.-0.j  1.-0.j -1.+0.j -1.+0.j
 -1.+0.j -1.+0.j  1.-0.j  1.-0.j -1.+0.j -1.+0.j  1.-0.j  1.-0.j  1.-0.j  1.-0.j -1.+0.j -1.+0.j -1.+0.j -1.+0.j
 -1.+0.j -1.+0.j -1.+0.j -1.+0.j -1.+0.j -1.+0.j -1.+0.j -1.+0.j  1.-0.j  1.-0.j  1.-0.j  1.-0.j -1.+0.j -1.+0.j
  1.-0.j  1.-0.j -1.+0.j -1.+0.j -1.+0.j -1.+0.j  1.-0.j  1.-0.j -1.+0.j -1.+0.j -1.+0.j -1.+0.j -1.+0.j -1.+0.j
 -1.+0.j -1.+0.j -1.+0.j -1.+0.j -1.+0.j -1.+0.j -1.+0.j -1.+0.j -1.+0.j -1.+0.j -1.+0.j -1.+0.j -1.+0.j -1.+0.j
 -1.+0.j -1.+0.j -1.+0.j -1.+0.j  1.+0.j  1.+0.j -1.+0.j -1.+0.j -1.+0.j -1.+0.j -1.+0.j -1.+0.j -1.+0.j -1.+0.j
  1.+0.j  1.+0.j  1.+0.j  1.+0.j -1.+0.j -1.+0.j -1.+0.j -1.+0.j -1.+0.j -1.+0.j  1.+0.j  1.+0.j  1.+0.j  1.+0.j
 -1.+0.j -1.+0.j  1.+0.j  1.+0.j  1.+0.j  1.+0.j  1.+0.j  1.+0.j  1.+0.j  1.+0.j  1.+0.j  1.+0.j  1.+0.j  1.+0.j
 -1.+0.j -1.+0.j  1.+0.j  1.+0.j  1.+0.j  1.+0.j -1.+0.j -1.+0.j -1.+0.j -1.+0.j -1.+0.j -1.+0.j -1.+0.j -1.+0.j
  1.+0.j  1.+0.j  1.+0.j  1.+0.j -1.+0.j -1.+0.j -1.+0.j -1.+0.j  1.+0.j  1.+0.j -1.+0.j -1.+0.j  1.+0.j  1.+0.j
  1.+0.j  1.+0.j -1.+0.j -1.+0.j -1.+0.j -1.+0.j  1.+0.j  1.+0.j -1.+0.j -1.+0.j -1.+0.j -1.+0.j  1.+0.j  1.+0.j
 -1.+0.j -1.+0.j  1.+0.j  1.+0.j -1.+0.j -1.+0.j -1.+0.j -1.+0.j -1.+0.j -1.+0.j  1.+0.j  1.+0.j  1.+0.j  1.+0.j
  1.+0.j  1.+0.j  1.+0.j  1.+0.j  1.+0.j  1.+0.j  1.+0.j  1.+0.j  1.+0.j  1.+0.j -1.+0.j -1.+0.j -1.+0.j -1.+0.j
  1.+0.j  1.+0.j  1.+0.j  1.+0.j  1.+0.j  1.+0.j  1.+0.j  1.+0.j  1.+0.j  1.+0.j  1.+0.j  1.+0.j -1.+0.j -1.+0.j
 -1.+0.j -1.+0.j -1.+0.j -1.+0.j  1.+0.j  1.+0.j -1.+0.j -1.+0.j  1.+0.j  1.+0.j -1.+0.j -1.+0.j  1.+0.j  1.+0.j
  1.+0.j  1.+0.j  1.+0.j  1.+0.j  1.+0.j  1.+0.j -1.+0.j -1.+0.j  1.+0.j  1.+0.j  1.+0.j  1.+0.j  1.+0.j  1.+0.j
  1.+0.j  1.+0.j  1.+0.j  1.+0.j  1.+0.j  1.+0.j -1.+0.j -1.+0.j  1.+0.j  1.+0.j  1.+0.j  1.+0.j -1.+0.j -1.+0.j
  1.+0.j  1.+0.j -1.+0.j -1.+0.j -1.+0.j -1.+0.j  1.+0.j  1.+0.j  1.+0.j  1.+0.j  1.+0.j  1.+0.j  1.+0.j  1.+0.j
  1.+0.j  1.+0.j -1.+0.j -1.+0.j  1.+0.j  1.+0.j -1.+0.j -1.+0.j  1.+0.j  1.+0.j -1.+0.j -1.+0.j -1.+0.j -1.+0.j
  1.+0.j  1.+0.j  1.+0.j  1.+0.j -1.+0.j -1.+0.j  1.+0.j  1.+0.j -1.+0.j -1.+0.j -1.+0.j -1.+0.j  1.+0.j  1.+0.j
  1.+0.j  1.+0.j  1.+0.j  1.+0.j  1.+0.j  1.+0.j  1.+0.j  1.+0.j  1.+0.j  1.+0.j -1.+0.j -1.+0.j -1.+0.j -1.+0.j
  1.+0.j  1.+0.j -1.+0.j -1.+0.j  1.+0.j  1.+0.j  1.+0.j  1.+0.j -1.+0.j -1.+0.j  1.-0.j  1.-0.j  1.-0.j  1.-0.j
  1.-0.j  1.-0.j  1.-0.j  1.-0.j  1.-0.j  1.-0.j  1.-0.j  1.-0.j  1.-0.j  1.-0.j  1.-0.j  1.-0.j  1.-0.j  1.-0.j
  1.-0.j  1.-0.j  1.-0.j  1.-0.j  1.-0.j  1.-0.j -1.+0.j -1.+0.j  1.-0.j  1.-0.j  1.-0.j  1.-0.j  1.-0.j  1.-0.j
  1.-0.j  1.-0.j -1.+0.j -1.+0.j -1.+0.j -1.+0.j  1.-0.j  1.-0.j  1.-0.j  1.-0.j  1.-0.j  1.-0.j -1.+0.j -1.+0.j
 -1.+0.j -1.+0.j  1.-0.j  1.-0.j -1.+0.j -1.+0.j -1.+0.j -1.+0.j -1.+0.j -1.+0.j -1.+0.j -1.+0.j -1.+0.j -1.+0.j
 -1.+0.j -1.+0.j  1.-0.j  1.-0.j -1.+0.j -1.+0.j -1.+0.j -1.+0.j  1.-0.j  1.-0.j  1.-0.j  1.-0.j  1.-0.j  1.-0.j
  1.-0.j  1.-0.j -1.+0.j -1.+0.j -1.+0.j -1.+0.j  1.-0.j  1.-0.j  1.-0.j  1.-0.j -1.+0.j -1.+0.j  1.-0.j  1.-0.j
 -1.+0.j -1.+0.j -1.+0.j -1.+0.j  1.-0.j  1.-0.j  1.-0.j  1.-0.j -1.+0.j -1.+0.j  1.-0.j  1.-0.j  1.-0.j  1.-0.j
 -1.+0.j -1.+0.j  1.-0.j  1.-0.j -1.+0.j -1.+0.j  1.-0.j  1.-0.j  1.-0.j  1.-0.j  1.-0.j  1.-0.j -1.+0.j -1.+0.j
 -1.+0.j -1.+0.j -1.+0.j -1.+0.j -1.+0.j -1.+0.j -1.+0.j -1.+0.j -1.+0.j -1.+0.j -1.+0.j -1.+0.j  1.-0.j  1.-0.j
  1.-0.j  1.-0.j -1.+0.j -1.+0.j -1.+0.j -1.+0.j -1.+0.j -1.+0.j -1.+0.j -1.+0.j -1.+0.j -1.+0.j -1.+0.j -1.+0.j
  1.-0.j  1.-0.j  1.-0.j  1.-0.j  1.-0.j  1.-0.j -1.+0.j -1.+0.j  1.-0.j  1.-0.j -1.+0.j -1.+0.j  1.-0.j  1.-0.j
 -1.+0.j -1.+0.j -1.+0.j -1.+0.j -1.+0.j -1.+0.j -1.+0.j -1.+0.j  1.-0.j  1.-0.j -1.+0.j -1.+0.j -1.+0.j -1.+0.j
 -1.+0.j -1.+0.j -1.+0.j -1.+0.j -1.+0.j -1.+0.j -1.+0.j -1.+0.j  1.-0.j  1.-0.j -1.+0.j -1.+0.j -1.+0.j -1.+0.j
  1.-0.j  1.-0.j -1.+0.j -1.+0.j  1.-0.j  1.-0.j  1.-0.j  1.-0.j -1.+0.j -1.+0.j -1.+0.j -1.+0.j -1.+0.j -1.+0.j
 -1.+0.j -1.+0.j -1.+0.j -1.+0.j  1.-0.j  1.-0.j -1.+0.j -1.+0.j  1.-0.j  1.-0.j -1.+0.j -1.+0.j  1.-0.j  1.-0.j
  1.-0.j  1.-0.j -1.+0.j -1.+0.j -1.+0.j -1.+0.j  1.-0.j  1.-0.j -1.+0.j -1.+0.j  1.-0.j  1.-0.j  1.-0.j  1.-0.j
 -1.+0.j -1.+0.j -1.+0.j -1.+0.j -1.+0.j -1.+0.j -1.+0.j -1.+0.j -1.+0.j -1.+0.j -1.+0.j -1.+0.j  1.-0.j  1.-0.j
  1.-0.j  1.-0.j -1.+0.j -1.+0.j  1.-0.j  1.-0.j -1.+0.j -1.+0.j -1.+0.j -1.+0.j  1.-0.j  1.-0.j -1.+0.j -1.+0.j
 -1.+0.j -1.+0.j -1.+0.j -1.+0.j -1.+0.j -1.+0.j -1.+0.j -1.+0.j -1.+0.j -1.+0.j -1.+0.j -1.+0.j -1.+0.j -1.+0.j
 -1.+0.j -1.+0.j -1.+0.j -1.+0.j -1.+0.j -1.+0.j -1.+0.j -1.+0.j  1.+0.j  1.+0.j -1.+0.j -1.+0.j -1.+0.j -1.+0.j
 -1.+0.j -1.+0.j -1.+0.j -1.+0.j  1.+0.j  1.+0.j  1.+0.j  1.+0.j -1.+0.j -1.+0.j -1.+0.j -1.+0.j -1.+0.j -1.+0.j
  1.+0.j  1.+0.j  1.+0.j  1.+0.j -1.+0.j -1.+0.j  1.+0.j  1.+0.j  1.+0.j  1.+0.j  1.+0.j  1.+0.j  1.+0.j  1.+0.j
  1.+0.j  1.+0.j  1.+0.j  1.+0.j -1.+0.j -1.+0.j  1.+0.j  1.+0.j  1.+0.j  1.+0.j -1.+0.j -1.+0.j -1.+0.j -1.+0.j
 -1.+0.j -1.+0.j -1.+0.j -1.+0.j  1.+0.j  1.+0.j  1.+0.j  1.+0.j -1.+0.j -1.+0.j -1.+0.j -1.+0.j  1.+0.j  1.+0.j
 -1.+0.j -1.+0.j  1.+0.j  1.+0.j  1.+0.j  1.+0.j -1.+0.j -1.+0.j -1.+0.j -1.+0.j  1.+0.j  1.+0.j -1.+0.j -1.+0.j
 -1.+0.j -1.+0.j  1.+0.j  1.+0.j -1.+0.j -1.+0.j  1.+0.j  1.+0.j -1.+0.j -1.+0.j -1.+0.j -1.+0.j -1.+0.j -1.+0.j
  1.+0.j  1.+0.j  1.+0.j  1.+0.j  1.+0.j  1.+0.j  1.+0.j  1.+0.j  1.+0.j  1.+0.j  1.+0.j  1.+0.j  1.+0.j  1.+0.j
 -1.+0.j -1.+0.j -1.+0.j -1.+0.j  1.+0.j  1.+0.j  1.+0.j  1.+0.j  1.+0.j  1.+0.j  1.+0.j  1.+0.j  1.+0.j  1.+0.j
  1.+0.j  1.+0.j -1.+0.j -1.+0.j -1.+0.j -1.+0.j -1.+0.j -1.+0.j  1.+0.j  1.+0.j -1.+0.j -1.+0.j  1.+0.j  1.+0.j
 -1.+0.j -1.+0.j  1.+0.j  1.+0.j  1.+0.j  1.+0.j  1.+0.j  1.+0.j  1.+0.j  1.+0.j -1.+0.j -1.+0.j  1.+0.j  1.+0.j
  1.+0.j  1.+0.j  1.+0.j  1.+0.j  1.+0.j  1.+0.j  1.+0.j  1.+0.j  1.+0.j  1.+0.j -1.+0.j -1.+0.j  1.+0.j  1.+0.j
  1.+0.j  1.+0.j -1.+0.j -1.+0.j  1.+0.j  1.+0.j -1.+0.j -1.+0.j -1.+0.j -1.+0.j  1.+0.j  1.+0.j  1.+0.j  1.+0.j
  1.+0.j  1.+0.j  1.+0.j  1.+0.j  1.+0.j  1.+0.j -1.+0.j -1.+0.j  1.+0.j  1.+0.j -1.+0.j -1.+0.j  1.+0.j  1.+0.j
 -1.+0.j -1.+0.j -1.+0.j -1.+0.j  1.+0.j  1.+0.j  1.+0.j  1.+0.j -1.+0.j -1.+0.j  1.+0.j  1.+0.j -1.+0.j -1.+0.j
 -1.+0.j -1.+0.j  1.+0.j  1.+0.j  1.+0.j  1.+0.j  1.+0.j  1.+0.j  1.+0.j  1.+0.j  1.+0.j  1.+0.j  1.+0.j  1.+0.j
 -1.+0.j -1.+0.j -1.+0.j -1.+0.j  1.+0.j  1.+0.j -1.+0.j -1.+0.j  1.+0.j  1.+0.j  1.+0.j  1.+0.j -1.+0.j -1.+0.j
  1.-0.j  1.-0.j  1.-0.j  1.-0.j  1.-0.j  1.-0.j  1.-0.j  1.-0.j  1.-0.j  1.-0.j  1.-0.j  1.-0.j  1.-0.j  1.-0.j
  1.-0.j  1.-0.j  1.-0.j  1.-0.j  1.-0.j  1.-0.j  1.-0.j  1.-0.j  1.-0.j  1.-0.j -1.+0.j -1.+0.j  1.-0.j  1.-0.j
  1.-0.j  1.-0.j  1.-0.j  1.-0.j  1.-0.j  1.-0.j -1.+0.j -1.+0.j -1.+0.j -1.+0.j  1.-0.j  1.-0.j  1.-0.j  1.-0.j
  1.-0.j  1.-0.j -1.+0.j -1.+0.j -1.+0.j -1.+0.j  1.-0.j  1.-0.j -1.+0.j -1.+0.j -1.+0.j -1.+0.j -1.+0.j -1.+0.j
 -1.+0.j -1.+0.j -1.+0.j -1.+0.j -1.+0.j -1.+0.j  1.-0.j  1.-0.j -1.+0.j -1.+0.j -1.+0.j -1.+0.j  1.-0.j  1.-0.j
  1.-0.j  1.-0.j  1.-0.j  1.-0.j  1.-0.j  1.-0.j -1.+0.j -1.+0.j -1.+0.j -1.+0.j  1.-0.j  1.-0.j  1.-0.j  1.-0.j
 -1.+0.j -1.+0.j  1.-0.j  1.-0.j -1.+0.j -1.+0.j -1.+0.j -1.+0.j  1.-0.j  1.-0.j  1.-0.j  1.-0.j -1.+0.j -1.+0.j
  1.-0.j  1.-0.j  1.-0.j  1.-0.j -1.+0.j -1.+0.j  1.-0.j  1.-0.j -1.+0.j -1.+0.j  1.-0.j  1.-0.j  1.-0.j  1.-0.j
  1.-0.j  1.-0.j -1.+0.j -1.+0.j -1.+0.j -1.+0.j -1.+0.j -1.+0.j -1.+0.j -1.+0.j -1.+0.j -1.+0.j -1.+0.j -1.+0.j
 -1.+0.j -1.+0.j  1.-0.j  1.-0.j  1.-0.j  1.-0.j -1.+0.j -1.+0.j -1.+0.j -1.+0.j -1.+0.j -1.+0.j -1.+0.j -1.+0.j
 -1.+0.j -1.+0.j -1.+0.j -1.+0.j  1.-0.j  1.-0.j  1.-0.j  1.-0.j  1.-0.j  1.-0.j -1.+0.j -1.+0.j  1.-0.j  1.-0.j
 -1.+0.j -1.+0.j  1.-0.j  1.-0.j -1.+0.j -1.+0.j -1.+0.j -1.+0.j -1.+0.j -1.+0.j -1.+0.j -1.+0.j  1.-0.j  1.-0.j
 -1.+0.j -1.+0.j -1.+0.j -1.+0.j -1.+0.j -1.+0.j -1.+0.j -1.+0.j -1.+0.j -1.+0.j -1.+0.j -1.+0.j  1.-0.j  1.-0.j
 -1.+0.j -1.+0.j -1.+0.j -1.+0.j  1.-0.j  1.-0.j -1.+0.j -1.+0.j  1.-0.j  1.-0.j  1.-0.j  1.-0.j -1.+0.j -1.+0.j
 -1.+0.j -1.+0.j -1.+0.j -1.+0.j -1.+0.j -1.+0.j -1.+0.j -1.+0.j  1.-0.j  1.-0.j -1.+0.j -1.+0.j  1.-0.j  1.-0.j
 -1.+0.j -1.+0.j  1.-0.j  1.-0.j  1.-0.j  1.-0.j -1.+0.j -1.+0.j -1.+0.j -1.+0.j  1.-0.j  1.-0.j -1.+0.j -1.+0.j
  1.-0.j  1.-0.j  1.-0.j  1.-0.j -1.+0.j -1.+0.j -1.+0.j -1.+0.j -1.+0.j -1.+0.j -1.+0.j -1.+0.j -1.+0.j -1.+0.j
 -1.+0.j -1.+0.j  1.-0.j  1.-0.j  1.-0.j  1.-0.j -1.+0.j -1.+0.j  1.-0.j  1.-0.j -1.+0.j -1.+0.j -1.+0.j -1.+0.j
  1.-0.j  1.-0.j]
2025-08-29 12:14:12 [INFO] Processing 2032 samples from tag 0
2025-08-29 12:14:12 [INFO] Expected number of bits: 8
2025-08-29 12:14:12 [DEBUG] coarse freq offset: 0.0
2025-08-29 12:15:08 [DEBUG] **** New run with CLI arguments: Namespace(source='sim', file=None, verbose=3, n_tags=1)
2025-08-29 12:15:08 [DEBUG] Generating simulated samples for 1 tags
2025-08-29 12:15:08 [INFO] simulated packet metadata: SimulatedPacket(tag_id=0, preamble_bits=[], sync_bits=[], payload_bits=array([1, 0, 1, 0, 1, 0, 1, 0]), sps=2, all_bits=array([1., 0., 1., 0., 1., 0., 1., 0.]), goldcode=array([-1, -1, -1, -1, -1, -1, -1, -1, -1, -1, -1, -1,  1, -1, -1, -1, -1,  1,  1, -1, -1, -1,  1,  1, -1,  1,  1,  1,
        1,  1,  1, -1,  1,  1, -1, -1, -1, -1,  1,  1, -1, -1,  1, -1,  1,  1, -1, -1,  1, -1, -1,  1, -1,  1, -1, -1,
       -1,  1,  1,  1,  1,  1,  1,  1, -1, -1,  1,  1,  1,  1,  1,  1, -1, -1, -1,  1, -1,  1, -1,  1,  1,  1,  1, -1,
        1,  1,  1,  1,  1,  1, -1,  1,  1, -1,  1, -1, -1,  1,  1,  1,  1,  1, -1,  1, -1,  1, -1, -1,  1,  1, -1,  1,
       -1, -1,  1,  1,  1,  1,  1,  1, -1, -1,  1, -1,  1,  1, -1]), samples=None, snr_db=15.0, frequency_offset_hz=500.0, time_delay_sec=0.002)
2025-08-29 12:15:08 [INFO] Packet to demod: [-1.+0.j -1.+0.j -1.+0.j -1.+0.j -1.+0.j -1.+0.j -1.+0.j -1.+0.j -1.+0.j -1.+0.j -1.+0.j -1.+0.j -1.+0.j -1.+0.j
 -1.+0.j -1.+0.j -1.+0.j -1.+0.j -1.+0.j -1.+0.j -1.+0.j -1.+0.j -1.+0.j -1.+0.j  1.+0.j  1.+0.j -1.+0.j -1.+0.j
 -1.+0.j -1.+0.j -1.+0.j -1.+0.j -1.+0.j -1.+0.j  1.+0.j  1.+0.j  1.+0.j  1.+0.j -1.+0.j -1.+0.j -1.+0.j -1.+0.j
 -1.+0.j -1.+0.j  1.+0.j  1.+0.j  1.+0.j  1.+0.j -1.+0.j -1.+0.j  1.+0.j  1.+0.j  1.+0.j  1.+0.j  1.+0.j  1.+0.j
  1.+0.j  1.+0.j  1.+0.j  1.+0.j  1.+0.j  1.+0.j -1.+0.j -1.+0.j  1.+0.j  1.+0.j  1.+0.j  1.+0.j -1.+0.j -1.+0.j
 -1.+0.j -1.+0.j -1.+0.j -1.+0.j -1.+0.j -1.+0.j  1.+0.j  1.+0.j  1.+0.j  1.+0.j -1.+0.j -1.+0.j -1.+0.j -1.+0.j
  1.+0.j  1.+0.j -1.+0.j -1.+0.j  1.+0.j  1.+0.j  1.+0.j  1.+0.j -1.+0.j -1.+0.j -1.+0.j -1.+0.j  1.+0.j  1.+0.j
 -1.+0.j -1.+0.j -1.+0.j -1.+0.j  1.+0.j  1.+0.j -1.+0.j -1.+0.j  1.+0.j  1.+0.j -1.+0.j -1.+0.j -1.+0.j -1.+0.j
 -1.+0.j -1.+0.j  1.+0.j  1.+0.j  1.+0.j  1.+0.j  1.+0.j  1.+0.j  1.+0.j  1.+0.j  1.+0.j  1.+0.j  1.+0.j  1.+0.j
  1.+0.j  1.+0.j -1.+0.j -1.+0.j -1.+0.j -1.+0.j  1.+0.j  1.+0.j  1.+0.j  1.+0.j  1.+0.j  1.+0.j  1.+0.j  1.+0.j
  1.+0.j  1.+0.j  1.+0.j  1.+0.j -1.+0.j -1.+0.j -1.+0.j -1.+0.j -1.+0.j -1.+0.j  1.+0.j  1.+0.j -1.+0.j -1.+0.j
  1.+0.j  1.+0.j -1.+0.j -1.+0.j  1.+0.j  1.+0.j  1.+0.j  1.+0.j  1.+0.j  1.+0.j  1.+0.j  1.+0.j -1.+0.j -1.+0.j
  1.+0.j  1.+0.j  1.+0.j  1.+0.j  1.+0.j  1.+0.j  1.+0.j  1.+0.j  1.+0.j  1.+0.j  1.+0.j  1.+0.j -1.+0.j -1.+0.j
  1.+0.j  1.+0.j  1.+0.j  1.+0.j -1.+0.j -1.+0.j  1.+0.j  1.+0.j -1.+0.j -1.+0.j -1.+0.j -1.+0.j  1.+0.j  1.+0.j
  1.+0.j  1.+0.j  1.+0.j  1.+0.j  1.+0.j  1.+0.j  1.+0.j  1.+0.j -1.+0.j -1.+0.j  1.+0.j  1.+0.j -1.+0.j -1.+0.j
  1.+0.j  1.+0.j -1.+0.j -1.+0.j -1.+0.j -1.+0.j  1.+0.j  1.+0.j  1.+0.j  1.+0.j -1.+0.j -1.+0.j  1.+0.j  1.+0.j
 -1.+0.j -1.+0.j -1.+0.j -1.+0.j  1.+0.j  1.+0.j  1.+0.j  1.+0.j  1.+0.j  1.+0.j  1.+0.j  1.+0.j  1.+0.j  1.+0.j
  1.+0.j  1.+0.j -1.+0.j -1.+0.j -1.+0.j -1.+0.j  1.+0.j  1.+0.j -1.+0.j -1.+0.j  1.+0.j  1.+0.j  1.+0.j  1.+0.j
 -1.+0.j -1.+0.j  1.-0.j  1.-0.j  1.-0.j  1.-0.j  1.-0.j  1.-0.j  1.-0.j  1.-0.j  1.-0.j  1.-0.j  1.-0.j  1.-0.j
  1.-0.j  1.-0.j  1.-0.j  1.-0.j  1.-0.j  1.-0.j  1.-0.j  1.-0.j  1.-0.j  1.-0.j  1.-0.j  1.-0.j -1.+0.j -1.+0.j
  1.-0.j  1.-0.j  1.-0.j  1.-0.j  1.-0.j  1.-0.j  1.-0.j  1.-0.j -1.+0.j -1.+0.j -1.+0.j -1.+0.j  1.-0.j  1.-0.j
  1.-0.j  1.-0.j  1.-0.j  1.-0.j -1.+0.j -1.+0.j -1.+0.j -1.+0.j  1.-0.j  1.-0.j -1.+0.j -1.+0.j -1.+0.j -1.+0.j
 -1.+0.j -1.+0.j -1.+0.j -1.+0.j -1.+0.j -1.+0.j -1.+0.j -1.+0.j  1.-0.j  1.-0.j -1.+0.j -1.+0.j -1.+0.j -1.+0.j
  1.-0.j  1.-0.j  1.-0.j  1.-0.j  1.-0.j  1.-0.j  1.-0.j  1.-0.j -1.+0.j -1.+0.j -1.+0.j -1.+0.j  1.-0.j  1.-0.j
  1.-0.j  1.-0.j -1.+0.j -1.+0.j  1.-0.j  1.-0.j -1.+0.j -1.+0.j -1.+0.j -1.+0.j  1.-0.j  1.-0.j  1.-0.j  1.-0.j
 -1.+0.j -1.+0.j  1.-0.j  1.-0.j  1.-0.j  1.-0.j -1.+0.j -1.+0.j  1.-0.j  1.-0.j -1.+0.j -1.+0.j  1.-0.j  1.-0.j
  1.-0.j  1.-0.j  1.-0.j  1.-0.j -1.+0.j -1.+0.j -1.+0.j -1.+0.j -1.+0.j -1.+0.j -1.+0.j -1.+0.j -1.+0.j -1.+0.j
 -1.+0.j -1.+0.j -1.+0.j -1.+0.j  1.-0.j  1.-0.j  1.-0.j  1.-0.j -1.+0.j -1.+0.j -1.+0.j -1.+0.j -1.+0.j -1.+0.j
 -1.+0.j -1.+0.j -1.+0.j -1.+0.j -1.+0.j -1.+0.j  1.-0.j  1.-0.j  1.-0.j  1.-0.j  1.-0.j  1.-0.j -1.+0.j -1.+0.j
  1.-0.j  1.-0.j -1.+0.j -1.+0.j  1.-0.j  1.-0.j -1.+0.j -1.+0.j -1.+0.j -1.+0.j -1.+0.j -1.+0.j -1.+0.j -1.+0.j
  1.-0.j  1.-0.j -1.+0.j -1.+0.j -1.+0.j -1.+0.j -1.+0.j -1.+0.j -1.+0.j -1.+0.j -1.+0.j -1.+0.j -1.+0.j -1.+0.j
  1.-0.j  1.-0.j -1.+0.j -1.+0.j -1.+0.j -1.+0.j  1.-0.j  1.-0.j -1.+0.j -1.+0.j  1.-0.j  1.-0.j  1.-0.j  1.-0.j
 -1.+0.j -1.+0.j -1.+0.j -1.+0.j -1.+0.j -1.+0.j -1.+0.j -1.+0.j -1.+0.j -1.+0.j  1.-0.j  1.-0.j -1.+0.j -1.+0.j
  1.-0.j  1.-0.j -1.+0.j -1.+0.j  1.-0.j  1.-0.j  1.-0.j  1.-0.j -1.+0.j -1.+0.j -1.+0.j -1.+0.j  1.-0.j  1.-0.j
 -1.+0.j -1.+0.j  1.-0.j  1.-0.j  1.-0.j  1.-0.j -1.+0.j -1.+0.j -1.+0.j -1.+0.j -1.+0.j -1.+0.j -1.+0.j -1.+0.j
 -1.+0.j -1.+0.j -1.+0.j -1.+0.j  1.-0.j  1.-0.j  1.-0.j  1.-0.j -1.+0.j -1.+0.j  1.-0.j  1.-0.j -1.+0.j -1.+0.j
 -1.+0.j -1.+0.j  1.-0.j  1.-0.j -1.+0.j -1.+0.j -1.+0.j -1.+0.j -1.+0.j -1.+0.j -1.+0.j -1.+0.j -1.+0.j -1.+0.j
 -1.+0.j -1.+0.j -1.+0.j -1.+0.j -1.+0.j -1.+0.j -1.+0.j -1.+0.j -1.+0.j -1.+0.j -1.+0.j -1.+0.j -1.+0.j -1.+0.j
  1.+0.j  1.+0.j -1.+0.j -1.+0.j -1.+0.j -1.+0.j -1.+0.j -1.+0.j -1.+0.j -1.+0.j  1.+0.j  1.+0.j  1.+0.j  1.+0.j
 -1.+0.j -1.+0.j -1.+0.j -1.+0.j -1.+0.j -1.+0.j  1.+0.j  1.+0.j  1.+0.j  1.+0.j -1.+0.j -1.+0.j  1.+0.j  1.+0.j
  1.+0.j  1.+0.j  1.+0.j  1.+0.j  1.+0.j  1.+0.j  1.+0.j  1.+0.j  1.+0.j  1.+0.j -1.+0.j -1.+0.j  1.+0.j  1.+0.j
  1.+0.j  1.+0.j -1.+0.j -1.+0.j -1.+0.j -1.+0.j -1.+0.j -1.+0.j -1.+0.j -1.+0.j  1.+0.j  1.+0.j  1.+0.j  1.+0.j
 -1.+0.j -1.+0.j -1.+0.j -1.+0.j  1.+0.j  1.+0.j -1.+0.j -1.+0.j  1.+0.j  1.+0.j  1.+0.j  1.+0.j -1.+0.j -1.+0.j
 -1.+0.j -1.+0.j  1.+0.j  1.+0.j -1.+0.j -1.+0.j -1.+0.j -1.+0.j  1.+0.j  1.+0.j -1.+0.j -1.+0.j  1.+0.j  1.+0.j
 -1.+0.j -1.+0.j -1.+0.j -1.+0.j -1.+0.j -1.+0.j  1.+0.j  1.+0.j  1.+0.j  1.+0.j  1.+0.j  1.+0.j  1.+0.j  1.+0.j
  1.+0.j  1.+0.j  1.+0.j  1.+0.j  1.+0.j  1.+0.j -1.+0.j -1.+0.j -1.+0.j -1.+0.j  1.+0.j  1.+0.j  1.+0.j  1.+0.j
  1.+0.j  1.+0.j  1.+0.j  1.+0.j  1.+0.j  1.+0.j  1.+0.j  1.+0.j -1.+0.j -1.+0.j -1.+0.j -1.+0.j -1.+0.j -1.+0.j
  1.+0.j  1.+0.j -1.+0.j -1.+0.j  1.+0.j  1.+0.j -1.+0.j -1.+0.j  1.+0.j  1.+0.j  1.+0.j  1.+0.j  1.+0.j  1.+0.j
  1.+0.j  1.+0.j -1.+0.j -1.+0.j  1.+0.j  1.+0.j  1.+0.j  1.+0.j  1.+0.j  1.+0.j  1.+0.j  1.+0.j  1.+0.j  1.+0.j
  1.+0.j  1.+0.j -1.+0.j -1.+0.j  1.+0.j  1.+0.j  1.+0.j  1.+0.j -1.+0.j -1.+0.j  1.+0.j  1.+0.j -1.+0.j -1.+0.j
 -1.+0.j -1.+0.j  1.+0.j  1.+0.j  1.+0.j  1.+0.j  1.+0.j  1.+0.j  1.+0.j  1.+0.j  1.+0.j  1.+0.j -1.+0.j -1.+0.j
  1.+0.j  1.+0.j -1.+0.j -1.+0.j  1.+0.j  1.+0.j -1.+0.j -1.+0.j -1.+0.j -1.+0.j  1.+0.j  1.+0.j  1.+0.j  1.+0.j
 -1.+0.j -1.+0.j  1.+0.j  1.+0.j -1.+0.j -1.+0.j -1.+0.j -1.+0.j  1.+0.j  1.+0.j  1.+0.j  1.+0.j  1.+0.j  1.+0.j
  1.+0.j  1.+0.j  1.+0.j  1.+0.j  1.+0.j  1.+0.j -1.+0.j -1.+0.j -1.+0.j -1.+0.j  1.+0.j  1.+0.j -1.+0.j -1.+0.j
  1.+0.j  1.+0.j  1.+0.j  1.+0.j -1.+0.j -1.+0.j  1.-0.j  1.-0.j  1.-0.j  1.-0.j  1.-0.j  1.-0.j  1.-0.j  1.-0.j
  1.-0.j  1.-0.j  1.-0.j  1.-0.j  1.-0.j  1.-0.j  1.-0.j  1.-0.j  1.-0.j  1.-0.j  1.-0.j  1.-0.j  1.-0.j  1.-0.j
  1.-0.j  1.-0.j -1.+0.j -1.+0.j  1.-0.j  1.-0.j  1.-0.j  1.-0.j  1.-0.j  1.-0.j  1.-0.j  1.-0.j -1.+0.j -1.+0.j
 -1.+0.j -1.+0.j  1.-0.j  1.-0.j  1.-0.j  1.-0.j  1.-0.j  1.-0.j -1.+0.j -1.+0.j -1.+0.j -1.+0.j  1.-0.j  1.-0.j
 -1.+0.j -1.+0.j -1.+0.j -1.+0.j -1.+0.j -1.+0.j -1.+0.j -1.+0.j -1.+0.j -1.+0.j -1.+0.j -1.+0.j  1.-0.j  1.-0.j
 -1.+0.j -1.+0.j -1.+0.j -1.+0.j  1.-0.j  1.-0.j  1.-0.j  1.-0.j  1.-0.j  1.-0.j  1.-0.j  1.-0.j -1.+0.j -1.+0.j
 -1.+0.j -1.+0.j  1.-0.j  1.-0.j  1.-0.j  1.-0.j -1.+0.j -1.+0.j  1.-0.j  1.-0.j -1.+0.j -1.+0.j -1.+0.j -1.+0.j
  1.-0.j  1.-0.j  1.-0.j  1.-0.j -1.+0.j -1.+0.j  1.-0.j  1.-0.j  1.-0.j  1.-0.j -1.+0.j -1.+0.j  1.-0.j  1.-0.j
 -1.+0.j -1.+0.j  1.-0.j  1.-0.j  1.-0.j  1.-0.j  1.-0.j  1.-0.j -1.+0.j -1.+0.j -1.+0.j -1.+0.j -1.+0.j -1.+0.j
 -1.+0.j -1.+0.j -1.+0.j -1.+0.j -1.+0.j -1.+0.j -1.+0.j -1.+0.j  1.-0.j  1.-0.j  1.-0.j  1.-0.j -1.+0.j -1.+0.j
 -1.+0.j -1.+0.j -1.+0.j -1.+0.j -1.+0.j -1.+0.j -1.+0.j -1.+0.j -1.+0.j -1.+0.j  1.-0.j  1.-0.j  1.-0.j  1.-0.j
  1.-0.j  1.-0.j -1.+0.j -1.+0.j  1.-0.j  1.-0.j -1.+0.j -1.+0.j  1.-0.j  1.-0.j -1.+0.j -1.+0.j -1.+0.j -1.+0.j
 -1.+0.j -1.+0.j -1.+0.j -1.+0.j  1.-0.j  1.-0.j -1.+0.j -1.+0.j -1.+0.j -1.+0.j -1.+0.j -1.+0.j -1.+0.j -1.+0.j
 -1.+0.j -1.+0.j -1.+0.j -1.+0.j  1.-0.j  1.-0.j -1.+0.j -1.+0.j -1.+0.j -1.+0.j  1.-0.j  1.-0.j -1.+0.j -1.+0.j
  1.-0.j  1.-0.j  1.-0.j  1.-0.j -1.+0.j -1.+0.j -1.+0.j -1.+0.j -1.+0.j -1.+0.j -1.+0.j -1.+0.j -1.+0.j -1.+0.j
  1.-0.j  1.-0.j -1.+0.j -1.+0.j  1.-0.j  1.-0.j -1.+0.j -1.+0.j  1.-0.j  1.-0.j  1.-0.j  1.-0.j -1.+0.j -1.+0.j
 -1.+0.j -1.+0.j  1.-0.j  1.-0.j -1.+0.j -1.+0.j  1.-0.j  1.-0.j  1.-0.j  1.-0.j -1.+0.j -1.+0.j -1.+0.j -1.+0.j
 -1.+0.j -1.+0.j -1.+0.j -1.+0.j -1.+0.j -1.+0.j -1.+0.j -1.+0.j  1.-0.j  1.-0.j  1.-0.j  1.-0.j -1.+0.j -1.+0.j
  1.-0.j  1.-0.j -1.+0.j -1.+0.j -1.+0.j -1.+0.j  1.-0.j  1.-0.j -1.+0.j -1.+0.j -1.+0.j -1.+0.j -1.+0.j -1.+0.j
 -1.+0.j -1.+0.j -1.+0.j -1.+0.j -1.+0.j -1.+0.j -1.+0.j -1.+0.j -1.+0.j -1.+0.j -1.+0.j -1.+0.j -1.+0.j -1.+0.j
 -1.+0.j -1.+0.j -1.+0.j -1.+0.j  1.+0.j  1.+0.j -1.+0.j -1.+0.j -1.+0.j -1.+0.j -1.+0.j -1.+0.j -1.+0.j -1.+0.j
  1.+0.j  1.+0.j  1.+0.j  1.+0.j -1.+0.j -1.+0.j -1.+0.j -1.+0.j -1.+0.j -1.+0.j  1.+0.j  1.+0.j  1.+0.j  1.+0.j
 -1.+0.j -1.+0.j  1.+0.j  1.+0.j  1.+0.j  1.+0.j  1.+0.j  1.+0.j  1.+0.j  1.+0.j  1.+0.j  1.+0.j  1.+0.j  1.+0.j
 -1.+0.j -1.+0.j  1.+0.j  1.+0.j  1.+0.j  1.+0.j -1.+0.j -1.+0.j -1.+0.j -1.+0.j -1.+0.j -1.+0.j -1.+0.j -1.+0.j
  1.+0.j  1.+0.j  1.+0.j  1.+0.j -1.+0.j -1.+0.j -1.+0.j -1.+0.j  1.+0.j  1.+0.j -1.+0.j -1.+0.j  1.+0.j  1.+0.j
  1.+0.j  1.+0.j -1.+0.j -1.+0.j -1.+0.j -1.+0.j  1.+0.j  1.+0.j -1.+0.j -1.+0.j -1.+0.j -1.+0.j  1.+0.j  1.+0.j
 -1.+0.j -1.+0.j  1.+0.j  1.+0.j -1.+0.j -1.+0.j -1.+0.j -1.+0.j -1.+0.j -1.+0.j  1.+0.j  1.+0.j  1.+0.j  1.+0.j
  1.+0.j  1.+0.j  1.+0.j  1.+0.j  1.+0.j  1.+0.j  1.+0.j  1.+0.j  1.+0.j  1.+0.j -1.+0.j -1.+0.j -1.+0.j -1.+0.j
  1.+0.j  1.+0.j  1.+0.j  1.+0.j  1.+0.j  1.+0.j  1.+0.j  1.+0.j  1.+0.j  1.+0.j  1.+0.j  1.+0.j -1.+0.j -1.+0.j
 -1.+0.j -1.+0.j -1.+0.j -1.+0.j  1.+0.j  1.+0.j -1.+0.j -1.+0.j  1.+0.j  1.+0.j -1.+0.j -1.+0.j  1.+0.j  1.+0.j
  1.+0.j  1.+0.j  1.+0.j  1.+0.j  1.+0.j  1.+0.j -1.+0.j -1.+0.j  1.+0.j  1.+0.j  1.+0.j  1.+0.j  1.+0.j  1.+0.j
  1.+0.j  1.+0.j  1.+0.j  1.+0.j  1.+0.j  1.+0.j -1.+0.j -1.+0.j  1.+0.j  1.+0.j  1.+0.j  1.+0.j -1.+0.j -1.+0.j
  1.+0.j  1.+0.j -1.+0.j -1.+0.j -1.+0.j -1.+0.j  1.+0.j  1.+0.j  1.+0.j  1.+0.j  1.+0.j  1.+0.j  1.+0.j  1.+0.j
  1.+0.j  1.+0.j -1.+0.j -1.+0.j  1.+0.j  1.+0.j -1.+0.j -1.+0.j  1.+0.j  1.+0.j -1.+0.j -1.+0.j -1.+0.j -1.+0.j
  1.+0.j  1.+0.j  1.+0.j  1.+0.j -1.+0.j -1.+0.j  1.+0.j  1.+0.j -1.+0.j -1.+0.j -1.+0.j -1.+0.j  1.+0.j  1.+0.j
  1.+0.j  1.+0.j  1.+0.j  1.+0.j  1.+0.j  1.+0.j  1.+0.j  1.+0.j  1.+0.j  1.+0.j -1.+0.j -1.+0.j -1.+0.j -1.+0.j
  1.+0.j  1.+0.j -1.+0.j -1.+0.j  1.+0.j  1.+0.j  1.+0.j  1.+0.j -1.+0.j -1.+0.j  1.-0.j  1.-0.j  1.-0.j  1.-0.j
  1.-0.j  1.-0.j  1.-0.j  1.-0.j  1.-0.j  1.-0.j  1.-0.j  1.-0.j  1.-0.j  1.-0.j  1.-0.j  1.-0.j  1.-0.j  1.-0.j
  1.-0.j  1.-0.j  1.-0.j  1.-0.j  1.-0.j  1.-0.j -1.+0.j -1.+0.j  1.-0.j  1.-0.j  1.-0.j  1.-0.j  1.-0.j  1.-0.j
  1.-0.j  1.-0.j -1.+0.j -1.+0.j -1.+0.j -1.+0.j  1.-0.j  1.-0.j  1.-0.j  1.-0.j  1.-0.j  1.-0.j -1.+0.j -1.+0.j
 -1.+0.j -1.+0.j  1.-0.j  1.-0.j -1.+0.j -1.+0.j -1.+0.j -1.+0.j -1.+0.j -1.+0.j -1.+0.j -1.+0.j -1.+0.j -1.+0.j
 -1.+0.j -1.+0.j  1.-0.j  1.-0.j -1.+0.j -1.+0.j -1.+0.j -1.+0.j  1.-0.j  1.-0.j  1.-0.j  1.-0.j  1.-0.j  1.-0.j
  1.-0.j  1.-0.j -1.+0.j -1.+0.j -1.+0.j -1.+0.j  1.-0.j  1.-0.j  1.-0.j  1.-0.j -1.+0.j -1.+0.j  1.-0.j  1.-0.j
 -1.+0.j -1.+0.j -1.+0.j -1.+0.j  1.-0.j  1.-0.j  1.-0.j  1.-0.j -1.+0.j -1.+0.j  1.-0.j  1.-0.j  1.-0.j  1.-0.j
 -1.+0.j -1.+0.j  1.-0.j  1.-0.j -1.+0.j -1.+0.j  1.-0.j  1.-0.j  1.-0.j  1.-0.j  1.-0.j  1.-0.j -1.+0.j -1.+0.j
 -1.+0.j -1.+0.j -1.+0.j -1.+0.j -1.+0.j -1.+0.j -1.+0.j -1.+0.j -1.+0.j -1.+0.j -1.+0.j -1.+0.j  1.-0.j  1.-0.j
  1.-0.j  1.-0.j -1.+0.j -1.+0.j -1.+0.j -1.+0.j -1.+0.j -1.+0.j -1.+0.j -1.+0.j -1.+0.j -1.+0.j -1.+0.j -1.+0.j
  1.-0.j  1.-0.j  1.-0.j  1.-0.j  1.-0.j  1.-0.j -1.+0.j -1.+0.j  1.-0.j  1.-0.j -1.+0.j -1.+0.j  1.-0.j  1.-0.j
 -1.+0.j -1.+0.j -1.+0.j -1.+0.j -1.+0.j -1.+0.j -1.+0.j -1.+0.j  1.-0.j  1.-0.j -1.+0.j -1.+0.j -1.+0.j -1.+0.j
 -1.+0.j -1.+0.j -1.+0.j -1.+0.j -1.+0.j -1.+0.j -1.+0.j -1.+0.j  1.-0.j  1.-0.j -1.+0.j -1.+0.j -1.+0.j -1.+0.j
  1.-0.j  1.-0.j -1.+0.j -1.+0.j  1.-0.j  1.-0.j  1.-0.j  1.-0.j -1.+0.j -1.+0.j -1.+0.j -1.+0.j -1.+0.j -1.+0.j
 -1.+0.j -1.+0.j -1.+0.j -1.+0.j  1.-0.j  1.-0.j -1.+0.j -1.+0.j  1.-0.j  1.-0.j -1.+0.j -1.+0.j  1.-0.j  1.-0.j
  1.-0.j  1.-0.j -1.+0.j -1.+0.j -1.+0.j -1.+0.j  1.-0.j  1.-0.j -1.+0.j -1.+0.j  1.-0.j  1.-0.j  1.-0.j  1.-0.j
 -1.+0.j -1.+0.j -1.+0.j -1.+0.j -1.+0.j -1.+0.j -1.+0.j -1.+0.j -1.+0.j -1.+0.j -1.+0.j -1.+0.j  1.-0.j  1.-0.j
  1.-0.j  1.-0.j -1.+0.j -1.+0.j  1.-0.j  1.-0.j -1.+0.j -1.+0.j -1.+0.j -1.+0.j  1.-0.j  1.-0.j -1.+0.j -1.+0.j
 -1.+0.j -1.+0.j -1.+0.j -1.+0.j -1.+0.j -1.+0.j -1.+0.j -1.+0.j -1.+0.j -1.+0.j -1.+0.j -1.+0.j -1.+0.j -1.+0.j
 -1.+0.j -1.+0.j -1.+0.j -1.+0.j -1.+0.j -1.+0.j -1.+0.j -1.+0.j  1.+0.j  1.+0.j -1.+0.j -1.+0.j -1.+0.j -1.+0.j
 -1.+0.j -1.+0.j -1.+0.j -1.+0.j  1.+0.j  1.+0.j  1.+0.j  1.+0.j -1.+0.j -1.+0.j -1.+0.j -1.+0.j -1.+0.j -1.+0.j
  1.+0.j  1.+0.j  1.+0.j  1.+0.j -1.+0.j -1.+0.j  1.+0.j  1.+0.j  1.+0.j  1.+0.j  1.+0.j  1.+0.j  1.+0.j  1.+0.j
  1.+0.j  1.+0.j  1.+0.j  1.+0.j -1.+0.j -1.+0.j  1.+0.j  1.+0.j  1.+0.j  1.+0.j -1.+0.j -1.+0.j -1.+0.j -1.+0.j
 -1.+0.j -1.+0.j -1.+0.j -1.+0.j  1.+0.j  1.+0.j  1.+0.j  1.+0.j -1.+0.j -1.+0.j -1.+0.j -1.+0.j  1.+0.j  1.+0.j
 -1.+0.j -1.+0.j  1.+0.j  1.+0.j  1.+0.j  1.+0.j -1.+0.j -1.+0.j -1.+0.j -1.+0.j  1.+0.j  1.+0.j -1.+0.j -1.+0.j
 -1.+0.j -1.+0.j  1.+0.j  1.+0.j -1.+0.j -1.+0.j  1.+0.j  1.+0.j -1.+0.j -1.+0.j -1.+0.j -1.+0.j -1.+0.j -1.+0.j
  1.+0.j  1.+0.j  1.+0.j  1.+0.j  1.+0.j  1.+0.j  1.+0.j  1.+0.j  1.+0.j  1.+0.j  1.+0.j  1.+0.j  1.+0.j  1.+0.j
 -1.+0.j -1.+0.j -1.+0.j -1.+0.j  1.+0.j  1.+0.j  1.+0.j  1.+0.j  1.+0.j  1.+0.j  1.+0.j  1.+0.j  1.+0.j  1.+0.j
  1.+0.j  1.+0.j -1.+0.j -1.+0.j -1.+0.j -1.+0.j -1.+0.j -1.+0.j  1.+0.j  1.+0.j -1.+0.j -1.+0.j  1.+0.j  1.+0.j
 -1.+0.j -1.+0.j  1.+0.j  1.+0.j  1.+0.j  1.+0.j  1.+0.j  1.+0.j  1.+0.j  1.+0.j -1.+0.j -1.+0.j  1.+0.j  1.+0.j
  1.+0.j  1.+0.j  1.+0.j  1.+0.j  1.+0.j  1.+0.j  1.+0.j  1.+0.j  1.+0.j  1.+0.j -1.+0.j -1.+0.j  1.+0.j  1.+0.j
  1.+0.j  1.+0.j -1.+0.j -1.+0.j  1.+0.j  1.+0.j -1.+0.j -1.+0.j -1.+0.j -1.+0.j  1.+0.j  1.+0.j  1.+0.j  1.+0.j
  1.+0.j  1.+0.j  1.+0.j  1.+0.j  1.+0.j  1.+0.j -1.+0.j -1.+0.j  1.+0.j  1.+0.j -1.+0.j -1.+0.j  1.+0.j  1.+0.j
 -1.+0.j -1.+0.j -1.+0.j -1.+0.j  1.+0.j  1.+0.j  1.+0.j  1.+0.j -1.+0.j -1.+0.j  1.+0.j  1.+0.j -1.+0.j -1.+0.j
 -1.+0.j -1.+0.j  1.+0.j  1.+0.j  1.+0.j  1.+0.j  1.+0.j  1.+0.j  1.+0.j  1.+0.j  1.+0.j  1.+0.j  1.+0.j  1.+0.j
 -1.+0.j -1.+0.j -1.+0.j -1.+0.j  1.+0.j  1.+0.j -1.+0.j -1.+0.j  1.+0.j  1.+0.j  1.+0.j  1.+0.j -1.+0.j -1.+0.j
  1.-0.j  1.-0.j  1.-0.j  1.-0.j  1.-0.j  1.-0.j  1.-0.j  1.-0.j  1.-0.j  1.-0.j  1.-0.j  1.-0.j  1.-0.j  1.-0.j
  1.-0.j  1.-0.j  1.-0.j  1.-0.j  1.-0.j  1.-0.j  1.-0.j  1.-0.j  1.-0.j  1.-0.j -1.+0.j -1.+0.j  1.-0.j  1.-0.j
  1.-0.j  1.-0.j  1.-0.j  1.-0.j  1.-0.j  1.-0.j -1.+0.j -1.+0.j -1.+0.j -1.+0.j  1.-0.j  1.-0.j  1.-0.j  1.-0.j
  1.-0.j  1.-0.j -1.+0.j -1.+0.j -1.+0.j -1.+0.j  1.-0.j  1.-0.j -1.+0.j -1.+0.j -1.+0.j -1.+0.j -1.+0.j -1.+0.j
 -1.+0.j -1.+0.j -1.+0.j -1.+0.j -1.+0.j -1.+0.j  1.-0.j  1.-0.j -1.+0.j -1.+0.j -1.+0.j -1.+0.j  1.-0.j  1.-0.j
  1.-0.j  1.-0.j  1.-0.j  1.-0.j  1.-0.j  1.-0.j -1.+0.j -1.+0.j -1.+0.j -1.+0.j  1.-0.j  1.-0.j  1.-0.j  1.-0.j
 -1.+0.j -1.+0.j  1.-0.j  1.-0.j -1.+0.j -1.+0.j -1.+0.j -1.+0.j  1.-0.j  1.-0.j  1.-0.j  1.-0.j -1.+0.j -1.+0.j
  1.-0.j  1.-0.j  1.-0.j  1.-0.j -1.+0.j -1.+0.j  1.-0.j  1.-0.j -1.+0.j -1.+0.j  1.-0.j  1.-0.j  1.-0.j  1.-0.j
  1.-0.j  1.-0.j -1.+0.j -1.+0.j -1.+0.j -1.+0.j -1.+0.j -1.+0.j -1.+0.j -1.+0.j -1.+0.j -1.+0.j -1.+0.j -1.+0.j
 -1.+0.j -1.+0.j  1.-0.j  1.-0.j  1.-0.j  1.-0.j -1.+0.j -1.+0.j -1.+0.j -1.+0.j -1.+0.j -1.+0.j -1.+0.j -1.+0.j
 -1.+0.j -1.+0.j -1.+0.j -1.+0.j  1.-0.j  1.-0.j  1.-0.j  1.-0.j  1.-0.j  1.-0.j -1.+0.j -1.+0.j  1.-0.j  1.-0.j
 -1.+0.j -1.+0.j  1.-0.j  1.-0.j -1.+0.j -1.+0.j -1.+0.j -1.+0.j -1.+0.j -1.+0.j -1.+0.j -1.+0.j  1.-0.j  1.-0.j
 -1.+0.j -1.+0.j -1.+0.j -1.+0.j -1.+0.j -1.+0.j -1.+0.j -1.+0.j -1.+0.j -1.+0.j -1.+0.j -1.+0.j  1.-0.j  1.-0.j
 -1.+0.j -1.+0.j -1.+0.j -1.+0.j  1.-0.j  1.-0.j -1.+0.j -1.+0.j  1.-0.j  1.-0.j  1.-0.j  1.-0.j -1.+0.j -1.+0.j
 -1.+0.j -1.+0.j -1.+0.j -1.+0.j -1.+0.j -1.+0.j -1.+0.j -1.+0.j  1.-0.j  1.-0.j -1.+0.j -1.+0.j  1.-0.j  1.-0.j
 -1.+0.j -1.+0.j  1.-0.j  1.-0.j  1.-0.j  1.-0.j -1.+0.j -1.+0.j -1.+0.j -1.+0.j  1.-0.j  1.-0.j -1.+0.j -1.+0.j
  1.-0.j  1.-0.j  1.-0.j  1.-0.j -1.+0.j -1.+0.j -1.+0.j -1.+0.j -1.+0.j -1.+0.j -1.+0.j -1.+0.j -1.+0.j -1.+0.j
 -1.+0.j -1.+0.j  1.-0.j  1.-0.j  1.-0.j  1.-0.j -1.+0.j -1.+0.j  1.-0.j  1.-0.j -1.+0.j -1.+0.j -1.+0.j -1.+0.j
  1.-0.j  1.-0.j]
2025-08-29 12:15:08 [INFO] Processing 2032 samples from tag 0
2025-08-29 12:15:08 [INFO] Expected number of bits: 8
2025-08-29 12:15:08 [DEBUG] coarse freq offset: 0.0
2025-08-29 12:15:08 [INFO] rx_bits_raw: [1 1 1 1 1 1 1 1 1 1 1 1 1 1 1 1 1 1 1 1 1 1 1 1 1 1 1 1 1 1 1 1 1 1 1 1 1 1 1 1 1 1 1 1 1 1 1 1 1 1 1 1 1 1 1 1 1 1 1
 1 1 1 1 1 1 1 1 1 1 1 1 1 1 1 1 1 1 1 1 1 1 1 1 1 1 1 1 1 1 1 1 1 1 1 1 1 1 1 1 1 1 1 1 1 1 1 1 1 1 1 1 1 1 1 1 1 1 1
 1 1 1 1 1 1 1 1 1 0 0 0 0 0 0 0 0 0 0 0 0 0 0 0 0 0 0 0 0 0 0 0 0 0 0 0 0 0 0 0 0 0 0 0 0 0 0 0 0 0 0 0 0 0 0 0 0 0 0
 0 0 0 0 0 0 0 0 0 0 0 0 0 0 0 0 0 0 0 0 0 0 0 0 0 0 0 0 0 0 0 0 0 0 0 0 0 0 0 0 0 0 0 0 0 0 0 0 0 0 0 0 0 0 0 0 0 0 0
 0 0 0 0 0 0 0 0 0 0 0 0 0 0 0 0 0 0 0 1 1 1 1 1 1 1 1 1 1 1 1 1 1 1 1 1 1 1 1 1 1 1 1 1 1 1 1 1 1 1 1 1 1 1 1 1 1 1 1
 1 1 1 1 1 1 1 1 1 1 1 1 1 1 1 1 1 1 1 1 1 1 1 1 1 1 1 1 1 1 1 1 1 1 1 1 1 1 1 1 1 1 1 1 1 1 1 1 1 1 1 1 1 1 1 1 1 1 1
 1 1 1 1 1 1 1 1 1 1 1 1 1 1 1 1 1 1 1 1 1 1 1 1 1 1 1 0 0 0 0 0 0 0 0 0 0 0 0 0 0 0 0 0 0 0 0 0 0 0 0 0 0 0 0 0 0 0 0
 0 0 0 0 0 0 0 0 0 0 0 0 0 0 0 0 0 0 0 0 0 0 0 0 0 0 0 0 0 0 0 0 0 0 0 0 0 0 0 0 0 0 0 0 0 0 0 0 0 0 0 0 0 0 0 0 0 0 0
 0 0 0 0 0 0 0 0 0 0 0 0 0 0 0 0 0 0 0 0 0 0 0 0 0 0 0 0 0 0 0 0 0 0 0 0 0 1 1 1 1 1 1 1 1 1 1 1 1 1 1 1 1 1 1 1 1 1 1
 1 1 1 1 1 1 1 1 1 1 1 1 1 1 1 1 1 1 1 1 1 1 1 1 1 1 1 1 1 1 1 1 1 1 1 1 1 1 1 1 1 1 1 1 1 1 1 1 1 1 1 1 1 1 1 1 1 1 1
 1 1 1 1 1 1 1 1 1 1 1 1 1 1 1 1 1 1 1 1 1 1 1 1 1 1 1 1 1 1 1 1 1 1 1 1 1 1 1 1 1 1 1 1 1 0 0 0 0 0 0 0 0 0 0 0 0 0 0
 0 0 0 0 0 0 0 0 0 0 0 0 0 0 0 0 0 0 0 0 0 0 0 0 0 0 0 0 0 0 0 0 0 0 0 0 0 0 0 0 0 0 0 0 0 0 0 0 0 0 0 0 0 0 0 0 0 0 0
 0 0 0 0 0 0 0 0 0 0 0 0 0 0 0 0 0 0 0 0 0 0 0 0 0 0 0 0 0 0 0 0 0 0 0 0 0 0 0 0 0 0 0 0 0 0 0 0 0 0 0 0 0 0 0 1 1 1 1
 1 1 1 1 1 1 1 1 1 1 1 1 1 1 1 1 1 1 1 1 1 1 1 1 1 1 1 1 1 1 1 1 1 1 1 1 1 1 1 1 1 1 1 1 1 1 1 1 1 1 1 1 1 1 1 1 1 1 1
 1 1 1 1 1 1 1 1 1 1 1 1 1 1 1 1 1 1 1 1 1 1 1 1 1 1 1 1 1 1 1 1 1 1 1 1 1 1 1 1 1 1 1 1 1 1 1 1 1 1 1 1 1 1 1 1 1 1 1
 1 1 1 1 0 0 0 0 0 0 0 0 0 0 0 0 0 0 0 0 0 0 0 0 0 0 0 0 0 0 0 0 0 0 0 0 0 0 0 0 0 0 0 0 0 0 0 0 0 0 0 0 0 0 0 0 0 0 0
 0 0 0 0 0 0 0 0 0 0 0 0 0 0 0 0 0 0 0 0 0 0 0 0 0 0 0 0 0 0 0 0 0 0 0 0 0 0 0 0 0 0 0 0 0 0 0 0 0 0 0 0 0 0 0 0 0 0 0
 0 0 0 0 0 0]
2025-08-29 12:15:24 [DEBUG] **** New run with CLI arguments: Namespace(source='sim', file=None, verbose=3, n_tags=1)
2025-08-29 12:15:24 [DEBUG] Generating simulated samples for 1 tags
2025-08-29 12:15:24 [INFO] simulated packet metadata: SimulatedPacket(tag_id=0, preamble_bits=[], sync_bits=[], payload_bits=array([1, 0, 1, 0, 1, 0, 1, 0]), sps=2, all_bits=array([1., 0., 1., 0., 1., 0., 1., 0.]), goldcode=array([-1, -1,  1, -1]), samples=None, snr_db=15.0, frequency_offset_hz=500.0, time_delay_sec=0.002)
2025-08-29 12:15:24 [INFO] Packet to demod: [-1.+0.j -1.+0.j -1.+0.j -1.+0.j  1.+0.j  1.+0.j -1.+0.j -1.+0.j  1.-0.j  1.-0.j  1.-0.j  1.-0.j -1.+0.j -1.+0.j
  1.-0.j  1.-0.j -1.+0.j -1.+0.j -1.+0.j -1.+0.j  1.+0.j  1.+0.j -1.+0.j -1.+0.j  1.-0.j  1.-0.j  1.-0.j  1.-0.j
 -1.+0.j -1.+0.j  1.-0.j  1.-0.j -1.+0.j -1.+0.j -1.+0.j -1.+0.j  1.+0.j  1.+0.j -1.+0.j -1.+0.j  1.-0.j  1.-0.j
  1.-0.j  1.-0.j -1.+0.j -1.+0.j  1.-0.j  1.-0.j -1.+0.j -1.+0.j -1.+0.j -1.+0.j  1.+0.j  1.+0.j -1.+0.j -1.+0.j
  1.-0.j  1.-0.j  1.-0.j  1.-0.j -1.+0.j -1.+0.j  1.-0.j  1.-0.j]
2025-08-29 12:15:24 [INFO] Processing 64 samples from tag 0
2025-08-29 12:15:25 [INFO] Expected number of bits: 8
2025-08-29 12:15:25 [DEBUG] coarse freq offset: 0.0
2025-08-29 12:15:25 [INFO] rx_bits_raw: [1 1 1 1 0 0 0 0 0 1 1 1 0 0 0 0 0 1 1 1 0 0 0 0 0]
2025-08-29 12:26:57 [DEBUG] **** New run with CLI arguments: Namespace(source='sim', file=None, verbose=3, n_tags=1)
2025-08-29 12:26:57 [DEBUG] Generating simulated samples for 1 tags
2025-08-29 12:26:57 [INFO] simulated packet metadata: SimulatedPacket(tag_id=0, preamble_bits=[], sync_bits=[], payload_bits=array([1, 0, 1, 0, 1, 0, 1, 0]), sps=2, all_bits=array([1., 0., 1., 0., 1., 0., 1., 0.]), goldcode=array([-1, -1,  1, -1]), samples=None, snr_db=15.0, frequency_offset_hz=500.0, time_delay_sec=0.002)
2025-08-29 12:26:57 [INFO] Packet to demod: [-1.+0.j -1.+0.j -1.+0.j -1.+0.j  1.+0.j  1.+0.j -1.+0.j -1.+0.j  1.-0.j  1.-0.j  1.-0.j  1.-0.j -1.+0.j -1.+0.j
  1.-0.j  1.-0.j -1.+0.j -1.+0.j -1.+0.j -1.+0.j  1.+0.j  1.+0.j -1.+0.j -1.+0.j  1.-0.j  1.-0.j  1.-0.j  1.-0.j
 -1.+0.j -1.+0.j  1.-0.j  1.-0.j -1.+0.j -1.+0.j -1.+0.j -1.+0.j  1.+0.j  1.+0.j -1.+0.j -1.+0.j  1.-0.j  1.-0.j
  1.-0.j  1.-0.j -1.+0.j -1.+0.j  1.-0.j  1.-0.j -1.+0.j -1.+0.j -1.+0.j -1.+0.j  1.+0.j  1.+0.j -1.+0.j -1.+0.j
  1.-0.j  1.-0.j  1.-0.j  1.-0.j -1.+0.j -1.+0.j  1.-0.j  1.-0.j]
2025-08-29 12:26:57 [INFO] Processing 64 samples from tag 0
2025-08-29 12:26:57 [INFO] Expected number of bits: 8
2025-08-29 12:26:57 [DEBUG] coarse freq offset: 0.0
2025-08-29 12:26:57 [INFO] rx_bits_raw: [1 1 1 1 0 0 0 0 1 1 1 1 0 0 0 0 1 1 1 1 0 0 0 0 1]
2025-08-29 12:26:57 [INFO] proc_bits:[ 1.  0.  1.  0.  1.  0. nan nan]
2025-08-29 12:27:26 [DEBUG] **** New run with CLI arguments: Namespace(source='sim', file=None, verbose=3, n_tags=1)
2025-08-29 12:27:26 [DEBUG] Generating simulated samples for 1 tags
2025-08-29 12:27:26 [INFO] simulated packet metadata: SimulatedPacket(tag_id=0, preamble_bits=[], sync_bits=[], payload_bits=array([1, 0, 1, 0, 1, 0, 1, 0]), sps=2, all_bits=array([1., 0., 1., 0., 1., 0., 1., 0.]), goldcode=array([-1, -1,  1, -1]), samples=None, snr_db=15.0, frequency_offset_hz=500.0, time_delay_sec=0.002)
2025-08-29 12:27:26 [INFO] Packet to demod: [-1.+0.j -1.+0.j -1.+0.j -1.+0.j  1.+0.j  1.+0.j -1.+0.j -1.+0.j  1.-0.j  1.-0.j  1.-0.j  1.-0.j -1.+0.j -1.+0.j
  1.-0.j  1.-0.j -1.+0.j -1.+0.j -1.+0.j -1.+0.j  1.+0.j  1.+0.j -1.+0.j -1.+0.j  1.-0.j  1.-0.j  1.-0.j  1.-0.j
 -1.+0.j -1.+0.j  1.-0.j  1.-0.j -1.+0.j -1.+0.j -1.+0.j -1.+0.j  1.+0.j  1.+0.j -1.+0.j -1.+0.j  1.-0.j  1.-0.j
  1.-0.j  1.-0.j -1.+0.j -1.+0.j  1.-0.j  1.-0.j -1.+0.j -1.+0.j -1.+0.j -1.+0.j  1.+0.j  1.+0.j -1.+0.j -1.+0.j
  1.-0.j  1.-0.j  1.-0.j  1.-0.j -1.+0.j -1.+0.j  1.-0.j  1.-0.j]
2025-08-29 12:27:26 [INFO] Processing 64 samples from tag 0
2025-08-29 12:27:26 [INFO] Expected number of bits: 8
2025-08-29 12:27:26 [DEBUG] coarse freq offset: 0.0
2025-08-29 12:27:26 [INFO] rx_bits_raw: [1 1 1 1 0 0 0 0 1 1 1 1 0 0 0 0 1 1 1 1 0 0 0 0 1]
2025-08-29 12:27:26 [INFO] proc_bits:[ 1.  0.  1.  0.  1.  0. nan nan]
2025-08-29 12:27:54 [DEBUG] **** New run with CLI arguments: Namespace(source='sim', file=None, verbose=3, n_tags=1)
2025-08-29 12:27:54 [DEBUG] Generating simulated samples for 1 tags
2025-08-29 12:27:54 [INFO] simulated packet metadata: SimulatedPacket(tag_id=0, preamble_bits=[], sync_bits=[], payload_bits=array([1, 0, 1, 0, 1, 0, 1, 0]), sps=2, all_bits=array([1., 0., 1., 0., 1., 0., 1., 0.]), goldcode=array([-1, -1,  1, -1]), samples=None, snr_db=15.0, frequency_offset_hz=500.0, time_delay_sec=0.002)
2025-08-29 12:27:54 [INFO] Packet to demod: [-1.+0.j -1.+0.j -1.+0.j -1.+0.j  1.+0.j  1.+0.j -1.+0.j -1.+0.j  1.-0.j  1.-0.j  1.-0.j  1.-0.j -1.+0.j -1.+0.j
  1.-0.j  1.-0.j -1.+0.j -1.+0.j -1.+0.j -1.+0.j  1.+0.j  1.+0.j -1.+0.j -1.+0.j  1.-0.j  1.-0.j  1.-0.j  1.-0.j
 -1.+0.j -1.+0.j  1.-0.j  1.-0.j -1.+0.j -1.+0.j -1.+0.j -1.+0.j  1.+0.j  1.+0.j -1.+0.j -1.+0.j  1.-0.j  1.-0.j
  1.-0.j  1.-0.j -1.+0.j -1.+0.j  1.-0.j  1.-0.j -1.+0.j -1.+0.j -1.+0.j -1.+0.j  1.+0.j  1.+0.j -1.+0.j -1.+0.j
  1.-0.j  1.-0.j  1.-0.j  1.-0.j -1.+0.j -1.+0.j  1.-0.j  1.-0.j]
2025-08-29 12:27:54 [INFO] Processing 64 samples from tag 0
2025-08-29 12:27:55 [INFO] Expected number of bits: 8
2025-08-29 12:27:55 [DEBUG] coarse freq offset: 0.0
2025-08-29 12:27:55 [INFO] rx_bits_raw: [1 1 1 1 0 0 0 0 1 1 1 1 0 0 0 0 1 1 1 1 0 0 0 0 1]
2025-08-29 12:27:55 [INFO] proc_bits:[ 1.  0.  1.  0.  1.  0. nan nan]
2025-08-29 13:15:51 [DEBUG] **** New run with CLI arguments: Namespace(source='sim', file=None, verbose=3, n_tags=1)
2025-08-29 13:15:51 [DEBUG] Generating simulated samples for 1 tags
2025-08-29 13:15:51 [INFO] simulated packet metadata: SimulatedPacket(tag_id=0, preamble_bits=[], sync_bits=[], payload_bits=array([1, 0, 1, 0, 1, 0, 1, 0]), sps=2, all_bits=array([1., 0., 1., 0., 1., 0., 1., 0.]), goldcode=array([-1, -1,  1, -1]), samples=None, snr_db=15.0, frequency_offset_hz=500.0, time_delay_sec=0.002)
2025-08-29 13:15:51 [INFO] Packet to demod: [-1.+0.j -1.+0.j -1.+0.j -1.+0.j  1.+0.j  1.+0.j -1.+0.j -1.+0.j  1.-0.j  1.-0.j  1.-0.j  1.-0.j -1.+0.j -1.+0.j
  1.-0.j  1.-0.j -1.+0.j -1.+0.j -1.+0.j -1.+0.j  1.+0.j  1.+0.j -1.+0.j -1.+0.j  1.-0.j  1.-0.j  1.-0.j  1.-0.j
 -1.+0.j -1.+0.j  1.-0.j  1.-0.j -1.+0.j -1.+0.j -1.+0.j -1.+0.j  1.+0.j  1.+0.j -1.+0.j -1.+0.j  1.-0.j  1.-0.j
  1.-0.j  1.-0.j -1.+0.j -1.+0.j  1.-0.j  1.-0.j -1.+0.j -1.+0.j -1.+0.j -1.+0.j  1.+0.j  1.+0.j -1.+0.j -1.+0.j
  1.-0.j  1.-0.j  1.-0.j  1.-0.j -1.+0.j -1.+0.j  1.-0.j  1.-0.j]
2025-08-29 13:15:51 [INFO] Processing 64 samples from tag 0
2025-08-29 13:15:52 [INFO] Expected number of bits: 8
2025-08-29 13:15:52 [DEBUG] coarse freq offset: 0.0
2025-08-29 13:15:52 [INFO] rx_bits_raw: [1 1 1 1 0 0 0 0 1 1 1 1 0 0 0 0 1 1 1 1 0 0 0 0 1]
2025-08-29 13:17:01 [DEBUG] **** New run with CLI arguments: Namespace(source='sim', file=None, verbose=3, n_tags=1)
2025-08-29 13:17:01 [DEBUG] Generating simulated samples for 1 tags
2025-08-29 13:17:01 [INFO] simulated packet metadata: SimulatedPacket(tag_id=0, preamble_bits=[], sync_bits=[], payload_bits=array([1, 1, 0, 0, 0, 0, 0, 0]), sps=2, all_bits=array([1., 1., 0., 0., 0., 0., 0., 0.]), goldcode=array([-1, -1,  1, -1]), samples=None, snr_db=15.0, frequency_offset_hz=500.0, time_delay_sec=0.002)
2025-08-29 13:17:01 [INFO] Packet to demod: [-1.+0.j -1.+0.j -1.+0.j -1.+0.j  1.+0.j  1.+0.j -1.+0.j -1.+0.j -1.+0.j -1.+0.j -1.+0.j -1.+0.j  1.+0.j  1.+0.j
 -1.+0.j -1.+0.j  1.-0.j  1.-0.j  1.-0.j  1.-0.j -1.+0.j -1.+0.j  1.-0.j  1.-0.j  1.-0.j  1.-0.j  1.-0.j  1.-0.j
 -1.+0.j -1.+0.j  1.-0.j  1.-0.j  1.-0.j  1.-0.j  1.-0.j  1.-0.j -1.+0.j -1.+0.j  1.-0.j  1.-0.j  1.-0.j  1.-0.j
  1.-0.j  1.-0.j -1.+0.j -1.+0.j  1.-0.j  1.-0.j  1.-0.j  1.-0.j  1.-0.j  1.-0.j -1.+0.j -1.+0.j  1.-0.j  1.-0.j
  1.-0.j  1.-0.j  1.-0.j  1.-0.j -1.+0.j -1.+0.j  1.-0.j  1.-0.j]
2025-08-29 13:17:01 [INFO] Processing 64 samples from tag 0
2025-08-29 13:17:02 [INFO] Expected number of bits: 8
2025-08-29 13:17:02 [DEBUG] coarse freq offset: 0.0
2025-08-29 13:17:02 [INFO] rx_bits_raw: [1 1 1 1 1 1 1 1 0 0 0 0 0 0 0 0 0 0 0 0 0 0 0 0 0]
2025-08-29 13:17:27 [DEBUG] **** New run with CLI arguments: Namespace(source='sim', file=None, verbose=3, n_tags=1)
2025-08-29 13:17:27 [DEBUG] Generating simulated samples for 1 tags
2025-08-29 13:17:27 [INFO] simulated packet metadata: SimulatedPacket(tag_id=0, preamble_bits=[], sync_bits=[], payload_bits=array([1, 1, 0, 0, 0, 0, 0, 0]), sps=2, all_bits=array([1., 1., 0., 0., 0., 0., 0., 0.]), goldcode=array([-1, -1,  1, -1]), samples=None, snr_db=15.0, frequency_offset_hz=500.0, time_delay_sec=0.002)
2025-08-29 13:17:27 [INFO] Packet to demod: [-1.+0.j -1.+0.j -1.+0.j -1.+0.j  1.+0.j  1.+0.j -1.+0.j -1.+0.j -1.+0.j -1.+0.j -1.+0.j -1.+0.j  1.+0.j  1.+0.j
 -1.+0.j -1.+0.j  1.-0.j  1.-0.j  1.-0.j  1.-0.j -1.+0.j -1.+0.j  1.-0.j  1.-0.j  1.-0.j  1.-0.j  1.-0.j  1.-0.j
 -1.+0.j -1.+0.j  1.-0.j  1.-0.j  1.-0.j  1.-0.j  1.-0.j  1.-0.j -1.+0.j -1.+0.j  1.-0.j  1.-0.j  1.-0.j  1.-0.j
  1.-0.j  1.-0.j -1.+0.j -1.+0.j  1.-0.j  1.-0.j  1.-0.j  1.-0.j  1.-0.j  1.-0.j -1.+0.j -1.+0.j  1.-0.j  1.-0.j
  1.-0.j  1.-0.j  1.-0.j  1.-0.j -1.+0.j -1.+0.j  1.-0.j  1.-0.j]
2025-08-29 13:17:28 [INFO] Processing 64 samples from tag 0
2025-08-29 13:17:28 [INFO] Expected number of bits: 8
2025-08-29 13:17:28 [DEBUG] coarse freq offset: 0.0
2025-08-29 13:17:28 [INFO] rx_bits_raw: [1 1 1 1 1 1 1 1 0 0 0 0 0 0 0 0 0 0 0 0 0 0 0 0 0]
2025-08-29 13:17:44 [DEBUG] **** New run with CLI arguments: Namespace(source='sim', file=None, verbose=3, n_tags=1)
2025-08-29 13:17:44 [DEBUG] Generating simulated samples for 1 tags
2025-08-29 13:17:44 [INFO] simulated packet metadata: SimulatedPacket(tag_id=0, preamble_bits=[], sync_bits=[], payload_bits=array([1, 1, 0, 0, 0, 0, 0, 0]), sps=2, all_bits=array([1., 1., 0., 0., 0., 0., 0., 0.]), goldcode=array([-1, -1,  1, -1]), samples=None, snr_db=15.0, frequency_offset_hz=500.0, time_delay_sec=0.002)
2025-08-29 13:17:44 [INFO] Packet to demod: [-1.+0.j -1.+0.j -1.+0.j -1.+0.j  1.+0.j  1.+0.j -1.+0.j -1.+0.j -1.+0.j -1.+0.j -1.+0.j -1.+0.j  1.+0.j  1.+0.j
 -1.+0.j -1.+0.j  1.-0.j  1.-0.j  1.-0.j  1.-0.j -1.+0.j -1.+0.j  1.-0.j  1.-0.j  1.-0.j  1.-0.j  1.-0.j  1.-0.j
 -1.+0.j -1.+0.j  1.-0.j  1.-0.j  1.-0.j  1.-0.j  1.-0.j  1.-0.j -1.+0.j -1.+0.j  1.-0.j  1.-0.j  1.-0.j  1.-0.j
  1.-0.j  1.-0.j -1.+0.j -1.+0.j  1.-0.j  1.-0.j  1.-0.j  1.-0.j  1.-0.j  1.-0.j -1.+0.j -1.+0.j  1.-0.j  1.-0.j
  1.-0.j  1.-0.j  1.-0.j  1.-0.j -1.+0.j -1.+0.j  1.-0.j  1.-0.j]
2025-08-29 13:17:44 [INFO] Processing 64 samples from tag 0
2025-08-29 13:17:44 [INFO] Expected number of bits: 8
2025-08-29 13:17:44 [DEBUG] coarse freq offset: 0.0
2025-08-29 13:17:44 [INFO] rx_bits_raw: [1 1 1 1 1 1 1 1 0 0 0 0 0 0 0 0 0 0 0 0 0 0 0 0 0]
2025-08-29 13:18:11 [DEBUG] **** New run with CLI arguments: Namespace(source='sim', file=None, verbose=3, n_tags=1)
2025-08-29 13:18:11 [DEBUG] Generating simulated samples for 1 tags
2025-08-29 13:18:11 [INFO] simulated packet metadata: SimulatedPacket(tag_id=0, preamble_bits=[], sync_bits=[], payload_bits=array([1, 1, 0, 0, 0, 0, 0, 0]), sps=2, all_bits=array([1., 1., 0., 0., 0., 0., 0., 0.]), goldcode=array([-1, -1,  1, -1]), samples=None, snr_db=15.0, frequency_offset_hz=500.0, time_delay_sec=0.002)
2025-08-29 13:18:11 [INFO] Packet to demod: [-1.+0.j -1.+0.j -1.+0.j -1.+0.j  1.+0.j  1.+0.j -1.+0.j -1.+0.j -1.+0.j -1.+0.j -1.+0.j -1.+0.j  1.+0.j  1.+0.j
 -1.+0.j -1.+0.j  1.-0.j  1.-0.j  1.-0.j  1.-0.j -1.+0.j -1.+0.j  1.-0.j  1.-0.j  1.-0.j  1.-0.j  1.-0.j  1.-0.j
 -1.+0.j -1.+0.j  1.-0.j  1.-0.j  1.-0.j  1.-0.j  1.-0.j  1.-0.j -1.+0.j -1.+0.j  1.-0.j  1.-0.j  1.-0.j  1.-0.j
  1.-0.j  1.-0.j -1.+0.j -1.+0.j  1.-0.j  1.-0.j  1.-0.j  1.-0.j  1.-0.j  1.-0.j -1.+0.j -1.+0.j  1.-0.j  1.-0.j
  1.-0.j  1.-0.j  1.-0.j  1.-0.j -1.+0.j -1.+0.j  1.-0.j  1.-0.j]
2025-08-29 13:18:11 [INFO] Processing 64 samples from tag 0
2025-08-29 13:18:11 [INFO] Expected number of bits: 8
2025-08-29 13:18:11 [DEBUG] coarse freq offset: 0.0
2025-08-29 13:18:12 [INFO] rx_bits_raw: [1 1 1 1 1 1 1 1 0 0 0 0 0 0 0 0 0 0 0 0 0 0 0 0 0]
2025-08-29 13:18:12 [INFO] proc_bits:[ 1.  1.  0.  0.  0.  0. nan nan]
2025-08-29 13:20:48 [DEBUG] **** New run with CLI arguments: Namespace(source='sim', file=None, verbose=3, n_tags=1)
2025-08-29 13:20:48 [DEBUG] Generating simulated samples for 1 tags
2025-08-29 13:20:48 [INFO] simulated packet metadata: SimulatedPacket(tag_id=0, preamble_bits=[], sync_bits=[], payload_bits=array([1, 1, 0, 0, 0, 0, 0, 0]), pad_bits=array([0., 0., 0., 0., 0., 0., 0., 0., 0., 0.]), sps=2, all_bits=array([1., 1., 0., 0., 0., 0., 0., 0., 0., 0., 0., 0., 0., 0., 0., 0., 0., 0.]), goldcode=array([-1, -1,  1, -1]), samples=None, snr_db=15.0, frequency_offset_hz=500.0, time_delay_sec=0.002)
2025-08-29 13:20:48 [INFO] Packet to demod: [-1.+0.j -1.+0.j -1.+0.j -1.+0.j  1.+0.j  1.+0.j -1.+0.j -1.+0.j -1.+0.j -1.+0.j -1.+0.j -1.+0.j  1.+0.j  1.+0.j
 -1.+0.j -1.+0.j  1.-0.j  1.-0.j  1.-0.j  1.-0.j -1.+0.j -1.+0.j  1.-0.j  1.-0.j  1.-0.j  1.-0.j  1.-0.j  1.-0.j
 -1.+0.j -1.+0.j  1.-0.j  1.-0.j  1.-0.j  1.-0.j  1.-0.j  1.-0.j -1.+0.j -1.+0.j  1.-0.j  1.-0.j  1.-0.j  1.-0.j
  1.-0.j  1.-0.j -1.+0.j -1.+0.j  1.-0.j  1.-0.j  1.-0.j  1.-0.j  1.-0.j  1.-0.j -1.+0.j -1.+0.j  1.-0.j  1.-0.j
  1.-0.j  1.-0.j  1.-0.j  1.-0.j -1.+0.j -1.+0.j  1.-0.j  1.-0.j  1.-0.j  1.-0.j  1.-0.j  1.-0.j -1.+0.j -1.+0.j
  1.-0.j  1.-0.j  1.-0.j  1.-0.j  1.-0.j  1.-0.j -1.+0.j -1.+0.j  1.-0.j  1.-0.j  1.-0.j  1.-0.j  1.-0.j  1.-0.j
 -1.+0.j -1.+0.j  1.-0.j  1.-0.j  1.-0.j  1.-0.j  1.-0.j  1.-0.j -1.+0.j -1.+0.j  1.-0.j  1.-0.j  1.-0.j  1.-0.j
  1.-0.j  1.-0.j -1.+0.j -1.+0.j  1.-0.j  1.-0.j  1.-0.j  1.-0.j  1.-0.j  1.-0.j -1.+0.j -1.+0.j  1.-0.j  1.-0.j
  1.-0.j  1.-0.j  1.-0.j  1.-0.j -1.+0.j -1.+0.j  1.-0.j  1.-0.j  1.-0.j  1.-0.j  1.-0.j  1.-0.j -1.+0.j -1.+0.j
  1.-0.j  1.-0.j  1.-0.j  1.-0.j  1.-0.j  1.-0.j -1.+0.j -1.+0.j  1.-0.j  1.-0.j  1.-0.j  1.-0.j  1.-0.j  1.-0.j
 -1.+0.j -1.+0.j  1.-0.j  1.-0.j]
2025-08-29 13:20:48 [INFO] Processing 144 samples from tag 0
2025-08-29 13:20:49 [INFO] Expected number of bits: 18
2025-08-29 13:20:49 [DEBUG] coarse freq offset: 0.0
2025-08-29 13:20:49 [INFO] rx_bits_raw: [1 1 1 1 1 1 1 1 0 0 0 0 0 0 0 0 0 0 0 0 0 0 0 0 0 0 0 0 0 0 0 0 0 0 0 0 0 0 0 0 0 0 0 0 0 0 0 0 0 0 0 0 0 0 0 0 0 0 0
 0 0 0 0 0 0]
2025-08-29 13:20:49 [INFO] proc_bits:[ 1.  1.  0.  0.  0.  0.  0.  0.  0.  0.  0.  0.  0.  0.  0.  0. nan nan]
2025-08-29 13:21:49 [DEBUG] **** New run with CLI arguments: Namespace(source='sim', file=None, verbose=3, n_tags=1)
2025-08-29 13:21:49 [DEBUG] Generating simulated samples for 1 tags
2025-08-29 13:21:49 [INFO] simulated packet metadata: SimulatedPacket(tag_id=0, preamble_bits=[], sync_bits=[], payload_bits=array([1, 0, 1, 0, 1, 0, 0, 1]), pad_bits=array([0., 0., 0., 0., 0., 0., 0., 0., 0., 0.]), sps=2, all_bits=array([1., 0., 1., 0., 1., 0., 0., 1., 0., 0., 0., 0., 0., 0., 0., 0., 0., 0.]), goldcode=array([-1, -1,  1, -1]), samples=None, snr_db=15.0, frequency_offset_hz=500.0, time_delay_sec=0.002)
2025-08-29 13:21:49 [INFO] Packet to demod: [-1.+0.j -1.+0.j -1.+0.j -1.+0.j  1.+0.j  1.+0.j -1.+0.j -1.+0.j  1.-0.j  1.-0.j  1.-0.j  1.-0.j -1.+0.j -1.+0.j
  1.-0.j  1.-0.j -1.+0.j -1.+0.j -1.+0.j -1.+0.j  1.+0.j  1.+0.j -1.+0.j -1.+0.j  1.-0.j  1.-0.j  1.-0.j  1.-0.j
 -1.+0.j -1.+0.j  1.-0.j  1.-0.j -1.+0.j -1.+0.j -1.+0.j -1.+0.j  1.+0.j  1.+0.j -1.+0.j -1.+0.j  1.-0.j  1.-0.j
  1.-0.j  1.-0.j -1.+0.j -1.+0.j  1.-0.j  1.-0.j  1.-0.j  1.-0.j  1.-0.j  1.-0.j -1.+0.j -1.+0.j  1.-0.j  1.-0.j
 -1.+0.j -1.+0.j -1.+0.j -1.+0.j  1.+0.j  1.+0.j -1.+0.j -1.+0.j  1.-0.j  1.-0.j  1.-0.j  1.-0.j -1.+0.j -1.+0.j
  1.-0.j  1.-0.j  1.-0.j  1.-0.j  1.-0.j  1.-0.j -1.+0.j -1.+0.j  1.-0.j  1.-0.j  1.-0.j  1.-0.j  1.-0.j  1.-0.j
 -1.+0.j -1.+0.j  1.-0.j  1.-0.j  1.-0.j  1.-0.j  1.-0.j  1.-0.j -1.+0.j -1.+0.j  1.-0.j  1.-0.j  1.-0.j  1.-0.j
  1.-0.j  1.-0.j -1.+0.j -1.+0.j  1.-0.j  1.-0.j  1.-0.j  1.-0.j  1.-0.j  1.-0.j -1.+0.j -1.+0.j  1.-0.j  1.-0.j
  1.-0.j  1.-0.j  1.-0.j  1.-0.j -1.+0.j -1.+0.j  1.-0.j  1.-0.j  1.-0.j  1.-0.j  1.-0.j  1.-0.j -1.+0.j -1.+0.j
  1.-0.j  1.-0.j  1.-0.j  1.-0.j  1.-0.j  1.-0.j -1.+0.j -1.+0.j  1.-0.j  1.-0.j  1.-0.j  1.-0.j  1.-0.j  1.-0.j
 -1.+0.j -1.+0.j  1.-0.j  1.-0.j]
2025-08-29 13:21:49 [INFO] Processing 144 samples from tag 0
2025-08-29 13:21:49 [INFO] Expected number of bits: 18
2025-08-29 13:21:49 [DEBUG] coarse freq offset: 0.0
2025-08-29 13:21:49 [INFO] rx_bits_raw: [1 1 1 1 0 0 0 0 1 1 1 1 0 0 0 0 1 1 1 1 0 0 0 0 0 0 0 0 1 1 1 1 0 0 0 0 0 0 0 0 0 0 0 0 0 0 0 0 0 0 0 0 0 0 0 0 0 0 0
 0 0 0 0 0 0]
2025-08-29 13:21:49 [INFO] proc_bits:[1. 0. 1. 0. 1. 0. 0. 1.]
2025-08-29 13:22:13 [DEBUG] **** New run with CLI arguments: Namespace(source='sim', file=None, verbose=3, n_tags=1)
2025-08-29 13:22:13 [DEBUG] Generating simulated samples for 1 tags
2025-08-29 13:22:13 [INFO] simulated packet metadata: SimulatedPacket(tag_id=0, preamble_bits=[], sync_bits=[], payload_bits=array([1, 0, 1, 0, 1, 0, 0, 1]), pad_bits=array([0., 0., 0., 0., 0., 0., 0., 0., 0., 0.]), sps=2, all_bits=array([1., 0., 1., 0., 1., 0., 0., 1., 0., 0., 0., 0., 0., 0., 0., 0., 0., 0.]), goldcode=array([-1, -1,  1, -1]), samples=None, snr_db=15.0, frequency_offset_hz=500.0, time_delay_sec=0.002)
2025-08-29 13:22:13 [INFO] Packet to demod: [-1.+0.j -1.+0.j -1.+0.j -1.+0.j  1.+0.j  1.+0.j -1.+0.j -1.+0.j  1.-0.j  1.-0.j  1.-0.j  1.-0.j -1.+0.j -1.+0.j
  1.-0.j  1.-0.j -1.+0.j -1.+0.j -1.+0.j -1.+0.j  1.+0.j  1.+0.j -1.+0.j -1.+0.j  1.-0.j  1.-0.j  1.-0.j  1.-0.j
 -1.+0.j -1.+0.j  1.-0.j  1.-0.j -1.+0.j -1.+0.j -1.+0.j -1.+0.j  1.+0.j  1.+0.j -1.+0.j -1.+0.j  1.-0.j  1.-0.j
  1.-0.j  1.-0.j -1.+0.j -1.+0.j  1.-0.j  1.-0.j  1.-0.j  1.-0.j  1.-0.j  1.-0.j -1.+0.j -1.+0.j  1.-0.j  1.-0.j
 -1.+0.j -1.+0.j -1.+0.j -1.+0.j  1.+0.j  1.+0.j -1.+0.j -1.+0.j  1.-0.j  1.-0.j  1.-0.j  1.-0.j -1.+0.j -1.+0.j
  1.-0.j  1.-0.j  1.-0.j  1.-0.j  1.-0.j  1.-0.j -1.+0.j -1.+0.j  1.-0.j  1.-0.j  1.-0.j  1.-0.j  1.-0.j  1.-0.j
 -1.+0.j -1.+0.j  1.-0.j  1.-0.j  1.-0.j  1.-0.j  1.-0.j  1.-0.j -1.+0.j -1.+0.j  1.-0.j  1.-0.j  1.-0.j  1.-0.j
  1.-0.j  1.-0.j -1.+0.j -1.+0.j  1.-0.j  1.-0.j  1.-0.j  1.-0.j  1.-0.j  1.-0.j -1.+0.j -1.+0.j  1.-0.j  1.-0.j
  1.-0.j  1.-0.j  1.-0.j  1.-0.j -1.+0.j -1.+0.j  1.-0.j  1.-0.j  1.-0.j  1.-0.j  1.-0.j  1.-0.j -1.+0.j -1.+0.j
  1.-0.j  1.-0.j  1.-0.j  1.-0.j  1.-0.j  1.-0.j -1.+0.j -1.+0.j  1.-0.j  1.-0.j  1.-0.j  1.-0.j  1.-0.j  1.-0.j
 -1.+0.j -1.+0.j  1.-0.j  1.-0.j]
2025-08-29 13:22:13 [INFO] Processing 144 samples from tag 0
2025-08-29 13:22:14 [INFO] Expected number of bits: 18
2025-08-29 13:22:14 [DEBUG] coarse freq offset: 2002.5
2025-08-29 13:22:14 [INFO] rx_bits_raw: [1 1 0 0 0 0 1 1 1 1 0 0 0 0 1 1 1 1 0 0 0 0 0 0 0 0 0 1 1 1 0 0 0 0 0 0 0 0 0 0 0 0 0 0 0 0 0 0 0 0 0 0 0 0 0 0 0 0 0
 0 0 0 0 0]
2025-08-29 13:22:14 [INFO] proc_bits:[1. 0. 1. 0. 1. 0. 0. 1.]
2025-08-29 13:23:52 [DEBUG] **** New run with CLI arguments: Namespace(source='sim', file=None, verbose=3, n_tags=1)
2025-08-29 13:23:52 [DEBUG] Generating simulated samples for 1 tags
2025-08-29 13:23:52 [INFO] simulated packet metadata: SimulatedPacket(tag_id=0, preamble_bits=[], sync_bits=[], payload_bits=array([1, 0, 1, 0, 1, 0, 0, 1]), pad_bits=array([0., 0., 0., 0., 0., 0., 0., 0., 0., 0.]), sps=2, all_bits=array([1., 0., 1., 0., 1., 0., 0., 1., 0., 0., 0., 0., 0., 0., 0., 0., 0., 0.]), goldcode=array([-1, -1,  1, -1]), samples=None, snr_db=15.0, frequency_offset_hz=500.0, time_delay_sec=0.002)
2025-08-29 13:23:52 [INFO] Packet to demod: [-1.+0.j -1.+0.j -1.+0.j -1.+0.j  1.+0.j  1.+0.j -1.+0.j -1.+0.j  1.-0.j  1.-0.j  1.-0.j  1.-0.j -1.+0.j -1.+0.j
  1.-0.j  1.-0.j -1.+0.j -1.+0.j -1.+0.j -1.+0.j  1.+0.j  1.+0.j -1.+0.j -1.+0.j  1.-0.j  1.-0.j  1.-0.j  1.-0.j
 -1.+0.j -1.+0.j  1.-0.j  1.-0.j -1.+0.j -1.+0.j -1.+0.j -1.+0.j  1.+0.j  1.+0.j -1.+0.j -1.+0.j  1.-0.j  1.-0.j
  1.-0.j  1.-0.j -1.+0.j -1.+0.j  1.-0.j  1.-0.j  1.-0.j  1.-0.j  1.-0.j  1.-0.j -1.+0.j -1.+0.j  1.-0.j  1.-0.j
 -1.+0.j -1.+0.j -1.+0.j -1.+0.j  1.+0.j  1.+0.j -1.+0.j -1.+0.j  1.-0.j  1.-0.j  1.-0.j  1.-0.j -1.+0.j -1.+0.j
  1.-0.j  1.-0.j  1.-0.j  1.-0.j  1.-0.j  1.-0.j -1.+0.j -1.+0.j  1.-0.j  1.-0.j  1.-0.j  1.-0.j  1.-0.j  1.-0.j
 -1.+0.j -1.+0.j  1.-0.j  1.-0.j  1.-0.j  1.-0.j  1.-0.j  1.-0.j -1.+0.j -1.+0.j  1.-0.j  1.-0.j  1.-0.j  1.-0.j
  1.-0.j  1.-0.j -1.+0.j -1.+0.j  1.-0.j  1.-0.j  1.-0.j  1.-0.j  1.-0.j  1.-0.j -1.+0.j -1.+0.j  1.-0.j  1.-0.j
  1.-0.j  1.-0.j  1.-0.j  1.-0.j -1.+0.j -1.+0.j  1.-0.j  1.-0.j  1.-0.j  1.-0.j  1.-0.j  1.-0.j -1.+0.j -1.+0.j
  1.-0.j  1.-0.j  1.-0.j  1.-0.j  1.-0.j  1.-0.j -1.+0.j -1.+0.j  1.-0.j  1.-0.j  1.-0.j  1.-0.j  1.-0.j  1.-0.j
 -1.+0.j -1.+0.j  1.-0.j  1.-0.j]
2025-08-29 13:23:52 [INFO] Processing 144 samples from tag 0
2025-08-29 13:23:53 [INFO] Expected number of bits: 18
2025-08-29 13:23:53 [DEBUG] coarse freq offset: 0.0
2025-08-29 13:23:53 [INFO] rx_bits_raw: [1 1 0 0 0 0 0 1 1 1 0 0 0 0 1 1 1 1 0 1 0 0 1 0 0 0 1 1 1 1 0 0 0 0 1 0 0 0 1 0 0 0 1 0 0 0 1 0 0 0 1 0 0 0 1 0 0 0 1
 0 0 0 1 0 0]
2025-08-29 13:23:53 [INFO] proc_bits:[1. 0. 1. 0. 1. 0. 0. 1.]
2025-08-29 13:30:41 [DEBUG] **** New run with CLI arguments: Namespace(source='sim', file=None, verbose=3, n_tags=1)
2025-08-29 13:30:41 [DEBUG] Generating simulated samples for 1 tags
2025-08-29 13:30:41 [INFO] simulated packet metadata: SimulatedPacket(tag_id=0, preamble_bits=[], sync_bits=[], payload_bits=array([1, 0, 1, 0, 1, 0, 0, 1]), pad_bits=array([0., 0., 0., 0., 0., 0., 0., 0., 0., 0.]), sps=2, actual_bits=array([1., 0., 1., 0., 1., 0., 0., 1.]), all_bits=array([1., 0., 1., 0., 1., 0., 0., 1., 0., 0., 0., 0., 0., 0., 0., 0., 0., 0.]), goldcode=array([-1, -1,  1, -1]), samples=None, snr_db=15.0, frequency_offset_hz=500.0, time_delay_sec=0.002)
2025-08-29 13:30:41 [INFO] Packet to demod: [-1.+0.j -1.+0.j -1.+0.j -1.+0.j  1.+0.j  1.+0.j -1.+0.j -1.+0.j  1.-0.j  1.-0.j  1.-0.j  1.-0.j -1.+0.j -1.+0.j
  1.-0.j  1.-0.j -1.+0.j -1.+0.j -1.+0.j -1.+0.j  1.+0.j  1.+0.j -1.+0.j -1.+0.j  1.-0.j  1.-0.j  1.-0.j  1.-0.j
 -1.+0.j -1.+0.j  1.-0.j  1.-0.j -1.+0.j -1.+0.j -1.+0.j -1.+0.j  1.+0.j  1.+0.j -1.+0.j -1.+0.j  1.-0.j  1.-0.j
  1.-0.j  1.-0.j -1.+0.j -1.+0.j  1.-0.j  1.-0.j  1.-0.j  1.-0.j  1.-0.j  1.-0.j -1.+0.j -1.+0.j  1.-0.j  1.-0.j
 -1.+0.j -1.+0.j -1.+0.j -1.+0.j  1.+0.j  1.+0.j -1.+0.j -1.+0.j  1.-0.j  1.-0.j  1.-0.j  1.-0.j -1.+0.j -1.+0.j
  1.-0.j  1.-0.j  1.-0.j  1.-0.j  1.-0.j  1.-0.j -1.+0.j -1.+0.j  1.-0.j  1.-0.j  1.-0.j  1.-0.j  1.-0.j  1.-0.j
 -1.+0.j -1.+0.j  1.-0.j  1.-0.j  1.-0.j  1.-0.j  1.-0.j  1.-0.j -1.+0.j -1.+0.j  1.-0.j  1.-0.j  1.-0.j  1.-0.j
  1.-0.j  1.-0.j -1.+0.j -1.+0.j  1.-0.j  1.-0.j  1.-0.j  1.-0.j  1.-0.j  1.-0.j -1.+0.j -1.+0.j  1.-0.j  1.-0.j
  1.-0.j  1.-0.j  1.-0.j  1.-0.j -1.+0.j -1.+0.j  1.-0.j  1.-0.j  1.-0.j  1.-0.j  1.-0.j  1.-0.j -1.+0.j -1.+0.j
  1.-0.j  1.-0.j  1.-0.j  1.-0.j  1.-0.j  1.-0.j -1.+0.j -1.+0.j  1.-0.j  1.-0.j  1.-0.j  1.-0.j  1.-0.j  1.-0.j
 -1.+0.j -1.+0.j  1.-0.j  1.-0.j]
2025-08-29 13:30:41 [INFO] Processing 144 samples from tag 0
2025-08-29 13:30:41 [INFO] Expected number of bits: 18
2025-08-29 13:30:42 [DEBUG] coarse freq offset: 0.0
2025-08-29 13:30:42 [INFO] rx_bits_raw: [1 1 0 0 0 0 0 1 1 1 0 0 0 0 1 1 1 1 0 1 0 0 1 0 0 0 1 1 1 1 0 0 0 0 1 0 0 0 1 0 0 0 1 0 0 0 1 0 0 0 1 0 0 0 1 0 0 0 1
 0 0 0 1 0 0]
2025-08-29 13:30:42 [INFO] Processed bits: [1. 0. 1. 0. 1. 0. 0. 1.]
2025-08-29 13:30:42 [INFO] Transmitted actual bits: [1. 0. 1. 0. 1. 0. 0. 1.]
2025-08-29 13:30:42 [INFO] BER: 0.0
2025-08-29 13:31:14 [DEBUG] **** New run with CLI arguments: Namespace(source='sim', file=None, verbose=3, n_tags=1)
2025-08-29 13:31:14 [DEBUG] Generating simulated samples for 1 tags
2025-08-29 13:31:14 [INFO] simulated packet metadata: SimulatedPacket(tag_id=0, preamble_bits=[], sync_bits=[], payload_bits=array([1, 0, 1, 0, 1, 0, 0, 1]), pad_bits=array([0., 0., 0., 0., 0., 0., 0., 0., 0., 0.]), sps=2, actual_bits=array([1., 0., 1., 0., 1., 0., 0., 1.]), all_bits=array([1., 0., 1., 0., 1., 0., 0., 1., 0., 0., 0., 0., 0., 0., 0., 0., 0., 0.]), goldcode=array([-1, -1,  1, -1]), samples=None, snr_db=15.0, frequency_offset_hz=500.0, time_delay_sec=0.002)
2025-08-29 13:31:14 [INFO] Packet to demod: [-1.+0.j -1.+0.j -1.+0.j -1.+0.j  1.+0.j  1.+0.j -1.+0.j -1.+0.j  1.-0.j  1.-0.j  1.-0.j  1.-0.j -1.+0.j -1.+0.j
  1.-0.j  1.-0.j -1.+0.j -1.+0.j -1.+0.j -1.+0.j  1.+0.j  1.+0.j -1.+0.j -1.+0.j  1.-0.j  1.-0.j  1.-0.j  1.-0.j
 -1.+0.j -1.+0.j  1.-0.j  1.-0.j -1.+0.j -1.+0.j -1.+0.j -1.+0.j  1.+0.j  1.+0.j -1.+0.j -1.+0.j  1.-0.j  1.-0.j
  1.-0.j  1.-0.j -1.+0.j -1.+0.j  1.-0.j  1.-0.j  1.-0.j  1.-0.j  1.-0.j  1.-0.j -1.+0.j -1.+0.j  1.-0.j  1.-0.j
 -1.+0.j -1.+0.j -1.+0.j -1.+0.j  1.+0.j  1.+0.j -1.+0.j -1.+0.j  1.-0.j  1.-0.j  1.-0.j  1.-0.j -1.+0.j -1.+0.j
  1.-0.j  1.-0.j  1.-0.j  1.-0.j  1.-0.j  1.-0.j -1.+0.j -1.+0.j  1.-0.j  1.-0.j  1.-0.j  1.-0.j  1.-0.j  1.-0.j
 -1.+0.j -1.+0.j  1.-0.j  1.-0.j  1.-0.j  1.-0.j  1.-0.j  1.-0.j -1.+0.j -1.+0.j  1.-0.j  1.-0.j  1.-0.j  1.-0.j
  1.-0.j  1.-0.j -1.+0.j -1.+0.j  1.-0.j  1.-0.j  1.-0.j  1.-0.j  1.-0.j  1.-0.j -1.+0.j -1.+0.j  1.-0.j  1.-0.j
  1.-0.j  1.-0.j  1.-0.j  1.-0.j -1.+0.j -1.+0.j  1.-0.j  1.-0.j  1.-0.j  1.-0.j  1.-0.j  1.-0.j -1.+0.j -1.+0.j
  1.-0.j  1.-0.j  1.-0.j  1.-0.j  1.-0.j  1.-0.j -1.+0.j -1.+0.j  1.-0.j  1.-0.j  1.-0.j  1.-0.j  1.-0.j  1.-0.j
 -1.+0.j -1.+0.j  1.-0.j  1.-0.j]
2025-08-29 13:31:14 [INFO] Processing 144 samples from tag 0
2025-08-29 13:31:14 [INFO] Expected number of bits: 18
2025-08-29 13:31:14 [DEBUG] coarse freq offset: 0.0
2025-08-29 13:31:14 [INFO] rx_bits_raw: [1 1 0 0 0 0 0 1 1 1 0 0 0 0 1 1 1 1 0 1 0 0 1 0 0 0 1 1 1 1 0 0 0 0 1 0 0 0 1 0 0 0 1 0 0 0 1 0 0 0 1 0 0 0 1 0 0 0 1
 0 0 0 1 0 0]
2025-08-29 13:31:14 [INFO] Processed bits: [1. 0. 1. 0. 1. 0. 0. 1.]
2025-08-29 13:31:14 [INFO] Transmitted actual bits: [1. 0. 1. 0. 1. 0. 0. 1.]
2025-08-29 13:31:14 [INFO] BER: 0.0
2025-08-29 13:31:58 [DEBUG] **** New run with CLI arguments: Namespace(source='sim', file=None, verbose=3, n_tags=1)
2025-08-29 13:31:58 [DEBUG] Generating simulated samples for 1 tags
2025-08-29 13:31:58 [INFO] simulated packet metadata: SimulatedPacket(tag_id=0, preamble_bits=array([1, 1, 1, 1, 1, 0, 1, 0]), sync_bits=[], payload_bits=array([0, 1, 0, 0, 0, 1, 1, 1]), pad_bits=array([0., 0., 0., 0., 0., 0., 0., 0., 0., 0.]), sps=2, actual_bits=array([1., 1., 1., 1., 1., 0., 1., 0., 0., 1., 0., 0., 0., 1., 1., 1.]), all_bits=array([1., 1., 1., 1., 1., 0., 1., 0., 0., 1., 0., 0., 0., 1., 1., 1., 0., 0., 0., 0., 0., 0., 0., 0., 0., 0.]), goldcode=array([-1, -1,  1, -1]), samples=None, snr_db=15.0, frequency_offset_hz=500.0, time_delay_sec=0.002)
2025-08-29 13:31:58 [INFO] Packet to demod: [-1.+0.j -1.+0.j -1.+0.j -1.+0.j  1.+0.j  1.+0.j -1.+0.j -1.+0.j -1.+0.j -1.+0.j -1.+0.j -1.+0.j  1.+0.j  1.+0.j
 -1.+0.j -1.+0.j -1.+0.j -1.+0.j -1.+0.j -1.+0.j  1.+0.j  1.+0.j -1.+0.j -1.+0.j -1.+0.j -1.+0.j -1.+0.j -1.+0.j
  1.+0.j  1.+0.j -1.+0.j -1.+0.j -1.+0.j -1.+0.j -1.+0.j -1.+0.j  1.+0.j  1.+0.j -1.+0.j -1.+0.j  1.-0.j  1.-0.j
  1.-0.j  1.-0.j -1.+0.j -1.+0.j  1.-0.j  1.-0.j -1.+0.j -1.+0.j -1.+0.j -1.+0.j  1.+0.j  1.+0.j -1.+0.j -1.+0.j
  1.-0.j  1.-0.j  1.-0.j  1.-0.j -1.+0.j -1.+0.j  1.-0.j  1.-0.j  1.-0.j  1.-0.j  1.-0.j  1.-0.j -1.+0.j -1.+0.j
  1.-0.j  1.-0.j -1.+0.j -1.+0.j -1.+0.j -1.+0.j  1.+0.j  1.+0.j -1.+0.j -1.+0.j  1.-0.j  1.-0.j  1.-0.j  1.-0.j
 -1.+0.j -1.+0.j  1.-0.j  1.-0.j  1.-0.j  1.-0.j  1.-0.j  1.-0.j -1.+0.j -1.+0.j  1.-0.j  1.-0.j  1.-0.j  1.-0.j
  1.-0.j  1.-0.j -1.+0.j -1.+0.j  1.-0.j  1.-0.j -1.+0.j -1.+0.j -1.+0.j -1.+0.j  1.+0.j  1.+0.j -1.+0.j -1.+0.j
 -1.+0.j -1.+0.j -1.+0.j -1.+0.j  1.+0.j  1.+0.j -1.+0.j -1.+0.j -1.+0.j -1.+0.j -1.+0.j -1.+0.j  1.+0.j  1.+0.j
 -1.+0.j -1.+0.j  1.-0.j  1.-0.j  1.-0.j  1.-0.j -1.+0.j -1.+0.j  1.-0.j  1.-0.j  1.-0.j  1.-0.j  1.-0.j  1.-0.j
 -1.+0.j -1.+0.j  1.-0.j  1.-0.j  1.-0.j  1.-0.j  1.-0.j  1.-0.j -1.+0.j -1.+0.j  1.-0.j  1.-0.j  1.-0.j  1.-0.j
  1.-0.j  1.-0.j -1.+0.j -1.+0.j  1.-0.j  1.-0.j  1.-0.j  1.-0.j  1.-0.j  1.-0.j -1.+0.j -1.+0.j  1.-0.j  1.-0.j
  1.-0.j  1.-0.j  1.-0.j  1.-0.j -1.+0.j -1.+0.j  1.-0.j  1.-0.j  1.-0.j  1.-0.j  1.-0.j  1.-0.j -1.+0.j -1.+0.j
  1.-0.j  1.-0.j  1.-0.j  1.-0.j  1.-0.j  1.-0.j -1.+0.j -1.+0.j  1.-0.j  1.-0.j  1.-0.j  1.-0.j  1.-0.j  1.-0.j
 -1.+0.j -1.+0.j  1.-0.j  1.-0.j  1.-0.j  1.-0.j  1.-0.j  1.-0.j -1.+0.j -1.+0.j  1.-0.j  1.-0.j]
2025-08-29 13:31:58 [INFO] Processing 208 samples from tag 0
2025-08-29 13:31:58 [INFO] Expected number of bits: 26
2025-08-29 13:31:58 [DEBUG] coarse freq offset: 1327.9736842105194
2025-08-29 13:31:58 [INFO] rx_bits_raw: [1 1 0 1 1 1 0 1 1 1 0 1 1 1 0 1 1 1 0 0 0 0 1 1 1 1 0 0 0 0 1 0 0 0 1 1 1 1 0 0 0 0 1 0 0 0 1 0 0 0 1 1 1 1 0 1 1 1 0
 1 1 1 0 0 0 0 1 0 0 0 1 0 0 0 1 0 0 0 1 0 0 0 1 0 0 0 1 0 0 0 1 0 0 0 1 0]
2025-08-29 13:31:58 [INFO] Processed bits: [1. 1. 1. 1. 1. 0. 1. 0. 0. 1. 0. 0. 0. 1. 1. 1.]
2025-08-29 13:31:58 [INFO] Transmitted actual bits: [1. 1. 1. 1. 1. 0. 1. 0. 0. 1. 0. 0. 0. 1. 1. 1.]
2025-08-29 13:31:58 [INFO] BER: 0.0
2025-08-29 13:32:57 [DEBUG] **** New run with CLI arguments: Namespace(source='sim', file=None, verbose=3, n_tags=1)
2025-08-29 13:32:57 [DEBUG] Generating simulated samples for 1 tags
2025-08-29 13:32:57 [INFO] simulated packet metadata: SimulatedPacket(tag_id=0, preamble_bits=array([1, 1, 1, 1, 1, 0, 1, 0]), sync_bits=[], payload_bits=array([0, 0, 0, 1, 0, 0, 1, 0, 0, 1, 0, 1, 0, 0, 0, 0, 0, 1, 0, 0, 0, 0, 1, 0, 0, 1, 1, 1, 1, 1, 1, 0, 0, 1, 1, 1, 0,
       1, 0, 0, 0, 1, 1, 1, 1, 0, 1, 1, 0, 1, 1, 1, 0, 0, 1, 0, 1, 1, 1, 1, 1, 1, 0, 1, 1, 0, 0, 0, 1, 1, 0, 0, 1, 0,
       0, 1, 1, 0, 1, 0, 0, 1, 0, 1, 1, 1, 0, 0, 0, 1, 0, 1, 1, 0, 0, 1, 0, 1, 0, 1]), pad_bits=array([0., 0., 0., 0., 0., 0., 0., 0., 0., 0.]), sps=2, actual_bits=array([1., 1., 1., 1., 1., 0., 1., 0., 0., 0., 0., 1., 0., 0., 1., 0., 0., 1., 0., 1., 0., 0., 0., 0., 0., 1., 0., 0.,
       0., 0., 1., 0., 0., 1., 1., 1., 1., 1., 1., 0., 0., 1., 1., 1., 0., 1., 0., 0., 0., 1., 1., 1., 1., 0., 1., 1.,
       0., 1., 1., 1., 0., 0., 1., 0., 1., 1., 1., 1., 1., 1., 0., 1., 1., 0., 0., 0., 1., 1., 0., 0., 1., 0., 0., 1.,
       1., 0., 1., 0., 0., 1., 0., 1., 1., 1., 0., 0., 0., 1., 0., 1., 1., 0., 0., 1., 0., 1., 0., 1.]), all_bits=array([1., 1., 1., 1., 1., 0., 1., 0., 0., 0., 0., 1., 0., 0., 1., 0., 0., 1., 0., 1., 0., 0., 0., 0., 0., 1., 0., 0.,
       0., 0., 1., 0., 0., 1., 1., 1., 1., 1., 1., 0., 0., 1., 1., 1., 0., 1., 0., 0., 0., 1., 1., 1., 1., 0., 1., 1.,
       0., 1., 1., 1., 0., 0., 1., 0., 1., 1., 1., 1., 1., 1., 0., 1., 1., 0., 0., 0., 1., 1., 0., 0., 1., 0., 0., 1.,
       1., 0., 1., 0., 0., 1., 0., 1., 1., 1., 0., 0., 0., 1., 0., 1., 1., 0., 0., 1., 0., 1., 0., 1., 0., 0., 0., 0.,
       0., 0., 0., 0., 0., 0.]), goldcode=array([-1, -1,  1, -1]), samples=None, snr_db=15.0, frequency_offset_hz=500.0, time_delay_sec=0.002)
2025-08-29 13:32:57 [INFO] Packet to demod: [-1.+0.j -1.+0.j -1.+0.j -1.+0.j  1.+0.j  1.+0.j -1.+0.j -1.+0.j -1.+0.j -1.+0.j -1.+0.j -1.+0.j  1.+0.j  1.+0.j
 -1.+0.j -1.+0.j -1.+0.j -1.+0.j -1.+0.j -1.+0.j  1.+0.j  1.+0.j -1.+0.j -1.+0.j -1.+0.j -1.+0.j -1.+0.j -1.+0.j
  1.+0.j  1.+0.j -1.+0.j -1.+0.j -1.+0.j -1.+0.j -1.+0.j -1.+0.j  1.+0.j  1.+0.j -1.+0.j -1.+0.j  1.-0.j  1.-0.j
  1.-0.j  1.-0.j -1.+0.j -1.+0.j  1.-0.j  1.-0.j -1.+0.j -1.+0.j -1.+0.j -1.+0.j  1.+0.j  1.+0.j -1.+0.j -1.+0.j
  1.-0.j  1.-0.j  1.-0.j  1.-0.j -1.+0.j -1.+0.j  1.-0.j  1.-0.j  1.-0.j  1.-0.j  1.-0.j  1.-0.j -1.+0.j -1.+0.j
  1.-0.j  1.-0.j  1.-0.j  1.-0.j  1.-0.j  1.-0.j -1.+0.j -1.+0.j  1.-0.j  1.-0.j  1.-0.j  1.-0.j  1.-0.j  1.-0.j
 -1.+0.j -1.+0.j  1.-0.j  1.-0.j -1.+0.j -1.+0.j -1.+0.j -1.+0.j  1.+0.j  1.+0.j -1.+0.j -1.+0.j  1.-0.j  1.-0.j
  1.-0.j  1.-0.j -1.+0.j -1.+0.j  1.-0.j  1.-0.j  1.-0.j  1.-0.j  1.-0.j  1.-0.j -1.+0.j -1.+0.j  1.-0.j  1.-0.j
 -1.+0.j -1.+0.j -1.+0.j -1.+0.j  1.+0.j  1.+0.j -1.+0.j -1.+0.j  1.-0.j  1.-0.j  1.-0.j  1.-0.j -1.+0.j -1.+0.j
  1.-0.j  1.-0.j  1.-0.j  1.-0.j  1.-0.j  1.-0.j -1.+0.j -1.+0.j  1.-0.j  1.-0.j -1.+0.j -1.+0.j -1.+0.j -1.+0.j
  1.+0.j  1.+0.j -1.+0.j -1.+0.j  1.-0.j  1.-0.j  1.-0.j  1.-0.j -1.+0.j -1.+0.j  1.-0.j  1.-0.j -1.+0.j -1.+0.j
 -1.+0.j -1.+0.j  1.+0.j  1.+0.j -1.+0.j -1.+0.j  1.-0.j  1.-0.j  1.-0.j  1.-0.j -1.+0.j -1.+0.j  1.-0.j  1.-0.j
  1.-0.j  1.-0.j  1.-0.j  1.-0.j -1.+0.j -1.+0.j  1.-0.j  1.-0.j  1.-0.j  1.-0.j  1.-0.j  1.-0.j -1.+0.j -1.+0.j
  1.-0.j  1.-0.j  1.-0.j  1.-0.j  1.-0.j  1.-0.j -1.+0.j -1.+0.j  1.-0.j  1.-0.j  1.-0.j  1.-0.j  1.-0.j  1.-0.j
 -1.+0.j -1.+0.j  1.-0.j  1.-0.j -1.+0.j -1.+0.j -1.+0.j -1.+0.j  1.+0.j  1.+0.j -1.+0.j -1.+0.j  1.-0.j  1.-0.j
  1.-0.j  1.-0.j -1.+0.j -1.+0.j  1.-0.j  1.-0.j  1.-0.j  1.-0.j  1.-0.j  1.-0.j -1.+0.j -1.+0.j  1.-0.j  1.-0.j
  1.-0.j  1.-0.j  1.-0.j  1.-0.j -1.+0.j -1.+0.j  1.-0.j  1.-0.j  1.-0.j  1.-0.j  1.-0.j  1.-0.j -1.+0.j -1.+0.j
  1.-0.j  1.-0.j -1.+0.j -1.+0.j -1.+0.j -1.+0.j  1.+0.j  1.+0.j -1.+0.j -1.+0.j  1.-0.j  1.-0.j  1.-0.j  1.-0.j
 -1.+0.j -1.+0.j  1.-0.j  1.-0.j  1.-0.j  1.-0.j  1.-0.j  1.-0.j -1.+0.j -1.+0.j  1.-0.j  1.-0.j -1.+0.j -1.+0.j
 -1.+0.j -1.+0.j  1.+0.j  1.+0.j -1.+0.j -1.+0.j -1.+0.j -1.+0.j -1.+0.j -1.+0.j  1.+0.j  1.+0.j -1.+0.j -1.+0.j
 -1.+0.j -1.+0.j -1.+0.j -1.+0.j  1.+0.j  1.+0.j -1.+0.j -1.+0.j -1.+0.j -1.+0.j -1.+0.j -1.+0.j  1.+0.j  1.+0.j
 -1.+0.j -1.+0.j -1.+0.j -1.+0.j -1.+0.j -1.+0.j  1.+0.j  1.+0.j -1.+0.j -1.+0.j -1.+0.j -1.+0.j -1.+0.j -1.+0.j
  1.+0.j  1.+0.j -1.+0.j -1.+0.j  1.-0.j  1.-0.j  1.-0.j  1.-0.j -1.+0.j -1.+0.j  1.-0.j  1.-0.j  1.-0.j  1.-0.j
  1.-0.j  1.-0.j -1.+0.j -1.+0.j  1.-0.j  1.-0.j -1.+0.j -1.+0.j -1.+0.j -1.+0.j  1.+0.j  1.+0.j -1.+0.j -1.+0.j
 -1.+0.j -1.+0.j -1.+0.j -1.+0.j  1.+0.j  1.+0.j -1.+0.j -1.+0.j -1.+0.j -1.+0.j -1.+0.j -1.+0.j  1.+0.j  1.+0.j
 -1.+0.j -1.+0.j  1.-0.j  1.-0.j  1.-0.j  1.-0.j -1.+0.j -1.+0.j  1.-0.j  1.-0.j -1.+0.j -1.+0.j -1.+0.j -1.+0.j
  1.+0.j  1.+0.j -1.+0.j -1.+0.j  1.-0.j  1.-0.j  1.-0.j  1.-0.j -1.+0.j -1.+0.j  1.-0.j  1.-0.j  1.-0.j  1.-0.j
  1.-0.j  1.-0.j -1.+0.j -1.+0.j  1.-0.j  1.-0.j  1.-0.j  1.-0.j  1.-0.j  1.-0.j -1.+0.j -1.+0.j  1.-0.j  1.-0.j
 -1.+0.j -1.+0.j -1.+0.j -1.+0.j  1.+0.j  1.+0.j -1.+0.j -1.+0.j -1.+0.j -1.+0.j -1.+0.j -1.+0.j  1.+0.j  1.+0.j
 -1.+0.j -1.+0.j -1.+0.j -1.+0.j -1.+0.j -1.+0.j  1.+0.j  1.+0.j -1.+0.j -1.+0.j -1.+0.j -1.+0.j -1.+0.j -1.+0.j
  1.+0.j  1.+0.j -1.+0.j -1.+0.j  1.-0.j  1.-0.j  1.-0.j  1.-0.j -1.+0.j -1.+0.j  1.-0.j  1.-0.j -1.+0.j -1.+0.j
 -1.+0.j -1.+0.j  1.+0.j  1.+0.j -1.+0.j -1.+0.j -1.+0.j -1.+0.j -1.+0.j -1.+0.j  1.+0.j  1.+0.j -1.+0.j -1.+0.j
  1.-0.j  1.-0.j  1.-0.j  1.-0.j -1.+0.j -1.+0.j  1.-0.j  1.-0.j -1.+0.j -1.+0.j -1.+0.j -1.+0.j  1.+0.j  1.+0.j
 -1.+0.j -1.+0.j -1.+0.j -1.+0.j -1.+0.j -1.+0.j  1.+0.j  1.+0.j -1.+0.j -1.+0.j -1.+0.j -1.+0.j -1.+0.j -1.+0.j
  1.+0.j  1.+0.j -1.+0.j -1.+0.j  1.-0.j  1.-0.j  1.-0.j  1.-0.j -1.+0.j -1.+0.j  1.-0.j  1.-0.j  1.-0.j  1.-0.j
  1.-0.j  1.-0.j -1.+0.j -1.+0.j  1.-0.j  1.-0.j -1.+0.j -1.+0.j -1.+0.j -1.+0.j  1.+0.j  1.+0.j -1.+0.j -1.+0.j
  1.-0.j  1.-0.j  1.-0.j  1.-0.j -1.+0.j -1.+0.j  1.-0.j  1.-0.j -1.+0.j -1.+0.j -1.+0.j -1.+0.j  1.+0.j  1.+0.j
 -1.+0.j -1.+0.j -1.+0.j -1.+0.j -1.+0.j -1.+0.j  1.+0.j  1.+0.j -1.+0.j -1.+0.j -1.+0.j -1.+0.j -1.+0.j -1.+0.j
  1.+0.j  1.+0.j -1.+0.j -1.+0.j -1.+0.j -1.+0.j -1.+0.j -1.+0.j  1.+0.j  1.+0.j -1.+0.j -1.+0.j -1.+0.j -1.+0.j
 -1.+0.j -1.+0.j  1.+0.j  1.+0.j -1.+0.j -1.+0.j -1.+0.j -1.+0.j -1.+0.j -1.+0.j  1.+0.j  1.+0.j -1.+0.j -1.+0.j
  1.-0.j  1.-0.j  1.-0.j  1.-0.j -1.+0.j -1.+0.j  1.-0.j  1.-0.j -1.+0.j -1.+0.j -1.+0.j -1.+0.j  1.+0.j  1.+0.j
 -1.+0.j -1.+0.j -1.+0.j -1.+0.j -1.+0.j -1.+0.j  1.+0.j  1.+0.j -1.+0.j -1.+0.j  1.-0.j  1.-0.j  1.-0.j  1.-0.j
 -1.+0.j -1.+0.j  1.-0.j  1.-0.j  1.-0.j  1.-0.j  1.-0.j  1.-0.j -1.+0.j -1.+0.j  1.-0.j  1.-0.j  1.-0.j  1.-0.j
  1.-0.j  1.-0.j -1.+0.j -1.+0.j  1.-0.j  1.-0.j -1.+0.j -1.+0.j -1.+0.j -1.+0.j  1.+0.j  1.+0.j -1.+0.j -1.+0.j
 -1.+0.j -1.+0.j -1.+0.j -1.+0.j  1.+0.j  1.+0.j -1.+0.j -1.+0.j  1.-0.j  1.-0.j  1.-0.j  1.-0.j -1.+0.j -1.+0.j
  1.-0.j  1.-0.j  1.-0.j  1.-0.j  1.-0.j  1.-0.j -1.+0.j -1.+0.j  1.-0.j  1.-0.j -1.+0.j -1.+0.j -1.+0.j -1.+0.j
  1.+0.j  1.+0.j -1.+0.j -1.+0.j  1.-0.j  1.-0.j  1.-0.j  1.-0.j -1.+0.j -1.+0.j  1.-0.j  1.-0.j  1.-0.j  1.-0.j
  1.-0.j  1.-0.j -1.+0.j -1.+0.j  1.-0.j  1.-0.j -1.+0.j -1.+0.j -1.+0.j -1.+0.j  1.+0.j  1.+0.j -1.+0.j -1.+0.j
 -1.+0.j -1.+0.j -1.+0.j -1.+0.j  1.+0.j  1.+0.j -1.+0.j -1.+0.j  1.-0.j  1.-0.j  1.-0.j  1.-0.j -1.+0.j -1.+0.j
  1.-0.j  1.-0.j -1.+0.j -1.+0.j -1.+0.j -1.+0.j  1.+0.j  1.+0.j -1.+0.j -1.+0.j  1.-0.j  1.-0.j  1.-0.j  1.-0.j
 -1.+0.j -1.+0.j  1.-0.j  1.-0.j  1.-0.j  1.-0.j  1.-0.j  1.-0.j -1.+0.j -1.+0.j  1.-0.j  1.-0.j -1.+0.j -1.+0.j
 -1.+0.j -1.+0.j  1.+0.j  1.+0.j -1.+0.j -1.+0.j  1.-0.j  1.-0.j  1.-0.j  1.-0.j -1.+0.j -1.+0.j  1.-0.j  1.-0.j
 -1.+0.j -1.+0.j -1.+0.j -1.+0.j  1.+0.j  1.+0.j -1.+0.j -1.+0.j -1.+0.j -1.+0.j -1.+0.j -1.+0.j  1.+0.j  1.+0.j
 -1.+0.j -1.+0.j -1.+0.j -1.+0.j -1.+0.j -1.+0.j  1.+0.j  1.+0.j -1.+0.j -1.+0.j  1.-0.j  1.-0.j  1.-0.j  1.-0.j
 -1.+0.j -1.+0.j  1.-0.j  1.-0.j  1.-0.j  1.-0.j  1.-0.j  1.-0.j -1.+0.j -1.+0.j  1.-0.j  1.-0.j  1.-0.j  1.-0.j
  1.-0.j  1.-0.j -1.+0.j -1.+0.j  1.-0.j  1.-0.j -1.+0.j -1.+0.j -1.+0.j -1.+0.j  1.+0.j  1.+0.j -1.+0.j -1.+0.j
  1.-0.j  1.-0.j  1.-0.j  1.-0.j -1.+0.j -1.+0.j  1.-0.j  1.-0.j -1.+0.j -1.+0.j -1.+0.j -1.+0.j  1.+0.j  1.+0.j
 -1.+0.j -1.+0.j -1.+0.j -1.+0.j -1.+0.j -1.+0.j  1.+0.j  1.+0.j -1.+0.j -1.+0.j  1.-0.j  1.-0.j  1.-0.j  1.-0.j
 -1.+0.j -1.+0.j  1.-0.j  1.-0.j  1.-0.j  1.-0.j  1.-0.j  1.-0.j -1.+0.j -1.+0.j  1.-0.j  1.-0.j -1.+0.j -1.+0.j
 -1.+0.j -1.+0.j  1.+0.j  1.+0.j -1.+0.j -1.+0.j  1.-0.j  1.-0.j  1.-0.j  1.-0.j -1.+0.j -1.+0.j  1.-0.j  1.-0.j
 -1.+0.j -1.+0.j -1.+0.j -1.+0.j  1.+0.j  1.+0.j -1.+0.j -1.+0.j  1.-0.j  1.-0.j  1.-0.j  1.-0.j -1.+0.j -1.+0.j
  1.-0.j  1.-0.j -1.+0.j -1.+0.j -1.+0.j -1.+0.j  1.+0.j  1.+0.j -1.+0.j -1.+0.j  1.-0.j  1.-0.j  1.-0.j  1.-0.j
 -1.+0.j -1.+0.j  1.-0.j  1.-0.j  1.-0.j  1.-0.j  1.-0.j  1.-0.j -1.+0.j -1.+0.j  1.-0.j  1.-0.j  1.-0.j  1.-0.j
  1.-0.j  1.-0.j -1.+0.j -1.+0.j  1.-0.j  1.-0.j  1.-0.j  1.-0.j  1.-0.j  1.-0.j -1.+0.j -1.+0.j  1.-0.j  1.-0.j
  1.-0.j  1.-0.j  1.-0.j  1.-0.j -1.+0.j -1.+0.j  1.-0.j  1.-0.j  1.-0.j  1.-0.j  1.-0.j  1.-0.j -1.+0.j -1.+0.j
  1.-0.j  1.-0.j  1.-0.j  1.-0.j  1.-0.j  1.-0.j -1.+0.j -1.+0.j  1.-0.j  1.-0.j  1.-0.j  1.-0.j  1.-0.j  1.-0.j
 -1.+0.j -1.+0.j  1.-0.j  1.-0.j  1.-0.j  1.-0.j  1.-0.j  1.-0.j -1.+0.j -1.+0.j  1.-0.j  1.-0.j  1.-0.j  1.-0.j
  1.-0.j  1.-0.j -1.+0.j -1.+0.j  1.-0.j  1.-0.j]
2025-08-29 13:32:57 [INFO] Processing 944 samples from tag 0
2025-08-29 13:32:57 [INFO] Expected number of bits: 118
2025-08-29 13:32:57 [DEBUG] coarse freq offset: 273.6605206073582
2025-08-29 13:32:57 [INFO] rx_bits_raw: [1 1 0 1 1 1 0 1 1 1 0 1 1 1 0 1 1 1 0 0 0 0 1 1 1 1 0 0 0 0 1 0 0 0 1 0 0 0 1 0 0 0 1 1 1 1 0 0 0 0 1 0 0 0 1 1 1 1 0
 0 0 0 1 0 0 0 1 1 1 0 0 0 0 1 1 1 1 0 0 0 0 1 0 0 0 1 0 0 0 1 0 0 0 1 0 0 0 1 1 1 1 0 0 0 0 1 0 0 0 1 0 0 0 1 0 0 0 1
 1 1 1 0 0 0 0 1 0 0 0 1 1 1 1 0 1 1 1 0 1 1 1 0 1 1 1 0 1 1 1 0 1 1 1 0 0 0 0 1 0 0 0 1 1 1 1 0 1 1 1 0 1 1 1 0 0 0 0
 1 1 1 1 0 0 0 0 1 0 0 0 1 0 0 0 1 1 1 1 0 1 1 1 0 1 1 1 0 1 1 1 0 0 0 0 1 1 1 1 0 1 1 1 0 0 0 0 1 1 1 1 0 1 1 1 0 1 1
 1 0 0 0 0 1 0 0 0 1 1 1 1 0 0 0 0 1 1 1 1 0 1 1 1 0 1 1 1 0 1 1 1 0 1 1 1 0 1 1 1 0 0 0 0 1 1 1 1 0 1 1 1 0 0 0 0 1 0
 0 0 1 0 0 0 1 1 1 1 0 1 1 1 0 0 0 0 1 0 0 0 1 1 1 1 0 0 0 0 1 0 0 0 1 1 1 1 0 1 1 1 0 0 0 0 1 1 1 1 0 0 0 0 1 0 0 0 1
 1 1 0 0 0 0 1 0 1 1 0 1 1 1 0 1 1 1 0 0 0 0 1 0 0 0 1 0 0 0 1 1 1 1 0 0 0 0 1 1 1 1 0 1 1 1 0 0 0 0 1 0 0 0 1 1 1 1 0
 0 0 0 1 1 1 1 0 0 0 0 1 1 1 0 1 0 0 1 0 0 0 1 0 0 0 1 0 0 0 1 0 0 0 1 0 0 0 1 0 0 0 1 0 0 0 1 0 0]
2025-08-29 13:32:57 [INFO] Processed bits: [1. 1. 1. 1. 1. 0. 1. 0. 0. 0. 0. 1. 0. 0. 1. 0. 0. 0. 1. 0. 0. 0. 0. 0. 1. 0. 0. 0. 0. 1. 0. 0. 1. 1. 1. 1. 1. 1. 0.
 0. 1. 1. 1. 0. 1. 0. 0. 0. 1. 1. 1. 1. 0. 1. 1. 0. 1. 1. 1. 0. 0. 1. 0. 1. 1. 1. 1. 1. 1. 0. 1. 1. 0. 0. 0. 1. 1. 0.
 0. 1. 0. 0. 1. 1. 0. 1. 0. 0. 1. 0. 1. 1. 1. 0. 0. 0. 1. 0. 1. 1. 0. 0. 1. 0. 1. 0. 1. 0.]
2025-08-29 13:32:57 [INFO] Transmitted actual bits: [1. 1. 1. 1. 1. 0. 1. 0. 0. 0. 0. 1. 0. 0. 1. 0. 0. 1. 0. 1. 0. 0. 0. 0. 0. 1. 0. 0. 0. 0. 1. 0. 0. 1. 1. 1. 1. 1. 1.
 0. 0. 1. 1. 1. 0. 1. 0. 0. 0. 1. 1. 1. 1. 0. 1. 1. 0. 1. 1. 1. 0. 0. 1. 0. 1. 1. 1. 1. 1. 1. 0. 1. 1. 0. 0. 0. 1. 1.
 0. 0. 1. 0. 0. 1. 1. 0. 1. 0. 0. 1. 0. 1. 1. 1. 0. 0. 0. 1. 0. 1. 1. 0. 0. 1. 0. 1. 0. 1.]
2025-08-29 13:32:57 [INFO] BER: 0.4351851851851852
2025-08-29 13:34:07 [DEBUG] **** New run with CLI arguments: Namespace(source='sim', file=None, verbose=3, n_tags=1)
2025-08-29 13:34:07 [DEBUG] Generating simulated samples for 1 tags
2025-08-29 13:34:07 [INFO] simulated packet metadata: SimulatedPacket(tag_id=0, preamble_bits=array([1, 1, 1, 1, 1, 0, 1, 0]), sync_bits=[], payload_bits=array([0, 1, 0, 1, 0, 0, 1, 0]), pad_bits=array([0., 0., 0., 0., 0., 0., 0., 0., 0., 0.]), sps=2, actual_bits=array([1., 1., 1., 1., 1., 0., 1., 0., 0., 1., 0., 1., 0., 0., 1., 0.]), all_bits=array([1., 1., 1., 1., 1., 0., 1., 0., 0., 1., 0., 1., 0., 0., 1., 0., 0., 0., 0., 0., 0., 0., 0., 0., 0., 0.]), goldcode=array([-1, -1,  1, -1]), samples=None, snr_db=15.0, frequency_offset_hz=500.0, time_delay_sec=0.002)
2025-08-29 13:34:07 [INFO] Packet to demod: [-1.+0.j -1.+0.j -1.+0.j -1.+0.j  1.+0.j  1.+0.j -1.+0.j -1.+0.j -1.+0.j -1.+0.j -1.+0.j -1.+0.j  1.+0.j  1.+0.j
 -1.+0.j -1.+0.j -1.+0.j -1.+0.j -1.+0.j -1.+0.j  1.+0.j  1.+0.j -1.+0.j -1.+0.j -1.+0.j -1.+0.j -1.+0.j -1.+0.j
  1.+0.j  1.+0.j -1.+0.j -1.+0.j -1.+0.j -1.+0.j -1.+0.j -1.+0.j  1.+0.j  1.+0.j -1.+0.j -1.+0.j  1.-0.j  1.-0.j
  1.-0.j  1.-0.j -1.+0.j -1.+0.j  1.-0.j  1.-0.j -1.+0.j -1.+0.j -1.+0.j -1.+0.j  1.+0.j  1.+0.j -1.+0.j -1.+0.j
  1.-0.j  1.-0.j  1.-0.j  1.-0.j -1.+0.j -1.+0.j  1.-0.j  1.-0.j  1.-0.j  1.-0.j  1.-0.j  1.-0.j -1.+0.j -1.+0.j
  1.-0.j  1.-0.j -1.+0.j -1.+0.j -1.+0.j -1.+0.j  1.+0.j  1.+0.j -1.+0.j -1.+0.j  1.-0.j  1.-0.j  1.-0.j  1.-0.j
 -1.+0.j -1.+0.j  1.-0.j  1.-0.j -1.+0.j -1.+0.j -1.+0.j -1.+0.j  1.+0.j  1.+0.j -1.+0.j -1.+0.j  1.-0.j  1.-0.j
  1.-0.j  1.-0.j -1.+0.j -1.+0.j  1.-0.j  1.-0.j  1.-0.j  1.-0.j  1.-0.j  1.-0.j -1.+0.j -1.+0.j  1.-0.j  1.-0.j
 -1.+0.j -1.+0.j -1.+0.j -1.+0.j  1.+0.j  1.+0.j -1.+0.j -1.+0.j  1.-0.j  1.-0.j  1.-0.j  1.-0.j -1.+0.j -1.+0.j
  1.-0.j  1.-0.j  1.-0.j  1.-0.j  1.-0.j  1.-0.j -1.+0.j -1.+0.j  1.-0.j  1.-0.j  1.-0.j  1.-0.j  1.-0.j  1.-0.j
 -1.+0.j -1.+0.j  1.-0.j  1.-0.j  1.-0.j  1.-0.j  1.-0.j  1.-0.j -1.+0.j -1.+0.j  1.-0.j  1.-0.j  1.-0.j  1.-0.j
  1.-0.j  1.-0.j -1.+0.j -1.+0.j  1.-0.j  1.-0.j  1.-0.j  1.-0.j  1.-0.j  1.-0.j -1.+0.j -1.+0.j  1.-0.j  1.-0.j
  1.-0.j  1.-0.j  1.-0.j  1.-0.j -1.+0.j -1.+0.j  1.-0.j  1.-0.j  1.-0.j  1.-0.j  1.-0.j  1.-0.j -1.+0.j -1.+0.j
  1.-0.j  1.-0.j  1.-0.j  1.-0.j  1.-0.j  1.-0.j -1.+0.j -1.+0.j  1.-0.j  1.-0.j  1.-0.j  1.-0.j  1.-0.j  1.-0.j
 -1.+0.j -1.+0.j  1.-0.j  1.-0.j  1.-0.j  1.-0.j  1.-0.j  1.-0.j -1.+0.j -1.+0.j  1.-0.j  1.-0.j]
2025-08-29 13:34:07 [INFO] Processing 208 samples from tag 0
2025-08-29 13:34:07 [INFO] Expected number of bits: 26
2025-08-29 13:34:07 [DEBUG] coarse freq offset: 1327.9736842105194
2025-08-29 13:34:07 [INFO] rx_bits_raw: [1 1 0 1 1 1 0 1 1 1 0 1 1 1 0 1 1 1 0 0 0 0 1 1 1 1 0 0 0 0 1 0 0 0 1 1 1 1 0 0 0 0 1 1 1 1 0 0 0 0 1 0 0 0 1 1 1 1 0
 0 0 0 1 0 0 0 1 0 0 0 1 0 0 0 1 0 0 0 1 0 0 0 1 0 0 0 1 0 0 0 1 0 0 0 1 0]
2025-08-29 13:34:07 [INFO] Processed bits: [1. 1. 1. 1. 1. 0. 1. 0. 0. 1. 0. 1. 0. 0. 1. 0.]
2025-08-29 13:34:07 [INFO] Transmitted actual bits: [1. 1. 1. 1. 1. 0. 1. 0. 0. 1. 0. 1. 0. 0. 1. 0.]
2025-08-29 13:34:07 [INFO] BER: 0.0
2025-08-29 13:34:38 [DEBUG] **** New run with CLI arguments: Namespace(source='sim', file=None, verbose=3, n_tags=1)
2025-08-29 13:34:38 [DEBUG] Generating simulated samples for 1 tags
2025-08-29 13:34:38 [INFO] simulated packet metadata: SimulatedPacket(tag_id=0, preamble_bits=array([1, 1, 1, 1, 1, 0, 1, 0]), sync_bits=[], payload_bits=array([0, 0, 0, 1, 1, 0, 1, 0]), pad_bits=array([0., 0., 0., 0., 0., 0., 0., 0., 0., 0.]), sps=2, actual_bits=array([1., 1., 1., 1., 1., 0., 1., 0., 0., 0., 0., 1., 1., 0., 1., 0.]), all_bits=array([1., 1., 1., 1., 1., 0., 1., 0., 0., 0., 0., 1., 1., 0., 1., 0., 0., 0., 0., 0., 0., 0., 0., 0., 0., 0.]), goldcode=array([-1, -1, -1, -1, -1, -1, -1, -1, -1, -1, -1, -1,  1, -1, -1, -1, -1,  1,  1, -1, -1, -1,  1,  1, -1,  1,  1,  1,
        1,  1,  1, -1,  1,  1, -1, -1, -1, -1,  1,  1, -1, -1,  1, -1,  1,  1, -1, -1,  1, -1, -1,  1, -1,  1, -1, -1,
       -1,  1,  1,  1,  1,  1,  1,  1, -1, -1,  1,  1,  1,  1,  1,  1, -1, -1, -1,  1, -1,  1, -1,  1,  1,  1,  1, -1,
        1,  1,  1,  1,  1,  1, -1,  1,  1, -1,  1, -1, -1,  1,  1,  1,  1,  1, -1,  1, -1,  1, -1, -1,  1,  1, -1,  1,
       -1, -1,  1,  1,  1,  1,  1,  1, -1, -1,  1, -1,  1,  1, -1]), samples=None, snr_db=15.0, frequency_offset_hz=500.0, time_delay_sec=0.002)
2025-08-29 13:34:38 [INFO] Packet to demod: [-1.+0.j -1.+0.j -1.+0.j -1.+0.j -1.+0.j -1.+0.j -1.+0.j -1.+0.j -1.+0.j -1.+0.j -1.+0.j -1.+0.j -1.+0.j -1.+0.j
 -1.+0.j -1.+0.j -1.+0.j -1.+0.j -1.+0.j -1.+0.j -1.+0.j -1.+0.j -1.+0.j -1.+0.j  1.+0.j  1.+0.j -1.+0.j -1.+0.j
 -1.+0.j -1.+0.j -1.+0.j -1.+0.j -1.+0.j -1.+0.j  1.+0.j  1.+0.j  1.+0.j  1.+0.j -1.+0.j -1.+0.j -1.+0.j -1.+0.j
 -1.+0.j -1.+0.j  1.+0.j  1.+0.j  1.+0.j  1.+0.j -1.+0.j -1.+0.j  1.+0.j  1.+0.j  1.+0.j  1.+0.j  1.+0.j  1.+0.j
  1.+0.j  1.+0.j  1.+0.j  1.+0.j  1.+0.j  1.+0.j -1.+0.j -1.+0.j  1.+0.j  1.+0.j  1.+0.j  1.+0.j -1.+0.j -1.+0.j
 -1.+0.j -1.+0.j -1.+0.j -1.+0.j -1.+0.j -1.+0.j  1.+0.j  1.+0.j  1.+0.j  1.+0.j -1.+0.j -1.+0.j -1.+0.j -1.+0.j
  1.+0.j  1.+0.j -1.+0.j -1.+0.j  1.+0.j  1.+0.j  1.+0.j  1.+0.j -1.+0.j -1.+0.j -1.+0.j -1.+0.j  1.+0.j  1.+0.j
 -1.+0.j -1.+0.j -1.+0.j -1.+0.j  1.+0.j  1.+0.j -1.+0.j -1.+0.j  1.+0.j  1.+0.j -1.+0.j -1.+0.j -1.+0.j -1.+0.j
 -1.+0.j -1.+0.j  1.+0.j  1.+0.j  1.+0.j  1.+0.j  1.+0.j  1.+0.j  1.+0.j  1.+0.j  1.+0.j  1.+0.j  1.+0.j  1.+0.j
  1.+0.j  1.+0.j -1.+0.j -1.+0.j -1.+0.j -1.+0.j  1.+0.j  1.+0.j  1.+0.j  1.+0.j  1.+0.j  1.+0.j  1.+0.j  1.+0.j
  1.+0.j  1.+0.j  1.+0.j  1.+0.j -1.+0.j -1.+0.j -1.+0.j -1.+0.j -1.+0.j -1.+0.j  1.+0.j  1.+0.j -1.+0.j -1.+0.j
  1.+0.j  1.+0.j -1.+0.j -1.+0.j  1.+0.j  1.+0.j  1.+0.j  1.+0.j  1.+0.j  1.+0.j  1.+0.j  1.+0.j -1.+0.j -1.+0.j
  1.+0.j  1.+0.j  1.+0.j  1.+0.j  1.+0.j  1.+0.j  1.+0.j  1.+0.j  1.+0.j  1.+0.j  1.+0.j  1.+0.j -1.+0.j -1.+0.j
  1.+0.j  1.+0.j  1.+0.j  1.+0.j -1.+0.j -1.+0.j  1.+0.j  1.+0.j -1.+0.j -1.+0.j -1.+0.j -1.+0.j  1.+0.j  1.+0.j
  1.+0.j  1.+0.j  1.+0.j  1.+0.j  1.+0.j  1.+0.j  1.+0.j  1.+0.j -1.+0.j -1.+0.j  1.+0.j  1.+0.j -1.+0.j -1.+0.j
  1.+0.j  1.+0.j -1.+0.j -1.+0.j -1.+0.j -1.+0.j  1.+0.j  1.+0.j  1.+0.j  1.+0.j -1.+0.j -1.+0.j  1.+0.j  1.+0.j
 -1.+0.j -1.+0.j -1.+0.j -1.+0.j  1.+0.j  1.+0.j  1.+0.j  1.+0.j  1.+0.j  1.+0.j  1.+0.j  1.+0.j  1.+0.j  1.+0.j
  1.+0.j  1.+0.j -1.+0.j -1.+0.j -1.+0.j -1.+0.j  1.+0.j  1.+0.j -1.+0.j -1.+0.j  1.+0.j  1.+0.j  1.+0.j  1.+0.j
 -1.+0.j -1.+0.j -1.+0.j -1.+0.j -1.+0.j -1.+0.j -1.+0.j -1.+0.j -1.+0.j -1.+0.j -1.+0.j -1.+0.j -1.+0.j -1.+0.j
 -1.+0.j -1.+0.j -1.+0.j -1.+0.j -1.+0.j -1.+0.j -1.+0.j -1.+0.j -1.+0.j -1.+0.j -1.+0.j -1.+0.j  1.+0.j  1.+0.j
 -1.+0.j -1.+0.j -1.+0.j -1.+0.j -1.+0.j -1.+0.j -1.+0.j -1.+0.j  1.+0.j  1.+0.j  1.+0.j  1.+0.j -1.+0.j -1.+0.j
 -1.+0.j -1.+0.j -1.+0.j -1.+0.j  1.+0.j  1.+0.j  1.+0.j  1.+0.j -1.+0.j -1.+0.j  1.+0.j  1.+0.j  1.+0.j  1.+0.j
  1.+0.j  1.+0.j  1.+0.j  1.+0.j  1.+0.j  1.+0.j  1.+0.j  1.+0.j -1.+0.j -1.+0.j  1.+0.j  1.+0.j  1.+0.j  1.+0.j
 -1.+0.j -1.+0.j -1.+0.j -1.+0.j -1.+0.j -1.+0.j -1.+0.j -1.+0.j  1.+0.j  1.+0.j  1.+0.j  1.+0.j -1.+0.j -1.+0.j
 -1.+0.j -1.+0.j  1.+0.j  1.+0.j -1.+0.j -1.+0.j  1.+0.j  1.+0.j  1.+0.j  1.+0.j -1.+0.j -1.+0.j -1.+0.j -1.+0.j
  1.+0.j  1.+0.j -1.+0.j -1.+0.j -1.+0.j -1.+0.j  1.+0.j  1.+0.j -1.+0.j -1.+0.j  1.+0.j  1.+0.j -1.+0.j -1.+0.j
 -1.+0.j -1.+0.j -1.+0.j -1.+0.j  1.+0.j  1.+0.j  1.+0.j  1.+0.j  1.+0.j  1.+0.j  1.+0.j  1.+0.j  1.+0.j  1.+0.j
  1.+0.j  1.+0.j  1.+0.j  1.+0.j -1.+0.j -1.+0.j -1.+0.j -1.+0.j  1.+0.j  1.+0.j  1.+0.j  1.+0.j  1.+0.j  1.+0.j
  1.+0.j  1.+0.j  1.+0.j  1.+0.j  1.+0.j  1.+0.j -1.+0.j -1.+0.j -1.+0.j -1.+0.j -1.+0.j -1.+0.j  1.+0.j  1.+0.j
 -1.+0.j -1.+0.j  1.+0.j  1.+0.j -1.+0.j -1.+0.j  1.+0.j  1.+0.j  1.+0.j  1.+0.j  1.+0.j  1.+0.j  1.+0.j  1.+0.j
 -1.+0.j -1.+0.j  1.+0.j  1.+0.j  1.+0.j  1.+0.j  1.+0.j  1.+0.j  1.+0.j  1.+0.j  1.+0.j  1.+0.j  1.+0.j  1.+0.j
 -1.+0.j -1.+0.j  1.+0.j  1.+0.j  1.+0.j  1.+0.j -1.+0.j -1.+0.j  1.+0.j  1.+0.j -1.+0.j -1.+0.j -1.+0.j -1.+0.j
  1.+0.j  1.+0.j  1.+0.j  1.+0.j  1.+0.j  1.+0.j  1.+0.j  1.+0.j  1.+0.j  1.+0.j -1.+0.j -1.+0.j  1.+0.j  1.+0.j
 -1.+0.j -1.+0.j  1.+0.j  1.+0.j -1.+0.j -1.+0.j -1.+0.j -1.+0.j  1.+0.j  1.+0.j  1.+0.j  1.+0.j -1.+0.j -1.+0.j
  1.+0.j  1.+0.j -1.+0.j -1.+0.j -1.+0.j -1.+0.j  1.+0.j  1.+0.j  1.+0.j  1.+0.j  1.+0.j  1.+0.j  1.+0.j  1.+0.j
  1.+0.j  1.+0.j  1.+0.j  1.+0.j -1.+0.j -1.+0.j -1.+0.j -1.+0.j  1.+0.j  1.+0.j -1.+0.j -1.+0.j  1.+0.j  1.+0.j
  1.+0.j  1.+0.j -1.+0.j -1.+0.j -1.+0.j -1.+0.j -1.+0.j -1.+0.j -1.+0.j -1.+0.j -1.+0.j -1.+0.j -1.+0.j -1.+0.j
 -1.+0.j -1.+0.j -1.+0.j -1.+0.j -1.+0.j -1.+0.j -1.+0.j -1.+0.j -1.+0.j -1.+0.j -1.+0.j -1.+0.j -1.+0.j -1.+0.j
  1.+0.j  1.+0.j -1.+0.j -1.+0.j -1.+0.j -1.+0.j -1.+0.j -1.+0.j -1.+0.j -1.+0.j  1.+0.j  1.+0.j  1.+0.j  1.+0.j
 -1.+0.j -1.+0.j -1.+0.j -1.+0.j -1.+0.j -1.+0.j  1.+0.j  1.+0.j  1.+0.j  1.+0.j -1.+0.j -1.+0.j  1.+0.j  1.+0.j
  1.+0.j  1.+0.j  1.+0.j  1.+0.j  1.+0.j  1.+0.j  1.+0.j  1.+0.j  1.+0.j  1.+0.j -1.+0.j -1.+0.j  1.+0.j  1.+0.j
  1.+0.j  1.+0.j -1.+0.j -1.+0.j -1.+0.j -1.+0.j -1.+0.j -1.+0.j -1.+0.j -1.+0.j  1.+0.j  1.+0.j  1.+0.j  1.+0.j
 -1.+0.j -1.+0.j -1.+0.j -1.+0.j  1.+0.j  1.+0.j -1.+0.j -1.+0.j  1.+0.j  1.+0.j  1.+0.j  1.+0.j -1.+0.j -1.+0.j
 -1.+0.j -1.+0.j  1.+0.j  1.+0.j -1.+0.j -1.+0.j -1.+0.j -1.+0.j  1.+0.j  1.+0.j -1.+0.j -1.+0.j  1.+0.j  1.+0.j
 -1.+0.j -1.+0.j -1.+0.j -1.+0.j -1.+0.j -1.+0.j  1.+0.j  1.+0.j  1.+0.j  1.+0.j  1.+0.j  1.+0.j  1.+0.j  1.+0.j
  1.+0.j  1.+0.j  1.+0.j  1.+0.j  1.+0.j  1.+0.j -1.+0.j -1.+0.j -1.+0.j -1.+0.j  1.+0.j  1.+0.j  1.+0.j  1.+0.j
  1.+0.j  1.+0.j  1.+0.j  1.+0.j  1.+0.j  1.+0.j  1.+0.j  1.+0.j -1.+0.j -1.+0.j -1.+0.j -1.+0.j -1.+0.j -1.+0.j
  1.+0.j  1.+0.j -1.+0.j -1.+0.j  1.+0.j  1.+0.j -1.+0.j -1.+0.j  1.+0.j  1.+0.j  1.+0.j  1.+0.j  1.+0.j  1.+0.j
  1.+0.j  1.+0.j -1.+0.j -1.+0.j  1.+0.j  1.+0.j  1.+0.j  1.+0.j  1.+0.j  1.+0.j  1.+0.j  1.+0.j  1.+0.j  1.+0.j
  1.+0.j  1.+0.j -1.+0.j -1.+0.j  1.+0.j  1.+0.j  1.+0.j  1.+0.j -1.+0.j -1.+0.j  1.+0.j  1.+0.j -1.+0.j -1.+0.j
 -1.+0.j -1.+0.j  1.+0.j  1.+0.j  1.+0.j  1.+0.j  1.+0.j  1.+0.j  1.+0.j  1.+0.j  1.+0.j  1.+0.j -1.+0.j -1.+0.j
  1.+0.j  1.+0.j -1.+0.j -1.+0.j  1.+0.j  1.+0.j -1.+0.j -1.+0.j -1.+0.j -1.+0.j  1.+0.j  1.+0.j  1.+0.j  1.+0.j
 -1.+0.j -1.+0.j  1.+0.j  1.+0.j -1.+0.j -1.+0.j -1.+0.j -1.+0.j  1.+0.j  1.+0.j  1.+0.j  1.+0.j  1.+0.j  1.+0.j
  1.+0.j  1.+0.j  1.+0.j  1.+0.j  1.+0.j  1.+0.j -1.+0.j -1.+0.j -1.+0.j -1.+0.j  1.+0.j  1.+0.j -1.+0.j -1.+0.j
  1.+0.j  1.+0.j  1.+0.j  1.+0.j -1.+0.j -1.+0.j -1.+0.j -1.+0.j -1.+0.j -1.+0.j -1.+0.j -1.+0.j -1.+0.j -1.+0.j
 -1.+0.j -1.+0.j -1.+0.j -1.+0.j -1.+0.j -1.+0.j -1.+0.j -1.+0.j -1.+0.j -1.+0.j -1.+0.j -1.+0.j -1.+0.j -1.+0.j
 -1.+0.j -1.+0.j  1.+0.j  1.+0.j -1.+0.j -1.+0.j -1.+0.j -1.+0.j -1.+0.j -1.+0.j -1.+0.j -1.+0.j  1.+0.j  1.+0.j
  1.+0.j  1.+0.j -1.+0.j -1.+0.j -1.+0.j -1.+0.j -1.+0.j -1.+0.j  1.+0.j  1.+0.j  1.+0.j  1.+0.j -1.+0.j -1.+0.j
  1.+0.j  1.+0.j  1.+0.j  1.+0.j  1.+0.j  1.+0.j  1.+0.j  1.+0.j  1.+0.j  1.+0.j  1.+0.j  1.+0.j -1.+0.j -1.+0.j
  1.+0.j  1.+0.j  1.+0.j  1.+0.j -1.+0.j -1.+0.j -1.+0.j -1.+0.j -1.+0.j -1.+0.j -1.+0.j -1.+0.j  1.+0.j  1.+0.j
  1.+0.j  1.+0.j -1.+0.j -1.+0.j -1.+0.j -1.+0.j  1.+0.j  1.+0.j -1.+0.j -1.+0.j  1.+0.j  1.+0.j  1.+0.j  1.+0.j
 -1.+0.j -1.+0.j -1.+0.j -1.+0.j  1.+0.j  1.+0.j -1.+0.j -1.+0.j -1.+0.j -1.+0.j  1.+0.j  1.+0.j -1.+0.j -1.+0.j
  1.+0.j  1.+0.j -1.+0.j -1.+0.j -1.+0.j -1.+0.j -1.+0.j -1.+0.j  1.+0.j  1.+0.j  1.+0.j  1.+0.j  1.+0.j  1.+0.j
  1.+0.j  1.+0.j  1.+0.j  1.+0.j  1.+0.j  1.+0.j  1.+0.j  1.+0.j -1.+0.j -1.+0.j -1.+0.j -1.+0.j  1.+0.j  1.+0.j
  1.+0.j  1.+0.j  1.+0.j  1.+0.j  1.+0.j  1.+0.j  1.+0.j  1.+0.j  1.+0.j  1.+0.j -1.+0.j -1.+0.j -1.+0.j -1.+0.j
 -1.+0.j -1.+0.j  1.+0.j  1.+0.j -1.+0.j -1.+0.j  1.+0.j  1.+0.j -1.+0.j -1.+0.j  1.+0.j  1.+0.j  1.+0.j  1.+0.j
  1.+0.j  1.+0.j  1.+0.j  1.+0.j -1.+0.j -1.+0.j  1.+0.j  1.+0.j  1.+0.j  1.+0.j  1.+0.j  1.+0.j  1.+0.j  1.+0.j
  1.+0.j  1.+0.j  1.+0.j  1.+0.j -1.+0.j -1.+0.j  1.+0.j  1.+0.j  1.+0.j  1.+0.j -1.+0.j -1.+0.j  1.+0.j  1.+0.j
 -1.+0.j -1.+0.j -1.+0.j -1.+0.j  1.+0.j  1.+0.j  1.+0.j  1.+0.j  1.+0.j  1.+0.j  1.+0.j  1.+0.j  1.+0.j  1.+0.j
 -1.+0.j -1.+0.j  1.+0.j  1.+0.j -1.+0.j -1.+0.j  1.+0.j  1.+0.j -1.+0.j -1.+0.j -1.+0.j -1.+0.j  1.+0.j  1.+0.j
  1.+0.j  1.+0.j -1.+0.j -1.+0.j  1.+0.j  1.+0.j -1.+0.j -1.+0.j -1.+0.j -1.+0.j  1.+0.j  1.+0.j  1.+0.j  1.+0.j
  1.+0.j  1.+0.j  1.+0.j  1.+0.j  1.+0.j  1.+0.j  1.+0.j  1.+0.j -1.+0.j -1.+0.j -1.+0.j -1.+0.j  1.+0.j  1.+0.j
 -1.+0.j -1.+0.j  1.+0.j  1.+0.j  1.+0.j  1.+0.j -1.+0.j -1.+0.j -1.+0.j -1.+0.j -1.+0.j -1.+0.j -1.+0.j -1.+0.j
 -1.+0.j -1.+0.j -1.+0.j -1.+0.j -1.+0.j -1.+0.j -1.+0.j -1.+0.j -1.+0.j -1.+0.j -1.+0.j -1.+0.j -1.+0.j -1.+0.j
 -1.+0.j -1.+0.j -1.+0.j -1.+0.j  1.+0.j  1.+0.j -1.+0.j -1.+0.j -1.+0.j -1.+0.j -1.+0.j -1.+0.j -1.+0.j -1.+0.j
  1.+0.j  1.+0.j  1.+0.j  1.+0.j -1.+0.j -1.+0.j -1.+0.j -1.+0.j -1.+0.j -1.+0.j  1.+0.j  1.+0.j  1.+0.j  1.+0.j
 -1.+0.j -1.+0.j  1.+0.j  1.+0.j  1.+0.j  1.+0.j  1.+0.j  1.+0.j  1.+0.j  1.+0.j  1.+0.j  1.+0.j  1.+0.j  1.+0.j
 -1.+0.j -1.+0.j  1.+0.j  1.+0.j  1.+0.j  1.+0.j -1.+0.j -1.+0.j -1.+0.j -1.+0.j -1.+0.j -1.+0.j -1.+0.j -1.+0.j
  1.+0.j  1.+0.j  1.+0.j  1.+0.j -1.+0.j -1.+0.j -1.+0.j -1.+0.j  1.+0.j  1.+0.j -1.+0.j -1.+0.j  1.+0.j  1.+0.j
  1.+0.j  1.+0.j -1.+0.j -1.+0.j -1.+0.j -1.+0.j  1.+0.j  1.+0.j -1.+0.j -1.+0.j -1.+0.j -1.+0.j  1.+0.j  1.+0.j
 -1.+0.j -1.+0.j  1.+0.j  1.+0.j -1.+0.j -1.+0.j -1.+0.j -1.+0.j -1.+0.j -1.+0.j  1.+0.j  1.+0.j  1.+0.j  1.+0.j
  1.+0.j  1.+0.j  1.+0.j  1.+0.j  1.+0.j  1.+0.j  1.+0.j  1.+0.j  1.+0.j  1.+0.j -1.+0.j -1.+0.j -1.+0.j -1.+0.j
  1.+0.j  1.+0.j  1.+0.j  1.+0.j  1.+0.j  1.+0.j  1.+0.j  1.+0.j  1.+0.j  1.+0.j  1.+0.j  1.+0.j -1.+0.j -1.+0.j
 -1.+0.j -1.+0.j -1.+0.j -1.+0.j  1.+0.j  1.+0.j -1.+0.j -1.+0.j  1.+0.j  1.+0.j -1.+0.j -1.+0.j  1.+0.j  1.+0.j
  1.+0.j  1.+0.j  1.+0.j  1.+0.j  1.+0.j  1.+0.j -1.+0.j -1.+0.j  1.+0.j  1.+0.j  1.+0.j  1.+0.j  1.+0.j  1.+0.j
  1.+0.j  1.+0.j  1.+0.j  1.+0.j  1.+0.j  1.+0.j -1.+0.j -1.+0.j  1.+0.j  1.+0.j  1.+0.j  1.+0.j -1.+0.j -1.+0.j
  1.+0.j  1.+0.j -1.+0.j -1.+0.j -1.+0.j -1.+0.j  1.+0.j  1.+0.j  1.+0.j  1.+0.j  1.+0.j  1.+0.j  1.+0.j  1.+0.j
  1.+0.j  1.+0.j -1.+0.j -1.+0.j  1.+0.j  1.+0.j -1.+0.j -1.+0.j  1.+0.j  1.+0.j -1.+0.j -1.+0.j -1.+0.j -1.+0.j
  1.+0.j  1.+0.j  1.+0.j  1.+0.j -1.+0.j -1.+0.j  1.+0.j  1.+0.j -1.+0.j -1.+0.j -1.+0.j -1.+0.j  1.+0.j  1.+0.j
  1.+0.j  1.+0.j  1.+0.j  1.+0.j  1.+0.j  1.+0.j  1.+0.j  1.+0.j  1.+0.j  1.+0.j -1.+0.j -1.+0.j -1.+0.j -1.+0.j
  1.+0.j  1.+0.j -1.+0.j -1.+0.j  1.+0.j  1.+0.j  1.+0.j  1.+0.j -1.+0.j -1.+0.j  1.-0.j  1.-0.j  1.-0.j  1.-0.j
  1.-0.j  1.-0.j  1.-0.j  1.-0.j  1.-0.j  1.-0.j  1.-0.j  1.-0.j  1.-0.j  1.-0.j  1.-0.j  1.-0.j  1.-0.j  1.-0.j
  1.-0.j  1.-0.j  1.-0.j  1.-0.j  1.-0.j  1.-0.j -1.+0.j -1.+0.j  1.-0.j  1.-0.j  1.-0.j  1.-0.j  1.-0.j  1.-0.j
  1.-0.j  1.-0.j -1.+0.j -1.+0.j -1.+0.j -1.+0.j  1.-0.j  1.-0.j  1.-0.j  1.-0.j  1.-0.j  1.-0.j -1.+0.j -1.+0.j
 -1.+0.j -1.+0.j  1.-0.j  1.-0.j -1.+0.j -1.+0.j -1.+0.j -1.+0.j -1.+0.j -1.+0.j -1.+0.j -1.+0.j -1.+0.j -1.+0.j
 -1.+0.j -1.+0.j  1.-0.j  1.-0.j -1.+0.j -1.+0.j -1.+0.j -1.+0.j  1.-0.j  1.-0.j  1.-0.j  1.-0.j  1.-0.j  1.-0.j
  1.-0.j  1.-0.j -1.+0.j -1.+0.j -1.+0.j -1.+0.j  1.-0.j  1.-0.j  1.-0.j  1.-0.j -1.+0.j -1.+0.j  1.-0.j  1.-0.j
 -1.+0.j -1.+0.j -1.+0.j -1.+0.j  1.-0.j  1.-0.j  1.-0.j  1.-0.j -1.+0.j -1.+0.j  1.-0.j  1.-0.j  1.-0.j  1.-0.j
 -1.+0.j -1.+0.j  1.-0.j  1.-0.j -1.+0.j -1.+0.j  1.-0.j  1.-0.j  1.-0.j  1.-0.j  1.-0.j  1.-0.j -1.+0.j -1.+0.j
 -1.+0.j -1.+0.j -1.+0.j -1.+0.j -1.+0.j -1.+0.j -1.+0.j -1.+0.j -1.+0.j -1.+0.j -1.+0.j -1.+0.j  1.-0.j  1.-0.j
  1.-0.j  1.-0.j -1.+0.j -1.+0.j -1.+0.j -1.+0.j -1.+0.j -1.+0.j -1.+0.j -1.+0.j -1.+0.j -1.+0.j -1.+0.j -1.+0.j
  1.-0.j  1.-0.j  1.-0.j  1.-0.j  1.-0.j  1.-0.j -1.+0.j -1.+0.j  1.-0.j  1.-0.j -1.+0.j -1.+0.j  1.-0.j  1.-0.j
 -1.+0.j -1.+0.j -1.+0.j -1.+0.j -1.+0.j -1.+0.j -1.+0.j -1.+0.j  1.-0.j  1.-0.j -1.+0.j -1.+0.j -1.+0.j -1.+0.j
 -1.+0.j -1.+0.j -1.+0.j -1.+0.j -1.+0.j -1.+0.j -1.+0.j -1.+0.j  1.-0.j  1.-0.j -1.+0.j -1.+0.j -1.+0.j -1.+0.j
  1.-0.j  1.-0.j -1.+0.j -1.+0.j  1.-0.j  1.-0.j  1.-0.j  1.-0.j -1.+0.j -1.+0.j -1.+0.j -1.+0.j -1.+0.j -1.+0.j
 -1.+0.j -1.+0.j -1.+0.j -1.+0.j  1.-0.j  1.-0.j -1.+0.j -1.+0.j  1.-0.j  1.-0.j -1.+0.j -1.+0.j  1.-0.j  1.-0.j
  1.-0.j  1.-0.j -1.+0.j -1.+0.j -1.+0.j -1.+0.j  1.-0.j  1.-0.j -1.+0.j -1.+0.j  1.-0.j  1.-0.j  1.-0.j  1.-0.j
 -1.+0.j -1.+0.j -1.+0.j -1.+0.j -1.+0.j -1.+0.j -1.+0.j -1.+0.j -1.+0.j -1.+0.j -1.+0.j -1.+0.j  1.-0.j  1.-0.j
  1.-0.j  1.-0.j -1.+0.j -1.+0.j  1.-0.j  1.-0.j -1.+0.j -1.+0.j -1.+0.j -1.+0.j  1.-0.j  1.-0.j -1.+0.j -1.+0.j
 -1.+0.j -1.+0.j -1.+0.j -1.+0.j -1.+0.j -1.+0.j -1.+0.j -1.+0.j -1.+0.j -1.+0.j -1.+0.j -1.+0.j -1.+0.j -1.+0.j
 -1.+0.j -1.+0.j -1.+0.j -1.+0.j -1.+0.j -1.+0.j -1.+0.j -1.+0.j  1.+0.j  1.+0.j -1.+0.j -1.+0.j -1.+0.j -1.+0.j
 -1.+0.j -1.+0.j -1.+0.j -1.+0.j  1.+0.j  1.+0.j  1.+0.j  1.+0.j -1.+0.j -1.+0.j -1.+0.j -1.+0.j -1.+0.j -1.+0.j
  1.+0.j  1.+0.j  1.+0.j  1.+0.j -1.+0.j -1.+0.j  1.+0.j  1.+0.j  1.+0.j  1.+0.j  1.+0.j  1.+0.j  1.+0.j  1.+0.j
  1.+0.j  1.+0.j  1.+0.j  1.+0.j -1.+0.j -1.+0.j  1.+0.j  1.+0.j  1.+0.j  1.+0.j -1.+0.j -1.+0.j -1.+0.j -1.+0.j
 -1.+0.j -1.+0.j -1.+0.j -1.+0.j  1.+0.j  1.+0.j  1.+0.j  1.+0.j -1.+0.j -1.+0.j -1.+0.j -1.+0.j  1.+0.j  1.+0.j
 -1.+0.j -1.+0.j  1.+0.j  1.+0.j  1.+0.j  1.+0.j -1.+0.j -1.+0.j -1.+0.j -1.+0.j  1.+0.j  1.+0.j -1.+0.j -1.+0.j
 -1.+0.j -1.+0.j  1.+0.j  1.+0.j -1.+0.j -1.+0.j  1.+0.j  1.+0.j -1.+0.j -1.+0.j -1.+0.j -1.+0.j -1.+0.j -1.+0.j
  1.+0.j  1.+0.j  1.+0.j  1.+0.j  1.+0.j  1.+0.j  1.+0.j  1.+0.j  1.+0.j  1.+0.j  1.+0.j  1.+0.j  1.+0.j  1.+0.j
 -1.+0.j -1.+0.j -1.+0.j -1.+0.j  1.+0.j  1.+0.j  1.+0.j  1.+0.j  1.+0.j  1.+0.j  1.+0.j  1.+0.j  1.+0.j  1.+0.j
  1.+0.j  1.+0.j -1.+0.j -1.+0.j -1.+0.j -1.+0.j -1.+0.j -1.+0.j  1.+0.j  1.+0.j -1.+0.j -1.+0.j  1.+0.j  1.+0.j
 -1.+0.j -1.+0.j  1.+0.j  1.+0.j  1.+0.j  1.+0.j  1.+0.j  1.+0.j  1.+0.j  1.+0.j -1.+0.j -1.+0.j  1.+0.j  1.+0.j
  1.+0.j  1.+0.j  1.+0.j  1.+0.j  1.+0.j  1.+0.j  1.+0.j  1.+0.j  1.+0.j  1.+0.j -1.+0.j -1.+0.j  1.+0.j  1.+0.j
  1.+0.j  1.+0.j -1.+0.j -1.+0.j  1.+0.j  1.+0.j -1.+0.j -1.+0.j -1.+0.j -1.+0.j  1.+0.j  1.+0.j  1.+0.j  1.+0.j
  1.+0.j  1.+0.j  1.+0.j  1.+0.j  1.+0.j  1.+0.j -1.+0.j -1.+0.j  1.+0.j  1.+0.j -1.+0.j -1.+0.j  1.+0.j  1.+0.j
 -1.+0.j -1.+0.j -1.+0.j -1.+0.j  1.+0.j  1.+0.j  1.+0.j  1.+0.j -1.+0.j -1.+0.j  1.+0.j  1.+0.j -1.+0.j -1.+0.j
 -1.+0.j -1.+0.j  1.+0.j  1.+0.j  1.+0.j  1.+0.j  1.+0.j  1.+0.j  1.+0.j  1.+0.j  1.+0.j  1.+0.j  1.+0.j  1.+0.j
 -1.+0.j -1.+0.j -1.+0.j -1.+0.j  1.+0.j  1.+0.j -1.+0.j -1.+0.j  1.+0.j  1.+0.j  1.+0.j  1.+0.j -1.+0.j -1.+0.j
  1.-0.j  1.-0.j  1.-0.j  1.-0.j  1.-0.j  1.-0.j  1.-0.j  1.-0.j  1.-0.j  1.-0.j  1.-0.j  1.-0.j  1.-0.j  1.-0.j
  1.-0.j  1.-0.j  1.-0.j  1.-0.j  1.-0.j  1.-0.j  1.-0.j  1.-0.j  1.-0.j  1.-0.j -1.+0.j -1.+0.j  1.-0.j  1.-0.j
  1.-0.j  1.-0.j  1.-0.j  1.-0.j  1.-0.j  1.-0.j -1.+0.j -1.+0.j -1.+0.j -1.+0.j  1.-0.j  1.-0.j  1.-0.j  1.-0.j
  1.-0.j  1.-0.j -1.+0.j -1.+0.j -1.+0.j -1.+0.j  1.-0.j  1.-0.j -1.+0.j -1.+0.j -1.+0.j -1.+0.j -1.+0.j -1.+0.j
 -1.+0.j -1.+0.j -1.+0.j -1.+0.j -1.+0.j -1.+0.j  1.-0.j  1.-0.j -1.+0.j -1.+0.j -1.+0.j -1.+0.j  1.-0.j  1.-0.j
  1.-0.j  1.-0.j  1.-0.j  1.-0.j  1.-0.j  1.-0.j -1.+0.j -1.+0.j -1.+0.j -1.+0.j  1.-0.j  1.-0.j  1.-0.j  1.-0.j
 -1.+0.j -1.+0.j  1.-0.j  1.-0.j -1.+0.j -1.+0.j -1.+0.j -1.+0.j  1.-0.j  1.-0.j  1.-0.j  1.-0.j -1.+0.j -1.+0.j
  1.-0.j  1.-0.j  1.-0.j  1.-0.j -1.+0.j -1.+0.j  1.-0.j  1.-0.j -1.+0.j -1.+0.j  1.-0.j  1.-0.j  1.-0.j  1.-0.j
  1.-0.j  1.-0.j -1.+0.j -1.+0.j -1.+0.j -1.+0.j -1.+0.j -1.+0.j -1.+0.j -1.+0.j -1.+0.j -1.+0.j -1.+0.j -1.+0.j
 -1.+0.j -1.+0.j  1.-0.j  1.-0.j  1.-0.j  1.-0.j -1.+0.j -1.+0.j -1.+0.j -1.+0.j -1.+0.j -1.+0.j -1.+0.j -1.+0.j
 -1.+0.j -1.+0.j -1.+0.j -1.+0.j  1.-0.j  1.-0.j  1.-0.j  1.-0.j  1.-0.j  1.-0.j -1.+0.j -1.+0.j  1.-0.j  1.-0.j
 -1.+0.j -1.+0.j  1.-0.j  1.-0.j -1.+0.j -1.+0.j -1.+0.j -1.+0.j -1.+0.j -1.+0.j -1.+0.j -1.+0.j  1.-0.j  1.-0.j
 -1.+0.j -1.+0.j -1.+0.j -1.+0.j -1.+0.j -1.+0.j -1.+0.j -1.+0.j -1.+0.j -1.+0.j -1.+0.j -1.+0.j  1.-0.j  1.-0.j
 -1.+0.j -1.+0.j -1.+0.j -1.+0.j  1.-0.j  1.-0.j -1.+0.j -1.+0.j  1.-0.j  1.-0.j  1.-0.j  1.-0.j -1.+0.j -1.+0.j
 -1.+0.j -1.+0.j -1.+0.j -1.+0.j -1.+0.j -1.+0.j -1.+0.j -1.+0.j  1.-0.j  1.-0.j -1.+0.j -1.+0.j  1.-0.j  1.-0.j
 -1.+0.j -1.+0.j  1.-0.j  1.-0.j  1.-0.j  1.-0.j -1.+0.j -1.+0.j -1.+0.j -1.+0.j  1.-0.j  1.-0.j -1.+0.j -1.+0.j
  1.-0.j  1.-0.j  1.-0.j  1.-0.j -1.+0.j -1.+0.j -1.+0.j -1.+0.j -1.+0.j -1.+0.j -1.+0.j -1.+0.j -1.+0.j -1.+0.j
 -1.+0.j -1.+0.j  1.-0.j  1.-0.j  1.-0.j  1.-0.j -1.+0.j -1.+0.j  1.-0.j  1.-0.j -1.+0.j -1.+0.j -1.+0.j -1.+0.j
  1.-0.j  1.-0.j  1.-0.j  1.-0.j  1.-0.j  1.-0.j  1.-0.j  1.-0.j  1.-0.j  1.-0.j  1.-0.j  1.-0.j  1.-0.j  1.-0.j
  1.-0.j  1.-0.j  1.-0.j  1.-0.j  1.-0.j  1.-0.j  1.-0.j  1.-0.j  1.-0.j  1.-0.j  1.-0.j  1.-0.j -1.+0.j -1.+0.j
  1.-0.j  1.-0.j  1.-0.j  1.-0.j  1.-0.j  1.-0.j  1.-0.j  1.-0.j -1.+0.j -1.+0.j -1.+0.j -1.+0.j  1.-0.j  1.-0.j
  1.-0.j  1.-0.j  1.-0.j  1.-0.j -1.+0.j -1.+0.j -1.+0.j -1.+0.j  1.-0.j  1.-0.j -1.+0.j -1.+0.j -1.+0.j -1.+0.j
 -1.+0.j -1.+0.j -1.+0.j -1.+0.j -1.+0.j -1.+0.j -1.+0.j -1.+0.j  1.-0.j  1.-0.j -1.+0.j -1.+0.j -1.+0.j -1.+0.j
  1.-0.j  1.-0.j  1.-0.j  1.-0.j  1.-0.j  1.-0.j  1.-0.j  1.-0.j -1.+0.j -1.+0.j -1.+0.j -1.+0.j  1.-0.j  1.-0.j
  1.-0.j  1.-0.j -1.+0.j -1.+0.j  1.-0.j  1.-0.j -1.+0.j -1.+0.j -1.+0.j -1.+0.j  1.-0.j  1.-0.j  1.-0.j  1.-0.j
 -1.+0.j -1.+0.j  1.-0.j  1.-0.j  1.-0.j  1.-0.j -1.+0.j -1.+0.j  1.-0.j  1.-0.j -1.+0.j -1.+0.j  1.-0.j  1.-0.j
  1.-0.j  1.-0.j  1.-0.j  1.-0.j -1.+0.j -1.+0.j -1.+0.j -1.+0.j -1.+0.j -1.+0.j -1.+0.j -1.+0.j -1.+0.j -1.+0.j
 -1.+0.j -1.+0.j -1.+0.j -1.+0.j  1.-0.j  1.-0.j  1.-0.j  1.-0.j -1.+0.j -1.+0.j -1.+0.j -1.+0.j -1.+0.j -1.+0.j
 -1.+0.j -1.+0.j -1.+0.j -1.+0.j -1.+0.j -1.+0.j  1.-0.j  1.-0.j  1.-0.j  1.-0.j  1.-0.j  1.-0.j -1.+0.j -1.+0.j
  1.-0.j  1.-0.j -1.+0.j -1.+0.j  1.-0.j  1.-0.j -1.+0.j -1.+0.j -1.+0.j -1.+0.j -1.+0.j -1.+0.j -1.+0.j -1.+0.j
  1.-0.j  1.-0.j -1.+0.j -1.+0.j -1.+0.j -1.+0.j -1.+0.j -1.+0.j -1.+0.j -1.+0.j -1.+0.j -1.+0.j -1.+0.j -1.+0.j
  1.-0.j  1.-0.j -1.+0.j -1.+0.j -1.+0.j -1.+0.j  1.-0.j  1.-0.j -1.+0.j -1.+0.j  1.-0.j  1.-0.j  1.-0.j  1.-0.j
 -1.+0.j -1.+0.j -1.+0.j -1.+0.j -1.+0.j -1.+0.j -1.+0.j -1.+0.j -1.+0.j -1.+0.j  1.-0.j  1.-0.j -1.+0.j -1.+0.j
  1.-0.j  1.-0.j -1.+0.j -1.+0.j  1.-0.j  1.-0.j  1.-0.j  1.-0.j -1.+0.j -1.+0.j -1.+0.j -1.+0.j  1.-0.j  1.-0.j
 -1.+0.j -1.+0.j  1.-0.j  1.-0.j  1.-0.j  1.-0.j -1.+0.j -1.+0.j -1.+0.j -1.+0.j -1.+0.j -1.+0.j -1.+0.j -1.+0.j
 -1.+0.j -1.+0.j -1.+0.j -1.+0.j  1.-0.j  1.-0.j  1.-0.j  1.-0.j -1.+0.j -1.+0.j  1.-0.j  1.-0.j -1.+0.j -1.+0.j
 -1.+0.j -1.+0.j  1.-0.j  1.-0.j  1.-0.j  1.-0.j  1.-0.j  1.-0.j  1.-0.j  1.-0.j  1.-0.j  1.-0.j  1.-0.j  1.-0.j
  1.-0.j  1.-0.j  1.-0.j  1.-0.j  1.-0.j  1.-0.j  1.-0.j  1.-0.j  1.-0.j  1.-0.j  1.-0.j  1.-0.j  1.-0.j  1.-0.j
 -1.+0.j -1.+0.j  1.-0.j  1.-0.j  1.-0.j  1.-0.j  1.-0.j  1.-0.j  1.-0.j  1.-0.j -1.+0.j -1.+0.j -1.+0.j -1.+0.j
  1.-0.j  1.-0.j  1.-0.j  1.-0.j  1.-0.j  1.-0.j -1.+0.j -1.+0.j -1.+0.j -1.+0.j  1.-0.j  1.-0.j -1.+0.j -1.+0.j
 -1.+0.j -1.+0.j -1.+0.j -1.+0.j -1.+0.j -1.+0.j -1.+0.j -1.+0.j -1.+0.j -1.+0.j  1.-0.j  1.-0.j -1.+0.j -1.+0.j
 -1.+0.j -1.+0.j  1.-0.j  1.-0.j  1.-0.j  1.-0.j  1.-0.j  1.-0.j  1.-0.j  1.-0.j -1.+0.j -1.+0.j -1.+0.j -1.+0.j
  1.-0.j  1.-0.j  1.-0.j  1.-0.j -1.+0.j -1.+0.j  1.-0.j  1.-0.j -1.+0.j -1.+0.j -1.+0.j -1.+0.j  1.-0.j  1.-0.j
  1.-0.j  1.-0.j -1.+0.j -1.+0.j  1.-0.j  1.-0.j  1.-0.j  1.-0.j -1.+0.j -1.+0.j  1.-0.j  1.-0.j -1.+0.j -1.+0.j
  1.-0.j  1.-0.j  1.-0.j  1.-0.j  1.-0.j  1.-0.j -1.+0.j -1.+0.j -1.+0.j -1.+0.j -1.+0.j -1.+0.j -1.+0.j -1.+0.j
 -1.+0.j -1.+0.j -1.+0.j -1.+0.j -1.+0.j -1.+0.j  1.-0.j  1.-0.j  1.-0.j  1.-0.j -1.+0.j -1.+0.j -1.+0.j -1.+0.j
 -1.+0.j -1.+0.j -1.+0.j -1.+0.j -1.+0.j -1.+0.j -1.+0.j -1.+0.j  1.-0.j  1.-0.j  1.-0.j  1.-0.j  1.-0.j  1.-0.j
 -1.+0.j -1.+0.j  1.-0.j  1.-0.j -1.+0.j -1.+0.j  1.-0.j  1.-0.j -1.+0.j -1.+0.j -1.+0.j -1.+0.j -1.+0.j -1.+0.j
 -1.+0.j -1.+0.j  1.-0.j  1.-0.j -1.+0.j -1.+0.j -1.+0.j -1.+0.j -1.+0.j -1.+0.j -1.+0.j -1.+0.j -1.+0.j -1.+0.j
 -1.+0.j -1.+0.j  1.-0.j  1.-0.j -1.+0.j -1.+0.j -1.+0.j -1.+0.j  1.-0.j  1.-0.j -1.+0.j -1.+0.j  1.-0.j  1.-0.j
  1.-0.j  1.-0.j -1.+0.j -1.+0.j -1.+0.j -1.+0.j -1.+0.j -1.+0.j -1.+0.j -1.+0.j -1.+0.j -1.+0.j  1.-0.j  1.-0.j
 -1.+0.j -1.+0.j  1.-0.j  1.-0.j -1.+0.j -1.+0.j  1.-0.j  1.-0.j  1.-0.j  1.-0.j -1.+0.j -1.+0.j -1.+0.j -1.+0.j
  1.-0.j  1.-0.j -1.+0.j -1.+0.j  1.-0.j  1.-0.j  1.-0.j  1.-0.j -1.+0.j -1.+0.j -1.+0.j -1.+0.j -1.+0.j -1.+0.j
 -1.+0.j -1.+0.j -1.+0.j -1.+0.j -1.+0.j -1.+0.j  1.-0.j  1.-0.j  1.-0.j  1.-0.j -1.+0.j -1.+0.j  1.-0.j  1.-0.j
 -1.+0.j -1.+0.j -1.+0.j -1.+0.j  1.-0.j  1.-0.j  1.-0.j  1.-0.j  1.-0.j  1.-0.j  1.-0.j  1.-0.j  1.-0.j  1.-0.j
  1.-0.j  1.-0.j  1.-0.j  1.-0.j  1.-0.j  1.-0.j  1.-0.j  1.-0.j  1.-0.j  1.-0.j  1.-0.j  1.-0.j  1.-0.j  1.-0.j
  1.-0.j  1.-0.j -1.+0.j -1.+0.j  1.-0.j  1.-0.j  1.-0.j  1.-0.j  1.-0.j  1.-0.j  1.-0.j  1.-0.j -1.+0.j -1.+0.j
 -1.+0.j -1.+0.j  1.-0.j  1.-0.j  1.-0.j  1.-0.j  1.-0.j  1.-0.j -1.+0.j -1.+0.j -1.+0.j -1.+0.j  1.-0.j  1.-0.j
 -1.+0.j -1.+0.j -1.+0.j -1.+0.j -1.+0.j -1.+0.j -1.+0.j -1.+0.j -1.+0.j -1.+0.j -1.+0.j -1.+0.j  1.-0.j  1.-0.j
 -1.+0.j -1.+0.j -1.+0.j -1.+0.j  1.-0.j  1.-0.j  1.-0.j  1.-0.j  1.-0.j  1.-0.j  1.-0.j  1.-0.j -1.+0.j -1.+0.j
 -1.+0.j -1.+0.j  1.-0.j  1.-0.j  1.-0.j  1.-0.j -1.+0.j -1.+0.j  1.-0.j  1.-0.j -1.+0.j -1.+0.j -1.+0.j -1.+0.j
  1.-0.j  1.-0.j  1.-0.j  1.-0.j -1.+0.j -1.+0.j  1.-0.j  1.-0.j  1.-0.j  1.-0.j -1.+0.j -1.+0.j  1.-0.j  1.-0.j
 -1.+0.j -1.+0.j  1.-0.j  1.-0.j  1.-0.j  1.-0.j  1.-0.j  1.-0.j -1.+0.j -1.+0.j -1.+0.j -1.+0.j -1.+0.j -1.+0.j
 -1.+0.j -1.+0.j -1.+0.j -1.+0.j -1.+0.j -1.+0.j -1.+0.j -1.+0.j  1.-0.j  1.-0.j  1.-0.j  1.-0.j -1.+0.j -1.+0.j
 -1.+0.j -1.+0.j -1.+0.j -1.+0.j -1.+0.j -1.+0.j -1.+0.j -1.+0.j -1.+0.j -1.+0.j  1.-0.j  1.-0.j  1.-0.j  1.-0.j
  1.-0.j  1.-0.j -1.+0.j -1.+0.j  1.-0.j  1.-0.j -1.+0.j -1.+0.j  1.-0.j  1.-0.j -1.+0.j -1.+0.j -1.+0.j -1.+0.j
 -1.+0.j -1.+0.j -1.+0.j -1.+0.j  1.-0.j  1.-0.j -1.+0.j -1.+0.j -1.+0.j -1.+0.j -1.+0.j -1.+0.j -1.+0.j -1.+0.j
 -1.+0.j -1.+0.j -1.+0.j -1.+0.j  1.-0.j  1.-0.j -1.+0.j -1.+0.j -1.+0.j -1.+0.j  1.-0.j  1.-0.j -1.+0.j -1.+0.j
  1.-0.j  1.-0.j  1.-0.j  1.-0.j -1.+0.j -1.+0.j -1.+0.j -1.+0.j -1.+0.j -1.+0.j -1.+0.j -1.+0.j -1.+0.j -1.+0.j
  1.-0.j  1.-0.j -1.+0.j -1.+0.j  1.-0.j  1.-0.j -1.+0.j -1.+0.j  1.-0.j  1.-0.j  1.-0.j  1.-0.j -1.+0.j -1.+0.j
 -1.+0.j -1.+0.j  1.-0.j  1.-0.j -1.+0.j -1.+0.j  1.-0.j  1.-0.j  1.-0.j  1.-0.j -1.+0.j -1.+0.j -1.+0.j -1.+0.j
 -1.+0.j -1.+0.j -1.+0.j -1.+0.j -1.+0.j -1.+0.j -1.+0.j -1.+0.j  1.-0.j  1.-0.j  1.-0.j  1.-0.j -1.+0.j -1.+0.j
  1.-0.j  1.-0.j -1.+0.j -1.+0.j -1.+0.j -1.+0.j  1.-0.j  1.-0.j -1.+0.j -1.+0.j -1.+0.j -1.+0.j -1.+0.j -1.+0.j
 -1.+0.j -1.+0.j -1.+0.j -1.+0.j -1.+0.j -1.+0.j -1.+0.j -1.+0.j -1.+0.j -1.+0.j -1.+0.j -1.+0.j -1.+0.j -1.+0.j
 -1.+0.j -1.+0.j -1.+0.j -1.+0.j  1.+0.j  1.+0.j -1.+0.j -1.+0.j -1.+0.j -1.+0.j -1.+0.j -1.+0.j -1.+0.j -1.+0.j
  1.+0.j  1.+0.j  1.+0.j  1.+0.j -1.+0.j -1.+0.j -1.+0.j -1.+0.j -1.+0.j -1.+0.j  1.+0.j  1.+0.j  1.+0.j  1.+0.j
 -1.+0.j -1.+0.j  1.+0.j  1.+0.j  1.+0.j  1.+0.j  1.+0.j  1.+0.j  1.+0.j  1.+0.j  1.+0.j  1.+0.j  1.+0.j  1.+0.j
 -1.+0.j -1.+0.j  1.+0.j  1.+0.j  1.+0.j  1.+0.j -1.+0.j -1.+0.j -1.+0.j -1.+0.j -1.+0.j -1.+0.j -1.+0.j -1.+0.j
  1.+0.j  1.+0.j  1.+0.j  1.+0.j -1.+0.j -1.+0.j -1.+0.j -1.+0.j  1.+0.j  1.+0.j -1.+0.j -1.+0.j  1.+0.j  1.+0.j
  1.+0.j  1.+0.j -1.+0.j -1.+0.j -1.+0.j -1.+0.j  1.+0.j  1.+0.j -1.+0.j -1.+0.j -1.+0.j -1.+0.j  1.+0.j  1.+0.j
 -1.+0.j -1.+0.j  1.+0.j  1.+0.j -1.+0.j -1.+0.j -1.+0.j -1.+0.j -1.+0.j -1.+0.j  1.+0.j  1.+0.j  1.+0.j  1.+0.j
  1.+0.j  1.+0.j  1.+0.j  1.+0.j  1.+0.j  1.+0.j  1.+0.j  1.+0.j  1.+0.j  1.+0.j -1.+0.j -1.+0.j -1.+0.j -1.+0.j
  1.+0.j  1.+0.j  1.+0.j  1.+0.j  1.+0.j  1.+0.j  1.+0.j  1.+0.j  1.+0.j  1.+0.j  1.+0.j  1.+0.j -1.+0.j -1.+0.j
 -1.+0.j -1.+0.j -1.+0.j -1.+0.j  1.+0.j  1.+0.j -1.+0.j -1.+0.j  1.+0.j  1.+0.j -1.+0.j -1.+0.j  1.+0.j  1.+0.j
  1.+0.j  1.+0.j  1.+0.j  1.+0.j  1.+0.j  1.+0.j -1.+0.j -1.+0.j  1.+0.j  1.+0.j  1.+0.j  1.+0.j  1.+0.j  1.+0.j
  1.+0.j  1.+0.j  1.+0.j  1.+0.j  1.+0.j  1.+0.j -1.+0.j -1.+0.j  1.+0.j  1.+0.j  1.+0.j  1.+0.j -1.+0.j -1.+0.j
  1.+0.j  1.+0.j -1.+0.j -1.+0.j -1.+0.j -1.+0.j  1.+0.j  1.+0.j  1.+0.j  1.+0.j  1.+0.j  1.+0.j  1.+0.j  1.+0.j
  1.+0.j  1.+0.j -1.+0.j -1.+0.j  1.+0.j  1.+0.j -1.+0.j -1.+0.j  1.+0.j  1.+0.j -1.+0.j -1.+0.j -1.+0.j -1.+0.j
  1.+0.j  1.+0.j  1.+0.j  1.+0.j -1.+0.j -1.+0.j  1.+0.j  1.+0.j -1.+0.j -1.+0.j -1.+0.j -1.+0.j  1.+0.j  1.+0.j
  1.+0.j  1.+0.j  1.+0.j  1.+0.j  1.+0.j  1.+0.j  1.+0.j  1.+0.j  1.+0.j  1.+0.j -1.+0.j -1.+0.j -1.+0.j -1.+0.j
  1.+0.j  1.+0.j -1.+0.j -1.+0.j  1.+0.j  1.+0.j  1.+0.j  1.+0.j -1.+0.j -1.+0.j -1.+0.j -1.+0.j -1.+0.j -1.+0.j
 -1.+0.j -1.+0.j -1.+0.j -1.+0.j -1.+0.j -1.+0.j -1.+0.j -1.+0.j -1.+0.j -1.+0.j -1.+0.j -1.+0.j -1.+0.j -1.+0.j
 -1.+0.j -1.+0.j -1.+0.j -1.+0.j -1.+0.j -1.+0.j  1.+0.j  1.+0.j -1.+0.j -1.+0.j -1.+0.j -1.+0.j -1.+0.j -1.+0.j
 -1.+0.j -1.+0.j  1.+0.j  1.+0.j  1.+0.j  1.+0.j -1.+0.j -1.+0.j -1.+0.j -1.+0.j -1.+0.j -1.+0.j  1.+0.j  1.+0.j
  1.+0.j  1.+0.j -1.+0.j -1.+0.j  1.+0.j  1.+0.j  1.+0.j  1.+0.j  1.+0.j  1.+0.j  1.+0.j  1.+0.j  1.+0.j  1.+0.j
  1.+0.j  1.+0.j -1.+0.j -1.+0.j  1.+0.j  1.+0.j  1.+0.j  1.+0.j -1.+0.j -1.+0.j -1.+0.j -1.+0.j -1.+0.j -1.+0.j
 -1.+0.j -1.+0.j  1.+0.j  1.+0.j  1.+0.j  1.+0.j -1.+0.j -1.+0.j -1.+0.j -1.+0.j  1.+0.j  1.+0.j -1.+0.j -1.+0.j
  1.+0.j  1.+0.j  1.+0.j  1.+0.j -1.+0.j -1.+0.j -1.+0.j -1.+0.j  1.+0.j  1.+0.j -1.+0.j -1.+0.j -1.+0.j -1.+0.j
  1.+0.j  1.+0.j -1.+0.j -1.+0.j  1.+0.j  1.+0.j -1.+0.j -1.+0.j -1.+0.j -1.+0.j -1.+0.j -1.+0.j  1.+0.j  1.+0.j
  1.+0.j  1.+0.j  1.+0.j  1.+0.j  1.+0.j  1.+0.j  1.+0.j  1.+0.j  1.+0.j  1.+0.j  1.+0.j  1.+0.j -1.+0.j -1.+0.j
 -1.+0.j -1.+0.j  1.+0.j  1.+0.j  1.+0.j  1.+0.j  1.+0.j  1.+0.j  1.+0.j  1.+0.j  1.+0.j  1.+0.j  1.+0.j  1.+0.j
 -1.+0.j -1.+0.j -1.+0.j -1.+0.j -1.+0.j -1.+0.j  1.+0.j  1.+0.j -1.+0.j -1.+0.j  1.+0.j  1.+0.j -1.+0.j -1.+0.j
  1.+0.j  1.+0.j  1.+0.j  1.+0.j  1.+0.j  1.+0.j  1.+0.j  1.+0.j -1.+0.j -1.+0.j  1.+0.j  1.+0.j  1.+0.j  1.+0.j
  1.+0.j  1.+0.j  1.+0.j  1.+0.j  1.+0.j  1.+0.j  1.+0.j  1.+0.j -1.+0.j -1.+0.j  1.+0.j  1.+0.j  1.+0.j  1.+0.j
 -1.+0.j -1.+0.j  1.+0.j  1.+0.j -1.+0.j -1.+0.j -1.+0.j -1.+0.j  1.+0.j  1.+0.j  1.+0.j  1.+0.j  1.+0.j  1.+0.j
  1.+0.j  1.+0.j  1.+0.j  1.+0.j -1.+0.j -1.+0.j  1.+0.j  1.+0.j -1.+0.j -1.+0.j  1.+0.j  1.+0.j -1.+0.j -1.+0.j
 -1.+0.j -1.+0.j  1.+0.j  1.+0.j  1.+0.j  1.+0.j -1.+0.j -1.+0.j  1.+0.j  1.+0.j -1.+0.j -1.+0.j -1.+0.j -1.+0.j
  1.+0.j  1.+0.j  1.+0.j  1.+0.j  1.+0.j  1.+0.j  1.+0.j  1.+0.j  1.+0.j  1.+0.j  1.+0.j  1.+0.j -1.+0.j -1.+0.j
 -1.+0.j -1.+0.j  1.+0.j  1.+0.j -1.+0.j -1.+0.j  1.+0.j  1.+0.j  1.+0.j  1.+0.j -1.+0.j -1.+0.j  1.-0.j  1.-0.j
  1.-0.j  1.-0.j  1.-0.j  1.-0.j  1.-0.j  1.-0.j  1.-0.j  1.-0.j  1.-0.j  1.-0.j  1.-0.j  1.-0.j  1.-0.j  1.-0.j
  1.-0.j  1.-0.j  1.-0.j  1.-0.j  1.-0.j  1.-0.j  1.-0.j  1.-0.j -1.+0.j -1.+0.j  1.-0.j  1.-0.j  1.-0.j  1.-0.j
  1.-0.j  1.-0.j  1.-0.j  1.-0.j -1.+0.j -1.+0.j -1.+0.j -1.+0.j  1.-0.j  1.-0.j  1.-0.j  1.-0.j  1.-0.j  1.-0.j
 -1.+0.j -1.+0.j -1.+0.j -1.+0.j  1.-0.j  1.-0.j -1.+0.j -1.+0.j -1.+0.j -1.+0.j -1.+0.j -1.+0.j -1.+0.j -1.+0.j
 -1.+0.j -1.+0.j -1.+0.j -1.+0.j  1.-0.j  1.-0.j -1.+0.j -1.+0.j -1.+0.j -1.+0.j  1.-0.j  1.-0.j  1.-0.j  1.-0.j
  1.-0.j  1.-0.j  1.-0.j  1.-0.j -1.+0.j -1.+0.j -1.+0.j -1.+0.j  1.-0.j  1.-0.j  1.-0.j  1.-0.j -1.+0.j -1.+0.j
  1.-0.j  1.-0.j -1.+0.j -1.+0.j -1.+0.j -1.+0.j  1.-0.j  1.-0.j  1.-0.j  1.-0.j -1.+0.j -1.+0.j  1.-0.j  1.-0.j
  1.-0.j  1.-0.j -1.+0.j -1.+0.j  1.-0.j  1.-0.j -1.+0.j -1.+0.j  1.-0.j  1.-0.j  1.-0.j  1.-0.j  1.-0.j  1.-0.j
 -1.+0.j -1.+0.j -1.+0.j -1.+0.j -1.+0.j -1.+0.j -1.+0.j -1.+0.j -1.+0.j -1.+0.j -1.+0.j -1.+0.j -1.+0.j -1.+0.j
  1.-0.j  1.-0.j  1.-0.j  1.-0.j -1.+0.j -1.+0.j -1.+0.j -1.+0.j -1.+0.j -1.+0.j -1.+0.j -1.+0.j -1.+0.j -1.+0.j
 -1.+0.j -1.+0.j  1.-0.j  1.-0.j  1.-0.j  1.-0.j  1.-0.j  1.-0.j -1.+0.j -1.+0.j  1.-0.j  1.-0.j -1.+0.j -1.+0.j
  1.-0.j  1.-0.j -1.+0.j -1.+0.j -1.+0.j -1.+0.j -1.+0.j -1.+0.j -1.+0.j -1.+0.j  1.-0.j  1.-0.j -1.+0.j -1.+0.j
 -1.+0.j -1.+0.j -1.+0.j -1.+0.j -1.+0.j -1.+0.j -1.+0.j -1.+0.j -1.+0.j -1.+0.j  1.-0.j  1.-0.j -1.+0.j -1.+0.j
 -1.+0.j -1.+0.j  1.-0.j  1.-0.j -1.+0.j -1.+0.j  1.-0.j  1.-0.j  1.-0.j  1.-0.j -1.+0.j -1.+0.j -1.+0.j -1.+0.j
 -1.+0.j -1.+0.j -1.+0.j -1.+0.j -1.+0.j -1.+0.j  1.-0.j  1.-0.j -1.+0.j -1.+0.j  1.-0.j  1.-0.j -1.+0.j -1.+0.j
  1.-0.j  1.-0.j  1.-0.j  1.-0.j -1.+0.j -1.+0.j -1.+0.j -1.+0.j  1.-0.j  1.-0.j -1.+0.j -1.+0.j  1.-0.j  1.-0.j
  1.-0.j  1.-0.j -1.+0.j -1.+0.j -1.+0.j -1.+0.j -1.+0.j -1.+0.j -1.+0.j -1.+0.j -1.+0.j -1.+0.j -1.+0.j -1.+0.j
  1.-0.j  1.-0.j  1.-0.j  1.-0.j -1.+0.j -1.+0.j  1.-0.j  1.-0.j -1.+0.j -1.+0.j -1.+0.j -1.+0.j  1.-0.j  1.-0.j
 -1.+0.j -1.+0.j -1.+0.j -1.+0.j -1.+0.j -1.+0.j -1.+0.j -1.+0.j -1.+0.j -1.+0.j -1.+0.j -1.+0.j -1.+0.j -1.+0.j
 -1.+0.j -1.+0.j -1.+0.j -1.+0.j -1.+0.j -1.+0.j -1.+0.j -1.+0.j -1.+0.j -1.+0.j  1.+0.j  1.+0.j -1.+0.j -1.+0.j
 -1.+0.j -1.+0.j -1.+0.j -1.+0.j -1.+0.j -1.+0.j  1.+0.j  1.+0.j  1.+0.j  1.+0.j -1.+0.j -1.+0.j -1.+0.j -1.+0.j
 -1.+0.j -1.+0.j  1.+0.j  1.+0.j  1.+0.j  1.+0.j -1.+0.j -1.+0.j  1.+0.j  1.+0.j  1.+0.j  1.+0.j  1.+0.j  1.+0.j
  1.+0.j  1.+0.j  1.+0.j  1.+0.j  1.+0.j  1.+0.j -1.+0.j -1.+0.j  1.+0.j  1.+0.j  1.+0.j  1.+0.j -1.+0.j -1.+0.j
 -1.+0.j -1.+0.j -1.+0.j -1.+0.j -1.+0.j -1.+0.j  1.+0.j  1.+0.j  1.+0.j  1.+0.j -1.+0.j -1.+0.j -1.+0.j -1.+0.j
  1.+0.j  1.+0.j -1.+0.j -1.+0.j  1.+0.j  1.+0.j  1.+0.j  1.+0.j -1.+0.j -1.+0.j -1.+0.j -1.+0.j  1.+0.j  1.+0.j
 -1.+0.j -1.+0.j -1.+0.j -1.+0.j  1.+0.j  1.+0.j -1.+0.j -1.+0.j  1.+0.j  1.+0.j -1.+0.j -1.+0.j -1.+0.j -1.+0.j
 -1.+0.j -1.+0.j  1.+0.j  1.+0.j  1.+0.j  1.+0.j  1.+0.j  1.+0.j  1.+0.j  1.+0.j  1.+0.j  1.+0.j  1.+0.j  1.+0.j
  1.+0.j  1.+0.j -1.+0.j -1.+0.j -1.+0.j -1.+0.j  1.+0.j  1.+0.j  1.+0.j  1.+0.j  1.+0.j  1.+0.j  1.+0.j  1.+0.j
  1.+0.j  1.+0.j  1.+0.j  1.+0.j -1.+0.j -1.+0.j -1.+0.j -1.+0.j -1.+0.j -1.+0.j  1.+0.j  1.+0.j -1.+0.j -1.+0.j
  1.+0.j  1.+0.j -1.+0.j -1.+0.j  1.+0.j  1.+0.j  1.+0.j  1.+0.j  1.+0.j  1.+0.j  1.+0.j  1.+0.j -1.+0.j -1.+0.j
  1.+0.j  1.+0.j  1.+0.j  1.+0.j  1.+0.j  1.+0.j  1.+0.j  1.+0.j  1.+0.j  1.+0.j  1.+0.j  1.+0.j -1.+0.j -1.+0.j
  1.+0.j  1.+0.j  1.+0.j  1.+0.j -1.+0.j -1.+0.j  1.+0.j  1.+0.j -1.+0.j -1.+0.j -1.+0.j -1.+0.j  1.+0.j  1.+0.j
  1.+0.j  1.+0.j  1.+0.j  1.+0.j  1.+0.j  1.+0.j  1.+0.j  1.+0.j -1.+0.j -1.+0.j  1.+0.j  1.+0.j -1.+0.j -1.+0.j
  1.+0.j  1.+0.j -1.+0.j -1.+0.j -1.+0.j -1.+0.j  1.+0.j  1.+0.j  1.+0.j  1.+0.j -1.+0.j -1.+0.j  1.+0.j  1.+0.j
 -1.+0.j -1.+0.j -1.+0.j -1.+0.j  1.+0.j  1.+0.j  1.+0.j  1.+0.j  1.+0.j  1.+0.j  1.+0.j  1.+0.j  1.+0.j  1.+0.j
  1.+0.j  1.+0.j -1.+0.j -1.+0.j -1.+0.j -1.+0.j  1.+0.j  1.+0.j -1.+0.j -1.+0.j  1.+0.j  1.+0.j  1.+0.j  1.+0.j
 -1.+0.j -1.+0.j  1.-0.j  1.-0.j  1.-0.j  1.-0.j  1.-0.j  1.-0.j  1.-0.j  1.-0.j  1.-0.j  1.-0.j  1.-0.j  1.-0.j
  1.-0.j  1.-0.j  1.-0.j  1.-0.j  1.-0.j  1.-0.j  1.-0.j  1.-0.j  1.-0.j  1.-0.j  1.-0.j  1.-0.j -1.+0.j -1.+0.j
  1.-0.j  1.-0.j  1.-0.j  1.-0.j  1.-0.j  1.-0.j  1.-0.j  1.-0.j -1.+0.j -1.+0.j -1.+0.j -1.+0.j  1.-0.j  1.-0.j
  1.-0.j  1.-0.j  1.-0.j  1.-0.j -1.+0.j -1.+0.j -1.+0.j -1.+0.j  1.-0.j  1.-0.j -1.+0.j -1.+0.j -1.+0.j -1.+0.j
 -1.+0.j -1.+0.j -1.+0.j -1.+0.j -1.+0.j -1.+0.j -1.+0.j -1.+0.j  1.-0.j  1.-0.j -1.+0.j -1.+0.j -1.+0.j -1.+0.j
  1.-0.j  1.-0.j  1.-0.j  1.-0.j  1.-0.j  1.-0.j  1.-0.j  1.-0.j -1.+0.j -1.+0.j -1.+0.j -1.+0.j  1.-0.j  1.-0.j
  1.-0.j  1.-0.j -1.+0.j -1.+0.j  1.-0.j  1.-0.j -1.+0.j -1.+0.j -1.+0.j -1.+0.j  1.-0.j  1.-0.j  1.-0.j  1.-0.j
 -1.+0.j -1.+0.j  1.-0.j  1.-0.j  1.-0.j  1.-0.j -1.+0.j -1.+0.j  1.-0.j  1.-0.j -1.+0.j -1.+0.j  1.-0.j  1.-0.j
  1.-0.j  1.-0.j  1.-0.j  1.-0.j -1.+0.j -1.+0.j -1.+0.j -1.+0.j -1.+0.j -1.+0.j -1.+0.j -1.+0.j -1.+0.j -1.+0.j
 -1.+0.j -1.+0.j -1.+0.j -1.+0.j  1.-0.j  1.-0.j  1.-0.j  1.-0.j -1.+0.j -1.+0.j -1.+0.j -1.+0.j -1.+0.j -1.+0.j
 -1.+0.j -1.+0.j -1.+0.j -1.+0.j -1.+0.j -1.+0.j  1.-0.j  1.-0.j  1.-0.j  1.-0.j  1.-0.j  1.-0.j -1.+0.j -1.+0.j
  1.-0.j  1.-0.j -1.+0.j -1.+0.j  1.-0.j  1.-0.j -1.+0.j -1.+0.j -1.+0.j -1.+0.j -1.+0.j -1.+0.j -1.+0.j -1.+0.j
  1.-0.j  1.-0.j -1.+0.j -1.+0.j -1.+0.j -1.+0.j -1.+0.j -1.+0.j -1.+0.j -1.+0.j -1.+0.j -1.+0.j -1.+0.j -1.+0.j
  1.-0.j  1.-0.j -1.+0.j -1.+0.j -1.+0.j -1.+0.j  1.-0.j  1.-0.j -1.+0.j -1.+0.j  1.-0.j  1.-0.j  1.-0.j  1.-0.j
 -1.+0.j -1.+0.j -1.+0.j -1.+0.j -1.+0.j -1.+0.j -1.+0.j -1.+0.j -1.+0.j -1.+0.j  1.-0.j  1.-0.j -1.+0.j -1.+0.j
  1.-0.j  1.-0.j -1.+0.j -1.+0.j  1.-0.j  1.-0.j  1.-0.j  1.-0.j -1.+0.j -1.+0.j -1.+0.j -1.+0.j  1.-0.j  1.-0.j
 -1.+0.j -1.+0.j  1.-0.j  1.-0.j  1.-0.j  1.-0.j -1.+0.j -1.+0.j -1.+0.j -1.+0.j -1.+0.j -1.+0.j -1.+0.j -1.+0.j
 -1.+0.j -1.+0.j -1.+0.j -1.+0.j  1.-0.j  1.-0.j  1.-0.j  1.-0.j -1.+0.j -1.+0.j  1.-0.j  1.-0.j -1.+0.j -1.+0.j
 -1.+0.j -1.+0.j  1.-0.j  1.-0.j  1.-0.j  1.-0.j  1.-0.j  1.-0.j  1.-0.j  1.-0.j  1.-0.j  1.-0.j  1.-0.j  1.-0.j
  1.-0.j  1.-0.j  1.-0.j  1.-0.j  1.-0.j  1.-0.j  1.-0.j  1.-0.j  1.-0.j  1.-0.j  1.-0.j  1.-0.j  1.-0.j  1.-0.j
 -1.+0.j -1.+0.j  1.-0.j  1.-0.j  1.-0.j  1.-0.j  1.-0.j  1.-0.j  1.-0.j  1.-0.j -1.+0.j -1.+0.j -1.+0.j -1.+0.j
  1.-0.j  1.-0.j  1.-0.j  1.-0.j  1.-0.j  1.-0.j -1.+0.j -1.+0.j -1.+0.j -1.+0.j  1.-0.j  1.-0.j -1.+0.j -1.+0.j
 -1.+0.j -1.+0.j -1.+0.j -1.+0.j -1.+0.j -1.+0.j -1.+0.j -1.+0.j -1.+0.j -1.+0.j  1.-0.j  1.-0.j -1.+0.j -1.+0.j
 -1.+0.j -1.+0.j  1.-0.j  1.-0.j  1.-0.j  1.-0.j  1.-0.j  1.-0.j  1.-0.j  1.-0.j -1.+0.j -1.+0.j -1.+0.j -1.+0.j
  1.-0.j  1.-0.j  1.-0.j  1.-0.j -1.+0.j -1.+0.j  1.-0.j  1.-0.j -1.+0.j -1.+0.j -1.+0.j -1.+0.j  1.-0.j  1.-0.j
  1.-0.j  1.-0.j -1.+0.j -1.+0.j  1.-0.j  1.-0.j  1.-0.j  1.-0.j -1.+0.j -1.+0.j  1.-0.j  1.-0.j -1.+0.j -1.+0.j
  1.-0.j  1.-0.j  1.-0.j  1.-0.j  1.-0.j  1.-0.j -1.+0.j -1.+0.j -1.+0.j -1.+0.j -1.+0.j -1.+0.j -1.+0.j -1.+0.j
 -1.+0.j -1.+0.j -1.+0.j -1.+0.j -1.+0.j -1.+0.j  1.-0.j  1.-0.j  1.-0.j  1.-0.j -1.+0.j -1.+0.j -1.+0.j -1.+0.j
 -1.+0.j -1.+0.j -1.+0.j -1.+0.j -1.+0.j -1.+0.j -1.+0.j -1.+0.j  1.-0.j  1.-0.j  1.-0.j  1.-0.j  1.-0.j  1.-0.j
 -1.+0.j -1.+0.j  1.-0.j  1.-0.j -1.+0.j -1.+0.j  1.-0.j  1.-0.j -1.+0.j -1.+0.j -1.+0.j -1.+0.j -1.+0.j -1.+0.j
 -1.+0.j -1.+0.j  1.-0.j  1.-0.j -1.+0.j -1.+0.j -1.+0.j -1.+0.j -1.+0.j -1.+0.j -1.+0.j -1.+0.j -1.+0.j -1.+0.j
 -1.+0.j -1.+0.j  1.-0.j  1.-0.j -1.+0.j -1.+0.j -1.+0.j -1.+0.j  1.-0.j  1.-0.j -1.+0.j -1.+0.j  1.-0.j  1.-0.j
  1.-0.j  1.-0.j -1.+0.j -1.+0.j -1.+0.j -1.+0.j -1.+0.j -1.+0.j -1.+0.j -1.+0.j -1.+0.j -1.+0.j  1.-0.j  1.-0.j
 -1.+0.j -1.+0.j  1.-0.j  1.-0.j -1.+0.j -1.+0.j  1.-0.j  1.-0.j  1.-0.j  1.-0.j -1.+0.j -1.+0.j -1.+0.j -1.+0.j
  1.-0.j  1.-0.j -1.+0.j -1.+0.j  1.-0.j  1.-0.j  1.-0.j  1.-0.j -1.+0.j -1.+0.j -1.+0.j -1.+0.j -1.+0.j -1.+0.j
 -1.+0.j -1.+0.j -1.+0.j -1.+0.j -1.+0.j -1.+0.j  1.-0.j  1.-0.j  1.-0.j  1.-0.j -1.+0.j -1.+0.j  1.-0.j  1.-0.j
 -1.+0.j -1.+0.j -1.+0.j -1.+0.j  1.-0.j  1.-0.j  1.-0.j  1.-0.j  1.-0.j  1.-0.j  1.-0.j  1.-0.j  1.-0.j  1.-0.j
  1.-0.j  1.-0.j  1.-0.j  1.-0.j  1.-0.j  1.-0.j  1.-0.j  1.-0.j  1.-0.j  1.-0.j  1.-0.j  1.-0.j  1.-0.j  1.-0.j
  1.-0.j  1.-0.j -1.+0.j -1.+0.j  1.-0.j  1.-0.j  1.-0.j  1.-0.j  1.-0.j  1.-0.j  1.-0.j  1.-0.j -1.+0.j -1.+0.j
 -1.+0.j -1.+0.j  1.-0.j  1.-0.j  1.-0.j  1.-0.j  1.-0.j  1.-0.j -1.+0.j -1.+0.j -1.+0.j -1.+0.j  1.-0.j  1.-0.j
 -1.+0.j -1.+0.j -1.+0.j -1.+0.j -1.+0.j -1.+0.j -1.+0.j -1.+0.j -1.+0.j -1.+0.j -1.+0.j -1.+0.j  1.-0.j  1.-0.j
 -1.+0.j -1.+0.j -1.+0.j -1.+0.j  1.-0.j  1.-0.j  1.-0.j  1.-0.j  1.-0.j  1.-0.j  1.-0.j  1.-0.j -1.+0.j -1.+0.j
 -1.+0.j -1.+0.j  1.-0.j  1.-0.j  1.-0.j  1.-0.j -1.+0.j -1.+0.j  1.-0.j  1.-0.j -1.+0.j -1.+0.j -1.+0.j -1.+0.j
  1.-0.j  1.-0.j  1.-0.j  1.-0.j -1.+0.j -1.+0.j  1.-0.j  1.-0.j  1.-0.j  1.-0.j -1.+0.j -1.+0.j  1.-0.j  1.-0.j
 -1.+0.j -1.+0.j  1.-0.j  1.-0.j  1.-0.j  1.-0.j  1.-0.j  1.-0.j -1.+0.j -1.+0.j -1.+0.j -1.+0.j -1.+0.j -1.+0.j
 -1.+0.j -1.+0.j -1.+0.j -1.+0.j -1.+0.j -1.+0.j -1.+0.j -1.+0.j  1.-0.j  1.-0.j  1.-0.j  1.-0.j -1.+0.j -1.+0.j
 -1.+0.j -1.+0.j -1.+0.j -1.+0.j -1.+0.j -1.+0.j -1.+0.j -1.+0.j -1.+0.j -1.+0.j  1.-0.j  1.-0.j  1.-0.j  1.-0.j
  1.-0.j  1.-0.j -1.+0.j -1.+0.j  1.-0.j  1.-0.j -1.+0.j -1.+0.j  1.-0.j  1.-0.j -1.+0.j -1.+0.j -1.+0.j -1.+0.j
 -1.+0.j -1.+0.j -1.+0.j -1.+0.j  1.-0.j  1.-0.j -1.+0.j -1.+0.j -1.+0.j -1.+0.j -1.+0.j -1.+0.j -1.+0.j -1.+0.j
 -1.+0.j -1.+0.j -1.+0.j -1.+0.j  1.-0.j  1.-0.j -1.+0.j -1.+0.j -1.+0.j -1.+0.j  1.-0.j  1.-0.j -1.+0.j -1.+0.j
  1.-0.j  1.-0.j  1.-0.j  1.-0.j -1.+0.j -1.+0.j -1.+0.j -1.+0.j -1.+0.j -1.+0.j -1.+0.j -1.+0.j -1.+0.j -1.+0.j
  1.-0.j  1.-0.j -1.+0.j -1.+0.j  1.-0.j  1.-0.j -1.+0.j -1.+0.j  1.-0.j  1.-0.j  1.-0.j  1.-0.j -1.+0.j -1.+0.j
 -1.+0.j -1.+0.j  1.-0.j  1.-0.j -1.+0.j -1.+0.j  1.-0.j  1.-0.j  1.-0.j  1.-0.j -1.+0.j -1.+0.j -1.+0.j -1.+0.j
 -1.+0.j -1.+0.j -1.+0.j -1.+0.j -1.+0.j -1.+0.j -1.+0.j -1.+0.j  1.-0.j  1.-0.j  1.-0.j  1.-0.j -1.+0.j -1.+0.j
  1.-0.j  1.-0.j -1.+0.j -1.+0.j -1.+0.j -1.+0.j  1.-0.j  1.-0.j  1.-0.j  1.-0.j  1.-0.j  1.-0.j  1.-0.j  1.-0.j
  1.-0.j  1.-0.j  1.-0.j  1.-0.j  1.-0.j  1.-0.j  1.-0.j  1.-0.j  1.-0.j  1.-0.j  1.-0.j  1.-0.j  1.-0.j  1.-0.j
  1.-0.j  1.-0.j  1.-0.j  1.-0.j -1.+0.j -1.+0.j  1.-0.j  1.-0.j  1.-0.j  1.-0.j  1.-0.j  1.-0.j  1.-0.j  1.-0.j
 -1.+0.j -1.+0.j -1.+0.j -1.+0.j  1.-0.j  1.-0.j  1.-0.j  1.-0.j  1.-0.j  1.-0.j -1.+0.j -1.+0.j -1.+0.j -1.+0.j
  1.-0.j  1.-0.j -1.+0.j -1.+0.j -1.+0.j -1.+0.j -1.+0.j -1.+0.j -1.+0.j -1.+0.j -1.+0.j -1.+0.j -1.+0.j -1.+0.j
  1.-0.j  1.-0.j -1.+0.j -1.+0.j -1.+0.j -1.+0.j  1.-0.j  1.-0.j  1.-0.j  1.-0.j  1.-0.j  1.-0.j  1.-0.j  1.-0.j
 -1.+0.j -1.+0.j -1.+0.j -1.+0.j  1.-0.j  1.-0.j  1.-0.j  1.-0.j -1.+0.j -1.+0.j  1.-0.j  1.-0.j -1.+0.j -1.+0.j
 -1.+0.j -1.+0.j  1.-0.j  1.-0.j  1.-0.j  1.-0.j -1.+0.j -1.+0.j  1.-0.j  1.-0.j  1.-0.j  1.-0.j -1.+0.j -1.+0.j
  1.-0.j  1.-0.j -1.+0.j -1.+0.j  1.-0.j  1.-0.j  1.-0.j  1.-0.j  1.-0.j  1.-0.j -1.+0.j -1.+0.j -1.+0.j -1.+0.j
 -1.+0.j -1.+0.j -1.+0.j -1.+0.j -1.+0.j -1.+0.j -1.+0.j -1.+0.j -1.+0.j -1.+0.j  1.-0.j  1.-0.j  1.-0.j  1.-0.j
 -1.+0.j -1.+0.j -1.+0.j -1.+0.j -1.+0.j -1.+0.j -1.+0.j -1.+0.j -1.+0.j -1.+0.j -1.+0.j -1.+0.j  1.-0.j  1.-0.j
  1.-0.j  1.-0.j  1.-0.j  1.-0.j -1.+0.j -1.+0.j  1.-0.j  1.-0.j -1.+0.j -1.+0.j  1.-0.j  1.-0.j -1.+0.j -1.+0.j
 -1.+0.j -1.+0.j -1.+0.j -1.+0.j -1.+0.j -1.+0.j  1.-0.j  1.-0.j -1.+0.j -1.+0.j -1.+0.j -1.+0.j -1.+0.j -1.+0.j
 -1.+0.j -1.+0.j -1.+0.j -1.+0.j -1.+0.j -1.+0.j  1.-0.j  1.-0.j -1.+0.j -1.+0.j -1.+0.j -1.+0.j  1.-0.j  1.-0.j
 -1.+0.j -1.+0.j  1.-0.j  1.-0.j  1.-0.j  1.-0.j -1.+0.j -1.+0.j -1.+0.j -1.+0.j -1.+0.j -1.+0.j -1.+0.j -1.+0.j
 -1.+0.j -1.+0.j  1.-0.j  1.-0.j -1.+0.j -1.+0.j  1.-0.j  1.-0.j -1.+0.j -1.+0.j  1.-0.j  1.-0.j  1.-0.j  1.-0.j
 -1.+0.j -1.+0.j -1.+0.j -1.+0.j  1.-0.j  1.-0.j -1.+0.j -1.+0.j  1.-0.j  1.-0.j  1.-0.j  1.-0.j -1.+0.j -1.+0.j
 -1.+0.j -1.+0.j -1.+0.j -1.+0.j -1.+0.j -1.+0.j -1.+0.j -1.+0.j -1.+0.j -1.+0.j  1.-0.j  1.-0.j  1.-0.j  1.-0.j
 -1.+0.j -1.+0.j  1.-0.j  1.-0.j -1.+0.j -1.+0.j -1.+0.j -1.+0.j  1.-0.j  1.-0.j  1.-0.j  1.-0.j  1.-0.j  1.-0.j
  1.-0.j  1.-0.j  1.-0.j  1.-0.j  1.-0.j  1.-0.j  1.-0.j  1.-0.j  1.-0.j  1.-0.j  1.-0.j  1.-0.j  1.-0.j  1.-0.j
  1.-0.j  1.-0.j  1.-0.j  1.-0.j  1.-0.j  1.-0.j -1.+0.j -1.+0.j  1.-0.j  1.-0.j  1.-0.j  1.-0.j  1.-0.j  1.-0.j
  1.-0.j  1.-0.j -1.+0.j -1.+0.j -1.+0.j -1.+0.j  1.-0.j  1.-0.j  1.-0.j  1.-0.j  1.-0.j  1.-0.j -1.+0.j -1.+0.j
 -1.+0.j -1.+0.j  1.-0.j  1.-0.j -1.+0.j -1.+0.j -1.+0.j -1.+0.j -1.+0.j -1.+0.j -1.+0.j -1.+0.j -1.+0.j -1.+0.j
 -1.+0.j -1.+0.j  1.-0.j  1.-0.j -1.+0.j -1.+0.j -1.+0.j -1.+0.j  1.-0.j  1.-0.j  1.-0.j  1.-0.j  1.-0.j  1.-0.j
  1.-0.j  1.-0.j -1.+0.j -1.+0.j -1.+0.j -1.+0.j  1.-0.j  1.-0.j  1.-0.j  1.-0.j -1.+0.j -1.+0.j  1.-0.j  1.-0.j
 -1.+0.j -1.+0.j -1.+0.j -1.+0.j  1.-0.j  1.-0.j  1.-0.j  1.-0.j -1.+0.j -1.+0.j  1.-0.j  1.-0.j  1.-0.j  1.-0.j
 -1.+0.j -1.+0.j  1.-0.j  1.-0.j -1.+0.j -1.+0.j  1.-0.j  1.-0.j  1.-0.j  1.-0.j  1.-0.j  1.-0.j -1.+0.j -1.+0.j
 -1.+0.j -1.+0.j -1.+0.j -1.+0.j -1.+0.j -1.+0.j -1.+0.j -1.+0.j -1.+0.j -1.+0.j -1.+0.j -1.+0.j  1.-0.j  1.-0.j
  1.-0.j  1.-0.j -1.+0.j -1.+0.j -1.+0.j -1.+0.j -1.+0.j -1.+0.j -1.+0.j -1.+0.j -1.+0.j -1.+0.j -1.+0.j -1.+0.j
  1.-0.j  1.-0.j  1.-0.j  1.-0.j  1.-0.j  1.-0.j -1.+0.j -1.+0.j  1.-0.j  1.-0.j -1.+0.j -1.+0.j  1.-0.j  1.-0.j
 -1.+0.j -1.+0.j -1.+0.j -1.+0.j -1.+0.j -1.+0.j -1.+0.j -1.+0.j  1.-0.j  1.-0.j -1.+0.j -1.+0.j -1.+0.j -1.+0.j
 -1.+0.j -1.+0.j -1.+0.j -1.+0.j -1.+0.j -1.+0.j -1.+0.j -1.+0.j  1.-0.j  1.-0.j -1.+0.j -1.+0.j -1.+0.j -1.+0.j
  1.-0.j  1.-0.j -1.+0.j -1.+0.j  1.-0.j  1.-0.j  1.-0.j  1.-0.j -1.+0.j -1.+0.j -1.+0.j -1.+0.j -1.+0.j -1.+0.j
 -1.+0.j -1.+0.j -1.+0.j -1.+0.j  1.-0.j  1.-0.j -1.+0.j -1.+0.j  1.-0.j  1.-0.j -1.+0.j -1.+0.j  1.-0.j  1.-0.j
  1.-0.j  1.-0.j -1.+0.j -1.+0.j -1.+0.j -1.+0.j  1.-0.j  1.-0.j -1.+0.j -1.+0.j  1.-0.j  1.-0.j  1.-0.j  1.-0.j
 -1.+0.j -1.+0.j -1.+0.j -1.+0.j -1.+0.j -1.+0.j -1.+0.j -1.+0.j -1.+0.j -1.+0.j -1.+0.j -1.+0.j  1.-0.j  1.-0.j
  1.-0.j  1.-0.j -1.+0.j -1.+0.j  1.-0.j  1.-0.j -1.+0.j -1.+0.j -1.+0.j -1.+0.j  1.-0.j  1.-0.j  1.-0.j  1.-0.j
  1.-0.j  1.-0.j  1.-0.j  1.-0.j  1.-0.j  1.-0.j  1.-0.j  1.-0.j  1.-0.j  1.-0.j  1.-0.j  1.-0.j  1.-0.j  1.-0.j
  1.-0.j  1.-0.j  1.-0.j  1.-0.j  1.-0.j  1.-0.j  1.-0.j  1.-0.j -1.+0.j -1.+0.j  1.-0.j  1.-0.j  1.-0.j  1.-0.j
  1.-0.j  1.-0.j  1.-0.j  1.-0.j -1.+0.j -1.+0.j -1.+0.j -1.+0.j  1.-0.j  1.-0.j  1.-0.j  1.-0.j  1.-0.j  1.-0.j
 -1.+0.j -1.+0.j -1.+0.j -1.+0.j  1.-0.j  1.-0.j -1.+0.j -1.+0.j -1.+0.j -1.+0.j -1.+0.j -1.+0.j -1.+0.j -1.+0.j
 -1.+0.j -1.+0.j -1.+0.j -1.+0.j  1.-0.j  1.-0.j -1.+0.j -1.+0.j -1.+0.j -1.+0.j  1.-0.j  1.-0.j  1.-0.j  1.-0.j
  1.-0.j  1.-0.j  1.-0.j  1.-0.j -1.+0.j -1.+0.j -1.+0.j -1.+0.j  1.-0.j  1.-0.j  1.-0.j  1.-0.j -1.+0.j -1.+0.j
  1.-0.j  1.-0.j -1.+0.j -1.+0.j -1.+0.j -1.+0.j  1.-0.j  1.-0.j  1.-0.j  1.-0.j -1.+0.j -1.+0.j  1.-0.j  1.-0.j
  1.-0.j  1.-0.j -1.+0.j -1.+0.j  1.-0.j  1.-0.j -1.+0.j -1.+0.j  1.-0.j  1.-0.j  1.-0.j  1.-0.j  1.-0.j  1.-0.j
 -1.+0.j -1.+0.j -1.+0.j -1.+0.j -1.+0.j -1.+0.j -1.+0.j -1.+0.j -1.+0.j -1.+0.j -1.+0.j -1.+0.j -1.+0.j -1.+0.j
  1.-0.j  1.-0.j  1.-0.j  1.-0.j -1.+0.j -1.+0.j -1.+0.j -1.+0.j -1.+0.j -1.+0.j -1.+0.j -1.+0.j -1.+0.j -1.+0.j
 -1.+0.j -1.+0.j  1.-0.j  1.-0.j  1.-0.j  1.-0.j  1.-0.j  1.-0.j -1.+0.j -1.+0.j  1.-0.j  1.-0.j -1.+0.j -1.+0.j
  1.-0.j  1.-0.j -1.+0.j -1.+0.j -1.+0.j -1.+0.j -1.+0.j -1.+0.j -1.+0.j -1.+0.j  1.-0.j  1.-0.j -1.+0.j -1.+0.j
 -1.+0.j -1.+0.j -1.+0.j -1.+0.j -1.+0.j -1.+0.j -1.+0.j -1.+0.j -1.+0.j -1.+0.j  1.-0.j  1.-0.j -1.+0.j -1.+0.j
 -1.+0.j -1.+0.j  1.-0.j  1.-0.j -1.+0.j -1.+0.j  1.-0.j  1.-0.j  1.-0.j  1.-0.j -1.+0.j -1.+0.j -1.+0.j -1.+0.j
 -1.+0.j -1.+0.j -1.+0.j -1.+0.j -1.+0.j -1.+0.j  1.-0.j  1.-0.j -1.+0.j -1.+0.j  1.-0.j  1.-0.j -1.+0.j -1.+0.j
  1.-0.j  1.-0.j  1.-0.j  1.-0.j -1.+0.j -1.+0.j -1.+0.j -1.+0.j  1.-0.j  1.-0.j -1.+0.j -1.+0.j  1.-0.j  1.-0.j
  1.-0.j  1.-0.j -1.+0.j -1.+0.j -1.+0.j -1.+0.j -1.+0.j -1.+0.j -1.+0.j -1.+0.j -1.+0.j -1.+0.j -1.+0.j -1.+0.j
  1.-0.j  1.-0.j  1.-0.j  1.-0.j -1.+0.j -1.+0.j  1.-0.j  1.-0.j -1.+0.j -1.+0.j -1.+0.j -1.+0.j  1.-0.j  1.-0.j
  1.-0.j  1.-0.j  1.-0.j  1.-0.j  1.-0.j  1.-0.j  1.-0.j  1.-0.j  1.-0.j  1.-0.j  1.-0.j  1.-0.j  1.-0.j  1.-0.j
  1.-0.j  1.-0.j  1.-0.j  1.-0.j  1.-0.j  1.-0.j  1.-0.j  1.-0.j  1.-0.j  1.-0.j -1.+0.j -1.+0.j  1.-0.j  1.-0.j
  1.-0.j  1.-0.j  1.-0.j  1.-0.j  1.-0.j  1.-0.j -1.+0.j -1.+0.j -1.+0.j -1.+0.j  1.-0.j  1.-0.j  1.-0.j  1.-0.j
  1.-0.j  1.-0.j -1.+0.j -1.+0.j -1.+0.j -1.+0.j  1.-0.j  1.-0.j -1.+0.j -1.+0.j -1.+0.j -1.+0.j -1.+0.j -1.+0.j
 -1.+0.j -1.+0.j -1.+0.j -1.+0.j -1.+0.j -1.+0.j  1.-0.j  1.-0.j -1.+0.j -1.+0.j -1.+0.j -1.+0.j  1.-0.j  1.-0.j
  1.-0.j  1.-0.j  1.-0.j  1.-0.j  1.-0.j  1.-0.j -1.+0.j -1.+0.j -1.+0.j -1.+0.j  1.-0.j  1.-0.j  1.-0.j  1.-0.j
 -1.+0.j -1.+0.j  1.-0.j  1.-0.j -1.+0.j -1.+0.j -1.+0.j -1.+0.j  1.-0.j  1.-0.j  1.-0.j  1.-0.j -1.+0.j -1.+0.j
  1.-0.j  1.-0.j  1.-0.j  1.-0.j -1.+0.j -1.+0.j  1.-0.j  1.-0.j -1.+0.j -1.+0.j  1.-0.j  1.-0.j  1.-0.j  1.-0.j
  1.-0.j  1.-0.j -1.+0.j -1.+0.j -1.+0.j -1.+0.j -1.+0.j -1.+0.j -1.+0.j -1.+0.j -1.+0.j -1.+0.j -1.+0.j -1.+0.j
 -1.+0.j -1.+0.j  1.-0.j  1.-0.j  1.-0.j  1.-0.j -1.+0.j -1.+0.j -1.+0.j -1.+0.j -1.+0.j -1.+0.j -1.+0.j -1.+0.j
 -1.+0.j -1.+0.j -1.+0.j -1.+0.j  1.-0.j  1.-0.j  1.-0.j  1.-0.j  1.-0.j  1.-0.j -1.+0.j -1.+0.j  1.-0.j  1.-0.j
 -1.+0.j -1.+0.j  1.-0.j  1.-0.j -1.+0.j -1.+0.j -1.+0.j -1.+0.j -1.+0.j -1.+0.j -1.+0.j -1.+0.j  1.-0.j  1.-0.j
 -1.+0.j -1.+0.j -1.+0.j -1.+0.j -1.+0.j -1.+0.j -1.+0.j -1.+0.j -1.+0.j -1.+0.j -1.+0.j -1.+0.j  1.-0.j  1.-0.j
 -1.+0.j -1.+0.j -1.+0.j -1.+0.j  1.-0.j  1.-0.j -1.+0.j -1.+0.j  1.-0.j  1.-0.j  1.-0.j  1.-0.j -1.+0.j -1.+0.j
 -1.+0.j -1.+0.j -1.+0.j -1.+0.j -1.+0.j -1.+0.j -1.+0.j -1.+0.j  1.-0.j  1.-0.j -1.+0.j -1.+0.j  1.-0.j  1.-0.j
 -1.+0.j -1.+0.j  1.-0.j  1.-0.j  1.-0.j  1.-0.j -1.+0.j -1.+0.j -1.+0.j -1.+0.j  1.-0.j  1.-0.j -1.+0.j -1.+0.j
  1.-0.j  1.-0.j  1.-0.j  1.-0.j -1.+0.j -1.+0.j -1.+0.j -1.+0.j -1.+0.j -1.+0.j -1.+0.j -1.+0.j -1.+0.j -1.+0.j
 -1.+0.j -1.+0.j  1.-0.j  1.-0.j  1.-0.j  1.-0.j -1.+0.j -1.+0.j  1.-0.j  1.-0.j -1.+0.j -1.+0.j -1.+0.j -1.+0.j
  1.-0.j  1.-0.j  1.-0.j  1.-0.j  1.-0.j  1.-0.j  1.-0.j  1.-0.j  1.-0.j  1.-0.j  1.-0.j  1.-0.j  1.-0.j  1.-0.j
  1.-0.j  1.-0.j  1.-0.j  1.-0.j  1.-0.j  1.-0.j  1.-0.j  1.-0.j  1.-0.j  1.-0.j  1.-0.j  1.-0.j -1.+0.j -1.+0.j
  1.-0.j  1.-0.j  1.-0.j  1.-0.j  1.-0.j  1.-0.j  1.-0.j  1.-0.j -1.+0.j -1.+0.j -1.+0.j -1.+0.j  1.-0.j  1.-0.j
  1.-0.j  1.-0.j  1.-0.j  1.-0.j -1.+0.j -1.+0.j -1.+0.j -1.+0.j  1.-0.j  1.-0.j -1.+0.j -1.+0.j -1.+0.j -1.+0.j
 -1.+0.j -1.+0.j -1.+0.j -1.+0.j -1.+0.j -1.+0.j -1.+0.j -1.+0.j  1.-0.j  1.-0.j -1.+0.j -1.+0.j -1.+0.j -1.+0.j
  1.-0.j  1.-0.j  1.-0.j  1.-0.j  1.-0.j  1.-0.j  1.-0.j  1.-0.j -1.+0.j -1.+0.j -1.+0.j -1.+0.j  1.-0.j  1.-0.j
  1.-0.j  1.-0.j -1.+0.j -1.+0.j  1.-0.j  1.-0.j -1.+0.j -1.+0.j -1.+0.j -1.+0.j  1.-0.j  1.-0.j  1.-0.j  1.-0.j
 -1.+0.j -1.+0.j  1.-0.j  1.-0.j  1.-0.j  1.-0.j -1.+0.j -1.+0.j  1.-0.j  1.-0.j -1.+0.j -1.+0.j  1.-0.j  1.-0.j
  1.-0.j  1.-0.j  1.-0.j  1.-0.j -1.+0.j -1.+0.j -1.+0.j -1.+0.j -1.+0.j -1.+0.j -1.+0.j -1.+0.j -1.+0.j -1.+0.j
 -1.+0.j -1.+0.j -1.+0.j -1.+0.j  1.-0.j  1.-0.j  1.-0.j  1.-0.j -1.+0.j -1.+0.j -1.+0.j -1.+0.j -1.+0.j -1.+0.j
 -1.+0.j -1.+0.j -1.+0.j -1.+0.j -1.+0.j -1.+0.j  1.-0.j  1.-0.j  1.-0.j  1.-0.j  1.-0.j  1.-0.j -1.+0.j -1.+0.j
  1.-0.j  1.-0.j -1.+0.j -1.+0.j  1.-0.j  1.-0.j -1.+0.j -1.+0.j -1.+0.j -1.+0.j -1.+0.j -1.+0.j -1.+0.j -1.+0.j
  1.-0.j  1.-0.j -1.+0.j -1.+0.j -1.+0.j -1.+0.j -1.+0.j -1.+0.j -1.+0.j -1.+0.j -1.+0.j -1.+0.j -1.+0.j -1.+0.j
  1.-0.j  1.-0.j -1.+0.j -1.+0.j -1.+0.j -1.+0.j  1.-0.j  1.-0.j -1.+0.j -1.+0.j  1.-0.j  1.-0.j  1.-0.j  1.-0.j
 -1.+0.j -1.+0.j -1.+0.j -1.+0.j -1.+0.j -1.+0.j -1.+0.j -1.+0.j -1.+0.j -1.+0.j  1.-0.j  1.-0.j -1.+0.j -1.+0.j
  1.-0.j  1.-0.j -1.+0.j -1.+0.j  1.-0.j  1.-0.j  1.-0.j  1.-0.j -1.+0.j -1.+0.j -1.+0.j -1.+0.j  1.-0.j  1.-0.j
 -1.+0.j -1.+0.j  1.-0.j  1.-0.j  1.-0.j  1.-0.j -1.+0.j -1.+0.j -1.+0.j -1.+0.j -1.+0.j -1.+0.j -1.+0.j -1.+0.j
 -1.+0.j -1.+0.j -1.+0.j -1.+0.j  1.-0.j  1.-0.j  1.-0.j  1.-0.j -1.+0.j -1.+0.j  1.-0.j  1.-0.j -1.+0.j -1.+0.j
 -1.+0.j -1.+0.j  1.-0.j  1.-0.j  1.-0.j  1.-0.j  1.-0.j  1.-0.j  1.-0.j  1.-0.j  1.-0.j  1.-0.j  1.-0.j  1.-0.j
  1.-0.j  1.-0.j  1.-0.j  1.-0.j  1.-0.j  1.-0.j  1.-0.j  1.-0.j  1.-0.j  1.-0.j  1.-0.j  1.-0.j  1.-0.j  1.-0.j
 -1.+0.j -1.+0.j  1.-0.j  1.-0.j  1.-0.j  1.-0.j  1.-0.j  1.-0.j  1.-0.j  1.-0.j -1.+0.j -1.+0.j -1.+0.j -1.+0.j
  1.-0.j  1.-0.j  1.-0.j  1.-0.j  1.-0.j  1.-0.j -1.+0.j -1.+0.j -1.+0.j -1.+0.j  1.-0.j  1.-0.j -1.+0.j -1.+0.j
 -1.+0.j -1.+0.j -1.+0.j -1.+0.j -1.+0.j -1.+0.j -1.+0.j -1.+0.j -1.+0.j -1.+0.j  1.-0.j  1.-0.j -1.+0.j -1.+0.j
 -1.+0.j -1.+0.j  1.-0.j  1.-0.j  1.-0.j  1.-0.j  1.-0.j  1.-0.j  1.-0.j  1.-0.j -1.+0.j -1.+0.j -1.+0.j -1.+0.j
  1.-0.j  1.-0.j  1.-0.j  1.-0.j -1.+0.j -1.+0.j  1.-0.j  1.-0.j -1.+0.j -1.+0.j -1.+0.j -1.+0.j  1.-0.j  1.-0.j
  1.-0.j  1.-0.j -1.+0.j -1.+0.j  1.-0.j  1.-0.j  1.-0.j  1.-0.j -1.+0.j -1.+0.j  1.-0.j  1.-0.j -1.+0.j -1.+0.j
  1.-0.j  1.-0.j  1.-0.j  1.-0.j  1.-0.j  1.-0.j -1.+0.j -1.+0.j -1.+0.j -1.+0.j -1.+0.j -1.+0.j -1.+0.j -1.+0.j
 -1.+0.j -1.+0.j -1.+0.j -1.+0.j -1.+0.j -1.+0.j  1.-0.j  1.-0.j  1.-0.j  1.-0.j -1.+0.j -1.+0.j -1.+0.j -1.+0.j
 -1.+0.j -1.+0.j -1.+0.j -1.+0.j -1.+0.j -1.+0.j -1.+0.j -1.+0.j  1.-0.j  1.-0.j  1.-0.j  1.-0.j  1.-0.j  1.-0.j
 -1.+0.j -1.+0.j  1.-0.j  1.-0.j -1.+0.j -1.+0.j  1.-0.j  1.-0.j -1.+0.j -1.+0.j -1.+0.j -1.+0.j -1.+0.j -1.+0.j
 -1.+0.j -1.+0.j  1.-0.j  1.-0.j -1.+0.j -1.+0.j -1.+0.j -1.+0.j -1.+0.j -1.+0.j -1.+0.j -1.+0.j -1.+0.j -1.+0.j
 -1.+0.j -1.+0.j  1.-0.j  1.-0.j -1.+0.j -1.+0.j -1.+0.j -1.+0.j  1.-0.j  1.-0.j -1.+0.j -1.+0.j  1.-0.j  1.-0.j
  1.-0.j  1.-0.j -1.+0.j -1.+0.j -1.+0.j -1.+0.j -1.+0.j -1.+0.j -1.+0.j -1.+0.j -1.+0.j -1.+0.j  1.-0.j  1.-0.j
 -1.+0.j -1.+0.j  1.-0.j  1.-0.j -1.+0.j -1.+0.j  1.-0.j  1.-0.j  1.-0.j  1.-0.j -1.+0.j -1.+0.j -1.+0.j -1.+0.j
  1.-0.j  1.-0.j -1.+0.j -1.+0.j  1.-0.j  1.-0.j  1.-0.j  1.-0.j -1.+0.j -1.+0.j -1.+0.j -1.+0.j -1.+0.j -1.+0.j
 -1.+0.j -1.+0.j -1.+0.j -1.+0.j -1.+0.j -1.+0.j  1.-0.j  1.-0.j  1.-0.j  1.-0.j -1.+0.j -1.+0.j  1.-0.j  1.-0.j
 -1.+0.j -1.+0.j -1.+0.j -1.+0.j  1.-0.j  1.-0.j  1.-0.j  1.-0.j  1.-0.j  1.-0.j  1.-0.j  1.-0.j  1.-0.j  1.-0.j
  1.-0.j  1.-0.j  1.-0.j  1.-0.j  1.-0.j  1.-0.j  1.-0.j  1.-0.j  1.-0.j  1.-0.j  1.-0.j  1.-0.j  1.-0.j  1.-0.j
  1.-0.j  1.-0.j -1.+0.j -1.+0.j  1.-0.j  1.-0.j  1.-0.j  1.-0.j  1.-0.j  1.-0.j  1.-0.j  1.-0.j -1.+0.j -1.+0.j
 -1.+0.j -1.+0.j  1.-0.j  1.-0.j  1.-0.j  1.-0.j  1.-0.j  1.-0.j -1.+0.j -1.+0.j -1.+0.j -1.+0.j  1.-0.j  1.-0.j
 -1.+0.j -1.+0.j -1.+0.j -1.+0.j -1.+0.j -1.+0.j -1.+0.j -1.+0.j -1.+0.j -1.+0.j -1.+0.j -1.+0.j  1.-0.j  1.-0.j
 -1.+0.j -1.+0.j -1.+0.j -1.+0.j  1.-0.j  1.-0.j  1.-0.j  1.-0.j  1.-0.j  1.-0.j  1.-0.j  1.-0.j -1.+0.j -1.+0.j
 -1.+0.j -1.+0.j  1.-0.j  1.-0.j  1.-0.j  1.-0.j -1.+0.j -1.+0.j  1.-0.j  1.-0.j -1.+0.j -1.+0.j -1.+0.j -1.+0.j
  1.-0.j  1.-0.j  1.-0.j  1.-0.j -1.+0.j -1.+0.j  1.-0.j  1.-0.j  1.-0.j  1.-0.j -1.+0.j -1.+0.j  1.-0.j  1.-0.j
 -1.+0.j -1.+0.j  1.-0.j  1.-0.j  1.-0.j  1.-0.j  1.-0.j  1.-0.j -1.+0.j -1.+0.j -1.+0.j -1.+0.j -1.+0.j -1.+0.j
 -1.+0.j -1.+0.j -1.+0.j -1.+0.j -1.+0.j -1.+0.j -1.+0.j -1.+0.j  1.-0.j  1.-0.j  1.-0.j  1.-0.j -1.+0.j -1.+0.j
 -1.+0.j -1.+0.j -1.+0.j -1.+0.j -1.+0.j -1.+0.j -1.+0.j -1.+0.j -1.+0.j -1.+0.j  1.-0.j  1.-0.j  1.-0.j  1.-0.j
  1.-0.j  1.-0.j -1.+0.j -1.+0.j  1.-0.j  1.-0.j -1.+0.j -1.+0.j  1.-0.j  1.-0.j -1.+0.j -1.+0.j -1.+0.j -1.+0.j
 -1.+0.j -1.+0.j -1.+0.j -1.+0.j  1.-0.j  1.-0.j -1.+0.j -1.+0.j -1.+0.j -1.+0.j -1.+0.j -1.+0.j -1.+0.j -1.+0.j
 -1.+0.j -1.+0.j -1.+0.j -1.+0.j  1.-0.j  1.-0.j -1.+0.j -1.+0.j -1.+0.j -1.+0.j  1.-0.j  1.-0.j -1.+0.j -1.+0.j
  1.-0.j  1.-0.j  1.-0.j  1.-0.j -1.+0.j -1.+0.j -1.+0.j -1.+0.j -1.+0.j -1.+0.j -1.+0.j -1.+0.j -1.+0.j -1.+0.j
  1.-0.j  1.-0.j -1.+0.j -1.+0.j  1.-0.j  1.-0.j -1.+0.j -1.+0.j  1.-0.j  1.-0.j  1.-0.j  1.-0.j -1.+0.j -1.+0.j
 -1.+0.j -1.+0.j  1.-0.j  1.-0.j -1.+0.j -1.+0.j  1.-0.j  1.-0.j  1.-0.j  1.-0.j -1.+0.j -1.+0.j -1.+0.j -1.+0.j
 -1.+0.j -1.+0.j -1.+0.j -1.+0.j -1.+0.j -1.+0.j -1.+0.j -1.+0.j  1.-0.j  1.-0.j  1.-0.j  1.-0.j -1.+0.j -1.+0.j
  1.-0.j  1.-0.j -1.+0.j -1.+0.j -1.+0.j -1.+0.j  1.-0.j  1.-0.j  1.-0.j  1.-0.j  1.-0.j  1.-0.j  1.-0.j  1.-0.j
  1.-0.j  1.-0.j  1.-0.j  1.-0.j  1.-0.j  1.-0.j  1.-0.j  1.-0.j  1.-0.j  1.-0.j  1.-0.j  1.-0.j  1.-0.j  1.-0.j
  1.-0.j  1.-0.j  1.-0.j  1.-0.j -1.+0.j -1.+0.j  1.-0.j  1.-0.j  1.-0.j  1.-0.j  1.-0.j  1.-0.j  1.-0.j  1.-0.j
 -1.+0.j -1.+0.j -1.+0.j -1.+0.j  1.-0.j  1.-0.j  1.-0.j  1.-0.j  1.-0.j  1.-0.j -1.+0.j -1.+0.j -1.+0.j -1.+0.j
  1.-0.j  1.-0.j -1.+0.j -1.+0.j -1.+0.j -1.+0.j -1.+0.j -1.+0.j -1.+0.j -1.+0.j -1.+0.j -1.+0.j -1.+0.j -1.+0.j
  1.-0.j  1.-0.j -1.+0.j -1.+0.j -1.+0.j -1.+0.j  1.-0.j  1.-0.j  1.-0.j  1.-0.j  1.-0.j  1.-0.j  1.-0.j  1.-0.j
 -1.+0.j -1.+0.j -1.+0.j -1.+0.j  1.-0.j  1.-0.j  1.-0.j  1.-0.j -1.+0.j -1.+0.j  1.-0.j  1.-0.j -1.+0.j -1.+0.j
 -1.+0.j -1.+0.j  1.-0.j  1.-0.j  1.-0.j  1.-0.j -1.+0.j -1.+0.j  1.-0.j  1.-0.j  1.-0.j  1.-0.j -1.+0.j -1.+0.j
  1.-0.j  1.-0.j -1.+0.j -1.+0.j  1.-0.j  1.-0.j  1.-0.j  1.-0.j  1.-0.j  1.-0.j -1.+0.j -1.+0.j -1.+0.j -1.+0.j
 -1.+0.j -1.+0.j -1.+0.j -1.+0.j -1.+0.j -1.+0.j -1.+0.j -1.+0.j -1.+0.j -1.+0.j  1.-0.j  1.-0.j  1.-0.j  1.-0.j
 -1.+0.j -1.+0.j -1.+0.j -1.+0.j -1.+0.j -1.+0.j -1.+0.j -1.+0.j -1.+0.j -1.+0.j -1.+0.j -1.+0.j  1.-0.j  1.-0.j
  1.-0.j  1.-0.j  1.-0.j  1.-0.j -1.+0.j -1.+0.j  1.-0.j  1.-0.j -1.+0.j -1.+0.j  1.-0.j  1.-0.j -1.+0.j -1.+0.j
 -1.+0.j -1.+0.j -1.+0.j -1.+0.j -1.+0.j -1.+0.j  1.-0.j  1.-0.j -1.+0.j -1.+0.j -1.+0.j -1.+0.j -1.+0.j -1.+0.j
 -1.+0.j -1.+0.j -1.+0.j -1.+0.j -1.+0.j -1.+0.j  1.-0.j  1.-0.j -1.+0.j -1.+0.j -1.+0.j -1.+0.j  1.-0.j  1.-0.j
 -1.+0.j -1.+0.j  1.-0.j  1.-0.j  1.-0.j  1.-0.j -1.+0.j -1.+0.j -1.+0.j -1.+0.j -1.+0.j -1.+0.j -1.+0.j -1.+0.j
 -1.+0.j -1.+0.j  1.-0.j  1.-0.j -1.+0.j -1.+0.j  1.-0.j  1.-0.j -1.+0.j -1.+0.j  1.-0.j  1.-0.j  1.-0.j  1.-0.j
 -1.+0.j -1.+0.j -1.+0.j -1.+0.j  1.-0.j  1.-0.j -1.+0.j -1.+0.j  1.-0.j  1.-0.j  1.-0.j  1.-0.j -1.+0.j -1.+0.j
 -1.+0.j -1.+0.j -1.+0.j -1.+0.j -1.+0.j -1.+0.j -1.+0.j -1.+0.j -1.+0.j -1.+0.j  1.-0.j  1.-0.j  1.-0.j  1.-0.j
 -1.+0.j -1.+0.j  1.-0.j  1.-0.j -1.+0.j -1.+0.j -1.+0.j -1.+0.j  1.-0.j  1.-0.j]
2025-08-29 13:34:38 [INFO] Processing 6604 samples from tag 0
2025-08-29 13:34:38 [INFO] Expected number of bits: 26
2025-08-29 13:34:38 [DEBUG] coarse freq offset: 38.310810810828116
2025-08-29 13:34:38 [INFO] rx_bits_raw: [1 1 1 1 1 1 1 1 1 1 1 1 0 1 1 1 1 0 0 1 1 1 0 1 0 1 1 1 1 1 1 0 1 1 1 1 1 1 0 1 1 1 0 0 1 1 1 1 0 1 1 0 1 0 1 1 1 1 1
 1 1 1 1 1 1 1 1 1 1 1 1 1 1 1 1 0 1 1 0 1 1 1 1 0 1 1 1 1 1 1 0 1 1 0 0 1 1 1 1 1 1 1 0 0 1 0 1 0 1 1 0 0 1 1 1 1 1 1
 1 1 1 1 0 0 1 1 1 1 1 1 1 1 1 1 1 1 1 1 1 0 1 1 1 1 0 0 1 1 1 0 1 0 1 1 1 1 1 1 0 1 0 1 1 1 1 0 1 1 1 0 0 1 1 1 1 0 1
 1 0 1 0 1 1 1 1 1 1 1 1 1 1 1 1 1 1 1 1 1 1 1 1 1 0 1 1 0 1 1 1 1 0 1 1 1 1 1 1 0 1 1 1 0 1 1 1 1 1 1 1 0 0 1 0 1 1 1
 1 0 0 1 1 1 1 1 1 1 1 1 1 0 0 1 1 1 1 1 1 1 1 1 1 1 1 1 1 1 0 1 1 1 1 0 0 1 1 1 0 1 0 1 1 1 1 1 1 0 1 0 1 1 1 1 0 0 1
 1 0 0 1 1 1 1 0 1 1 0 1 0 1 1 1 1 1 1 1 1 1 1 1 1 1 1 1 1 1 1 1 1 1 0 1 1 0 1 1 1 1 0 1 1 1 1 1 1 0 1 1 0 0 1 1 1 1 1
 1 1 0 0 1 0 1 0 1 1 0 0 1 1 1 1 1 1 1 1 1 1 0 0 1 1 1 1 1 1 1 1 1 1 1 1 1 1 1 0 1 1 1 1 0 0 1 1 1 0 1 0 1 1 1 1 1 1 0
 1 0 1 1 1 1 0 1 1 1 0 0 1 1 1 1 0 1 1 0 1 0 1 1 1 1 1 1 1 1 1 1 1 1 1 1 1 1 1 1 1 1 1 0 1 1 0 1 1 1 1 0 1 1 1 1 1 1 0
 1 1 1 0 1 1 1 1 1 1 1 0 0 1 0 1 0 1 1 0 0 1 1 1 1 1 1 1 1 1 1 0 0 1 1 1 1 1 1 1 1 1 1 1 1 1 1 1 0 1 1 1 1 0 0 1 1 1 0
 1 0 1 1 1 1 1 1 0 1 0 1 1 1 1 0 1 1 1 0 0 1 1 1 1 0 1 1 0 1 0 1 1 1 1 1 1 1 1 1 1 1 1 1 1 1 1 1 1 1 1 1 0 1 1 0 1 1 1
 1 0 1 1 1 1 1 1 0 1 1 1 0 1 1 1 1 1 1 1 0 0 1 0 1 1 1 1 0 0 1 1 1 1 1 1 1 1 1 1 0 1 1 1 0 0 0 0 0 0 0 0 0 0 0 0 0 1 0
 0 0 0 1 1 0 0 0 1 0 1 0 0 0 0 0 0 1 0 1 0 0 0 0 1 0 0 0 1 1 0 0 0 0 1 0 0 1 0 1 0 0 0 0 0 0 0 0 0 0 0 0 0 0 0 0 0 0 0
 0 0 1 0 0 1 0 0 0 0 1 0 0 0 0 0 0 1 0 0 0 1 0 0 0 0 0 0 0 1 1 0 1 0 1 0 0 1 1 0 0 0 0 0 0 0 0 0 0 1 1 0 0 1 1 1 1 1 1
 1 1 1 1 1 1 1 0 1 1 1 1 0 0 1 1 1 0 1 0 1 1 1 1 1 1 0 1 0 1 1 1 1 0 1 1 1 0 0 1 1 1 1 0 1 1 0 1 0 1 1 1 1 1 1 1 1 1 1
 1 1 1 1 1 1 1 1 1 1 1 0 1 1 0 1 1 1 1 0 1 1 1 1 1 1 0 1 1 1 0 1 1 1 1 1 1 1 0 0 1 0 1 1 1 1 0 0 1 1 1 1 1 1 1 1 1 1 0
 1 1 1 0 0 0 0 0 0 0 0 0 0 0 0 0 1 0 0 0 0 1 1 0 0 0 1 0 1 0 0 0 0 0 0 1 0 1 0 0 0 0 1 0 0 0 1 1 0 0 0 0 1 0 0 1 0 1 0
 0 0 0 0 0 0 0 0 0 0 0 0 0 0 0 0 0 0 0 0 1 0 0 1 0 0 0 0 1 0 0 0 0 0 0 1 0 0 0 1 0 0 0 0 0 0 0 1 1 0 1 0 1 0 0 1 1 0 0
 0 0 0 0 0 0 0 0 1 1 0 0 0 0 0 0 0 0 0 0 0 0 0 0 0 1 0 0 0 0 1 1 0 0 0 1 0 1 0 0 0 0 0 0 1 0 1 0 0 0 0 1 0 0 0 1 1 0 0
 0 0 1 0 0 1 0 1 0 0 0 0 0 0 0 0 0 0 0 0 0 0 0 0 0 0 0 0 0 1 0 0 1 0 0 0 0 1 0 0 0 0 0 0 1 0 0 0 1 0 0 0 0 0 0 0 1 1 0
 1 0 1 0 0 0 1 0 0 0 0 0 0 0 0 0 0 1 1 0 0 0 0 0 0 0 0 0 0 0 0 0 0 0 1 0 0 0 0 1 1 0 0 0 1 0 1 0 0 0 0 0 0 1 0 1 0 0 0
 0 1 0 0 0 1 1 0 0 0 0 1 0 0 1 0 1 0 0 0 0 0 0 0 0 0 0 0 0 0 0 0 0 0 0 0 0 0 1 0 0 1 0 0 0 0 1 0 0 0 0 0 0 1 0 0 0 1 0
 0 0 0 0 0 0 1 1 0 1 0 1 0 0 0 1 0 0 0 0 0 0 0 0 0 0 1 1 0 0 0 0 0 0 0 0 0 0 0 0 0 0 0 1 0 0 0 0 1 1 0 0 0 1 0 1 0 0 0
 0 0 0 1 0 1 0 0 0 0 1 0 0 0 1 1 0 0 0 0 1 0 0 1 0 1 0 0 0 0 0 0 0 0 0 0 0 0 0 0 0 0 0 0 0 0 0 1 0 0 1 0 0 0 0 1 0 0 0
 0 0 0 1 0 0 0 1 0 0 0 0 0 0 0 1 1 0 1 0 1 0 0 0 1 0 0 0 0 0 0 0 0 0 0 1 1 0 0 1 1 1 1 1 1 1 1 1 1 1 1 1 0 1 1 1 1 0 0
 1 1 1 0 1 0 1 1 1 1 1 1 0 1 0 1 1 1 1 0 1 1 1 0 0 1 1 1 1 0 1 1 0 1 0 1 1 1 1 1 1 1 1 1 1 1 1 1 1 1 1 1 1 1 1 1 0 1 1
 0 1 1 1 1 0 1 1 1 1 1 1 0 1 1 1 0 1 1 1 1 1 1 1 0 0 1 0 1 0 1 1 0 0 1 1 1 1 1 1 1 1 1 1 0 0 1 1 1 1 1 1 1 1 1 1 1 1 1
 1 1 0 1 1 1 1 0 0 1 1 1 0 1 0 1 1 1 1 1 1 0 1 0 1 1 1 1 0 1 1 1 0 0 1 1 1 1 0 1 1 0 1 0 1 1 1 1 1 1 1 1 1 1 1 1 1 1 1
 1 1 1 1 1 1 0 1 1 0 1 1 1 1 0 1 1 1 1 1 1 0 1 1 1 0 1 1 1 1 1 1 1 0 0 1 0 1 1 1 1 0 0 1 1 1 1 1 1 1 1 1 1 0 1 1 1 0 0
 0 0 0 0 0 0 0 0 0 0 0 1 0 0 0 0 1 1 0 0 0 1 0 1 0 0 0 0 0 0 1 0 1 0 0 0 0 1 0 0 0 1 1 0 0 0 0 1 0 0 1 0 1 0 0 0 0 0 0
 0 0 0 0 0 0 0 0 0 0 0 0 0 0 0 1 0 0 1 0 0 0 0 1 0 0 0 0 0 0 1 0 0 0 1 0 0 0 0 0 0 0 1 1 0 1 0 1 0 0 1 1 0 0 0 0 0 0 0
 0 0 0 1 1 0 0 1 1 1 1 1 1 1 1 1 1 1 1 1 0 1 1 1 1 0 0 1 1 1 0 1 0 1 1 1 1 1 1 0 1 0 1 1 1 1 0 1 1 1 0 0 1 1 1 1 0 1 1
 0 1 0 1 1 1 1 1 1 1 1 1 1 1 1 1 1 1 1 1 1 1 1 1 0 1 1 0 1 1 1 1 0 1 1 1 1 1 1 0 1 1 1 0 1 1 1 1 1 1 1 0 0 1 0 1 0 1 1
 0 0 1 1 1 1 1 1 1 1 1 1 0 0 1 1 0 0 0 0 0 0 0 0 0 0 0 0 0 1 0 0 0 0 1 1 0 0 0 1 0 1 0 0 0 0 0 0 1 0 1 0 0 0 0 1 0 0 0
 1 1 0 0 0 0 1 0 0 1 0 1 0 0 0 1 0 0 0 0 0 0 0 0 0 0 0 0 0 0 0 0 0 1 0 0 1 0 0 0 0 1 0 0 0 0 0 0 1 0 0 1 1 0 0 0 0 0 0
 0 1 1 0 1 0 0 0 0 1 1 0 0 0 0 0 0 0 0 0 0 1 1 0 0 0 0 0 0 0 0 0 0 0 0 0 0 0 1 0 0 0 0 1 1 0 0 0 1 0 1 0 0 0 0 0 0 1 0
 1 0 0 0 0 1 0 0 0 1 1 0 0 1 0 1 0 0 1 0 1 0 0 0 0 0 0 0 0 0 0 0 0 0 0 0 0 0 0 0 0 0 1 0 0 1 0 0 0 0 1 0 0 0 0 0 0 1 0
 0 1 1 0 0 0 0 0 0 0 1 1 0 1 0 0 0 0 1 1 0 0 0 0 0 0 0 0 0 0 1 1 0 0 0 0 0 0 0 0 0 0 0 0 0 0 0 1 0 0 0 0 1 1 0 0 0 1 0
 1 0 0 0 0 0 0 1 0 1 0 0 0 0 1 0 0 0 1 1 0 0 1 0 1 0 0 1 0 1 0 0 0 0 0 0 0 0 0 0 0 0 0 0 0 0 0 0 0 0 0 1 0 0 1 0 0 0 0
 1 0 0 0 0 0 0 1 0 0 1 1 0 0 0 0 0 0 0 1 1 0 1 0 0 0 0 1 1 0 0 0 0 0 0 0 0 0 0 1 1 0 0 0 0 0 0 0 0 0 0 0 0 0 0 0 1 0 0
 0 0 1 1 0 0 0 1 0 1 0 0 0 0 0 0 1 0 1 0 0 0 0 1 0 0 0 1 1 0 0 1 0 1 0 0 1 0 1 0 0 0 0 0 0 0 0 0 0 0 0 0 0 0 0 0 0 0 0
 0 1 0 0 1 0 0 0 0 1 0 0 0 0 0 0 1 0 0 1 1 0 0 0 0 0 0 0 1 1 0 1 0 0 0 0 1 1 0 0 0 0 0 0 0 0 0 0 1 1 0 0 0 0 0 0 0 0 0
 0 0 0 0 0 0 1 0 0 0 0 1 1 0 0 0 1 0 1 0 0 0 0 0 0 1 0 1 0 0 0 0 1 0 0 0 1 1 0 0 1 0 1 0 0 1 0 1 0 0 0 0 0 0 0 0 0 0 0
 0 0 0 0 0 0 0 0 0 0 1 0 0 1 0 0 0 0 1 0 0 0 0 0 0 1 0 0 1 1 0 0 0 0 0 0 0 1 1 0 1 0 0 0 0 1 1 0 0 0 0 0 0 0 0 0 0 1 1
 0 0 0 0 0 0 0 0 0 0 0 0 0 0 0 1 0 0 0 0 1 1 0 0 0 1 0 1 0 0 0 0 0 0 1 0 1 0 0 0 0 1 0 0 0 1 1 0 0 1 0 1 0 0 1 0 1 0 0
 0 0 0 0 0 0 0 0 0 0 0 0 0 0 0 0 0 0 0 1 0 0 1 0 0 0 0 1 0 0 0 0 0 0 1 0 0 1 1 0 0 0 0 0 0 0 1 1 0 1 0 0 0 0 1 1 0 0 0
 0 0 0 0 0 0 0 1 1 0 0 0 0 0 0 0 0 0 0 0 0 0 0 0 1 0 0 0 0 1 1 0 0 0 1 0 1 0 0 0 0 0 0 1 0 1 0 0 0 0 1 0 0 0 1 1 0 0 1
 0 1 0 0 1 0 1 0 0 0 0 0 0 0 0 0 0 0 0 0 0 0 0 0 0 0 0 0 1 0 0 1 0 0 0 0 1 0 0 0 0 0 0 1 0 0 1 1 0 0 0 0 0 0 0 1 1 0 1
 0 0 0 0 1 1 0 0 0 0 0 0 0 0 0 0 1 1 0 0 0 0 0 0 0 0 0 0 0 0 0 0 0 1 0 0 0 0 1 1 0 0 0 1 0 1 0 0 0 0 0 0 1 0 1 0 0 0 0
 1 0 0 0 1 1 0 0 1 0 1 0 0 1 0 1 0 0 0 0 0 0 0 0 0 0 0 0 0 0 0 0 0 0 0 0 0 1 0 0 1 0 0 0 0 1 0 0 0 0 0 0 1 0 0 1 1 0 0
 0 0 0 0 0 1 1 0 1 0 0 0 0 1 1 0 0 0 0 0 0 0 0 0 0 1 1 0 0 0 0 0 0 0 0 0 0 0 0 0 0 0 1 0 0 0 0 1 1 0 0 0 1 0 1 0 0 0 0
 0 0 1 0 1 0 0 0 0 1 0 0 0 1 1 0 0 1 0 1 0 0 1 0 1 0 0 0 0 0 0 0 0 0 0 0 0 0 0 0 0 0 0 0 0 0 1 0 0 1 0 0 0 0 1 0 0 0 0
 0 0 1 0 0 1 1 0 0 0 0 0 0 0 1 1 0 1 0 0 0 0 1 1 0 0 0 0 0 0 0 0 0 0 1 1 0 0 0 0 0 0 0 0 0 0 0 0 0 0 0 1 0 0 0 0 1 1 0
 0 0 1 0 1 0 0 0 0 0 0 1 0 1 0 0 0 0 1 0 0 0 1 1 0 0 1 0 1 0 0 1 0 1 0 0 0 0 0 0 0 0 0 0 0 0 0 0 0 0 0 0 0 0 0 1 0 0 1
 0 0 0 0 1 0 0 0 0 0 0 1 0 0 1 1 0 0 0 0 0 0 0 1 1 0 1 0 0 0 0 1 1 0 0 0 0 0 0 0 0 0 0 1 1 0 0 0 0 0 0 0 0 0 0 0 0 0 0
 0 1 0 0 0 0 1 1 0 0 0 1 0 1 0 0 0 0 0 0 1 0 1 0 0 0 0 1 0 0 0 1 1 0 0 1 0 1 0 0 1 0 1 0 0 0 0 0 0 0 0 0 0 0 0 0 0 0 0
 0 0 0 0 0 1 0 0 1 0 0 0 0 1 0 0 0 0 0 0 1 0 0 1 1 0 0 0 0 0 0 0 1 1 0 1 0 0 0 0 1 1 0 0 0 0 0 0 0]
2025-08-29 13:34:38 [INFO] Processed bits: [1. 1. 1. 1. 1. 0. 1. 0. 0. 0. 0. 1. 1. 0. 1. 0.]
2025-08-29 13:34:38 [INFO] Transmitted actual bits: [1. 1. 1. 1. 1. 0. 1. 0. 0. 0. 0. 1. 1. 0. 1. 0.]
2025-08-29 13:34:38 [INFO] BER: 0.0
2025-08-29 13:34:49 [DEBUG] **** New run with CLI arguments: Namespace(source='sim', file=None, verbose=3, n_tags=1)
2025-08-29 13:34:49 [DEBUG] Generating simulated samples for 1 tags
2025-08-29 13:34:49 [INFO] simulated packet metadata: SimulatedPacket(tag_id=0, preamble_bits=array([1, 1, 1, 1, 1, 0, 1, 0]), sync_bits=[], payload_bits=array([0, 1, 1, 1, 1, 1, 1, 0]), pad_bits=array([0., 0., 0., 0., 0., 0., 0., 0., 0., 0.]), sps=2, actual_bits=array([1., 1., 1., 1., 1., 0., 1., 0., 0., 1., 1., 1., 1., 1., 1., 0.]), all_bits=array([1., 1., 1., 1., 1., 0., 1., 0., 0., 1., 1., 1., 1., 1., 1., 0., 0., 0., 0., 0., 0., 0., 0., 0., 0., 0.]), goldcode=array([-1, -1, -1, -1, -1, -1, -1, -1, -1, -1, -1, -1,  1, -1, -1, -1, -1,  1,  1, -1, -1, -1,  1,  1, -1,  1,  1,  1,
        1,  1,  1, -1,  1,  1, -1, -1, -1, -1,  1,  1, -1, -1,  1, -1,  1,  1, -1, -1,  1, -1, -1,  1, -1,  1, -1, -1,
       -1,  1,  1,  1,  1,  1,  1,  1, -1, -1,  1,  1,  1,  1,  1,  1, -1, -1, -1,  1, -1,  1, -1,  1,  1,  1,  1, -1,
        1,  1,  1,  1,  1,  1, -1,  1,  1, -1,  1, -1, -1,  1,  1,  1,  1,  1, -1,  1, -1,  1, -1, -1,  1,  1, -1,  1,
       -1, -1,  1,  1,  1,  1,  1,  1, -1, -1,  1, -1,  1,  1, -1]), samples=None, snr_db=15.0, frequency_offset_hz=500.0, time_delay_sec=0.002)
2025-08-29 13:34:49 [INFO] Packet to demod: [-1.+0.j -1.+0.j -1.+0.j -1.+0.j -1.+0.j -1.+0.j -1.+0.j -1.+0.j -1.+0.j -1.+0.j -1.+0.j -1.+0.j -1.+0.j -1.+0.j
 -1.+0.j -1.+0.j -1.+0.j -1.+0.j -1.+0.j -1.+0.j -1.+0.j -1.+0.j -1.+0.j -1.+0.j  1.+0.j  1.+0.j -1.+0.j -1.+0.j
 -1.+0.j -1.+0.j -1.+0.j -1.+0.j -1.+0.j -1.+0.j  1.+0.j  1.+0.j  1.+0.j  1.+0.j -1.+0.j -1.+0.j -1.+0.j -1.+0.j
 -1.+0.j -1.+0.j  1.+0.j  1.+0.j  1.+0.j  1.+0.j -1.+0.j -1.+0.j  1.+0.j  1.+0.j  1.+0.j  1.+0.j  1.+0.j  1.+0.j
  1.+0.j  1.+0.j  1.+0.j  1.+0.j  1.+0.j  1.+0.j -1.+0.j -1.+0.j  1.+0.j  1.+0.j  1.+0.j  1.+0.j -1.+0.j -1.+0.j
 -1.+0.j -1.+0.j -1.+0.j -1.+0.j -1.+0.j -1.+0.j  1.+0.j  1.+0.j  1.+0.j  1.+0.j -1.+0.j -1.+0.j -1.+0.j -1.+0.j
  1.+0.j  1.+0.j -1.+0.j -1.+0.j  1.+0.j  1.+0.j  1.+0.j  1.+0.j -1.+0.j -1.+0.j -1.+0.j -1.+0.j  1.+0.j  1.+0.j
 -1.+0.j -1.+0.j -1.+0.j -1.+0.j  1.+0.j  1.+0.j -1.+0.j -1.+0.j  1.+0.j  1.+0.j -1.+0.j -1.+0.j -1.+0.j -1.+0.j
 -1.+0.j -1.+0.j  1.+0.j  1.+0.j  1.+0.j  1.+0.j  1.+0.j  1.+0.j  1.+0.j  1.+0.j  1.+0.j  1.+0.j  1.+0.j  1.+0.j
  1.+0.j  1.+0.j -1.+0.j -1.+0.j -1.+0.j -1.+0.j  1.+0.j  1.+0.j  1.+0.j  1.+0.j  1.+0.j  1.+0.j  1.+0.j  1.+0.j
  1.+0.j  1.+0.j  1.+0.j  1.+0.j -1.+0.j -1.+0.j -1.+0.j -1.+0.j -1.+0.j -1.+0.j  1.+0.j  1.+0.j -1.+0.j -1.+0.j
  1.+0.j  1.+0.j -1.+0.j -1.+0.j  1.+0.j  1.+0.j  1.+0.j  1.+0.j  1.+0.j  1.+0.j  1.+0.j  1.+0.j -1.+0.j -1.+0.j
  1.+0.j  1.+0.j  1.+0.j  1.+0.j  1.+0.j  1.+0.j  1.+0.j  1.+0.j  1.+0.j  1.+0.j  1.+0.j  1.+0.j -1.+0.j -1.+0.j
  1.+0.j  1.+0.j  1.+0.j  1.+0.j -1.+0.j -1.+0.j  1.+0.j  1.+0.j -1.+0.j -1.+0.j -1.+0.j -1.+0.j  1.+0.j  1.+0.j
  1.+0.j  1.+0.j  1.+0.j  1.+0.j  1.+0.j  1.+0.j  1.+0.j  1.+0.j -1.+0.j -1.+0.j  1.+0.j  1.+0.j -1.+0.j -1.+0.j
  1.+0.j  1.+0.j -1.+0.j -1.+0.j -1.+0.j -1.+0.j  1.+0.j  1.+0.j  1.+0.j  1.+0.j -1.+0.j -1.+0.j  1.+0.j  1.+0.j
 -1.+0.j -1.+0.j -1.+0.j -1.+0.j  1.+0.j  1.+0.j  1.+0.j  1.+0.j  1.+0.j  1.+0.j  1.+0.j  1.+0.j  1.+0.j  1.+0.j
  1.+0.j  1.+0.j -1.+0.j -1.+0.j -1.+0.j -1.+0.j  1.+0.j  1.+0.j -1.+0.j -1.+0.j  1.+0.j  1.+0.j  1.+0.j  1.+0.j
 -1.+0.j -1.+0.j -1.+0.j -1.+0.j -1.+0.j -1.+0.j -1.+0.j -1.+0.j -1.+0.j -1.+0.j -1.+0.j -1.+0.j -1.+0.j -1.+0.j
 -1.+0.j -1.+0.j -1.+0.j -1.+0.j -1.+0.j -1.+0.j -1.+0.j -1.+0.j -1.+0.j -1.+0.j -1.+0.j -1.+0.j  1.+0.j  1.+0.j
 -1.+0.j -1.+0.j -1.+0.j -1.+0.j -1.+0.j -1.+0.j -1.+0.j -1.+0.j  1.+0.j  1.+0.j  1.+0.j  1.+0.j -1.+0.j -1.+0.j
 -1.+0.j -1.+0.j -1.+0.j -1.+0.j  1.+0.j  1.+0.j  1.+0.j  1.+0.j -1.+0.j -1.+0.j  1.+0.j  1.+0.j  1.+0.j  1.+0.j
  1.+0.j  1.+0.j  1.+0.j  1.+0.j  1.+0.j  1.+0.j  1.+0.j  1.+0.j -1.+0.j -1.+0.j  1.+0.j  1.+0.j  1.+0.j  1.+0.j
 -1.+0.j -1.+0.j -1.+0.j -1.+0.j -1.+0.j -1.+0.j -1.+0.j -1.+0.j  1.+0.j  1.+0.j  1.+0.j  1.+0.j -1.+0.j -1.+0.j
 -1.+0.j -1.+0.j  1.+0.j  1.+0.j -1.+0.j -1.+0.j  1.+0.j  1.+0.j  1.+0.j  1.+0.j -1.+0.j -1.+0.j -1.+0.j -1.+0.j
  1.+0.j  1.+0.j -1.+0.j -1.+0.j -1.+0.j -1.+0.j  1.+0.j  1.+0.j -1.+0.j -1.+0.j  1.+0.j  1.+0.j -1.+0.j -1.+0.j
 -1.+0.j -1.+0.j -1.+0.j -1.+0.j  1.+0.j  1.+0.j  1.+0.j  1.+0.j  1.+0.j  1.+0.j  1.+0.j  1.+0.j  1.+0.j  1.+0.j
  1.+0.j  1.+0.j  1.+0.j  1.+0.j -1.+0.j -1.+0.j -1.+0.j -1.+0.j  1.+0.j  1.+0.j  1.+0.j  1.+0.j  1.+0.j  1.+0.j
  1.+0.j  1.+0.j  1.+0.j  1.+0.j  1.+0.j  1.+0.j -1.+0.j -1.+0.j -1.+0.j -1.+0.j -1.+0.j -1.+0.j  1.+0.j  1.+0.j
 -1.+0.j -1.+0.j  1.+0.j  1.+0.j -1.+0.j -1.+0.j  1.+0.j  1.+0.j  1.+0.j  1.+0.j  1.+0.j  1.+0.j  1.+0.j  1.+0.j
 -1.+0.j -1.+0.j  1.+0.j  1.+0.j  1.+0.j  1.+0.j  1.+0.j  1.+0.j  1.+0.j  1.+0.j  1.+0.j  1.+0.j  1.+0.j  1.+0.j
 -1.+0.j -1.+0.j  1.+0.j  1.+0.j  1.+0.j  1.+0.j -1.+0.j -1.+0.j  1.+0.j  1.+0.j -1.+0.j -1.+0.j -1.+0.j -1.+0.j
  1.+0.j  1.+0.j  1.+0.j  1.+0.j  1.+0.j  1.+0.j  1.+0.j  1.+0.j  1.+0.j  1.+0.j -1.+0.j -1.+0.j  1.+0.j  1.+0.j
 -1.+0.j -1.+0.j  1.+0.j  1.+0.j -1.+0.j -1.+0.j -1.+0.j -1.+0.j  1.+0.j  1.+0.j  1.+0.j  1.+0.j -1.+0.j -1.+0.j
  1.+0.j  1.+0.j -1.+0.j -1.+0.j -1.+0.j -1.+0.j  1.+0.j  1.+0.j  1.+0.j  1.+0.j  1.+0.j  1.+0.j  1.+0.j  1.+0.j
  1.+0.j  1.+0.j  1.+0.j  1.+0.j -1.+0.j -1.+0.j -1.+0.j -1.+0.j  1.+0.j  1.+0.j -1.+0.j -1.+0.j  1.+0.j  1.+0.j
  1.+0.j  1.+0.j -1.+0.j -1.+0.j -1.+0.j -1.+0.j -1.+0.j -1.+0.j -1.+0.j -1.+0.j -1.+0.j -1.+0.j -1.+0.j -1.+0.j
 -1.+0.j -1.+0.j -1.+0.j -1.+0.j -1.+0.j -1.+0.j -1.+0.j -1.+0.j -1.+0.j -1.+0.j -1.+0.j -1.+0.j -1.+0.j -1.+0.j
  1.+0.j  1.+0.j -1.+0.j -1.+0.j -1.+0.j -1.+0.j -1.+0.j -1.+0.j -1.+0.j -1.+0.j  1.+0.j  1.+0.j  1.+0.j  1.+0.j
 -1.+0.j -1.+0.j -1.+0.j -1.+0.j -1.+0.j -1.+0.j  1.+0.j  1.+0.j  1.+0.j  1.+0.j -1.+0.j -1.+0.j  1.+0.j  1.+0.j
  1.+0.j  1.+0.j  1.+0.j  1.+0.j  1.+0.j  1.+0.j  1.+0.j  1.+0.j  1.+0.j  1.+0.j -1.+0.j -1.+0.j  1.+0.j  1.+0.j
  1.+0.j  1.+0.j -1.+0.j -1.+0.j -1.+0.j -1.+0.j -1.+0.j -1.+0.j -1.+0.j -1.+0.j  1.+0.j  1.+0.j  1.+0.j  1.+0.j
 -1.+0.j -1.+0.j -1.+0.j -1.+0.j  1.+0.j  1.+0.j -1.+0.j -1.+0.j  1.+0.j  1.+0.j  1.+0.j  1.+0.j -1.+0.j -1.+0.j
 -1.+0.j -1.+0.j  1.+0.j  1.+0.j -1.+0.j -1.+0.j -1.+0.j -1.+0.j  1.+0.j  1.+0.j -1.+0.j -1.+0.j  1.+0.j  1.+0.j
 -1.+0.j -1.+0.j -1.+0.j -1.+0.j -1.+0.j -1.+0.j  1.+0.j  1.+0.j  1.+0.j  1.+0.j  1.+0.j  1.+0.j  1.+0.j  1.+0.j
  1.+0.j  1.+0.j  1.+0.j  1.+0.j  1.+0.j  1.+0.j -1.+0.j -1.+0.j -1.+0.j -1.+0.j  1.+0.j  1.+0.j  1.+0.j  1.+0.j
  1.+0.j  1.+0.j  1.+0.j  1.+0.j  1.+0.j  1.+0.j  1.+0.j  1.+0.j -1.+0.j -1.+0.j -1.+0.j -1.+0.j -1.+0.j -1.+0.j
  1.+0.j  1.+0.j -1.+0.j -1.+0.j  1.+0.j  1.+0.j -1.+0.j -1.+0.j  1.+0.j  1.+0.j  1.+0.j  1.+0.j  1.+0.j  1.+0.j
  1.+0.j  1.+0.j -1.+0.j -1.+0.j  1.+0.j  1.+0.j  1.+0.j  1.+0.j  1.+0.j  1.+0.j  1.+0.j  1.+0.j  1.+0.j  1.+0.j
  1.+0.j  1.+0.j -1.+0.j -1.+0.j  1.+0.j  1.+0.j  1.+0.j  1.+0.j -1.+0.j -1.+0.j  1.+0.j  1.+0.j -1.+0.j -1.+0.j
 -1.+0.j -1.+0.j  1.+0.j  1.+0.j  1.+0.j  1.+0.j  1.+0.j  1.+0.j  1.+0.j  1.+0.j  1.+0.j  1.+0.j -1.+0.j -1.+0.j
  1.+0.j  1.+0.j -1.+0.j -1.+0.j  1.+0.j  1.+0.j -1.+0.j -1.+0.j -1.+0.j -1.+0.j  1.+0.j  1.+0.j  1.+0.j  1.+0.j
 -1.+0.j -1.+0.j  1.+0.j  1.+0.j -1.+0.j -1.+0.j -1.+0.j -1.+0.j  1.+0.j  1.+0.j  1.+0.j  1.+0.j  1.+0.j  1.+0.j
  1.+0.j  1.+0.j  1.+0.j  1.+0.j  1.+0.j  1.+0.j -1.+0.j -1.+0.j -1.+0.j -1.+0.j  1.+0.j  1.+0.j -1.+0.j -1.+0.j
  1.+0.j  1.+0.j  1.+0.j  1.+0.j -1.+0.j -1.+0.j -1.+0.j -1.+0.j -1.+0.j -1.+0.j -1.+0.j -1.+0.j -1.+0.j -1.+0.j
 -1.+0.j -1.+0.j -1.+0.j -1.+0.j -1.+0.j -1.+0.j -1.+0.j -1.+0.j -1.+0.j -1.+0.j -1.+0.j -1.+0.j -1.+0.j -1.+0.j
 -1.+0.j -1.+0.j  1.+0.j  1.+0.j -1.+0.j -1.+0.j -1.+0.j -1.+0.j -1.+0.j -1.+0.j -1.+0.j -1.+0.j  1.+0.j  1.+0.j
  1.+0.j  1.+0.j -1.+0.j -1.+0.j -1.+0.j -1.+0.j -1.+0.j -1.+0.j  1.+0.j  1.+0.j  1.+0.j  1.+0.j -1.+0.j -1.+0.j
  1.+0.j  1.+0.j  1.+0.j  1.+0.j  1.+0.j  1.+0.j  1.+0.j  1.+0.j  1.+0.j  1.+0.j  1.+0.j  1.+0.j -1.+0.j -1.+0.j
  1.+0.j  1.+0.j  1.+0.j  1.+0.j -1.+0.j -1.+0.j -1.+0.j -1.+0.j -1.+0.j -1.+0.j -1.+0.j -1.+0.j  1.+0.j  1.+0.j
  1.+0.j  1.+0.j -1.+0.j -1.+0.j -1.+0.j -1.+0.j  1.+0.j  1.+0.j -1.+0.j -1.+0.j  1.+0.j  1.+0.j  1.+0.j  1.+0.j
 -1.+0.j -1.+0.j -1.+0.j -1.+0.j  1.+0.j  1.+0.j -1.+0.j -1.+0.j -1.+0.j -1.+0.j  1.+0.j  1.+0.j -1.+0.j -1.+0.j
  1.+0.j  1.+0.j -1.+0.j -1.+0.j -1.+0.j -1.+0.j -1.+0.j -1.+0.j  1.+0.j  1.+0.j  1.+0.j  1.+0.j  1.+0.j  1.+0.j
  1.+0.j  1.+0.j  1.+0.j  1.+0.j  1.+0.j  1.+0.j  1.+0.j  1.+0.j -1.+0.j -1.+0.j -1.+0.j -1.+0.j  1.+0.j  1.+0.j
  1.+0.j  1.+0.j  1.+0.j  1.+0.j  1.+0.j  1.+0.j  1.+0.j  1.+0.j  1.+0.j  1.+0.j -1.+0.j -1.+0.j -1.+0.j -1.+0.j
 -1.+0.j -1.+0.j  1.+0.j  1.+0.j -1.+0.j -1.+0.j  1.+0.j  1.+0.j -1.+0.j -1.+0.j  1.+0.j  1.+0.j  1.+0.j  1.+0.j
  1.+0.j  1.+0.j  1.+0.j  1.+0.j -1.+0.j -1.+0.j  1.+0.j  1.+0.j  1.+0.j  1.+0.j  1.+0.j  1.+0.j  1.+0.j  1.+0.j
  1.+0.j  1.+0.j  1.+0.j  1.+0.j -1.+0.j -1.+0.j  1.+0.j  1.+0.j  1.+0.j  1.+0.j -1.+0.j -1.+0.j  1.+0.j  1.+0.j
 -1.+0.j -1.+0.j -1.+0.j -1.+0.j  1.+0.j  1.+0.j  1.+0.j  1.+0.j  1.+0.j  1.+0.j  1.+0.j  1.+0.j  1.+0.j  1.+0.j
 -1.+0.j -1.+0.j  1.+0.j  1.+0.j -1.+0.j -1.+0.j  1.+0.j  1.+0.j -1.+0.j -1.+0.j -1.+0.j -1.+0.j  1.+0.j  1.+0.j
  1.+0.j  1.+0.j -1.+0.j -1.+0.j  1.+0.j  1.+0.j -1.+0.j -1.+0.j -1.+0.j -1.+0.j  1.+0.j  1.+0.j  1.+0.j  1.+0.j
  1.+0.j  1.+0.j  1.+0.j  1.+0.j  1.+0.j  1.+0.j  1.+0.j  1.+0.j -1.+0.j -1.+0.j -1.+0.j -1.+0.j  1.+0.j  1.+0.j
 -1.+0.j -1.+0.j  1.+0.j  1.+0.j  1.+0.j  1.+0.j -1.+0.j -1.+0.j -1.+0.j -1.+0.j -1.+0.j -1.+0.j -1.+0.j -1.+0.j
 -1.+0.j -1.+0.j -1.+0.j -1.+0.j -1.+0.j -1.+0.j -1.+0.j -1.+0.j -1.+0.j -1.+0.j -1.+0.j -1.+0.j -1.+0.j -1.+0.j
 -1.+0.j -1.+0.j -1.+0.j -1.+0.j  1.+0.j  1.+0.j -1.+0.j -1.+0.j -1.+0.j -1.+0.j -1.+0.j -1.+0.j -1.+0.j -1.+0.j
  1.+0.j  1.+0.j  1.+0.j  1.+0.j -1.+0.j -1.+0.j -1.+0.j -1.+0.j -1.+0.j -1.+0.j  1.+0.j  1.+0.j  1.+0.j  1.+0.j
 -1.+0.j -1.+0.j  1.+0.j  1.+0.j  1.+0.j  1.+0.j  1.+0.j  1.+0.j  1.+0.j  1.+0.j  1.+0.j  1.+0.j  1.+0.j  1.+0.j
 -1.+0.j -1.+0.j  1.+0.j  1.+0.j  1.+0.j  1.+0.j -1.+0.j -1.+0.j -1.+0.j -1.+0.j -1.+0.j -1.+0.j -1.+0.j -1.+0.j
  1.+0.j  1.+0.j  1.+0.j  1.+0.j -1.+0.j -1.+0.j -1.+0.j -1.+0.j  1.+0.j  1.+0.j -1.+0.j -1.+0.j  1.+0.j  1.+0.j
  1.+0.j  1.+0.j -1.+0.j -1.+0.j -1.+0.j -1.+0.j  1.+0.j  1.+0.j -1.+0.j -1.+0.j -1.+0.j -1.+0.j  1.+0.j  1.+0.j
 -1.+0.j -1.+0.j  1.+0.j  1.+0.j -1.+0.j -1.+0.j -1.+0.j -1.+0.j -1.+0.j -1.+0.j  1.+0.j  1.+0.j  1.+0.j  1.+0.j
  1.+0.j  1.+0.j  1.+0.j  1.+0.j  1.+0.j  1.+0.j  1.+0.j  1.+0.j  1.+0.j  1.+0.j -1.+0.j -1.+0.j -1.+0.j -1.+0.j
  1.+0.j  1.+0.j  1.+0.j  1.+0.j  1.+0.j  1.+0.j  1.+0.j  1.+0.j  1.+0.j  1.+0.j  1.+0.j  1.+0.j -1.+0.j -1.+0.j
 -1.+0.j -1.+0.j -1.+0.j -1.+0.j  1.+0.j  1.+0.j -1.+0.j -1.+0.j  1.+0.j  1.+0.j -1.+0.j -1.+0.j  1.+0.j  1.+0.j
  1.+0.j  1.+0.j  1.+0.j  1.+0.j  1.+0.j  1.+0.j -1.+0.j -1.+0.j  1.+0.j  1.+0.j  1.+0.j  1.+0.j  1.+0.j  1.+0.j
  1.+0.j  1.+0.j  1.+0.j  1.+0.j  1.+0.j  1.+0.j -1.+0.j -1.+0.j  1.+0.j  1.+0.j  1.+0.j  1.+0.j -1.+0.j -1.+0.j
  1.+0.j  1.+0.j -1.+0.j -1.+0.j -1.+0.j -1.+0.j  1.+0.j  1.+0.j  1.+0.j  1.+0.j  1.+0.j  1.+0.j  1.+0.j  1.+0.j
  1.+0.j  1.+0.j -1.+0.j -1.+0.j  1.+0.j  1.+0.j -1.+0.j -1.+0.j  1.+0.j  1.+0.j -1.+0.j -1.+0.j -1.+0.j -1.+0.j
  1.+0.j  1.+0.j  1.+0.j  1.+0.j -1.+0.j -1.+0.j  1.+0.j  1.+0.j -1.+0.j -1.+0.j -1.+0.j -1.+0.j  1.+0.j  1.+0.j
  1.+0.j  1.+0.j  1.+0.j  1.+0.j  1.+0.j  1.+0.j  1.+0.j  1.+0.j  1.+0.j  1.+0.j -1.+0.j -1.+0.j -1.+0.j -1.+0.j
  1.+0.j  1.+0.j -1.+0.j -1.+0.j  1.+0.j  1.+0.j  1.+0.j  1.+0.j -1.+0.j -1.+0.j  1.-0.j  1.-0.j  1.-0.j  1.-0.j
  1.-0.j  1.-0.j  1.-0.j  1.-0.j  1.-0.j  1.-0.j  1.-0.j  1.-0.j  1.-0.j  1.-0.j  1.-0.j  1.-0.j  1.-0.j  1.-0.j
  1.-0.j  1.-0.j  1.-0.j  1.-0.j  1.-0.j  1.-0.j -1.+0.j -1.+0.j  1.-0.j  1.-0.j  1.-0.j  1.-0.j  1.-0.j  1.-0.j
  1.-0.j  1.-0.j -1.+0.j -1.+0.j -1.+0.j -1.+0.j  1.-0.j  1.-0.j  1.-0.j  1.-0.j  1.-0.j  1.-0.j -1.+0.j -1.+0.j
 -1.+0.j -1.+0.j  1.-0.j  1.-0.j -1.+0.j -1.+0.j -1.+0.j -1.+0.j -1.+0.j -1.+0.j -1.+0.j -1.+0.j -1.+0.j -1.+0.j
 -1.+0.j -1.+0.j  1.-0.j  1.-0.j -1.+0.j -1.+0.j -1.+0.j -1.+0.j  1.-0.j  1.-0.j  1.-0.j  1.-0.j  1.-0.j  1.-0.j
  1.-0.j  1.-0.j -1.+0.j -1.+0.j -1.+0.j -1.+0.j  1.-0.j  1.-0.j  1.-0.j  1.-0.j -1.+0.j -1.+0.j  1.-0.j  1.-0.j
 -1.+0.j -1.+0.j -1.+0.j -1.+0.j  1.-0.j  1.-0.j  1.-0.j  1.-0.j -1.+0.j -1.+0.j  1.-0.j  1.-0.j  1.-0.j  1.-0.j
 -1.+0.j -1.+0.j  1.-0.j  1.-0.j -1.+0.j -1.+0.j  1.-0.j  1.-0.j  1.-0.j  1.-0.j  1.-0.j  1.-0.j -1.+0.j -1.+0.j
 -1.+0.j -1.+0.j -1.+0.j -1.+0.j -1.+0.j -1.+0.j -1.+0.j -1.+0.j -1.+0.j -1.+0.j -1.+0.j -1.+0.j  1.-0.j  1.-0.j
  1.-0.j  1.-0.j -1.+0.j -1.+0.j -1.+0.j -1.+0.j -1.+0.j -1.+0.j -1.+0.j -1.+0.j -1.+0.j -1.+0.j -1.+0.j -1.+0.j
  1.-0.j  1.-0.j  1.-0.j  1.-0.j  1.-0.j  1.-0.j -1.+0.j -1.+0.j  1.-0.j  1.-0.j -1.+0.j -1.+0.j  1.-0.j  1.-0.j
 -1.+0.j -1.+0.j -1.+0.j -1.+0.j -1.+0.j -1.+0.j -1.+0.j -1.+0.j  1.-0.j  1.-0.j -1.+0.j -1.+0.j -1.+0.j -1.+0.j
 -1.+0.j -1.+0.j -1.+0.j -1.+0.j -1.+0.j -1.+0.j -1.+0.j -1.+0.j  1.-0.j  1.-0.j -1.+0.j -1.+0.j -1.+0.j -1.+0.j
  1.-0.j  1.-0.j -1.+0.j -1.+0.j  1.-0.j  1.-0.j  1.-0.j  1.-0.j -1.+0.j -1.+0.j -1.+0.j -1.+0.j -1.+0.j -1.+0.j
 -1.+0.j -1.+0.j -1.+0.j -1.+0.j  1.-0.j  1.-0.j -1.+0.j -1.+0.j  1.-0.j  1.-0.j -1.+0.j -1.+0.j  1.-0.j  1.-0.j
  1.-0.j  1.-0.j -1.+0.j -1.+0.j -1.+0.j -1.+0.j  1.-0.j  1.-0.j -1.+0.j -1.+0.j  1.-0.j  1.-0.j  1.-0.j  1.-0.j
 -1.+0.j -1.+0.j -1.+0.j -1.+0.j -1.+0.j -1.+0.j -1.+0.j -1.+0.j -1.+0.j -1.+0.j -1.+0.j -1.+0.j  1.-0.j  1.-0.j
  1.-0.j  1.-0.j -1.+0.j -1.+0.j  1.-0.j  1.-0.j -1.+0.j -1.+0.j -1.+0.j -1.+0.j  1.-0.j  1.-0.j -1.+0.j -1.+0.j
 -1.+0.j -1.+0.j -1.+0.j -1.+0.j -1.+0.j -1.+0.j -1.+0.j -1.+0.j -1.+0.j -1.+0.j -1.+0.j -1.+0.j -1.+0.j -1.+0.j
 -1.+0.j -1.+0.j -1.+0.j -1.+0.j -1.+0.j -1.+0.j -1.+0.j -1.+0.j  1.+0.j  1.+0.j -1.+0.j -1.+0.j -1.+0.j -1.+0.j
 -1.+0.j -1.+0.j -1.+0.j -1.+0.j  1.+0.j  1.+0.j  1.+0.j  1.+0.j -1.+0.j -1.+0.j -1.+0.j -1.+0.j -1.+0.j -1.+0.j
  1.+0.j  1.+0.j  1.+0.j  1.+0.j -1.+0.j -1.+0.j  1.+0.j  1.+0.j  1.+0.j  1.+0.j  1.+0.j  1.+0.j  1.+0.j  1.+0.j
  1.+0.j  1.+0.j  1.+0.j  1.+0.j -1.+0.j -1.+0.j  1.+0.j  1.+0.j  1.+0.j  1.+0.j -1.+0.j -1.+0.j -1.+0.j -1.+0.j
 -1.+0.j -1.+0.j -1.+0.j -1.+0.j  1.+0.j  1.+0.j  1.+0.j  1.+0.j -1.+0.j -1.+0.j -1.+0.j -1.+0.j  1.+0.j  1.+0.j
 -1.+0.j -1.+0.j  1.+0.j  1.+0.j  1.+0.j  1.+0.j -1.+0.j -1.+0.j -1.+0.j -1.+0.j  1.+0.j  1.+0.j -1.+0.j -1.+0.j
 -1.+0.j -1.+0.j  1.+0.j  1.+0.j -1.+0.j -1.+0.j  1.+0.j  1.+0.j -1.+0.j -1.+0.j -1.+0.j -1.+0.j -1.+0.j -1.+0.j
  1.+0.j  1.+0.j  1.+0.j  1.+0.j  1.+0.j  1.+0.j  1.+0.j  1.+0.j  1.+0.j  1.+0.j  1.+0.j  1.+0.j  1.+0.j  1.+0.j
 -1.+0.j -1.+0.j -1.+0.j -1.+0.j  1.+0.j  1.+0.j  1.+0.j  1.+0.j  1.+0.j  1.+0.j  1.+0.j  1.+0.j  1.+0.j  1.+0.j
  1.+0.j  1.+0.j -1.+0.j -1.+0.j -1.+0.j -1.+0.j -1.+0.j -1.+0.j  1.+0.j  1.+0.j -1.+0.j -1.+0.j  1.+0.j  1.+0.j
 -1.+0.j -1.+0.j  1.+0.j  1.+0.j  1.+0.j  1.+0.j  1.+0.j  1.+0.j  1.+0.j  1.+0.j -1.+0.j -1.+0.j  1.+0.j  1.+0.j
  1.+0.j  1.+0.j  1.+0.j  1.+0.j  1.+0.j  1.+0.j  1.+0.j  1.+0.j  1.+0.j  1.+0.j -1.+0.j -1.+0.j  1.+0.j  1.+0.j
  1.+0.j  1.+0.j -1.+0.j -1.+0.j  1.+0.j  1.+0.j -1.+0.j -1.+0.j -1.+0.j -1.+0.j  1.+0.j  1.+0.j  1.+0.j  1.+0.j
  1.+0.j  1.+0.j  1.+0.j  1.+0.j  1.+0.j  1.+0.j -1.+0.j -1.+0.j  1.+0.j  1.+0.j -1.+0.j -1.+0.j  1.+0.j  1.+0.j
 -1.+0.j -1.+0.j -1.+0.j -1.+0.j  1.+0.j  1.+0.j  1.+0.j  1.+0.j -1.+0.j -1.+0.j  1.+0.j  1.+0.j -1.+0.j -1.+0.j
 -1.+0.j -1.+0.j  1.+0.j  1.+0.j  1.+0.j  1.+0.j  1.+0.j  1.+0.j  1.+0.j  1.+0.j  1.+0.j  1.+0.j  1.+0.j  1.+0.j
 -1.+0.j -1.+0.j -1.+0.j -1.+0.j  1.+0.j  1.+0.j -1.+0.j -1.+0.j  1.+0.j  1.+0.j  1.+0.j  1.+0.j -1.+0.j -1.+0.j
  1.-0.j  1.-0.j  1.-0.j  1.-0.j  1.-0.j  1.-0.j  1.-0.j  1.-0.j  1.-0.j  1.-0.j  1.-0.j  1.-0.j  1.-0.j  1.-0.j
  1.-0.j  1.-0.j  1.-0.j  1.-0.j  1.-0.j  1.-0.j  1.-0.j  1.-0.j  1.-0.j  1.-0.j -1.+0.j -1.+0.j  1.-0.j  1.-0.j
  1.-0.j  1.-0.j  1.-0.j  1.-0.j  1.-0.j  1.-0.j -1.+0.j -1.+0.j -1.+0.j -1.+0.j  1.-0.j  1.-0.j  1.-0.j  1.-0.j
  1.-0.j  1.-0.j -1.+0.j -1.+0.j -1.+0.j -1.+0.j  1.-0.j  1.-0.j -1.+0.j -1.+0.j -1.+0.j -1.+0.j -1.+0.j -1.+0.j
 -1.+0.j -1.+0.j -1.+0.j -1.+0.j -1.+0.j -1.+0.j  1.-0.j  1.-0.j -1.+0.j -1.+0.j -1.+0.j -1.+0.j  1.-0.j  1.-0.j
  1.-0.j  1.-0.j  1.-0.j  1.-0.j  1.-0.j  1.-0.j -1.+0.j -1.+0.j -1.+0.j -1.+0.j  1.-0.j  1.-0.j  1.-0.j  1.-0.j
 -1.+0.j -1.+0.j  1.-0.j  1.-0.j -1.+0.j -1.+0.j -1.+0.j -1.+0.j  1.-0.j  1.-0.j  1.-0.j  1.-0.j -1.+0.j -1.+0.j
  1.-0.j  1.-0.j  1.-0.j  1.-0.j -1.+0.j -1.+0.j  1.-0.j  1.-0.j -1.+0.j -1.+0.j  1.-0.j  1.-0.j  1.-0.j  1.-0.j
  1.-0.j  1.-0.j -1.+0.j -1.+0.j -1.+0.j -1.+0.j -1.+0.j -1.+0.j -1.+0.j -1.+0.j -1.+0.j -1.+0.j -1.+0.j -1.+0.j
 -1.+0.j -1.+0.j  1.-0.j  1.-0.j  1.-0.j  1.-0.j -1.+0.j -1.+0.j -1.+0.j -1.+0.j -1.+0.j -1.+0.j -1.+0.j -1.+0.j
 -1.+0.j -1.+0.j -1.+0.j -1.+0.j  1.-0.j  1.-0.j  1.-0.j  1.-0.j  1.-0.j  1.-0.j -1.+0.j -1.+0.j  1.-0.j  1.-0.j
 -1.+0.j -1.+0.j  1.-0.j  1.-0.j -1.+0.j -1.+0.j -1.+0.j -1.+0.j -1.+0.j -1.+0.j -1.+0.j -1.+0.j  1.-0.j  1.-0.j
 -1.+0.j -1.+0.j -1.+0.j -1.+0.j -1.+0.j -1.+0.j -1.+0.j -1.+0.j -1.+0.j -1.+0.j -1.+0.j -1.+0.j  1.-0.j  1.-0.j
 -1.+0.j -1.+0.j -1.+0.j -1.+0.j  1.-0.j  1.-0.j -1.+0.j -1.+0.j  1.-0.j  1.-0.j  1.-0.j  1.-0.j -1.+0.j -1.+0.j
 -1.+0.j -1.+0.j -1.+0.j -1.+0.j -1.+0.j -1.+0.j -1.+0.j -1.+0.j  1.-0.j  1.-0.j -1.+0.j -1.+0.j  1.-0.j  1.-0.j
 -1.+0.j -1.+0.j  1.-0.j  1.-0.j  1.-0.j  1.-0.j -1.+0.j -1.+0.j -1.+0.j -1.+0.j  1.-0.j  1.-0.j -1.+0.j -1.+0.j
  1.-0.j  1.-0.j  1.-0.j  1.-0.j -1.+0.j -1.+0.j -1.+0.j -1.+0.j -1.+0.j -1.+0.j -1.+0.j -1.+0.j -1.+0.j -1.+0.j
 -1.+0.j -1.+0.j  1.-0.j  1.-0.j  1.-0.j  1.-0.j -1.+0.j -1.+0.j  1.-0.j  1.-0.j -1.+0.j -1.+0.j -1.+0.j -1.+0.j
  1.-0.j  1.-0.j  1.-0.j  1.-0.j  1.-0.j  1.-0.j  1.-0.j  1.-0.j  1.-0.j  1.-0.j  1.-0.j  1.-0.j  1.-0.j  1.-0.j
  1.-0.j  1.-0.j  1.-0.j  1.-0.j  1.-0.j  1.-0.j  1.-0.j  1.-0.j  1.-0.j  1.-0.j  1.-0.j  1.-0.j -1.+0.j -1.+0.j
  1.-0.j  1.-0.j  1.-0.j  1.-0.j  1.-0.j  1.-0.j  1.-0.j  1.-0.j -1.+0.j -1.+0.j -1.+0.j -1.+0.j  1.-0.j  1.-0.j
  1.-0.j  1.-0.j  1.-0.j  1.-0.j -1.+0.j -1.+0.j -1.+0.j -1.+0.j  1.-0.j  1.-0.j -1.+0.j -1.+0.j -1.+0.j -1.+0.j
 -1.+0.j -1.+0.j -1.+0.j -1.+0.j -1.+0.j -1.+0.j -1.+0.j -1.+0.j  1.-0.j  1.-0.j -1.+0.j -1.+0.j -1.+0.j -1.+0.j
  1.-0.j  1.-0.j  1.-0.j  1.-0.j  1.-0.j  1.-0.j  1.-0.j  1.-0.j -1.+0.j -1.+0.j -1.+0.j -1.+0.j  1.-0.j  1.-0.j
  1.-0.j  1.-0.j -1.+0.j -1.+0.j  1.-0.j  1.-0.j -1.+0.j -1.+0.j -1.+0.j -1.+0.j  1.-0.j  1.-0.j  1.-0.j  1.-0.j
 -1.+0.j -1.+0.j  1.-0.j  1.-0.j  1.-0.j  1.-0.j -1.+0.j -1.+0.j  1.-0.j  1.-0.j -1.+0.j -1.+0.j  1.-0.j  1.-0.j
  1.-0.j  1.-0.j  1.-0.j  1.-0.j -1.+0.j -1.+0.j -1.+0.j -1.+0.j -1.+0.j -1.+0.j -1.+0.j -1.+0.j -1.+0.j -1.+0.j
 -1.+0.j -1.+0.j -1.+0.j -1.+0.j  1.-0.j  1.-0.j  1.-0.j  1.-0.j -1.+0.j -1.+0.j -1.+0.j -1.+0.j -1.+0.j -1.+0.j
 -1.+0.j -1.+0.j -1.+0.j -1.+0.j -1.+0.j -1.+0.j  1.-0.j  1.-0.j  1.-0.j  1.-0.j  1.-0.j  1.-0.j -1.+0.j -1.+0.j
  1.-0.j  1.-0.j -1.+0.j -1.+0.j  1.-0.j  1.-0.j -1.+0.j -1.+0.j -1.+0.j -1.+0.j -1.+0.j -1.+0.j -1.+0.j -1.+0.j
  1.-0.j  1.-0.j -1.+0.j -1.+0.j -1.+0.j -1.+0.j -1.+0.j -1.+0.j -1.+0.j -1.+0.j -1.+0.j -1.+0.j -1.+0.j -1.+0.j
  1.-0.j  1.-0.j -1.+0.j -1.+0.j -1.+0.j -1.+0.j  1.-0.j  1.-0.j -1.+0.j -1.+0.j  1.-0.j  1.-0.j  1.-0.j  1.-0.j
 -1.+0.j -1.+0.j -1.+0.j -1.+0.j -1.+0.j -1.+0.j -1.+0.j -1.+0.j -1.+0.j -1.+0.j  1.-0.j  1.-0.j -1.+0.j -1.+0.j
  1.-0.j  1.-0.j -1.+0.j -1.+0.j  1.-0.j  1.-0.j  1.-0.j  1.-0.j -1.+0.j -1.+0.j -1.+0.j -1.+0.j  1.-0.j  1.-0.j
 -1.+0.j -1.+0.j  1.-0.j  1.-0.j  1.-0.j  1.-0.j -1.+0.j -1.+0.j -1.+0.j -1.+0.j -1.+0.j -1.+0.j -1.+0.j -1.+0.j
 -1.+0.j -1.+0.j -1.+0.j -1.+0.j  1.-0.j  1.-0.j  1.-0.j  1.-0.j -1.+0.j -1.+0.j  1.-0.j  1.-0.j -1.+0.j -1.+0.j
 -1.+0.j -1.+0.j  1.-0.j  1.-0.j -1.+0.j -1.+0.j -1.+0.j -1.+0.j -1.+0.j -1.+0.j -1.+0.j -1.+0.j -1.+0.j -1.+0.j
 -1.+0.j -1.+0.j -1.+0.j -1.+0.j -1.+0.j -1.+0.j -1.+0.j -1.+0.j -1.+0.j -1.+0.j -1.+0.j -1.+0.j -1.+0.j -1.+0.j
  1.+0.j  1.+0.j -1.+0.j -1.+0.j -1.+0.j -1.+0.j -1.+0.j -1.+0.j -1.+0.j -1.+0.j  1.+0.j  1.+0.j  1.+0.j  1.+0.j
 -1.+0.j -1.+0.j -1.+0.j -1.+0.j -1.+0.j -1.+0.j  1.+0.j  1.+0.j  1.+0.j  1.+0.j -1.+0.j -1.+0.j  1.+0.j  1.+0.j
  1.+0.j  1.+0.j  1.+0.j  1.+0.j  1.+0.j  1.+0.j  1.+0.j  1.+0.j  1.+0.j  1.+0.j -1.+0.j -1.+0.j  1.+0.j  1.+0.j
  1.+0.j  1.+0.j -1.+0.j -1.+0.j -1.+0.j -1.+0.j -1.+0.j -1.+0.j -1.+0.j -1.+0.j  1.+0.j  1.+0.j  1.+0.j  1.+0.j
 -1.+0.j -1.+0.j -1.+0.j -1.+0.j  1.+0.j  1.+0.j -1.+0.j -1.+0.j  1.+0.j  1.+0.j  1.+0.j  1.+0.j -1.+0.j -1.+0.j
 -1.+0.j -1.+0.j  1.+0.j  1.+0.j -1.+0.j -1.+0.j -1.+0.j -1.+0.j  1.+0.j  1.+0.j -1.+0.j -1.+0.j  1.+0.j  1.+0.j
 -1.+0.j -1.+0.j -1.+0.j -1.+0.j -1.+0.j -1.+0.j  1.+0.j  1.+0.j  1.+0.j  1.+0.j  1.+0.j  1.+0.j  1.+0.j  1.+0.j
  1.+0.j  1.+0.j  1.+0.j  1.+0.j  1.+0.j  1.+0.j -1.+0.j -1.+0.j -1.+0.j -1.+0.j  1.+0.j  1.+0.j  1.+0.j  1.+0.j
  1.+0.j  1.+0.j  1.+0.j  1.+0.j  1.+0.j  1.+0.j  1.+0.j  1.+0.j -1.+0.j -1.+0.j -1.+0.j -1.+0.j -1.+0.j -1.+0.j
  1.+0.j  1.+0.j -1.+0.j -1.+0.j  1.+0.j  1.+0.j -1.+0.j -1.+0.j  1.+0.j  1.+0.j  1.+0.j  1.+0.j  1.+0.j  1.+0.j
  1.+0.j  1.+0.j -1.+0.j -1.+0.j  1.+0.j  1.+0.j  1.+0.j  1.+0.j  1.+0.j  1.+0.j  1.+0.j  1.+0.j  1.+0.j  1.+0.j
  1.+0.j  1.+0.j -1.+0.j -1.+0.j  1.+0.j  1.+0.j  1.+0.j  1.+0.j -1.+0.j -1.+0.j  1.+0.j  1.+0.j -1.+0.j -1.+0.j
 -1.+0.j -1.+0.j  1.+0.j  1.+0.j  1.+0.j  1.+0.j  1.+0.j  1.+0.j  1.+0.j  1.+0.j  1.+0.j  1.+0.j -1.+0.j -1.+0.j
  1.+0.j  1.+0.j -1.+0.j -1.+0.j  1.+0.j  1.+0.j -1.+0.j -1.+0.j -1.+0.j -1.+0.j  1.+0.j  1.+0.j  1.+0.j  1.+0.j
 -1.+0.j -1.+0.j  1.+0.j  1.+0.j -1.+0.j -1.+0.j -1.+0.j -1.+0.j  1.+0.j  1.+0.j  1.+0.j  1.+0.j  1.+0.j  1.+0.j
  1.+0.j  1.+0.j  1.+0.j  1.+0.j  1.+0.j  1.+0.j -1.+0.j -1.+0.j -1.+0.j -1.+0.j  1.+0.j  1.+0.j -1.+0.j -1.+0.j
  1.+0.j  1.+0.j  1.+0.j  1.+0.j -1.+0.j -1.+0.j -1.+0.j -1.+0.j -1.+0.j -1.+0.j -1.+0.j -1.+0.j -1.+0.j -1.+0.j
 -1.+0.j -1.+0.j -1.+0.j -1.+0.j -1.+0.j -1.+0.j -1.+0.j -1.+0.j -1.+0.j -1.+0.j -1.+0.j -1.+0.j -1.+0.j -1.+0.j
 -1.+0.j -1.+0.j  1.+0.j  1.+0.j -1.+0.j -1.+0.j -1.+0.j -1.+0.j -1.+0.j -1.+0.j -1.+0.j -1.+0.j  1.+0.j  1.+0.j
  1.+0.j  1.+0.j -1.+0.j -1.+0.j -1.+0.j -1.+0.j -1.+0.j -1.+0.j  1.+0.j  1.+0.j  1.+0.j  1.+0.j -1.+0.j -1.+0.j
  1.+0.j  1.+0.j  1.+0.j  1.+0.j  1.+0.j  1.+0.j  1.+0.j  1.+0.j  1.+0.j  1.+0.j  1.+0.j  1.+0.j -1.+0.j -1.+0.j
  1.+0.j  1.+0.j  1.+0.j  1.+0.j -1.+0.j -1.+0.j -1.+0.j -1.+0.j -1.+0.j -1.+0.j -1.+0.j -1.+0.j  1.+0.j  1.+0.j
  1.+0.j  1.+0.j -1.+0.j -1.+0.j -1.+0.j -1.+0.j  1.+0.j  1.+0.j -1.+0.j -1.+0.j  1.+0.j  1.+0.j  1.+0.j  1.+0.j
 -1.+0.j -1.+0.j -1.+0.j -1.+0.j  1.+0.j  1.+0.j -1.+0.j -1.+0.j -1.+0.j -1.+0.j  1.+0.j  1.+0.j -1.+0.j -1.+0.j
  1.+0.j  1.+0.j -1.+0.j -1.+0.j -1.+0.j -1.+0.j -1.+0.j -1.+0.j  1.+0.j  1.+0.j  1.+0.j  1.+0.j  1.+0.j  1.+0.j
  1.+0.j  1.+0.j  1.+0.j  1.+0.j  1.+0.j  1.+0.j  1.+0.j  1.+0.j -1.+0.j -1.+0.j -1.+0.j -1.+0.j  1.+0.j  1.+0.j
  1.+0.j  1.+0.j  1.+0.j  1.+0.j  1.+0.j  1.+0.j  1.+0.j  1.+0.j  1.+0.j  1.+0.j -1.+0.j -1.+0.j -1.+0.j -1.+0.j
 -1.+0.j -1.+0.j  1.+0.j  1.+0.j -1.+0.j -1.+0.j  1.+0.j  1.+0.j -1.+0.j -1.+0.j  1.+0.j  1.+0.j  1.+0.j  1.+0.j
  1.+0.j  1.+0.j  1.+0.j  1.+0.j -1.+0.j -1.+0.j  1.+0.j  1.+0.j  1.+0.j  1.+0.j  1.+0.j  1.+0.j  1.+0.j  1.+0.j
  1.+0.j  1.+0.j  1.+0.j  1.+0.j -1.+0.j -1.+0.j  1.+0.j  1.+0.j  1.+0.j  1.+0.j -1.+0.j -1.+0.j  1.+0.j  1.+0.j
 -1.+0.j -1.+0.j -1.+0.j -1.+0.j  1.+0.j  1.+0.j  1.+0.j  1.+0.j  1.+0.j  1.+0.j  1.+0.j  1.+0.j  1.+0.j  1.+0.j
 -1.+0.j -1.+0.j  1.+0.j  1.+0.j -1.+0.j -1.+0.j  1.+0.j  1.+0.j -1.+0.j -1.+0.j -1.+0.j -1.+0.j  1.+0.j  1.+0.j
  1.+0.j  1.+0.j -1.+0.j -1.+0.j  1.+0.j  1.+0.j -1.+0.j -1.+0.j -1.+0.j -1.+0.j  1.+0.j  1.+0.j  1.+0.j  1.+0.j
  1.+0.j  1.+0.j  1.+0.j  1.+0.j  1.+0.j  1.+0.j  1.+0.j  1.+0.j -1.+0.j -1.+0.j -1.+0.j -1.+0.j  1.+0.j  1.+0.j
 -1.+0.j -1.+0.j  1.+0.j  1.+0.j  1.+0.j  1.+0.j -1.+0.j -1.+0.j -1.+0.j -1.+0.j -1.+0.j -1.+0.j -1.+0.j -1.+0.j
 -1.+0.j -1.+0.j -1.+0.j -1.+0.j -1.+0.j -1.+0.j -1.+0.j -1.+0.j -1.+0.j -1.+0.j -1.+0.j -1.+0.j -1.+0.j -1.+0.j
 -1.+0.j -1.+0.j -1.+0.j -1.+0.j  1.+0.j  1.+0.j -1.+0.j -1.+0.j -1.+0.j -1.+0.j -1.+0.j -1.+0.j -1.+0.j -1.+0.j
  1.+0.j  1.+0.j  1.+0.j  1.+0.j -1.+0.j -1.+0.j -1.+0.j -1.+0.j -1.+0.j -1.+0.j  1.+0.j  1.+0.j  1.+0.j  1.+0.j
 -1.+0.j -1.+0.j  1.+0.j  1.+0.j  1.+0.j  1.+0.j  1.+0.j  1.+0.j  1.+0.j  1.+0.j  1.+0.j  1.+0.j  1.+0.j  1.+0.j
 -1.+0.j -1.+0.j  1.+0.j  1.+0.j  1.+0.j  1.+0.j -1.+0.j -1.+0.j -1.+0.j -1.+0.j -1.+0.j -1.+0.j -1.+0.j -1.+0.j
  1.+0.j  1.+0.j  1.+0.j  1.+0.j -1.+0.j -1.+0.j -1.+0.j -1.+0.j  1.+0.j  1.+0.j -1.+0.j -1.+0.j  1.+0.j  1.+0.j
  1.+0.j  1.+0.j -1.+0.j -1.+0.j -1.+0.j -1.+0.j  1.+0.j  1.+0.j -1.+0.j -1.+0.j -1.+0.j -1.+0.j  1.+0.j  1.+0.j
 -1.+0.j -1.+0.j  1.+0.j  1.+0.j -1.+0.j -1.+0.j -1.+0.j -1.+0.j -1.+0.j -1.+0.j  1.+0.j  1.+0.j  1.+0.j  1.+0.j
  1.+0.j  1.+0.j  1.+0.j  1.+0.j  1.+0.j  1.+0.j  1.+0.j  1.+0.j  1.+0.j  1.+0.j -1.+0.j -1.+0.j -1.+0.j -1.+0.j
  1.+0.j  1.+0.j  1.+0.j  1.+0.j  1.+0.j  1.+0.j  1.+0.j  1.+0.j  1.+0.j  1.+0.j  1.+0.j  1.+0.j -1.+0.j -1.+0.j
 -1.+0.j -1.+0.j -1.+0.j -1.+0.j  1.+0.j  1.+0.j -1.+0.j -1.+0.j  1.+0.j  1.+0.j -1.+0.j -1.+0.j  1.+0.j  1.+0.j
  1.+0.j  1.+0.j  1.+0.j  1.+0.j  1.+0.j  1.+0.j -1.+0.j -1.+0.j  1.+0.j  1.+0.j  1.+0.j  1.+0.j  1.+0.j  1.+0.j
  1.+0.j  1.+0.j  1.+0.j  1.+0.j  1.+0.j  1.+0.j -1.+0.j -1.+0.j  1.+0.j  1.+0.j  1.+0.j  1.+0.j -1.+0.j -1.+0.j
  1.+0.j  1.+0.j -1.+0.j -1.+0.j -1.+0.j -1.+0.j  1.+0.j  1.+0.j  1.+0.j  1.+0.j  1.+0.j  1.+0.j  1.+0.j  1.+0.j
  1.+0.j  1.+0.j -1.+0.j -1.+0.j  1.+0.j  1.+0.j -1.+0.j -1.+0.j  1.+0.j  1.+0.j -1.+0.j -1.+0.j -1.+0.j -1.+0.j
  1.+0.j  1.+0.j  1.+0.j  1.+0.j -1.+0.j -1.+0.j  1.+0.j  1.+0.j -1.+0.j -1.+0.j -1.+0.j -1.+0.j  1.+0.j  1.+0.j
  1.+0.j  1.+0.j  1.+0.j  1.+0.j  1.+0.j  1.+0.j  1.+0.j  1.+0.j  1.+0.j  1.+0.j -1.+0.j -1.+0.j -1.+0.j -1.+0.j
  1.+0.j  1.+0.j -1.+0.j -1.+0.j  1.+0.j  1.+0.j  1.+0.j  1.+0.j -1.+0.j -1.+0.j -1.+0.j -1.+0.j -1.+0.j -1.+0.j
 -1.+0.j -1.+0.j -1.+0.j -1.+0.j -1.+0.j -1.+0.j -1.+0.j -1.+0.j -1.+0.j -1.+0.j -1.+0.j -1.+0.j -1.+0.j -1.+0.j
 -1.+0.j -1.+0.j -1.+0.j -1.+0.j -1.+0.j -1.+0.j  1.+0.j  1.+0.j -1.+0.j -1.+0.j -1.+0.j -1.+0.j -1.+0.j -1.+0.j
 -1.+0.j -1.+0.j  1.+0.j  1.+0.j  1.+0.j  1.+0.j -1.+0.j -1.+0.j -1.+0.j -1.+0.j -1.+0.j -1.+0.j  1.+0.j  1.+0.j
  1.+0.j  1.+0.j -1.+0.j -1.+0.j  1.+0.j  1.+0.j  1.+0.j  1.+0.j  1.+0.j  1.+0.j  1.+0.j  1.+0.j  1.+0.j  1.+0.j
  1.+0.j  1.+0.j -1.+0.j -1.+0.j  1.+0.j  1.+0.j  1.+0.j  1.+0.j -1.+0.j -1.+0.j -1.+0.j -1.+0.j -1.+0.j -1.+0.j
 -1.+0.j -1.+0.j  1.+0.j  1.+0.j  1.+0.j  1.+0.j -1.+0.j -1.+0.j -1.+0.j -1.+0.j  1.+0.j  1.+0.j -1.+0.j -1.+0.j
  1.+0.j  1.+0.j  1.+0.j  1.+0.j -1.+0.j -1.+0.j -1.+0.j -1.+0.j  1.+0.j  1.+0.j -1.+0.j -1.+0.j -1.+0.j -1.+0.j
  1.+0.j  1.+0.j -1.+0.j -1.+0.j  1.+0.j  1.+0.j -1.+0.j -1.+0.j -1.+0.j -1.+0.j -1.+0.j -1.+0.j  1.+0.j  1.+0.j
  1.+0.j  1.+0.j  1.+0.j  1.+0.j  1.+0.j  1.+0.j  1.+0.j  1.+0.j  1.+0.j  1.+0.j  1.+0.j  1.+0.j -1.+0.j -1.+0.j
 -1.+0.j -1.+0.j  1.+0.j  1.+0.j  1.+0.j  1.+0.j  1.+0.j  1.+0.j  1.+0.j  1.+0.j  1.+0.j  1.+0.j  1.+0.j  1.+0.j
 -1.+0.j -1.+0.j -1.+0.j -1.+0.j -1.+0.j -1.+0.j  1.+0.j  1.+0.j -1.+0.j -1.+0.j  1.+0.j  1.+0.j -1.+0.j -1.+0.j
  1.+0.j  1.+0.j  1.+0.j  1.+0.j  1.+0.j  1.+0.j  1.+0.j  1.+0.j -1.+0.j -1.+0.j  1.+0.j  1.+0.j  1.+0.j  1.+0.j
  1.+0.j  1.+0.j  1.+0.j  1.+0.j  1.+0.j  1.+0.j  1.+0.j  1.+0.j -1.+0.j -1.+0.j  1.+0.j  1.+0.j  1.+0.j  1.+0.j
 -1.+0.j -1.+0.j  1.+0.j  1.+0.j -1.+0.j -1.+0.j -1.+0.j -1.+0.j  1.+0.j  1.+0.j  1.+0.j  1.+0.j  1.+0.j  1.+0.j
  1.+0.j  1.+0.j  1.+0.j  1.+0.j -1.+0.j -1.+0.j  1.+0.j  1.+0.j -1.+0.j -1.+0.j  1.+0.j  1.+0.j -1.+0.j -1.+0.j
 -1.+0.j -1.+0.j  1.+0.j  1.+0.j  1.+0.j  1.+0.j -1.+0.j -1.+0.j  1.+0.j  1.+0.j -1.+0.j -1.+0.j -1.+0.j -1.+0.j
  1.+0.j  1.+0.j  1.+0.j  1.+0.j  1.+0.j  1.+0.j  1.+0.j  1.+0.j  1.+0.j  1.+0.j  1.+0.j  1.+0.j -1.+0.j -1.+0.j
 -1.+0.j -1.+0.j  1.+0.j  1.+0.j -1.+0.j -1.+0.j  1.+0.j  1.+0.j  1.+0.j  1.+0.j -1.+0.j -1.+0.j -1.+0.j -1.+0.j
 -1.+0.j -1.+0.j -1.+0.j -1.+0.j -1.+0.j -1.+0.j -1.+0.j -1.+0.j -1.+0.j -1.+0.j -1.+0.j -1.+0.j -1.+0.j -1.+0.j
 -1.+0.j -1.+0.j -1.+0.j -1.+0.j -1.+0.j -1.+0.j -1.+0.j -1.+0.j  1.+0.j  1.+0.j -1.+0.j -1.+0.j -1.+0.j -1.+0.j
 -1.+0.j -1.+0.j -1.+0.j -1.+0.j  1.+0.j  1.+0.j  1.+0.j  1.+0.j -1.+0.j -1.+0.j -1.+0.j -1.+0.j -1.+0.j -1.+0.j
  1.+0.j  1.+0.j  1.+0.j  1.+0.j -1.+0.j -1.+0.j  1.+0.j  1.+0.j  1.+0.j  1.+0.j  1.+0.j  1.+0.j  1.+0.j  1.+0.j
  1.+0.j  1.+0.j  1.+0.j  1.+0.j -1.+0.j -1.+0.j  1.+0.j  1.+0.j  1.+0.j  1.+0.j -1.+0.j -1.+0.j -1.+0.j -1.+0.j
 -1.+0.j -1.+0.j -1.+0.j -1.+0.j  1.+0.j  1.+0.j  1.+0.j  1.+0.j -1.+0.j -1.+0.j -1.+0.j -1.+0.j  1.+0.j  1.+0.j
 -1.+0.j -1.+0.j  1.+0.j  1.+0.j  1.+0.j  1.+0.j -1.+0.j -1.+0.j -1.+0.j -1.+0.j  1.+0.j  1.+0.j -1.+0.j -1.+0.j
 -1.+0.j -1.+0.j  1.+0.j  1.+0.j -1.+0.j -1.+0.j  1.+0.j  1.+0.j -1.+0.j -1.+0.j -1.+0.j -1.+0.j -1.+0.j -1.+0.j
  1.+0.j  1.+0.j  1.+0.j  1.+0.j  1.+0.j  1.+0.j  1.+0.j  1.+0.j  1.+0.j  1.+0.j  1.+0.j  1.+0.j  1.+0.j  1.+0.j
 -1.+0.j -1.+0.j -1.+0.j -1.+0.j  1.+0.j  1.+0.j  1.+0.j  1.+0.j  1.+0.j  1.+0.j  1.+0.j  1.+0.j  1.+0.j  1.+0.j
  1.+0.j  1.+0.j -1.+0.j -1.+0.j -1.+0.j -1.+0.j -1.+0.j -1.+0.j  1.+0.j  1.+0.j -1.+0.j -1.+0.j  1.+0.j  1.+0.j
 -1.+0.j -1.+0.j  1.+0.j  1.+0.j  1.+0.j  1.+0.j  1.+0.j  1.+0.j  1.+0.j  1.+0.j -1.+0.j -1.+0.j  1.+0.j  1.+0.j
  1.+0.j  1.+0.j  1.+0.j  1.+0.j  1.+0.j  1.+0.j  1.+0.j  1.+0.j  1.+0.j  1.+0.j -1.+0.j -1.+0.j  1.+0.j  1.+0.j
  1.+0.j  1.+0.j -1.+0.j -1.+0.j  1.+0.j  1.+0.j -1.+0.j -1.+0.j -1.+0.j -1.+0.j  1.+0.j  1.+0.j  1.+0.j  1.+0.j
  1.+0.j  1.+0.j  1.+0.j  1.+0.j  1.+0.j  1.+0.j -1.+0.j -1.+0.j  1.+0.j  1.+0.j -1.+0.j -1.+0.j  1.+0.j  1.+0.j
 -1.+0.j -1.+0.j -1.+0.j -1.+0.j  1.+0.j  1.+0.j  1.+0.j  1.+0.j -1.+0.j -1.+0.j  1.+0.j  1.+0.j -1.+0.j -1.+0.j
 -1.+0.j -1.+0.j  1.+0.j  1.+0.j  1.+0.j  1.+0.j  1.+0.j  1.+0.j  1.+0.j  1.+0.j  1.+0.j  1.+0.j  1.+0.j  1.+0.j
 -1.+0.j -1.+0.j -1.+0.j -1.+0.j  1.+0.j  1.+0.j -1.+0.j -1.+0.j  1.+0.j  1.+0.j  1.+0.j  1.+0.j -1.+0.j -1.+0.j
 -1.+0.j -1.+0.j -1.+0.j -1.+0.j -1.+0.j -1.+0.j -1.+0.j -1.+0.j -1.+0.j -1.+0.j -1.+0.j -1.+0.j -1.+0.j -1.+0.j
 -1.+0.j -1.+0.j -1.+0.j -1.+0.j -1.+0.j -1.+0.j -1.+0.j -1.+0.j -1.+0.j -1.+0.j  1.+0.j  1.+0.j -1.+0.j -1.+0.j
 -1.+0.j -1.+0.j -1.+0.j -1.+0.j -1.+0.j -1.+0.j  1.+0.j  1.+0.j  1.+0.j  1.+0.j -1.+0.j -1.+0.j -1.+0.j -1.+0.j
 -1.+0.j -1.+0.j  1.+0.j  1.+0.j  1.+0.j  1.+0.j -1.+0.j -1.+0.j  1.+0.j  1.+0.j  1.+0.j  1.+0.j  1.+0.j  1.+0.j
  1.+0.j  1.+0.j  1.+0.j  1.+0.j  1.+0.j  1.+0.j -1.+0.j -1.+0.j  1.+0.j  1.+0.j  1.+0.j  1.+0.j -1.+0.j -1.+0.j
 -1.+0.j -1.+0.j -1.+0.j -1.+0.j -1.+0.j -1.+0.j  1.+0.j  1.+0.j  1.+0.j  1.+0.j -1.+0.j -1.+0.j -1.+0.j -1.+0.j
  1.+0.j  1.+0.j -1.+0.j -1.+0.j  1.+0.j  1.+0.j  1.+0.j  1.+0.j -1.+0.j -1.+0.j -1.+0.j -1.+0.j  1.+0.j  1.+0.j
 -1.+0.j -1.+0.j -1.+0.j -1.+0.j  1.+0.j  1.+0.j -1.+0.j -1.+0.j  1.+0.j  1.+0.j -1.+0.j -1.+0.j -1.+0.j -1.+0.j
 -1.+0.j -1.+0.j  1.+0.j  1.+0.j  1.+0.j  1.+0.j  1.+0.j  1.+0.j  1.+0.j  1.+0.j  1.+0.j  1.+0.j  1.+0.j  1.+0.j
  1.+0.j  1.+0.j -1.+0.j -1.+0.j -1.+0.j -1.+0.j  1.+0.j  1.+0.j  1.+0.j  1.+0.j  1.+0.j  1.+0.j  1.+0.j  1.+0.j
  1.+0.j  1.+0.j  1.+0.j  1.+0.j -1.+0.j -1.+0.j -1.+0.j -1.+0.j -1.+0.j -1.+0.j  1.+0.j  1.+0.j -1.+0.j -1.+0.j
  1.+0.j  1.+0.j -1.+0.j -1.+0.j  1.+0.j  1.+0.j  1.+0.j  1.+0.j  1.+0.j  1.+0.j  1.+0.j  1.+0.j -1.+0.j -1.+0.j
  1.+0.j  1.+0.j  1.+0.j  1.+0.j  1.+0.j  1.+0.j  1.+0.j  1.+0.j  1.+0.j  1.+0.j  1.+0.j  1.+0.j -1.+0.j -1.+0.j
  1.+0.j  1.+0.j  1.+0.j  1.+0.j -1.+0.j -1.+0.j  1.+0.j  1.+0.j -1.+0.j -1.+0.j -1.+0.j -1.+0.j  1.+0.j  1.+0.j
  1.+0.j  1.+0.j  1.+0.j  1.+0.j  1.+0.j  1.+0.j  1.+0.j  1.+0.j -1.+0.j -1.+0.j  1.+0.j  1.+0.j -1.+0.j -1.+0.j
  1.+0.j  1.+0.j -1.+0.j -1.+0.j -1.+0.j -1.+0.j  1.+0.j  1.+0.j  1.+0.j  1.+0.j -1.+0.j -1.+0.j  1.+0.j  1.+0.j
 -1.+0.j -1.+0.j -1.+0.j -1.+0.j  1.+0.j  1.+0.j  1.+0.j  1.+0.j  1.+0.j  1.+0.j  1.+0.j  1.+0.j  1.+0.j  1.+0.j
  1.+0.j  1.+0.j -1.+0.j -1.+0.j -1.+0.j -1.+0.j  1.+0.j  1.+0.j -1.+0.j -1.+0.j  1.+0.j  1.+0.j  1.+0.j  1.+0.j
 -1.+0.j -1.+0.j  1.-0.j  1.-0.j  1.-0.j  1.-0.j  1.-0.j  1.-0.j  1.-0.j  1.-0.j  1.-0.j  1.-0.j  1.-0.j  1.-0.j
  1.-0.j  1.-0.j  1.-0.j  1.-0.j  1.-0.j  1.-0.j  1.-0.j  1.-0.j  1.-0.j  1.-0.j  1.-0.j  1.-0.j -1.+0.j -1.+0.j
  1.-0.j  1.-0.j  1.-0.j  1.-0.j  1.-0.j  1.-0.j  1.-0.j  1.-0.j -1.+0.j -1.+0.j -1.+0.j -1.+0.j  1.-0.j  1.-0.j
  1.-0.j  1.-0.j  1.-0.j  1.-0.j -1.+0.j -1.+0.j -1.+0.j -1.+0.j  1.-0.j  1.-0.j -1.+0.j -1.+0.j -1.+0.j -1.+0.j
 -1.+0.j -1.+0.j -1.+0.j -1.+0.j -1.+0.j -1.+0.j -1.+0.j -1.+0.j  1.-0.j  1.-0.j -1.+0.j -1.+0.j -1.+0.j -1.+0.j
  1.-0.j  1.-0.j  1.-0.j  1.-0.j  1.-0.j  1.-0.j  1.-0.j  1.-0.j -1.+0.j -1.+0.j -1.+0.j -1.+0.j  1.-0.j  1.-0.j
  1.-0.j  1.-0.j -1.+0.j -1.+0.j  1.-0.j  1.-0.j -1.+0.j -1.+0.j -1.+0.j -1.+0.j  1.-0.j  1.-0.j  1.-0.j  1.-0.j
 -1.+0.j -1.+0.j  1.-0.j  1.-0.j  1.-0.j  1.-0.j -1.+0.j -1.+0.j  1.-0.j  1.-0.j -1.+0.j -1.+0.j  1.-0.j  1.-0.j
  1.-0.j  1.-0.j  1.-0.j  1.-0.j -1.+0.j -1.+0.j -1.+0.j -1.+0.j -1.+0.j -1.+0.j -1.+0.j -1.+0.j -1.+0.j -1.+0.j
 -1.+0.j -1.+0.j -1.+0.j -1.+0.j  1.-0.j  1.-0.j  1.-0.j  1.-0.j -1.+0.j -1.+0.j -1.+0.j -1.+0.j -1.+0.j -1.+0.j
 -1.+0.j -1.+0.j -1.+0.j -1.+0.j -1.+0.j -1.+0.j  1.-0.j  1.-0.j  1.-0.j  1.-0.j  1.-0.j  1.-0.j -1.+0.j -1.+0.j
  1.-0.j  1.-0.j -1.+0.j -1.+0.j  1.-0.j  1.-0.j -1.+0.j -1.+0.j -1.+0.j -1.+0.j -1.+0.j -1.+0.j -1.+0.j -1.+0.j
  1.-0.j  1.-0.j -1.+0.j -1.+0.j -1.+0.j -1.+0.j -1.+0.j -1.+0.j -1.+0.j -1.+0.j -1.+0.j -1.+0.j -1.+0.j -1.+0.j
  1.-0.j  1.-0.j -1.+0.j -1.+0.j -1.+0.j -1.+0.j  1.-0.j  1.-0.j -1.+0.j -1.+0.j  1.-0.j  1.-0.j  1.-0.j  1.-0.j
 -1.+0.j -1.+0.j -1.+0.j -1.+0.j -1.+0.j -1.+0.j -1.+0.j -1.+0.j -1.+0.j -1.+0.j  1.-0.j  1.-0.j -1.+0.j -1.+0.j
  1.-0.j  1.-0.j -1.+0.j -1.+0.j  1.-0.j  1.-0.j  1.-0.j  1.-0.j -1.+0.j -1.+0.j -1.+0.j -1.+0.j  1.-0.j  1.-0.j
 -1.+0.j -1.+0.j  1.-0.j  1.-0.j  1.-0.j  1.-0.j -1.+0.j -1.+0.j -1.+0.j -1.+0.j -1.+0.j -1.+0.j -1.+0.j -1.+0.j
 -1.+0.j -1.+0.j -1.+0.j -1.+0.j  1.-0.j  1.-0.j  1.-0.j  1.-0.j -1.+0.j -1.+0.j  1.-0.j  1.-0.j -1.+0.j -1.+0.j
 -1.+0.j -1.+0.j  1.-0.j  1.-0.j  1.-0.j  1.-0.j  1.-0.j  1.-0.j  1.-0.j  1.-0.j  1.-0.j  1.-0.j  1.-0.j  1.-0.j
  1.-0.j  1.-0.j  1.-0.j  1.-0.j  1.-0.j  1.-0.j  1.-0.j  1.-0.j  1.-0.j  1.-0.j  1.-0.j  1.-0.j  1.-0.j  1.-0.j
 -1.+0.j -1.+0.j  1.-0.j  1.-0.j  1.-0.j  1.-0.j  1.-0.j  1.-0.j  1.-0.j  1.-0.j -1.+0.j -1.+0.j -1.+0.j -1.+0.j
  1.-0.j  1.-0.j  1.-0.j  1.-0.j  1.-0.j  1.-0.j -1.+0.j -1.+0.j -1.+0.j -1.+0.j  1.-0.j  1.-0.j -1.+0.j -1.+0.j
 -1.+0.j -1.+0.j -1.+0.j -1.+0.j -1.+0.j -1.+0.j -1.+0.j -1.+0.j -1.+0.j -1.+0.j  1.-0.j  1.-0.j -1.+0.j -1.+0.j
 -1.+0.j -1.+0.j  1.-0.j  1.-0.j  1.-0.j  1.-0.j  1.-0.j  1.-0.j  1.-0.j  1.-0.j -1.+0.j -1.+0.j -1.+0.j -1.+0.j
  1.-0.j  1.-0.j  1.-0.j  1.-0.j -1.+0.j -1.+0.j  1.-0.j  1.-0.j -1.+0.j -1.+0.j -1.+0.j -1.+0.j  1.-0.j  1.-0.j
  1.-0.j  1.-0.j -1.+0.j -1.+0.j  1.-0.j  1.-0.j  1.-0.j  1.-0.j -1.+0.j -1.+0.j  1.-0.j  1.-0.j -1.+0.j -1.+0.j
  1.-0.j  1.-0.j  1.-0.j  1.-0.j  1.-0.j  1.-0.j -1.+0.j -1.+0.j -1.+0.j -1.+0.j -1.+0.j -1.+0.j -1.+0.j -1.+0.j
 -1.+0.j -1.+0.j -1.+0.j -1.+0.j -1.+0.j -1.+0.j  1.-0.j  1.-0.j  1.-0.j  1.-0.j -1.+0.j -1.+0.j -1.+0.j -1.+0.j
 -1.+0.j -1.+0.j -1.+0.j -1.+0.j -1.+0.j -1.+0.j -1.+0.j -1.+0.j  1.-0.j  1.-0.j  1.-0.j  1.-0.j  1.-0.j  1.-0.j
 -1.+0.j -1.+0.j  1.-0.j  1.-0.j -1.+0.j -1.+0.j  1.-0.j  1.-0.j -1.+0.j -1.+0.j -1.+0.j -1.+0.j -1.+0.j -1.+0.j
 -1.+0.j -1.+0.j  1.-0.j  1.-0.j -1.+0.j -1.+0.j -1.+0.j -1.+0.j -1.+0.j -1.+0.j -1.+0.j -1.+0.j -1.+0.j -1.+0.j
 -1.+0.j -1.+0.j  1.-0.j  1.-0.j -1.+0.j -1.+0.j -1.+0.j -1.+0.j  1.-0.j  1.-0.j -1.+0.j -1.+0.j  1.-0.j  1.-0.j
  1.-0.j  1.-0.j -1.+0.j -1.+0.j -1.+0.j -1.+0.j -1.+0.j -1.+0.j -1.+0.j -1.+0.j -1.+0.j -1.+0.j  1.-0.j  1.-0.j
 -1.+0.j -1.+0.j  1.-0.j  1.-0.j -1.+0.j -1.+0.j  1.-0.j  1.-0.j  1.-0.j  1.-0.j -1.+0.j -1.+0.j -1.+0.j -1.+0.j
  1.-0.j  1.-0.j -1.+0.j -1.+0.j  1.-0.j  1.-0.j  1.-0.j  1.-0.j -1.+0.j -1.+0.j -1.+0.j -1.+0.j -1.+0.j -1.+0.j
 -1.+0.j -1.+0.j -1.+0.j -1.+0.j -1.+0.j -1.+0.j  1.-0.j  1.-0.j  1.-0.j  1.-0.j -1.+0.j -1.+0.j  1.-0.j  1.-0.j
 -1.+0.j -1.+0.j -1.+0.j -1.+0.j  1.-0.j  1.-0.j  1.-0.j  1.-0.j  1.-0.j  1.-0.j  1.-0.j  1.-0.j  1.-0.j  1.-0.j
  1.-0.j  1.-0.j  1.-0.j  1.-0.j  1.-0.j  1.-0.j  1.-0.j  1.-0.j  1.-0.j  1.-0.j  1.-0.j  1.-0.j  1.-0.j  1.-0.j
  1.-0.j  1.-0.j -1.+0.j -1.+0.j  1.-0.j  1.-0.j  1.-0.j  1.-0.j  1.-0.j  1.-0.j  1.-0.j  1.-0.j -1.+0.j -1.+0.j
 -1.+0.j -1.+0.j  1.-0.j  1.-0.j  1.-0.j  1.-0.j  1.-0.j  1.-0.j -1.+0.j -1.+0.j -1.+0.j -1.+0.j  1.-0.j  1.-0.j
 -1.+0.j -1.+0.j -1.+0.j -1.+0.j -1.+0.j -1.+0.j -1.+0.j -1.+0.j -1.+0.j -1.+0.j -1.+0.j -1.+0.j  1.-0.j  1.-0.j
 -1.+0.j -1.+0.j -1.+0.j -1.+0.j  1.-0.j  1.-0.j  1.-0.j  1.-0.j  1.-0.j  1.-0.j  1.-0.j  1.-0.j -1.+0.j -1.+0.j
 -1.+0.j -1.+0.j  1.-0.j  1.-0.j  1.-0.j  1.-0.j -1.+0.j -1.+0.j  1.-0.j  1.-0.j -1.+0.j -1.+0.j -1.+0.j -1.+0.j
  1.-0.j  1.-0.j  1.-0.j  1.-0.j -1.+0.j -1.+0.j  1.-0.j  1.-0.j  1.-0.j  1.-0.j -1.+0.j -1.+0.j  1.-0.j  1.-0.j
 -1.+0.j -1.+0.j  1.-0.j  1.-0.j  1.-0.j  1.-0.j  1.-0.j  1.-0.j -1.+0.j -1.+0.j -1.+0.j -1.+0.j -1.+0.j -1.+0.j
 -1.+0.j -1.+0.j -1.+0.j -1.+0.j -1.+0.j -1.+0.j -1.+0.j -1.+0.j  1.-0.j  1.-0.j  1.-0.j  1.-0.j -1.+0.j -1.+0.j
 -1.+0.j -1.+0.j -1.+0.j -1.+0.j -1.+0.j -1.+0.j -1.+0.j -1.+0.j -1.+0.j -1.+0.j  1.-0.j  1.-0.j  1.-0.j  1.-0.j
  1.-0.j  1.-0.j -1.+0.j -1.+0.j  1.-0.j  1.-0.j -1.+0.j -1.+0.j  1.-0.j  1.-0.j -1.+0.j -1.+0.j -1.+0.j -1.+0.j
 -1.+0.j -1.+0.j -1.+0.j -1.+0.j  1.-0.j  1.-0.j -1.+0.j -1.+0.j -1.+0.j -1.+0.j -1.+0.j -1.+0.j -1.+0.j -1.+0.j
 -1.+0.j -1.+0.j -1.+0.j -1.+0.j  1.-0.j  1.-0.j -1.+0.j -1.+0.j -1.+0.j -1.+0.j  1.-0.j  1.-0.j -1.+0.j -1.+0.j
  1.-0.j  1.-0.j  1.-0.j  1.-0.j -1.+0.j -1.+0.j -1.+0.j -1.+0.j -1.+0.j -1.+0.j -1.+0.j -1.+0.j -1.+0.j -1.+0.j
  1.-0.j  1.-0.j -1.+0.j -1.+0.j  1.-0.j  1.-0.j -1.+0.j -1.+0.j  1.-0.j  1.-0.j  1.-0.j  1.-0.j -1.+0.j -1.+0.j
 -1.+0.j -1.+0.j  1.-0.j  1.-0.j -1.+0.j -1.+0.j  1.-0.j  1.-0.j  1.-0.j  1.-0.j -1.+0.j -1.+0.j -1.+0.j -1.+0.j
 -1.+0.j -1.+0.j -1.+0.j -1.+0.j -1.+0.j -1.+0.j -1.+0.j -1.+0.j  1.-0.j  1.-0.j  1.-0.j  1.-0.j -1.+0.j -1.+0.j
  1.-0.j  1.-0.j -1.+0.j -1.+0.j -1.+0.j -1.+0.j  1.-0.j  1.-0.j  1.-0.j  1.-0.j  1.-0.j  1.-0.j  1.-0.j  1.-0.j
  1.-0.j  1.-0.j  1.-0.j  1.-0.j  1.-0.j  1.-0.j  1.-0.j  1.-0.j  1.-0.j  1.-0.j  1.-0.j  1.-0.j  1.-0.j  1.-0.j
  1.-0.j  1.-0.j  1.-0.j  1.-0.j -1.+0.j -1.+0.j  1.-0.j  1.-0.j  1.-0.j  1.-0.j  1.-0.j  1.-0.j  1.-0.j  1.-0.j
 -1.+0.j -1.+0.j -1.+0.j -1.+0.j  1.-0.j  1.-0.j  1.-0.j  1.-0.j  1.-0.j  1.-0.j -1.+0.j -1.+0.j -1.+0.j -1.+0.j
  1.-0.j  1.-0.j -1.+0.j -1.+0.j -1.+0.j -1.+0.j -1.+0.j -1.+0.j -1.+0.j -1.+0.j -1.+0.j -1.+0.j -1.+0.j -1.+0.j
  1.-0.j  1.-0.j -1.+0.j -1.+0.j -1.+0.j -1.+0.j  1.-0.j  1.-0.j  1.-0.j  1.-0.j  1.-0.j  1.-0.j  1.-0.j  1.-0.j
 -1.+0.j -1.+0.j -1.+0.j -1.+0.j  1.-0.j  1.-0.j  1.-0.j  1.-0.j -1.+0.j -1.+0.j  1.-0.j  1.-0.j -1.+0.j -1.+0.j
 -1.+0.j -1.+0.j  1.-0.j  1.-0.j  1.-0.j  1.-0.j -1.+0.j -1.+0.j  1.-0.j  1.-0.j  1.-0.j  1.-0.j -1.+0.j -1.+0.j
  1.-0.j  1.-0.j -1.+0.j -1.+0.j  1.-0.j  1.-0.j  1.-0.j  1.-0.j  1.-0.j  1.-0.j -1.+0.j -1.+0.j -1.+0.j -1.+0.j
 -1.+0.j -1.+0.j -1.+0.j -1.+0.j -1.+0.j -1.+0.j -1.+0.j -1.+0.j -1.+0.j -1.+0.j  1.-0.j  1.-0.j  1.-0.j  1.-0.j
 -1.+0.j -1.+0.j -1.+0.j -1.+0.j -1.+0.j -1.+0.j -1.+0.j -1.+0.j -1.+0.j -1.+0.j -1.+0.j -1.+0.j  1.-0.j  1.-0.j
  1.-0.j  1.-0.j  1.-0.j  1.-0.j -1.+0.j -1.+0.j  1.-0.j  1.-0.j -1.+0.j -1.+0.j  1.-0.j  1.-0.j -1.+0.j -1.+0.j
 -1.+0.j -1.+0.j -1.+0.j -1.+0.j -1.+0.j -1.+0.j  1.-0.j  1.-0.j -1.+0.j -1.+0.j -1.+0.j -1.+0.j -1.+0.j -1.+0.j
 -1.+0.j -1.+0.j -1.+0.j -1.+0.j -1.+0.j -1.+0.j  1.-0.j  1.-0.j -1.+0.j -1.+0.j -1.+0.j -1.+0.j  1.-0.j  1.-0.j
 -1.+0.j -1.+0.j  1.-0.j  1.-0.j  1.-0.j  1.-0.j -1.+0.j -1.+0.j -1.+0.j -1.+0.j -1.+0.j -1.+0.j -1.+0.j -1.+0.j
 -1.+0.j -1.+0.j  1.-0.j  1.-0.j -1.+0.j -1.+0.j  1.-0.j  1.-0.j -1.+0.j -1.+0.j  1.-0.j  1.-0.j  1.-0.j  1.-0.j
 -1.+0.j -1.+0.j -1.+0.j -1.+0.j  1.-0.j  1.-0.j -1.+0.j -1.+0.j  1.-0.j  1.-0.j  1.-0.j  1.-0.j -1.+0.j -1.+0.j
 -1.+0.j -1.+0.j -1.+0.j -1.+0.j -1.+0.j -1.+0.j -1.+0.j -1.+0.j -1.+0.j -1.+0.j  1.-0.j  1.-0.j  1.-0.j  1.-0.j
 -1.+0.j -1.+0.j  1.-0.j  1.-0.j -1.+0.j -1.+0.j -1.+0.j -1.+0.j  1.-0.j  1.-0.j  1.-0.j  1.-0.j  1.-0.j  1.-0.j
  1.-0.j  1.-0.j  1.-0.j  1.-0.j  1.-0.j  1.-0.j  1.-0.j  1.-0.j  1.-0.j  1.-0.j  1.-0.j  1.-0.j  1.-0.j  1.-0.j
  1.-0.j  1.-0.j  1.-0.j  1.-0.j  1.-0.j  1.-0.j -1.+0.j -1.+0.j  1.-0.j  1.-0.j  1.-0.j  1.-0.j  1.-0.j  1.-0.j
  1.-0.j  1.-0.j -1.+0.j -1.+0.j -1.+0.j -1.+0.j  1.-0.j  1.-0.j  1.-0.j  1.-0.j  1.-0.j  1.-0.j -1.+0.j -1.+0.j
 -1.+0.j -1.+0.j  1.-0.j  1.-0.j -1.+0.j -1.+0.j -1.+0.j -1.+0.j -1.+0.j -1.+0.j -1.+0.j -1.+0.j -1.+0.j -1.+0.j
 -1.+0.j -1.+0.j  1.-0.j  1.-0.j -1.+0.j -1.+0.j -1.+0.j -1.+0.j  1.-0.j  1.-0.j  1.-0.j  1.-0.j  1.-0.j  1.-0.j
  1.-0.j  1.-0.j -1.+0.j -1.+0.j -1.+0.j -1.+0.j  1.-0.j  1.-0.j  1.-0.j  1.-0.j -1.+0.j -1.+0.j  1.-0.j  1.-0.j
 -1.+0.j -1.+0.j -1.+0.j -1.+0.j  1.-0.j  1.-0.j  1.-0.j  1.-0.j -1.+0.j -1.+0.j  1.-0.j  1.-0.j  1.-0.j  1.-0.j
 -1.+0.j -1.+0.j  1.-0.j  1.-0.j -1.+0.j -1.+0.j  1.-0.j  1.-0.j  1.-0.j  1.-0.j  1.-0.j  1.-0.j -1.+0.j -1.+0.j
 -1.+0.j -1.+0.j -1.+0.j -1.+0.j -1.+0.j -1.+0.j -1.+0.j -1.+0.j -1.+0.j -1.+0.j -1.+0.j -1.+0.j  1.-0.j  1.-0.j
  1.-0.j  1.-0.j -1.+0.j -1.+0.j -1.+0.j -1.+0.j -1.+0.j -1.+0.j -1.+0.j -1.+0.j -1.+0.j -1.+0.j -1.+0.j -1.+0.j
  1.-0.j  1.-0.j  1.-0.j  1.-0.j  1.-0.j  1.-0.j -1.+0.j -1.+0.j  1.-0.j  1.-0.j -1.+0.j -1.+0.j  1.-0.j  1.-0.j
 -1.+0.j -1.+0.j -1.+0.j -1.+0.j -1.+0.j -1.+0.j -1.+0.j -1.+0.j  1.-0.j  1.-0.j -1.+0.j -1.+0.j -1.+0.j -1.+0.j
 -1.+0.j -1.+0.j -1.+0.j -1.+0.j -1.+0.j -1.+0.j -1.+0.j -1.+0.j  1.-0.j  1.-0.j -1.+0.j -1.+0.j -1.+0.j -1.+0.j
  1.-0.j  1.-0.j -1.+0.j -1.+0.j  1.-0.j  1.-0.j  1.-0.j  1.-0.j -1.+0.j -1.+0.j -1.+0.j -1.+0.j -1.+0.j -1.+0.j
 -1.+0.j -1.+0.j -1.+0.j -1.+0.j  1.-0.j  1.-0.j -1.+0.j -1.+0.j  1.-0.j  1.-0.j -1.+0.j -1.+0.j  1.-0.j  1.-0.j
  1.-0.j  1.-0.j -1.+0.j -1.+0.j -1.+0.j -1.+0.j  1.-0.j  1.-0.j -1.+0.j -1.+0.j  1.-0.j  1.-0.j  1.-0.j  1.-0.j
 -1.+0.j -1.+0.j -1.+0.j -1.+0.j -1.+0.j -1.+0.j -1.+0.j -1.+0.j -1.+0.j -1.+0.j -1.+0.j -1.+0.j  1.-0.j  1.-0.j
  1.-0.j  1.-0.j -1.+0.j -1.+0.j  1.-0.j  1.-0.j -1.+0.j -1.+0.j -1.+0.j -1.+0.j  1.-0.j  1.-0.j  1.-0.j  1.-0.j
  1.-0.j  1.-0.j  1.-0.j  1.-0.j  1.-0.j  1.-0.j  1.-0.j  1.-0.j  1.-0.j  1.-0.j  1.-0.j  1.-0.j  1.-0.j  1.-0.j
  1.-0.j  1.-0.j  1.-0.j  1.-0.j  1.-0.j  1.-0.j  1.-0.j  1.-0.j -1.+0.j -1.+0.j  1.-0.j  1.-0.j  1.-0.j  1.-0.j
  1.-0.j  1.-0.j  1.-0.j  1.-0.j -1.+0.j -1.+0.j -1.+0.j -1.+0.j  1.-0.j  1.-0.j  1.-0.j  1.-0.j  1.-0.j  1.-0.j
 -1.+0.j -1.+0.j -1.+0.j -1.+0.j  1.-0.j  1.-0.j -1.+0.j -1.+0.j -1.+0.j -1.+0.j -1.+0.j -1.+0.j -1.+0.j -1.+0.j
 -1.+0.j -1.+0.j -1.+0.j -1.+0.j  1.-0.j  1.-0.j -1.+0.j -1.+0.j -1.+0.j -1.+0.j  1.-0.j  1.-0.j  1.-0.j  1.-0.j
  1.-0.j  1.-0.j  1.-0.j  1.-0.j -1.+0.j -1.+0.j -1.+0.j -1.+0.j  1.-0.j  1.-0.j  1.-0.j  1.-0.j -1.+0.j -1.+0.j
  1.-0.j  1.-0.j -1.+0.j -1.+0.j -1.+0.j -1.+0.j  1.-0.j  1.-0.j  1.-0.j  1.-0.j -1.+0.j -1.+0.j  1.-0.j  1.-0.j
  1.-0.j  1.-0.j -1.+0.j -1.+0.j  1.-0.j  1.-0.j -1.+0.j -1.+0.j  1.-0.j  1.-0.j  1.-0.j  1.-0.j  1.-0.j  1.-0.j
 -1.+0.j -1.+0.j -1.+0.j -1.+0.j -1.+0.j -1.+0.j -1.+0.j -1.+0.j -1.+0.j -1.+0.j -1.+0.j -1.+0.j -1.+0.j -1.+0.j
  1.-0.j  1.-0.j  1.-0.j  1.-0.j -1.+0.j -1.+0.j -1.+0.j -1.+0.j -1.+0.j -1.+0.j -1.+0.j -1.+0.j -1.+0.j -1.+0.j
 -1.+0.j -1.+0.j  1.-0.j  1.-0.j  1.-0.j  1.-0.j  1.-0.j  1.-0.j -1.+0.j -1.+0.j  1.-0.j  1.-0.j -1.+0.j -1.+0.j
  1.-0.j  1.-0.j -1.+0.j -1.+0.j -1.+0.j -1.+0.j -1.+0.j -1.+0.j -1.+0.j -1.+0.j  1.-0.j  1.-0.j -1.+0.j -1.+0.j
 -1.+0.j -1.+0.j -1.+0.j -1.+0.j -1.+0.j -1.+0.j -1.+0.j -1.+0.j -1.+0.j -1.+0.j  1.-0.j  1.-0.j -1.+0.j -1.+0.j
 -1.+0.j -1.+0.j  1.-0.j  1.-0.j -1.+0.j -1.+0.j  1.-0.j  1.-0.j  1.-0.j  1.-0.j -1.+0.j -1.+0.j -1.+0.j -1.+0.j
 -1.+0.j -1.+0.j -1.+0.j -1.+0.j -1.+0.j -1.+0.j  1.-0.j  1.-0.j -1.+0.j -1.+0.j  1.-0.j  1.-0.j -1.+0.j -1.+0.j
  1.-0.j  1.-0.j  1.-0.j  1.-0.j -1.+0.j -1.+0.j -1.+0.j -1.+0.j  1.-0.j  1.-0.j -1.+0.j -1.+0.j  1.-0.j  1.-0.j
  1.-0.j  1.-0.j -1.+0.j -1.+0.j -1.+0.j -1.+0.j -1.+0.j -1.+0.j -1.+0.j -1.+0.j -1.+0.j -1.+0.j -1.+0.j -1.+0.j
  1.-0.j  1.-0.j  1.-0.j  1.-0.j -1.+0.j -1.+0.j  1.-0.j  1.-0.j -1.+0.j -1.+0.j -1.+0.j -1.+0.j  1.-0.j  1.-0.j
  1.-0.j  1.-0.j  1.-0.j  1.-0.j  1.-0.j  1.-0.j  1.-0.j  1.-0.j  1.-0.j  1.-0.j  1.-0.j  1.-0.j  1.-0.j  1.-0.j
  1.-0.j  1.-0.j  1.-0.j  1.-0.j  1.-0.j  1.-0.j  1.-0.j  1.-0.j  1.-0.j  1.-0.j -1.+0.j -1.+0.j  1.-0.j  1.-0.j
  1.-0.j  1.-0.j  1.-0.j  1.-0.j  1.-0.j  1.-0.j -1.+0.j -1.+0.j -1.+0.j -1.+0.j  1.-0.j  1.-0.j  1.-0.j  1.-0.j
  1.-0.j  1.-0.j -1.+0.j -1.+0.j -1.+0.j -1.+0.j  1.-0.j  1.-0.j -1.+0.j -1.+0.j -1.+0.j -1.+0.j -1.+0.j -1.+0.j
 -1.+0.j -1.+0.j -1.+0.j -1.+0.j -1.+0.j -1.+0.j  1.-0.j  1.-0.j -1.+0.j -1.+0.j -1.+0.j -1.+0.j  1.-0.j  1.-0.j
  1.-0.j  1.-0.j  1.-0.j  1.-0.j  1.-0.j  1.-0.j -1.+0.j -1.+0.j -1.+0.j -1.+0.j  1.-0.j  1.-0.j  1.-0.j  1.-0.j
 -1.+0.j -1.+0.j  1.-0.j  1.-0.j -1.+0.j -1.+0.j -1.+0.j -1.+0.j  1.-0.j  1.-0.j  1.-0.j  1.-0.j -1.+0.j -1.+0.j
  1.-0.j  1.-0.j  1.-0.j  1.-0.j -1.+0.j -1.+0.j  1.-0.j  1.-0.j -1.+0.j -1.+0.j  1.-0.j  1.-0.j  1.-0.j  1.-0.j
  1.-0.j  1.-0.j -1.+0.j -1.+0.j -1.+0.j -1.+0.j -1.+0.j -1.+0.j -1.+0.j -1.+0.j -1.+0.j -1.+0.j -1.+0.j -1.+0.j
 -1.+0.j -1.+0.j  1.-0.j  1.-0.j  1.-0.j  1.-0.j -1.+0.j -1.+0.j -1.+0.j -1.+0.j -1.+0.j -1.+0.j -1.+0.j -1.+0.j
 -1.+0.j -1.+0.j -1.+0.j -1.+0.j  1.-0.j  1.-0.j  1.-0.j  1.-0.j  1.-0.j  1.-0.j -1.+0.j -1.+0.j  1.-0.j  1.-0.j
 -1.+0.j -1.+0.j  1.-0.j  1.-0.j -1.+0.j -1.+0.j -1.+0.j -1.+0.j -1.+0.j -1.+0.j -1.+0.j -1.+0.j  1.-0.j  1.-0.j
 -1.+0.j -1.+0.j -1.+0.j -1.+0.j -1.+0.j -1.+0.j -1.+0.j -1.+0.j -1.+0.j -1.+0.j -1.+0.j -1.+0.j  1.-0.j  1.-0.j
 -1.+0.j -1.+0.j -1.+0.j -1.+0.j  1.-0.j  1.-0.j -1.+0.j -1.+0.j  1.-0.j  1.-0.j  1.-0.j  1.-0.j -1.+0.j -1.+0.j
 -1.+0.j -1.+0.j -1.+0.j -1.+0.j -1.+0.j -1.+0.j -1.+0.j -1.+0.j  1.-0.j  1.-0.j -1.+0.j -1.+0.j  1.-0.j  1.-0.j
 -1.+0.j -1.+0.j  1.-0.j  1.-0.j  1.-0.j  1.-0.j -1.+0.j -1.+0.j -1.+0.j -1.+0.j  1.-0.j  1.-0.j -1.+0.j -1.+0.j
  1.-0.j  1.-0.j  1.-0.j  1.-0.j -1.+0.j -1.+0.j -1.+0.j -1.+0.j -1.+0.j -1.+0.j -1.+0.j -1.+0.j -1.+0.j -1.+0.j
 -1.+0.j -1.+0.j  1.-0.j  1.-0.j  1.-0.j  1.-0.j -1.+0.j -1.+0.j  1.-0.j  1.-0.j -1.+0.j -1.+0.j -1.+0.j -1.+0.j
  1.-0.j  1.-0.j  1.-0.j  1.-0.j  1.-0.j  1.-0.j  1.-0.j  1.-0.j  1.-0.j  1.-0.j  1.-0.j  1.-0.j  1.-0.j  1.-0.j
  1.-0.j  1.-0.j  1.-0.j  1.-0.j  1.-0.j  1.-0.j  1.-0.j  1.-0.j  1.-0.j  1.-0.j  1.-0.j  1.-0.j -1.+0.j -1.+0.j
  1.-0.j  1.-0.j  1.-0.j  1.-0.j  1.-0.j  1.-0.j  1.-0.j  1.-0.j -1.+0.j -1.+0.j -1.+0.j -1.+0.j  1.-0.j  1.-0.j
  1.-0.j  1.-0.j  1.-0.j  1.-0.j -1.+0.j -1.+0.j -1.+0.j -1.+0.j  1.-0.j  1.-0.j -1.+0.j -1.+0.j -1.+0.j -1.+0.j
 -1.+0.j -1.+0.j -1.+0.j -1.+0.j -1.+0.j -1.+0.j -1.+0.j -1.+0.j  1.-0.j  1.-0.j -1.+0.j -1.+0.j -1.+0.j -1.+0.j
  1.-0.j  1.-0.j  1.-0.j  1.-0.j  1.-0.j  1.-0.j  1.-0.j  1.-0.j -1.+0.j -1.+0.j -1.+0.j -1.+0.j  1.-0.j  1.-0.j
  1.-0.j  1.-0.j -1.+0.j -1.+0.j  1.-0.j  1.-0.j -1.+0.j -1.+0.j -1.+0.j -1.+0.j  1.-0.j  1.-0.j  1.-0.j  1.-0.j
 -1.+0.j -1.+0.j  1.-0.j  1.-0.j  1.-0.j  1.-0.j -1.+0.j -1.+0.j  1.-0.j  1.-0.j -1.+0.j -1.+0.j  1.-0.j  1.-0.j
  1.-0.j  1.-0.j  1.-0.j  1.-0.j -1.+0.j -1.+0.j -1.+0.j -1.+0.j -1.+0.j -1.+0.j -1.+0.j -1.+0.j -1.+0.j -1.+0.j
 -1.+0.j -1.+0.j -1.+0.j -1.+0.j  1.-0.j  1.-0.j  1.-0.j  1.-0.j -1.+0.j -1.+0.j -1.+0.j -1.+0.j -1.+0.j -1.+0.j
 -1.+0.j -1.+0.j -1.+0.j -1.+0.j -1.+0.j -1.+0.j  1.-0.j  1.-0.j  1.-0.j  1.-0.j  1.-0.j  1.-0.j -1.+0.j -1.+0.j
  1.-0.j  1.-0.j -1.+0.j -1.+0.j  1.-0.j  1.-0.j -1.+0.j -1.+0.j -1.+0.j -1.+0.j -1.+0.j -1.+0.j -1.+0.j -1.+0.j
  1.-0.j  1.-0.j -1.+0.j -1.+0.j -1.+0.j -1.+0.j -1.+0.j -1.+0.j -1.+0.j -1.+0.j -1.+0.j -1.+0.j -1.+0.j -1.+0.j
  1.-0.j  1.-0.j -1.+0.j -1.+0.j -1.+0.j -1.+0.j  1.-0.j  1.-0.j -1.+0.j -1.+0.j  1.-0.j  1.-0.j  1.-0.j  1.-0.j
 -1.+0.j -1.+0.j -1.+0.j -1.+0.j -1.+0.j -1.+0.j -1.+0.j -1.+0.j -1.+0.j -1.+0.j  1.-0.j  1.-0.j -1.+0.j -1.+0.j
  1.-0.j  1.-0.j -1.+0.j -1.+0.j  1.-0.j  1.-0.j  1.-0.j  1.-0.j -1.+0.j -1.+0.j -1.+0.j -1.+0.j  1.-0.j  1.-0.j
 -1.+0.j -1.+0.j  1.-0.j  1.-0.j  1.-0.j  1.-0.j -1.+0.j -1.+0.j -1.+0.j -1.+0.j -1.+0.j -1.+0.j -1.+0.j -1.+0.j
 -1.+0.j -1.+0.j -1.+0.j -1.+0.j  1.-0.j  1.-0.j  1.-0.j  1.-0.j -1.+0.j -1.+0.j  1.-0.j  1.-0.j -1.+0.j -1.+0.j
 -1.+0.j -1.+0.j  1.-0.j  1.-0.j  1.-0.j  1.-0.j  1.-0.j  1.-0.j  1.-0.j  1.-0.j  1.-0.j  1.-0.j  1.-0.j  1.-0.j
  1.-0.j  1.-0.j  1.-0.j  1.-0.j  1.-0.j  1.-0.j  1.-0.j  1.-0.j  1.-0.j  1.-0.j  1.-0.j  1.-0.j  1.-0.j  1.-0.j
 -1.+0.j -1.+0.j  1.-0.j  1.-0.j  1.-0.j  1.-0.j  1.-0.j  1.-0.j  1.-0.j  1.-0.j -1.+0.j -1.+0.j -1.+0.j -1.+0.j
  1.-0.j  1.-0.j  1.-0.j  1.-0.j  1.-0.j  1.-0.j -1.+0.j -1.+0.j -1.+0.j -1.+0.j  1.-0.j  1.-0.j -1.+0.j -1.+0.j
 -1.+0.j -1.+0.j -1.+0.j -1.+0.j -1.+0.j -1.+0.j -1.+0.j -1.+0.j -1.+0.j -1.+0.j  1.-0.j  1.-0.j -1.+0.j -1.+0.j
 -1.+0.j -1.+0.j  1.-0.j  1.-0.j  1.-0.j  1.-0.j  1.-0.j  1.-0.j  1.-0.j  1.-0.j -1.+0.j -1.+0.j -1.+0.j -1.+0.j
  1.-0.j  1.-0.j  1.-0.j  1.-0.j -1.+0.j -1.+0.j  1.-0.j  1.-0.j -1.+0.j -1.+0.j -1.+0.j -1.+0.j  1.-0.j  1.-0.j
  1.-0.j  1.-0.j -1.+0.j -1.+0.j  1.-0.j  1.-0.j  1.-0.j  1.-0.j -1.+0.j -1.+0.j  1.-0.j  1.-0.j -1.+0.j -1.+0.j
  1.-0.j  1.-0.j  1.-0.j  1.-0.j  1.-0.j  1.-0.j -1.+0.j -1.+0.j -1.+0.j -1.+0.j -1.+0.j -1.+0.j -1.+0.j -1.+0.j
 -1.+0.j -1.+0.j -1.+0.j -1.+0.j -1.+0.j -1.+0.j  1.-0.j  1.-0.j  1.-0.j  1.-0.j -1.+0.j -1.+0.j -1.+0.j -1.+0.j
 -1.+0.j -1.+0.j -1.+0.j -1.+0.j -1.+0.j -1.+0.j -1.+0.j -1.+0.j  1.-0.j  1.-0.j  1.-0.j  1.-0.j  1.-0.j  1.-0.j
 -1.+0.j -1.+0.j  1.-0.j  1.-0.j -1.+0.j -1.+0.j  1.-0.j  1.-0.j -1.+0.j -1.+0.j -1.+0.j -1.+0.j -1.+0.j -1.+0.j
 -1.+0.j -1.+0.j  1.-0.j  1.-0.j -1.+0.j -1.+0.j -1.+0.j -1.+0.j -1.+0.j -1.+0.j -1.+0.j -1.+0.j -1.+0.j -1.+0.j
 -1.+0.j -1.+0.j  1.-0.j  1.-0.j -1.+0.j -1.+0.j -1.+0.j -1.+0.j  1.-0.j  1.-0.j -1.+0.j -1.+0.j  1.-0.j  1.-0.j
  1.-0.j  1.-0.j -1.+0.j -1.+0.j -1.+0.j -1.+0.j -1.+0.j -1.+0.j -1.+0.j -1.+0.j -1.+0.j -1.+0.j  1.-0.j  1.-0.j
 -1.+0.j -1.+0.j  1.-0.j  1.-0.j -1.+0.j -1.+0.j  1.-0.j  1.-0.j  1.-0.j  1.-0.j -1.+0.j -1.+0.j -1.+0.j -1.+0.j
  1.-0.j  1.-0.j -1.+0.j -1.+0.j  1.-0.j  1.-0.j  1.-0.j  1.-0.j -1.+0.j -1.+0.j -1.+0.j -1.+0.j -1.+0.j -1.+0.j
 -1.+0.j -1.+0.j -1.+0.j -1.+0.j -1.+0.j -1.+0.j  1.-0.j  1.-0.j  1.-0.j  1.-0.j -1.+0.j -1.+0.j  1.-0.j  1.-0.j
 -1.+0.j -1.+0.j -1.+0.j -1.+0.j  1.-0.j  1.-0.j  1.-0.j  1.-0.j  1.-0.j  1.-0.j  1.-0.j  1.-0.j  1.-0.j  1.-0.j
  1.-0.j  1.-0.j  1.-0.j  1.-0.j  1.-0.j  1.-0.j  1.-0.j  1.-0.j  1.-0.j  1.-0.j  1.-0.j  1.-0.j  1.-0.j  1.-0.j
  1.-0.j  1.-0.j -1.+0.j -1.+0.j  1.-0.j  1.-0.j  1.-0.j  1.-0.j  1.-0.j  1.-0.j  1.-0.j  1.-0.j -1.+0.j -1.+0.j
 -1.+0.j -1.+0.j  1.-0.j  1.-0.j  1.-0.j  1.-0.j  1.-0.j  1.-0.j -1.+0.j -1.+0.j -1.+0.j -1.+0.j  1.-0.j  1.-0.j
 -1.+0.j -1.+0.j -1.+0.j -1.+0.j -1.+0.j -1.+0.j -1.+0.j -1.+0.j -1.+0.j -1.+0.j -1.+0.j -1.+0.j  1.-0.j  1.-0.j
 -1.+0.j -1.+0.j -1.+0.j -1.+0.j  1.-0.j  1.-0.j  1.-0.j  1.-0.j  1.-0.j  1.-0.j  1.-0.j  1.-0.j -1.+0.j -1.+0.j
 -1.+0.j -1.+0.j  1.-0.j  1.-0.j  1.-0.j  1.-0.j -1.+0.j -1.+0.j  1.-0.j  1.-0.j -1.+0.j -1.+0.j -1.+0.j -1.+0.j
  1.-0.j  1.-0.j  1.-0.j  1.-0.j -1.+0.j -1.+0.j  1.-0.j  1.-0.j  1.-0.j  1.-0.j -1.+0.j -1.+0.j  1.-0.j  1.-0.j
 -1.+0.j -1.+0.j  1.-0.j  1.-0.j  1.-0.j  1.-0.j  1.-0.j  1.-0.j -1.+0.j -1.+0.j -1.+0.j -1.+0.j -1.+0.j -1.+0.j
 -1.+0.j -1.+0.j -1.+0.j -1.+0.j -1.+0.j -1.+0.j -1.+0.j -1.+0.j  1.-0.j  1.-0.j  1.-0.j  1.-0.j -1.+0.j -1.+0.j
 -1.+0.j -1.+0.j -1.+0.j -1.+0.j -1.+0.j -1.+0.j -1.+0.j -1.+0.j -1.+0.j -1.+0.j  1.-0.j  1.-0.j  1.-0.j  1.-0.j
  1.-0.j  1.-0.j -1.+0.j -1.+0.j  1.-0.j  1.-0.j -1.+0.j -1.+0.j  1.-0.j  1.-0.j -1.+0.j -1.+0.j -1.+0.j -1.+0.j
 -1.+0.j -1.+0.j -1.+0.j -1.+0.j  1.-0.j  1.-0.j -1.+0.j -1.+0.j -1.+0.j -1.+0.j -1.+0.j -1.+0.j -1.+0.j -1.+0.j
 -1.+0.j -1.+0.j -1.+0.j -1.+0.j  1.-0.j  1.-0.j -1.+0.j -1.+0.j -1.+0.j -1.+0.j  1.-0.j  1.-0.j -1.+0.j -1.+0.j
  1.-0.j  1.-0.j  1.-0.j  1.-0.j -1.+0.j -1.+0.j -1.+0.j -1.+0.j -1.+0.j -1.+0.j -1.+0.j -1.+0.j -1.+0.j -1.+0.j
  1.-0.j  1.-0.j -1.+0.j -1.+0.j  1.-0.j  1.-0.j -1.+0.j -1.+0.j  1.-0.j  1.-0.j  1.-0.j  1.-0.j -1.+0.j -1.+0.j
 -1.+0.j -1.+0.j  1.-0.j  1.-0.j -1.+0.j -1.+0.j  1.-0.j  1.-0.j  1.-0.j  1.-0.j -1.+0.j -1.+0.j -1.+0.j -1.+0.j
 -1.+0.j -1.+0.j -1.+0.j -1.+0.j -1.+0.j -1.+0.j -1.+0.j -1.+0.j  1.-0.j  1.-0.j  1.-0.j  1.-0.j -1.+0.j -1.+0.j
  1.-0.j  1.-0.j -1.+0.j -1.+0.j -1.+0.j -1.+0.j  1.-0.j  1.-0.j  1.-0.j  1.-0.j  1.-0.j  1.-0.j  1.-0.j  1.-0.j
  1.-0.j  1.-0.j  1.-0.j  1.-0.j  1.-0.j  1.-0.j  1.-0.j  1.-0.j  1.-0.j  1.-0.j  1.-0.j  1.-0.j  1.-0.j  1.-0.j
  1.-0.j  1.-0.j  1.-0.j  1.-0.j -1.+0.j -1.+0.j  1.-0.j  1.-0.j  1.-0.j  1.-0.j  1.-0.j  1.-0.j  1.-0.j  1.-0.j
 -1.+0.j -1.+0.j -1.+0.j -1.+0.j  1.-0.j  1.-0.j  1.-0.j  1.-0.j  1.-0.j  1.-0.j -1.+0.j -1.+0.j -1.+0.j -1.+0.j
  1.-0.j  1.-0.j -1.+0.j -1.+0.j -1.+0.j -1.+0.j -1.+0.j -1.+0.j -1.+0.j -1.+0.j -1.+0.j -1.+0.j -1.+0.j -1.+0.j
  1.-0.j  1.-0.j -1.+0.j -1.+0.j -1.+0.j -1.+0.j  1.-0.j  1.-0.j  1.-0.j  1.-0.j  1.-0.j  1.-0.j  1.-0.j  1.-0.j
 -1.+0.j -1.+0.j -1.+0.j -1.+0.j  1.-0.j  1.-0.j  1.-0.j  1.-0.j -1.+0.j -1.+0.j  1.-0.j  1.-0.j -1.+0.j -1.+0.j
 -1.+0.j -1.+0.j  1.-0.j  1.-0.j  1.-0.j  1.-0.j -1.+0.j -1.+0.j  1.-0.j  1.-0.j  1.-0.j  1.-0.j -1.+0.j -1.+0.j
  1.-0.j  1.-0.j -1.+0.j -1.+0.j  1.-0.j  1.-0.j  1.-0.j  1.-0.j  1.-0.j  1.-0.j -1.+0.j -1.+0.j -1.+0.j -1.+0.j
 -1.+0.j -1.+0.j -1.+0.j -1.+0.j -1.+0.j -1.+0.j -1.+0.j -1.+0.j -1.+0.j -1.+0.j  1.-0.j  1.-0.j  1.-0.j  1.-0.j
 -1.+0.j -1.+0.j -1.+0.j -1.+0.j -1.+0.j -1.+0.j -1.+0.j -1.+0.j -1.+0.j -1.+0.j -1.+0.j -1.+0.j  1.-0.j  1.-0.j
  1.-0.j  1.-0.j  1.-0.j  1.-0.j -1.+0.j -1.+0.j  1.-0.j  1.-0.j -1.+0.j -1.+0.j  1.-0.j  1.-0.j -1.+0.j -1.+0.j
 -1.+0.j -1.+0.j -1.+0.j -1.+0.j -1.+0.j -1.+0.j  1.-0.j  1.-0.j -1.+0.j -1.+0.j -1.+0.j -1.+0.j -1.+0.j -1.+0.j
 -1.+0.j -1.+0.j -1.+0.j -1.+0.j -1.+0.j -1.+0.j  1.-0.j  1.-0.j -1.+0.j -1.+0.j -1.+0.j -1.+0.j  1.-0.j  1.-0.j
 -1.+0.j -1.+0.j  1.-0.j  1.-0.j  1.-0.j  1.-0.j -1.+0.j -1.+0.j -1.+0.j -1.+0.j -1.+0.j -1.+0.j -1.+0.j -1.+0.j
 -1.+0.j -1.+0.j  1.-0.j  1.-0.j -1.+0.j -1.+0.j  1.-0.j  1.-0.j -1.+0.j -1.+0.j  1.-0.j  1.-0.j  1.-0.j  1.-0.j
 -1.+0.j -1.+0.j -1.+0.j -1.+0.j  1.-0.j  1.-0.j -1.+0.j -1.+0.j  1.-0.j  1.-0.j  1.-0.j  1.-0.j -1.+0.j -1.+0.j
 -1.+0.j -1.+0.j -1.+0.j -1.+0.j -1.+0.j -1.+0.j -1.+0.j -1.+0.j -1.+0.j -1.+0.j  1.-0.j  1.-0.j  1.-0.j  1.-0.j
 -1.+0.j -1.+0.j  1.-0.j  1.-0.j -1.+0.j -1.+0.j -1.+0.j -1.+0.j  1.-0.j  1.-0.j]
2025-08-29 13:34:49 [INFO] Processing 6604 samples from tag 0
2025-08-29 13:34:49 [INFO] Expected number of bits: 26
2025-08-29 13:34:49 [DEBUG] coarse freq offset: 38.310810810828116
2025-08-29 13:34:49 [INFO] rx_bits_raw: [1 1 1 1 1 1 1 1 1 1 1 1 0 1 1 1 1 0 0 1 1 1 0 1 0 1 1 1 1 1 1 0 1 1 1 1 1 1 0 1 1 1 0 0 1 1 1 1 0 1 1 0 1 0 1 1 1 1 1
 1 1 1 1 1 1 1 1 1 1 1 1 1 1 1 1 0 1 1 0 1 1 1 1 0 1 1 1 1 1 1 0 1 1 0 0 1 1 1 1 1 1 1 0 0 1 0 1 0 1 1 0 0 1 1 1 1 1 1
 1 1 1 1 0 0 1 1 1 1 1 1 1 1 1 1 1 1 1 1 1 0 1 1 1 1 0 0 1 1 1 0 1 0 1 1 1 1 1 1 0 1 0 1 1 1 1 0 1 1 1 0 0 1 1 1 1 0 1
 1 0 1 0 1 1 1 1 1 1 1 1 1 1 1 1 1 1 1 1 1 1 1 1 1 0 1 1 0 1 1 1 1 0 1 1 1 1 1 1 0 1 1 1 0 1 1 1 1 1 1 1 0 0 1 0 1 1 1
 1 0 0 1 1 1 1 1 1 1 1 1 1 0 0 1 1 1 1 1 1 1 1 1 1 1 1 1 1 1 0 1 1 1 1 0 0 1 1 1 0 1 0 1 1 1 1 1 1 0 1 0 1 1 1 1 0 0 1
 1 0 0 1 1 1 1 0 1 1 0 1 0 1 1 1 1 1 1 1 1 1 1 1 1 1 1 1 1 1 1 1 1 1 0 1 1 0 1 1 1 1 0 1 1 1 1 1 1 0 1 1 0 0 1 1 1 1 1
 1 1 0 0 1 0 1 0 1 1 0 0 1 1 1 1 1 1 1 1 1 1 0 0 1 1 1 1 1 1 1 1 1 1 1 1 1 1 1 0 1 1 1 1 0 0 1 1 1 0 1 0 1 1 1 1 1 1 0
 1 0 1 1 1 1 0 1 1 1 0 0 1 1 1 1 0 1 1 0 1 0 1 1 1 1 1 1 1 1 1 1 1 1 1 1 1 1 1 1 1 1 1 0 1 1 0 1 1 1 1 0 1 1 1 1 1 1 0
 1 1 1 0 1 1 1 1 1 1 1 0 0 1 0 1 0 1 1 0 0 1 1 1 1 1 1 1 1 1 1 0 0 1 1 1 1 1 1 1 1 1 1 1 1 1 1 1 0 1 1 1 1 0 0 1 1 1 0
 1 0 1 1 1 1 1 1 0 1 0 1 1 1 1 0 1 1 1 0 0 1 1 1 1 0 1 1 0 1 0 1 1 1 1 1 1 1 1 1 1 1 1 1 1 1 1 1 1 1 1 1 0 1 1 0 1 1 1
 1 0 1 1 1 1 1 1 0 1 1 1 0 1 1 1 1 1 1 1 0 0 1 0 1 1 1 1 0 0 1 1 1 1 1 1 1 1 1 1 0 1 1 1 0 0 0 0 0 0 0 0 0 0 0 0 0 1 0
 0 0 0 1 1 0 0 0 1 0 1 0 0 0 0 0 0 1 0 1 0 0 0 0 1 0 0 0 1 1 0 0 0 0 1 0 0 1 0 1 0 0 0 0 0 0 0 0 0 0 0 0 0 0 0 0 0 0 0
 0 0 1 0 0 1 0 0 0 0 1 0 0 0 0 0 0 1 0 0 0 1 0 0 0 0 0 0 0 1 1 0 1 0 1 0 0 1 1 0 0 0 0 0 0 0 0 0 0 1 1 0 0 1 1 1 1 1 1
 1 1 1 1 1 1 1 0 1 1 1 1 0 0 1 1 1 0 1 0 1 1 1 1 1 1 0 1 0 1 1 1 1 0 1 1 1 0 0 1 1 1 1 0 1 1 0 1 0 1 1 1 1 1 1 1 1 1 1
 1 1 1 1 1 1 1 1 1 1 1 0 1 1 0 1 1 1 1 0 1 1 1 1 1 1 0 1 1 1 0 1 1 1 1 1 1 1 0 0 1 0 1 1 1 1 0 0 1 1 1 1 1 1 1 1 1 1 0
 1 1 1 0 0 0 0 0 0 0 0 0 0 0 0 0 1 0 0 0 0 1 1 0 0 0 1 0 1 0 0 0 0 0 0 1 0 1 0 0 0 0 1 0 0 0 1 1 0 0 0 0 1 0 0 1 0 1 0
 0 0 0 0 0 0 0 0 0 0 0 0 0 0 0 0 0 0 0 0 1 0 0 1 0 0 0 0 1 0 0 0 0 0 0 1 0 0 0 1 0 0 0 0 0 0 0 1 1 0 1 0 1 0 0 1 1 0 0
 0 0 0 0 0 0 0 0 1 1 0 0 0 0 0 0 0 0 0 0 0 0 0 0 0 1 0 0 0 0 1 1 0 0 0 1 0 1 0 0 0 0 0 0 1 0 1 0 0 0 0 1 0 0 0 1 1 0 0
 0 0 1 0 0 1 0 1 0 0 0 0 0 0 0 0 0 0 0 0 0 0 0 0 0 0 0 0 0 1 0 0 1 0 0 0 0 1 0 0 0 0 0 0 1 0 0 0 1 0 0 0 0 0 0 0 1 1 0
 1 0 1 0 0 0 1 0 0 0 0 0 0 0 0 0 0 1 1 0 0 1 1 1 1 1 1 1 1 1 1 1 1 1 0 1 1 1 1 0 0 1 1 1 0 1 0 1 1 1 1 1 1 0 1 0 1 1 1
 1 0 1 1 1 0 0 1 1 1 1 0 1 1 0 1 0 1 1 1 1 1 1 1 1 1 1 1 1 1 1 1 1 1 1 1 1 1 0 1 1 0 1 1 1 1 0 1 1 1 1 1 1 0 1 1 1 0 1
 1 1 1 1 1 1 0 0 1 0 1 0 1 1 0 0 1 1 1 1 1 1 1 1 1 1 0 0 1 1 1 1 1 1 1 1 1 1 1 1 1 1 1 0 1 1 1 1 0 0 1 1 1 0 1 0 1 1 1
 1 1 1 0 1 0 1 1 1 1 0 1 1 1 0 0 1 1 1 1 0 1 1 0 1 0 1 1 1 1 1 1 1 1 1 1 1 1 1 1 1 1 1 1 1 1 1 0 1 1 0 1 1 1 1 0 1 1 1
 1 1 1 0 1 1 1 0 1 1 1 1 1 1 1 0 0 1 0 1 0 1 1 0 0 1 1 1 1 1 1 1 1 1 1 0 0 1 1 1 1 1 1 1 1 1 1 1 1 1 1 1 0 1 1 1 1 0 0
 1 1 1 0 1 0 1 1 1 1 1 1 0 1 0 1 1 1 1 0 1 1 1 0 0 1 1 1 1 0 1 1 0 1 0 1 1 1 1 1 1 1 1 1 1 1 1 1 1 1 1 1 1 1 1 1 0 1 1
 0 1 1 1 1 0 1 1 1 1 1 1 0 1 1 1 0 1 1 1 1 1 1 1 0 0 1 0 1 1 1 1 0 0 1 1 1 1 1 1 1 1 1 1 0 0 1 1 1 1 1 1 1 1 1 1 1 1 1
 1 1 0 1 1 1 1 0 0 1 1 1 0 1 0 1 1 1 1 1 1 0 1 0 1 1 1 1 0 0 1 1 0 0 1 1 1 1 0 1 1 0 1 0 1 1 1 1 1 1 1 1 1 1 1 1 1 1 1
 1 1 1 1 1 1 0 1 1 0 1 1 1 1 0 1 1 1 1 1 1 0 1 1 0 0 1 1 1 1 1 1 1 0 0 1 0 1 0 1 1 0 0 1 1 1 1 1 1 1 1 1 1 0 0 1 1 1 1
 1 1 1 1 1 1 1 1 1 1 1 0 1 1 1 1 0 0 1 1 1 0 1 0 1 1 1 1 1 1 0 1 0 1 1 1 1 0 1 1 1 0 0 1 1 1 1 0 1 1 0 1 0 1 1 1 1 1 1
 1 1 1 1 1 1 1 1 1 1 1 1 1 1 1 0 1 1 0 1 1 1 1 0 1 1 1 1 1 1 0 1 1 1 0 1 1 1 1 1 1 1 0 0 1 0 1 0 1 1 0 0 1 1 1 1 1 1 1
 1 1 1 0 0 1 1 1 1 1 1 1 1 1 1 1 1 1 1 1 0 1 1 1 1 0 0 1 1 1 0 1 0 1 1 1 1 1 1 0 1 0 1 1 1 1 0 1 1 1 0 0 1 1 1 1 0 1 1
 0 1 0 1 1 1 1 1 1 1 1 1 1 1 1 1 1 1 1 1 1 1 1 1 0 1 1 0 1 1 1 1 0 1 1 1 1 1 1 0 1 1 1 0 1 1 1 1 1 1 1 0 0 1 0 1 1 1 1
 0 0 1 1 1 1 1 1 1 1 1 1 0 1 1 1 0 0 0 0 0 0 0 0 0 0 0 0 0 1 0 0 0 0 1 1 0 0 0 1 0 1 0 0 0 0 0 0 1 0 1 0 0 0 0 1 0 0 0
 1 1 0 0 0 0 1 0 0 1 0 1 0 0 0 0 0 0 0 0 0 0 0 0 0 0 0 0 0 0 0 0 0 1 0 0 1 0 0 0 0 1 0 0 0 0 0 0 1 0 0 0 1 0 0 0 0 0 0
 0 1 1 0 1 0 1 0 0 1 1 0 0 0 0 0 0 0 0 0 0 1 1 0 0 0 0 0 0 0 0 0 0 0 0 0 0 0 1 0 0 0 0 1 1 0 0 0 1 0 1 0 0 0 0 0 0 1 0
 1 0 0 0 0 1 0 0 0 1 1 0 0 0 0 1 0 0 1 0 1 0 0 0 0 0 0 0 0 0 0 0 0 0 0 0 0 0 0 0 0 0 1 0 0 1 0 0 0 0 1 0 0 0 0 0 0 1 0
 0 0 1 0 0 0 0 0 0 0 1 1 0 1 0 1 0 0 0 1 0 0 0 0 0 0 0 0 0 0 1 1 0 0 0 0 0 0 0 0 0 0 0 0 0 0 0 1 0 0 0 0 1 1 0 0 0 1 0
 1 0 0 0 0 0 0 1 0 1 0 0 0 0 1 0 0 0 1 1 0 0 0 0 1 0 0 1 0 1 0 0 0 0 0 0 0 0 0 0 0 0 0 0 0 0 0 0 0 0 0 1 0 0 1 0 0 0 0
 1 0 0 0 0 0 0 1 0 0 0 1 0 0 0 0 0 0 0 1 1 0 1 0 1 0 0 0 1 0 0 0 0 0 0 0 0 0 0 1 1 0 0 0 0 0 0 0 0 0 0 0 0 0 0 0 1 0 0
 0 0 1 1 0 0 0 1 0 1 0 0 0 0 0 0 1 0 1 0 0 0 0 1 0 0 0 1 1 0 0 0 0 1 0 0 1 0 1 0 0 0 0 0 0 0 0 0 0 0 0 0 0 0 0 0 0 0 0
 0 1 0 0 1 0 0 0 0 1 0 0 0 0 0 0 1 0 0 0 1 0 0 0 0 0 0 0 1 1 0 1 0 1 0 0 0 1 0 0 0 0 0 0 0 0 0 0 1 1 0 0 0 0 0 0 0 0 0
 0 0 0 0 0 0 1 0 0 0 0 1 1 0 0 0 1 0 1 0 0 0 0 0 0 1 0 1 0 0 0 0 1 0 0 0 1 1 0 0 0 0 1 0 0 1 0 1 0 0 0 0 0 0 0 0 0 0 0
 0 0 0 0 0 0 0 0 0 0 1 0 0 1 0 0 0 0 1 0 0 0 0 0 0 1 0 0 0 1 0 0 0 0 0 0 0 1 1 0 1 0 1 0 0 0 1 0 0 0 0 0 0 0 0 0 0 1 1
 0 0 0 0 0 0 0 0 0 0 0 0 0 0 0 1 0 0 0 0 1 1 0 0 0 1 0 1 0 0 0 0 0 0 1 0 1 0 0 0 0 1 0 0 0 1 1 0 0 0 0 1 0 0 1 0 1 0 0
 0 0 0 0 0 0 0 0 0 0 0 0 0 0 0 0 0 0 0 1 0 0 1 0 0 0 0 1 0 0 0 0 0 0 1 0 0 0 1 0 0 0 0 0 0 0 1 1 0 1 0 1 0 0 0 1 0 0 0
 0 0 0 0 0 0 0 1 1 0 0 0 0 0 0 0 0 0 0 0 0 0 0 0 1 0 0 0 0 1 1 0 0 0 1 0 1 0 0 0 0 0 0 1 0 1 0 0 0 0 1 0 0 0 1 1 0 0 0
 0 1 0 0 1 0 1 0 0 0 0 0 0 0 0 0 0 0 0 0 0 0 0 0 0 0 0 0 1 0 0 1 0 0 0 0 1 0 0 0 0 0 0 1 0 0 0 1 0 0 0 0 0 0 0 1 1 0 1
 0 1 0 0 0 1 0 0 0 0 0 0 0 0 0 0 1 1 0 0 0 0 0 0 0 0 0 0 0 0 0 0 0 1 0 0 0 0 1 1 0 0 0 1 0 1 0 0 0 0 0 0 1 0 1 0 0 0 0
 1 0 0 0 1 1 0 0 0 0 1 0 0 1 0 1 0 0 0 0 0 0 0 0 0 0 0 0 0 0 0 0 0 0 0 0 0 1 0 0 1 0 0 0 0 1 0 0 0 0 0 0 1 0 0 0 1 0 0
 0 0 0 0 0 1 1 0 1 0 1 0 0 0 1 0 0 0 0 0 0 0 0 0 0 1 1 0 0 0 0 0 0 0 0 0 0 0 0 0 0 0 1 0 0 0 0 1 1 0 0 0 1 0 1 0 0 0 0
 0 0 1 0 1 0 0 0 0 1 0 0 0 1 1 0 0 0 0 1 0 0 1 0 1 0 0 0 0 0 0 0 0 0 0 0 0 0 0 0 0 0 0 0 0 0 1 0 0 1 0 0 0 0 1 0 0 0 0
 0 0 1 0 0 0 1 0 0 0 0 0 0 0 1 1 0 1 0 1 0 0 0 1 0 0 0 0 0 0 0 0 0 0 1 1 0 0 0 0 0 0 0 0 0 0 0 0 0 0 0 1 0 0 0 0 1 1 0
 0 0 1 0 1 0 0 0 0 0 0 1 0 1 0 0 0 0 1 0 0 0 1 1 0 0 0 0 1 0 0 1 0 1 0 0 0 0 0 0 0 0 0 0 0 0 0 0 0 0 0 0 0 0 0 1 0 0 1
 0 0 0 0 1 0 0 0 0 0 0 1 0 0 0 1 0 0 0 0 0 0 0 1 1 0 1 0 1 0 0 0 1 0 0 0 0 0 0 0 0 0 0 1 1 0 0 0 0 0 0 0 0 0 0 0 0 0 0
 0 1 0 0 0 0 1 1 0 0 0 1 0 1 0 0 0 0 0 0 1 0 1 0 0 0 0 1 0 0 0 1 1 0 0 0 0 1 0 0 1 0 1 0 0 0 0 0 0 0 0 0 0 0 0 0 0 0 0
 0 0 0 0 0 1 0 0 1 0 0 0 0 1 0 0 0 0 0 0 1 0 0 0 1 0 0 0 0 0 0 0 1 1 0 1 0 1 0 0 0 1 0 0 0 0 0 0 0]
2025-08-29 13:34:49 [INFO] Processed bits: [1. 1. 1. 1. 1. 0. 1. 0. 0. 1. 1. 1. 1. 1. 1. 0.]
2025-08-29 13:34:49 [INFO] Transmitted actual bits: [1. 1. 1. 1. 1. 0. 1. 0. 0. 1. 1. 1. 1. 1. 1. 0.]
2025-08-29 13:34:49 [INFO] BER: 0.0
2025-08-29 13:35:02 [DEBUG] **** New run with CLI arguments: Namespace(source='sim', file=None, verbose=3, n_tags=1)
2025-08-29 13:35:02 [DEBUG] Generating simulated samples for 1 tags
2025-08-29 13:35:02 [INFO] simulated packet metadata: SimulatedPacket(tag_id=0, preamble_bits=array([1, 1, 1, 1, 1, 0, 1, 0]), sync_bits=[], payload_bits=array([1, 1, 0, 1, 0, 0, 1, 0]), pad_bits=array([0., 0., 0., 0., 0., 0., 0., 0., 0., 0.]), sps=2, actual_bits=array([1., 1., 1., 1., 1., 0., 1., 0., 1., 1., 0., 1., 0., 0., 1., 0.]), all_bits=array([1., 1., 1., 1., 1., 0., 1., 0., 1., 1., 0., 1., 0., 0., 1., 0., 0., 0., 0., 0., 0., 0., 0., 0., 0., 0.]), goldcode=array([-1, -1, -1, -1, -1, -1, -1, -1, -1, -1, -1, -1,  1, -1, -1, -1, -1,  1,  1, -1, -1, -1,  1,  1, -1,  1,  1,  1,
        1,  1,  1, -1,  1,  1, -1, -1, -1, -1,  1,  1, -1, -1,  1, -1,  1,  1, -1, -1,  1, -1, -1,  1, -1,  1, -1, -1,
       -1,  1,  1,  1,  1,  1,  1,  1, -1, -1,  1,  1,  1,  1,  1,  1, -1, -1, -1,  1, -1,  1, -1,  1,  1,  1,  1, -1,
        1,  1,  1,  1,  1,  1, -1,  1,  1, -1,  1, -1, -1,  1,  1,  1,  1,  1, -1,  1, -1,  1, -1, -1,  1,  1, -1,  1,
       -1, -1,  1,  1,  1,  1,  1,  1, -1, -1,  1, -1,  1,  1, -1]), samples=None, snr_db=15.0, frequency_offset_hz=500.0, time_delay_sec=0.002)
2025-08-29 13:35:02 [INFO] Packet to demod: [-1.+0.j -1.+0.j -1.+0.j -1.+0.j -1.+0.j -1.+0.j -1.+0.j -1.+0.j -1.+0.j -1.+0.j -1.+0.j -1.+0.j -1.+0.j -1.+0.j
 -1.+0.j -1.+0.j -1.+0.j -1.+0.j -1.+0.j -1.+0.j -1.+0.j -1.+0.j -1.+0.j -1.+0.j  1.+0.j  1.+0.j -1.+0.j -1.+0.j
 -1.+0.j -1.+0.j -1.+0.j -1.+0.j -1.+0.j -1.+0.j  1.+0.j  1.+0.j  1.+0.j  1.+0.j -1.+0.j -1.+0.j -1.+0.j -1.+0.j
 -1.+0.j -1.+0.j  1.+0.j  1.+0.j  1.+0.j  1.+0.j -1.+0.j -1.+0.j  1.+0.j  1.+0.j  1.+0.j  1.+0.j  1.+0.j  1.+0.j
  1.+0.j  1.+0.j  1.+0.j  1.+0.j  1.+0.j  1.+0.j -1.+0.j -1.+0.j  1.+0.j  1.+0.j  1.+0.j  1.+0.j -1.+0.j -1.+0.j
 -1.+0.j -1.+0.j -1.+0.j -1.+0.j -1.+0.j -1.+0.j  1.+0.j  1.+0.j  1.+0.j  1.+0.j -1.+0.j -1.+0.j -1.+0.j -1.+0.j
  1.+0.j  1.+0.j -1.+0.j -1.+0.j  1.+0.j  1.+0.j  1.+0.j  1.+0.j -1.+0.j -1.+0.j -1.+0.j -1.+0.j  1.+0.j  1.+0.j
 -1.+0.j -1.+0.j -1.+0.j -1.+0.j  1.+0.j  1.+0.j -1.+0.j -1.+0.j  1.+0.j  1.+0.j -1.+0.j -1.+0.j -1.+0.j -1.+0.j
 -1.+0.j -1.+0.j  1.+0.j  1.+0.j  1.+0.j  1.+0.j  1.+0.j  1.+0.j  1.+0.j  1.+0.j  1.+0.j  1.+0.j  1.+0.j  1.+0.j
  1.+0.j  1.+0.j -1.+0.j -1.+0.j -1.+0.j -1.+0.j  1.+0.j  1.+0.j  1.+0.j  1.+0.j  1.+0.j  1.+0.j  1.+0.j  1.+0.j
  1.+0.j  1.+0.j  1.+0.j  1.+0.j -1.+0.j -1.+0.j -1.+0.j -1.+0.j -1.+0.j -1.+0.j  1.+0.j  1.+0.j -1.+0.j -1.+0.j
  1.+0.j  1.+0.j -1.+0.j -1.+0.j  1.+0.j  1.+0.j  1.+0.j  1.+0.j  1.+0.j  1.+0.j  1.+0.j  1.+0.j -1.+0.j -1.+0.j
  1.+0.j  1.+0.j  1.+0.j  1.+0.j  1.+0.j  1.+0.j  1.+0.j  1.+0.j  1.+0.j  1.+0.j  1.+0.j  1.+0.j -1.+0.j -1.+0.j
  1.+0.j  1.+0.j  1.+0.j  1.+0.j -1.+0.j -1.+0.j  1.+0.j  1.+0.j -1.+0.j -1.+0.j -1.+0.j -1.+0.j  1.+0.j  1.+0.j
  1.+0.j  1.+0.j  1.+0.j  1.+0.j  1.+0.j  1.+0.j  1.+0.j  1.+0.j -1.+0.j -1.+0.j  1.+0.j  1.+0.j -1.+0.j -1.+0.j
  1.+0.j  1.+0.j -1.+0.j -1.+0.j -1.+0.j -1.+0.j  1.+0.j  1.+0.j  1.+0.j  1.+0.j -1.+0.j -1.+0.j  1.+0.j  1.+0.j
 -1.+0.j -1.+0.j -1.+0.j -1.+0.j  1.+0.j  1.+0.j  1.+0.j  1.+0.j  1.+0.j  1.+0.j  1.+0.j  1.+0.j  1.+0.j  1.+0.j
  1.+0.j  1.+0.j -1.+0.j -1.+0.j -1.+0.j -1.+0.j  1.+0.j  1.+0.j -1.+0.j -1.+0.j  1.+0.j  1.+0.j  1.+0.j  1.+0.j
 -1.+0.j -1.+0.j -1.+0.j -1.+0.j -1.+0.j -1.+0.j -1.+0.j -1.+0.j -1.+0.j -1.+0.j -1.+0.j -1.+0.j -1.+0.j -1.+0.j
 -1.+0.j -1.+0.j -1.+0.j -1.+0.j -1.+0.j -1.+0.j -1.+0.j -1.+0.j -1.+0.j -1.+0.j -1.+0.j -1.+0.j  1.+0.j  1.+0.j
 -1.+0.j -1.+0.j -1.+0.j -1.+0.j -1.+0.j -1.+0.j -1.+0.j -1.+0.j  1.+0.j  1.+0.j  1.+0.j  1.+0.j -1.+0.j -1.+0.j
 -1.+0.j -1.+0.j -1.+0.j -1.+0.j  1.+0.j  1.+0.j  1.+0.j  1.+0.j -1.+0.j -1.+0.j  1.+0.j  1.+0.j  1.+0.j  1.+0.j
  1.+0.j  1.+0.j  1.+0.j  1.+0.j  1.+0.j  1.+0.j  1.+0.j  1.+0.j -1.+0.j -1.+0.j  1.+0.j  1.+0.j  1.+0.j  1.+0.j
 -1.+0.j -1.+0.j -1.+0.j -1.+0.j -1.+0.j -1.+0.j -1.+0.j -1.+0.j  1.+0.j  1.+0.j  1.+0.j  1.+0.j -1.+0.j -1.+0.j
 -1.+0.j -1.+0.j  1.+0.j  1.+0.j -1.+0.j -1.+0.j  1.+0.j  1.+0.j  1.+0.j  1.+0.j -1.+0.j -1.+0.j -1.+0.j -1.+0.j
  1.+0.j  1.+0.j -1.+0.j -1.+0.j -1.+0.j -1.+0.j  1.+0.j  1.+0.j -1.+0.j -1.+0.j  1.+0.j  1.+0.j -1.+0.j -1.+0.j
 -1.+0.j -1.+0.j -1.+0.j -1.+0.j  1.+0.j  1.+0.j  1.+0.j  1.+0.j  1.+0.j  1.+0.j  1.+0.j  1.+0.j  1.+0.j  1.+0.j
  1.+0.j  1.+0.j  1.+0.j  1.+0.j -1.+0.j -1.+0.j -1.+0.j -1.+0.j  1.+0.j  1.+0.j  1.+0.j  1.+0.j  1.+0.j  1.+0.j
  1.+0.j  1.+0.j  1.+0.j  1.+0.j  1.+0.j  1.+0.j -1.+0.j -1.+0.j -1.+0.j -1.+0.j -1.+0.j -1.+0.j  1.+0.j  1.+0.j
 -1.+0.j -1.+0.j  1.+0.j  1.+0.j -1.+0.j -1.+0.j  1.+0.j  1.+0.j  1.+0.j  1.+0.j  1.+0.j  1.+0.j  1.+0.j  1.+0.j
 -1.+0.j -1.+0.j  1.+0.j  1.+0.j  1.+0.j  1.+0.j  1.+0.j  1.+0.j  1.+0.j  1.+0.j  1.+0.j  1.+0.j  1.+0.j  1.+0.j
 -1.+0.j -1.+0.j  1.+0.j  1.+0.j  1.+0.j  1.+0.j -1.+0.j -1.+0.j  1.+0.j  1.+0.j -1.+0.j -1.+0.j -1.+0.j -1.+0.j
  1.+0.j  1.+0.j  1.+0.j  1.+0.j  1.+0.j  1.+0.j  1.+0.j  1.+0.j  1.+0.j  1.+0.j -1.+0.j -1.+0.j  1.+0.j  1.+0.j
 -1.+0.j -1.+0.j  1.+0.j  1.+0.j -1.+0.j -1.+0.j -1.+0.j -1.+0.j  1.+0.j  1.+0.j  1.+0.j  1.+0.j -1.+0.j -1.+0.j
  1.+0.j  1.+0.j -1.+0.j -1.+0.j -1.+0.j -1.+0.j  1.+0.j  1.+0.j  1.+0.j  1.+0.j  1.+0.j  1.+0.j  1.+0.j  1.+0.j
  1.+0.j  1.+0.j  1.+0.j  1.+0.j -1.+0.j -1.+0.j -1.+0.j -1.+0.j  1.+0.j  1.+0.j -1.+0.j -1.+0.j  1.+0.j  1.+0.j
  1.+0.j  1.+0.j -1.+0.j -1.+0.j -1.+0.j -1.+0.j -1.+0.j -1.+0.j -1.+0.j -1.+0.j -1.+0.j -1.+0.j -1.+0.j -1.+0.j
 -1.+0.j -1.+0.j -1.+0.j -1.+0.j -1.+0.j -1.+0.j -1.+0.j -1.+0.j -1.+0.j -1.+0.j -1.+0.j -1.+0.j -1.+0.j -1.+0.j
  1.+0.j  1.+0.j -1.+0.j -1.+0.j -1.+0.j -1.+0.j -1.+0.j -1.+0.j -1.+0.j -1.+0.j  1.+0.j  1.+0.j  1.+0.j  1.+0.j
 -1.+0.j -1.+0.j -1.+0.j -1.+0.j -1.+0.j -1.+0.j  1.+0.j  1.+0.j  1.+0.j  1.+0.j -1.+0.j -1.+0.j  1.+0.j  1.+0.j
  1.+0.j  1.+0.j  1.+0.j  1.+0.j  1.+0.j  1.+0.j  1.+0.j  1.+0.j  1.+0.j  1.+0.j -1.+0.j -1.+0.j  1.+0.j  1.+0.j
  1.+0.j  1.+0.j -1.+0.j -1.+0.j -1.+0.j -1.+0.j -1.+0.j -1.+0.j -1.+0.j -1.+0.j  1.+0.j  1.+0.j  1.+0.j  1.+0.j
 -1.+0.j -1.+0.j -1.+0.j -1.+0.j  1.+0.j  1.+0.j -1.+0.j -1.+0.j  1.+0.j  1.+0.j  1.+0.j  1.+0.j -1.+0.j -1.+0.j
 -1.+0.j -1.+0.j  1.+0.j  1.+0.j -1.+0.j -1.+0.j -1.+0.j -1.+0.j  1.+0.j  1.+0.j -1.+0.j -1.+0.j  1.+0.j  1.+0.j
 -1.+0.j -1.+0.j -1.+0.j -1.+0.j -1.+0.j -1.+0.j  1.+0.j  1.+0.j  1.+0.j  1.+0.j  1.+0.j  1.+0.j  1.+0.j  1.+0.j
  1.+0.j  1.+0.j  1.+0.j  1.+0.j  1.+0.j  1.+0.j -1.+0.j -1.+0.j -1.+0.j -1.+0.j  1.+0.j  1.+0.j  1.+0.j  1.+0.j
  1.+0.j  1.+0.j  1.+0.j  1.+0.j  1.+0.j  1.+0.j  1.+0.j  1.+0.j -1.+0.j -1.+0.j -1.+0.j -1.+0.j -1.+0.j -1.+0.j
  1.+0.j  1.+0.j -1.+0.j -1.+0.j  1.+0.j  1.+0.j -1.+0.j -1.+0.j  1.+0.j  1.+0.j  1.+0.j  1.+0.j  1.+0.j  1.+0.j
  1.+0.j  1.+0.j -1.+0.j -1.+0.j  1.+0.j  1.+0.j  1.+0.j  1.+0.j  1.+0.j  1.+0.j  1.+0.j  1.+0.j  1.+0.j  1.+0.j
  1.+0.j  1.+0.j -1.+0.j -1.+0.j  1.+0.j  1.+0.j  1.+0.j  1.+0.j -1.+0.j -1.+0.j  1.+0.j  1.+0.j -1.+0.j -1.+0.j
 -1.+0.j -1.+0.j  1.+0.j  1.+0.j  1.+0.j  1.+0.j  1.+0.j  1.+0.j  1.+0.j  1.+0.j  1.+0.j  1.+0.j -1.+0.j -1.+0.j
  1.+0.j  1.+0.j -1.+0.j -1.+0.j  1.+0.j  1.+0.j -1.+0.j -1.+0.j -1.+0.j -1.+0.j  1.+0.j  1.+0.j  1.+0.j  1.+0.j
 -1.+0.j -1.+0.j  1.+0.j  1.+0.j -1.+0.j -1.+0.j -1.+0.j -1.+0.j  1.+0.j  1.+0.j  1.+0.j  1.+0.j  1.+0.j  1.+0.j
  1.+0.j  1.+0.j  1.+0.j  1.+0.j  1.+0.j  1.+0.j -1.+0.j -1.+0.j -1.+0.j -1.+0.j  1.+0.j  1.+0.j -1.+0.j -1.+0.j
  1.+0.j  1.+0.j  1.+0.j  1.+0.j -1.+0.j -1.+0.j -1.+0.j -1.+0.j -1.+0.j -1.+0.j -1.+0.j -1.+0.j -1.+0.j -1.+0.j
 -1.+0.j -1.+0.j -1.+0.j -1.+0.j -1.+0.j -1.+0.j -1.+0.j -1.+0.j -1.+0.j -1.+0.j -1.+0.j -1.+0.j -1.+0.j -1.+0.j
 -1.+0.j -1.+0.j  1.+0.j  1.+0.j -1.+0.j -1.+0.j -1.+0.j -1.+0.j -1.+0.j -1.+0.j -1.+0.j -1.+0.j  1.+0.j  1.+0.j
  1.+0.j  1.+0.j -1.+0.j -1.+0.j -1.+0.j -1.+0.j -1.+0.j -1.+0.j  1.+0.j  1.+0.j  1.+0.j  1.+0.j -1.+0.j -1.+0.j
  1.+0.j  1.+0.j  1.+0.j  1.+0.j  1.+0.j  1.+0.j  1.+0.j  1.+0.j  1.+0.j  1.+0.j  1.+0.j  1.+0.j -1.+0.j -1.+0.j
  1.+0.j  1.+0.j  1.+0.j  1.+0.j -1.+0.j -1.+0.j -1.+0.j -1.+0.j -1.+0.j -1.+0.j -1.+0.j -1.+0.j  1.+0.j  1.+0.j
  1.+0.j  1.+0.j -1.+0.j -1.+0.j -1.+0.j -1.+0.j  1.+0.j  1.+0.j -1.+0.j -1.+0.j  1.+0.j  1.+0.j  1.+0.j  1.+0.j
 -1.+0.j -1.+0.j -1.+0.j -1.+0.j  1.+0.j  1.+0.j -1.+0.j -1.+0.j -1.+0.j -1.+0.j  1.+0.j  1.+0.j -1.+0.j -1.+0.j
  1.+0.j  1.+0.j -1.+0.j -1.+0.j -1.+0.j -1.+0.j -1.+0.j -1.+0.j  1.+0.j  1.+0.j  1.+0.j  1.+0.j  1.+0.j  1.+0.j
  1.+0.j  1.+0.j  1.+0.j  1.+0.j  1.+0.j  1.+0.j  1.+0.j  1.+0.j -1.+0.j -1.+0.j -1.+0.j -1.+0.j  1.+0.j  1.+0.j
  1.+0.j  1.+0.j  1.+0.j  1.+0.j  1.+0.j  1.+0.j  1.+0.j  1.+0.j  1.+0.j  1.+0.j -1.+0.j -1.+0.j -1.+0.j -1.+0.j
 -1.+0.j -1.+0.j  1.+0.j  1.+0.j -1.+0.j -1.+0.j  1.+0.j  1.+0.j -1.+0.j -1.+0.j  1.+0.j  1.+0.j  1.+0.j  1.+0.j
  1.+0.j  1.+0.j  1.+0.j  1.+0.j -1.+0.j -1.+0.j  1.+0.j  1.+0.j  1.+0.j  1.+0.j  1.+0.j  1.+0.j  1.+0.j  1.+0.j
  1.+0.j  1.+0.j  1.+0.j  1.+0.j -1.+0.j -1.+0.j  1.+0.j  1.+0.j  1.+0.j  1.+0.j -1.+0.j -1.+0.j  1.+0.j  1.+0.j
 -1.+0.j -1.+0.j -1.+0.j -1.+0.j  1.+0.j  1.+0.j  1.+0.j  1.+0.j  1.+0.j  1.+0.j  1.+0.j  1.+0.j  1.+0.j  1.+0.j
 -1.+0.j -1.+0.j  1.+0.j  1.+0.j -1.+0.j -1.+0.j  1.+0.j  1.+0.j -1.+0.j -1.+0.j -1.+0.j -1.+0.j  1.+0.j  1.+0.j
  1.+0.j  1.+0.j -1.+0.j -1.+0.j  1.+0.j  1.+0.j -1.+0.j -1.+0.j -1.+0.j -1.+0.j  1.+0.j  1.+0.j  1.+0.j  1.+0.j
  1.+0.j  1.+0.j  1.+0.j  1.+0.j  1.+0.j  1.+0.j  1.+0.j  1.+0.j -1.+0.j -1.+0.j -1.+0.j -1.+0.j  1.+0.j  1.+0.j
 -1.+0.j -1.+0.j  1.+0.j  1.+0.j  1.+0.j  1.+0.j -1.+0.j -1.+0.j -1.+0.j -1.+0.j -1.+0.j -1.+0.j -1.+0.j -1.+0.j
 -1.+0.j -1.+0.j -1.+0.j -1.+0.j -1.+0.j -1.+0.j -1.+0.j -1.+0.j -1.+0.j -1.+0.j -1.+0.j -1.+0.j -1.+0.j -1.+0.j
 -1.+0.j -1.+0.j -1.+0.j -1.+0.j  1.+0.j  1.+0.j -1.+0.j -1.+0.j -1.+0.j -1.+0.j -1.+0.j -1.+0.j -1.+0.j -1.+0.j
  1.+0.j  1.+0.j  1.+0.j  1.+0.j -1.+0.j -1.+0.j -1.+0.j -1.+0.j -1.+0.j -1.+0.j  1.+0.j  1.+0.j  1.+0.j  1.+0.j
 -1.+0.j -1.+0.j  1.+0.j  1.+0.j  1.+0.j  1.+0.j  1.+0.j  1.+0.j  1.+0.j  1.+0.j  1.+0.j  1.+0.j  1.+0.j  1.+0.j
 -1.+0.j -1.+0.j  1.+0.j  1.+0.j  1.+0.j  1.+0.j -1.+0.j -1.+0.j -1.+0.j -1.+0.j -1.+0.j -1.+0.j -1.+0.j -1.+0.j
  1.+0.j  1.+0.j  1.+0.j  1.+0.j -1.+0.j -1.+0.j -1.+0.j -1.+0.j  1.+0.j  1.+0.j -1.+0.j -1.+0.j  1.+0.j  1.+0.j
  1.+0.j  1.+0.j -1.+0.j -1.+0.j -1.+0.j -1.+0.j  1.+0.j  1.+0.j -1.+0.j -1.+0.j -1.+0.j -1.+0.j  1.+0.j  1.+0.j
 -1.+0.j -1.+0.j  1.+0.j  1.+0.j -1.+0.j -1.+0.j -1.+0.j -1.+0.j -1.+0.j -1.+0.j  1.+0.j  1.+0.j  1.+0.j  1.+0.j
  1.+0.j  1.+0.j  1.+0.j  1.+0.j  1.+0.j  1.+0.j  1.+0.j  1.+0.j  1.+0.j  1.+0.j -1.+0.j -1.+0.j -1.+0.j -1.+0.j
  1.+0.j  1.+0.j  1.+0.j  1.+0.j  1.+0.j  1.+0.j  1.+0.j  1.+0.j  1.+0.j  1.+0.j  1.+0.j  1.+0.j -1.+0.j -1.+0.j
 -1.+0.j -1.+0.j -1.+0.j -1.+0.j  1.+0.j  1.+0.j -1.+0.j -1.+0.j  1.+0.j  1.+0.j -1.+0.j -1.+0.j  1.+0.j  1.+0.j
  1.+0.j  1.+0.j  1.+0.j  1.+0.j  1.+0.j  1.+0.j -1.+0.j -1.+0.j  1.+0.j  1.+0.j  1.+0.j  1.+0.j  1.+0.j  1.+0.j
  1.+0.j  1.+0.j  1.+0.j  1.+0.j  1.+0.j  1.+0.j -1.+0.j -1.+0.j  1.+0.j  1.+0.j  1.+0.j  1.+0.j -1.+0.j -1.+0.j
  1.+0.j  1.+0.j -1.+0.j -1.+0.j -1.+0.j -1.+0.j  1.+0.j  1.+0.j  1.+0.j  1.+0.j  1.+0.j  1.+0.j  1.+0.j  1.+0.j
  1.+0.j  1.+0.j -1.+0.j -1.+0.j  1.+0.j  1.+0.j -1.+0.j -1.+0.j  1.+0.j  1.+0.j -1.+0.j -1.+0.j -1.+0.j -1.+0.j
  1.+0.j  1.+0.j  1.+0.j  1.+0.j -1.+0.j -1.+0.j  1.+0.j  1.+0.j -1.+0.j -1.+0.j -1.+0.j -1.+0.j  1.+0.j  1.+0.j
  1.+0.j  1.+0.j  1.+0.j  1.+0.j  1.+0.j  1.+0.j  1.+0.j  1.+0.j  1.+0.j  1.+0.j -1.+0.j -1.+0.j -1.+0.j -1.+0.j
  1.+0.j  1.+0.j -1.+0.j -1.+0.j  1.+0.j  1.+0.j  1.+0.j  1.+0.j -1.+0.j -1.+0.j  1.-0.j  1.-0.j  1.-0.j  1.-0.j
  1.-0.j  1.-0.j  1.-0.j  1.-0.j  1.-0.j  1.-0.j  1.-0.j  1.-0.j  1.-0.j  1.-0.j  1.-0.j  1.-0.j  1.-0.j  1.-0.j
  1.-0.j  1.-0.j  1.-0.j  1.-0.j  1.-0.j  1.-0.j -1.+0.j -1.+0.j  1.-0.j  1.-0.j  1.-0.j  1.-0.j  1.-0.j  1.-0.j
  1.-0.j  1.-0.j -1.+0.j -1.+0.j -1.+0.j -1.+0.j  1.-0.j  1.-0.j  1.-0.j  1.-0.j  1.-0.j  1.-0.j -1.+0.j -1.+0.j
 -1.+0.j -1.+0.j  1.-0.j  1.-0.j -1.+0.j -1.+0.j -1.+0.j -1.+0.j -1.+0.j -1.+0.j -1.+0.j -1.+0.j -1.+0.j -1.+0.j
 -1.+0.j -1.+0.j  1.-0.j  1.-0.j -1.+0.j -1.+0.j -1.+0.j -1.+0.j  1.-0.j  1.-0.j  1.-0.j  1.-0.j  1.-0.j  1.-0.j
  1.-0.j  1.-0.j -1.+0.j -1.+0.j -1.+0.j -1.+0.j  1.-0.j  1.-0.j  1.-0.j  1.-0.j -1.+0.j -1.+0.j  1.-0.j  1.-0.j
 -1.+0.j -1.+0.j -1.+0.j -1.+0.j  1.-0.j  1.-0.j  1.-0.j  1.-0.j -1.+0.j -1.+0.j  1.-0.j  1.-0.j  1.-0.j  1.-0.j
 -1.+0.j -1.+0.j  1.-0.j  1.-0.j -1.+0.j -1.+0.j  1.-0.j  1.-0.j  1.-0.j  1.-0.j  1.-0.j  1.-0.j -1.+0.j -1.+0.j
 -1.+0.j -1.+0.j -1.+0.j -1.+0.j -1.+0.j -1.+0.j -1.+0.j -1.+0.j -1.+0.j -1.+0.j -1.+0.j -1.+0.j  1.-0.j  1.-0.j
  1.-0.j  1.-0.j -1.+0.j -1.+0.j -1.+0.j -1.+0.j -1.+0.j -1.+0.j -1.+0.j -1.+0.j -1.+0.j -1.+0.j -1.+0.j -1.+0.j
  1.-0.j  1.-0.j  1.-0.j  1.-0.j  1.-0.j  1.-0.j -1.+0.j -1.+0.j  1.-0.j  1.-0.j -1.+0.j -1.+0.j  1.-0.j  1.-0.j
 -1.+0.j -1.+0.j -1.+0.j -1.+0.j -1.+0.j -1.+0.j -1.+0.j -1.+0.j  1.-0.j  1.-0.j -1.+0.j -1.+0.j -1.+0.j -1.+0.j
 -1.+0.j -1.+0.j -1.+0.j -1.+0.j -1.+0.j -1.+0.j -1.+0.j -1.+0.j  1.-0.j  1.-0.j -1.+0.j -1.+0.j -1.+0.j -1.+0.j
  1.-0.j  1.-0.j -1.+0.j -1.+0.j  1.-0.j  1.-0.j  1.-0.j  1.-0.j -1.+0.j -1.+0.j -1.+0.j -1.+0.j -1.+0.j -1.+0.j
 -1.+0.j -1.+0.j -1.+0.j -1.+0.j  1.-0.j  1.-0.j -1.+0.j -1.+0.j  1.-0.j  1.-0.j -1.+0.j -1.+0.j  1.-0.j  1.-0.j
  1.-0.j  1.-0.j -1.+0.j -1.+0.j -1.+0.j -1.+0.j  1.-0.j  1.-0.j -1.+0.j -1.+0.j  1.-0.j  1.-0.j  1.-0.j  1.-0.j
 -1.+0.j -1.+0.j -1.+0.j -1.+0.j -1.+0.j -1.+0.j -1.+0.j -1.+0.j -1.+0.j -1.+0.j -1.+0.j -1.+0.j  1.-0.j  1.-0.j
  1.-0.j  1.-0.j -1.+0.j -1.+0.j  1.-0.j  1.-0.j -1.+0.j -1.+0.j -1.+0.j -1.+0.j  1.-0.j  1.-0.j -1.+0.j -1.+0.j
 -1.+0.j -1.+0.j -1.+0.j -1.+0.j -1.+0.j -1.+0.j -1.+0.j -1.+0.j -1.+0.j -1.+0.j -1.+0.j -1.+0.j -1.+0.j -1.+0.j
 -1.+0.j -1.+0.j -1.+0.j -1.+0.j -1.+0.j -1.+0.j -1.+0.j -1.+0.j  1.+0.j  1.+0.j -1.+0.j -1.+0.j -1.+0.j -1.+0.j
 -1.+0.j -1.+0.j -1.+0.j -1.+0.j  1.+0.j  1.+0.j  1.+0.j  1.+0.j -1.+0.j -1.+0.j -1.+0.j -1.+0.j -1.+0.j -1.+0.j
  1.+0.j  1.+0.j  1.+0.j  1.+0.j -1.+0.j -1.+0.j  1.+0.j  1.+0.j  1.+0.j  1.+0.j  1.+0.j  1.+0.j  1.+0.j  1.+0.j
  1.+0.j  1.+0.j  1.+0.j  1.+0.j -1.+0.j -1.+0.j  1.+0.j  1.+0.j  1.+0.j  1.+0.j -1.+0.j -1.+0.j -1.+0.j -1.+0.j
 -1.+0.j -1.+0.j -1.+0.j -1.+0.j  1.+0.j  1.+0.j  1.+0.j  1.+0.j -1.+0.j -1.+0.j -1.+0.j -1.+0.j  1.+0.j  1.+0.j
 -1.+0.j -1.+0.j  1.+0.j  1.+0.j  1.+0.j  1.+0.j -1.+0.j -1.+0.j -1.+0.j -1.+0.j  1.+0.j  1.+0.j -1.+0.j -1.+0.j
 -1.+0.j -1.+0.j  1.+0.j  1.+0.j -1.+0.j -1.+0.j  1.+0.j  1.+0.j -1.+0.j -1.+0.j -1.+0.j -1.+0.j -1.+0.j -1.+0.j
  1.+0.j  1.+0.j  1.+0.j  1.+0.j  1.+0.j  1.+0.j  1.+0.j  1.+0.j  1.+0.j  1.+0.j  1.+0.j  1.+0.j  1.+0.j  1.+0.j
 -1.+0.j -1.+0.j -1.+0.j -1.+0.j  1.+0.j  1.+0.j  1.+0.j  1.+0.j  1.+0.j  1.+0.j  1.+0.j  1.+0.j  1.+0.j  1.+0.j
  1.+0.j  1.+0.j -1.+0.j -1.+0.j -1.+0.j -1.+0.j -1.+0.j -1.+0.j  1.+0.j  1.+0.j -1.+0.j -1.+0.j  1.+0.j  1.+0.j
 -1.+0.j -1.+0.j  1.+0.j  1.+0.j  1.+0.j  1.+0.j  1.+0.j  1.+0.j  1.+0.j  1.+0.j -1.+0.j -1.+0.j  1.+0.j  1.+0.j
  1.+0.j  1.+0.j  1.+0.j  1.+0.j  1.+0.j  1.+0.j  1.+0.j  1.+0.j  1.+0.j  1.+0.j -1.+0.j -1.+0.j  1.+0.j  1.+0.j
  1.+0.j  1.+0.j -1.+0.j -1.+0.j  1.+0.j  1.+0.j -1.+0.j -1.+0.j -1.+0.j -1.+0.j  1.+0.j  1.+0.j  1.+0.j  1.+0.j
  1.+0.j  1.+0.j  1.+0.j  1.+0.j  1.+0.j  1.+0.j -1.+0.j -1.+0.j  1.+0.j  1.+0.j -1.+0.j -1.+0.j  1.+0.j  1.+0.j
 -1.+0.j -1.+0.j -1.+0.j -1.+0.j  1.+0.j  1.+0.j  1.+0.j  1.+0.j -1.+0.j -1.+0.j  1.+0.j  1.+0.j -1.+0.j -1.+0.j
 -1.+0.j -1.+0.j  1.+0.j  1.+0.j  1.+0.j  1.+0.j  1.+0.j  1.+0.j  1.+0.j  1.+0.j  1.+0.j  1.+0.j  1.+0.j  1.+0.j
 -1.+0.j -1.+0.j -1.+0.j -1.+0.j  1.+0.j  1.+0.j -1.+0.j -1.+0.j  1.+0.j  1.+0.j  1.+0.j  1.+0.j -1.+0.j -1.+0.j
  1.-0.j  1.-0.j  1.-0.j  1.-0.j  1.-0.j  1.-0.j  1.-0.j  1.-0.j  1.-0.j  1.-0.j  1.-0.j  1.-0.j  1.-0.j  1.-0.j
  1.-0.j  1.-0.j  1.-0.j  1.-0.j  1.-0.j  1.-0.j  1.-0.j  1.-0.j  1.-0.j  1.-0.j -1.+0.j -1.+0.j  1.-0.j  1.-0.j
  1.-0.j  1.-0.j  1.-0.j  1.-0.j  1.-0.j  1.-0.j -1.+0.j -1.+0.j -1.+0.j -1.+0.j  1.-0.j  1.-0.j  1.-0.j  1.-0.j
  1.-0.j  1.-0.j -1.+0.j -1.+0.j -1.+0.j -1.+0.j  1.-0.j  1.-0.j -1.+0.j -1.+0.j -1.+0.j -1.+0.j -1.+0.j -1.+0.j
 -1.+0.j -1.+0.j -1.+0.j -1.+0.j -1.+0.j -1.+0.j  1.-0.j  1.-0.j -1.+0.j -1.+0.j -1.+0.j -1.+0.j  1.-0.j  1.-0.j
  1.-0.j  1.-0.j  1.-0.j  1.-0.j  1.-0.j  1.-0.j -1.+0.j -1.+0.j -1.+0.j -1.+0.j  1.-0.j  1.-0.j  1.-0.j  1.-0.j
 -1.+0.j -1.+0.j  1.-0.j  1.-0.j -1.+0.j -1.+0.j -1.+0.j -1.+0.j  1.-0.j  1.-0.j  1.-0.j  1.-0.j -1.+0.j -1.+0.j
  1.-0.j  1.-0.j  1.-0.j  1.-0.j -1.+0.j -1.+0.j  1.-0.j  1.-0.j -1.+0.j -1.+0.j  1.-0.j  1.-0.j  1.-0.j  1.-0.j
  1.-0.j  1.-0.j -1.+0.j -1.+0.j -1.+0.j -1.+0.j -1.+0.j -1.+0.j -1.+0.j -1.+0.j -1.+0.j -1.+0.j -1.+0.j -1.+0.j
 -1.+0.j -1.+0.j  1.-0.j  1.-0.j  1.-0.j  1.-0.j -1.+0.j -1.+0.j -1.+0.j -1.+0.j -1.+0.j -1.+0.j -1.+0.j -1.+0.j
 -1.+0.j -1.+0.j -1.+0.j -1.+0.j  1.-0.j  1.-0.j  1.-0.j  1.-0.j  1.-0.j  1.-0.j -1.+0.j -1.+0.j  1.-0.j  1.-0.j
 -1.+0.j -1.+0.j  1.-0.j  1.-0.j -1.+0.j -1.+0.j -1.+0.j -1.+0.j -1.+0.j -1.+0.j -1.+0.j -1.+0.j  1.-0.j  1.-0.j
 -1.+0.j -1.+0.j -1.+0.j -1.+0.j -1.+0.j -1.+0.j -1.+0.j -1.+0.j -1.+0.j -1.+0.j -1.+0.j -1.+0.j  1.-0.j  1.-0.j
 -1.+0.j -1.+0.j -1.+0.j -1.+0.j  1.-0.j  1.-0.j -1.+0.j -1.+0.j  1.-0.j  1.-0.j  1.-0.j  1.-0.j -1.+0.j -1.+0.j
 -1.+0.j -1.+0.j -1.+0.j -1.+0.j -1.+0.j -1.+0.j -1.+0.j -1.+0.j  1.-0.j  1.-0.j -1.+0.j -1.+0.j  1.-0.j  1.-0.j
 -1.+0.j -1.+0.j  1.-0.j  1.-0.j  1.-0.j  1.-0.j -1.+0.j -1.+0.j -1.+0.j -1.+0.j  1.-0.j  1.-0.j -1.+0.j -1.+0.j
  1.-0.j  1.-0.j  1.-0.j  1.-0.j -1.+0.j -1.+0.j -1.+0.j -1.+0.j -1.+0.j -1.+0.j -1.+0.j -1.+0.j -1.+0.j -1.+0.j
 -1.+0.j -1.+0.j  1.-0.j  1.-0.j  1.-0.j  1.-0.j -1.+0.j -1.+0.j  1.-0.j  1.-0.j -1.+0.j -1.+0.j -1.+0.j -1.+0.j
  1.-0.j  1.-0.j -1.+0.j -1.+0.j -1.+0.j -1.+0.j -1.+0.j -1.+0.j -1.+0.j -1.+0.j -1.+0.j -1.+0.j -1.+0.j -1.+0.j
 -1.+0.j -1.+0.j -1.+0.j -1.+0.j -1.+0.j -1.+0.j -1.+0.j -1.+0.j -1.+0.j -1.+0.j -1.+0.j -1.+0.j  1.+0.j  1.+0.j
 -1.+0.j -1.+0.j -1.+0.j -1.+0.j -1.+0.j -1.+0.j -1.+0.j -1.+0.j  1.+0.j  1.+0.j  1.+0.j  1.+0.j -1.+0.j -1.+0.j
 -1.+0.j -1.+0.j -1.+0.j -1.+0.j  1.+0.j  1.+0.j  1.+0.j  1.+0.j -1.+0.j -1.+0.j  1.+0.j  1.+0.j  1.+0.j  1.+0.j
  1.+0.j  1.+0.j  1.+0.j  1.+0.j  1.+0.j  1.+0.j  1.+0.j  1.+0.j -1.+0.j -1.+0.j  1.+0.j  1.+0.j  1.+0.j  1.+0.j
 -1.+0.j -1.+0.j -1.+0.j -1.+0.j -1.+0.j -1.+0.j -1.+0.j -1.+0.j  1.+0.j  1.+0.j  1.+0.j  1.+0.j -1.+0.j -1.+0.j
 -1.+0.j -1.+0.j  1.+0.j  1.+0.j -1.+0.j -1.+0.j  1.+0.j  1.+0.j  1.+0.j  1.+0.j -1.+0.j -1.+0.j -1.+0.j -1.+0.j
  1.+0.j  1.+0.j -1.+0.j -1.+0.j -1.+0.j -1.+0.j  1.+0.j  1.+0.j -1.+0.j -1.+0.j  1.+0.j  1.+0.j -1.+0.j -1.+0.j
 -1.+0.j -1.+0.j -1.+0.j -1.+0.j  1.+0.j  1.+0.j  1.+0.j  1.+0.j  1.+0.j  1.+0.j  1.+0.j  1.+0.j  1.+0.j  1.+0.j
  1.+0.j  1.+0.j  1.+0.j  1.+0.j -1.+0.j -1.+0.j -1.+0.j -1.+0.j  1.+0.j  1.+0.j  1.+0.j  1.+0.j  1.+0.j  1.+0.j
  1.+0.j  1.+0.j  1.+0.j  1.+0.j  1.+0.j  1.+0.j -1.+0.j -1.+0.j -1.+0.j -1.+0.j -1.+0.j -1.+0.j  1.+0.j  1.+0.j
 -1.+0.j -1.+0.j  1.+0.j  1.+0.j -1.+0.j -1.+0.j  1.+0.j  1.+0.j  1.+0.j  1.+0.j  1.+0.j  1.+0.j  1.+0.j  1.+0.j
 -1.+0.j -1.+0.j  1.+0.j  1.+0.j  1.+0.j  1.+0.j  1.+0.j  1.+0.j  1.+0.j  1.+0.j  1.+0.j  1.+0.j  1.+0.j  1.+0.j
 -1.+0.j -1.+0.j  1.+0.j  1.+0.j  1.+0.j  1.+0.j -1.+0.j -1.+0.j  1.+0.j  1.+0.j -1.+0.j -1.+0.j -1.+0.j -1.+0.j
  1.+0.j  1.+0.j  1.+0.j  1.+0.j  1.+0.j  1.+0.j  1.+0.j  1.+0.j  1.+0.j  1.+0.j -1.+0.j -1.+0.j  1.+0.j  1.+0.j
 -1.+0.j -1.+0.j  1.+0.j  1.+0.j -1.+0.j -1.+0.j -1.+0.j -1.+0.j  1.+0.j  1.+0.j  1.+0.j  1.+0.j -1.+0.j -1.+0.j
  1.+0.j  1.+0.j -1.+0.j -1.+0.j -1.+0.j -1.+0.j  1.+0.j  1.+0.j  1.+0.j  1.+0.j  1.+0.j  1.+0.j  1.+0.j  1.+0.j
  1.+0.j  1.+0.j  1.+0.j  1.+0.j -1.+0.j -1.+0.j -1.+0.j -1.+0.j  1.+0.j  1.+0.j -1.+0.j -1.+0.j  1.+0.j  1.+0.j
  1.+0.j  1.+0.j -1.+0.j -1.+0.j -1.+0.j -1.+0.j -1.+0.j -1.+0.j -1.+0.j -1.+0.j -1.+0.j -1.+0.j -1.+0.j -1.+0.j
 -1.+0.j -1.+0.j -1.+0.j -1.+0.j -1.+0.j -1.+0.j -1.+0.j -1.+0.j -1.+0.j -1.+0.j -1.+0.j -1.+0.j -1.+0.j -1.+0.j
  1.+0.j  1.+0.j -1.+0.j -1.+0.j -1.+0.j -1.+0.j -1.+0.j -1.+0.j -1.+0.j -1.+0.j  1.+0.j  1.+0.j  1.+0.j  1.+0.j
 -1.+0.j -1.+0.j -1.+0.j -1.+0.j -1.+0.j -1.+0.j  1.+0.j  1.+0.j  1.+0.j  1.+0.j -1.+0.j -1.+0.j  1.+0.j  1.+0.j
  1.+0.j  1.+0.j  1.+0.j  1.+0.j  1.+0.j  1.+0.j  1.+0.j  1.+0.j  1.+0.j  1.+0.j -1.+0.j -1.+0.j  1.+0.j  1.+0.j
  1.+0.j  1.+0.j -1.+0.j -1.+0.j -1.+0.j -1.+0.j -1.+0.j -1.+0.j -1.+0.j -1.+0.j  1.+0.j  1.+0.j  1.+0.j  1.+0.j
 -1.+0.j -1.+0.j -1.+0.j -1.+0.j  1.+0.j  1.+0.j -1.+0.j -1.+0.j  1.+0.j  1.+0.j  1.+0.j  1.+0.j -1.+0.j -1.+0.j
 -1.+0.j -1.+0.j  1.+0.j  1.+0.j -1.+0.j -1.+0.j -1.+0.j -1.+0.j  1.+0.j  1.+0.j -1.+0.j -1.+0.j  1.+0.j  1.+0.j
 -1.+0.j -1.+0.j -1.+0.j -1.+0.j -1.+0.j -1.+0.j  1.+0.j  1.+0.j  1.+0.j  1.+0.j  1.+0.j  1.+0.j  1.+0.j  1.+0.j
  1.+0.j  1.+0.j  1.+0.j  1.+0.j  1.+0.j  1.+0.j -1.+0.j -1.+0.j -1.+0.j -1.+0.j  1.+0.j  1.+0.j  1.+0.j  1.+0.j
  1.+0.j  1.+0.j  1.+0.j  1.+0.j  1.+0.j  1.+0.j  1.+0.j  1.+0.j -1.+0.j -1.+0.j -1.+0.j -1.+0.j -1.+0.j -1.+0.j
  1.+0.j  1.+0.j -1.+0.j -1.+0.j  1.+0.j  1.+0.j -1.+0.j -1.+0.j  1.+0.j  1.+0.j  1.+0.j  1.+0.j  1.+0.j  1.+0.j
  1.+0.j  1.+0.j -1.+0.j -1.+0.j  1.+0.j  1.+0.j  1.+0.j  1.+0.j  1.+0.j  1.+0.j  1.+0.j  1.+0.j  1.+0.j  1.+0.j
  1.+0.j  1.+0.j -1.+0.j -1.+0.j  1.+0.j  1.+0.j  1.+0.j  1.+0.j -1.+0.j -1.+0.j  1.+0.j  1.+0.j -1.+0.j -1.+0.j
 -1.+0.j -1.+0.j  1.+0.j  1.+0.j  1.+0.j  1.+0.j  1.+0.j  1.+0.j  1.+0.j  1.+0.j  1.+0.j  1.+0.j -1.+0.j -1.+0.j
  1.+0.j  1.+0.j -1.+0.j -1.+0.j  1.+0.j  1.+0.j -1.+0.j -1.+0.j -1.+0.j -1.+0.j  1.+0.j  1.+0.j  1.+0.j  1.+0.j
 -1.+0.j -1.+0.j  1.+0.j  1.+0.j -1.+0.j -1.+0.j -1.+0.j -1.+0.j  1.+0.j  1.+0.j  1.+0.j  1.+0.j  1.+0.j  1.+0.j
  1.+0.j  1.+0.j  1.+0.j  1.+0.j  1.+0.j  1.+0.j -1.+0.j -1.+0.j -1.+0.j -1.+0.j  1.+0.j  1.+0.j -1.+0.j -1.+0.j
  1.+0.j  1.+0.j  1.+0.j  1.+0.j -1.+0.j -1.+0.j  1.-0.j  1.-0.j  1.-0.j  1.-0.j  1.-0.j  1.-0.j  1.-0.j  1.-0.j
  1.-0.j  1.-0.j  1.-0.j  1.-0.j  1.-0.j  1.-0.j  1.-0.j  1.-0.j  1.-0.j  1.-0.j  1.-0.j  1.-0.j  1.-0.j  1.-0.j
  1.-0.j  1.-0.j -1.+0.j -1.+0.j  1.-0.j  1.-0.j  1.-0.j  1.-0.j  1.-0.j  1.-0.j  1.-0.j  1.-0.j -1.+0.j -1.+0.j
 -1.+0.j -1.+0.j  1.-0.j  1.-0.j  1.-0.j  1.-0.j  1.-0.j  1.-0.j -1.+0.j -1.+0.j -1.+0.j -1.+0.j  1.-0.j  1.-0.j
 -1.+0.j -1.+0.j -1.+0.j -1.+0.j -1.+0.j -1.+0.j -1.+0.j -1.+0.j -1.+0.j -1.+0.j -1.+0.j -1.+0.j  1.-0.j  1.-0.j
 -1.+0.j -1.+0.j -1.+0.j -1.+0.j  1.-0.j  1.-0.j  1.-0.j  1.-0.j  1.-0.j  1.-0.j  1.-0.j  1.-0.j -1.+0.j -1.+0.j
 -1.+0.j -1.+0.j  1.-0.j  1.-0.j  1.-0.j  1.-0.j -1.+0.j -1.+0.j  1.-0.j  1.-0.j -1.+0.j -1.+0.j -1.+0.j -1.+0.j
  1.-0.j  1.-0.j  1.-0.j  1.-0.j -1.+0.j -1.+0.j  1.-0.j  1.-0.j  1.-0.j  1.-0.j -1.+0.j -1.+0.j  1.-0.j  1.-0.j
 -1.+0.j -1.+0.j  1.-0.j  1.-0.j  1.-0.j  1.-0.j  1.-0.j  1.-0.j -1.+0.j -1.+0.j -1.+0.j -1.+0.j -1.+0.j -1.+0.j
 -1.+0.j -1.+0.j -1.+0.j -1.+0.j -1.+0.j -1.+0.j -1.+0.j -1.+0.j  1.-0.j  1.-0.j  1.-0.j  1.-0.j -1.+0.j -1.+0.j
 -1.+0.j -1.+0.j -1.+0.j -1.+0.j -1.+0.j -1.+0.j -1.+0.j -1.+0.j -1.+0.j -1.+0.j  1.-0.j  1.-0.j  1.-0.j  1.-0.j
  1.-0.j  1.-0.j -1.+0.j -1.+0.j  1.-0.j  1.-0.j -1.+0.j -1.+0.j  1.-0.j  1.-0.j -1.+0.j -1.+0.j -1.+0.j -1.+0.j
 -1.+0.j -1.+0.j -1.+0.j -1.+0.j  1.-0.j  1.-0.j -1.+0.j -1.+0.j -1.+0.j -1.+0.j -1.+0.j -1.+0.j -1.+0.j -1.+0.j
 -1.+0.j -1.+0.j -1.+0.j -1.+0.j  1.-0.j  1.-0.j -1.+0.j -1.+0.j -1.+0.j -1.+0.j  1.-0.j  1.-0.j -1.+0.j -1.+0.j
  1.-0.j  1.-0.j  1.-0.j  1.-0.j -1.+0.j -1.+0.j -1.+0.j -1.+0.j -1.+0.j -1.+0.j -1.+0.j -1.+0.j -1.+0.j -1.+0.j
  1.-0.j  1.-0.j -1.+0.j -1.+0.j  1.-0.j  1.-0.j -1.+0.j -1.+0.j  1.-0.j  1.-0.j  1.-0.j  1.-0.j -1.+0.j -1.+0.j
 -1.+0.j -1.+0.j  1.-0.j  1.-0.j -1.+0.j -1.+0.j  1.-0.j  1.-0.j  1.-0.j  1.-0.j -1.+0.j -1.+0.j -1.+0.j -1.+0.j
 -1.+0.j -1.+0.j -1.+0.j -1.+0.j -1.+0.j -1.+0.j -1.+0.j -1.+0.j  1.-0.j  1.-0.j  1.-0.j  1.-0.j -1.+0.j -1.+0.j
  1.-0.j  1.-0.j -1.+0.j -1.+0.j -1.+0.j -1.+0.j  1.-0.j  1.-0.j -1.+0.j -1.+0.j -1.+0.j -1.+0.j -1.+0.j -1.+0.j
 -1.+0.j -1.+0.j -1.+0.j -1.+0.j -1.+0.j -1.+0.j -1.+0.j -1.+0.j -1.+0.j -1.+0.j -1.+0.j -1.+0.j -1.+0.j -1.+0.j
 -1.+0.j -1.+0.j -1.+0.j -1.+0.j  1.+0.j  1.+0.j -1.+0.j -1.+0.j -1.+0.j -1.+0.j -1.+0.j -1.+0.j -1.+0.j -1.+0.j
  1.+0.j  1.+0.j  1.+0.j  1.+0.j -1.+0.j -1.+0.j -1.+0.j -1.+0.j -1.+0.j -1.+0.j  1.+0.j  1.+0.j  1.+0.j  1.+0.j
 -1.+0.j -1.+0.j  1.+0.j  1.+0.j  1.+0.j  1.+0.j  1.+0.j  1.+0.j  1.+0.j  1.+0.j  1.+0.j  1.+0.j  1.+0.j  1.+0.j
 -1.+0.j -1.+0.j  1.+0.j  1.+0.j  1.+0.j  1.+0.j -1.+0.j -1.+0.j -1.+0.j -1.+0.j -1.+0.j -1.+0.j -1.+0.j -1.+0.j
  1.+0.j  1.+0.j  1.+0.j  1.+0.j -1.+0.j -1.+0.j -1.+0.j -1.+0.j  1.+0.j  1.+0.j -1.+0.j -1.+0.j  1.+0.j  1.+0.j
  1.+0.j  1.+0.j -1.+0.j -1.+0.j -1.+0.j -1.+0.j  1.+0.j  1.+0.j -1.+0.j -1.+0.j -1.+0.j -1.+0.j  1.+0.j  1.+0.j
 -1.+0.j -1.+0.j  1.+0.j  1.+0.j -1.+0.j -1.+0.j -1.+0.j -1.+0.j -1.+0.j -1.+0.j  1.+0.j  1.+0.j  1.+0.j  1.+0.j
  1.+0.j  1.+0.j  1.+0.j  1.+0.j  1.+0.j  1.+0.j  1.+0.j  1.+0.j  1.+0.j  1.+0.j -1.+0.j -1.+0.j -1.+0.j -1.+0.j
  1.+0.j  1.+0.j  1.+0.j  1.+0.j  1.+0.j  1.+0.j  1.+0.j  1.+0.j  1.+0.j  1.+0.j  1.+0.j  1.+0.j -1.+0.j -1.+0.j
 -1.+0.j -1.+0.j -1.+0.j -1.+0.j  1.+0.j  1.+0.j -1.+0.j -1.+0.j  1.+0.j  1.+0.j -1.+0.j -1.+0.j  1.+0.j  1.+0.j
  1.+0.j  1.+0.j  1.+0.j  1.+0.j  1.+0.j  1.+0.j -1.+0.j -1.+0.j  1.+0.j  1.+0.j  1.+0.j  1.+0.j  1.+0.j  1.+0.j
  1.+0.j  1.+0.j  1.+0.j  1.+0.j  1.+0.j  1.+0.j -1.+0.j -1.+0.j  1.+0.j  1.+0.j  1.+0.j  1.+0.j -1.+0.j -1.+0.j
  1.+0.j  1.+0.j -1.+0.j -1.+0.j -1.+0.j -1.+0.j  1.+0.j  1.+0.j  1.+0.j  1.+0.j  1.+0.j  1.+0.j  1.+0.j  1.+0.j
  1.+0.j  1.+0.j -1.+0.j -1.+0.j  1.+0.j  1.+0.j -1.+0.j -1.+0.j  1.+0.j  1.+0.j -1.+0.j -1.+0.j -1.+0.j -1.+0.j
  1.+0.j  1.+0.j  1.+0.j  1.+0.j -1.+0.j -1.+0.j  1.+0.j  1.+0.j -1.+0.j -1.+0.j -1.+0.j -1.+0.j  1.+0.j  1.+0.j
  1.+0.j  1.+0.j  1.+0.j  1.+0.j  1.+0.j  1.+0.j  1.+0.j  1.+0.j  1.+0.j  1.+0.j -1.+0.j -1.+0.j -1.+0.j -1.+0.j
  1.+0.j  1.+0.j -1.+0.j -1.+0.j  1.+0.j  1.+0.j  1.+0.j  1.+0.j -1.+0.j -1.+0.j  1.-0.j  1.-0.j  1.-0.j  1.-0.j
  1.-0.j  1.-0.j  1.-0.j  1.-0.j  1.-0.j  1.-0.j  1.-0.j  1.-0.j  1.-0.j  1.-0.j  1.-0.j  1.-0.j  1.-0.j  1.-0.j
  1.-0.j  1.-0.j  1.-0.j  1.-0.j  1.-0.j  1.-0.j -1.+0.j -1.+0.j  1.-0.j  1.-0.j  1.-0.j  1.-0.j  1.-0.j  1.-0.j
  1.-0.j  1.-0.j -1.+0.j -1.+0.j -1.+0.j -1.+0.j  1.-0.j  1.-0.j  1.-0.j  1.-0.j  1.-0.j  1.-0.j -1.+0.j -1.+0.j
 -1.+0.j -1.+0.j  1.-0.j  1.-0.j -1.+0.j -1.+0.j -1.+0.j -1.+0.j -1.+0.j -1.+0.j -1.+0.j -1.+0.j -1.+0.j -1.+0.j
 -1.+0.j -1.+0.j  1.-0.j  1.-0.j -1.+0.j -1.+0.j -1.+0.j -1.+0.j  1.-0.j  1.-0.j  1.-0.j  1.-0.j  1.-0.j  1.-0.j
  1.-0.j  1.-0.j -1.+0.j -1.+0.j -1.+0.j -1.+0.j  1.-0.j  1.-0.j  1.-0.j  1.-0.j -1.+0.j -1.+0.j  1.-0.j  1.-0.j
 -1.+0.j -1.+0.j -1.+0.j -1.+0.j  1.-0.j  1.-0.j  1.-0.j  1.-0.j -1.+0.j -1.+0.j  1.-0.j  1.-0.j  1.-0.j  1.-0.j
 -1.+0.j -1.+0.j  1.-0.j  1.-0.j -1.+0.j -1.+0.j  1.-0.j  1.-0.j  1.-0.j  1.-0.j  1.-0.j  1.-0.j -1.+0.j -1.+0.j
 -1.+0.j -1.+0.j -1.+0.j -1.+0.j -1.+0.j -1.+0.j -1.+0.j -1.+0.j -1.+0.j -1.+0.j -1.+0.j -1.+0.j  1.-0.j  1.-0.j
  1.-0.j  1.-0.j -1.+0.j -1.+0.j -1.+0.j -1.+0.j -1.+0.j -1.+0.j -1.+0.j -1.+0.j -1.+0.j -1.+0.j -1.+0.j -1.+0.j
  1.-0.j  1.-0.j  1.-0.j  1.-0.j  1.-0.j  1.-0.j -1.+0.j -1.+0.j  1.-0.j  1.-0.j -1.+0.j -1.+0.j  1.-0.j  1.-0.j
 -1.+0.j -1.+0.j -1.+0.j -1.+0.j -1.+0.j -1.+0.j -1.+0.j -1.+0.j  1.-0.j  1.-0.j -1.+0.j -1.+0.j -1.+0.j -1.+0.j
 -1.+0.j -1.+0.j -1.+0.j -1.+0.j -1.+0.j -1.+0.j -1.+0.j -1.+0.j  1.-0.j  1.-0.j -1.+0.j -1.+0.j -1.+0.j -1.+0.j
  1.-0.j  1.-0.j -1.+0.j -1.+0.j  1.-0.j  1.-0.j  1.-0.j  1.-0.j -1.+0.j -1.+0.j -1.+0.j -1.+0.j -1.+0.j -1.+0.j
 -1.+0.j -1.+0.j -1.+0.j -1.+0.j  1.-0.j  1.-0.j -1.+0.j -1.+0.j  1.-0.j  1.-0.j -1.+0.j -1.+0.j  1.-0.j  1.-0.j
  1.-0.j  1.-0.j -1.+0.j -1.+0.j -1.+0.j -1.+0.j  1.-0.j  1.-0.j -1.+0.j -1.+0.j  1.-0.j  1.-0.j  1.-0.j  1.-0.j
 -1.+0.j -1.+0.j -1.+0.j -1.+0.j -1.+0.j -1.+0.j -1.+0.j -1.+0.j -1.+0.j -1.+0.j -1.+0.j -1.+0.j  1.-0.j  1.-0.j
  1.-0.j  1.-0.j -1.+0.j -1.+0.j  1.-0.j  1.-0.j -1.+0.j -1.+0.j -1.+0.j -1.+0.j  1.-0.j  1.-0.j  1.-0.j  1.-0.j
  1.-0.j  1.-0.j  1.-0.j  1.-0.j  1.-0.j  1.-0.j  1.-0.j  1.-0.j  1.-0.j  1.-0.j  1.-0.j  1.-0.j  1.-0.j  1.-0.j
  1.-0.j  1.-0.j  1.-0.j  1.-0.j  1.-0.j  1.-0.j  1.-0.j  1.-0.j -1.+0.j -1.+0.j  1.-0.j  1.-0.j  1.-0.j  1.-0.j
  1.-0.j  1.-0.j  1.-0.j  1.-0.j -1.+0.j -1.+0.j -1.+0.j -1.+0.j  1.-0.j  1.-0.j  1.-0.j  1.-0.j  1.-0.j  1.-0.j
 -1.+0.j -1.+0.j -1.+0.j -1.+0.j  1.-0.j  1.-0.j -1.+0.j -1.+0.j -1.+0.j -1.+0.j -1.+0.j -1.+0.j -1.+0.j -1.+0.j
 -1.+0.j -1.+0.j -1.+0.j -1.+0.j  1.-0.j  1.-0.j -1.+0.j -1.+0.j -1.+0.j -1.+0.j  1.-0.j  1.-0.j  1.-0.j  1.-0.j
  1.-0.j  1.-0.j  1.-0.j  1.-0.j -1.+0.j -1.+0.j -1.+0.j -1.+0.j  1.-0.j  1.-0.j  1.-0.j  1.-0.j -1.+0.j -1.+0.j
  1.-0.j  1.-0.j -1.+0.j -1.+0.j -1.+0.j -1.+0.j  1.-0.j  1.-0.j  1.-0.j  1.-0.j -1.+0.j -1.+0.j  1.-0.j  1.-0.j
  1.-0.j  1.-0.j -1.+0.j -1.+0.j  1.-0.j  1.-0.j -1.+0.j -1.+0.j  1.-0.j  1.-0.j  1.-0.j  1.-0.j  1.-0.j  1.-0.j
 -1.+0.j -1.+0.j -1.+0.j -1.+0.j -1.+0.j -1.+0.j -1.+0.j -1.+0.j -1.+0.j -1.+0.j -1.+0.j -1.+0.j -1.+0.j -1.+0.j
  1.-0.j  1.-0.j  1.-0.j  1.-0.j -1.+0.j -1.+0.j -1.+0.j -1.+0.j -1.+0.j -1.+0.j -1.+0.j -1.+0.j -1.+0.j -1.+0.j
 -1.+0.j -1.+0.j  1.-0.j  1.-0.j  1.-0.j  1.-0.j  1.-0.j  1.-0.j -1.+0.j -1.+0.j  1.-0.j  1.-0.j -1.+0.j -1.+0.j
  1.-0.j  1.-0.j -1.+0.j -1.+0.j -1.+0.j -1.+0.j -1.+0.j -1.+0.j -1.+0.j -1.+0.j  1.-0.j  1.-0.j -1.+0.j -1.+0.j
 -1.+0.j -1.+0.j -1.+0.j -1.+0.j -1.+0.j -1.+0.j -1.+0.j -1.+0.j -1.+0.j -1.+0.j  1.-0.j  1.-0.j -1.+0.j -1.+0.j
 -1.+0.j -1.+0.j  1.-0.j  1.-0.j -1.+0.j -1.+0.j  1.-0.j  1.-0.j  1.-0.j  1.-0.j -1.+0.j -1.+0.j -1.+0.j -1.+0.j
 -1.+0.j -1.+0.j -1.+0.j -1.+0.j -1.+0.j -1.+0.j  1.-0.j  1.-0.j -1.+0.j -1.+0.j  1.-0.j  1.-0.j -1.+0.j -1.+0.j
  1.-0.j  1.-0.j  1.-0.j  1.-0.j -1.+0.j -1.+0.j -1.+0.j -1.+0.j  1.-0.j  1.-0.j -1.+0.j -1.+0.j  1.-0.j  1.-0.j
  1.-0.j  1.-0.j -1.+0.j -1.+0.j -1.+0.j -1.+0.j -1.+0.j -1.+0.j -1.+0.j -1.+0.j -1.+0.j -1.+0.j -1.+0.j -1.+0.j
  1.-0.j  1.-0.j  1.-0.j  1.-0.j -1.+0.j -1.+0.j  1.-0.j  1.-0.j -1.+0.j -1.+0.j -1.+0.j -1.+0.j  1.-0.j  1.-0.j
 -1.+0.j -1.+0.j -1.+0.j -1.+0.j -1.+0.j -1.+0.j -1.+0.j -1.+0.j -1.+0.j -1.+0.j -1.+0.j -1.+0.j -1.+0.j -1.+0.j
 -1.+0.j -1.+0.j -1.+0.j -1.+0.j -1.+0.j -1.+0.j -1.+0.j -1.+0.j -1.+0.j -1.+0.j  1.+0.j  1.+0.j -1.+0.j -1.+0.j
 -1.+0.j -1.+0.j -1.+0.j -1.+0.j -1.+0.j -1.+0.j  1.+0.j  1.+0.j  1.+0.j  1.+0.j -1.+0.j -1.+0.j -1.+0.j -1.+0.j
 -1.+0.j -1.+0.j  1.+0.j  1.+0.j  1.+0.j  1.+0.j -1.+0.j -1.+0.j  1.+0.j  1.+0.j  1.+0.j  1.+0.j  1.+0.j  1.+0.j
  1.+0.j  1.+0.j  1.+0.j  1.+0.j  1.+0.j  1.+0.j -1.+0.j -1.+0.j  1.+0.j  1.+0.j  1.+0.j  1.+0.j -1.+0.j -1.+0.j
 -1.+0.j -1.+0.j -1.+0.j -1.+0.j -1.+0.j -1.+0.j  1.+0.j  1.+0.j  1.+0.j  1.+0.j -1.+0.j -1.+0.j -1.+0.j -1.+0.j
  1.+0.j  1.+0.j -1.+0.j -1.+0.j  1.+0.j  1.+0.j  1.+0.j  1.+0.j -1.+0.j -1.+0.j -1.+0.j -1.+0.j  1.+0.j  1.+0.j
 -1.+0.j -1.+0.j -1.+0.j -1.+0.j  1.+0.j  1.+0.j -1.+0.j -1.+0.j  1.+0.j  1.+0.j -1.+0.j -1.+0.j -1.+0.j -1.+0.j
 -1.+0.j -1.+0.j  1.+0.j  1.+0.j  1.+0.j  1.+0.j  1.+0.j  1.+0.j  1.+0.j  1.+0.j  1.+0.j  1.+0.j  1.+0.j  1.+0.j
  1.+0.j  1.+0.j -1.+0.j -1.+0.j -1.+0.j -1.+0.j  1.+0.j  1.+0.j  1.+0.j  1.+0.j  1.+0.j  1.+0.j  1.+0.j  1.+0.j
  1.+0.j  1.+0.j  1.+0.j  1.+0.j -1.+0.j -1.+0.j -1.+0.j -1.+0.j -1.+0.j -1.+0.j  1.+0.j  1.+0.j -1.+0.j -1.+0.j
  1.+0.j  1.+0.j -1.+0.j -1.+0.j  1.+0.j  1.+0.j  1.+0.j  1.+0.j  1.+0.j  1.+0.j  1.+0.j  1.+0.j -1.+0.j -1.+0.j
  1.+0.j  1.+0.j  1.+0.j  1.+0.j  1.+0.j  1.+0.j  1.+0.j  1.+0.j  1.+0.j  1.+0.j  1.+0.j  1.+0.j -1.+0.j -1.+0.j
  1.+0.j  1.+0.j  1.+0.j  1.+0.j -1.+0.j -1.+0.j  1.+0.j  1.+0.j -1.+0.j -1.+0.j -1.+0.j -1.+0.j  1.+0.j  1.+0.j
  1.+0.j  1.+0.j  1.+0.j  1.+0.j  1.+0.j  1.+0.j  1.+0.j  1.+0.j -1.+0.j -1.+0.j  1.+0.j  1.+0.j -1.+0.j -1.+0.j
  1.+0.j  1.+0.j -1.+0.j -1.+0.j -1.+0.j -1.+0.j  1.+0.j  1.+0.j  1.+0.j  1.+0.j -1.+0.j -1.+0.j  1.+0.j  1.+0.j
 -1.+0.j -1.+0.j -1.+0.j -1.+0.j  1.+0.j  1.+0.j  1.+0.j  1.+0.j  1.+0.j  1.+0.j  1.+0.j  1.+0.j  1.+0.j  1.+0.j
  1.+0.j  1.+0.j -1.+0.j -1.+0.j -1.+0.j -1.+0.j  1.+0.j  1.+0.j -1.+0.j -1.+0.j  1.+0.j  1.+0.j  1.+0.j  1.+0.j
 -1.+0.j -1.+0.j  1.-0.j  1.-0.j  1.-0.j  1.-0.j  1.-0.j  1.-0.j  1.-0.j  1.-0.j  1.-0.j  1.-0.j  1.-0.j  1.-0.j
  1.-0.j  1.-0.j  1.-0.j  1.-0.j  1.-0.j  1.-0.j  1.-0.j  1.-0.j  1.-0.j  1.-0.j  1.-0.j  1.-0.j -1.+0.j -1.+0.j
  1.-0.j  1.-0.j  1.-0.j  1.-0.j  1.-0.j  1.-0.j  1.-0.j  1.-0.j -1.+0.j -1.+0.j -1.+0.j -1.+0.j  1.-0.j  1.-0.j
  1.-0.j  1.-0.j  1.-0.j  1.-0.j -1.+0.j -1.+0.j -1.+0.j -1.+0.j  1.-0.j  1.-0.j -1.+0.j -1.+0.j -1.+0.j -1.+0.j
 -1.+0.j -1.+0.j -1.+0.j -1.+0.j -1.+0.j -1.+0.j -1.+0.j -1.+0.j  1.-0.j  1.-0.j -1.+0.j -1.+0.j -1.+0.j -1.+0.j
  1.-0.j  1.-0.j  1.-0.j  1.-0.j  1.-0.j  1.-0.j  1.-0.j  1.-0.j -1.+0.j -1.+0.j -1.+0.j -1.+0.j  1.-0.j  1.-0.j
  1.-0.j  1.-0.j -1.+0.j -1.+0.j  1.-0.j  1.-0.j -1.+0.j -1.+0.j -1.+0.j -1.+0.j  1.-0.j  1.-0.j  1.-0.j  1.-0.j
 -1.+0.j -1.+0.j  1.-0.j  1.-0.j  1.-0.j  1.-0.j -1.+0.j -1.+0.j  1.-0.j  1.-0.j -1.+0.j -1.+0.j  1.-0.j  1.-0.j
  1.-0.j  1.-0.j  1.-0.j  1.-0.j -1.+0.j -1.+0.j -1.+0.j -1.+0.j -1.+0.j -1.+0.j -1.+0.j -1.+0.j -1.+0.j -1.+0.j
 -1.+0.j -1.+0.j -1.+0.j -1.+0.j  1.-0.j  1.-0.j  1.-0.j  1.-0.j -1.+0.j -1.+0.j -1.+0.j -1.+0.j -1.+0.j -1.+0.j
 -1.+0.j -1.+0.j -1.+0.j -1.+0.j -1.+0.j -1.+0.j  1.-0.j  1.-0.j  1.-0.j  1.-0.j  1.-0.j  1.-0.j -1.+0.j -1.+0.j
  1.-0.j  1.-0.j -1.+0.j -1.+0.j  1.-0.j  1.-0.j -1.+0.j -1.+0.j -1.+0.j -1.+0.j -1.+0.j -1.+0.j -1.+0.j -1.+0.j
  1.-0.j  1.-0.j -1.+0.j -1.+0.j -1.+0.j -1.+0.j -1.+0.j -1.+0.j -1.+0.j -1.+0.j -1.+0.j -1.+0.j -1.+0.j -1.+0.j
  1.-0.j  1.-0.j -1.+0.j -1.+0.j -1.+0.j -1.+0.j  1.-0.j  1.-0.j -1.+0.j -1.+0.j  1.-0.j  1.-0.j  1.-0.j  1.-0.j
 -1.+0.j -1.+0.j -1.+0.j -1.+0.j -1.+0.j -1.+0.j -1.+0.j -1.+0.j -1.+0.j -1.+0.j  1.-0.j  1.-0.j -1.+0.j -1.+0.j
  1.-0.j  1.-0.j -1.+0.j -1.+0.j  1.-0.j  1.-0.j  1.-0.j  1.-0.j -1.+0.j -1.+0.j -1.+0.j -1.+0.j  1.-0.j  1.-0.j
 -1.+0.j -1.+0.j  1.-0.j  1.-0.j  1.-0.j  1.-0.j -1.+0.j -1.+0.j -1.+0.j -1.+0.j -1.+0.j -1.+0.j -1.+0.j -1.+0.j
 -1.+0.j -1.+0.j -1.+0.j -1.+0.j  1.-0.j  1.-0.j  1.-0.j  1.-0.j -1.+0.j -1.+0.j  1.-0.j  1.-0.j -1.+0.j -1.+0.j
 -1.+0.j -1.+0.j  1.-0.j  1.-0.j  1.-0.j  1.-0.j  1.-0.j  1.-0.j  1.-0.j  1.-0.j  1.-0.j  1.-0.j  1.-0.j  1.-0.j
  1.-0.j  1.-0.j  1.-0.j  1.-0.j  1.-0.j  1.-0.j  1.-0.j  1.-0.j  1.-0.j  1.-0.j  1.-0.j  1.-0.j  1.-0.j  1.-0.j
 -1.+0.j -1.+0.j  1.-0.j  1.-0.j  1.-0.j  1.-0.j  1.-0.j  1.-0.j  1.-0.j  1.-0.j -1.+0.j -1.+0.j -1.+0.j -1.+0.j
  1.-0.j  1.-0.j  1.-0.j  1.-0.j  1.-0.j  1.-0.j -1.+0.j -1.+0.j -1.+0.j -1.+0.j  1.-0.j  1.-0.j -1.+0.j -1.+0.j
 -1.+0.j -1.+0.j -1.+0.j -1.+0.j -1.+0.j -1.+0.j -1.+0.j -1.+0.j -1.+0.j -1.+0.j  1.-0.j  1.-0.j -1.+0.j -1.+0.j
 -1.+0.j -1.+0.j  1.-0.j  1.-0.j  1.-0.j  1.-0.j  1.-0.j  1.-0.j  1.-0.j  1.-0.j -1.+0.j -1.+0.j -1.+0.j -1.+0.j
  1.-0.j  1.-0.j  1.-0.j  1.-0.j -1.+0.j -1.+0.j  1.-0.j  1.-0.j -1.+0.j -1.+0.j -1.+0.j -1.+0.j  1.-0.j  1.-0.j
  1.-0.j  1.-0.j -1.+0.j -1.+0.j  1.-0.j  1.-0.j  1.-0.j  1.-0.j -1.+0.j -1.+0.j  1.-0.j  1.-0.j -1.+0.j -1.+0.j
  1.-0.j  1.-0.j  1.-0.j  1.-0.j  1.-0.j  1.-0.j -1.+0.j -1.+0.j -1.+0.j -1.+0.j -1.+0.j -1.+0.j -1.+0.j -1.+0.j
 -1.+0.j -1.+0.j -1.+0.j -1.+0.j -1.+0.j -1.+0.j  1.-0.j  1.-0.j  1.-0.j  1.-0.j -1.+0.j -1.+0.j -1.+0.j -1.+0.j
 -1.+0.j -1.+0.j -1.+0.j -1.+0.j -1.+0.j -1.+0.j -1.+0.j -1.+0.j  1.-0.j  1.-0.j  1.-0.j  1.-0.j  1.-0.j  1.-0.j
 -1.+0.j -1.+0.j  1.-0.j  1.-0.j -1.+0.j -1.+0.j  1.-0.j  1.-0.j -1.+0.j -1.+0.j -1.+0.j -1.+0.j -1.+0.j -1.+0.j
 -1.+0.j -1.+0.j  1.-0.j  1.-0.j -1.+0.j -1.+0.j -1.+0.j -1.+0.j -1.+0.j -1.+0.j -1.+0.j -1.+0.j -1.+0.j -1.+0.j
 -1.+0.j -1.+0.j  1.-0.j  1.-0.j -1.+0.j -1.+0.j -1.+0.j -1.+0.j  1.-0.j  1.-0.j -1.+0.j -1.+0.j  1.-0.j  1.-0.j
  1.-0.j  1.-0.j -1.+0.j -1.+0.j -1.+0.j -1.+0.j -1.+0.j -1.+0.j -1.+0.j -1.+0.j -1.+0.j -1.+0.j  1.-0.j  1.-0.j
 -1.+0.j -1.+0.j  1.-0.j  1.-0.j -1.+0.j -1.+0.j  1.-0.j  1.-0.j  1.-0.j  1.-0.j -1.+0.j -1.+0.j -1.+0.j -1.+0.j
  1.-0.j  1.-0.j -1.+0.j -1.+0.j  1.-0.j  1.-0.j  1.-0.j  1.-0.j -1.+0.j -1.+0.j -1.+0.j -1.+0.j -1.+0.j -1.+0.j
 -1.+0.j -1.+0.j -1.+0.j -1.+0.j -1.+0.j -1.+0.j  1.-0.j  1.-0.j  1.-0.j  1.-0.j -1.+0.j -1.+0.j  1.-0.j  1.-0.j
 -1.+0.j -1.+0.j -1.+0.j -1.+0.j  1.-0.j  1.-0.j  1.-0.j  1.-0.j  1.-0.j  1.-0.j  1.-0.j  1.-0.j  1.-0.j  1.-0.j
  1.-0.j  1.-0.j  1.-0.j  1.-0.j  1.-0.j  1.-0.j  1.-0.j  1.-0.j  1.-0.j  1.-0.j  1.-0.j  1.-0.j  1.-0.j  1.-0.j
  1.-0.j  1.-0.j -1.+0.j -1.+0.j  1.-0.j  1.-0.j  1.-0.j  1.-0.j  1.-0.j  1.-0.j  1.-0.j  1.-0.j -1.+0.j -1.+0.j
 -1.+0.j -1.+0.j  1.-0.j  1.-0.j  1.-0.j  1.-0.j  1.-0.j  1.-0.j -1.+0.j -1.+0.j -1.+0.j -1.+0.j  1.-0.j  1.-0.j
 -1.+0.j -1.+0.j -1.+0.j -1.+0.j -1.+0.j -1.+0.j -1.+0.j -1.+0.j -1.+0.j -1.+0.j -1.+0.j -1.+0.j  1.-0.j  1.-0.j
 -1.+0.j -1.+0.j -1.+0.j -1.+0.j  1.-0.j  1.-0.j  1.-0.j  1.-0.j  1.-0.j  1.-0.j  1.-0.j  1.-0.j -1.+0.j -1.+0.j
 -1.+0.j -1.+0.j  1.-0.j  1.-0.j  1.-0.j  1.-0.j -1.+0.j -1.+0.j  1.-0.j  1.-0.j -1.+0.j -1.+0.j -1.+0.j -1.+0.j
  1.-0.j  1.-0.j  1.-0.j  1.-0.j -1.+0.j -1.+0.j  1.-0.j  1.-0.j  1.-0.j  1.-0.j -1.+0.j -1.+0.j  1.-0.j  1.-0.j
 -1.+0.j -1.+0.j  1.-0.j  1.-0.j  1.-0.j  1.-0.j  1.-0.j  1.-0.j -1.+0.j -1.+0.j -1.+0.j -1.+0.j -1.+0.j -1.+0.j
 -1.+0.j -1.+0.j -1.+0.j -1.+0.j -1.+0.j -1.+0.j -1.+0.j -1.+0.j  1.-0.j  1.-0.j  1.-0.j  1.-0.j -1.+0.j -1.+0.j
 -1.+0.j -1.+0.j -1.+0.j -1.+0.j -1.+0.j -1.+0.j -1.+0.j -1.+0.j -1.+0.j -1.+0.j  1.-0.j  1.-0.j  1.-0.j  1.-0.j
  1.-0.j  1.-0.j -1.+0.j -1.+0.j  1.-0.j  1.-0.j -1.+0.j -1.+0.j  1.-0.j  1.-0.j -1.+0.j -1.+0.j -1.+0.j -1.+0.j
 -1.+0.j -1.+0.j -1.+0.j -1.+0.j  1.-0.j  1.-0.j -1.+0.j -1.+0.j -1.+0.j -1.+0.j -1.+0.j -1.+0.j -1.+0.j -1.+0.j
 -1.+0.j -1.+0.j -1.+0.j -1.+0.j  1.-0.j  1.-0.j -1.+0.j -1.+0.j -1.+0.j -1.+0.j  1.-0.j  1.-0.j -1.+0.j -1.+0.j
  1.-0.j  1.-0.j  1.-0.j  1.-0.j -1.+0.j -1.+0.j -1.+0.j -1.+0.j -1.+0.j -1.+0.j -1.+0.j -1.+0.j -1.+0.j -1.+0.j
  1.-0.j  1.-0.j -1.+0.j -1.+0.j  1.-0.j  1.-0.j -1.+0.j -1.+0.j  1.-0.j  1.-0.j  1.-0.j  1.-0.j -1.+0.j -1.+0.j
 -1.+0.j -1.+0.j  1.-0.j  1.-0.j -1.+0.j -1.+0.j  1.-0.j  1.-0.j  1.-0.j  1.-0.j -1.+0.j -1.+0.j -1.+0.j -1.+0.j
 -1.+0.j -1.+0.j -1.+0.j -1.+0.j -1.+0.j -1.+0.j -1.+0.j -1.+0.j  1.-0.j  1.-0.j  1.-0.j  1.-0.j -1.+0.j -1.+0.j
  1.-0.j  1.-0.j -1.+0.j -1.+0.j -1.+0.j -1.+0.j  1.-0.j  1.-0.j  1.-0.j  1.-0.j  1.-0.j  1.-0.j  1.-0.j  1.-0.j
  1.-0.j  1.-0.j  1.-0.j  1.-0.j  1.-0.j  1.-0.j  1.-0.j  1.-0.j  1.-0.j  1.-0.j  1.-0.j  1.-0.j  1.-0.j  1.-0.j
  1.-0.j  1.-0.j  1.-0.j  1.-0.j -1.+0.j -1.+0.j  1.-0.j  1.-0.j  1.-0.j  1.-0.j  1.-0.j  1.-0.j  1.-0.j  1.-0.j
 -1.+0.j -1.+0.j -1.+0.j -1.+0.j  1.-0.j  1.-0.j  1.-0.j  1.-0.j  1.-0.j  1.-0.j -1.+0.j -1.+0.j -1.+0.j -1.+0.j
  1.-0.j  1.-0.j -1.+0.j -1.+0.j -1.+0.j -1.+0.j -1.+0.j -1.+0.j -1.+0.j -1.+0.j -1.+0.j -1.+0.j -1.+0.j -1.+0.j
  1.-0.j  1.-0.j -1.+0.j -1.+0.j -1.+0.j -1.+0.j  1.-0.j  1.-0.j  1.-0.j  1.-0.j  1.-0.j  1.-0.j  1.-0.j  1.-0.j
 -1.+0.j -1.+0.j -1.+0.j -1.+0.j  1.-0.j  1.-0.j  1.-0.j  1.-0.j -1.+0.j -1.+0.j  1.-0.j  1.-0.j -1.+0.j -1.+0.j
 -1.+0.j -1.+0.j  1.-0.j  1.-0.j  1.-0.j  1.-0.j -1.+0.j -1.+0.j  1.-0.j  1.-0.j  1.-0.j  1.-0.j -1.+0.j -1.+0.j
  1.-0.j  1.-0.j -1.+0.j -1.+0.j  1.-0.j  1.-0.j  1.-0.j  1.-0.j  1.-0.j  1.-0.j -1.+0.j -1.+0.j -1.+0.j -1.+0.j
 -1.+0.j -1.+0.j -1.+0.j -1.+0.j -1.+0.j -1.+0.j -1.+0.j -1.+0.j -1.+0.j -1.+0.j  1.-0.j  1.-0.j  1.-0.j  1.-0.j
 -1.+0.j -1.+0.j -1.+0.j -1.+0.j -1.+0.j -1.+0.j -1.+0.j -1.+0.j -1.+0.j -1.+0.j -1.+0.j -1.+0.j  1.-0.j  1.-0.j
  1.-0.j  1.-0.j  1.-0.j  1.-0.j -1.+0.j -1.+0.j  1.-0.j  1.-0.j -1.+0.j -1.+0.j  1.-0.j  1.-0.j -1.+0.j -1.+0.j
 -1.+0.j -1.+0.j -1.+0.j -1.+0.j -1.+0.j -1.+0.j  1.-0.j  1.-0.j -1.+0.j -1.+0.j -1.+0.j -1.+0.j -1.+0.j -1.+0.j
 -1.+0.j -1.+0.j -1.+0.j -1.+0.j -1.+0.j -1.+0.j  1.-0.j  1.-0.j -1.+0.j -1.+0.j -1.+0.j -1.+0.j  1.-0.j  1.-0.j
 -1.+0.j -1.+0.j  1.-0.j  1.-0.j  1.-0.j  1.-0.j -1.+0.j -1.+0.j -1.+0.j -1.+0.j -1.+0.j -1.+0.j -1.+0.j -1.+0.j
 -1.+0.j -1.+0.j  1.-0.j  1.-0.j -1.+0.j -1.+0.j  1.-0.j  1.-0.j -1.+0.j -1.+0.j  1.-0.j  1.-0.j  1.-0.j  1.-0.j
 -1.+0.j -1.+0.j -1.+0.j -1.+0.j  1.-0.j  1.-0.j -1.+0.j -1.+0.j  1.-0.j  1.-0.j  1.-0.j  1.-0.j -1.+0.j -1.+0.j
 -1.+0.j -1.+0.j -1.+0.j -1.+0.j -1.+0.j -1.+0.j -1.+0.j -1.+0.j -1.+0.j -1.+0.j  1.-0.j  1.-0.j  1.-0.j  1.-0.j
 -1.+0.j -1.+0.j  1.-0.j  1.-0.j -1.+0.j -1.+0.j -1.+0.j -1.+0.j  1.-0.j  1.-0.j  1.-0.j  1.-0.j  1.-0.j  1.-0.j
  1.-0.j  1.-0.j  1.-0.j  1.-0.j  1.-0.j  1.-0.j  1.-0.j  1.-0.j  1.-0.j  1.-0.j  1.-0.j  1.-0.j  1.-0.j  1.-0.j
  1.-0.j  1.-0.j  1.-0.j  1.-0.j  1.-0.j  1.-0.j -1.+0.j -1.+0.j  1.-0.j  1.-0.j  1.-0.j  1.-0.j  1.-0.j  1.-0.j
  1.-0.j  1.-0.j -1.+0.j -1.+0.j -1.+0.j -1.+0.j  1.-0.j  1.-0.j  1.-0.j  1.-0.j  1.-0.j  1.-0.j -1.+0.j -1.+0.j
 -1.+0.j -1.+0.j  1.-0.j  1.-0.j -1.+0.j -1.+0.j -1.+0.j -1.+0.j -1.+0.j -1.+0.j -1.+0.j -1.+0.j -1.+0.j -1.+0.j
 -1.+0.j -1.+0.j  1.-0.j  1.-0.j -1.+0.j -1.+0.j -1.+0.j -1.+0.j  1.-0.j  1.-0.j  1.-0.j  1.-0.j  1.-0.j  1.-0.j
  1.-0.j  1.-0.j -1.+0.j -1.+0.j -1.+0.j -1.+0.j  1.-0.j  1.-0.j  1.-0.j  1.-0.j -1.+0.j -1.+0.j  1.-0.j  1.-0.j
 -1.+0.j -1.+0.j -1.+0.j -1.+0.j  1.-0.j  1.-0.j  1.-0.j  1.-0.j -1.+0.j -1.+0.j  1.-0.j  1.-0.j  1.-0.j  1.-0.j
 -1.+0.j -1.+0.j  1.-0.j  1.-0.j -1.+0.j -1.+0.j  1.-0.j  1.-0.j  1.-0.j  1.-0.j  1.-0.j  1.-0.j -1.+0.j -1.+0.j
 -1.+0.j -1.+0.j -1.+0.j -1.+0.j -1.+0.j -1.+0.j -1.+0.j -1.+0.j -1.+0.j -1.+0.j -1.+0.j -1.+0.j  1.-0.j  1.-0.j
  1.-0.j  1.-0.j -1.+0.j -1.+0.j -1.+0.j -1.+0.j -1.+0.j -1.+0.j -1.+0.j -1.+0.j -1.+0.j -1.+0.j -1.+0.j -1.+0.j
  1.-0.j  1.-0.j  1.-0.j  1.-0.j  1.-0.j  1.-0.j -1.+0.j -1.+0.j  1.-0.j  1.-0.j -1.+0.j -1.+0.j  1.-0.j  1.-0.j
 -1.+0.j -1.+0.j -1.+0.j -1.+0.j -1.+0.j -1.+0.j -1.+0.j -1.+0.j  1.-0.j  1.-0.j -1.+0.j -1.+0.j -1.+0.j -1.+0.j
 -1.+0.j -1.+0.j -1.+0.j -1.+0.j -1.+0.j -1.+0.j -1.+0.j -1.+0.j  1.-0.j  1.-0.j -1.+0.j -1.+0.j -1.+0.j -1.+0.j
  1.-0.j  1.-0.j -1.+0.j -1.+0.j  1.-0.j  1.-0.j  1.-0.j  1.-0.j -1.+0.j -1.+0.j -1.+0.j -1.+0.j -1.+0.j -1.+0.j
 -1.+0.j -1.+0.j -1.+0.j -1.+0.j  1.-0.j  1.-0.j -1.+0.j -1.+0.j  1.-0.j  1.-0.j -1.+0.j -1.+0.j  1.-0.j  1.-0.j
  1.-0.j  1.-0.j -1.+0.j -1.+0.j -1.+0.j -1.+0.j  1.-0.j  1.-0.j -1.+0.j -1.+0.j  1.-0.j  1.-0.j  1.-0.j  1.-0.j
 -1.+0.j -1.+0.j -1.+0.j -1.+0.j -1.+0.j -1.+0.j -1.+0.j -1.+0.j -1.+0.j -1.+0.j -1.+0.j -1.+0.j  1.-0.j  1.-0.j
  1.-0.j  1.-0.j -1.+0.j -1.+0.j  1.-0.j  1.-0.j -1.+0.j -1.+0.j -1.+0.j -1.+0.j  1.-0.j  1.-0.j  1.-0.j  1.-0.j
  1.-0.j  1.-0.j  1.-0.j  1.-0.j  1.-0.j  1.-0.j  1.-0.j  1.-0.j  1.-0.j  1.-0.j  1.-0.j  1.-0.j  1.-0.j  1.-0.j
  1.-0.j  1.-0.j  1.-0.j  1.-0.j  1.-0.j  1.-0.j  1.-0.j  1.-0.j -1.+0.j -1.+0.j  1.-0.j  1.-0.j  1.-0.j  1.-0.j
  1.-0.j  1.-0.j  1.-0.j  1.-0.j -1.+0.j -1.+0.j -1.+0.j -1.+0.j  1.-0.j  1.-0.j  1.-0.j  1.-0.j  1.-0.j  1.-0.j
 -1.+0.j -1.+0.j -1.+0.j -1.+0.j  1.-0.j  1.-0.j -1.+0.j -1.+0.j -1.+0.j -1.+0.j -1.+0.j -1.+0.j -1.+0.j -1.+0.j
 -1.+0.j -1.+0.j -1.+0.j -1.+0.j  1.-0.j  1.-0.j -1.+0.j -1.+0.j -1.+0.j -1.+0.j  1.-0.j  1.-0.j  1.-0.j  1.-0.j
  1.-0.j  1.-0.j  1.-0.j  1.-0.j -1.+0.j -1.+0.j -1.+0.j -1.+0.j  1.-0.j  1.-0.j  1.-0.j  1.-0.j -1.+0.j -1.+0.j
  1.-0.j  1.-0.j -1.+0.j -1.+0.j -1.+0.j -1.+0.j  1.-0.j  1.-0.j  1.-0.j  1.-0.j -1.+0.j -1.+0.j  1.-0.j  1.-0.j
  1.-0.j  1.-0.j -1.+0.j -1.+0.j  1.-0.j  1.-0.j -1.+0.j -1.+0.j  1.-0.j  1.-0.j  1.-0.j  1.-0.j  1.-0.j  1.-0.j
 -1.+0.j -1.+0.j -1.+0.j -1.+0.j -1.+0.j -1.+0.j -1.+0.j -1.+0.j -1.+0.j -1.+0.j -1.+0.j -1.+0.j -1.+0.j -1.+0.j
  1.-0.j  1.-0.j  1.-0.j  1.-0.j -1.+0.j -1.+0.j -1.+0.j -1.+0.j -1.+0.j -1.+0.j -1.+0.j -1.+0.j -1.+0.j -1.+0.j
 -1.+0.j -1.+0.j  1.-0.j  1.-0.j  1.-0.j  1.-0.j  1.-0.j  1.-0.j -1.+0.j -1.+0.j  1.-0.j  1.-0.j -1.+0.j -1.+0.j
  1.-0.j  1.-0.j -1.+0.j -1.+0.j -1.+0.j -1.+0.j -1.+0.j -1.+0.j -1.+0.j -1.+0.j  1.-0.j  1.-0.j -1.+0.j -1.+0.j
 -1.+0.j -1.+0.j -1.+0.j -1.+0.j -1.+0.j -1.+0.j -1.+0.j -1.+0.j -1.+0.j -1.+0.j  1.-0.j  1.-0.j -1.+0.j -1.+0.j
 -1.+0.j -1.+0.j  1.-0.j  1.-0.j -1.+0.j -1.+0.j  1.-0.j  1.-0.j  1.-0.j  1.-0.j -1.+0.j -1.+0.j -1.+0.j -1.+0.j
 -1.+0.j -1.+0.j -1.+0.j -1.+0.j -1.+0.j -1.+0.j  1.-0.j  1.-0.j -1.+0.j -1.+0.j  1.-0.j  1.-0.j -1.+0.j -1.+0.j
  1.-0.j  1.-0.j  1.-0.j  1.-0.j -1.+0.j -1.+0.j -1.+0.j -1.+0.j  1.-0.j  1.-0.j -1.+0.j -1.+0.j  1.-0.j  1.-0.j
  1.-0.j  1.-0.j -1.+0.j -1.+0.j -1.+0.j -1.+0.j -1.+0.j -1.+0.j -1.+0.j -1.+0.j -1.+0.j -1.+0.j -1.+0.j -1.+0.j
  1.-0.j  1.-0.j  1.-0.j  1.-0.j -1.+0.j -1.+0.j  1.-0.j  1.-0.j -1.+0.j -1.+0.j -1.+0.j -1.+0.j  1.-0.j  1.-0.j
  1.-0.j  1.-0.j  1.-0.j  1.-0.j  1.-0.j  1.-0.j  1.-0.j  1.-0.j  1.-0.j  1.-0.j  1.-0.j  1.-0.j  1.-0.j  1.-0.j
  1.-0.j  1.-0.j  1.-0.j  1.-0.j  1.-0.j  1.-0.j  1.-0.j  1.-0.j  1.-0.j  1.-0.j -1.+0.j -1.+0.j  1.-0.j  1.-0.j
  1.-0.j  1.-0.j  1.-0.j  1.-0.j  1.-0.j  1.-0.j -1.+0.j -1.+0.j -1.+0.j -1.+0.j  1.-0.j  1.-0.j  1.-0.j  1.-0.j
  1.-0.j  1.-0.j -1.+0.j -1.+0.j -1.+0.j -1.+0.j  1.-0.j  1.-0.j -1.+0.j -1.+0.j -1.+0.j -1.+0.j -1.+0.j -1.+0.j
 -1.+0.j -1.+0.j -1.+0.j -1.+0.j -1.+0.j -1.+0.j  1.-0.j  1.-0.j -1.+0.j -1.+0.j -1.+0.j -1.+0.j  1.-0.j  1.-0.j
  1.-0.j  1.-0.j  1.-0.j  1.-0.j  1.-0.j  1.-0.j -1.+0.j -1.+0.j -1.+0.j -1.+0.j  1.-0.j  1.-0.j  1.-0.j  1.-0.j
 -1.+0.j -1.+0.j  1.-0.j  1.-0.j -1.+0.j -1.+0.j -1.+0.j -1.+0.j  1.-0.j  1.-0.j  1.-0.j  1.-0.j -1.+0.j -1.+0.j
  1.-0.j  1.-0.j  1.-0.j  1.-0.j -1.+0.j -1.+0.j  1.-0.j  1.-0.j -1.+0.j -1.+0.j  1.-0.j  1.-0.j  1.-0.j  1.-0.j
  1.-0.j  1.-0.j -1.+0.j -1.+0.j -1.+0.j -1.+0.j -1.+0.j -1.+0.j -1.+0.j -1.+0.j -1.+0.j -1.+0.j -1.+0.j -1.+0.j
 -1.+0.j -1.+0.j  1.-0.j  1.-0.j  1.-0.j  1.-0.j -1.+0.j -1.+0.j -1.+0.j -1.+0.j -1.+0.j -1.+0.j -1.+0.j -1.+0.j
 -1.+0.j -1.+0.j -1.+0.j -1.+0.j  1.-0.j  1.-0.j  1.-0.j  1.-0.j  1.-0.j  1.-0.j -1.+0.j -1.+0.j  1.-0.j  1.-0.j
 -1.+0.j -1.+0.j  1.-0.j  1.-0.j -1.+0.j -1.+0.j -1.+0.j -1.+0.j -1.+0.j -1.+0.j -1.+0.j -1.+0.j  1.-0.j  1.-0.j
 -1.+0.j -1.+0.j -1.+0.j -1.+0.j -1.+0.j -1.+0.j -1.+0.j -1.+0.j -1.+0.j -1.+0.j -1.+0.j -1.+0.j  1.-0.j  1.-0.j
 -1.+0.j -1.+0.j -1.+0.j -1.+0.j  1.-0.j  1.-0.j -1.+0.j -1.+0.j  1.-0.j  1.-0.j  1.-0.j  1.-0.j -1.+0.j -1.+0.j
 -1.+0.j -1.+0.j -1.+0.j -1.+0.j -1.+0.j -1.+0.j -1.+0.j -1.+0.j  1.-0.j  1.-0.j -1.+0.j -1.+0.j  1.-0.j  1.-0.j
 -1.+0.j -1.+0.j  1.-0.j  1.-0.j  1.-0.j  1.-0.j -1.+0.j -1.+0.j -1.+0.j -1.+0.j  1.-0.j  1.-0.j -1.+0.j -1.+0.j
  1.-0.j  1.-0.j  1.-0.j  1.-0.j -1.+0.j -1.+0.j -1.+0.j -1.+0.j -1.+0.j -1.+0.j -1.+0.j -1.+0.j -1.+0.j -1.+0.j
 -1.+0.j -1.+0.j  1.-0.j  1.-0.j  1.-0.j  1.-0.j -1.+0.j -1.+0.j  1.-0.j  1.-0.j -1.+0.j -1.+0.j -1.+0.j -1.+0.j
  1.-0.j  1.-0.j  1.-0.j  1.-0.j  1.-0.j  1.-0.j  1.-0.j  1.-0.j  1.-0.j  1.-0.j  1.-0.j  1.-0.j  1.-0.j  1.-0.j
  1.-0.j  1.-0.j  1.-0.j  1.-0.j  1.-0.j  1.-0.j  1.-0.j  1.-0.j  1.-0.j  1.-0.j  1.-0.j  1.-0.j -1.+0.j -1.+0.j
  1.-0.j  1.-0.j  1.-0.j  1.-0.j  1.-0.j  1.-0.j  1.-0.j  1.-0.j -1.+0.j -1.+0.j -1.+0.j -1.+0.j  1.-0.j  1.-0.j
  1.-0.j  1.-0.j  1.-0.j  1.-0.j -1.+0.j -1.+0.j -1.+0.j -1.+0.j  1.-0.j  1.-0.j -1.+0.j -1.+0.j -1.+0.j -1.+0.j
 -1.+0.j -1.+0.j -1.+0.j -1.+0.j -1.+0.j -1.+0.j -1.+0.j -1.+0.j  1.-0.j  1.-0.j -1.+0.j -1.+0.j -1.+0.j -1.+0.j
  1.-0.j  1.-0.j  1.-0.j  1.-0.j  1.-0.j  1.-0.j  1.-0.j  1.-0.j -1.+0.j -1.+0.j -1.+0.j -1.+0.j  1.-0.j  1.-0.j
  1.-0.j  1.-0.j -1.+0.j -1.+0.j  1.-0.j  1.-0.j -1.+0.j -1.+0.j -1.+0.j -1.+0.j  1.-0.j  1.-0.j  1.-0.j  1.-0.j
 -1.+0.j -1.+0.j  1.-0.j  1.-0.j  1.-0.j  1.-0.j -1.+0.j -1.+0.j  1.-0.j  1.-0.j -1.+0.j -1.+0.j  1.-0.j  1.-0.j
  1.-0.j  1.-0.j  1.-0.j  1.-0.j -1.+0.j -1.+0.j -1.+0.j -1.+0.j -1.+0.j -1.+0.j -1.+0.j -1.+0.j -1.+0.j -1.+0.j
 -1.+0.j -1.+0.j -1.+0.j -1.+0.j  1.-0.j  1.-0.j  1.-0.j  1.-0.j -1.+0.j -1.+0.j -1.+0.j -1.+0.j -1.+0.j -1.+0.j
 -1.+0.j -1.+0.j -1.+0.j -1.+0.j -1.+0.j -1.+0.j  1.-0.j  1.-0.j  1.-0.j  1.-0.j  1.-0.j  1.-0.j -1.+0.j -1.+0.j
  1.-0.j  1.-0.j -1.+0.j -1.+0.j  1.-0.j  1.-0.j -1.+0.j -1.+0.j -1.+0.j -1.+0.j -1.+0.j -1.+0.j -1.+0.j -1.+0.j
  1.-0.j  1.-0.j -1.+0.j -1.+0.j -1.+0.j -1.+0.j -1.+0.j -1.+0.j -1.+0.j -1.+0.j -1.+0.j -1.+0.j -1.+0.j -1.+0.j
  1.-0.j  1.-0.j -1.+0.j -1.+0.j -1.+0.j -1.+0.j  1.-0.j  1.-0.j -1.+0.j -1.+0.j  1.-0.j  1.-0.j  1.-0.j  1.-0.j
 -1.+0.j -1.+0.j -1.+0.j -1.+0.j -1.+0.j -1.+0.j -1.+0.j -1.+0.j -1.+0.j -1.+0.j  1.-0.j  1.-0.j -1.+0.j -1.+0.j
  1.-0.j  1.-0.j -1.+0.j -1.+0.j  1.-0.j  1.-0.j  1.-0.j  1.-0.j -1.+0.j -1.+0.j -1.+0.j -1.+0.j  1.-0.j  1.-0.j
 -1.+0.j -1.+0.j  1.-0.j  1.-0.j  1.-0.j  1.-0.j -1.+0.j -1.+0.j -1.+0.j -1.+0.j -1.+0.j -1.+0.j -1.+0.j -1.+0.j
 -1.+0.j -1.+0.j -1.+0.j -1.+0.j  1.-0.j  1.-0.j  1.-0.j  1.-0.j -1.+0.j -1.+0.j  1.-0.j  1.-0.j -1.+0.j -1.+0.j
 -1.+0.j -1.+0.j  1.-0.j  1.-0.j  1.-0.j  1.-0.j  1.-0.j  1.-0.j  1.-0.j  1.-0.j  1.-0.j  1.-0.j  1.-0.j  1.-0.j
  1.-0.j  1.-0.j  1.-0.j  1.-0.j  1.-0.j  1.-0.j  1.-0.j  1.-0.j  1.-0.j  1.-0.j  1.-0.j  1.-0.j  1.-0.j  1.-0.j
 -1.+0.j -1.+0.j  1.-0.j  1.-0.j  1.-0.j  1.-0.j  1.-0.j  1.-0.j  1.-0.j  1.-0.j -1.+0.j -1.+0.j -1.+0.j -1.+0.j
  1.-0.j  1.-0.j  1.-0.j  1.-0.j  1.-0.j  1.-0.j -1.+0.j -1.+0.j -1.+0.j -1.+0.j  1.-0.j  1.-0.j -1.+0.j -1.+0.j
 -1.+0.j -1.+0.j -1.+0.j -1.+0.j -1.+0.j -1.+0.j -1.+0.j -1.+0.j -1.+0.j -1.+0.j  1.-0.j  1.-0.j -1.+0.j -1.+0.j
 -1.+0.j -1.+0.j  1.-0.j  1.-0.j  1.-0.j  1.-0.j  1.-0.j  1.-0.j  1.-0.j  1.-0.j -1.+0.j -1.+0.j -1.+0.j -1.+0.j
  1.-0.j  1.-0.j  1.-0.j  1.-0.j -1.+0.j -1.+0.j  1.-0.j  1.-0.j -1.+0.j -1.+0.j -1.+0.j -1.+0.j  1.-0.j  1.-0.j
  1.-0.j  1.-0.j -1.+0.j -1.+0.j  1.-0.j  1.-0.j  1.-0.j  1.-0.j -1.+0.j -1.+0.j  1.-0.j  1.-0.j -1.+0.j -1.+0.j
  1.-0.j  1.-0.j  1.-0.j  1.-0.j  1.-0.j  1.-0.j -1.+0.j -1.+0.j -1.+0.j -1.+0.j -1.+0.j -1.+0.j -1.+0.j -1.+0.j
 -1.+0.j -1.+0.j -1.+0.j -1.+0.j -1.+0.j -1.+0.j  1.-0.j  1.-0.j  1.-0.j  1.-0.j -1.+0.j -1.+0.j -1.+0.j -1.+0.j
 -1.+0.j -1.+0.j -1.+0.j -1.+0.j -1.+0.j -1.+0.j -1.+0.j -1.+0.j  1.-0.j  1.-0.j  1.-0.j  1.-0.j  1.-0.j  1.-0.j
 -1.+0.j -1.+0.j  1.-0.j  1.-0.j -1.+0.j -1.+0.j  1.-0.j  1.-0.j -1.+0.j -1.+0.j -1.+0.j -1.+0.j -1.+0.j -1.+0.j
 -1.+0.j -1.+0.j  1.-0.j  1.-0.j -1.+0.j -1.+0.j -1.+0.j -1.+0.j -1.+0.j -1.+0.j -1.+0.j -1.+0.j -1.+0.j -1.+0.j
 -1.+0.j -1.+0.j  1.-0.j  1.-0.j -1.+0.j -1.+0.j -1.+0.j -1.+0.j  1.-0.j  1.-0.j -1.+0.j -1.+0.j  1.-0.j  1.-0.j
  1.-0.j  1.-0.j -1.+0.j -1.+0.j -1.+0.j -1.+0.j -1.+0.j -1.+0.j -1.+0.j -1.+0.j -1.+0.j -1.+0.j  1.-0.j  1.-0.j
 -1.+0.j -1.+0.j  1.-0.j  1.-0.j -1.+0.j -1.+0.j  1.-0.j  1.-0.j  1.-0.j  1.-0.j -1.+0.j -1.+0.j -1.+0.j -1.+0.j
  1.-0.j  1.-0.j -1.+0.j -1.+0.j  1.-0.j  1.-0.j  1.-0.j  1.-0.j -1.+0.j -1.+0.j -1.+0.j -1.+0.j -1.+0.j -1.+0.j
 -1.+0.j -1.+0.j -1.+0.j -1.+0.j -1.+0.j -1.+0.j  1.-0.j  1.-0.j  1.-0.j  1.-0.j -1.+0.j -1.+0.j  1.-0.j  1.-0.j
 -1.+0.j -1.+0.j -1.+0.j -1.+0.j  1.-0.j  1.-0.j  1.-0.j  1.-0.j  1.-0.j  1.-0.j  1.-0.j  1.-0.j  1.-0.j  1.-0.j
  1.-0.j  1.-0.j  1.-0.j  1.-0.j  1.-0.j  1.-0.j  1.-0.j  1.-0.j  1.-0.j  1.-0.j  1.-0.j  1.-0.j  1.-0.j  1.-0.j
  1.-0.j  1.-0.j -1.+0.j -1.+0.j  1.-0.j  1.-0.j  1.-0.j  1.-0.j  1.-0.j  1.-0.j  1.-0.j  1.-0.j -1.+0.j -1.+0.j
 -1.+0.j -1.+0.j  1.-0.j  1.-0.j  1.-0.j  1.-0.j  1.-0.j  1.-0.j -1.+0.j -1.+0.j -1.+0.j -1.+0.j  1.-0.j  1.-0.j
 -1.+0.j -1.+0.j -1.+0.j -1.+0.j -1.+0.j -1.+0.j -1.+0.j -1.+0.j -1.+0.j -1.+0.j -1.+0.j -1.+0.j  1.-0.j  1.-0.j
 -1.+0.j -1.+0.j -1.+0.j -1.+0.j  1.-0.j  1.-0.j  1.-0.j  1.-0.j  1.-0.j  1.-0.j  1.-0.j  1.-0.j -1.+0.j -1.+0.j
 -1.+0.j -1.+0.j  1.-0.j  1.-0.j  1.-0.j  1.-0.j -1.+0.j -1.+0.j  1.-0.j  1.-0.j -1.+0.j -1.+0.j -1.+0.j -1.+0.j
  1.-0.j  1.-0.j  1.-0.j  1.-0.j -1.+0.j -1.+0.j  1.-0.j  1.-0.j  1.-0.j  1.-0.j -1.+0.j -1.+0.j  1.-0.j  1.-0.j
 -1.+0.j -1.+0.j  1.-0.j  1.-0.j  1.-0.j  1.-0.j  1.-0.j  1.-0.j -1.+0.j -1.+0.j -1.+0.j -1.+0.j -1.+0.j -1.+0.j
 -1.+0.j -1.+0.j -1.+0.j -1.+0.j -1.+0.j -1.+0.j -1.+0.j -1.+0.j  1.-0.j  1.-0.j  1.-0.j  1.-0.j -1.+0.j -1.+0.j
 -1.+0.j -1.+0.j -1.+0.j -1.+0.j -1.+0.j -1.+0.j -1.+0.j -1.+0.j -1.+0.j -1.+0.j  1.-0.j  1.-0.j  1.-0.j  1.-0.j
  1.-0.j  1.-0.j -1.+0.j -1.+0.j  1.-0.j  1.-0.j -1.+0.j -1.+0.j  1.-0.j  1.-0.j -1.+0.j -1.+0.j -1.+0.j -1.+0.j
 -1.+0.j -1.+0.j -1.+0.j -1.+0.j  1.-0.j  1.-0.j -1.+0.j -1.+0.j -1.+0.j -1.+0.j -1.+0.j -1.+0.j -1.+0.j -1.+0.j
 -1.+0.j -1.+0.j -1.+0.j -1.+0.j  1.-0.j  1.-0.j -1.+0.j -1.+0.j -1.+0.j -1.+0.j  1.-0.j  1.-0.j -1.+0.j -1.+0.j
  1.-0.j  1.-0.j  1.-0.j  1.-0.j -1.+0.j -1.+0.j -1.+0.j -1.+0.j -1.+0.j -1.+0.j -1.+0.j -1.+0.j -1.+0.j -1.+0.j
  1.-0.j  1.-0.j -1.+0.j -1.+0.j  1.-0.j  1.-0.j -1.+0.j -1.+0.j  1.-0.j  1.-0.j  1.-0.j  1.-0.j -1.+0.j -1.+0.j
 -1.+0.j -1.+0.j  1.-0.j  1.-0.j -1.+0.j -1.+0.j  1.-0.j  1.-0.j  1.-0.j  1.-0.j -1.+0.j -1.+0.j -1.+0.j -1.+0.j
 -1.+0.j -1.+0.j -1.+0.j -1.+0.j -1.+0.j -1.+0.j -1.+0.j -1.+0.j  1.-0.j  1.-0.j  1.-0.j  1.-0.j -1.+0.j -1.+0.j
  1.-0.j  1.-0.j -1.+0.j -1.+0.j -1.+0.j -1.+0.j  1.-0.j  1.-0.j  1.-0.j  1.-0.j  1.-0.j  1.-0.j  1.-0.j  1.-0.j
  1.-0.j  1.-0.j  1.-0.j  1.-0.j  1.-0.j  1.-0.j  1.-0.j  1.-0.j  1.-0.j  1.-0.j  1.-0.j  1.-0.j  1.-0.j  1.-0.j
  1.-0.j  1.-0.j  1.-0.j  1.-0.j -1.+0.j -1.+0.j  1.-0.j  1.-0.j  1.-0.j  1.-0.j  1.-0.j  1.-0.j  1.-0.j  1.-0.j
 -1.+0.j -1.+0.j -1.+0.j -1.+0.j  1.-0.j  1.-0.j  1.-0.j  1.-0.j  1.-0.j  1.-0.j -1.+0.j -1.+0.j -1.+0.j -1.+0.j
  1.-0.j  1.-0.j -1.+0.j -1.+0.j -1.+0.j -1.+0.j -1.+0.j -1.+0.j -1.+0.j -1.+0.j -1.+0.j -1.+0.j -1.+0.j -1.+0.j
  1.-0.j  1.-0.j -1.+0.j -1.+0.j -1.+0.j -1.+0.j  1.-0.j  1.-0.j  1.-0.j  1.-0.j  1.-0.j  1.-0.j  1.-0.j  1.-0.j
 -1.+0.j -1.+0.j -1.+0.j -1.+0.j  1.-0.j  1.-0.j  1.-0.j  1.-0.j -1.+0.j -1.+0.j  1.-0.j  1.-0.j -1.+0.j -1.+0.j
 -1.+0.j -1.+0.j  1.-0.j  1.-0.j  1.-0.j  1.-0.j -1.+0.j -1.+0.j  1.-0.j  1.-0.j  1.-0.j  1.-0.j -1.+0.j -1.+0.j
  1.-0.j  1.-0.j -1.+0.j -1.+0.j  1.-0.j  1.-0.j  1.-0.j  1.-0.j  1.-0.j  1.-0.j -1.+0.j -1.+0.j -1.+0.j -1.+0.j
 -1.+0.j -1.+0.j -1.+0.j -1.+0.j -1.+0.j -1.+0.j -1.+0.j -1.+0.j -1.+0.j -1.+0.j  1.-0.j  1.-0.j  1.-0.j  1.-0.j
 -1.+0.j -1.+0.j -1.+0.j -1.+0.j -1.+0.j -1.+0.j -1.+0.j -1.+0.j -1.+0.j -1.+0.j -1.+0.j -1.+0.j  1.-0.j  1.-0.j
  1.-0.j  1.-0.j  1.-0.j  1.-0.j -1.+0.j -1.+0.j  1.-0.j  1.-0.j -1.+0.j -1.+0.j  1.-0.j  1.-0.j -1.+0.j -1.+0.j
 -1.+0.j -1.+0.j -1.+0.j -1.+0.j -1.+0.j -1.+0.j  1.-0.j  1.-0.j -1.+0.j -1.+0.j -1.+0.j -1.+0.j -1.+0.j -1.+0.j
 -1.+0.j -1.+0.j -1.+0.j -1.+0.j -1.+0.j -1.+0.j  1.-0.j  1.-0.j -1.+0.j -1.+0.j -1.+0.j -1.+0.j  1.-0.j  1.-0.j
 -1.+0.j -1.+0.j  1.-0.j  1.-0.j  1.-0.j  1.-0.j -1.+0.j -1.+0.j -1.+0.j -1.+0.j -1.+0.j -1.+0.j -1.+0.j -1.+0.j
 -1.+0.j -1.+0.j  1.-0.j  1.-0.j -1.+0.j -1.+0.j  1.-0.j  1.-0.j -1.+0.j -1.+0.j  1.-0.j  1.-0.j  1.-0.j  1.-0.j
 -1.+0.j -1.+0.j -1.+0.j -1.+0.j  1.-0.j  1.-0.j -1.+0.j -1.+0.j  1.-0.j  1.-0.j  1.-0.j  1.-0.j -1.+0.j -1.+0.j
 -1.+0.j -1.+0.j -1.+0.j -1.+0.j -1.+0.j -1.+0.j -1.+0.j -1.+0.j -1.+0.j -1.+0.j  1.-0.j  1.-0.j  1.-0.j  1.-0.j
 -1.+0.j -1.+0.j  1.-0.j  1.-0.j -1.+0.j -1.+0.j -1.+0.j -1.+0.j  1.-0.j  1.-0.j]
2025-08-29 13:35:02 [INFO] Processing 6604 samples from tag 0
2025-08-29 13:35:02 [INFO] Expected number of bits: 26
2025-08-29 13:35:02 [DEBUG] coarse freq offset: 38.310810810828116
2025-08-29 13:35:02 [INFO] rx_bits_raw: [1 1 1 1 1 1 1 1 1 1 1 1 0 1 1 1 1 0 0 1 1 1 0 1 0 1 1 1 1 1 1 0 1 1 1 1 1 1 0 1 1 1 0 0 1 1 1 1 0 1 1 0 1 0 1 1 1 1 1
 1 1 1 1 1 1 1 1 1 1 1 1 1 1 1 1 0 1 1 0 1 1 1 1 0 1 1 1 1 1 1 0 1 1 0 0 1 1 1 1 1 1 1 0 0 1 0 1 0 1 1 0 0 1 1 1 1 1 1
 1 1 1 1 0 0 1 1 1 1 1 1 1 1 1 1 1 1 1 1 1 0 1 1 1 1 0 0 1 1 1 0 1 0 1 1 1 1 1 1 0 1 0 1 1 1 1 0 1 1 1 0 0 1 1 1 1 0 1
 1 0 1 0 1 1 1 1 1 1 1 1 1 1 1 1 1 1 1 1 1 1 1 1 1 0 1 1 0 1 1 1 1 0 1 1 1 1 1 1 0 1 1 1 0 1 1 1 1 1 1 1 0 0 1 0 1 1 1
 1 0 0 1 1 1 1 1 1 1 1 1 1 0 0 1 1 1 1 1 1 1 1 1 1 1 1 1 1 1 0 1 1 1 1 0 0 1 1 1 0 1 0 1 1 1 1 1 1 0 1 0 1 1 1 1 0 0 1
 1 0 0 1 1 1 1 0 1 1 0 1 0 1 1 1 1 1 1 1 1 1 1 1 1 1 1 1 1 1 1 1 1 1 0 1 1 0 1 1 1 1 0 1 1 1 1 1 1 0 1 1 0 0 1 1 1 1 1
 1 1 0 0 1 0 1 0 1 1 0 0 1 1 1 1 1 1 1 1 1 1 0 0 1 1 1 1 1 1 1 1 1 1 1 1 1 1 1 0 1 1 1 1 0 0 1 1 1 0 1 0 1 1 1 1 1 1 0
 1 0 1 1 1 1 0 1 1 1 0 0 1 1 1 1 0 1 1 0 1 0 1 1 1 1 1 1 1 1 1 1 1 1 1 1 1 1 1 1 1 1 1 0 1 1 0 1 1 1 1 0 1 1 1 1 1 1 0
 1 1 1 0 1 1 1 1 1 1 1 0 0 1 0 1 1 1 1 0 0 1 1 1 1 1 1 1 1 1 1 0 0 1 1 1 1 1 1 1 1 1 1 1 1 1 1 1 0 1 1 1 1 0 0 1 1 1 0
 1 0 1 1 1 1 1 1 0 1 0 1 1 1 1 0 0 1 1 0 0 1 1 1 1 0 1 1 0 1 0 1 1 1 1 1 1 1 1 1 1 1 1 1 1 1 1 1 1 1 1 1 0 1 1 0 1 1 1
 1 0 1 1 1 1 1 1 0 1 1 0 0 1 1 1 1 1 1 1 0 0 1 0 1 0 1 1 0 0 1 1 1 1 1 1 1 1 1 1 0 0 1 1 0 0 0 0 0 0 0 0 0 0 0 0 0 1 0
 0 0 0 1 1 0 0 0 1 0 1 0 0 0 0 0 0 1 0 1 0 0 0 0 1 0 0 0 1 1 0 0 0 0 1 0 0 1 0 1 0 0 0 1 0 0 0 0 0 0 0 0 0 0 0 0 0 0 0
 0 0 1 0 0 1 0 0 0 0 1 0 0 0 0 0 0 1 0 0 1 1 0 0 0 0 0 0 0 1 1 0 1 0 1 0 0 1 1 0 0 0 0 0 0 0 0 0 0 1 0 0 0 1 1 1 1 1 1
 1 1 1 1 1 1 1 0 1 1 1 1 0 0 1 1 1 0 1 0 1 1 1 1 1 1 0 1 0 1 1 1 1 0 1 1 1 0 0 1 1 1 1 0 1 1 0 1 0 1 1 1 1 1 1 1 1 1 1
 1 1 1 1 1 1 1 1 1 1 1 0 1 1 0 1 1 1 1 0 1 1 1 1 1 1 0 1 1 1 0 1 1 1 1 1 1 1 0 0 1 0 1 1 1 1 0 0 1 1 1 1 1 1 1 1 1 1 0
 1 1 1 0 0 0 0 0 0 0 0 0 0 0 0 0 1 0 0 0 0 1 1 0 0 0 1 0 1 0 0 0 0 0 0 1 0 1 0 0 0 0 1 0 0 0 1 1 0 0 0 0 1 0 0 1 0 1 0
 0 0 0 0 0 0 0 0 0 0 0 0 0 0 0 0 0 0 0 0 1 0 0 1 0 0 0 0 1 0 0 0 0 0 0 1 0 0 0 1 0 0 0 0 0 0 0 1 1 0 1 0 1 0 0 1 1 0 0
 0 0 0 0 0 0 0 0 1 1 0 0 1 1 1 1 1 1 1 1 1 1 1 1 1 0 1 1 1 1 0 0 1 1 1 0 1 0 1 1 1 1 1 1 0 1 0 1 1 1 1 0 1 1 1 0 0 1 1
 1 1 0 1 1 0 1 0 1 1 1 1 1 1 1 1 1 1 1 1 1 1 1 1 1 1 1 1 1 0 1 1 0 1 1 1 1 0 1 1 1 1 1 1 0 1 1 1 0 1 1 1 1 1 1 1 0 0 1
 0 1 0 1 1 0 0 1 1 1 1 1 1 1 1 1 1 0 0 1 1 1 1 1 1 1 1 1 1 1 1 1 1 1 0 1 1 1 1 0 0 1 1 1 0 1 0 1 1 1 1 1 1 0 1 0 1 1 1
 1 0 1 1 1 0 0 1 1 1 1 0 1 1 0 1 0 1 1 1 1 1 1 1 1 1 1 1 1 1 1 1 1 1 1 1 1 1 0 1 1 0 1 1 1 1 0 1 1 1 1 1 1 0 1 1 1 0 1
 1 1 1 1 1 1 0 0 1 0 1 1 1 1 0 0 1 1 1 1 1 1 1 1 1 1 0 1 1 1 0 0 0 0 0 0 0 0 0 0 0 0 0 1 0 0 0 0 1 1 0 0 0 1 0 1 0 0 0
 0 0 0 1 0 1 0 0 0 0 1 0 0 0 1 1 0 0 0 0 1 0 0 1 0 1 0 0 0 0 0 0 0 0 0 0 0 0 0 0 0 0 0 0 0 0 0 1 0 0 1 0 0 0 0 1 0 0 0
 0 0 0 1 0 0 0 1 0 0 0 0 0 0 0 1 1 0 1 0 1 0 0 1 1 0 0 0 0 0 0 0 0 0 0 1 1 0 0 1 1 1 1 1 1 1 1 1 1 1 1 1 0 1 1 1 1 0 0
 1 1 1 0 1 0 1 1 1 1 1 1 0 1 0 1 1 1 1 0 1 1 1 0 0 1 1 1 1 0 1 1 0 1 0 1 1 1 1 1 1 1 1 1 1 1 1 1 1 1 1 1 1 1 1 1 0 1 1
 0 1 1 1 1 0 1 1 1 1 1 1 0 1 1 1 0 1 1 1 1 1 1 1 0 0 1 0 1 0 1 1 0 0 1 1 1 1 1 1 1 1 1 1 0 0 1 1 0 0 0 0 0 0 0 0 0 0 0
 0 0 1 0 0 0 0 1 1 0 0 0 1 0 1 0 0 0 0 0 0 1 0 1 0 0 0 0 1 0 0 0 1 1 0 0 0 0 1 0 0 1 0 1 0 0 0 1 0 0 0 0 0 0 0 0 0 0 0
 0 0 0 0 0 0 1 0 0 1 0 0 0 0 1 0 0 0 0 0 0 1 0 0 1 1 0 0 0 0 0 0 0 1 1 0 1 0 0 0 0 1 1 0 0 0 0 0 0 0 0 0 0 1 1 0 0 0 0
 0 0 0 0 0 0 0 0 0 0 0 1 0 0 0 0 1 1 0 0 0 1 0 1 0 0 0 0 0 0 1 0 1 0 0 0 0 1 0 0 0 1 1 0 0 1 0 1 0 0 1 0 1 0 0 0 0 0 0
 0 0 0 0 0 0 0 0 0 0 0 0 0 0 0 1 0 0 1 0 0 0 0 1 0 0 0 0 0 0 1 0 0 1 1 0 0 0 0 0 0 0 1 1 0 1 0 0 0 0 1 1 0 0 0 0 0 0 0
 0 0 0 1 0 0 0 1 1 1 1 1 1 1 1 1 1 1 1 1 0 1 1 1 1 0 0 1 1 1 0 1 0 1 1 1 1 1 1 0 1 0 1 1 1 1 0 0 1 1 0 0 1 1 1 1 0 1 1
 0 1 0 1 1 1 1 1 1 1 1 1 1 1 1 1 1 1 1 1 1 1 1 1 0 1 1 0 1 1 1 1 0 1 1 1 1 1 1 0 1 1 0 0 1 1 1 1 1 1 1 0 0 1 0 1 0 1 1
 0 0 1 1 1 1 1 1 1 1 1 1 0 0 1 1 0 0 0 0 0 0 0 0 0 0 0 0 0 1 0 0 0 0 1 1 0 0 0 1 0 1 0 0 0 0 0 0 1 0 1 0 0 0 0 1 0 0 0
 1 1 0 0 0 0 1 0 0 1 0 1 0 0 0 1 0 0 0 0 0 0 0 0 0 0 0 0 0 0 0 0 0 1 0 0 1 0 0 0 0 1 0 0 0 0 0 0 1 0 0 1 1 0 0 0 0 0 0
 0 1 1 0 1 0 1 0 0 1 1 0 0 0 0 0 0 0 0 0 0 1 1 0 0 0 0 0 0 0 0 0 0 0 0 0 0 0 1 0 0 0 0 1 1 0 0 0 1 0 1 0 0 0 0 0 0 1 0
 1 0 0 0 0 1 0 0 0 1 1 0 0 0 0 1 0 0 1 0 1 0 0 0 1 0 0 0 0 0 0 0 0 0 0 0 0 0 0 0 0 0 1 0 0 1 0 0 0 0 1 0 0 0 0 0 0 1 0
 0 1 1 0 0 0 0 0 0 0 1 1 0 1 0 0 0 0 1 1 0 0 0 0 0 0 0 0 0 0 1 1 0 0 0 0 0 0 0 0 0 0 0 0 0 0 0 1 0 0 0 0 1 1 0 0 0 1 0
 1 0 0 0 0 0 0 1 0 1 0 0 0 0 1 0 0 0 1 1 0 0 1 0 1 0 0 1 0 1 0 0 0 0 0 0 0 0 0 0 0 0 0 0 0 0 0 0 0 0 0 1 0 0 1 0 0 0 0
 1 0 0 0 0 0 0 1 0 0 1 1 0 0 0 0 0 0 0 1 1 0 1 0 0 0 0 1 1 0 0 0 0 0 0 0 0 0 0 1 1 0 0 0 0 0 0 0 0 0 0 0 0 0 0 0 1 0 0
 0 0 1 1 0 0 0 1 0 1 0 0 0 0 0 0 1 0 1 0 0 0 0 1 0 0 0 1 1 0 0 1 0 1 0 0 1 0 1 0 0 0 0 0 0 0 0 0 0 0 0 0 0 0 0 0 0 0 0
 0 1 0 0 1 0 0 0 0 1 0 0 0 0 0 0 1 0 0 1 1 0 0 0 0 0 0 0 1 1 0 1 0 0 0 0 1 1 0 0 0 0 0 0 0 0 0 0 1 1 0 0 0 0 0 0 0 0 0
 0 0 0 0 0 0 1 0 0 0 0 1 1 0 0 0 1 0 1 0 0 0 0 0 0 1 0 1 0 0 0 0 1 0 0 0 1 1 0 0 1 0 1 0 0 1 0 1 0 0 0 0 0 0 0 0 0 0 0
 0 0 0 0 0 0 0 0 0 0 1 0 0 1 0 0 0 0 1 0 0 0 0 0 0 1 0 0 1 1 0 0 0 0 0 0 0 1 1 0 1 0 0 0 0 1 1 0 0 0 0 0 0 0 0 0 0 1 1
 0 0 0 0 0 0 0 0 0 0 0 0 0 0 0 1 0 0 0 0 1 1 0 0 0 1 0 1 0 0 0 0 0 0 1 0 1 0 0 0 0 1 0 0 0 1 1 0 0 1 0 1 0 0 1 0 1 0 0
 0 0 0 0 0 0 0 0 0 0 0 0 0 0 0 0 0 0 0 1 0 0 1 0 0 0 0 1 0 0 0 0 0 0 1 0 0 1 1 0 0 0 0 0 0 0 1 1 0 1 0 0 0 0 1 1 0 0 0
 0 0 0 0 0 0 0 1 1 0 0 0 0 0 0 0 0 0 0 0 0 0 0 0 1 0 0 0 0 1 1 0 0 0 1 0 1 0 0 0 0 0 0 1 0 1 0 0 0 0 1 0 0 0 1 1 0 0 1
 0 1 0 0 1 0 1 0 0 0 0 0 0 0 0 0 0 0 0 0 0 0 0 0 0 0 0 0 1 0 0 1 0 0 0 0 1 0 0 0 0 0 0 1 0 0 1 1 0 0 0 0 0 0 0 1 1 0 1
 0 0 0 0 1 1 0 0 0 0 0 0 0 0 0 0 1 1 0 0 0 0 0 0 0 0 0 0 0 0 0 0 0 1 0 0 0 0 1 1 0 0 0 1 0 1 0 0 0 0 0 0 1 0 1 0 0 0 0
 1 0 0 0 1 1 0 0 1 0 1 0 0 1 0 1 0 0 0 0 0 0 0 0 0 0 0 0 0 0 0 0 0 0 0 0 0 1 0 0 1 0 0 0 0 1 0 0 0 0 0 0 1 0 0 1 1 0 0
 0 0 0 0 0 1 1 0 1 0 0 0 0 1 1 0 0 0 0 0 0 0 0 0 0 1 1 0 0 0 0 0 0 0 0 0 0 0 0 0 0 0 1 0 0 0 0 1 1 0 0 0 1 0 1 0 0 0 0
 0 0 1 0 1 0 0 0 0 1 0 0 0 1 1 0 0 1 0 1 0 0 1 0 1 0 0 0 0 0 0 0 0 0 0 0 0 0 0 0 0 0 0 0 0 0 1 0 0 1 0 0 0 0 1 0 0 0 0
 0 0 1 0 0 1 1 0 0 0 0 0 0 0 1 1 0 1 0 0 0 0 1 1 0 0 0 0 0 0 0 0 0 0 1 1 0 0 0 0 0 0 0 0 0 0 0 0 0 0 0 1 0 0 0 0 1 1 0
 0 0 1 0 1 0 0 0 0 0 0 1 0 1 0 0 0 0 1 0 0 0 1 1 0 0 1 0 1 0 0 1 0 1 0 0 0 0 0 0 0 0 0 0 0 0 0 0 0 0 0 0 0 0 0 1 0 0 1
 0 0 0 0 1 0 0 0 0 0 0 1 0 0 1 1 0 0 0 0 0 0 0 1 1 0 1 0 0 0 0 1 1 0 0 0 0 0 0 0 0 0 0 1 1 0 0 0 0 0 0 0 0 0 0 0 0 0 0
 0 1 0 0 0 0 1 1 0 0 0 1 0 1 0 0 0 0 0 0 1 0 1 0 0 0 0 1 0 0 0 1 1 0 0 1 0 1 0 0 1 0 1 0 0 0 0 0 0 0 0 0 0 0 0 0 0 0 0
 0 0 0 0 0 1 0 0 1 0 0 0 0 1 0 0 0 0 0 0 1 0 0 1 1 0 0 0 0 0 0 0 1 1 0 1 0 0 0 0 1 1 0 0 0 0 0 0 0]
2025-08-29 13:35:02 [INFO] Processed bits: [1. 1. 1. 1. 1. 0. 1. 0. 1. 1. 0. 1. 0. 0. 1. 0.]
2025-08-29 13:35:02 [INFO] Transmitted actual bits: [1. 1. 1. 1. 1. 0. 1. 0. 1. 1. 0. 1. 0. 0. 1. 0.]
2025-08-29 13:35:02 [INFO] BER: 0.0
