ARM GAS  /var/folders/d7/pb3dkhys6j3db_qtp_8v34p80000gn/T//ccEgHk0R.s 			page 1


   1              		.cpu cortex-m0plus
   2              		.arch armv6s-m
   3              		.fpu softvfp
   4              		.eabi_attribute 20, 1
   5              		.eabi_attribute 21, 1
   6              		.eabi_attribute 23, 3
   7              		.eabi_attribute 24, 1
   8              		.eabi_attribute 25, 1
   9              		.eabi_attribute 26, 1
  10              		.eabi_attribute 30, 1
  11              		.eabi_attribute 34, 0
  12              		.eabi_attribute 18, 4
  13              		.file	"stm32l0xx_hal_dma.c"
  14              		.text
  15              	.Ltext0:
  16              		.cfi_sections	.debug_frame
  17              		.file 1 "Drivers/STM32L0xx_HAL_Driver/Src/stm32l0xx_hal_dma.c"
  18              		.section	.text.DMA_SetConfig,"ax",%progbits
  19              		.align	1
  20              		.syntax unified
  21              		.code	16
  22              		.thumb_func
  24              	DMA_SetConfig:
  25              	.LVL0:
  26              	.LFB59:
   1:Drivers/STM32L0xx_HAL_Driver/Src/stm32l0xx_hal_dma.c **** /**
   2:Drivers/STM32L0xx_HAL_Driver/Src/stm32l0xx_hal_dma.c ****   ******************************************************************************
   3:Drivers/STM32L0xx_HAL_Driver/Src/stm32l0xx_hal_dma.c ****   * @file    stm32l0xx_hal_dma.c
   4:Drivers/STM32L0xx_HAL_Driver/Src/stm32l0xx_hal_dma.c ****   * @author  MCD Application Team
   5:Drivers/STM32L0xx_HAL_Driver/Src/stm32l0xx_hal_dma.c ****   * @brief   DMA HAL module driver.
   6:Drivers/STM32L0xx_HAL_Driver/Src/stm32l0xx_hal_dma.c ****   *         This file provides firmware functions to manage the following
   7:Drivers/STM32L0xx_HAL_Driver/Src/stm32l0xx_hal_dma.c ****   *         functionalities of the Direct Memory Access (DMA) peripheral:
   8:Drivers/STM32L0xx_HAL_Driver/Src/stm32l0xx_hal_dma.c ****   *           + Initialization and de-initialization functions
   9:Drivers/STM32L0xx_HAL_Driver/Src/stm32l0xx_hal_dma.c ****   *           + IO operation functions
  10:Drivers/STM32L0xx_HAL_Driver/Src/stm32l0xx_hal_dma.c ****   *           + Peripheral State and errors functions
  11:Drivers/STM32L0xx_HAL_Driver/Src/stm32l0xx_hal_dma.c ****   *
  12:Drivers/STM32L0xx_HAL_Driver/Src/stm32l0xx_hal_dma.c ****   ******************************************************************************
  13:Drivers/STM32L0xx_HAL_Driver/Src/stm32l0xx_hal_dma.c ****   * @attention
  14:Drivers/STM32L0xx_HAL_Driver/Src/stm32l0xx_hal_dma.c ****   *
  15:Drivers/STM32L0xx_HAL_Driver/Src/stm32l0xx_hal_dma.c ****   * Copyright (c) 2016 STMicroelectronics.
  16:Drivers/STM32L0xx_HAL_Driver/Src/stm32l0xx_hal_dma.c ****   * All rights reserved.
  17:Drivers/STM32L0xx_HAL_Driver/Src/stm32l0xx_hal_dma.c ****   *
  18:Drivers/STM32L0xx_HAL_Driver/Src/stm32l0xx_hal_dma.c ****   * This software is licensed under terms that can be found in the LICENSE file
  19:Drivers/STM32L0xx_HAL_Driver/Src/stm32l0xx_hal_dma.c ****   * in the root directory of this software component.
  20:Drivers/STM32L0xx_HAL_Driver/Src/stm32l0xx_hal_dma.c ****   * If no LICENSE file comes with this software, it is provided AS-IS.
  21:Drivers/STM32L0xx_HAL_Driver/Src/stm32l0xx_hal_dma.c ****   *
  22:Drivers/STM32L0xx_HAL_Driver/Src/stm32l0xx_hal_dma.c ****   ******************************************************************************
  23:Drivers/STM32L0xx_HAL_Driver/Src/stm32l0xx_hal_dma.c ****   @verbatim
  24:Drivers/STM32L0xx_HAL_Driver/Src/stm32l0xx_hal_dma.c ****   ==============================================================================
  25:Drivers/STM32L0xx_HAL_Driver/Src/stm32l0xx_hal_dma.c ****                         ##### How to use this driver #####
  26:Drivers/STM32L0xx_HAL_Driver/Src/stm32l0xx_hal_dma.c ****   ==============================================================================
  27:Drivers/STM32L0xx_HAL_Driver/Src/stm32l0xx_hal_dma.c ****   [..]
  28:Drivers/STM32L0xx_HAL_Driver/Src/stm32l0xx_hal_dma.c ****    (#) Enable and configure the peripheral to be connected to the DMA Channel
  29:Drivers/STM32L0xx_HAL_Driver/Src/stm32l0xx_hal_dma.c ****        (except for internal SRAM / FLASH memories: no initialization is
  30:Drivers/STM32L0xx_HAL_Driver/Src/stm32l0xx_hal_dma.c ****        necessary).
  31:Drivers/STM32L0xx_HAL_Driver/Src/stm32l0xx_hal_dma.c **** 
  32:Drivers/STM32L0xx_HAL_Driver/Src/stm32l0xx_hal_dma.c ****    (#) For a given Channel, program the required configuration through the following parameters:
ARM GAS  /var/folders/d7/pb3dkhys6j3db_qtp_8v34p80000gn/T//ccEgHk0R.s 			page 2


  33:Drivers/STM32L0xx_HAL_Driver/Src/stm32l0xx_hal_dma.c ****        Channel request, Transfer Direction, Source and Destination data formats,
  34:Drivers/STM32L0xx_HAL_Driver/Src/stm32l0xx_hal_dma.c ****        Circular or Normal mode, Channel Priority level, Source and Destination Increment mode
  35:Drivers/STM32L0xx_HAL_Driver/Src/stm32l0xx_hal_dma.c ****        using HAL_DMA_Init() function.
  36:Drivers/STM32L0xx_HAL_Driver/Src/stm32l0xx_hal_dma.c **** 
  37:Drivers/STM32L0xx_HAL_Driver/Src/stm32l0xx_hal_dma.c ****    (#) Use HAL_DMA_GetState() function to return the DMA state and HAL_DMA_GetError() in case of er
  38:Drivers/STM32L0xx_HAL_Driver/Src/stm32l0xx_hal_dma.c ****        detection.
  39:Drivers/STM32L0xx_HAL_Driver/Src/stm32l0xx_hal_dma.c **** 
  40:Drivers/STM32L0xx_HAL_Driver/Src/stm32l0xx_hal_dma.c ****    (#) Use HAL_DMA_Abort() function to abort the current transfer
  41:Drivers/STM32L0xx_HAL_Driver/Src/stm32l0xx_hal_dma.c **** 
  42:Drivers/STM32L0xx_HAL_Driver/Src/stm32l0xx_hal_dma.c ****      -@-   In Memory-to-Memory transfer mode, Circular mode is not allowed.
  43:Drivers/STM32L0xx_HAL_Driver/Src/stm32l0xx_hal_dma.c **** 
  44:Drivers/STM32L0xx_HAL_Driver/Src/stm32l0xx_hal_dma.c ****      *** Polling mode IO operation ***
  45:Drivers/STM32L0xx_HAL_Driver/Src/stm32l0xx_hal_dma.c ****      =================================
  46:Drivers/STM32L0xx_HAL_Driver/Src/stm32l0xx_hal_dma.c ****     [..]
  47:Drivers/STM32L0xx_HAL_Driver/Src/stm32l0xx_hal_dma.c ****           (+) Use HAL_DMA_Start() to start DMA transfer after the configuration of Source
  48:Drivers/STM32L0xx_HAL_Driver/Src/stm32l0xx_hal_dma.c ****               address and destination address and the Length of data to be transferred
  49:Drivers/STM32L0xx_HAL_Driver/Src/stm32l0xx_hal_dma.c ****           (+) Use HAL_DMA_PollForTransfer() to poll for the end of current transfer, in this
  50:Drivers/STM32L0xx_HAL_Driver/Src/stm32l0xx_hal_dma.c ****               case a fixed Timeout can be configured by User depending from his application.
  51:Drivers/STM32L0xx_HAL_Driver/Src/stm32l0xx_hal_dma.c **** 
  52:Drivers/STM32L0xx_HAL_Driver/Src/stm32l0xx_hal_dma.c ****      *** Interrupt mode IO operation ***
  53:Drivers/STM32L0xx_HAL_Driver/Src/stm32l0xx_hal_dma.c ****      ===================================
  54:Drivers/STM32L0xx_HAL_Driver/Src/stm32l0xx_hal_dma.c ****     [..]
  55:Drivers/STM32L0xx_HAL_Driver/Src/stm32l0xx_hal_dma.c ****           (+) Configure the DMA interrupt priority using HAL_NVIC_SetPriority()
  56:Drivers/STM32L0xx_HAL_Driver/Src/stm32l0xx_hal_dma.c ****           (+) Enable the DMA IRQ handler using HAL_NVIC_EnableIRQ()
  57:Drivers/STM32L0xx_HAL_Driver/Src/stm32l0xx_hal_dma.c ****           (+) Use HAL_DMA_Start_IT() to start DMA transfer after the configuration of
  58:Drivers/STM32L0xx_HAL_Driver/Src/stm32l0xx_hal_dma.c ****               Source address and destination address and the Length of data to be transferred.
  59:Drivers/STM32L0xx_HAL_Driver/Src/stm32l0xx_hal_dma.c ****               In this case the DMA interrupt is configured
  60:Drivers/STM32L0xx_HAL_Driver/Src/stm32l0xx_hal_dma.c ****           (+) Use HAL_DMA_IRQHandler() called under DMA_IRQHandler() Interrupt subroutine
  61:Drivers/STM32L0xx_HAL_Driver/Src/stm32l0xx_hal_dma.c ****           (+) At the end of data transfer HAL_DMA_IRQHandler() function is executed and user can
  62:Drivers/STM32L0xx_HAL_Driver/Src/stm32l0xx_hal_dma.c ****               add his own function to register callbacks with HAL_DMA_RegisterCallback().
  63:Drivers/STM32L0xx_HAL_Driver/Src/stm32l0xx_hal_dma.c **** 
  64:Drivers/STM32L0xx_HAL_Driver/Src/stm32l0xx_hal_dma.c ****      *** DMA HAL driver macros list ***
  65:Drivers/STM32L0xx_HAL_Driver/Src/stm32l0xx_hal_dma.c ****      =============================================
  66:Drivers/STM32L0xx_HAL_Driver/Src/stm32l0xx_hal_dma.c ****       [..]
  67:Drivers/STM32L0xx_HAL_Driver/Src/stm32l0xx_hal_dma.c ****        Below the list of macros in DMA HAL driver.
  68:Drivers/STM32L0xx_HAL_Driver/Src/stm32l0xx_hal_dma.c **** 
  69:Drivers/STM32L0xx_HAL_Driver/Src/stm32l0xx_hal_dma.c ****        (+) __HAL_DMA_ENABLE: Enable the specified DMA Channel.
  70:Drivers/STM32L0xx_HAL_Driver/Src/stm32l0xx_hal_dma.c ****        (+) __HAL_DMA_DISABLE: Disable the specified DMA Channel.
  71:Drivers/STM32L0xx_HAL_Driver/Src/stm32l0xx_hal_dma.c ****        (+) __HAL_DMA_GET_FLAG: Get the DMA Channel pending flags.
  72:Drivers/STM32L0xx_HAL_Driver/Src/stm32l0xx_hal_dma.c ****        (+) __HAL_DMA_CLEAR_FLAG: Clear the DMA Channel pending flags.
  73:Drivers/STM32L0xx_HAL_Driver/Src/stm32l0xx_hal_dma.c ****        (+) __HAL_DMA_ENABLE_IT: Enable the specified DMA Channel interrupts.
  74:Drivers/STM32L0xx_HAL_Driver/Src/stm32l0xx_hal_dma.c ****        (+) __HAL_DMA_DISABLE_IT: Disable the specified DMA Channel interrupts.
  75:Drivers/STM32L0xx_HAL_Driver/Src/stm32l0xx_hal_dma.c ****        (+) __HAL_DMA_GET_IT_SOURCE: Check whether the specified DMA Channel interrupt has occurred 
  76:Drivers/STM32L0xx_HAL_Driver/Src/stm32l0xx_hal_dma.c **** 
  77:Drivers/STM32L0xx_HAL_Driver/Src/stm32l0xx_hal_dma.c ****      [..]
  78:Drivers/STM32L0xx_HAL_Driver/Src/stm32l0xx_hal_dma.c ****       (@) You can refer to the DMA HAL driver header file for more useful macros
  79:Drivers/STM32L0xx_HAL_Driver/Src/stm32l0xx_hal_dma.c **** 
  80:Drivers/STM32L0xx_HAL_Driver/Src/stm32l0xx_hal_dma.c ****   @endverbatim
  81:Drivers/STM32L0xx_HAL_Driver/Src/stm32l0xx_hal_dma.c ****   ******************************************************************************
  82:Drivers/STM32L0xx_HAL_Driver/Src/stm32l0xx_hal_dma.c ****   */
  83:Drivers/STM32L0xx_HAL_Driver/Src/stm32l0xx_hal_dma.c **** 
  84:Drivers/STM32L0xx_HAL_Driver/Src/stm32l0xx_hal_dma.c **** /* Includes ------------------------------------------------------------------*/
  85:Drivers/STM32L0xx_HAL_Driver/Src/stm32l0xx_hal_dma.c **** #include "stm32l0xx_hal.h"
  86:Drivers/STM32L0xx_HAL_Driver/Src/stm32l0xx_hal_dma.c **** 
  87:Drivers/STM32L0xx_HAL_Driver/Src/stm32l0xx_hal_dma.c **** /** @addtogroup STM32L0xx_HAL_Driver
  88:Drivers/STM32L0xx_HAL_Driver/Src/stm32l0xx_hal_dma.c ****   * @{
  89:Drivers/STM32L0xx_HAL_Driver/Src/stm32l0xx_hal_dma.c ****   */
ARM GAS  /var/folders/d7/pb3dkhys6j3db_qtp_8v34p80000gn/T//ccEgHk0R.s 			page 3


  90:Drivers/STM32L0xx_HAL_Driver/Src/stm32l0xx_hal_dma.c **** 
  91:Drivers/STM32L0xx_HAL_Driver/Src/stm32l0xx_hal_dma.c **** /** @defgroup DMA DMA
  92:Drivers/STM32L0xx_HAL_Driver/Src/stm32l0xx_hal_dma.c ****   * @brief DMA HAL module driver
  93:Drivers/STM32L0xx_HAL_Driver/Src/stm32l0xx_hal_dma.c ****   * @{
  94:Drivers/STM32L0xx_HAL_Driver/Src/stm32l0xx_hal_dma.c ****   */
  95:Drivers/STM32L0xx_HAL_Driver/Src/stm32l0xx_hal_dma.c **** 
  96:Drivers/STM32L0xx_HAL_Driver/Src/stm32l0xx_hal_dma.c **** #ifdef HAL_DMA_MODULE_ENABLED
  97:Drivers/STM32L0xx_HAL_Driver/Src/stm32l0xx_hal_dma.c **** 
  98:Drivers/STM32L0xx_HAL_Driver/Src/stm32l0xx_hal_dma.c **** /* Private typedef -----------------------------------------------------------*/
  99:Drivers/STM32L0xx_HAL_Driver/Src/stm32l0xx_hal_dma.c **** /** @defgroup DMA_Private_Functions DMA Private Functions
 100:Drivers/STM32L0xx_HAL_Driver/Src/stm32l0xx_hal_dma.c ****   * @{
 101:Drivers/STM32L0xx_HAL_Driver/Src/stm32l0xx_hal_dma.c ****   */
 102:Drivers/STM32L0xx_HAL_Driver/Src/stm32l0xx_hal_dma.c **** 
 103:Drivers/STM32L0xx_HAL_Driver/Src/stm32l0xx_hal_dma.c **** static void DMA_SetConfig(DMA_HandleTypeDef *hdma, uint32_t SrcAddress, uint32_t DstAddress, uint32
 104:Drivers/STM32L0xx_HAL_Driver/Src/stm32l0xx_hal_dma.c **** /**
 105:Drivers/STM32L0xx_HAL_Driver/Src/stm32l0xx_hal_dma.c ****   * @}
 106:Drivers/STM32L0xx_HAL_Driver/Src/stm32l0xx_hal_dma.c ****   */
 107:Drivers/STM32L0xx_HAL_Driver/Src/stm32l0xx_hal_dma.c **** 
 108:Drivers/STM32L0xx_HAL_Driver/Src/stm32l0xx_hal_dma.c **** /* Exported functions ---------------------------------------------------------*/
 109:Drivers/STM32L0xx_HAL_Driver/Src/stm32l0xx_hal_dma.c **** 
 110:Drivers/STM32L0xx_HAL_Driver/Src/stm32l0xx_hal_dma.c **** /** @defgroup DMA_Exported_Functions DMA Exported Functions
 111:Drivers/STM32L0xx_HAL_Driver/Src/stm32l0xx_hal_dma.c ****   * @{
 112:Drivers/STM32L0xx_HAL_Driver/Src/stm32l0xx_hal_dma.c ****   */
 113:Drivers/STM32L0xx_HAL_Driver/Src/stm32l0xx_hal_dma.c **** 
 114:Drivers/STM32L0xx_HAL_Driver/Src/stm32l0xx_hal_dma.c **** /** @defgroup DMA_Exported_Functions_Group1 Initialization and de-initialization functions
 115:Drivers/STM32L0xx_HAL_Driver/Src/stm32l0xx_hal_dma.c ****  *  @brief   Initialization and de-initialization functions
 116:Drivers/STM32L0xx_HAL_Driver/Src/stm32l0xx_hal_dma.c ****  *
 117:Drivers/STM32L0xx_HAL_Driver/Src/stm32l0xx_hal_dma.c **** @verbatim
 118:Drivers/STM32L0xx_HAL_Driver/Src/stm32l0xx_hal_dma.c ****  ===============================================================================
 119:Drivers/STM32L0xx_HAL_Driver/Src/stm32l0xx_hal_dma.c ****              ##### Initialization and de-initialization functions  #####
 120:Drivers/STM32L0xx_HAL_Driver/Src/stm32l0xx_hal_dma.c ****  ===============================================================================
 121:Drivers/STM32L0xx_HAL_Driver/Src/stm32l0xx_hal_dma.c ****     [..]
 122:Drivers/STM32L0xx_HAL_Driver/Src/stm32l0xx_hal_dma.c ****     This section provides functions allowing to initialize the DMA Channel source
 123:Drivers/STM32L0xx_HAL_Driver/Src/stm32l0xx_hal_dma.c ****     and destination addresses, incrementation and data sizes, transfer direction,
 124:Drivers/STM32L0xx_HAL_Driver/Src/stm32l0xx_hal_dma.c ****     circular/normal mode selection, memory-to-memory mode selection and Channel priority value.
 125:Drivers/STM32L0xx_HAL_Driver/Src/stm32l0xx_hal_dma.c ****     [..]
 126:Drivers/STM32L0xx_HAL_Driver/Src/stm32l0xx_hal_dma.c ****     The HAL_DMA_Init() function follows the DMA configuration procedures as described in
 127:Drivers/STM32L0xx_HAL_Driver/Src/stm32l0xx_hal_dma.c ****     reference manual.
 128:Drivers/STM32L0xx_HAL_Driver/Src/stm32l0xx_hal_dma.c **** 
 129:Drivers/STM32L0xx_HAL_Driver/Src/stm32l0xx_hal_dma.c **** @endverbatim
 130:Drivers/STM32L0xx_HAL_Driver/Src/stm32l0xx_hal_dma.c ****   * @{
 131:Drivers/STM32L0xx_HAL_Driver/Src/stm32l0xx_hal_dma.c ****   */
 132:Drivers/STM32L0xx_HAL_Driver/Src/stm32l0xx_hal_dma.c **** 
 133:Drivers/STM32L0xx_HAL_Driver/Src/stm32l0xx_hal_dma.c **** /**
 134:Drivers/STM32L0xx_HAL_Driver/Src/stm32l0xx_hal_dma.c ****   * @brief  Initialize the DMA according to the specified
 135:Drivers/STM32L0xx_HAL_Driver/Src/stm32l0xx_hal_dma.c ****   *         parameters in the DMA_InitTypeDef and initialize the associated handle.
 136:Drivers/STM32L0xx_HAL_Driver/Src/stm32l0xx_hal_dma.c ****   * @param  hdma Pointer to a DMA_HandleTypeDef structure that contains
 137:Drivers/STM32L0xx_HAL_Driver/Src/stm32l0xx_hal_dma.c ****   *               the configuration information for the specified DMA Channel.
 138:Drivers/STM32L0xx_HAL_Driver/Src/stm32l0xx_hal_dma.c ****   * @retval HAL status
 139:Drivers/STM32L0xx_HAL_Driver/Src/stm32l0xx_hal_dma.c ****   */
 140:Drivers/STM32L0xx_HAL_Driver/Src/stm32l0xx_hal_dma.c **** HAL_StatusTypeDef HAL_DMA_Init(DMA_HandleTypeDef *hdma)
 141:Drivers/STM32L0xx_HAL_Driver/Src/stm32l0xx_hal_dma.c **** {
 142:Drivers/STM32L0xx_HAL_Driver/Src/stm32l0xx_hal_dma.c ****   uint32_t tmp;
 143:Drivers/STM32L0xx_HAL_Driver/Src/stm32l0xx_hal_dma.c **** 
 144:Drivers/STM32L0xx_HAL_Driver/Src/stm32l0xx_hal_dma.c ****   /* Check the DMA handle allocation */
 145:Drivers/STM32L0xx_HAL_Driver/Src/stm32l0xx_hal_dma.c ****   if(hdma == NULL)
 146:Drivers/STM32L0xx_HAL_Driver/Src/stm32l0xx_hal_dma.c ****   {
ARM GAS  /var/folders/d7/pb3dkhys6j3db_qtp_8v34p80000gn/T//ccEgHk0R.s 			page 4


 147:Drivers/STM32L0xx_HAL_Driver/Src/stm32l0xx_hal_dma.c ****     return HAL_ERROR;
 148:Drivers/STM32L0xx_HAL_Driver/Src/stm32l0xx_hal_dma.c ****   }
 149:Drivers/STM32L0xx_HAL_Driver/Src/stm32l0xx_hal_dma.c **** 
 150:Drivers/STM32L0xx_HAL_Driver/Src/stm32l0xx_hal_dma.c ****   /* Check the parameters */
 151:Drivers/STM32L0xx_HAL_Driver/Src/stm32l0xx_hal_dma.c ****   assert_param(IS_DMA_ALL_INSTANCE(hdma->Instance));
 152:Drivers/STM32L0xx_HAL_Driver/Src/stm32l0xx_hal_dma.c ****   assert_param(IS_DMA_ALL_REQUEST(hdma->Init.Request));
 153:Drivers/STM32L0xx_HAL_Driver/Src/stm32l0xx_hal_dma.c ****   assert_param(IS_DMA_DIRECTION(hdma->Init.Direction));
 154:Drivers/STM32L0xx_HAL_Driver/Src/stm32l0xx_hal_dma.c ****   assert_param(IS_DMA_PERIPHERAL_INC_STATE(hdma->Init.PeriphInc));
 155:Drivers/STM32L0xx_HAL_Driver/Src/stm32l0xx_hal_dma.c ****   assert_param(IS_DMA_MEMORY_INC_STATE(hdma->Init.MemInc));
 156:Drivers/STM32L0xx_HAL_Driver/Src/stm32l0xx_hal_dma.c ****   assert_param(IS_DMA_PERIPHERAL_DATA_SIZE(hdma->Init.PeriphDataAlignment));
 157:Drivers/STM32L0xx_HAL_Driver/Src/stm32l0xx_hal_dma.c ****   assert_param(IS_DMA_MEMORY_DATA_SIZE(hdma->Init.MemDataAlignment));
 158:Drivers/STM32L0xx_HAL_Driver/Src/stm32l0xx_hal_dma.c ****   assert_param(IS_DMA_MODE(hdma->Init.Mode));
 159:Drivers/STM32L0xx_HAL_Driver/Src/stm32l0xx_hal_dma.c ****   assert_param(IS_DMA_PRIORITY(hdma->Init.Priority));
 160:Drivers/STM32L0xx_HAL_Driver/Src/stm32l0xx_hal_dma.c **** 
 161:Drivers/STM32L0xx_HAL_Driver/Src/stm32l0xx_hal_dma.c ****   /* Compute the channel index */
 162:Drivers/STM32L0xx_HAL_Driver/Src/stm32l0xx_hal_dma.c ****   /* Only one DMA: DMA1 */
 163:Drivers/STM32L0xx_HAL_Driver/Src/stm32l0xx_hal_dma.c ****   hdma->ChannelIndex = (((uint32_t)hdma->Instance - (uint32_t)DMA1_Channel1) / ((uint32_t)DMA1_Chan
 164:Drivers/STM32L0xx_HAL_Driver/Src/stm32l0xx_hal_dma.c ****   hdma->DmaBaseAddress = DMA1;
 165:Drivers/STM32L0xx_HAL_Driver/Src/stm32l0xx_hal_dma.c **** 
 166:Drivers/STM32L0xx_HAL_Driver/Src/stm32l0xx_hal_dma.c ****   /* Change DMA peripheral state */
 167:Drivers/STM32L0xx_HAL_Driver/Src/stm32l0xx_hal_dma.c ****   hdma->State = HAL_DMA_STATE_BUSY;
 168:Drivers/STM32L0xx_HAL_Driver/Src/stm32l0xx_hal_dma.c **** 
 169:Drivers/STM32L0xx_HAL_Driver/Src/stm32l0xx_hal_dma.c ****   /* Get the CR register value */
 170:Drivers/STM32L0xx_HAL_Driver/Src/stm32l0xx_hal_dma.c ****   tmp = hdma->Instance->CCR;
 171:Drivers/STM32L0xx_HAL_Driver/Src/stm32l0xx_hal_dma.c **** 
 172:Drivers/STM32L0xx_HAL_Driver/Src/stm32l0xx_hal_dma.c ****   /* Clear PL, MSIZE, PSIZE, MINC, PINC, CIRC, DIR and MEM2MEM bits */
 173:Drivers/STM32L0xx_HAL_Driver/Src/stm32l0xx_hal_dma.c ****   tmp &= ((uint32_t)~(DMA_CCR_PL    | DMA_CCR_MSIZE  | DMA_CCR_PSIZE  |
 174:Drivers/STM32L0xx_HAL_Driver/Src/stm32l0xx_hal_dma.c ****                       DMA_CCR_MINC  | DMA_CCR_PINC   | DMA_CCR_CIRC   |
 175:Drivers/STM32L0xx_HAL_Driver/Src/stm32l0xx_hal_dma.c ****                       DMA_CCR_DIR   | DMA_CCR_MEM2MEM));
 176:Drivers/STM32L0xx_HAL_Driver/Src/stm32l0xx_hal_dma.c **** 
 177:Drivers/STM32L0xx_HAL_Driver/Src/stm32l0xx_hal_dma.c ****   /* Prepare the DMA Channel configuration */
 178:Drivers/STM32L0xx_HAL_Driver/Src/stm32l0xx_hal_dma.c ****   tmp |=  hdma->Init.Direction        |
 179:Drivers/STM32L0xx_HAL_Driver/Src/stm32l0xx_hal_dma.c ****           hdma->Init.PeriphInc           | hdma->Init.MemInc           |
 180:Drivers/STM32L0xx_HAL_Driver/Src/stm32l0xx_hal_dma.c ****           hdma->Init.PeriphDataAlignment | hdma->Init.MemDataAlignment |
 181:Drivers/STM32L0xx_HAL_Driver/Src/stm32l0xx_hal_dma.c ****           hdma->Init.Mode                | hdma->Init.Priority;
 182:Drivers/STM32L0xx_HAL_Driver/Src/stm32l0xx_hal_dma.c **** 
 183:Drivers/STM32L0xx_HAL_Driver/Src/stm32l0xx_hal_dma.c ****   /* Write to DMA Channel CR register */
 184:Drivers/STM32L0xx_HAL_Driver/Src/stm32l0xx_hal_dma.c ****   hdma->Instance->CCR = tmp;
 185:Drivers/STM32L0xx_HAL_Driver/Src/stm32l0xx_hal_dma.c **** 
 186:Drivers/STM32L0xx_HAL_Driver/Src/stm32l0xx_hal_dma.c ****   /* Set request selection */
 187:Drivers/STM32L0xx_HAL_Driver/Src/stm32l0xx_hal_dma.c ****   if(hdma->Init.Direction != DMA_MEMORY_TO_MEMORY)
 188:Drivers/STM32L0xx_HAL_Driver/Src/stm32l0xx_hal_dma.c ****   {
 189:Drivers/STM32L0xx_HAL_Driver/Src/stm32l0xx_hal_dma.c ****     /* Write to DMA channel selection register */
 190:Drivers/STM32L0xx_HAL_Driver/Src/stm32l0xx_hal_dma.c ****     /* Reset request selection for DMA1 Channelx */
 191:Drivers/STM32L0xx_HAL_Driver/Src/stm32l0xx_hal_dma.c ****     DMA1_CSELR->CSELR &= ~(DMA_CSELR_C1S << (hdma->ChannelIndex & 0x1cU));
 192:Drivers/STM32L0xx_HAL_Driver/Src/stm32l0xx_hal_dma.c **** 
 193:Drivers/STM32L0xx_HAL_Driver/Src/stm32l0xx_hal_dma.c ****     /* Configure request selection for DMA1 Channelx */
 194:Drivers/STM32L0xx_HAL_Driver/Src/stm32l0xx_hal_dma.c ****     DMA1_CSELR->CSELR |= (uint32_t) (hdma->Init.Request << (hdma->ChannelIndex & 0x1cU));
 195:Drivers/STM32L0xx_HAL_Driver/Src/stm32l0xx_hal_dma.c ****   }
 196:Drivers/STM32L0xx_HAL_Driver/Src/stm32l0xx_hal_dma.c **** 
 197:Drivers/STM32L0xx_HAL_Driver/Src/stm32l0xx_hal_dma.c ****   /* Initialise the error code */
 198:Drivers/STM32L0xx_HAL_Driver/Src/stm32l0xx_hal_dma.c ****   hdma->ErrorCode = HAL_DMA_ERROR_NONE;
 199:Drivers/STM32L0xx_HAL_Driver/Src/stm32l0xx_hal_dma.c **** 
 200:Drivers/STM32L0xx_HAL_Driver/Src/stm32l0xx_hal_dma.c ****   /* Initialize the DMA state*/
 201:Drivers/STM32L0xx_HAL_Driver/Src/stm32l0xx_hal_dma.c ****   hdma->State  = HAL_DMA_STATE_READY;
 202:Drivers/STM32L0xx_HAL_Driver/Src/stm32l0xx_hal_dma.c **** 
 203:Drivers/STM32L0xx_HAL_Driver/Src/stm32l0xx_hal_dma.c ****   /* Allocate lock resource and initialize it */
ARM GAS  /var/folders/d7/pb3dkhys6j3db_qtp_8v34p80000gn/T//ccEgHk0R.s 			page 5


 204:Drivers/STM32L0xx_HAL_Driver/Src/stm32l0xx_hal_dma.c ****   hdma->Lock = HAL_UNLOCKED;
 205:Drivers/STM32L0xx_HAL_Driver/Src/stm32l0xx_hal_dma.c **** 
 206:Drivers/STM32L0xx_HAL_Driver/Src/stm32l0xx_hal_dma.c ****   return HAL_OK;
 207:Drivers/STM32L0xx_HAL_Driver/Src/stm32l0xx_hal_dma.c **** }
 208:Drivers/STM32L0xx_HAL_Driver/Src/stm32l0xx_hal_dma.c **** 
 209:Drivers/STM32L0xx_HAL_Driver/Src/stm32l0xx_hal_dma.c **** /**
 210:Drivers/STM32L0xx_HAL_Driver/Src/stm32l0xx_hal_dma.c ****   * @brief  DeInitialize the DMA peripheral.
 211:Drivers/STM32L0xx_HAL_Driver/Src/stm32l0xx_hal_dma.c ****   * @param  hdma pointer to a DMA_HandleTypeDef structure that contains
 212:Drivers/STM32L0xx_HAL_Driver/Src/stm32l0xx_hal_dma.c ****   *               the configuration information for the specified DMA Channel.
 213:Drivers/STM32L0xx_HAL_Driver/Src/stm32l0xx_hal_dma.c ****   * @retval HAL status
 214:Drivers/STM32L0xx_HAL_Driver/Src/stm32l0xx_hal_dma.c ****   */
 215:Drivers/STM32L0xx_HAL_Driver/Src/stm32l0xx_hal_dma.c **** HAL_StatusTypeDef HAL_DMA_DeInit(DMA_HandleTypeDef *hdma)
 216:Drivers/STM32L0xx_HAL_Driver/Src/stm32l0xx_hal_dma.c **** {
 217:Drivers/STM32L0xx_HAL_Driver/Src/stm32l0xx_hal_dma.c **** 
 218:Drivers/STM32L0xx_HAL_Driver/Src/stm32l0xx_hal_dma.c ****   /* Check the DMA handle allocation */
 219:Drivers/STM32L0xx_HAL_Driver/Src/stm32l0xx_hal_dma.c ****   if (NULL == hdma )
 220:Drivers/STM32L0xx_HAL_Driver/Src/stm32l0xx_hal_dma.c ****   {
 221:Drivers/STM32L0xx_HAL_Driver/Src/stm32l0xx_hal_dma.c ****     return HAL_ERROR;
 222:Drivers/STM32L0xx_HAL_Driver/Src/stm32l0xx_hal_dma.c ****   }
 223:Drivers/STM32L0xx_HAL_Driver/Src/stm32l0xx_hal_dma.c **** 
 224:Drivers/STM32L0xx_HAL_Driver/Src/stm32l0xx_hal_dma.c ****   /* Check the parameters */
 225:Drivers/STM32L0xx_HAL_Driver/Src/stm32l0xx_hal_dma.c ****   assert_param(IS_DMA_ALL_INSTANCE(hdma->Instance));
 226:Drivers/STM32L0xx_HAL_Driver/Src/stm32l0xx_hal_dma.c **** 
 227:Drivers/STM32L0xx_HAL_Driver/Src/stm32l0xx_hal_dma.c ****   /* Disable the selected DMA Channelx */
 228:Drivers/STM32L0xx_HAL_Driver/Src/stm32l0xx_hal_dma.c ****   __HAL_DMA_DISABLE(hdma);
 229:Drivers/STM32L0xx_HAL_Driver/Src/stm32l0xx_hal_dma.c **** 
 230:Drivers/STM32L0xx_HAL_Driver/Src/stm32l0xx_hal_dma.c ****   /* Compute the channel index */
 231:Drivers/STM32L0xx_HAL_Driver/Src/stm32l0xx_hal_dma.c ****   /* DMA1 */
 232:Drivers/STM32L0xx_HAL_Driver/Src/stm32l0xx_hal_dma.c ****   hdma->ChannelIndex = (((uint32_t)hdma->Instance - (uint32_t)DMA1_Channel1) / ((uint32_t)DMA1_Chan
 233:Drivers/STM32L0xx_HAL_Driver/Src/stm32l0xx_hal_dma.c ****   hdma->DmaBaseAddress = DMA1;
 234:Drivers/STM32L0xx_HAL_Driver/Src/stm32l0xx_hal_dma.c **** 
 235:Drivers/STM32L0xx_HAL_Driver/Src/stm32l0xx_hal_dma.c ****   /* Reset DMA Channel control register */
 236:Drivers/STM32L0xx_HAL_Driver/Src/stm32l0xx_hal_dma.c ****   hdma->Instance->CCR  = 0U;
 237:Drivers/STM32L0xx_HAL_Driver/Src/stm32l0xx_hal_dma.c **** 
 238:Drivers/STM32L0xx_HAL_Driver/Src/stm32l0xx_hal_dma.c ****   /* Clear all flags */
 239:Drivers/STM32L0xx_HAL_Driver/Src/stm32l0xx_hal_dma.c ****   hdma->DmaBaseAddress->IFCR = (DMA_ISR_GIF1 << (hdma->ChannelIndex & 0x1cU));
 240:Drivers/STM32L0xx_HAL_Driver/Src/stm32l0xx_hal_dma.c **** 
 241:Drivers/STM32L0xx_HAL_Driver/Src/stm32l0xx_hal_dma.c ****   /* Reset DMA channel selection register */
 242:Drivers/STM32L0xx_HAL_Driver/Src/stm32l0xx_hal_dma.c ****   /* DMA1 */
 243:Drivers/STM32L0xx_HAL_Driver/Src/stm32l0xx_hal_dma.c ****   DMA1_CSELR->CSELR &= ~(DMA_CSELR_C1S << (hdma->ChannelIndex & 0x1cU));
 244:Drivers/STM32L0xx_HAL_Driver/Src/stm32l0xx_hal_dma.c **** 
 245:Drivers/STM32L0xx_HAL_Driver/Src/stm32l0xx_hal_dma.c ****   /* Clean callbacks */
 246:Drivers/STM32L0xx_HAL_Driver/Src/stm32l0xx_hal_dma.c ****   hdma->XferCpltCallback = NULL;
 247:Drivers/STM32L0xx_HAL_Driver/Src/stm32l0xx_hal_dma.c ****   hdma->XferHalfCpltCallback = NULL;
 248:Drivers/STM32L0xx_HAL_Driver/Src/stm32l0xx_hal_dma.c ****   hdma->XferErrorCallback = NULL;
 249:Drivers/STM32L0xx_HAL_Driver/Src/stm32l0xx_hal_dma.c ****   hdma->XferAbortCallback = NULL;
 250:Drivers/STM32L0xx_HAL_Driver/Src/stm32l0xx_hal_dma.c **** 
 251:Drivers/STM32L0xx_HAL_Driver/Src/stm32l0xx_hal_dma.c ****   /* Initialise the error code */
 252:Drivers/STM32L0xx_HAL_Driver/Src/stm32l0xx_hal_dma.c ****   hdma->ErrorCode = HAL_DMA_ERROR_NONE;
 253:Drivers/STM32L0xx_HAL_Driver/Src/stm32l0xx_hal_dma.c **** 
 254:Drivers/STM32L0xx_HAL_Driver/Src/stm32l0xx_hal_dma.c ****   /* Initialize the DMA state */
 255:Drivers/STM32L0xx_HAL_Driver/Src/stm32l0xx_hal_dma.c ****   hdma->State = HAL_DMA_STATE_RESET;
 256:Drivers/STM32L0xx_HAL_Driver/Src/stm32l0xx_hal_dma.c **** 
 257:Drivers/STM32L0xx_HAL_Driver/Src/stm32l0xx_hal_dma.c ****   /* Release Lock */
 258:Drivers/STM32L0xx_HAL_Driver/Src/stm32l0xx_hal_dma.c ****   __HAL_UNLOCK(hdma);
 259:Drivers/STM32L0xx_HAL_Driver/Src/stm32l0xx_hal_dma.c **** 
 260:Drivers/STM32L0xx_HAL_Driver/Src/stm32l0xx_hal_dma.c ****   return HAL_OK;
ARM GAS  /var/folders/d7/pb3dkhys6j3db_qtp_8v34p80000gn/T//ccEgHk0R.s 			page 6


 261:Drivers/STM32L0xx_HAL_Driver/Src/stm32l0xx_hal_dma.c **** }
 262:Drivers/STM32L0xx_HAL_Driver/Src/stm32l0xx_hal_dma.c **** 
 263:Drivers/STM32L0xx_HAL_Driver/Src/stm32l0xx_hal_dma.c **** /**
 264:Drivers/STM32L0xx_HAL_Driver/Src/stm32l0xx_hal_dma.c ****   * @}
 265:Drivers/STM32L0xx_HAL_Driver/Src/stm32l0xx_hal_dma.c ****   */
 266:Drivers/STM32L0xx_HAL_Driver/Src/stm32l0xx_hal_dma.c **** 
 267:Drivers/STM32L0xx_HAL_Driver/Src/stm32l0xx_hal_dma.c **** /** @defgroup DMA_Exported_Functions_Group2 Input and Output operation functions
 268:Drivers/STM32L0xx_HAL_Driver/Src/stm32l0xx_hal_dma.c ****  *  @brief   Input and Output operation functions
 269:Drivers/STM32L0xx_HAL_Driver/Src/stm32l0xx_hal_dma.c ****  *
 270:Drivers/STM32L0xx_HAL_Driver/Src/stm32l0xx_hal_dma.c **** @verbatim
 271:Drivers/STM32L0xx_HAL_Driver/Src/stm32l0xx_hal_dma.c ****  ===============================================================================
 272:Drivers/STM32L0xx_HAL_Driver/Src/stm32l0xx_hal_dma.c ****                       #####  IO operation functions  #####
 273:Drivers/STM32L0xx_HAL_Driver/Src/stm32l0xx_hal_dma.c ****  ===============================================================================
 274:Drivers/STM32L0xx_HAL_Driver/Src/stm32l0xx_hal_dma.c ****     [..]  This section provides functions allowing to:
 275:Drivers/STM32L0xx_HAL_Driver/Src/stm32l0xx_hal_dma.c ****       (+) Configure the source, destination address and data length and Start DMA transfer
 276:Drivers/STM32L0xx_HAL_Driver/Src/stm32l0xx_hal_dma.c ****       (+) Configure the source, destination address and data length and
 277:Drivers/STM32L0xx_HAL_Driver/Src/stm32l0xx_hal_dma.c ****           Start DMA transfer with interrupt
 278:Drivers/STM32L0xx_HAL_Driver/Src/stm32l0xx_hal_dma.c ****       (+) Abort DMA transfer
 279:Drivers/STM32L0xx_HAL_Driver/Src/stm32l0xx_hal_dma.c ****       (+) Poll for transfer complete
 280:Drivers/STM32L0xx_HAL_Driver/Src/stm32l0xx_hal_dma.c ****       (+) Handle DMA interrupt request
 281:Drivers/STM32L0xx_HAL_Driver/Src/stm32l0xx_hal_dma.c **** 
 282:Drivers/STM32L0xx_HAL_Driver/Src/stm32l0xx_hal_dma.c **** @endverbatim
 283:Drivers/STM32L0xx_HAL_Driver/Src/stm32l0xx_hal_dma.c ****   * @{
 284:Drivers/STM32L0xx_HAL_Driver/Src/stm32l0xx_hal_dma.c ****   */
 285:Drivers/STM32L0xx_HAL_Driver/Src/stm32l0xx_hal_dma.c **** 
 286:Drivers/STM32L0xx_HAL_Driver/Src/stm32l0xx_hal_dma.c **** /**
 287:Drivers/STM32L0xx_HAL_Driver/Src/stm32l0xx_hal_dma.c ****   * @brief  Start the DMA Transfer.
 288:Drivers/STM32L0xx_HAL_Driver/Src/stm32l0xx_hal_dma.c ****   * @param  hdma pointer to a DMA_HandleTypeDef structure that contains
 289:Drivers/STM32L0xx_HAL_Driver/Src/stm32l0xx_hal_dma.c ****   *               the configuration information for the specified DMA Channel.
 290:Drivers/STM32L0xx_HAL_Driver/Src/stm32l0xx_hal_dma.c ****   * @param  SrcAddress The source memory Buffer address
 291:Drivers/STM32L0xx_HAL_Driver/Src/stm32l0xx_hal_dma.c ****   * @param  DstAddress The destination memory Buffer address
 292:Drivers/STM32L0xx_HAL_Driver/Src/stm32l0xx_hal_dma.c ****   * @param  DataLength The amount of data items to be transferred from source to destination
 293:Drivers/STM32L0xx_HAL_Driver/Src/stm32l0xx_hal_dma.c ****   * @retval HAL status
 294:Drivers/STM32L0xx_HAL_Driver/Src/stm32l0xx_hal_dma.c ****   */
 295:Drivers/STM32L0xx_HAL_Driver/Src/stm32l0xx_hal_dma.c **** HAL_StatusTypeDef HAL_DMA_Start(DMA_HandleTypeDef *hdma, uint32_t SrcAddress, uint32_t DstAddress, 
 296:Drivers/STM32L0xx_HAL_Driver/Src/stm32l0xx_hal_dma.c **** {
 297:Drivers/STM32L0xx_HAL_Driver/Src/stm32l0xx_hal_dma.c ****   HAL_StatusTypeDef status = HAL_OK;
 298:Drivers/STM32L0xx_HAL_Driver/Src/stm32l0xx_hal_dma.c **** 
 299:Drivers/STM32L0xx_HAL_Driver/Src/stm32l0xx_hal_dma.c ****   /* Check the parameters */
 300:Drivers/STM32L0xx_HAL_Driver/Src/stm32l0xx_hal_dma.c ****   assert_param(IS_DMA_BUFFER_SIZE(DataLength));
 301:Drivers/STM32L0xx_HAL_Driver/Src/stm32l0xx_hal_dma.c **** 
 302:Drivers/STM32L0xx_HAL_Driver/Src/stm32l0xx_hal_dma.c ****   /* Process locked */
 303:Drivers/STM32L0xx_HAL_Driver/Src/stm32l0xx_hal_dma.c ****   __HAL_LOCK(hdma);
 304:Drivers/STM32L0xx_HAL_Driver/Src/stm32l0xx_hal_dma.c **** 
 305:Drivers/STM32L0xx_HAL_Driver/Src/stm32l0xx_hal_dma.c ****   if(HAL_DMA_STATE_READY == hdma->State)
 306:Drivers/STM32L0xx_HAL_Driver/Src/stm32l0xx_hal_dma.c ****   {
 307:Drivers/STM32L0xx_HAL_Driver/Src/stm32l0xx_hal_dma.c ****     /* Change DMA peripheral state */
 308:Drivers/STM32L0xx_HAL_Driver/Src/stm32l0xx_hal_dma.c ****     hdma->State = HAL_DMA_STATE_BUSY;
 309:Drivers/STM32L0xx_HAL_Driver/Src/stm32l0xx_hal_dma.c ****     hdma->ErrorCode = HAL_DMA_ERROR_NONE;
 310:Drivers/STM32L0xx_HAL_Driver/Src/stm32l0xx_hal_dma.c **** 
 311:Drivers/STM32L0xx_HAL_Driver/Src/stm32l0xx_hal_dma.c ****     /* Disable the peripheral */
 312:Drivers/STM32L0xx_HAL_Driver/Src/stm32l0xx_hal_dma.c ****     __HAL_DMA_DISABLE(hdma);
 313:Drivers/STM32L0xx_HAL_Driver/Src/stm32l0xx_hal_dma.c **** 
 314:Drivers/STM32L0xx_HAL_Driver/Src/stm32l0xx_hal_dma.c ****     /* Configure the source, destination address and the data length & clear flags*/
 315:Drivers/STM32L0xx_HAL_Driver/Src/stm32l0xx_hal_dma.c ****     DMA_SetConfig(hdma, SrcAddress, DstAddress, DataLength);
 316:Drivers/STM32L0xx_HAL_Driver/Src/stm32l0xx_hal_dma.c **** 
 317:Drivers/STM32L0xx_HAL_Driver/Src/stm32l0xx_hal_dma.c ****     /* Enable the Peripheral */
ARM GAS  /var/folders/d7/pb3dkhys6j3db_qtp_8v34p80000gn/T//ccEgHk0R.s 			page 7


 318:Drivers/STM32L0xx_HAL_Driver/Src/stm32l0xx_hal_dma.c ****     __HAL_DMA_ENABLE(hdma);
 319:Drivers/STM32L0xx_HAL_Driver/Src/stm32l0xx_hal_dma.c ****   }
 320:Drivers/STM32L0xx_HAL_Driver/Src/stm32l0xx_hal_dma.c ****   else
 321:Drivers/STM32L0xx_HAL_Driver/Src/stm32l0xx_hal_dma.c ****   {
 322:Drivers/STM32L0xx_HAL_Driver/Src/stm32l0xx_hal_dma.c ****     /* Process Unlocked */
 323:Drivers/STM32L0xx_HAL_Driver/Src/stm32l0xx_hal_dma.c ****     __HAL_UNLOCK(hdma);
 324:Drivers/STM32L0xx_HAL_Driver/Src/stm32l0xx_hal_dma.c ****     status = HAL_BUSY;
 325:Drivers/STM32L0xx_HAL_Driver/Src/stm32l0xx_hal_dma.c ****   }
 326:Drivers/STM32L0xx_HAL_Driver/Src/stm32l0xx_hal_dma.c ****   return status;
 327:Drivers/STM32L0xx_HAL_Driver/Src/stm32l0xx_hal_dma.c **** }
 328:Drivers/STM32L0xx_HAL_Driver/Src/stm32l0xx_hal_dma.c **** 
 329:Drivers/STM32L0xx_HAL_Driver/Src/stm32l0xx_hal_dma.c **** /**
 330:Drivers/STM32L0xx_HAL_Driver/Src/stm32l0xx_hal_dma.c ****   * @brief  Start the DMA Transfer with interrupt enabled.
 331:Drivers/STM32L0xx_HAL_Driver/Src/stm32l0xx_hal_dma.c ****   * @param  hdma pointer to a DMA_HandleTypeDef structure that contains
 332:Drivers/STM32L0xx_HAL_Driver/Src/stm32l0xx_hal_dma.c ****   *               the configuration information for the specified DMA Channel.
 333:Drivers/STM32L0xx_HAL_Driver/Src/stm32l0xx_hal_dma.c ****   * @param  SrcAddress The source memory Buffer address
 334:Drivers/STM32L0xx_HAL_Driver/Src/stm32l0xx_hal_dma.c ****   * @param  DstAddress The destination memory Buffer address
 335:Drivers/STM32L0xx_HAL_Driver/Src/stm32l0xx_hal_dma.c ****   * @param  DataLength The amount of data items to be transferred from source to destination
 336:Drivers/STM32L0xx_HAL_Driver/Src/stm32l0xx_hal_dma.c ****   * @retval HAL status
 337:Drivers/STM32L0xx_HAL_Driver/Src/stm32l0xx_hal_dma.c ****   */
 338:Drivers/STM32L0xx_HAL_Driver/Src/stm32l0xx_hal_dma.c **** HAL_StatusTypeDef HAL_DMA_Start_IT(DMA_HandleTypeDef *hdma, uint32_t SrcAddress, uint32_t DstAddres
 339:Drivers/STM32L0xx_HAL_Driver/Src/stm32l0xx_hal_dma.c **** {
 340:Drivers/STM32L0xx_HAL_Driver/Src/stm32l0xx_hal_dma.c ****   HAL_StatusTypeDef status = HAL_OK;
 341:Drivers/STM32L0xx_HAL_Driver/Src/stm32l0xx_hal_dma.c **** 
 342:Drivers/STM32L0xx_HAL_Driver/Src/stm32l0xx_hal_dma.c ****   /* Check the parameters */
 343:Drivers/STM32L0xx_HAL_Driver/Src/stm32l0xx_hal_dma.c ****   assert_param(IS_DMA_BUFFER_SIZE(DataLength));
 344:Drivers/STM32L0xx_HAL_Driver/Src/stm32l0xx_hal_dma.c **** 
 345:Drivers/STM32L0xx_HAL_Driver/Src/stm32l0xx_hal_dma.c ****   /* Process locked */
 346:Drivers/STM32L0xx_HAL_Driver/Src/stm32l0xx_hal_dma.c ****   __HAL_LOCK(hdma);
 347:Drivers/STM32L0xx_HAL_Driver/Src/stm32l0xx_hal_dma.c **** 
 348:Drivers/STM32L0xx_HAL_Driver/Src/stm32l0xx_hal_dma.c ****   if(HAL_DMA_STATE_READY == hdma->State)
 349:Drivers/STM32L0xx_HAL_Driver/Src/stm32l0xx_hal_dma.c ****   {
 350:Drivers/STM32L0xx_HAL_Driver/Src/stm32l0xx_hal_dma.c ****     /* Change DMA peripheral state */
 351:Drivers/STM32L0xx_HAL_Driver/Src/stm32l0xx_hal_dma.c ****     hdma->State = HAL_DMA_STATE_BUSY;
 352:Drivers/STM32L0xx_HAL_Driver/Src/stm32l0xx_hal_dma.c ****     hdma->ErrorCode = HAL_DMA_ERROR_NONE;
 353:Drivers/STM32L0xx_HAL_Driver/Src/stm32l0xx_hal_dma.c **** 
 354:Drivers/STM32L0xx_HAL_Driver/Src/stm32l0xx_hal_dma.c ****     /* Disable the peripheral */
 355:Drivers/STM32L0xx_HAL_Driver/Src/stm32l0xx_hal_dma.c ****     __HAL_DMA_DISABLE(hdma);
 356:Drivers/STM32L0xx_HAL_Driver/Src/stm32l0xx_hal_dma.c **** 
 357:Drivers/STM32L0xx_HAL_Driver/Src/stm32l0xx_hal_dma.c ****     /* Configure the source, destination address and the data length & clear flags*/
 358:Drivers/STM32L0xx_HAL_Driver/Src/stm32l0xx_hal_dma.c ****     DMA_SetConfig(hdma, SrcAddress, DstAddress, DataLength);
 359:Drivers/STM32L0xx_HAL_Driver/Src/stm32l0xx_hal_dma.c **** 
 360:Drivers/STM32L0xx_HAL_Driver/Src/stm32l0xx_hal_dma.c ****     /* Enable the transfer complete interrupt */
 361:Drivers/STM32L0xx_HAL_Driver/Src/stm32l0xx_hal_dma.c ****     /* Enable the transfer Error interrupt */
 362:Drivers/STM32L0xx_HAL_Driver/Src/stm32l0xx_hal_dma.c ****     if(NULL != hdma->XferHalfCpltCallback )
 363:Drivers/STM32L0xx_HAL_Driver/Src/stm32l0xx_hal_dma.c ****     {
 364:Drivers/STM32L0xx_HAL_Driver/Src/stm32l0xx_hal_dma.c ****       /* Enable the Half transfer complete interrupt as well */
 365:Drivers/STM32L0xx_HAL_Driver/Src/stm32l0xx_hal_dma.c ****       __HAL_DMA_ENABLE_IT(hdma, (DMA_IT_TC | DMA_IT_HT | DMA_IT_TE));
 366:Drivers/STM32L0xx_HAL_Driver/Src/stm32l0xx_hal_dma.c ****     }
 367:Drivers/STM32L0xx_HAL_Driver/Src/stm32l0xx_hal_dma.c ****     else
 368:Drivers/STM32L0xx_HAL_Driver/Src/stm32l0xx_hal_dma.c ****     {
 369:Drivers/STM32L0xx_HAL_Driver/Src/stm32l0xx_hal_dma.c ****       __HAL_DMA_DISABLE_IT(hdma, DMA_IT_HT);
 370:Drivers/STM32L0xx_HAL_Driver/Src/stm32l0xx_hal_dma.c ****       __HAL_DMA_ENABLE_IT(hdma, (DMA_IT_TC | DMA_IT_TE));
 371:Drivers/STM32L0xx_HAL_Driver/Src/stm32l0xx_hal_dma.c ****     }
 372:Drivers/STM32L0xx_HAL_Driver/Src/stm32l0xx_hal_dma.c **** 
 373:Drivers/STM32L0xx_HAL_Driver/Src/stm32l0xx_hal_dma.c ****     /* Enable the Peripheral */
 374:Drivers/STM32L0xx_HAL_Driver/Src/stm32l0xx_hal_dma.c ****     __HAL_DMA_ENABLE(hdma);
ARM GAS  /var/folders/d7/pb3dkhys6j3db_qtp_8v34p80000gn/T//ccEgHk0R.s 			page 8


 375:Drivers/STM32L0xx_HAL_Driver/Src/stm32l0xx_hal_dma.c ****   }
 376:Drivers/STM32L0xx_HAL_Driver/Src/stm32l0xx_hal_dma.c ****   else
 377:Drivers/STM32L0xx_HAL_Driver/Src/stm32l0xx_hal_dma.c ****   {
 378:Drivers/STM32L0xx_HAL_Driver/Src/stm32l0xx_hal_dma.c ****     /* Process Unlocked */
 379:Drivers/STM32L0xx_HAL_Driver/Src/stm32l0xx_hal_dma.c ****     __HAL_UNLOCK(hdma);
 380:Drivers/STM32L0xx_HAL_Driver/Src/stm32l0xx_hal_dma.c **** 
 381:Drivers/STM32L0xx_HAL_Driver/Src/stm32l0xx_hal_dma.c ****     /* Remain BUSY */
 382:Drivers/STM32L0xx_HAL_Driver/Src/stm32l0xx_hal_dma.c ****     status = HAL_BUSY;
 383:Drivers/STM32L0xx_HAL_Driver/Src/stm32l0xx_hal_dma.c ****   }
 384:Drivers/STM32L0xx_HAL_Driver/Src/stm32l0xx_hal_dma.c ****   return status;
 385:Drivers/STM32L0xx_HAL_Driver/Src/stm32l0xx_hal_dma.c **** }
 386:Drivers/STM32L0xx_HAL_Driver/Src/stm32l0xx_hal_dma.c **** 
 387:Drivers/STM32L0xx_HAL_Driver/Src/stm32l0xx_hal_dma.c **** /**
 388:Drivers/STM32L0xx_HAL_Driver/Src/stm32l0xx_hal_dma.c ****   * @brief  Abort the DMA Transfer.
 389:Drivers/STM32L0xx_HAL_Driver/Src/stm32l0xx_hal_dma.c ****   * @param  hdma pointer to a DMA_HandleTypeDef structure that contains
 390:Drivers/STM32L0xx_HAL_Driver/Src/stm32l0xx_hal_dma.c ****   *               the configuration information for the specified DMA Channel.
 391:Drivers/STM32L0xx_HAL_Driver/Src/stm32l0xx_hal_dma.c ****     * @retval HAL status
 392:Drivers/STM32L0xx_HAL_Driver/Src/stm32l0xx_hal_dma.c ****   */
 393:Drivers/STM32L0xx_HAL_Driver/Src/stm32l0xx_hal_dma.c **** HAL_StatusTypeDef HAL_DMA_Abort(DMA_HandleTypeDef *hdma)
 394:Drivers/STM32L0xx_HAL_Driver/Src/stm32l0xx_hal_dma.c **** {
 395:Drivers/STM32L0xx_HAL_Driver/Src/stm32l0xx_hal_dma.c ****   HAL_StatusTypeDef status = HAL_OK;
 396:Drivers/STM32L0xx_HAL_Driver/Src/stm32l0xx_hal_dma.c **** 
 397:Drivers/STM32L0xx_HAL_Driver/Src/stm32l0xx_hal_dma.c ****   /* Check the DMA peripheral state */
 398:Drivers/STM32L0xx_HAL_Driver/Src/stm32l0xx_hal_dma.c ****   if(hdma->State != HAL_DMA_STATE_BUSY)
 399:Drivers/STM32L0xx_HAL_Driver/Src/stm32l0xx_hal_dma.c ****   {
 400:Drivers/STM32L0xx_HAL_Driver/Src/stm32l0xx_hal_dma.c ****     hdma->ErrorCode = HAL_DMA_ERROR_NO_XFER;
 401:Drivers/STM32L0xx_HAL_Driver/Src/stm32l0xx_hal_dma.c **** 
 402:Drivers/STM32L0xx_HAL_Driver/Src/stm32l0xx_hal_dma.c ****     /* Process Unlocked */
 403:Drivers/STM32L0xx_HAL_Driver/Src/stm32l0xx_hal_dma.c ****     __HAL_UNLOCK(hdma);
 404:Drivers/STM32L0xx_HAL_Driver/Src/stm32l0xx_hal_dma.c **** 
 405:Drivers/STM32L0xx_HAL_Driver/Src/stm32l0xx_hal_dma.c ****     return HAL_ERROR;
 406:Drivers/STM32L0xx_HAL_Driver/Src/stm32l0xx_hal_dma.c ****   }
 407:Drivers/STM32L0xx_HAL_Driver/Src/stm32l0xx_hal_dma.c ****   else
 408:Drivers/STM32L0xx_HAL_Driver/Src/stm32l0xx_hal_dma.c ****   {
 409:Drivers/STM32L0xx_HAL_Driver/Src/stm32l0xx_hal_dma.c ****     /* Disable DMA IT */
 410:Drivers/STM32L0xx_HAL_Driver/Src/stm32l0xx_hal_dma.c ****     __HAL_DMA_DISABLE_IT(hdma, (DMA_IT_TC | DMA_IT_HT | DMA_IT_TE));
 411:Drivers/STM32L0xx_HAL_Driver/Src/stm32l0xx_hal_dma.c **** 
 412:Drivers/STM32L0xx_HAL_Driver/Src/stm32l0xx_hal_dma.c ****     /* Disable the channel */
 413:Drivers/STM32L0xx_HAL_Driver/Src/stm32l0xx_hal_dma.c ****     __HAL_DMA_DISABLE(hdma);
 414:Drivers/STM32L0xx_HAL_Driver/Src/stm32l0xx_hal_dma.c **** 
 415:Drivers/STM32L0xx_HAL_Driver/Src/stm32l0xx_hal_dma.c ****     /* Clear all flags */
 416:Drivers/STM32L0xx_HAL_Driver/Src/stm32l0xx_hal_dma.c ****     hdma->DmaBaseAddress->IFCR = (DMA_ISR_GIF1 << (hdma->ChannelIndex & 0x1cU));
 417:Drivers/STM32L0xx_HAL_Driver/Src/stm32l0xx_hal_dma.c **** 
 418:Drivers/STM32L0xx_HAL_Driver/Src/stm32l0xx_hal_dma.c ****     /* Change the DMA state */
 419:Drivers/STM32L0xx_HAL_Driver/Src/stm32l0xx_hal_dma.c ****     hdma->State = HAL_DMA_STATE_READY;
 420:Drivers/STM32L0xx_HAL_Driver/Src/stm32l0xx_hal_dma.c **** 
 421:Drivers/STM32L0xx_HAL_Driver/Src/stm32l0xx_hal_dma.c ****     /* Process Unlocked */
 422:Drivers/STM32L0xx_HAL_Driver/Src/stm32l0xx_hal_dma.c ****     __HAL_UNLOCK(hdma);
 423:Drivers/STM32L0xx_HAL_Driver/Src/stm32l0xx_hal_dma.c **** 
 424:Drivers/STM32L0xx_HAL_Driver/Src/stm32l0xx_hal_dma.c ****     return status;
 425:Drivers/STM32L0xx_HAL_Driver/Src/stm32l0xx_hal_dma.c ****   }
 426:Drivers/STM32L0xx_HAL_Driver/Src/stm32l0xx_hal_dma.c **** }
 427:Drivers/STM32L0xx_HAL_Driver/Src/stm32l0xx_hal_dma.c **** 
 428:Drivers/STM32L0xx_HAL_Driver/Src/stm32l0xx_hal_dma.c **** /**
 429:Drivers/STM32L0xx_HAL_Driver/Src/stm32l0xx_hal_dma.c ****   * @brief  Aborts the DMA Transfer in Interrupt mode.
 430:Drivers/STM32L0xx_HAL_Driver/Src/stm32l0xx_hal_dma.c ****   * @param  hdma pointer to a DMA_HandleTypeDef structure that contains
 431:Drivers/STM32L0xx_HAL_Driver/Src/stm32l0xx_hal_dma.c ****   *                 the configuration information for the specified DMA Channel.
ARM GAS  /var/folders/d7/pb3dkhys6j3db_qtp_8v34p80000gn/T//ccEgHk0R.s 			page 9


 432:Drivers/STM32L0xx_HAL_Driver/Src/stm32l0xx_hal_dma.c ****   * @retval HAL status
 433:Drivers/STM32L0xx_HAL_Driver/Src/stm32l0xx_hal_dma.c ****   */
 434:Drivers/STM32L0xx_HAL_Driver/Src/stm32l0xx_hal_dma.c **** HAL_StatusTypeDef HAL_DMA_Abort_IT(DMA_HandleTypeDef *hdma)
 435:Drivers/STM32L0xx_HAL_Driver/Src/stm32l0xx_hal_dma.c **** {
 436:Drivers/STM32L0xx_HAL_Driver/Src/stm32l0xx_hal_dma.c ****   HAL_StatusTypeDef status = HAL_OK;
 437:Drivers/STM32L0xx_HAL_Driver/Src/stm32l0xx_hal_dma.c **** 
 438:Drivers/STM32L0xx_HAL_Driver/Src/stm32l0xx_hal_dma.c ****   if(HAL_DMA_STATE_BUSY != hdma->State)
 439:Drivers/STM32L0xx_HAL_Driver/Src/stm32l0xx_hal_dma.c ****   {
 440:Drivers/STM32L0xx_HAL_Driver/Src/stm32l0xx_hal_dma.c ****     /* no transfer ongoing */
 441:Drivers/STM32L0xx_HAL_Driver/Src/stm32l0xx_hal_dma.c ****     hdma->ErrorCode = HAL_DMA_ERROR_NO_XFER;
 442:Drivers/STM32L0xx_HAL_Driver/Src/stm32l0xx_hal_dma.c **** 
 443:Drivers/STM32L0xx_HAL_Driver/Src/stm32l0xx_hal_dma.c ****     status = HAL_ERROR;
 444:Drivers/STM32L0xx_HAL_Driver/Src/stm32l0xx_hal_dma.c ****   }
 445:Drivers/STM32L0xx_HAL_Driver/Src/stm32l0xx_hal_dma.c ****   else
 446:Drivers/STM32L0xx_HAL_Driver/Src/stm32l0xx_hal_dma.c ****   {
 447:Drivers/STM32L0xx_HAL_Driver/Src/stm32l0xx_hal_dma.c ****     /* Disable DMA IT */
 448:Drivers/STM32L0xx_HAL_Driver/Src/stm32l0xx_hal_dma.c ****     __HAL_DMA_DISABLE_IT(hdma, (DMA_IT_TC | DMA_IT_HT | DMA_IT_TE));
 449:Drivers/STM32L0xx_HAL_Driver/Src/stm32l0xx_hal_dma.c **** 
 450:Drivers/STM32L0xx_HAL_Driver/Src/stm32l0xx_hal_dma.c ****     /* Disable the channel */
 451:Drivers/STM32L0xx_HAL_Driver/Src/stm32l0xx_hal_dma.c ****     __HAL_DMA_DISABLE(hdma);
 452:Drivers/STM32L0xx_HAL_Driver/Src/stm32l0xx_hal_dma.c **** 
 453:Drivers/STM32L0xx_HAL_Driver/Src/stm32l0xx_hal_dma.c ****     /* Clear all flags */
 454:Drivers/STM32L0xx_HAL_Driver/Src/stm32l0xx_hal_dma.c ****     hdma->DmaBaseAddress->IFCR = (DMA_ISR_GIF1 << (hdma->ChannelIndex & 0x1cU));
 455:Drivers/STM32L0xx_HAL_Driver/Src/stm32l0xx_hal_dma.c **** 
 456:Drivers/STM32L0xx_HAL_Driver/Src/stm32l0xx_hal_dma.c ****     /* Change the DMA state */
 457:Drivers/STM32L0xx_HAL_Driver/Src/stm32l0xx_hal_dma.c ****     hdma->State = HAL_DMA_STATE_READY;
 458:Drivers/STM32L0xx_HAL_Driver/Src/stm32l0xx_hal_dma.c **** 
 459:Drivers/STM32L0xx_HAL_Driver/Src/stm32l0xx_hal_dma.c ****     /* Process Unlocked */
 460:Drivers/STM32L0xx_HAL_Driver/Src/stm32l0xx_hal_dma.c ****     __HAL_UNLOCK(hdma);
 461:Drivers/STM32L0xx_HAL_Driver/Src/stm32l0xx_hal_dma.c **** 
 462:Drivers/STM32L0xx_HAL_Driver/Src/stm32l0xx_hal_dma.c ****     /* Call User Abort callback */
 463:Drivers/STM32L0xx_HAL_Driver/Src/stm32l0xx_hal_dma.c ****     if(hdma->XferAbortCallback != NULL)
 464:Drivers/STM32L0xx_HAL_Driver/Src/stm32l0xx_hal_dma.c ****     {
 465:Drivers/STM32L0xx_HAL_Driver/Src/stm32l0xx_hal_dma.c ****       hdma->XferAbortCallback(hdma);
 466:Drivers/STM32L0xx_HAL_Driver/Src/stm32l0xx_hal_dma.c ****     }
 467:Drivers/STM32L0xx_HAL_Driver/Src/stm32l0xx_hal_dma.c ****   }
 468:Drivers/STM32L0xx_HAL_Driver/Src/stm32l0xx_hal_dma.c ****   return status;
 469:Drivers/STM32L0xx_HAL_Driver/Src/stm32l0xx_hal_dma.c **** }
 470:Drivers/STM32L0xx_HAL_Driver/Src/stm32l0xx_hal_dma.c **** 
 471:Drivers/STM32L0xx_HAL_Driver/Src/stm32l0xx_hal_dma.c **** /**
 472:Drivers/STM32L0xx_HAL_Driver/Src/stm32l0xx_hal_dma.c ****   * @brief  Polling for transfer complete.
 473:Drivers/STM32L0xx_HAL_Driver/Src/stm32l0xx_hal_dma.c ****   * @param  hdma pointer to a DMA_HandleTypeDef structure that contains
 474:Drivers/STM32L0xx_HAL_Driver/Src/stm32l0xx_hal_dma.c ****   *                  the configuration information for the specified DMA Channel.
 475:Drivers/STM32L0xx_HAL_Driver/Src/stm32l0xx_hal_dma.c ****   * @param  CompleteLevel Specifies the DMA level complete.
 476:Drivers/STM32L0xx_HAL_Driver/Src/stm32l0xx_hal_dma.c ****   * @param  Timeout       Timeout duration.
 477:Drivers/STM32L0xx_HAL_Driver/Src/stm32l0xx_hal_dma.c ****   * @retval HAL status
 478:Drivers/STM32L0xx_HAL_Driver/Src/stm32l0xx_hal_dma.c ****   */
 479:Drivers/STM32L0xx_HAL_Driver/Src/stm32l0xx_hal_dma.c **** HAL_StatusTypeDef HAL_DMA_PollForTransfer(DMA_HandleTypeDef *hdma, HAL_DMA_LevelCompleteTypeDef Com
 480:Drivers/STM32L0xx_HAL_Driver/Src/stm32l0xx_hal_dma.c **** {
 481:Drivers/STM32L0xx_HAL_Driver/Src/stm32l0xx_hal_dma.c ****   uint32_t temp;
 482:Drivers/STM32L0xx_HAL_Driver/Src/stm32l0xx_hal_dma.c ****   uint32_t tickstart;
 483:Drivers/STM32L0xx_HAL_Driver/Src/stm32l0xx_hal_dma.c **** 
 484:Drivers/STM32L0xx_HAL_Driver/Src/stm32l0xx_hal_dma.c ****   if(HAL_DMA_STATE_BUSY != hdma->State)
 485:Drivers/STM32L0xx_HAL_Driver/Src/stm32l0xx_hal_dma.c ****   {
 486:Drivers/STM32L0xx_HAL_Driver/Src/stm32l0xx_hal_dma.c ****     /* no transfer ongoing */
 487:Drivers/STM32L0xx_HAL_Driver/Src/stm32l0xx_hal_dma.c ****     hdma->ErrorCode = HAL_DMA_ERROR_NO_XFER;
 488:Drivers/STM32L0xx_HAL_Driver/Src/stm32l0xx_hal_dma.c ****     __HAL_UNLOCK(hdma);
ARM GAS  /var/folders/d7/pb3dkhys6j3db_qtp_8v34p80000gn/T//ccEgHk0R.s 			page 10


 489:Drivers/STM32L0xx_HAL_Driver/Src/stm32l0xx_hal_dma.c ****     return HAL_ERROR;
 490:Drivers/STM32L0xx_HAL_Driver/Src/stm32l0xx_hal_dma.c ****   }
 491:Drivers/STM32L0xx_HAL_Driver/Src/stm32l0xx_hal_dma.c **** 
 492:Drivers/STM32L0xx_HAL_Driver/Src/stm32l0xx_hal_dma.c ****   /* Polling mode not supported in circular mode */
 493:Drivers/STM32L0xx_HAL_Driver/Src/stm32l0xx_hal_dma.c ****   if (0U != (hdma->Instance->CCR & DMA_CCR_CIRC))
 494:Drivers/STM32L0xx_HAL_Driver/Src/stm32l0xx_hal_dma.c ****   {
 495:Drivers/STM32L0xx_HAL_Driver/Src/stm32l0xx_hal_dma.c ****     hdma->ErrorCode = HAL_DMA_ERROR_NOT_SUPPORTED;
 496:Drivers/STM32L0xx_HAL_Driver/Src/stm32l0xx_hal_dma.c ****     return HAL_ERROR;
 497:Drivers/STM32L0xx_HAL_Driver/Src/stm32l0xx_hal_dma.c ****   }
 498:Drivers/STM32L0xx_HAL_Driver/Src/stm32l0xx_hal_dma.c **** 
 499:Drivers/STM32L0xx_HAL_Driver/Src/stm32l0xx_hal_dma.c ****   /* Get the level transfer complete flag */
 500:Drivers/STM32L0xx_HAL_Driver/Src/stm32l0xx_hal_dma.c ****   if (HAL_DMA_FULL_TRANSFER == CompleteLevel)
 501:Drivers/STM32L0xx_HAL_Driver/Src/stm32l0xx_hal_dma.c ****   {
 502:Drivers/STM32L0xx_HAL_Driver/Src/stm32l0xx_hal_dma.c ****     /* Transfer Complete flag */
 503:Drivers/STM32L0xx_HAL_Driver/Src/stm32l0xx_hal_dma.c ****     temp = DMA_FLAG_TC1 << (hdma->ChannelIndex & 0x1cU);
 504:Drivers/STM32L0xx_HAL_Driver/Src/stm32l0xx_hal_dma.c ****   }
 505:Drivers/STM32L0xx_HAL_Driver/Src/stm32l0xx_hal_dma.c ****   else
 506:Drivers/STM32L0xx_HAL_Driver/Src/stm32l0xx_hal_dma.c ****   {
 507:Drivers/STM32L0xx_HAL_Driver/Src/stm32l0xx_hal_dma.c ****     /* Half Transfer Complete flag */
 508:Drivers/STM32L0xx_HAL_Driver/Src/stm32l0xx_hal_dma.c ****     temp = DMA_FLAG_HT1 << (hdma->ChannelIndex & 0x1cU);
 509:Drivers/STM32L0xx_HAL_Driver/Src/stm32l0xx_hal_dma.c ****   }
 510:Drivers/STM32L0xx_HAL_Driver/Src/stm32l0xx_hal_dma.c **** 
 511:Drivers/STM32L0xx_HAL_Driver/Src/stm32l0xx_hal_dma.c ****   /* Get tick */
 512:Drivers/STM32L0xx_HAL_Driver/Src/stm32l0xx_hal_dma.c ****   tickstart = HAL_GetTick();
 513:Drivers/STM32L0xx_HAL_Driver/Src/stm32l0xx_hal_dma.c **** 
 514:Drivers/STM32L0xx_HAL_Driver/Src/stm32l0xx_hal_dma.c ****   while(0U == (hdma->DmaBaseAddress->ISR & temp))
 515:Drivers/STM32L0xx_HAL_Driver/Src/stm32l0xx_hal_dma.c ****   {
 516:Drivers/STM32L0xx_HAL_Driver/Src/stm32l0xx_hal_dma.c ****     if((0U != (hdma->DmaBaseAddress->ISR & (DMA_FLAG_TE1 << (hdma->ChannelIndex& 0x1cU)))))
 517:Drivers/STM32L0xx_HAL_Driver/Src/stm32l0xx_hal_dma.c ****     {
 518:Drivers/STM32L0xx_HAL_Driver/Src/stm32l0xx_hal_dma.c ****       /* When a DMA transfer error occurs */
 519:Drivers/STM32L0xx_HAL_Driver/Src/stm32l0xx_hal_dma.c ****       /* A hardware clear of its EN bits is performed */
 520:Drivers/STM32L0xx_HAL_Driver/Src/stm32l0xx_hal_dma.c ****       /* Clear all flags */
 521:Drivers/STM32L0xx_HAL_Driver/Src/stm32l0xx_hal_dma.c ****       hdma->DmaBaseAddress->IFCR = (DMA_ISR_GIF1 << (hdma->ChannelIndex & 0x1cU));
 522:Drivers/STM32L0xx_HAL_Driver/Src/stm32l0xx_hal_dma.c **** 
 523:Drivers/STM32L0xx_HAL_Driver/Src/stm32l0xx_hal_dma.c ****       /* Update error code */
 524:Drivers/STM32L0xx_HAL_Driver/Src/stm32l0xx_hal_dma.c ****       hdma->ErrorCode = HAL_DMA_ERROR_TE;
 525:Drivers/STM32L0xx_HAL_Driver/Src/stm32l0xx_hal_dma.c **** 
 526:Drivers/STM32L0xx_HAL_Driver/Src/stm32l0xx_hal_dma.c ****       /* Change the DMA state */
 527:Drivers/STM32L0xx_HAL_Driver/Src/stm32l0xx_hal_dma.c ****       hdma->State= HAL_DMA_STATE_READY;
 528:Drivers/STM32L0xx_HAL_Driver/Src/stm32l0xx_hal_dma.c **** 
 529:Drivers/STM32L0xx_HAL_Driver/Src/stm32l0xx_hal_dma.c ****       /* Process Unlocked */
 530:Drivers/STM32L0xx_HAL_Driver/Src/stm32l0xx_hal_dma.c ****       __HAL_UNLOCK(hdma);
 531:Drivers/STM32L0xx_HAL_Driver/Src/stm32l0xx_hal_dma.c **** 
 532:Drivers/STM32L0xx_HAL_Driver/Src/stm32l0xx_hal_dma.c ****       return HAL_ERROR;
 533:Drivers/STM32L0xx_HAL_Driver/Src/stm32l0xx_hal_dma.c ****     }
 534:Drivers/STM32L0xx_HAL_Driver/Src/stm32l0xx_hal_dma.c ****     /* Check for the Timeout */
 535:Drivers/STM32L0xx_HAL_Driver/Src/stm32l0xx_hal_dma.c ****     if(Timeout != HAL_MAX_DELAY)
 536:Drivers/STM32L0xx_HAL_Driver/Src/stm32l0xx_hal_dma.c ****     {
 537:Drivers/STM32L0xx_HAL_Driver/Src/stm32l0xx_hal_dma.c ****       if(((HAL_GetTick() - tickstart) > Timeout) ||  (Timeout == 0U))
 538:Drivers/STM32L0xx_HAL_Driver/Src/stm32l0xx_hal_dma.c ****       {
 539:Drivers/STM32L0xx_HAL_Driver/Src/stm32l0xx_hal_dma.c ****         /* Update error code */
 540:Drivers/STM32L0xx_HAL_Driver/Src/stm32l0xx_hal_dma.c ****         hdma->ErrorCode = HAL_DMA_ERROR_TIMEOUT;
 541:Drivers/STM32L0xx_HAL_Driver/Src/stm32l0xx_hal_dma.c **** 
 542:Drivers/STM32L0xx_HAL_Driver/Src/stm32l0xx_hal_dma.c ****         /* Change the DMA state */
 543:Drivers/STM32L0xx_HAL_Driver/Src/stm32l0xx_hal_dma.c ****         hdma->State = HAL_DMA_STATE_READY;
 544:Drivers/STM32L0xx_HAL_Driver/Src/stm32l0xx_hal_dma.c **** 
 545:Drivers/STM32L0xx_HAL_Driver/Src/stm32l0xx_hal_dma.c ****         /* Process Unlocked */
ARM GAS  /var/folders/d7/pb3dkhys6j3db_qtp_8v34p80000gn/T//ccEgHk0R.s 			page 11


 546:Drivers/STM32L0xx_HAL_Driver/Src/stm32l0xx_hal_dma.c ****         __HAL_UNLOCK(hdma);
 547:Drivers/STM32L0xx_HAL_Driver/Src/stm32l0xx_hal_dma.c **** 
 548:Drivers/STM32L0xx_HAL_Driver/Src/stm32l0xx_hal_dma.c ****         return HAL_ERROR;
 549:Drivers/STM32L0xx_HAL_Driver/Src/stm32l0xx_hal_dma.c ****       }
 550:Drivers/STM32L0xx_HAL_Driver/Src/stm32l0xx_hal_dma.c ****     }
 551:Drivers/STM32L0xx_HAL_Driver/Src/stm32l0xx_hal_dma.c ****   }
 552:Drivers/STM32L0xx_HAL_Driver/Src/stm32l0xx_hal_dma.c **** 
 553:Drivers/STM32L0xx_HAL_Driver/Src/stm32l0xx_hal_dma.c ****   if(HAL_DMA_FULL_TRANSFER == CompleteLevel)
 554:Drivers/STM32L0xx_HAL_Driver/Src/stm32l0xx_hal_dma.c ****   {
 555:Drivers/STM32L0xx_HAL_Driver/Src/stm32l0xx_hal_dma.c ****     /* Clear the transfer complete flag */
 556:Drivers/STM32L0xx_HAL_Driver/Src/stm32l0xx_hal_dma.c ****     hdma->DmaBaseAddress->IFCR = (DMA_FLAG_TC1 << (hdma->ChannelIndex& 0x1cU));
 557:Drivers/STM32L0xx_HAL_Driver/Src/stm32l0xx_hal_dma.c **** 
 558:Drivers/STM32L0xx_HAL_Driver/Src/stm32l0xx_hal_dma.c ****     /* The selected Channelx EN bit is cleared (DMA is disabled and
 559:Drivers/STM32L0xx_HAL_Driver/Src/stm32l0xx_hal_dma.c ****     all transfers are complete) */
 560:Drivers/STM32L0xx_HAL_Driver/Src/stm32l0xx_hal_dma.c ****     hdma->State = HAL_DMA_STATE_READY;
 561:Drivers/STM32L0xx_HAL_Driver/Src/stm32l0xx_hal_dma.c ****   }
 562:Drivers/STM32L0xx_HAL_Driver/Src/stm32l0xx_hal_dma.c ****   else
 563:Drivers/STM32L0xx_HAL_Driver/Src/stm32l0xx_hal_dma.c ****   {
 564:Drivers/STM32L0xx_HAL_Driver/Src/stm32l0xx_hal_dma.c ****     /* Clear the half transfer complete flag */
 565:Drivers/STM32L0xx_HAL_Driver/Src/stm32l0xx_hal_dma.c ****     hdma->DmaBaseAddress->IFCR = (DMA_FLAG_HT1 << (hdma->ChannelIndex & 0x1cU));
 566:Drivers/STM32L0xx_HAL_Driver/Src/stm32l0xx_hal_dma.c ****   }
 567:Drivers/STM32L0xx_HAL_Driver/Src/stm32l0xx_hal_dma.c **** 
 568:Drivers/STM32L0xx_HAL_Driver/Src/stm32l0xx_hal_dma.c ****   /* Process unlocked */
 569:Drivers/STM32L0xx_HAL_Driver/Src/stm32l0xx_hal_dma.c ****   __HAL_UNLOCK(hdma);
 570:Drivers/STM32L0xx_HAL_Driver/Src/stm32l0xx_hal_dma.c **** 
 571:Drivers/STM32L0xx_HAL_Driver/Src/stm32l0xx_hal_dma.c ****   return HAL_OK;
 572:Drivers/STM32L0xx_HAL_Driver/Src/stm32l0xx_hal_dma.c **** }
 573:Drivers/STM32L0xx_HAL_Driver/Src/stm32l0xx_hal_dma.c **** 
 574:Drivers/STM32L0xx_HAL_Driver/Src/stm32l0xx_hal_dma.c **** /**
 575:Drivers/STM32L0xx_HAL_Driver/Src/stm32l0xx_hal_dma.c ****   * @brief  Handle DMA interrupt request.
 576:Drivers/STM32L0xx_HAL_Driver/Src/stm32l0xx_hal_dma.c ****   * @param  hdma pointer to a DMA_HandleTypeDef structure that contains
 577:Drivers/STM32L0xx_HAL_Driver/Src/stm32l0xx_hal_dma.c ****   *               the configuration information for the specified DMA Channel.
 578:Drivers/STM32L0xx_HAL_Driver/Src/stm32l0xx_hal_dma.c ****   * @retval None
 579:Drivers/STM32L0xx_HAL_Driver/Src/stm32l0xx_hal_dma.c ****   */
 580:Drivers/STM32L0xx_HAL_Driver/Src/stm32l0xx_hal_dma.c **** void HAL_DMA_IRQHandler(DMA_HandleTypeDef *hdma)
 581:Drivers/STM32L0xx_HAL_Driver/Src/stm32l0xx_hal_dma.c **** {
 582:Drivers/STM32L0xx_HAL_Driver/Src/stm32l0xx_hal_dma.c ****   uint32_t flag_it = hdma->DmaBaseAddress->ISR;
 583:Drivers/STM32L0xx_HAL_Driver/Src/stm32l0xx_hal_dma.c ****   uint32_t source_it = hdma->Instance->CCR;
 584:Drivers/STM32L0xx_HAL_Driver/Src/stm32l0xx_hal_dma.c **** 
 585:Drivers/STM32L0xx_HAL_Driver/Src/stm32l0xx_hal_dma.c ****   /* Half Transfer Complete Interrupt management ******************************/
 586:Drivers/STM32L0xx_HAL_Driver/Src/stm32l0xx_hal_dma.c ****   if ((0U != (flag_it & (DMA_FLAG_HT1 << (hdma->ChannelIndex & 0x1cU)))) && (0U != (source_it & DMA
 587:Drivers/STM32L0xx_HAL_Driver/Src/stm32l0xx_hal_dma.c ****   {
 588:Drivers/STM32L0xx_HAL_Driver/Src/stm32l0xx_hal_dma.c ****       /* Disable the half transfer interrupt if the DMA mode is not CIRCULAR */
 589:Drivers/STM32L0xx_HAL_Driver/Src/stm32l0xx_hal_dma.c ****       if((hdma->Instance->CCR & DMA_CCR_CIRC) == 0U)
 590:Drivers/STM32L0xx_HAL_Driver/Src/stm32l0xx_hal_dma.c ****       {
 591:Drivers/STM32L0xx_HAL_Driver/Src/stm32l0xx_hal_dma.c ****         /* Disable the half transfer interrupt */
 592:Drivers/STM32L0xx_HAL_Driver/Src/stm32l0xx_hal_dma.c ****         __HAL_DMA_DISABLE_IT(hdma, DMA_IT_HT);
 593:Drivers/STM32L0xx_HAL_Driver/Src/stm32l0xx_hal_dma.c ****       }
 594:Drivers/STM32L0xx_HAL_Driver/Src/stm32l0xx_hal_dma.c ****       /* Clear the half transfer complete flag */
 595:Drivers/STM32L0xx_HAL_Driver/Src/stm32l0xx_hal_dma.c ****       hdma->DmaBaseAddress->IFCR = DMA_ISR_HTIF1 << (hdma->ChannelIndex & 0x1cU);
 596:Drivers/STM32L0xx_HAL_Driver/Src/stm32l0xx_hal_dma.c **** 
 597:Drivers/STM32L0xx_HAL_Driver/Src/stm32l0xx_hal_dma.c ****       /* DMA peripheral state is not updated in Half Transfer */
 598:Drivers/STM32L0xx_HAL_Driver/Src/stm32l0xx_hal_dma.c ****       /* but in Transfer Complete case */
 599:Drivers/STM32L0xx_HAL_Driver/Src/stm32l0xx_hal_dma.c **** 
 600:Drivers/STM32L0xx_HAL_Driver/Src/stm32l0xx_hal_dma.c ****      if(hdma->XferHalfCpltCallback != NULL)
 601:Drivers/STM32L0xx_HAL_Driver/Src/stm32l0xx_hal_dma.c ****       {
 602:Drivers/STM32L0xx_HAL_Driver/Src/stm32l0xx_hal_dma.c ****         /* Half transfer callback */
ARM GAS  /var/folders/d7/pb3dkhys6j3db_qtp_8v34p80000gn/T//ccEgHk0R.s 			page 12


 603:Drivers/STM32L0xx_HAL_Driver/Src/stm32l0xx_hal_dma.c ****         hdma->XferHalfCpltCallback(hdma);
 604:Drivers/STM32L0xx_HAL_Driver/Src/stm32l0xx_hal_dma.c ****       }
 605:Drivers/STM32L0xx_HAL_Driver/Src/stm32l0xx_hal_dma.c ****   }
 606:Drivers/STM32L0xx_HAL_Driver/Src/stm32l0xx_hal_dma.c **** 
 607:Drivers/STM32L0xx_HAL_Driver/Src/stm32l0xx_hal_dma.c ****   /* Transfer Complete Interrupt management ***********************************/
 608:Drivers/STM32L0xx_HAL_Driver/Src/stm32l0xx_hal_dma.c ****   else if ((0U != (flag_it & (DMA_FLAG_TC1 << (hdma->ChannelIndex & 0x1cU)))) && (0U != (source_it 
 609:Drivers/STM32L0xx_HAL_Driver/Src/stm32l0xx_hal_dma.c ****   {
 610:Drivers/STM32L0xx_HAL_Driver/Src/stm32l0xx_hal_dma.c ****     if((hdma->Instance->CCR & DMA_CCR_CIRC) == 0U)
 611:Drivers/STM32L0xx_HAL_Driver/Src/stm32l0xx_hal_dma.c ****     {
 612:Drivers/STM32L0xx_HAL_Driver/Src/stm32l0xx_hal_dma.c ****       /* Disable the transfer complete and error interrupt */
 613:Drivers/STM32L0xx_HAL_Driver/Src/stm32l0xx_hal_dma.c ****       __HAL_DMA_DISABLE_IT(hdma, DMA_IT_TE | DMA_IT_TC);
 614:Drivers/STM32L0xx_HAL_Driver/Src/stm32l0xx_hal_dma.c **** 
 615:Drivers/STM32L0xx_HAL_Driver/Src/stm32l0xx_hal_dma.c ****       /* Change the DMA state */
 616:Drivers/STM32L0xx_HAL_Driver/Src/stm32l0xx_hal_dma.c ****       hdma->State = HAL_DMA_STATE_READY;
 617:Drivers/STM32L0xx_HAL_Driver/Src/stm32l0xx_hal_dma.c ****     }
 618:Drivers/STM32L0xx_HAL_Driver/Src/stm32l0xx_hal_dma.c ****     /* Clear the transfer complete flag */
 619:Drivers/STM32L0xx_HAL_Driver/Src/stm32l0xx_hal_dma.c ****     hdma->DmaBaseAddress->IFCR = (DMA_ISR_TCIF1 << (hdma->ChannelIndex & 0x1cU));
 620:Drivers/STM32L0xx_HAL_Driver/Src/stm32l0xx_hal_dma.c **** 
 621:Drivers/STM32L0xx_HAL_Driver/Src/stm32l0xx_hal_dma.c ****     /* Process Unlocked */
 622:Drivers/STM32L0xx_HAL_Driver/Src/stm32l0xx_hal_dma.c ****     __HAL_UNLOCK(hdma);
 623:Drivers/STM32L0xx_HAL_Driver/Src/stm32l0xx_hal_dma.c **** 
 624:Drivers/STM32L0xx_HAL_Driver/Src/stm32l0xx_hal_dma.c ****     if(hdma->XferCpltCallback != NULL)
 625:Drivers/STM32L0xx_HAL_Driver/Src/stm32l0xx_hal_dma.c ****     {
 626:Drivers/STM32L0xx_HAL_Driver/Src/stm32l0xx_hal_dma.c ****       /* Transfer complete callback */
 627:Drivers/STM32L0xx_HAL_Driver/Src/stm32l0xx_hal_dma.c ****       hdma->XferCpltCallback(hdma);
 628:Drivers/STM32L0xx_HAL_Driver/Src/stm32l0xx_hal_dma.c ****     }
 629:Drivers/STM32L0xx_HAL_Driver/Src/stm32l0xx_hal_dma.c ****   }
 630:Drivers/STM32L0xx_HAL_Driver/Src/stm32l0xx_hal_dma.c **** 
 631:Drivers/STM32L0xx_HAL_Driver/Src/stm32l0xx_hal_dma.c ****   /* Transfer Error Interrupt management **************************************/
 632:Drivers/STM32L0xx_HAL_Driver/Src/stm32l0xx_hal_dma.c ****   else if ((0U != (flag_it & (DMA_FLAG_TE1 << (hdma->ChannelIndex & 0x1cU)))) && (0U != (source_it 
 633:Drivers/STM32L0xx_HAL_Driver/Src/stm32l0xx_hal_dma.c ****   {
 634:Drivers/STM32L0xx_HAL_Driver/Src/stm32l0xx_hal_dma.c ****     /* When a DMA transfer error occurs */
 635:Drivers/STM32L0xx_HAL_Driver/Src/stm32l0xx_hal_dma.c ****     /* A hardware clear of its EN bits is performed */
 636:Drivers/STM32L0xx_HAL_Driver/Src/stm32l0xx_hal_dma.c ****     /* Disable ALL DMA IT */
 637:Drivers/STM32L0xx_HAL_Driver/Src/stm32l0xx_hal_dma.c ****     __HAL_DMA_DISABLE_IT(hdma, (DMA_IT_TC | DMA_IT_HT | DMA_IT_TE));
 638:Drivers/STM32L0xx_HAL_Driver/Src/stm32l0xx_hal_dma.c **** 
 639:Drivers/STM32L0xx_HAL_Driver/Src/stm32l0xx_hal_dma.c ****     /* Clear all flags */
 640:Drivers/STM32L0xx_HAL_Driver/Src/stm32l0xx_hal_dma.c ****     hdma->DmaBaseAddress->IFCR = (DMA_ISR_GIF1 << (hdma->ChannelIndex & 0x1cU));
 641:Drivers/STM32L0xx_HAL_Driver/Src/stm32l0xx_hal_dma.c **** 
 642:Drivers/STM32L0xx_HAL_Driver/Src/stm32l0xx_hal_dma.c ****     /* Update error code */
 643:Drivers/STM32L0xx_HAL_Driver/Src/stm32l0xx_hal_dma.c ****     hdma->ErrorCode = HAL_DMA_ERROR_TE;
 644:Drivers/STM32L0xx_HAL_Driver/Src/stm32l0xx_hal_dma.c **** 
 645:Drivers/STM32L0xx_HAL_Driver/Src/stm32l0xx_hal_dma.c ****     /* Change the DMA state */
 646:Drivers/STM32L0xx_HAL_Driver/Src/stm32l0xx_hal_dma.c ****     hdma->State = HAL_DMA_STATE_READY;
 647:Drivers/STM32L0xx_HAL_Driver/Src/stm32l0xx_hal_dma.c **** 
 648:Drivers/STM32L0xx_HAL_Driver/Src/stm32l0xx_hal_dma.c ****     /* Process Unlocked */
 649:Drivers/STM32L0xx_HAL_Driver/Src/stm32l0xx_hal_dma.c ****     __HAL_UNLOCK(hdma);
 650:Drivers/STM32L0xx_HAL_Driver/Src/stm32l0xx_hal_dma.c **** 
 651:Drivers/STM32L0xx_HAL_Driver/Src/stm32l0xx_hal_dma.c ****     if (hdma->XferErrorCallback != NULL)
 652:Drivers/STM32L0xx_HAL_Driver/Src/stm32l0xx_hal_dma.c ****     {
 653:Drivers/STM32L0xx_HAL_Driver/Src/stm32l0xx_hal_dma.c ****       /* Transfer error callback */
 654:Drivers/STM32L0xx_HAL_Driver/Src/stm32l0xx_hal_dma.c ****       hdma->XferErrorCallback(hdma);
 655:Drivers/STM32L0xx_HAL_Driver/Src/stm32l0xx_hal_dma.c ****     }
 656:Drivers/STM32L0xx_HAL_Driver/Src/stm32l0xx_hal_dma.c ****   }
 657:Drivers/STM32L0xx_HAL_Driver/Src/stm32l0xx_hal_dma.c ****   else
 658:Drivers/STM32L0xx_HAL_Driver/Src/stm32l0xx_hal_dma.c ****   {
 659:Drivers/STM32L0xx_HAL_Driver/Src/stm32l0xx_hal_dma.c ****     /* Nothing To Do */
ARM GAS  /var/folders/d7/pb3dkhys6j3db_qtp_8v34p80000gn/T//ccEgHk0R.s 			page 13


 660:Drivers/STM32L0xx_HAL_Driver/Src/stm32l0xx_hal_dma.c ****   }
 661:Drivers/STM32L0xx_HAL_Driver/Src/stm32l0xx_hal_dma.c ****   return;
 662:Drivers/STM32L0xx_HAL_Driver/Src/stm32l0xx_hal_dma.c **** }
 663:Drivers/STM32L0xx_HAL_Driver/Src/stm32l0xx_hal_dma.c **** 
 664:Drivers/STM32L0xx_HAL_Driver/Src/stm32l0xx_hal_dma.c **** /**
 665:Drivers/STM32L0xx_HAL_Driver/Src/stm32l0xx_hal_dma.c ****   * @brief  Register callbacks
 666:Drivers/STM32L0xx_HAL_Driver/Src/stm32l0xx_hal_dma.c ****   * @param  hdma                 pointer to a DMA_HandleTypeDef structure that contains
 667:Drivers/STM32L0xx_HAL_Driver/Src/stm32l0xx_hal_dma.c ****   *                               the configuration information for the specified DMA Channel.
 668:Drivers/STM32L0xx_HAL_Driver/Src/stm32l0xx_hal_dma.c ****   * @param  CallbackID           User Callback identifier
 669:Drivers/STM32L0xx_HAL_Driver/Src/stm32l0xx_hal_dma.c ****   *                               a HAL_DMA_CallbackIDTypeDef ENUM as parameter.
 670:Drivers/STM32L0xx_HAL_Driver/Src/stm32l0xx_hal_dma.c ****   * @param  pCallback            pointer to private callback function which has pointer to
 671:Drivers/STM32L0xx_HAL_Driver/Src/stm32l0xx_hal_dma.c ****   *                               a DMA_HandleTypeDef structure as parameter.
 672:Drivers/STM32L0xx_HAL_Driver/Src/stm32l0xx_hal_dma.c ****   * @retval HAL status
 673:Drivers/STM32L0xx_HAL_Driver/Src/stm32l0xx_hal_dma.c ****   */
 674:Drivers/STM32L0xx_HAL_Driver/Src/stm32l0xx_hal_dma.c **** HAL_StatusTypeDef HAL_DMA_RegisterCallback(DMA_HandleTypeDef *hdma, HAL_DMA_CallbackIDTypeDef Callb
 675:Drivers/STM32L0xx_HAL_Driver/Src/stm32l0xx_hal_dma.c **** {
 676:Drivers/STM32L0xx_HAL_Driver/Src/stm32l0xx_hal_dma.c ****   HAL_StatusTypeDef status = HAL_OK;
 677:Drivers/STM32L0xx_HAL_Driver/Src/stm32l0xx_hal_dma.c **** 
 678:Drivers/STM32L0xx_HAL_Driver/Src/stm32l0xx_hal_dma.c ****   /* Process locked */
 679:Drivers/STM32L0xx_HAL_Driver/Src/stm32l0xx_hal_dma.c ****   __HAL_LOCK(hdma);
 680:Drivers/STM32L0xx_HAL_Driver/Src/stm32l0xx_hal_dma.c **** 
 681:Drivers/STM32L0xx_HAL_Driver/Src/stm32l0xx_hal_dma.c ****   if(HAL_DMA_STATE_READY == hdma->State)
 682:Drivers/STM32L0xx_HAL_Driver/Src/stm32l0xx_hal_dma.c ****   {
 683:Drivers/STM32L0xx_HAL_Driver/Src/stm32l0xx_hal_dma.c ****     switch (CallbackID)
 684:Drivers/STM32L0xx_HAL_Driver/Src/stm32l0xx_hal_dma.c ****     {
 685:Drivers/STM32L0xx_HAL_Driver/Src/stm32l0xx_hal_dma.c ****      case  HAL_DMA_XFER_CPLT_CB_ID:
 686:Drivers/STM32L0xx_HAL_Driver/Src/stm32l0xx_hal_dma.c ****            hdma->XferCpltCallback = pCallback;
 687:Drivers/STM32L0xx_HAL_Driver/Src/stm32l0xx_hal_dma.c ****            break;
 688:Drivers/STM32L0xx_HAL_Driver/Src/stm32l0xx_hal_dma.c **** 
 689:Drivers/STM32L0xx_HAL_Driver/Src/stm32l0xx_hal_dma.c ****      case  HAL_DMA_XFER_HALFCPLT_CB_ID:
 690:Drivers/STM32L0xx_HAL_Driver/Src/stm32l0xx_hal_dma.c ****            hdma->XferHalfCpltCallback = pCallback;
 691:Drivers/STM32L0xx_HAL_Driver/Src/stm32l0xx_hal_dma.c ****            break;
 692:Drivers/STM32L0xx_HAL_Driver/Src/stm32l0xx_hal_dma.c **** 
 693:Drivers/STM32L0xx_HAL_Driver/Src/stm32l0xx_hal_dma.c ****      case  HAL_DMA_XFER_ERROR_CB_ID:
 694:Drivers/STM32L0xx_HAL_Driver/Src/stm32l0xx_hal_dma.c ****            hdma->XferErrorCallback = pCallback;
 695:Drivers/STM32L0xx_HAL_Driver/Src/stm32l0xx_hal_dma.c ****            break;
 696:Drivers/STM32L0xx_HAL_Driver/Src/stm32l0xx_hal_dma.c **** 
 697:Drivers/STM32L0xx_HAL_Driver/Src/stm32l0xx_hal_dma.c ****      case  HAL_DMA_XFER_ABORT_CB_ID:
 698:Drivers/STM32L0xx_HAL_Driver/Src/stm32l0xx_hal_dma.c ****            hdma->XferAbortCallback = pCallback;
 699:Drivers/STM32L0xx_HAL_Driver/Src/stm32l0xx_hal_dma.c ****            break;
 700:Drivers/STM32L0xx_HAL_Driver/Src/stm32l0xx_hal_dma.c **** 
 701:Drivers/STM32L0xx_HAL_Driver/Src/stm32l0xx_hal_dma.c ****      default:
 702:Drivers/STM32L0xx_HAL_Driver/Src/stm32l0xx_hal_dma.c ****            status = HAL_ERROR;
 703:Drivers/STM32L0xx_HAL_Driver/Src/stm32l0xx_hal_dma.c ****            break;
 704:Drivers/STM32L0xx_HAL_Driver/Src/stm32l0xx_hal_dma.c ****     }
 705:Drivers/STM32L0xx_HAL_Driver/Src/stm32l0xx_hal_dma.c ****   }
 706:Drivers/STM32L0xx_HAL_Driver/Src/stm32l0xx_hal_dma.c ****   else
 707:Drivers/STM32L0xx_HAL_Driver/Src/stm32l0xx_hal_dma.c ****   {
 708:Drivers/STM32L0xx_HAL_Driver/Src/stm32l0xx_hal_dma.c ****     status = HAL_ERROR;
 709:Drivers/STM32L0xx_HAL_Driver/Src/stm32l0xx_hal_dma.c ****   }
 710:Drivers/STM32L0xx_HAL_Driver/Src/stm32l0xx_hal_dma.c **** 
 711:Drivers/STM32L0xx_HAL_Driver/Src/stm32l0xx_hal_dma.c ****   /* Release Lock */
 712:Drivers/STM32L0xx_HAL_Driver/Src/stm32l0xx_hal_dma.c ****   __HAL_UNLOCK(hdma);
 713:Drivers/STM32L0xx_HAL_Driver/Src/stm32l0xx_hal_dma.c **** 
 714:Drivers/STM32L0xx_HAL_Driver/Src/stm32l0xx_hal_dma.c ****   return status;
 715:Drivers/STM32L0xx_HAL_Driver/Src/stm32l0xx_hal_dma.c **** }
 716:Drivers/STM32L0xx_HAL_Driver/Src/stm32l0xx_hal_dma.c **** 
ARM GAS  /var/folders/d7/pb3dkhys6j3db_qtp_8v34p80000gn/T//ccEgHk0R.s 			page 14


 717:Drivers/STM32L0xx_HAL_Driver/Src/stm32l0xx_hal_dma.c **** /**
 718:Drivers/STM32L0xx_HAL_Driver/Src/stm32l0xx_hal_dma.c ****   * @brief  UnRegister callbacks
 719:Drivers/STM32L0xx_HAL_Driver/Src/stm32l0xx_hal_dma.c ****   * @param  hdma                 pointer to a DMA_HandleTypeDef structure that contains
 720:Drivers/STM32L0xx_HAL_Driver/Src/stm32l0xx_hal_dma.c ****   *                               the configuration information for the specified DMA Channel.
 721:Drivers/STM32L0xx_HAL_Driver/Src/stm32l0xx_hal_dma.c ****   * @param  CallbackID           User Callback identifier
 722:Drivers/STM32L0xx_HAL_Driver/Src/stm32l0xx_hal_dma.c ****   *                               a HAL_DMA_CallbackIDTypeDef ENUM as parameter.
 723:Drivers/STM32L0xx_HAL_Driver/Src/stm32l0xx_hal_dma.c ****   * @retval HAL status
 724:Drivers/STM32L0xx_HAL_Driver/Src/stm32l0xx_hal_dma.c ****   */
 725:Drivers/STM32L0xx_HAL_Driver/Src/stm32l0xx_hal_dma.c **** HAL_StatusTypeDef HAL_DMA_UnRegisterCallback(DMA_HandleTypeDef *hdma, HAL_DMA_CallbackIDTypeDef Cal
 726:Drivers/STM32L0xx_HAL_Driver/Src/stm32l0xx_hal_dma.c **** {
 727:Drivers/STM32L0xx_HAL_Driver/Src/stm32l0xx_hal_dma.c ****   HAL_StatusTypeDef status = HAL_OK;
 728:Drivers/STM32L0xx_HAL_Driver/Src/stm32l0xx_hal_dma.c **** 
 729:Drivers/STM32L0xx_HAL_Driver/Src/stm32l0xx_hal_dma.c ****     /* Process locked */
 730:Drivers/STM32L0xx_HAL_Driver/Src/stm32l0xx_hal_dma.c ****   __HAL_LOCK(hdma);
 731:Drivers/STM32L0xx_HAL_Driver/Src/stm32l0xx_hal_dma.c **** 
 732:Drivers/STM32L0xx_HAL_Driver/Src/stm32l0xx_hal_dma.c ****   if(HAL_DMA_STATE_READY == hdma->State)
 733:Drivers/STM32L0xx_HAL_Driver/Src/stm32l0xx_hal_dma.c ****   {
 734:Drivers/STM32L0xx_HAL_Driver/Src/stm32l0xx_hal_dma.c ****     switch (CallbackID)
 735:Drivers/STM32L0xx_HAL_Driver/Src/stm32l0xx_hal_dma.c ****     {
 736:Drivers/STM32L0xx_HAL_Driver/Src/stm32l0xx_hal_dma.c ****      case  HAL_DMA_XFER_CPLT_CB_ID:
 737:Drivers/STM32L0xx_HAL_Driver/Src/stm32l0xx_hal_dma.c ****            hdma->XferCpltCallback = NULL;
 738:Drivers/STM32L0xx_HAL_Driver/Src/stm32l0xx_hal_dma.c ****            break;
 739:Drivers/STM32L0xx_HAL_Driver/Src/stm32l0xx_hal_dma.c **** 
 740:Drivers/STM32L0xx_HAL_Driver/Src/stm32l0xx_hal_dma.c ****      case  HAL_DMA_XFER_HALFCPLT_CB_ID:
 741:Drivers/STM32L0xx_HAL_Driver/Src/stm32l0xx_hal_dma.c ****            hdma->XferHalfCpltCallback = NULL;
 742:Drivers/STM32L0xx_HAL_Driver/Src/stm32l0xx_hal_dma.c ****            break;
 743:Drivers/STM32L0xx_HAL_Driver/Src/stm32l0xx_hal_dma.c **** 
 744:Drivers/STM32L0xx_HAL_Driver/Src/stm32l0xx_hal_dma.c ****      case  HAL_DMA_XFER_ERROR_CB_ID:
 745:Drivers/STM32L0xx_HAL_Driver/Src/stm32l0xx_hal_dma.c ****            hdma->XferErrorCallback = NULL;
 746:Drivers/STM32L0xx_HAL_Driver/Src/stm32l0xx_hal_dma.c ****            break;
 747:Drivers/STM32L0xx_HAL_Driver/Src/stm32l0xx_hal_dma.c **** 
 748:Drivers/STM32L0xx_HAL_Driver/Src/stm32l0xx_hal_dma.c ****      case  HAL_DMA_XFER_ABORT_CB_ID:
 749:Drivers/STM32L0xx_HAL_Driver/Src/stm32l0xx_hal_dma.c ****            hdma->XferAbortCallback = NULL;
 750:Drivers/STM32L0xx_HAL_Driver/Src/stm32l0xx_hal_dma.c ****            break;
 751:Drivers/STM32L0xx_HAL_Driver/Src/stm32l0xx_hal_dma.c **** 
 752:Drivers/STM32L0xx_HAL_Driver/Src/stm32l0xx_hal_dma.c ****     case   HAL_DMA_XFER_ALL_CB_ID:
 753:Drivers/STM32L0xx_HAL_Driver/Src/stm32l0xx_hal_dma.c ****            hdma->XferCpltCallback = NULL;
 754:Drivers/STM32L0xx_HAL_Driver/Src/stm32l0xx_hal_dma.c ****            hdma->XferHalfCpltCallback = NULL;
 755:Drivers/STM32L0xx_HAL_Driver/Src/stm32l0xx_hal_dma.c ****            hdma->XferErrorCallback = NULL;
 756:Drivers/STM32L0xx_HAL_Driver/Src/stm32l0xx_hal_dma.c ****            hdma->XferAbortCallback = NULL;
 757:Drivers/STM32L0xx_HAL_Driver/Src/stm32l0xx_hal_dma.c ****            break;
 758:Drivers/STM32L0xx_HAL_Driver/Src/stm32l0xx_hal_dma.c **** 
 759:Drivers/STM32L0xx_HAL_Driver/Src/stm32l0xx_hal_dma.c ****     default:
 760:Drivers/STM32L0xx_HAL_Driver/Src/stm32l0xx_hal_dma.c ****            status = HAL_ERROR;
 761:Drivers/STM32L0xx_HAL_Driver/Src/stm32l0xx_hal_dma.c ****            break;
 762:Drivers/STM32L0xx_HAL_Driver/Src/stm32l0xx_hal_dma.c ****     }
 763:Drivers/STM32L0xx_HAL_Driver/Src/stm32l0xx_hal_dma.c ****   }
 764:Drivers/STM32L0xx_HAL_Driver/Src/stm32l0xx_hal_dma.c ****   else
 765:Drivers/STM32L0xx_HAL_Driver/Src/stm32l0xx_hal_dma.c ****   {
 766:Drivers/STM32L0xx_HAL_Driver/Src/stm32l0xx_hal_dma.c ****     status = HAL_ERROR;
 767:Drivers/STM32L0xx_HAL_Driver/Src/stm32l0xx_hal_dma.c ****   }
 768:Drivers/STM32L0xx_HAL_Driver/Src/stm32l0xx_hal_dma.c **** 
 769:Drivers/STM32L0xx_HAL_Driver/Src/stm32l0xx_hal_dma.c ****   /* Release Lock */
 770:Drivers/STM32L0xx_HAL_Driver/Src/stm32l0xx_hal_dma.c ****   __HAL_UNLOCK(hdma);
 771:Drivers/STM32L0xx_HAL_Driver/Src/stm32l0xx_hal_dma.c **** 
 772:Drivers/STM32L0xx_HAL_Driver/Src/stm32l0xx_hal_dma.c ****   return status;
 773:Drivers/STM32L0xx_HAL_Driver/Src/stm32l0xx_hal_dma.c **** }
ARM GAS  /var/folders/d7/pb3dkhys6j3db_qtp_8v34p80000gn/T//ccEgHk0R.s 			page 15


 774:Drivers/STM32L0xx_HAL_Driver/Src/stm32l0xx_hal_dma.c **** 
 775:Drivers/STM32L0xx_HAL_Driver/Src/stm32l0xx_hal_dma.c **** /**
 776:Drivers/STM32L0xx_HAL_Driver/Src/stm32l0xx_hal_dma.c ****   * @}
 777:Drivers/STM32L0xx_HAL_Driver/Src/stm32l0xx_hal_dma.c ****   */
 778:Drivers/STM32L0xx_HAL_Driver/Src/stm32l0xx_hal_dma.c **** 
 779:Drivers/STM32L0xx_HAL_Driver/Src/stm32l0xx_hal_dma.c **** 
 780:Drivers/STM32L0xx_HAL_Driver/Src/stm32l0xx_hal_dma.c **** 
 781:Drivers/STM32L0xx_HAL_Driver/Src/stm32l0xx_hal_dma.c **** /** @defgroup DMA_Exported_Functions_Group3 Peripheral State and Errors functions
 782:Drivers/STM32L0xx_HAL_Driver/Src/stm32l0xx_hal_dma.c ****  *  @brief    Peripheral State and Errors functions
 783:Drivers/STM32L0xx_HAL_Driver/Src/stm32l0xx_hal_dma.c ****  *
 784:Drivers/STM32L0xx_HAL_Driver/Src/stm32l0xx_hal_dma.c **** @verbatim
 785:Drivers/STM32L0xx_HAL_Driver/Src/stm32l0xx_hal_dma.c ****  ===============================================================================
 786:Drivers/STM32L0xx_HAL_Driver/Src/stm32l0xx_hal_dma.c ****             ##### Peripheral State and Errors functions #####
 787:Drivers/STM32L0xx_HAL_Driver/Src/stm32l0xx_hal_dma.c ****  ===============================================================================
 788:Drivers/STM32L0xx_HAL_Driver/Src/stm32l0xx_hal_dma.c ****     [..]
 789:Drivers/STM32L0xx_HAL_Driver/Src/stm32l0xx_hal_dma.c ****     This subsection provides functions allowing to
 790:Drivers/STM32L0xx_HAL_Driver/Src/stm32l0xx_hal_dma.c ****       (+) Check the DMA state
 791:Drivers/STM32L0xx_HAL_Driver/Src/stm32l0xx_hal_dma.c ****       (+) Get error code
 792:Drivers/STM32L0xx_HAL_Driver/Src/stm32l0xx_hal_dma.c **** 
 793:Drivers/STM32L0xx_HAL_Driver/Src/stm32l0xx_hal_dma.c **** @endverbatim
 794:Drivers/STM32L0xx_HAL_Driver/Src/stm32l0xx_hal_dma.c ****   * @{
 795:Drivers/STM32L0xx_HAL_Driver/Src/stm32l0xx_hal_dma.c ****   */
 796:Drivers/STM32L0xx_HAL_Driver/Src/stm32l0xx_hal_dma.c **** 
 797:Drivers/STM32L0xx_HAL_Driver/Src/stm32l0xx_hal_dma.c **** /**
 798:Drivers/STM32L0xx_HAL_Driver/Src/stm32l0xx_hal_dma.c ****   * @brief  Return the DMA handle state.
 799:Drivers/STM32L0xx_HAL_Driver/Src/stm32l0xx_hal_dma.c ****   * @param  hdma pointer to a DMA_HandleTypeDef structure that contains
 800:Drivers/STM32L0xx_HAL_Driver/Src/stm32l0xx_hal_dma.c ****   *               the configuration information for the specified DMA Channel.
 801:Drivers/STM32L0xx_HAL_Driver/Src/stm32l0xx_hal_dma.c ****   * @retval HAL state
 802:Drivers/STM32L0xx_HAL_Driver/Src/stm32l0xx_hal_dma.c ****   */
 803:Drivers/STM32L0xx_HAL_Driver/Src/stm32l0xx_hal_dma.c **** HAL_DMA_StateTypeDef HAL_DMA_GetState(DMA_HandleTypeDef *hdma)
 804:Drivers/STM32L0xx_HAL_Driver/Src/stm32l0xx_hal_dma.c **** {
 805:Drivers/STM32L0xx_HAL_Driver/Src/stm32l0xx_hal_dma.c ****   /* Return DMA handle state */
 806:Drivers/STM32L0xx_HAL_Driver/Src/stm32l0xx_hal_dma.c ****   return hdma->State;
 807:Drivers/STM32L0xx_HAL_Driver/Src/stm32l0xx_hal_dma.c **** }
 808:Drivers/STM32L0xx_HAL_Driver/Src/stm32l0xx_hal_dma.c **** 
 809:Drivers/STM32L0xx_HAL_Driver/Src/stm32l0xx_hal_dma.c **** /**
 810:Drivers/STM32L0xx_HAL_Driver/Src/stm32l0xx_hal_dma.c ****   * @brief  Return the DMA error code.
 811:Drivers/STM32L0xx_HAL_Driver/Src/stm32l0xx_hal_dma.c ****   * @param  hdma pointer to a DMA_HandleTypeDef structure that contains
 812:Drivers/STM32L0xx_HAL_Driver/Src/stm32l0xx_hal_dma.c ****   *              the configuration information for the specified DMA Channel.
 813:Drivers/STM32L0xx_HAL_Driver/Src/stm32l0xx_hal_dma.c ****   * @retval DMA Error Code
 814:Drivers/STM32L0xx_HAL_Driver/Src/stm32l0xx_hal_dma.c ****   */
 815:Drivers/STM32L0xx_HAL_Driver/Src/stm32l0xx_hal_dma.c **** uint32_t HAL_DMA_GetError(DMA_HandleTypeDef *hdma)
 816:Drivers/STM32L0xx_HAL_Driver/Src/stm32l0xx_hal_dma.c **** {
 817:Drivers/STM32L0xx_HAL_Driver/Src/stm32l0xx_hal_dma.c ****   return hdma->ErrorCode;
 818:Drivers/STM32L0xx_HAL_Driver/Src/stm32l0xx_hal_dma.c **** }
 819:Drivers/STM32L0xx_HAL_Driver/Src/stm32l0xx_hal_dma.c **** 
 820:Drivers/STM32L0xx_HAL_Driver/Src/stm32l0xx_hal_dma.c **** /**
 821:Drivers/STM32L0xx_HAL_Driver/Src/stm32l0xx_hal_dma.c ****   * @}
 822:Drivers/STM32L0xx_HAL_Driver/Src/stm32l0xx_hal_dma.c ****   */
 823:Drivers/STM32L0xx_HAL_Driver/Src/stm32l0xx_hal_dma.c **** 
 824:Drivers/STM32L0xx_HAL_Driver/Src/stm32l0xx_hal_dma.c **** /**
 825:Drivers/STM32L0xx_HAL_Driver/Src/stm32l0xx_hal_dma.c ****   * @}
 826:Drivers/STM32L0xx_HAL_Driver/Src/stm32l0xx_hal_dma.c ****   */
 827:Drivers/STM32L0xx_HAL_Driver/Src/stm32l0xx_hal_dma.c **** 
 828:Drivers/STM32L0xx_HAL_Driver/Src/stm32l0xx_hal_dma.c **** /** @addtogroup DMA_Private_Functions
 829:Drivers/STM32L0xx_HAL_Driver/Src/stm32l0xx_hal_dma.c ****   * @{
 830:Drivers/STM32L0xx_HAL_Driver/Src/stm32l0xx_hal_dma.c ****   */
ARM GAS  /var/folders/d7/pb3dkhys6j3db_qtp_8v34p80000gn/T//ccEgHk0R.s 			page 16


 831:Drivers/STM32L0xx_HAL_Driver/Src/stm32l0xx_hal_dma.c **** 
 832:Drivers/STM32L0xx_HAL_Driver/Src/stm32l0xx_hal_dma.c **** /**
 833:Drivers/STM32L0xx_HAL_Driver/Src/stm32l0xx_hal_dma.c ****   * @brief  Sets the DMA Transfer parameter.
 834:Drivers/STM32L0xx_HAL_Driver/Src/stm32l0xx_hal_dma.c ****   * @param  hdma       pointer to a DMA_HandleTypeDef structure that contains
 835:Drivers/STM32L0xx_HAL_Driver/Src/stm32l0xx_hal_dma.c ****   *                     the configuration information for the specified DMA Channel.
 836:Drivers/STM32L0xx_HAL_Driver/Src/stm32l0xx_hal_dma.c ****   * @param  SrcAddress The source memory Buffer address
 837:Drivers/STM32L0xx_HAL_Driver/Src/stm32l0xx_hal_dma.c ****   * @param  DstAddress The destination memory Buffer address
 838:Drivers/STM32L0xx_HAL_Driver/Src/stm32l0xx_hal_dma.c ****   * @param  DataLength The amount of data items to be transferred from source to destination
 839:Drivers/STM32L0xx_HAL_Driver/Src/stm32l0xx_hal_dma.c ****   * @retval HAL status
 840:Drivers/STM32L0xx_HAL_Driver/Src/stm32l0xx_hal_dma.c ****   */
 841:Drivers/STM32L0xx_HAL_Driver/Src/stm32l0xx_hal_dma.c **** static void DMA_SetConfig(DMA_HandleTypeDef *hdma, uint32_t SrcAddress, uint32_t DstAddress, uint32
 842:Drivers/STM32L0xx_HAL_Driver/Src/stm32l0xx_hal_dma.c **** {
  27              		.loc 1 842 1 view -0
  28              		.cfi_startproc
  29              		@ args = 0, pretend = 0, frame = 0
  30              		@ frame_needed = 0, uses_anonymous_args = 0
  31              		.loc 1 842 1 is_stmt 0 view .LVU1
  32 0000 70B5     		push	{r4, r5, r6, lr}
  33              	.LCFI0:
  34              		.cfi_def_cfa_offset 16
  35              		.cfi_offset 4, -16
  36              		.cfi_offset 5, -12
  37              		.cfi_offset 6, -8
  38              		.cfi_offset 14, -4
 843:Drivers/STM32L0xx_HAL_Driver/Src/stm32l0xx_hal_dma.c ****   /* Clear all flags */
 844:Drivers/STM32L0xx_HAL_Driver/Src/stm32l0xx_hal_dma.c ****   hdma->DmaBaseAddress->IFCR = (DMA_ISR_GIF1 << (hdma->ChannelIndex & 0x1cU));
  39              		.loc 1 844 3 is_stmt 1 view .LVU2
  40              		.loc 1 844 54 is_stmt 0 view .LVU3
  41 0002 446C     		ldr	r4, [r0, #68]
  42              		.loc 1 844 69 view .LVU4
  43 0004 1C25     		movs	r5, #28
  44 0006 2540     		ands	r5, r4
  45              		.loc 1 844 7 view .LVU5
  46 0008 066C     		ldr	r6, [r0, #64]
  47              		.loc 1 844 46 view .LVU6
  48 000a 0124     		movs	r4, #1
  49 000c AC40     		lsls	r4, r4, r5
  50              		.loc 1 844 30 view .LVU7
  51 000e 7460     		str	r4, [r6, #4]
 845:Drivers/STM32L0xx_HAL_Driver/Src/stm32l0xx_hal_dma.c **** 
 846:Drivers/STM32L0xx_HAL_Driver/Src/stm32l0xx_hal_dma.c ****   /* Configure DMA Channel data length */
 847:Drivers/STM32L0xx_HAL_Driver/Src/stm32l0xx_hal_dma.c ****   hdma->Instance->CNDTR = DataLength;
  52              		.loc 1 847 3 is_stmt 1 view .LVU8
  53              		.loc 1 847 7 is_stmt 0 view .LVU9
  54 0010 0468     		ldr	r4, [r0]
  55              		.loc 1 847 25 view .LVU10
  56 0012 6360     		str	r3, [r4, #4]
 848:Drivers/STM32L0xx_HAL_Driver/Src/stm32l0xx_hal_dma.c **** 
 849:Drivers/STM32L0xx_HAL_Driver/Src/stm32l0xx_hal_dma.c ****   /* Memory to Peripheral */
 850:Drivers/STM32L0xx_HAL_Driver/Src/stm32l0xx_hal_dma.c ****   if((hdma->Init.Direction) == DMA_MEMORY_TO_PERIPH)
  57              		.loc 1 850 3 is_stmt 1 view .LVU11
  58              		.loc 1 850 17 is_stmt 0 view .LVU12
  59 0014 8368     		ldr	r3, [r0, #8]
  60              	.LVL1:
  61              		.loc 1 850 5 view .LVU13
  62 0016 102B     		cmp	r3, #16
  63 0018 04D0     		beq	.L4
ARM GAS  /var/folders/d7/pb3dkhys6j3db_qtp_8v34p80000gn/T//ccEgHk0R.s 			page 17


 851:Drivers/STM32L0xx_HAL_Driver/Src/stm32l0xx_hal_dma.c ****   {
 852:Drivers/STM32L0xx_HAL_Driver/Src/stm32l0xx_hal_dma.c ****     /* Configure DMA Channel destination address */
 853:Drivers/STM32L0xx_HAL_Driver/Src/stm32l0xx_hal_dma.c ****     hdma->Instance->CPAR = DstAddress;
 854:Drivers/STM32L0xx_HAL_Driver/Src/stm32l0xx_hal_dma.c **** 
 855:Drivers/STM32L0xx_HAL_Driver/Src/stm32l0xx_hal_dma.c ****     /* Configure DMA Channel source address */
 856:Drivers/STM32L0xx_HAL_Driver/Src/stm32l0xx_hal_dma.c ****     hdma->Instance->CMAR = SrcAddress;
 857:Drivers/STM32L0xx_HAL_Driver/Src/stm32l0xx_hal_dma.c ****   }
 858:Drivers/STM32L0xx_HAL_Driver/Src/stm32l0xx_hal_dma.c ****   /* Peripheral to Memory */
 859:Drivers/STM32L0xx_HAL_Driver/Src/stm32l0xx_hal_dma.c ****   else
 860:Drivers/STM32L0xx_HAL_Driver/Src/stm32l0xx_hal_dma.c ****   {
 861:Drivers/STM32L0xx_HAL_Driver/Src/stm32l0xx_hal_dma.c ****     /* Configure DMA Channel source address */
 862:Drivers/STM32L0xx_HAL_Driver/Src/stm32l0xx_hal_dma.c ****     hdma->Instance->CPAR = SrcAddress;
  64              		.loc 1 862 5 is_stmt 1 view .LVU14
  65              		.loc 1 862 9 is_stmt 0 view .LVU15
  66 001a 0368     		ldr	r3, [r0]
  67              		.loc 1 862 26 view .LVU16
  68 001c 9960     		str	r1, [r3, #8]
  69              	.LVL2:
 863:Drivers/STM32L0xx_HAL_Driver/Src/stm32l0xx_hal_dma.c **** 
 864:Drivers/STM32L0xx_HAL_Driver/Src/stm32l0xx_hal_dma.c ****     /* Configure DMA Channel destination address */
 865:Drivers/STM32L0xx_HAL_Driver/Src/stm32l0xx_hal_dma.c ****     hdma->Instance->CMAR = DstAddress;
  70              		.loc 1 865 5 is_stmt 1 view .LVU17
  71              		.loc 1 865 9 is_stmt 0 view .LVU18
  72 001e 0368     		ldr	r3, [r0]
  73              		.loc 1 865 26 view .LVU19
  74 0020 DA60     		str	r2, [r3, #12]
  75              	.L1:
 866:Drivers/STM32L0xx_HAL_Driver/Src/stm32l0xx_hal_dma.c ****   }
 867:Drivers/STM32L0xx_HAL_Driver/Src/stm32l0xx_hal_dma.c **** }
  76              		.loc 1 867 1 view .LVU20
  77              		@ sp needed
  78 0022 70BD     		pop	{r4, r5, r6, pc}
  79              	.LVL3:
  80              	.L4:
 853:Drivers/STM32L0xx_HAL_Driver/Src/stm32l0xx_hal_dma.c **** 
  81              		.loc 1 853 5 is_stmt 1 view .LVU21
 853:Drivers/STM32L0xx_HAL_Driver/Src/stm32l0xx_hal_dma.c **** 
  82              		.loc 1 853 9 is_stmt 0 view .LVU22
  83 0024 0368     		ldr	r3, [r0]
 853:Drivers/STM32L0xx_HAL_Driver/Src/stm32l0xx_hal_dma.c **** 
  84              		.loc 1 853 26 view .LVU23
  85 0026 9A60     		str	r2, [r3, #8]
  86              	.LVL4:
 856:Drivers/STM32L0xx_HAL_Driver/Src/stm32l0xx_hal_dma.c ****   }
  87              		.loc 1 856 5 is_stmt 1 view .LVU24
 856:Drivers/STM32L0xx_HAL_Driver/Src/stm32l0xx_hal_dma.c ****   }
  88              		.loc 1 856 9 is_stmt 0 view .LVU25
  89 0028 0368     		ldr	r3, [r0]
 856:Drivers/STM32L0xx_HAL_Driver/Src/stm32l0xx_hal_dma.c ****   }
  90              		.loc 1 856 26 view .LVU26
  91 002a D960     		str	r1, [r3, #12]
  92 002c F9E7     		b	.L1
  93              		.cfi_endproc
  94              	.LFE59:
  96              		.section	.text.HAL_DMA_Init,"ax",%progbits
  97              		.align	1
  98              		.global	HAL_DMA_Init
ARM GAS  /var/folders/d7/pb3dkhys6j3db_qtp_8v34p80000gn/T//ccEgHk0R.s 			page 18


  99              		.syntax unified
 100              		.code	16
 101              		.thumb_func
 103              	HAL_DMA_Init:
 104              	.LVL5:
 105              	.LFB47:
 141:Drivers/STM32L0xx_HAL_Driver/Src/stm32l0xx_hal_dma.c ****   uint32_t tmp;
 106              		.loc 1 141 1 is_stmt 1 view -0
 107              		.cfi_startproc
 108              		@ args = 0, pretend = 0, frame = 0
 109              		@ frame_needed = 0, uses_anonymous_args = 0
 141:Drivers/STM32L0xx_HAL_Driver/Src/stm32l0xx_hal_dma.c ****   uint32_t tmp;
 110              		.loc 1 141 1 is_stmt 0 view .LVU28
 111 0000 70B5     		push	{r4, r5, r6, lr}
 112              	.LCFI1:
 113              		.cfi_def_cfa_offset 16
 114              		.cfi_offset 4, -16
 115              		.cfi_offset 5, -12
 116              		.cfi_offset 6, -8
 117              		.cfi_offset 14, -4
 118 0002 041E     		subs	r4, r0, #0
 142:Drivers/STM32L0xx_HAL_Driver/Src/stm32l0xx_hal_dma.c **** 
 119              		.loc 1 142 3 is_stmt 1 view .LVU29
 145:Drivers/STM32L0xx_HAL_Driver/Src/stm32l0xx_hal_dma.c ****   {
 120              		.loc 1 145 3 view .LVU30
 145:Drivers/STM32L0xx_HAL_Driver/Src/stm32l0xx_hal_dma.c ****   {
 121              		.loc 1 145 5 is_stmt 0 view .LVU31
 122 0004 3DD0     		beq	.L8
 151:Drivers/STM32L0xx_HAL_Driver/Src/stm32l0xx_hal_dma.c ****   assert_param(IS_DMA_ALL_REQUEST(hdma->Init.Request));
 123              		.loc 1 151 3 is_stmt 1 view .LVU32
 152:Drivers/STM32L0xx_HAL_Driver/Src/stm32l0xx_hal_dma.c ****   assert_param(IS_DMA_DIRECTION(hdma->Init.Direction));
 124              		.loc 1 152 3 view .LVU33
 153:Drivers/STM32L0xx_HAL_Driver/Src/stm32l0xx_hal_dma.c ****   assert_param(IS_DMA_PERIPHERAL_INC_STATE(hdma->Init.PeriphInc));
 125              		.loc 1 153 3 view .LVU34
 154:Drivers/STM32L0xx_HAL_Driver/Src/stm32l0xx_hal_dma.c ****   assert_param(IS_DMA_MEMORY_INC_STATE(hdma->Init.MemInc));
 126              		.loc 1 154 3 view .LVU35
 155:Drivers/STM32L0xx_HAL_Driver/Src/stm32l0xx_hal_dma.c ****   assert_param(IS_DMA_PERIPHERAL_DATA_SIZE(hdma->Init.PeriphDataAlignment));
 127              		.loc 1 155 3 view .LVU36
 156:Drivers/STM32L0xx_HAL_Driver/Src/stm32l0xx_hal_dma.c ****   assert_param(IS_DMA_MEMORY_DATA_SIZE(hdma->Init.MemDataAlignment));
 128              		.loc 1 156 3 view .LVU37
 157:Drivers/STM32L0xx_HAL_Driver/Src/stm32l0xx_hal_dma.c ****   assert_param(IS_DMA_MODE(hdma->Init.Mode));
 129              		.loc 1 157 3 view .LVU38
 158:Drivers/STM32L0xx_HAL_Driver/Src/stm32l0xx_hal_dma.c ****   assert_param(IS_DMA_PRIORITY(hdma->Init.Priority));
 130              		.loc 1 158 3 view .LVU39
 159:Drivers/STM32L0xx_HAL_Driver/Src/stm32l0xx_hal_dma.c **** 
 131              		.loc 1 159 3 view .LVU40
 163:Drivers/STM32L0xx_HAL_Driver/Src/stm32l0xx_hal_dma.c ****   hdma->DmaBaseAddress = DMA1;
 132              		.loc 1 163 3 view .LVU41
 163:Drivers/STM32L0xx_HAL_Driver/Src/stm32l0xx_hal_dma.c ****   hdma->DmaBaseAddress = DMA1;
 133              		.loc 1 163 40 is_stmt 0 view .LVU42
 134 0006 0568     		ldr	r5, [r0]
 163:Drivers/STM32L0xx_HAL_Driver/Src/stm32l0xx_hal_dma.c ****   hdma->DmaBaseAddress = DMA1;
 135              		.loc 1 163 51 view .LVU43
 136 0008 1F4B     		ldr	r3, .L9
 137 000a E818     		adds	r0, r5, r3
 138              	.LVL6:
 163:Drivers/STM32L0xx_HAL_Driver/Src/stm32l0xx_hal_dma.c ****   hdma->DmaBaseAddress = DMA1;
ARM GAS  /var/folders/d7/pb3dkhys6j3db_qtp_8v34p80000gn/T//ccEgHk0R.s 			page 19


 139              		.loc 1 163 78 view .LVU44
 140 000c 1421     		movs	r1, #20
 141 000e FFF7FEFF 		bl	__aeabi_uidiv
 142              	.LVL7:
 163:Drivers/STM32L0xx_HAL_Driver/Src/stm32l0xx_hal_dma.c ****   hdma->DmaBaseAddress = DMA1;
 143              		.loc 1 163 133 view .LVU45
 144 0012 8000     		lsls	r0, r0, #2
 163:Drivers/STM32L0xx_HAL_Driver/Src/stm32l0xx_hal_dma.c ****   hdma->DmaBaseAddress = DMA1;
 145              		.loc 1 163 22 view .LVU46
 146 0014 6064     		str	r0, [r4, #68]
 164:Drivers/STM32L0xx_HAL_Driver/Src/stm32l0xx_hal_dma.c **** 
 147              		.loc 1 164 3 is_stmt 1 view .LVU47
 164:Drivers/STM32L0xx_HAL_Driver/Src/stm32l0xx_hal_dma.c **** 
 148              		.loc 1 164 24 is_stmt 0 view .LVU48
 149 0016 1D4B     		ldr	r3, .L9+4
 150 0018 2364     		str	r3, [r4, #64]
 167:Drivers/STM32L0xx_HAL_Driver/Src/stm32l0xx_hal_dma.c **** 
 151              		.loc 1 167 3 is_stmt 1 view .LVU49
 167:Drivers/STM32L0xx_HAL_Driver/Src/stm32l0xx_hal_dma.c **** 
 152              		.loc 1 167 15 is_stmt 0 view .LVU50
 153 001a 2523     		movs	r3, #37
 154 001c 0222     		movs	r2, #2
 155 001e E254     		strb	r2, [r4, r3]
 170:Drivers/STM32L0xx_HAL_Driver/Src/stm32l0xx_hal_dma.c **** 
 156              		.loc 1 170 3 is_stmt 1 view .LVU51
 170:Drivers/STM32L0xx_HAL_Driver/Src/stm32l0xx_hal_dma.c **** 
 157              		.loc 1 170 7 is_stmt 0 view .LVU52
 158 0020 2A68     		ldr	r2, [r5]
 159              	.LVL8:
 173:Drivers/STM32L0xx_HAL_Driver/Src/stm32l0xx_hal_dma.c ****                       DMA_CCR_MINC  | DMA_CCR_PINC   | DMA_CCR_CIRC   |
 160              		.loc 1 173 3 is_stmt 1 view .LVU53
 173:Drivers/STM32L0xx_HAL_Driver/Src/stm32l0xx_hal_dma.c ****                       DMA_CCR_MINC  | DMA_CCR_PINC   | DMA_CCR_CIRC   |
 161              		.loc 1 173 7 is_stmt 0 view .LVU54
 162 0022 1B4B     		ldr	r3, .L9+8
 163 0024 1A40     		ands	r2, r3
 164              	.LVL9:
 178:Drivers/STM32L0xx_HAL_Driver/Src/stm32l0xx_hal_dma.c ****           hdma->Init.PeriphInc           | hdma->Init.MemInc           |
 165              		.loc 1 178 3 is_stmt 1 view .LVU55
 178:Drivers/STM32L0xx_HAL_Driver/Src/stm32l0xx_hal_dma.c ****           hdma->Init.PeriphInc           | hdma->Init.MemInc           |
 166              		.loc 1 178 21 is_stmt 0 view .LVU56
 167 0026 A368     		ldr	r3, [r4, #8]
 179:Drivers/STM32L0xx_HAL_Driver/Src/stm32l0xx_hal_dma.c ****           hdma->Init.PeriphDataAlignment | hdma->Init.MemDataAlignment |
 168              		.loc 1 179 21 view .LVU57
 169 0028 E168     		ldr	r1, [r4, #12]
 178:Drivers/STM32L0xx_HAL_Driver/Src/stm32l0xx_hal_dma.c ****           hdma->Init.PeriphInc           | hdma->Init.MemInc           |
 170              		.loc 1 178 39 view .LVU58
 171 002a 0B43     		orrs	r3, r1
 179:Drivers/STM32L0xx_HAL_Driver/Src/stm32l0xx_hal_dma.c ****           hdma->Init.PeriphDataAlignment | hdma->Init.MemDataAlignment |
 172              		.loc 1 179 54 view .LVU59
 173 002c 2169     		ldr	r1, [r4, #16]
 179:Drivers/STM32L0xx_HAL_Driver/Src/stm32l0xx_hal_dma.c ****           hdma->Init.PeriphDataAlignment | hdma->Init.MemDataAlignment |
 174              		.loc 1 179 42 view .LVU60
 175 002e 0B43     		orrs	r3, r1
 180:Drivers/STM32L0xx_HAL_Driver/Src/stm32l0xx_hal_dma.c ****           hdma->Init.Mode                | hdma->Init.Priority;
 176              		.loc 1 180 21 view .LVU61
 177 0030 6169     		ldr	r1, [r4, #20]
 179:Drivers/STM32L0xx_HAL_Driver/Src/stm32l0xx_hal_dma.c ****           hdma->Init.PeriphDataAlignment | hdma->Init.MemDataAlignment |
ARM GAS  /var/folders/d7/pb3dkhys6j3db_qtp_8v34p80000gn/T//ccEgHk0R.s 			page 20


 178              		.loc 1 179 72 view .LVU62
 179 0032 0B43     		orrs	r3, r1
 180:Drivers/STM32L0xx_HAL_Driver/Src/stm32l0xx_hal_dma.c ****           hdma->Init.Mode                | hdma->Init.Priority;
 180              		.loc 1 180 54 view .LVU63
 181 0034 A169     		ldr	r1, [r4, #24]
 180:Drivers/STM32L0xx_HAL_Driver/Src/stm32l0xx_hal_dma.c ****           hdma->Init.Mode                | hdma->Init.Priority;
 182              		.loc 1 180 42 view .LVU64
 183 0036 0B43     		orrs	r3, r1
 181:Drivers/STM32L0xx_HAL_Driver/Src/stm32l0xx_hal_dma.c **** 
 184              		.loc 1 181 21 view .LVU65
 185 0038 E169     		ldr	r1, [r4, #28]
 180:Drivers/STM32L0xx_HAL_Driver/Src/stm32l0xx_hal_dma.c ****           hdma->Init.Mode                | hdma->Init.Priority;
 186              		.loc 1 180 72 view .LVU66
 187 003a 0B43     		orrs	r3, r1
 181:Drivers/STM32L0xx_HAL_Driver/Src/stm32l0xx_hal_dma.c **** 
 188              		.loc 1 181 54 view .LVU67
 189 003c 216A     		ldr	r1, [r4, #32]
 181:Drivers/STM32L0xx_HAL_Driver/Src/stm32l0xx_hal_dma.c **** 
 190              		.loc 1 181 42 view .LVU68
 191 003e 0B43     		orrs	r3, r1
 178:Drivers/STM32L0xx_HAL_Driver/Src/stm32l0xx_hal_dma.c ****           hdma->Init.PeriphInc           | hdma->Init.MemInc           |
 192              		.loc 1 178 7 view .LVU69
 193 0040 1343     		orrs	r3, r2
 194              	.LVL10:
 184:Drivers/STM32L0xx_HAL_Driver/Src/stm32l0xx_hal_dma.c **** 
 195              		.loc 1 184 3 is_stmt 1 view .LVU70
 184:Drivers/STM32L0xx_HAL_Driver/Src/stm32l0xx_hal_dma.c **** 
 196              		.loc 1 184 23 is_stmt 0 view .LVU71
 197 0042 2B60     		str	r3, [r5]
 187:Drivers/STM32L0xx_HAL_Driver/Src/stm32l0xx_hal_dma.c ****   {
 198              		.loc 1 187 3 is_stmt 1 view .LVU72
 187:Drivers/STM32L0xx_HAL_Driver/Src/stm32l0xx_hal_dma.c ****   {
 199              		.loc 1 187 16 is_stmt 0 view .LVU73
 200 0044 A268     		ldr	r2, [r4, #8]
 187:Drivers/STM32L0xx_HAL_Driver/Src/stm32l0xx_hal_dma.c ****   {
 201              		.loc 1 187 5 view .LVU74
 202 0046 8023     		movs	r3, #128
 203              	.LVL11:
 187:Drivers/STM32L0xx_HAL_Driver/Src/stm32l0xx_hal_dma.c ****   {
 204              		.loc 1 187 5 view .LVU75
 205 0048 DB01     		lsls	r3, r3, #7
 206 004a 9A42     		cmp	r2, r3
 207 004c 10D0     		beq	.L7
 191:Drivers/STM32L0xx_HAL_Driver/Src/stm32l0xx_hal_dma.c **** 
 208              		.loc 1 191 5 is_stmt 1 view .LVU76
 191:Drivers/STM32L0xx_HAL_Driver/Src/stm32l0xx_hal_dma.c **** 
 209              		.loc 1 191 15 is_stmt 0 view .LVU77
 210 004e 114B     		ldr	r3, .L9+12
 211 0050 1968     		ldr	r1, [r3]
 191:Drivers/STM32L0xx_HAL_Driver/Src/stm32l0xx_hal_dma.c **** 
 212              		.loc 1 191 50 view .LVU78
 213 0052 656C     		ldr	r5, [r4, #68]
 214              	.LVL12:
 191:Drivers/STM32L0xx_HAL_Driver/Src/stm32l0xx_hal_dma.c **** 
 215              		.loc 1 191 65 view .LVU79
 216 0054 1C22     		movs	r2, #28
 217 0056 1540     		ands	r5, r2
ARM GAS  /var/folders/d7/pb3dkhys6j3db_qtp_8v34p80000gn/T//ccEgHk0R.s 			page 21


 191:Drivers/STM32L0xx_HAL_Driver/Src/stm32l0xx_hal_dma.c **** 
 218              		.loc 1 191 42 view .LVU80
 219 0058 0F20     		movs	r0, #15
 220 005a A840     		lsls	r0, r0, r5
 191:Drivers/STM32L0xx_HAL_Driver/Src/stm32l0xx_hal_dma.c **** 
 221              		.loc 1 191 23 view .LVU81
 222 005c 8143     		bics	r1, r0
 223 005e 1960     		str	r1, [r3]
 194:Drivers/STM32L0xx_HAL_Driver/Src/stm32l0xx_hal_dma.c ****   }
 224              		.loc 1 194 5 is_stmt 1 view .LVU82
 194:Drivers/STM32L0xx_HAL_Driver/Src/stm32l0xx_hal_dma.c ****   }
 225              		.loc 1 194 15 is_stmt 0 view .LVU83
 226 0060 1968     		ldr	r1, [r3]
 194:Drivers/STM32L0xx_HAL_Driver/Src/stm32l0xx_hal_dma.c ****   }
 227              		.loc 1 194 48 view .LVU84
 228 0062 6068     		ldr	r0, [r4, #4]
 194:Drivers/STM32L0xx_HAL_Driver/Src/stm32l0xx_hal_dma.c ****   }
 229              		.loc 1 194 65 view .LVU85
 230 0064 656C     		ldr	r5, [r4, #68]
 194:Drivers/STM32L0xx_HAL_Driver/Src/stm32l0xx_hal_dma.c ****   }
 231              		.loc 1 194 80 view .LVU86
 232 0066 2A40     		ands	r2, r5
 194:Drivers/STM32L0xx_HAL_Driver/Src/stm32l0xx_hal_dma.c ****   }
 233              		.loc 1 194 57 view .LVU87
 234 0068 9040     		lsls	r0, r0, r2
 235 006a 0200     		movs	r2, r0
 194:Drivers/STM32L0xx_HAL_Driver/Src/stm32l0xx_hal_dma.c ****   }
 236              		.loc 1 194 23 view .LVU88
 237 006c 0A43     		orrs	r2, r1
 238 006e 1A60     		str	r2, [r3]
 239              	.L7:
 198:Drivers/STM32L0xx_HAL_Driver/Src/stm32l0xx_hal_dma.c **** 
 240              		.loc 1 198 3 is_stmt 1 view .LVU89
 198:Drivers/STM32L0xx_HAL_Driver/Src/stm32l0xx_hal_dma.c **** 
 241              		.loc 1 198 19 is_stmt 0 view .LVU90
 242 0070 0023     		movs	r3, #0
 243 0072 E363     		str	r3, [r4, #60]
 201:Drivers/STM32L0xx_HAL_Driver/Src/stm32l0xx_hal_dma.c **** 
 244              		.loc 1 201 3 is_stmt 1 view .LVU91
 201:Drivers/STM32L0xx_HAL_Driver/Src/stm32l0xx_hal_dma.c **** 
 245              		.loc 1 201 16 is_stmt 0 view .LVU92
 246 0074 2522     		movs	r2, #37
 247 0076 0121     		movs	r1, #1
 248 0078 A154     		strb	r1, [r4, r2]
 204:Drivers/STM32L0xx_HAL_Driver/Src/stm32l0xx_hal_dma.c **** 
 249              		.loc 1 204 3 is_stmt 1 view .LVU93
 204:Drivers/STM32L0xx_HAL_Driver/Src/stm32l0xx_hal_dma.c **** 
 250              		.loc 1 204 14 is_stmt 0 view .LVU94
 251 007a 013A     		subs	r2, r2, #1
 252 007c A354     		strb	r3, [r4, r2]
 206:Drivers/STM32L0xx_HAL_Driver/Src/stm32l0xx_hal_dma.c **** }
 253              		.loc 1 206 3 is_stmt 1 view .LVU95
 206:Drivers/STM32L0xx_HAL_Driver/Src/stm32l0xx_hal_dma.c **** }
 254              		.loc 1 206 10 is_stmt 0 view .LVU96
 255 007e 0020     		movs	r0, #0
 256              	.LVL13:
 257              	.L6:
ARM GAS  /var/folders/d7/pb3dkhys6j3db_qtp_8v34p80000gn/T//ccEgHk0R.s 			page 22


 207:Drivers/STM32L0xx_HAL_Driver/Src/stm32l0xx_hal_dma.c **** 
 258              		.loc 1 207 1 view .LVU97
 259              		@ sp needed
 260              	.LVL14:
 207:Drivers/STM32L0xx_HAL_Driver/Src/stm32l0xx_hal_dma.c **** 
 261              		.loc 1 207 1 view .LVU98
 262 0080 70BD     		pop	{r4, r5, r6, pc}
 263              	.LVL15:
 264              	.L8:
 147:Drivers/STM32L0xx_HAL_Driver/Src/stm32l0xx_hal_dma.c ****   }
 265              		.loc 1 147 12 view .LVU99
 266 0082 0120     		movs	r0, #1
 267              	.LVL16:
 147:Drivers/STM32L0xx_HAL_Driver/Src/stm32l0xx_hal_dma.c ****   }
 268              		.loc 1 147 12 view .LVU100
 269 0084 FCE7     		b	.L6
 270              	.L10:
 271 0086 C046     		.align	2
 272              	.L9:
 273 0088 F8FFFDBF 		.word	-1073872904
 274 008c 00000240 		.word	1073872896
 275 0090 0F80FFFF 		.word	-32753
 276 0094 A8000240 		.word	1073873064
 277              		.cfi_endproc
 278              	.LFE47:
 280              		.section	.text.HAL_DMA_DeInit,"ax",%progbits
 281              		.align	1
 282              		.global	HAL_DMA_DeInit
 283              		.syntax unified
 284              		.code	16
 285              		.thumb_func
 287              	HAL_DMA_DeInit:
 288              	.LVL17:
 289              	.LFB48:
 216:Drivers/STM32L0xx_HAL_Driver/Src/stm32l0xx_hal_dma.c **** 
 290              		.loc 1 216 1 is_stmt 1 view -0
 291              		.cfi_startproc
 292              		@ args = 0, pretend = 0, frame = 0
 293              		@ frame_needed = 0, uses_anonymous_args = 0
 216:Drivers/STM32L0xx_HAL_Driver/Src/stm32l0xx_hal_dma.c **** 
 294              		.loc 1 216 1 is_stmt 0 view .LVU102
 295 0000 70B5     		push	{r4, r5, r6, lr}
 296              	.LCFI2:
 297              		.cfi_def_cfa_offset 16
 298              		.cfi_offset 4, -16
 299              		.cfi_offset 5, -12
 300              		.cfi_offset 6, -8
 301              		.cfi_offset 14, -4
 302 0002 041E     		subs	r4, r0, #0
 219:Drivers/STM32L0xx_HAL_Driver/Src/stm32l0xx_hal_dma.c ****   {
 303              		.loc 1 219 3 is_stmt 1 view .LVU103
 219:Drivers/STM32L0xx_HAL_Driver/Src/stm32l0xx_hal_dma.c ****   {
 304              		.loc 1 219 6 is_stmt 0 view .LVU104
 305 0004 29D0     		beq	.L13
 225:Drivers/STM32L0xx_HAL_Driver/Src/stm32l0xx_hal_dma.c **** 
 306              		.loc 1 225 3 is_stmt 1 view .LVU105
 228:Drivers/STM32L0xx_HAL_Driver/Src/stm32l0xx_hal_dma.c **** 
ARM GAS  /var/folders/d7/pb3dkhys6j3db_qtp_8v34p80000gn/T//ccEgHk0R.s 			page 23


 307              		.loc 1 228 3 view .LVU106
 308 0006 0268     		ldr	r2, [r0]
 309 0008 1368     		ldr	r3, [r2]
 310 000a 0125     		movs	r5, #1
 311 000c AB43     		bics	r3, r5
 312 000e 1360     		str	r3, [r2]
 232:Drivers/STM32L0xx_HAL_Driver/Src/stm32l0xx_hal_dma.c ****   hdma->DmaBaseAddress = DMA1;
 313              		.loc 1 232 3 view .LVU107
 232:Drivers/STM32L0xx_HAL_Driver/Src/stm32l0xx_hal_dma.c ****   hdma->DmaBaseAddress = DMA1;
 314              		.loc 1 232 40 is_stmt 0 view .LVU108
 315 0010 0668     		ldr	r6, [r0]
 232:Drivers/STM32L0xx_HAL_Driver/Src/stm32l0xx_hal_dma.c ****   hdma->DmaBaseAddress = DMA1;
 316              		.loc 1 232 51 view .LVU109
 317 0012 134B     		ldr	r3, .L14
 318 0014 F018     		adds	r0, r6, r3
 319              	.LVL18:
 232:Drivers/STM32L0xx_HAL_Driver/Src/stm32l0xx_hal_dma.c ****   hdma->DmaBaseAddress = DMA1;
 320              		.loc 1 232 78 view .LVU110
 321 0016 1421     		movs	r1, #20
 322 0018 FFF7FEFF 		bl	__aeabi_uidiv
 323              	.LVL19:
 232:Drivers/STM32L0xx_HAL_Driver/Src/stm32l0xx_hal_dma.c ****   hdma->DmaBaseAddress = DMA1;
 324              		.loc 1 232 133 view .LVU111
 325 001c 8000     		lsls	r0, r0, #2
 232:Drivers/STM32L0xx_HAL_Driver/Src/stm32l0xx_hal_dma.c ****   hdma->DmaBaseAddress = DMA1;
 326              		.loc 1 232 22 view .LVU112
 327 001e 6064     		str	r0, [r4, #68]
 233:Drivers/STM32L0xx_HAL_Driver/Src/stm32l0xx_hal_dma.c **** 
 328              		.loc 1 233 3 is_stmt 1 view .LVU113
 233:Drivers/STM32L0xx_HAL_Driver/Src/stm32l0xx_hal_dma.c **** 
 329              		.loc 1 233 24 is_stmt 0 view .LVU114
 330 0020 104B     		ldr	r3, .L14+4
 331 0022 2364     		str	r3, [r4, #64]
 236:Drivers/STM32L0xx_HAL_Driver/Src/stm32l0xx_hal_dma.c **** 
 332              		.loc 1 236 3 is_stmt 1 view .LVU115
 236:Drivers/STM32L0xx_HAL_Driver/Src/stm32l0xx_hal_dma.c **** 
 333              		.loc 1 236 24 is_stmt 0 view .LVU116
 334 0024 0023     		movs	r3, #0
 335 0026 3360     		str	r3, [r6]
 239:Drivers/STM32L0xx_HAL_Driver/Src/stm32l0xx_hal_dma.c **** 
 336              		.loc 1 239 3 is_stmt 1 view .LVU117
 239:Drivers/STM32L0xx_HAL_Driver/Src/stm32l0xx_hal_dma.c **** 
 337              		.loc 1 239 54 is_stmt 0 view .LVU118
 338 0028 616C     		ldr	r1, [r4, #68]
 239:Drivers/STM32L0xx_HAL_Driver/Src/stm32l0xx_hal_dma.c **** 
 339              		.loc 1 239 69 view .LVU119
 340 002a 1C22     		movs	r2, #28
 341 002c 1140     		ands	r1, r2
 239:Drivers/STM32L0xx_HAL_Driver/Src/stm32l0xx_hal_dma.c **** 
 342              		.loc 1 239 7 view .LVU120
 343 002e 206C     		ldr	r0, [r4, #64]
 239:Drivers/STM32L0xx_HAL_Driver/Src/stm32l0xx_hal_dma.c **** 
 344              		.loc 1 239 46 view .LVU121
 345 0030 8D40     		lsls	r5, r5, r1
 239:Drivers/STM32L0xx_HAL_Driver/Src/stm32l0xx_hal_dma.c **** 
 346              		.loc 1 239 30 view .LVU122
 347 0032 4560     		str	r5, [r0, #4]
ARM GAS  /var/folders/d7/pb3dkhys6j3db_qtp_8v34p80000gn/T//ccEgHk0R.s 			page 24


 243:Drivers/STM32L0xx_HAL_Driver/Src/stm32l0xx_hal_dma.c **** 
 348              		.loc 1 243 3 is_stmt 1 view .LVU123
 243:Drivers/STM32L0xx_HAL_Driver/Src/stm32l0xx_hal_dma.c **** 
 349              		.loc 1 243 13 is_stmt 0 view .LVU124
 350 0034 0C4D     		ldr	r5, .L14+8
 351 0036 2968     		ldr	r1, [r5]
 243:Drivers/STM32L0xx_HAL_Driver/Src/stm32l0xx_hal_dma.c **** 
 352              		.loc 1 243 48 view .LVU125
 353 0038 606C     		ldr	r0, [r4, #68]
 243:Drivers/STM32L0xx_HAL_Driver/Src/stm32l0xx_hal_dma.c **** 
 354              		.loc 1 243 63 view .LVU126
 355 003a 0240     		ands	r2, r0
 243:Drivers/STM32L0xx_HAL_Driver/Src/stm32l0xx_hal_dma.c **** 
 356              		.loc 1 243 40 view .LVU127
 357 003c 0F20     		movs	r0, #15
 358 003e 9040     		lsls	r0, r0, r2
 243:Drivers/STM32L0xx_HAL_Driver/Src/stm32l0xx_hal_dma.c **** 
 359              		.loc 1 243 21 view .LVU128
 360 0040 8143     		bics	r1, r0
 361 0042 2960     		str	r1, [r5]
 246:Drivers/STM32L0xx_HAL_Driver/Src/stm32l0xx_hal_dma.c ****   hdma->XferHalfCpltCallback = NULL;
 362              		.loc 1 246 3 is_stmt 1 view .LVU129
 246:Drivers/STM32L0xx_HAL_Driver/Src/stm32l0xx_hal_dma.c ****   hdma->XferHalfCpltCallback = NULL;
 363              		.loc 1 246 26 is_stmt 0 view .LVU130
 364 0044 E362     		str	r3, [r4, #44]
 247:Drivers/STM32L0xx_HAL_Driver/Src/stm32l0xx_hal_dma.c ****   hdma->XferErrorCallback = NULL;
 365              		.loc 1 247 3 is_stmt 1 view .LVU131
 247:Drivers/STM32L0xx_HAL_Driver/Src/stm32l0xx_hal_dma.c ****   hdma->XferErrorCallback = NULL;
 366              		.loc 1 247 30 is_stmt 0 view .LVU132
 367 0046 2363     		str	r3, [r4, #48]
 248:Drivers/STM32L0xx_HAL_Driver/Src/stm32l0xx_hal_dma.c ****   hdma->XferAbortCallback = NULL;
 368              		.loc 1 248 3 is_stmt 1 view .LVU133
 248:Drivers/STM32L0xx_HAL_Driver/Src/stm32l0xx_hal_dma.c ****   hdma->XferAbortCallback = NULL;
 369              		.loc 1 248 27 is_stmt 0 view .LVU134
 370 0048 6363     		str	r3, [r4, #52]
 249:Drivers/STM32L0xx_HAL_Driver/Src/stm32l0xx_hal_dma.c **** 
 371              		.loc 1 249 3 is_stmt 1 view .LVU135
 249:Drivers/STM32L0xx_HAL_Driver/Src/stm32l0xx_hal_dma.c **** 
 372              		.loc 1 249 27 is_stmt 0 view .LVU136
 373 004a A363     		str	r3, [r4, #56]
 252:Drivers/STM32L0xx_HAL_Driver/Src/stm32l0xx_hal_dma.c **** 
 374              		.loc 1 252 3 is_stmt 1 view .LVU137
 252:Drivers/STM32L0xx_HAL_Driver/Src/stm32l0xx_hal_dma.c **** 
 375              		.loc 1 252 19 is_stmt 0 view .LVU138
 376 004c E363     		str	r3, [r4, #60]
 255:Drivers/STM32L0xx_HAL_Driver/Src/stm32l0xx_hal_dma.c **** 
 377              		.loc 1 255 3 is_stmt 1 view .LVU139
 255:Drivers/STM32L0xx_HAL_Driver/Src/stm32l0xx_hal_dma.c **** 
 378              		.loc 1 255 15 is_stmt 0 view .LVU140
 379 004e 2522     		movs	r2, #37
 380 0050 A354     		strb	r3, [r4, r2]
 258:Drivers/STM32L0xx_HAL_Driver/Src/stm32l0xx_hal_dma.c **** 
 381              		.loc 1 258 3 is_stmt 1 view .LVU141
 258:Drivers/STM32L0xx_HAL_Driver/Src/stm32l0xx_hal_dma.c **** 
 382              		.loc 1 258 3 view .LVU142
 383 0052 013A     		subs	r2, r2, #1
 384 0054 A354     		strb	r3, [r4, r2]
ARM GAS  /var/folders/d7/pb3dkhys6j3db_qtp_8v34p80000gn/T//ccEgHk0R.s 			page 25


 258:Drivers/STM32L0xx_HAL_Driver/Src/stm32l0xx_hal_dma.c **** 
 385              		.loc 1 258 3 view .LVU143
 260:Drivers/STM32L0xx_HAL_Driver/Src/stm32l0xx_hal_dma.c **** }
 386              		.loc 1 260 3 view .LVU144
 260:Drivers/STM32L0xx_HAL_Driver/Src/stm32l0xx_hal_dma.c **** }
 387              		.loc 1 260 10 is_stmt 0 view .LVU145
 388 0056 0020     		movs	r0, #0
 389              	.L12:
 261:Drivers/STM32L0xx_HAL_Driver/Src/stm32l0xx_hal_dma.c **** 
 390              		.loc 1 261 1 view .LVU146
 391              		@ sp needed
 392              	.LVL20:
 261:Drivers/STM32L0xx_HAL_Driver/Src/stm32l0xx_hal_dma.c **** 
 393              		.loc 1 261 1 view .LVU147
 394 0058 70BD     		pop	{r4, r5, r6, pc}
 395              	.LVL21:
 396              	.L13:
 221:Drivers/STM32L0xx_HAL_Driver/Src/stm32l0xx_hal_dma.c ****   }
 397              		.loc 1 221 12 view .LVU148
 398 005a 0120     		movs	r0, #1
 399              	.LVL22:
 221:Drivers/STM32L0xx_HAL_Driver/Src/stm32l0xx_hal_dma.c ****   }
 400              		.loc 1 221 12 view .LVU149
 401 005c FCE7     		b	.L12
 402              	.L15:
 403 005e C046     		.align	2
 404              	.L14:
 405 0060 F8FFFDBF 		.word	-1073872904
 406 0064 00000240 		.word	1073872896
 407 0068 A8000240 		.word	1073873064
 408              		.cfi_endproc
 409              	.LFE48:
 411              		.section	.text.HAL_DMA_Start,"ax",%progbits
 412              		.align	1
 413              		.global	HAL_DMA_Start
 414              		.syntax unified
 415              		.code	16
 416              		.thumb_func
 418              	HAL_DMA_Start:
 419              	.LVL23:
 420              	.LFB49:
 296:Drivers/STM32L0xx_HAL_Driver/Src/stm32l0xx_hal_dma.c ****   HAL_StatusTypeDef status = HAL_OK;
 421              		.loc 1 296 1 is_stmt 1 view -0
 422              		.cfi_startproc
 423              		@ args = 0, pretend = 0, frame = 0
 424              		@ frame_needed = 0, uses_anonymous_args = 0
 296:Drivers/STM32L0xx_HAL_Driver/Src/stm32l0xx_hal_dma.c ****   HAL_StatusTypeDef status = HAL_OK;
 425              		.loc 1 296 1 is_stmt 0 view .LVU151
 426 0000 70B5     		push	{r4, r5, r6, lr}
 427              	.LCFI3:
 428              		.cfi_def_cfa_offset 16
 429              		.cfi_offset 4, -16
 430              		.cfi_offset 5, -12
 431              		.cfi_offset 6, -8
 432              		.cfi_offset 14, -4
 433 0002 0400     		movs	r4, r0
 297:Drivers/STM32L0xx_HAL_Driver/Src/stm32l0xx_hal_dma.c **** 
ARM GAS  /var/folders/d7/pb3dkhys6j3db_qtp_8v34p80000gn/T//ccEgHk0R.s 			page 26


 434              		.loc 1 297 3 is_stmt 1 view .LVU152
 435              	.LVL24:
 300:Drivers/STM32L0xx_HAL_Driver/Src/stm32l0xx_hal_dma.c **** 
 436              		.loc 1 300 3 view .LVU153
 303:Drivers/STM32L0xx_HAL_Driver/Src/stm32l0xx_hal_dma.c **** 
 437              		.loc 1 303 3 view .LVU154
 303:Drivers/STM32L0xx_HAL_Driver/Src/stm32l0xx_hal_dma.c **** 
 438              		.loc 1 303 3 view .LVU155
 439 0004 2420     		movs	r0, #36
 440              	.LVL25:
 303:Drivers/STM32L0xx_HAL_Driver/Src/stm32l0xx_hal_dma.c **** 
 441              		.loc 1 303 3 is_stmt 0 view .LVU156
 442 0006 205C     		ldrb	r0, [r4, r0]
 443 0008 0128     		cmp	r0, #1
 444 000a 1ED0     		beq	.L19
 303:Drivers/STM32L0xx_HAL_Driver/Src/stm32l0xx_hal_dma.c **** 
 445              		.loc 1 303 3 is_stmt 1 discriminator 2 view .LVU157
 446 000c 2420     		movs	r0, #36
 447 000e 0125     		movs	r5, #1
 448 0010 2554     		strb	r5, [r4, r0]
 303:Drivers/STM32L0xx_HAL_Driver/Src/stm32l0xx_hal_dma.c **** 
 449              		.loc 1 303 3 view .LVU158
 305:Drivers/STM32L0xx_HAL_Driver/Src/stm32l0xx_hal_dma.c ****   {
 450              		.loc 1 305 3 view .LVU159
 305:Drivers/STM32L0xx_HAL_Driver/Src/stm32l0xx_hal_dma.c ****   {
 451              		.loc 1 305 33 is_stmt 0 view .LVU160
 452 0012 0130     		adds	r0, r0, #1
 453 0014 205C     		ldrb	r0, [r4, r0]
 305:Drivers/STM32L0xx_HAL_Driver/Src/stm32l0xx_hal_dma.c ****   {
 454              		.loc 1 305 5 view .LVU161
 455 0016 0128     		cmp	r0, #1
 456 0018 04D0     		beq	.L20
 323:Drivers/STM32L0xx_HAL_Driver/Src/stm32l0xx_hal_dma.c ****     status = HAL_BUSY;
 457              		.loc 1 323 5 is_stmt 1 view .LVU162
 323:Drivers/STM32L0xx_HAL_Driver/Src/stm32l0xx_hal_dma.c ****     status = HAL_BUSY;
 458              		.loc 1 323 5 view .LVU163
 459 001a 2423     		movs	r3, #36
 460              	.LVL26:
 323:Drivers/STM32L0xx_HAL_Driver/Src/stm32l0xx_hal_dma.c ****     status = HAL_BUSY;
 461              		.loc 1 323 5 is_stmt 0 view .LVU164
 462 001c 0022     		movs	r2, #0
 463              	.LVL27:
 323:Drivers/STM32L0xx_HAL_Driver/Src/stm32l0xx_hal_dma.c ****     status = HAL_BUSY;
 464              		.loc 1 323 5 view .LVU165
 465 001e E254     		strb	r2, [r4, r3]
 323:Drivers/STM32L0xx_HAL_Driver/Src/stm32l0xx_hal_dma.c ****     status = HAL_BUSY;
 466              		.loc 1 323 5 is_stmt 1 view .LVU166
 324:Drivers/STM32L0xx_HAL_Driver/Src/stm32l0xx_hal_dma.c ****   }
 467              		.loc 1 324 5 view .LVU167
 468              	.LVL28:
 324:Drivers/STM32L0xx_HAL_Driver/Src/stm32l0xx_hal_dma.c ****   }
 469              		.loc 1 324 12 is_stmt 0 view .LVU168
 470 0020 0220     		movs	r0, #2
 471              	.LVL29:
 472              	.L17:
 327:Drivers/STM32L0xx_HAL_Driver/Src/stm32l0xx_hal_dma.c **** 
 473              		.loc 1 327 1 view .LVU169
ARM GAS  /var/folders/d7/pb3dkhys6j3db_qtp_8v34p80000gn/T//ccEgHk0R.s 			page 27


 474              		@ sp needed
 475              	.LVL30:
 327:Drivers/STM32L0xx_HAL_Driver/Src/stm32l0xx_hal_dma.c **** 
 476              		.loc 1 327 1 view .LVU170
 477 0022 70BD     		pop	{r4, r5, r6, pc}
 478              	.LVL31:
 479              	.L20:
 308:Drivers/STM32L0xx_HAL_Driver/Src/stm32l0xx_hal_dma.c ****     hdma->ErrorCode = HAL_DMA_ERROR_NONE;
 480              		.loc 1 308 5 is_stmt 1 view .LVU171
 308:Drivers/STM32L0xx_HAL_Driver/Src/stm32l0xx_hal_dma.c ****     hdma->ErrorCode = HAL_DMA_ERROR_NONE;
 481              		.loc 1 308 17 is_stmt 0 view .LVU172
 482 0024 2430     		adds	r0, r0, #36
 483 0026 0135     		adds	r5, r5, #1
 484 0028 2554     		strb	r5, [r4, r0]
 309:Drivers/STM32L0xx_HAL_Driver/Src/stm32l0xx_hal_dma.c **** 
 485              		.loc 1 309 5 is_stmt 1 view .LVU173
 309:Drivers/STM32L0xx_HAL_Driver/Src/stm32l0xx_hal_dma.c **** 
 486              		.loc 1 309 21 is_stmt 0 view .LVU174
 487 002a 0020     		movs	r0, #0
 488 002c E063     		str	r0, [r4, #60]
 312:Drivers/STM32L0xx_HAL_Driver/Src/stm32l0xx_hal_dma.c **** 
 489              		.loc 1 312 5 is_stmt 1 view .LVU175
 490 002e 2668     		ldr	r6, [r4]
 491 0030 3068     		ldr	r0, [r6]
 492 0032 013D     		subs	r5, r5, #1
 493 0034 A843     		bics	r0, r5
 494 0036 3060     		str	r0, [r6]
 315:Drivers/STM32L0xx_HAL_Driver/Src/stm32l0xx_hal_dma.c **** 
 495              		.loc 1 315 5 view .LVU176
 496 0038 2000     		movs	r0, r4
 497 003a FFF7FEFF 		bl	DMA_SetConfig
 498              	.LVL32:
 318:Drivers/STM32L0xx_HAL_Driver/Src/stm32l0xx_hal_dma.c ****   }
 499              		.loc 1 318 5 view .LVU177
 500 003e 2268     		ldr	r2, [r4]
 501 0040 1368     		ldr	r3, [r2]
 502 0042 2B43     		orrs	r3, r5
 503 0044 1360     		str	r3, [r2]
 297:Drivers/STM32L0xx_HAL_Driver/Src/stm32l0xx_hal_dma.c **** 
 504              		.loc 1 297 21 is_stmt 0 view .LVU178
 505 0046 0020     		movs	r0, #0
 506 0048 EBE7     		b	.L17
 507              	.LVL33:
 508              	.L19:
 303:Drivers/STM32L0xx_HAL_Driver/Src/stm32l0xx_hal_dma.c **** 
 509              		.loc 1 303 3 discriminator 1 view .LVU179
 510 004a 0220     		movs	r0, #2
 511 004c E9E7     		b	.L17
 512              		.cfi_endproc
 513              	.LFE49:
 515              		.section	.text.HAL_DMA_Start_IT,"ax",%progbits
 516              		.align	1
 517              		.global	HAL_DMA_Start_IT
 518              		.syntax unified
 519              		.code	16
 520              		.thumb_func
 522              	HAL_DMA_Start_IT:
ARM GAS  /var/folders/d7/pb3dkhys6j3db_qtp_8v34p80000gn/T//ccEgHk0R.s 			page 28


 523              	.LVL34:
 524              	.LFB50:
 339:Drivers/STM32L0xx_HAL_Driver/Src/stm32l0xx_hal_dma.c ****   HAL_StatusTypeDef status = HAL_OK;
 525              		.loc 1 339 1 is_stmt 1 view -0
 526              		.cfi_startproc
 527              		@ args = 0, pretend = 0, frame = 0
 528              		@ frame_needed = 0, uses_anonymous_args = 0
 339:Drivers/STM32L0xx_HAL_Driver/Src/stm32l0xx_hal_dma.c ****   HAL_StatusTypeDef status = HAL_OK;
 529              		.loc 1 339 1 is_stmt 0 view .LVU181
 530 0000 70B5     		push	{r4, r5, r6, lr}
 531              	.LCFI4:
 532              		.cfi_def_cfa_offset 16
 533              		.cfi_offset 4, -16
 534              		.cfi_offset 5, -12
 535              		.cfi_offset 6, -8
 536              		.cfi_offset 14, -4
 537 0002 0400     		movs	r4, r0
 340:Drivers/STM32L0xx_HAL_Driver/Src/stm32l0xx_hal_dma.c **** 
 538              		.loc 1 340 3 is_stmt 1 view .LVU182
 539              	.LVL35:
 343:Drivers/STM32L0xx_HAL_Driver/Src/stm32l0xx_hal_dma.c **** 
 540              		.loc 1 343 3 view .LVU183
 346:Drivers/STM32L0xx_HAL_Driver/Src/stm32l0xx_hal_dma.c **** 
 541              		.loc 1 346 3 view .LVU184
 346:Drivers/STM32L0xx_HAL_Driver/Src/stm32l0xx_hal_dma.c **** 
 542              		.loc 1 346 3 view .LVU185
 543 0004 2420     		movs	r0, #36
 544              	.LVL36:
 346:Drivers/STM32L0xx_HAL_Driver/Src/stm32l0xx_hal_dma.c **** 
 545              		.loc 1 346 3 is_stmt 0 view .LVU186
 546 0006 205C     		ldrb	r0, [r4, r0]
 547 0008 0128     		cmp	r0, #1
 548 000a 32D0     		beq	.L26
 346:Drivers/STM32L0xx_HAL_Driver/Src/stm32l0xx_hal_dma.c **** 
 549              		.loc 1 346 3 is_stmt 1 discriminator 2 view .LVU187
 550 000c 2420     		movs	r0, #36
 551 000e 0125     		movs	r5, #1
 552 0010 2554     		strb	r5, [r4, r0]
 346:Drivers/STM32L0xx_HAL_Driver/Src/stm32l0xx_hal_dma.c **** 
 553              		.loc 1 346 3 view .LVU188
 348:Drivers/STM32L0xx_HAL_Driver/Src/stm32l0xx_hal_dma.c ****   {
 554              		.loc 1 348 3 view .LVU189
 348:Drivers/STM32L0xx_HAL_Driver/Src/stm32l0xx_hal_dma.c ****   {
 555              		.loc 1 348 33 is_stmt 0 view .LVU190
 556 0012 0130     		adds	r0, r0, #1
 557 0014 205C     		ldrb	r0, [r4, r0]
 348:Drivers/STM32L0xx_HAL_Driver/Src/stm32l0xx_hal_dma.c ****   {
 558              		.loc 1 348 5 view .LVU191
 559 0016 0128     		cmp	r0, #1
 560 0018 04D0     		beq	.L27
 379:Drivers/STM32L0xx_HAL_Driver/Src/stm32l0xx_hal_dma.c **** 
 561              		.loc 1 379 5 is_stmt 1 view .LVU192
 379:Drivers/STM32L0xx_HAL_Driver/Src/stm32l0xx_hal_dma.c **** 
 562              		.loc 1 379 5 view .LVU193
 563 001a 2423     		movs	r3, #36
 564              	.LVL37:
 379:Drivers/STM32L0xx_HAL_Driver/Src/stm32l0xx_hal_dma.c **** 
ARM GAS  /var/folders/d7/pb3dkhys6j3db_qtp_8v34p80000gn/T//ccEgHk0R.s 			page 29


 565              		.loc 1 379 5 is_stmt 0 view .LVU194
 566 001c 0022     		movs	r2, #0
 567              	.LVL38:
 379:Drivers/STM32L0xx_HAL_Driver/Src/stm32l0xx_hal_dma.c **** 
 568              		.loc 1 379 5 view .LVU195
 569 001e E254     		strb	r2, [r4, r3]
 379:Drivers/STM32L0xx_HAL_Driver/Src/stm32l0xx_hal_dma.c **** 
 570              		.loc 1 379 5 is_stmt 1 view .LVU196
 382:Drivers/STM32L0xx_HAL_Driver/Src/stm32l0xx_hal_dma.c ****   }
 571              		.loc 1 382 5 view .LVU197
 572              	.LVL39:
 382:Drivers/STM32L0xx_HAL_Driver/Src/stm32l0xx_hal_dma.c ****   }
 573              		.loc 1 382 12 is_stmt 0 view .LVU198
 574 0020 0220     		movs	r0, #2
 575              	.LVL40:
 576              	.L22:
 385:Drivers/STM32L0xx_HAL_Driver/Src/stm32l0xx_hal_dma.c **** 
 577              		.loc 1 385 1 view .LVU199
 578              		@ sp needed
 579              	.LVL41:
 385:Drivers/STM32L0xx_HAL_Driver/Src/stm32l0xx_hal_dma.c **** 
 580              		.loc 1 385 1 view .LVU200
 581 0022 70BD     		pop	{r4, r5, r6, pc}
 582              	.LVL42:
 583              	.L27:
 351:Drivers/STM32L0xx_HAL_Driver/Src/stm32l0xx_hal_dma.c ****     hdma->ErrorCode = HAL_DMA_ERROR_NONE;
 584              		.loc 1 351 5 is_stmt 1 view .LVU201
 351:Drivers/STM32L0xx_HAL_Driver/Src/stm32l0xx_hal_dma.c ****     hdma->ErrorCode = HAL_DMA_ERROR_NONE;
 585              		.loc 1 351 17 is_stmt 0 view .LVU202
 586 0024 2430     		adds	r0, r0, #36
 587 0026 0135     		adds	r5, r5, #1
 588 0028 2554     		strb	r5, [r4, r0]
 352:Drivers/STM32L0xx_HAL_Driver/Src/stm32l0xx_hal_dma.c **** 
 589              		.loc 1 352 5 is_stmt 1 view .LVU203
 352:Drivers/STM32L0xx_HAL_Driver/Src/stm32l0xx_hal_dma.c **** 
 590              		.loc 1 352 21 is_stmt 0 view .LVU204
 591 002a 0020     		movs	r0, #0
 592 002c E063     		str	r0, [r4, #60]
 355:Drivers/STM32L0xx_HAL_Driver/Src/stm32l0xx_hal_dma.c **** 
 593              		.loc 1 355 5 is_stmt 1 view .LVU205
 594 002e 2568     		ldr	r5, [r4]
 595 0030 2868     		ldr	r0, [r5]
 596 0032 0126     		movs	r6, #1
 597 0034 B043     		bics	r0, r6
 598 0036 2860     		str	r0, [r5]
 358:Drivers/STM32L0xx_HAL_Driver/Src/stm32l0xx_hal_dma.c **** 
 599              		.loc 1 358 5 view .LVU206
 600 0038 2000     		movs	r0, r4
 601 003a FFF7FEFF 		bl	DMA_SetConfig
 602              	.LVL43:
 362:Drivers/STM32L0xx_HAL_Driver/Src/stm32l0xx_hal_dma.c ****     {
 603              		.loc 1 362 5 view .LVU207
 362:Drivers/STM32L0xx_HAL_Driver/Src/stm32l0xx_hal_dma.c ****     {
 604              		.loc 1 362 20 is_stmt 0 view .LVU208
 605 003e 236B     		ldr	r3, [r4, #48]
 362:Drivers/STM32L0xx_HAL_Driver/Src/stm32l0xx_hal_dma.c ****     {
 606              		.loc 1 362 7 view .LVU209
ARM GAS  /var/folders/d7/pb3dkhys6j3db_qtp_8v34p80000gn/T//ccEgHk0R.s 			page 30


 607 0040 002B     		cmp	r3, #0
 608 0042 0BD0     		beq	.L24
 365:Drivers/STM32L0xx_HAL_Driver/Src/stm32l0xx_hal_dma.c ****     }
 609              		.loc 1 365 7 is_stmt 1 view .LVU210
 610 0044 2268     		ldr	r2, [r4]
 611 0046 1368     		ldr	r3, [r2]
 612 0048 0E21     		movs	r1, #14
 613 004a 0B43     		orrs	r3, r1
 614 004c 1360     		str	r3, [r2]
 615              	.L25:
 374:Drivers/STM32L0xx_HAL_Driver/Src/stm32l0xx_hal_dma.c ****   }
 616              		.loc 1 374 5 view .LVU211
 617 004e 2268     		ldr	r2, [r4]
 618 0050 1368     		ldr	r3, [r2]
 619 0052 0121     		movs	r1, #1
 620 0054 0B43     		orrs	r3, r1
 621 0056 1360     		str	r3, [r2]
 340:Drivers/STM32L0xx_HAL_Driver/Src/stm32l0xx_hal_dma.c **** 
 622              		.loc 1 340 21 is_stmt 0 view .LVU212
 623 0058 0020     		movs	r0, #0
 624 005a E2E7     		b	.L22
 625              	.L24:
 369:Drivers/STM32L0xx_HAL_Driver/Src/stm32l0xx_hal_dma.c ****       __HAL_DMA_ENABLE_IT(hdma, (DMA_IT_TC | DMA_IT_TE));
 626              		.loc 1 369 7 is_stmt 1 view .LVU213
 627 005c 2268     		ldr	r2, [r4]
 628 005e 1368     		ldr	r3, [r2]
 629 0060 0421     		movs	r1, #4
 630 0062 8B43     		bics	r3, r1
 631 0064 1360     		str	r3, [r2]
 370:Drivers/STM32L0xx_HAL_Driver/Src/stm32l0xx_hal_dma.c ****     }
 632              		.loc 1 370 7 view .LVU214
 633 0066 2268     		ldr	r2, [r4]
 634 0068 1368     		ldr	r3, [r2]
 635 006a 0631     		adds	r1, r1, #6
 636 006c 0B43     		orrs	r3, r1
 637 006e 1360     		str	r3, [r2]
 638 0070 EDE7     		b	.L25
 639              	.LVL44:
 640              	.L26:
 346:Drivers/STM32L0xx_HAL_Driver/Src/stm32l0xx_hal_dma.c **** 
 641              		.loc 1 346 3 is_stmt 0 discriminator 1 view .LVU215
 642 0072 0220     		movs	r0, #2
 643 0074 D5E7     		b	.L22
 644              		.cfi_endproc
 645              	.LFE50:
 647              		.section	.text.HAL_DMA_Abort,"ax",%progbits
 648              		.align	1
 649              		.global	HAL_DMA_Abort
 650              		.syntax unified
 651              		.code	16
 652              		.thumb_func
 654              	HAL_DMA_Abort:
 655              	.LVL45:
 656              	.LFB51:
 394:Drivers/STM32L0xx_HAL_Driver/Src/stm32l0xx_hal_dma.c ****   HAL_StatusTypeDef status = HAL_OK;
 657              		.loc 1 394 1 is_stmt 1 view -0
 658              		.cfi_startproc
ARM GAS  /var/folders/d7/pb3dkhys6j3db_qtp_8v34p80000gn/T//ccEgHk0R.s 			page 31


 659              		@ args = 0, pretend = 0, frame = 0
 660              		@ frame_needed = 0, uses_anonymous_args = 0
 394:Drivers/STM32L0xx_HAL_Driver/Src/stm32l0xx_hal_dma.c ****   HAL_StatusTypeDef status = HAL_OK;
 661              		.loc 1 394 1 is_stmt 0 view .LVU217
 662 0000 10B5     		push	{r4, lr}
 663              	.LCFI5:
 664              		.cfi_def_cfa_offset 8
 665              		.cfi_offset 4, -8
 666              		.cfi_offset 14, -4
 395:Drivers/STM32L0xx_HAL_Driver/Src/stm32l0xx_hal_dma.c **** 
 667              		.loc 1 395 3 is_stmt 1 view .LVU218
 668              	.LVL46:
 398:Drivers/STM32L0xx_HAL_Driver/Src/stm32l0xx_hal_dma.c ****   {
 669              		.loc 1 398 3 view .LVU219
 398:Drivers/STM32L0xx_HAL_Driver/Src/stm32l0xx_hal_dma.c ****   {
 670              		.loc 1 398 10 is_stmt 0 view .LVU220
 671 0002 2523     		movs	r3, #37
 672 0004 C35C     		ldrb	r3, [r0, r3]
 398:Drivers/STM32L0xx_HAL_Driver/Src/stm32l0xx_hal_dma.c ****   {
 673              		.loc 1 398 5 view .LVU221
 674 0006 022B     		cmp	r3, #2
 675 0008 06D0     		beq	.L29
 400:Drivers/STM32L0xx_HAL_Driver/Src/stm32l0xx_hal_dma.c **** 
 676              		.loc 1 400 5 is_stmt 1 view .LVU222
 400:Drivers/STM32L0xx_HAL_Driver/Src/stm32l0xx_hal_dma.c **** 
 677              		.loc 1 400 21 is_stmt 0 view .LVU223
 678 000a 0423     		movs	r3, #4
 679 000c C363     		str	r3, [r0, #60]
 403:Drivers/STM32L0xx_HAL_Driver/Src/stm32l0xx_hal_dma.c **** 
 680              		.loc 1 403 5 is_stmt 1 view .LVU224
 403:Drivers/STM32L0xx_HAL_Driver/Src/stm32l0xx_hal_dma.c **** 
 681              		.loc 1 403 5 view .LVU225
 682 000e 2033     		adds	r3, r3, #32
 683 0010 0022     		movs	r2, #0
 684 0012 C254     		strb	r2, [r0, r3]
 403:Drivers/STM32L0xx_HAL_Driver/Src/stm32l0xx_hal_dma.c **** 
 685              		.loc 1 403 5 view .LVU226
 405:Drivers/STM32L0xx_HAL_Driver/Src/stm32l0xx_hal_dma.c ****   }
 686              		.loc 1 405 5 view .LVU227
 405:Drivers/STM32L0xx_HAL_Driver/Src/stm32l0xx_hal_dma.c ****   }
 687              		.loc 1 405 12 is_stmt 0 view .LVU228
 688 0014 0120     		movs	r0, #1
 689              	.LVL47:
 690              	.L30:
 426:Drivers/STM32L0xx_HAL_Driver/Src/stm32l0xx_hal_dma.c **** 
 691              		.loc 1 426 1 view .LVU229
 692              		@ sp needed
 693 0016 10BD     		pop	{r4, pc}
 694              	.LVL48:
 695              	.L29:
 410:Drivers/STM32L0xx_HAL_Driver/Src/stm32l0xx_hal_dma.c **** 
 696              		.loc 1 410 5 is_stmt 1 view .LVU230
 697 0018 0268     		ldr	r2, [r0]
 698 001a 1368     		ldr	r3, [r2]
 699 001c 0E21     		movs	r1, #14
 700 001e 8B43     		bics	r3, r1
 701 0020 1360     		str	r3, [r2]
ARM GAS  /var/folders/d7/pb3dkhys6j3db_qtp_8v34p80000gn/T//ccEgHk0R.s 			page 32


 413:Drivers/STM32L0xx_HAL_Driver/Src/stm32l0xx_hal_dma.c **** 
 702              		.loc 1 413 5 view .LVU231
 703 0022 0168     		ldr	r1, [r0]
 704 0024 0A68     		ldr	r2, [r1]
 705 0026 0123     		movs	r3, #1
 706 0028 9A43     		bics	r2, r3
 707 002a 0A60     		str	r2, [r1]
 416:Drivers/STM32L0xx_HAL_Driver/Src/stm32l0xx_hal_dma.c **** 
 708              		.loc 1 416 5 view .LVU232
 416:Drivers/STM32L0xx_HAL_Driver/Src/stm32l0xx_hal_dma.c **** 
 709              		.loc 1 416 56 is_stmt 0 view .LVU233
 710 002c 416C     		ldr	r1, [r0, #68]
 416:Drivers/STM32L0xx_HAL_Driver/Src/stm32l0xx_hal_dma.c **** 
 711              		.loc 1 416 71 view .LVU234
 712 002e 1C22     		movs	r2, #28
 713 0030 0A40     		ands	r2, r1
 416:Drivers/STM32L0xx_HAL_Driver/Src/stm32l0xx_hal_dma.c **** 
 714              		.loc 1 416 9 view .LVU235
 715 0032 016C     		ldr	r1, [r0, #64]
 416:Drivers/STM32L0xx_HAL_Driver/Src/stm32l0xx_hal_dma.c **** 
 716              		.loc 1 416 48 view .LVU236
 717 0034 1C00     		movs	r4, r3
 718 0036 9440     		lsls	r4, r4, r2
 416:Drivers/STM32L0xx_HAL_Driver/Src/stm32l0xx_hal_dma.c **** 
 719              		.loc 1 416 32 view .LVU237
 720 0038 4C60     		str	r4, [r1, #4]
 419:Drivers/STM32L0xx_HAL_Driver/Src/stm32l0xx_hal_dma.c **** 
 721              		.loc 1 419 5 is_stmt 1 view .LVU238
 419:Drivers/STM32L0xx_HAL_Driver/Src/stm32l0xx_hal_dma.c **** 
 722              		.loc 1 419 17 is_stmt 0 view .LVU239
 723 003a 2522     		movs	r2, #37
 724 003c 8354     		strb	r3, [r0, r2]
 422:Drivers/STM32L0xx_HAL_Driver/Src/stm32l0xx_hal_dma.c **** 
 725              		.loc 1 422 5 is_stmt 1 view .LVU240
 422:Drivers/STM32L0xx_HAL_Driver/Src/stm32l0xx_hal_dma.c **** 
 726              		.loc 1 422 5 view .LVU241
 727 003e 2333     		adds	r3, r3, #35
 728 0040 0022     		movs	r2, #0
 729 0042 C254     		strb	r2, [r0, r3]
 422:Drivers/STM32L0xx_HAL_Driver/Src/stm32l0xx_hal_dma.c **** 
 730              		.loc 1 422 5 view .LVU242
 424:Drivers/STM32L0xx_HAL_Driver/Src/stm32l0xx_hal_dma.c ****   }
 731              		.loc 1 424 5 view .LVU243
 424:Drivers/STM32L0xx_HAL_Driver/Src/stm32l0xx_hal_dma.c ****   }
 732              		.loc 1 424 12 is_stmt 0 view .LVU244
 733 0044 0020     		movs	r0, #0
 734              	.LVL49:
 424:Drivers/STM32L0xx_HAL_Driver/Src/stm32l0xx_hal_dma.c ****   }
 735              		.loc 1 424 12 view .LVU245
 736 0046 E6E7     		b	.L30
 737              		.cfi_endproc
 738              	.LFE51:
 740              		.section	.text.HAL_DMA_Abort_IT,"ax",%progbits
 741              		.align	1
 742              		.global	HAL_DMA_Abort_IT
 743              		.syntax unified
 744              		.code	16
ARM GAS  /var/folders/d7/pb3dkhys6j3db_qtp_8v34p80000gn/T//ccEgHk0R.s 			page 33


 745              		.thumb_func
 747              	HAL_DMA_Abort_IT:
 748              	.LVL50:
 749              	.LFB52:
 435:Drivers/STM32L0xx_HAL_Driver/Src/stm32l0xx_hal_dma.c ****   HAL_StatusTypeDef status = HAL_OK;
 750              		.loc 1 435 1 is_stmt 1 view -0
 751              		.cfi_startproc
 752              		@ args = 0, pretend = 0, frame = 0
 753              		@ frame_needed = 0, uses_anonymous_args = 0
 435:Drivers/STM32L0xx_HAL_Driver/Src/stm32l0xx_hal_dma.c ****   HAL_StatusTypeDef status = HAL_OK;
 754              		.loc 1 435 1 is_stmt 0 view .LVU247
 755 0000 10B5     		push	{r4, lr}
 756              	.LCFI6:
 757              		.cfi_def_cfa_offset 8
 758              		.cfi_offset 4, -8
 759              		.cfi_offset 14, -4
 436:Drivers/STM32L0xx_HAL_Driver/Src/stm32l0xx_hal_dma.c **** 
 760              		.loc 1 436 3 is_stmt 1 view .LVU248
 761              	.LVL51:
 438:Drivers/STM32L0xx_HAL_Driver/Src/stm32l0xx_hal_dma.c ****   {
 762              		.loc 1 438 3 view .LVU249
 438:Drivers/STM32L0xx_HAL_Driver/Src/stm32l0xx_hal_dma.c ****   {
 763              		.loc 1 438 32 is_stmt 0 view .LVU250
 764 0002 2523     		movs	r3, #37
 765 0004 C35C     		ldrb	r3, [r0, r3]
 438:Drivers/STM32L0xx_HAL_Driver/Src/stm32l0xx_hal_dma.c ****   {
 766              		.loc 1 438 5 view .LVU251
 767 0006 022B     		cmp	r3, #2
 768 0008 03D0     		beq	.L32
 441:Drivers/STM32L0xx_HAL_Driver/Src/stm32l0xx_hal_dma.c **** 
 769              		.loc 1 441 5 is_stmt 1 view .LVU252
 441:Drivers/STM32L0xx_HAL_Driver/Src/stm32l0xx_hal_dma.c **** 
 770              		.loc 1 441 21 is_stmt 0 view .LVU253
 771 000a 0423     		movs	r3, #4
 772 000c C363     		str	r3, [r0, #60]
 443:Drivers/STM32L0xx_HAL_Driver/Src/stm32l0xx_hal_dma.c ****   }
 773              		.loc 1 443 5 is_stmt 1 view .LVU254
 774              	.LVL52:
 443:Drivers/STM32L0xx_HAL_Driver/Src/stm32l0xx_hal_dma.c ****   }
 775              		.loc 1 443 12 is_stmt 0 view .LVU255
 776 000e 0120     		movs	r0, #1
 777              	.LVL53:
 778              	.L33:
 468:Drivers/STM32L0xx_HAL_Driver/Src/stm32l0xx_hal_dma.c **** }
 779              		.loc 1 468 3 is_stmt 1 view .LVU256
 469:Drivers/STM32L0xx_HAL_Driver/Src/stm32l0xx_hal_dma.c **** 
 780              		.loc 1 469 1 is_stmt 0 view .LVU257
 781              		@ sp needed
 782 0010 10BD     		pop	{r4, pc}
 783              	.LVL54:
 784              	.L32:
 448:Drivers/STM32L0xx_HAL_Driver/Src/stm32l0xx_hal_dma.c **** 
 785              		.loc 1 448 5 is_stmt 1 view .LVU258
 786 0012 0268     		ldr	r2, [r0]
 787 0014 1368     		ldr	r3, [r2]
 788 0016 0E21     		movs	r1, #14
 789 0018 8B43     		bics	r3, r1
ARM GAS  /var/folders/d7/pb3dkhys6j3db_qtp_8v34p80000gn/T//ccEgHk0R.s 			page 34


 790 001a 1360     		str	r3, [r2]
 451:Drivers/STM32L0xx_HAL_Driver/Src/stm32l0xx_hal_dma.c **** 
 791              		.loc 1 451 5 view .LVU259
 792 001c 0168     		ldr	r1, [r0]
 793 001e 0A68     		ldr	r2, [r1]
 794 0020 0123     		movs	r3, #1
 795 0022 9A43     		bics	r2, r3
 796 0024 0A60     		str	r2, [r1]
 454:Drivers/STM32L0xx_HAL_Driver/Src/stm32l0xx_hal_dma.c **** 
 797              		.loc 1 454 5 view .LVU260
 454:Drivers/STM32L0xx_HAL_Driver/Src/stm32l0xx_hal_dma.c **** 
 798              		.loc 1 454 56 is_stmt 0 view .LVU261
 799 0026 416C     		ldr	r1, [r0, #68]
 454:Drivers/STM32L0xx_HAL_Driver/Src/stm32l0xx_hal_dma.c **** 
 800              		.loc 1 454 71 view .LVU262
 801 0028 1C22     		movs	r2, #28
 802 002a 0A40     		ands	r2, r1
 454:Drivers/STM32L0xx_HAL_Driver/Src/stm32l0xx_hal_dma.c **** 
 803              		.loc 1 454 9 view .LVU263
 804 002c 016C     		ldr	r1, [r0, #64]
 454:Drivers/STM32L0xx_HAL_Driver/Src/stm32l0xx_hal_dma.c **** 
 805              		.loc 1 454 48 view .LVU264
 806 002e 1C00     		movs	r4, r3
 807 0030 9440     		lsls	r4, r4, r2
 454:Drivers/STM32L0xx_HAL_Driver/Src/stm32l0xx_hal_dma.c **** 
 808              		.loc 1 454 32 view .LVU265
 809 0032 4C60     		str	r4, [r1, #4]
 457:Drivers/STM32L0xx_HAL_Driver/Src/stm32l0xx_hal_dma.c **** 
 810              		.loc 1 457 5 is_stmt 1 view .LVU266
 457:Drivers/STM32L0xx_HAL_Driver/Src/stm32l0xx_hal_dma.c **** 
 811              		.loc 1 457 17 is_stmt 0 view .LVU267
 812 0034 2522     		movs	r2, #37
 813 0036 8354     		strb	r3, [r0, r2]
 460:Drivers/STM32L0xx_HAL_Driver/Src/stm32l0xx_hal_dma.c **** 
 814              		.loc 1 460 5 is_stmt 1 view .LVU268
 460:Drivers/STM32L0xx_HAL_Driver/Src/stm32l0xx_hal_dma.c **** 
 815              		.loc 1 460 5 view .LVU269
 816 0038 2333     		adds	r3, r3, #35
 817 003a 0022     		movs	r2, #0
 818 003c C254     		strb	r2, [r0, r3]
 460:Drivers/STM32L0xx_HAL_Driver/Src/stm32l0xx_hal_dma.c **** 
 819              		.loc 1 460 5 view .LVU270
 463:Drivers/STM32L0xx_HAL_Driver/Src/stm32l0xx_hal_dma.c ****     {
 820              		.loc 1 463 5 view .LVU271
 463:Drivers/STM32L0xx_HAL_Driver/Src/stm32l0xx_hal_dma.c ****     {
 821              		.loc 1 463 12 is_stmt 0 view .LVU272
 822 003e 836B     		ldr	r3, [r0, #56]
 463:Drivers/STM32L0xx_HAL_Driver/Src/stm32l0xx_hal_dma.c ****     {
 823              		.loc 1 463 7 view .LVU273
 824 0040 002B     		cmp	r3, #0
 825 0042 02D0     		beq	.L34
 465:Drivers/STM32L0xx_HAL_Driver/Src/stm32l0xx_hal_dma.c ****     }
 826              		.loc 1 465 7 is_stmt 1 view .LVU274
 827 0044 9847     		blx	r3
 828              	.LVL55:
 436:Drivers/STM32L0xx_HAL_Driver/Src/stm32l0xx_hal_dma.c **** 
 829              		.loc 1 436 21 is_stmt 0 view .LVU275
ARM GAS  /var/folders/d7/pb3dkhys6j3db_qtp_8v34p80000gn/T//ccEgHk0R.s 			page 35


 830 0046 0020     		movs	r0, #0
 831 0048 E2E7     		b	.L33
 832              	.LVL56:
 833              	.L34:
 436:Drivers/STM32L0xx_HAL_Driver/Src/stm32l0xx_hal_dma.c **** 
 834              		.loc 1 436 21 view .LVU276
 835 004a 0020     		movs	r0, #0
 836              	.LVL57:
 436:Drivers/STM32L0xx_HAL_Driver/Src/stm32l0xx_hal_dma.c **** 
 837              		.loc 1 436 21 view .LVU277
 838 004c E0E7     		b	.L33
 839              		.cfi_endproc
 840              	.LFE52:
 842              		.section	.text.HAL_DMA_PollForTransfer,"ax",%progbits
 843              		.align	1
 844              		.global	HAL_DMA_PollForTransfer
 845              		.syntax unified
 846              		.code	16
 847              		.thumb_func
 849              	HAL_DMA_PollForTransfer:
 850              	.LVL58:
 851              	.LFB53:
 480:Drivers/STM32L0xx_HAL_Driver/Src/stm32l0xx_hal_dma.c ****   uint32_t temp;
 852              		.loc 1 480 1 is_stmt 1 view -0
 853              		.cfi_startproc
 854              		@ args = 0, pretend = 0, frame = 8
 855              		@ frame_needed = 0, uses_anonymous_args = 0
 480:Drivers/STM32L0xx_HAL_Driver/Src/stm32l0xx_hal_dma.c ****   uint32_t temp;
 856              		.loc 1 480 1 is_stmt 0 view .LVU279
 857 0000 F0B5     		push	{r4, r5, r6, r7, lr}
 858              	.LCFI7:
 859              		.cfi_def_cfa_offset 20
 860              		.cfi_offset 4, -20
 861              		.cfi_offset 5, -16
 862              		.cfi_offset 6, -12
 863              		.cfi_offset 7, -8
 864              		.cfi_offset 14, -4
 865 0002 83B0     		sub	sp, sp, #12
 866              	.LCFI8:
 867              		.cfi_def_cfa_offset 32
 868 0004 0600     		movs	r6, r0
 869 0006 0C00     		movs	r4, r1
 870 0008 1700     		movs	r7, r2
 481:Drivers/STM32L0xx_HAL_Driver/Src/stm32l0xx_hal_dma.c ****   uint32_t tickstart;
 871              		.loc 1 481 3 is_stmt 1 view .LVU280
 482:Drivers/STM32L0xx_HAL_Driver/Src/stm32l0xx_hal_dma.c **** 
 872              		.loc 1 482 3 view .LVU281
 484:Drivers/STM32L0xx_HAL_Driver/Src/stm32l0xx_hal_dma.c ****   {
 873              		.loc 1 484 3 view .LVU282
 484:Drivers/STM32L0xx_HAL_Driver/Src/stm32l0xx_hal_dma.c ****   {
 874              		.loc 1 484 32 is_stmt 0 view .LVU283
 875 000a 2523     		movs	r3, #37
 876 000c C35C     		ldrb	r3, [r0, r3]
 484:Drivers/STM32L0xx_HAL_Driver/Src/stm32l0xx_hal_dma.c ****   {
 877              		.loc 1 484 5 view .LVU284
 878 000e 022B     		cmp	r3, #2
 879 0010 07D0     		beq	.L36
ARM GAS  /var/folders/d7/pb3dkhys6j3db_qtp_8v34p80000gn/T//ccEgHk0R.s 			page 36


 487:Drivers/STM32L0xx_HAL_Driver/Src/stm32l0xx_hal_dma.c ****     __HAL_UNLOCK(hdma);
 880              		.loc 1 487 5 is_stmt 1 view .LVU285
 487:Drivers/STM32L0xx_HAL_Driver/Src/stm32l0xx_hal_dma.c ****     __HAL_UNLOCK(hdma);
 881              		.loc 1 487 21 is_stmt 0 view .LVU286
 882 0012 0423     		movs	r3, #4
 883 0014 C363     		str	r3, [r0, #60]
 488:Drivers/STM32L0xx_HAL_Driver/Src/stm32l0xx_hal_dma.c ****     return HAL_ERROR;
 884              		.loc 1 488 5 is_stmt 1 view .LVU287
 488:Drivers/STM32L0xx_HAL_Driver/Src/stm32l0xx_hal_dma.c ****     return HAL_ERROR;
 885              		.loc 1 488 5 view .LVU288
 886 0016 2033     		adds	r3, r3, #32
 887 0018 0022     		movs	r2, #0
 888              	.LVL59:
 488:Drivers/STM32L0xx_HAL_Driver/Src/stm32l0xx_hal_dma.c ****     return HAL_ERROR;
 889              		.loc 1 488 5 is_stmt 0 view .LVU289
 890 001a C254     		strb	r2, [r0, r3]
 488:Drivers/STM32L0xx_HAL_Driver/Src/stm32l0xx_hal_dma.c ****     return HAL_ERROR;
 891              		.loc 1 488 5 is_stmt 1 view .LVU290
 489:Drivers/STM32L0xx_HAL_Driver/Src/stm32l0xx_hal_dma.c ****   }
 892              		.loc 1 489 5 view .LVU291
 489:Drivers/STM32L0xx_HAL_Driver/Src/stm32l0xx_hal_dma.c ****   }
 893              		.loc 1 489 12 is_stmt 0 view .LVU292
 894 001c 0120     		movs	r0, #1
 895              	.LVL60:
 896              	.L37:
 572:Drivers/STM32L0xx_HAL_Driver/Src/stm32l0xx_hal_dma.c **** 
 897              		.loc 1 572 1 view .LVU293
 898 001e 03B0     		add	sp, sp, #12
 899              		@ sp needed
 900              	.LVL61:
 901              	.LVL62:
 902              	.LVL63:
 572:Drivers/STM32L0xx_HAL_Driver/Src/stm32l0xx_hal_dma.c **** 
 903              		.loc 1 572 1 view .LVU294
 904 0020 F0BD     		pop	{r4, r5, r6, r7, pc}
 905              	.LVL64:
 906              	.L36:
 493:Drivers/STM32L0xx_HAL_Driver/Src/stm32l0xx_hal_dma.c ****   {
 907              		.loc 1 493 3 is_stmt 1 view .LVU295
 493:Drivers/STM32L0xx_HAL_Driver/Src/stm32l0xx_hal_dma.c ****   {
 908              		.loc 1 493 18 is_stmt 0 view .LVU296
 909 0022 0368     		ldr	r3, [r0]
 493:Drivers/STM32L0xx_HAL_Driver/Src/stm32l0xx_hal_dma.c ****   {
 910              		.loc 1 493 28 view .LVU297
 911 0024 1B68     		ldr	r3, [r3]
 493:Drivers/STM32L0xx_HAL_Driver/Src/stm32l0xx_hal_dma.c ****   {
 912              		.loc 1 493 6 view .LVU298
 913 0026 9B06     		lsls	r3, r3, #26
 914 0028 29D4     		bmi	.L49
 500:Drivers/STM32L0xx_HAL_Driver/Src/stm32l0xx_hal_dma.c ****   {
 915              		.loc 1 500 3 is_stmt 1 view .LVU299
 500:Drivers/STM32L0xx_HAL_Driver/Src/stm32l0xx_hal_dma.c ****   {
 916              		.loc 1 500 6 is_stmt 0 view .LVU300
 917 002a 0029     		cmp	r1, #0
 918 002c 2CD1     		bne	.L39
 503:Drivers/STM32L0xx_HAL_Driver/Src/stm32l0xx_hal_dma.c ****   }
 919              		.loc 1 503 5 is_stmt 1 view .LVU301
ARM GAS  /var/folders/d7/pb3dkhys6j3db_qtp_8v34p80000gn/T//ccEgHk0R.s 			page 37


 503:Drivers/STM32L0xx_HAL_Driver/Src/stm32l0xx_hal_dma.c ****   }
 920              		.loc 1 503 33 is_stmt 0 view .LVU302
 921 002e 426C     		ldr	r2, [r0, #68]
 922              	.LVL65:
 503:Drivers/STM32L0xx_HAL_Driver/Src/stm32l0xx_hal_dma.c ****   }
 923              		.loc 1 503 48 view .LVU303
 924 0030 1C23     		movs	r3, #28
 925 0032 1340     		ands	r3, r2
 503:Drivers/STM32L0xx_HAL_Driver/Src/stm32l0xx_hal_dma.c ****   }
 926              		.loc 1 503 10 view .LVU304
 927 0034 0225     		movs	r5, #2
 928 0036 9D40     		lsls	r5, r5, r3
 929              	.LVL66:
 930              	.L40:
 512:Drivers/STM32L0xx_HAL_Driver/Src/stm32l0xx_hal_dma.c **** 
 931              		.loc 1 512 3 is_stmt 1 view .LVU305
 512:Drivers/STM32L0xx_HAL_Driver/Src/stm32l0xx_hal_dma.c **** 
 932              		.loc 1 512 15 is_stmt 0 view .LVU306
 933 0038 FFF7FEFF 		bl	HAL_GetTick
 934              	.LVL67:
 512:Drivers/STM32L0xx_HAL_Driver/Src/stm32l0xx_hal_dma.c **** 
 935              		.loc 1 512 15 view .LVU307
 936 003c 0190     		str	r0, [sp, #4]
 937              	.LVL68:
 514:Drivers/STM32L0xx_HAL_Driver/Src/stm32l0xx_hal_dma.c ****   {
 938              		.loc 1 514 3 is_stmt 1 view .LVU308
 939              	.L43:
 514:Drivers/STM32L0xx_HAL_Driver/Src/stm32l0xx_hal_dma.c ****   {
 940              		.loc 1 514 12 view .LVU309
 514:Drivers/STM32L0xx_HAL_Driver/Src/stm32l0xx_hal_dma.c ****   {
 941              		.loc 1 514 20 is_stmt 0 view .LVU310
 942 003e 326C     		ldr	r2, [r6, #64]
 514:Drivers/STM32L0xx_HAL_Driver/Src/stm32l0xx_hal_dma.c ****   {
 943              		.loc 1 514 36 view .LVU311
 944 0040 1368     		ldr	r3, [r2]
 514:Drivers/STM32L0xx_HAL_Driver/Src/stm32l0xx_hal_dma.c ****   {
 945              		.loc 1 514 12 view .LVU312
 946 0042 1D42     		tst	r5, r3
 947 0044 32D1     		bne	.L50
 516:Drivers/STM32L0xx_HAL_Driver/Src/stm32l0xx_hal_dma.c ****     {
 948              		.loc 1 516 5 is_stmt 1 view .LVU313
 516:Drivers/STM32L0xx_HAL_Driver/Src/stm32l0xx_hal_dma.c ****     {
 949              		.loc 1 516 36 is_stmt 0 view .LVU314
 950 0046 1068     		ldr	r0, [r2]
 516:Drivers/STM32L0xx_HAL_Driver/Src/stm32l0xx_hal_dma.c ****     {
 951              		.loc 1 516 66 view .LVU315
 952 0048 716C     		ldr	r1, [r6, #68]
 516:Drivers/STM32L0xx_HAL_Driver/Src/stm32l0xx_hal_dma.c ****     {
 953              		.loc 1 516 80 view .LVU316
 954 004a 1C23     		movs	r3, #28
 955 004c 0B40     		ands	r3, r1
 516:Drivers/STM32L0xx_HAL_Driver/Src/stm32l0xx_hal_dma.c ****     {
 956              		.loc 1 516 58 view .LVU317
 957 004e 0821     		movs	r1, #8
 958 0050 9940     		lsls	r1, r1, r3
 516:Drivers/STM32L0xx_HAL_Driver/Src/stm32l0xx_hal_dma.c ****     {
 959              		.loc 1 516 7 view .LVU318
ARM GAS  /var/folders/d7/pb3dkhys6j3db_qtp_8v34p80000gn/T//ccEgHk0R.s 			page 38


 960 0052 0142     		tst	r1, r0
 961 0054 1ED1     		bne	.L51
 535:Drivers/STM32L0xx_HAL_Driver/Src/stm32l0xx_hal_dma.c ****     {
 962              		.loc 1 535 5 is_stmt 1 view .LVU319
 535:Drivers/STM32L0xx_HAL_Driver/Src/stm32l0xx_hal_dma.c ****     {
 963              		.loc 1 535 7 is_stmt 0 view .LVU320
 964 0056 7B1C     		adds	r3, r7, #1
 965 0058 F1D0     		beq	.L43
 537:Drivers/STM32L0xx_HAL_Driver/Src/stm32l0xx_hal_dma.c ****       {
 966              		.loc 1 537 7 is_stmt 1 view .LVU321
 537:Drivers/STM32L0xx_HAL_Driver/Src/stm32l0xx_hal_dma.c ****       {
 967              		.loc 1 537 12 is_stmt 0 view .LVU322
 968 005a FFF7FEFF 		bl	HAL_GetTick
 969              	.LVL69:
 537:Drivers/STM32L0xx_HAL_Driver/Src/stm32l0xx_hal_dma.c ****       {
 970              		.loc 1 537 26 discriminator 1 view .LVU323
 971 005e 019B     		ldr	r3, [sp, #4]
 972 0060 C01A     		subs	r0, r0, r3
 537:Drivers/STM32L0xx_HAL_Driver/Src/stm32l0xx_hal_dma.c ****       {
 973              		.loc 1 537 9 discriminator 1 view .LVU324
 974 0062 B842     		cmp	r0, r7
 975 0064 01D8     		bhi	.L44
 537:Drivers/STM32L0xx_HAL_Driver/Src/stm32l0xx_hal_dma.c ****       {
 976              		.loc 1 537 50 discriminator 1 view .LVU325
 977 0066 002F     		cmp	r7, #0
 978 0068 E9D1     		bne	.L43
 979              	.L44:
 540:Drivers/STM32L0xx_HAL_Driver/Src/stm32l0xx_hal_dma.c **** 
 980              		.loc 1 540 9 is_stmt 1 view .LVU326
 540:Drivers/STM32L0xx_HAL_Driver/Src/stm32l0xx_hal_dma.c **** 
 981              		.loc 1 540 25 is_stmt 0 view .LVU327
 982 006a 2023     		movs	r3, #32
 983 006c F363     		str	r3, [r6, #60]
 543:Drivers/STM32L0xx_HAL_Driver/Src/stm32l0xx_hal_dma.c **** 
 984              		.loc 1 543 9 is_stmt 1 view .LVU328
 543:Drivers/STM32L0xx_HAL_Driver/Src/stm32l0xx_hal_dma.c **** 
 985              		.loc 1 543 21 is_stmt 0 view .LVU329
 986 006e 0533     		adds	r3, r3, #5
 987 0070 0122     		movs	r2, #1
 988 0072 F254     		strb	r2, [r6, r3]
 546:Drivers/STM32L0xx_HAL_Driver/Src/stm32l0xx_hal_dma.c **** 
 989              		.loc 1 546 9 is_stmt 1 view .LVU330
 546:Drivers/STM32L0xx_HAL_Driver/Src/stm32l0xx_hal_dma.c **** 
 990              		.loc 1 546 9 view .LVU331
 991 0074 013B     		subs	r3, r3, #1
 992 0076 0022     		movs	r2, #0
 993 0078 F254     		strb	r2, [r6, r3]
 546:Drivers/STM32L0xx_HAL_Driver/Src/stm32l0xx_hal_dma.c **** 
 994              		.loc 1 546 9 view .LVU332
 548:Drivers/STM32L0xx_HAL_Driver/Src/stm32l0xx_hal_dma.c ****       }
 995              		.loc 1 548 9 view .LVU333
 548:Drivers/STM32L0xx_HAL_Driver/Src/stm32l0xx_hal_dma.c ****       }
 996              		.loc 1 548 16 is_stmt 0 view .LVU334
 997 007a 0120     		movs	r0, #1
 998 007c CFE7     		b	.L37
 999              	.LVL70:
 1000              	.L49:
ARM GAS  /var/folders/d7/pb3dkhys6j3db_qtp_8v34p80000gn/T//ccEgHk0R.s 			page 39


 495:Drivers/STM32L0xx_HAL_Driver/Src/stm32l0xx_hal_dma.c ****     return HAL_ERROR;
 1001              		.loc 1 495 5 is_stmt 1 view .LVU335
 495:Drivers/STM32L0xx_HAL_Driver/Src/stm32l0xx_hal_dma.c ****     return HAL_ERROR;
 1002              		.loc 1 495 21 is_stmt 0 view .LVU336
 1003 007e 8023     		movs	r3, #128
 1004 0080 5B00     		lsls	r3, r3, #1
 1005 0082 C363     		str	r3, [r0, #60]
 496:Drivers/STM32L0xx_HAL_Driver/Src/stm32l0xx_hal_dma.c ****   }
 1006              		.loc 1 496 5 is_stmt 1 view .LVU337
 496:Drivers/STM32L0xx_HAL_Driver/Src/stm32l0xx_hal_dma.c ****   }
 1007              		.loc 1 496 12 is_stmt 0 view .LVU338
 1008 0084 0120     		movs	r0, #1
 1009              	.LVL71:
 496:Drivers/STM32L0xx_HAL_Driver/Src/stm32l0xx_hal_dma.c ****   }
 1010              		.loc 1 496 12 view .LVU339
 1011 0086 CAE7     		b	.L37
 1012              	.LVL72:
 1013              	.L39:
 508:Drivers/STM32L0xx_HAL_Driver/Src/stm32l0xx_hal_dma.c ****   }
 1014              		.loc 1 508 5 is_stmt 1 view .LVU340
 508:Drivers/STM32L0xx_HAL_Driver/Src/stm32l0xx_hal_dma.c ****   }
 1015              		.loc 1 508 33 is_stmt 0 view .LVU341
 1016 0088 426C     		ldr	r2, [r0, #68]
 1017              	.LVL73:
 508:Drivers/STM32L0xx_HAL_Driver/Src/stm32l0xx_hal_dma.c ****   }
 1018              		.loc 1 508 48 view .LVU342
 1019 008a 1C23     		movs	r3, #28
 1020 008c 1340     		ands	r3, r2
 508:Drivers/STM32L0xx_HAL_Driver/Src/stm32l0xx_hal_dma.c ****   }
 1021              		.loc 1 508 10 view .LVU343
 1022 008e 0425     		movs	r5, #4
 1023 0090 9D40     		lsls	r5, r5, r3
 1024 0092 D1E7     		b	.L40
 1025              	.LVL74:
 1026              	.L51:
 521:Drivers/STM32L0xx_HAL_Driver/Src/stm32l0xx_hal_dma.c **** 
 1027              		.loc 1 521 7 is_stmt 1 view .LVU344
 521:Drivers/STM32L0xx_HAL_Driver/Src/stm32l0xx_hal_dma.c **** 
 1028              		.loc 1 521 50 is_stmt 0 view .LVU345
 1029 0094 0121     		movs	r1, #1
 1030 0096 0800     		movs	r0, r1
 1031 0098 9840     		lsls	r0, r0, r3
 521:Drivers/STM32L0xx_HAL_Driver/Src/stm32l0xx_hal_dma.c **** 
 1032              		.loc 1 521 34 view .LVU346
 1033 009a 5060     		str	r0, [r2, #4]
 524:Drivers/STM32L0xx_HAL_Driver/Src/stm32l0xx_hal_dma.c **** 
 1034              		.loc 1 524 7 is_stmt 1 view .LVU347
 524:Drivers/STM32L0xx_HAL_Driver/Src/stm32l0xx_hal_dma.c **** 
 1035              		.loc 1 524 23 is_stmt 0 view .LVU348
 1036 009c F163     		str	r1, [r6, #60]
 527:Drivers/STM32L0xx_HAL_Driver/Src/stm32l0xx_hal_dma.c **** 
 1037              		.loc 1 527 7 is_stmt 1 view .LVU349
 527:Drivers/STM32L0xx_HAL_Driver/Src/stm32l0xx_hal_dma.c **** 
 1038              		.loc 1 527 18 is_stmt 0 view .LVU350
 1039 009e 2523     		movs	r3, #37
 1040 00a0 F154     		strb	r1, [r6, r3]
 530:Drivers/STM32L0xx_HAL_Driver/Src/stm32l0xx_hal_dma.c **** 
ARM GAS  /var/folders/d7/pb3dkhys6j3db_qtp_8v34p80000gn/T//ccEgHk0R.s 			page 40


 1041              		.loc 1 530 7 is_stmt 1 view .LVU351
 530:Drivers/STM32L0xx_HAL_Driver/Src/stm32l0xx_hal_dma.c **** 
 1042              		.loc 1 530 7 view .LVU352
 1043 00a2 013B     		subs	r3, r3, #1
 1044 00a4 0022     		movs	r2, #0
 1045 00a6 F254     		strb	r2, [r6, r3]
 530:Drivers/STM32L0xx_HAL_Driver/Src/stm32l0xx_hal_dma.c **** 
 1046              		.loc 1 530 7 view .LVU353
 532:Drivers/STM32L0xx_HAL_Driver/Src/stm32l0xx_hal_dma.c ****     }
 1047              		.loc 1 532 7 view .LVU354
 532:Drivers/STM32L0xx_HAL_Driver/Src/stm32l0xx_hal_dma.c ****     }
 1048              		.loc 1 532 14 is_stmt 0 view .LVU355
 1049 00a8 0120     		movs	r0, #1
 1050 00aa B8E7     		b	.L37
 1051              	.L50:
 553:Drivers/STM32L0xx_HAL_Driver/Src/stm32l0xx_hal_dma.c ****   {
 1052              		.loc 1 553 3 is_stmt 1 view .LVU356
 553:Drivers/STM32L0xx_HAL_Driver/Src/stm32l0xx_hal_dma.c ****   {
 1053              		.loc 1 553 5 is_stmt 0 view .LVU357
 1054 00ac 002C     		cmp	r4, #0
 1055 00ae 0DD1     		bne	.L46
 556:Drivers/STM32L0xx_HAL_Driver/Src/stm32l0xx_hal_dma.c **** 
 1056              		.loc 1 556 5 is_stmt 1 view .LVU358
 556:Drivers/STM32L0xx_HAL_Driver/Src/stm32l0xx_hal_dma.c **** 
 1057              		.loc 1 556 56 is_stmt 0 view .LVU359
 1058 00b0 736C     		ldr	r3, [r6, #68]
 556:Drivers/STM32L0xx_HAL_Driver/Src/stm32l0xx_hal_dma.c **** 
 1059              		.loc 1 556 70 view .LVU360
 1060 00b2 1C21     		movs	r1, #28
 1061 00b4 1940     		ands	r1, r3
 556:Drivers/STM32L0xx_HAL_Driver/Src/stm32l0xx_hal_dma.c **** 
 1062              		.loc 1 556 48 view .LVU361
 1063 00b6 0223     		movs	r3, #2
 1064 00b8 8B40     		lsls	r3, r3, r1
 556:Drivers/STM32L0xx_HAL_Driver/Src/stm32l0xx_hal_dma.c **** 
 1065              		.loc 1 556 32 view .LVU362
 1066 00ba 5360     		str	r3, [r2, #4]
 560:Drivers/STM32L0xx_HAL_Driver/Src/stm32l0xx_hal_dma.c ****   }
 1067              		.loc 1 560 5 is_stmt 1 view .LVU363
 560:Drivers/STM32L0xx_HAL_Driver/Src/stm32l0xx_hal_dma.c ****   }
 1068              		.loc 1 560 17 is_stmt 0 view .LVU364
 1069 00bc 2523     		movs	r3, #37
 1070 00be 0122     		movs	r2, #1
 1071 00c0 F254     		strb	r2, [r6, r3]
 1072              	.L47:
 569:Drivers/STM32L0xx_HAL_Driver/Src/stm32l0xx_hal_dma.c **** 
 1073              		.loc 1 569 3 is_stmt 1 view .LVU365
 569:Drivers/STM32L0xx_HAL_Driver/Src/stm32l0xx_hal_dma.c **** 
 1074              		.loc 1 569 3 view .LVU366
 1075 00c2 2423     		movs	r3, #36
 1076 00c4 0022     		movs	r2, #0
 1077 00c6 F254     		strb	r2, [r6, r3]
 569:Drivers/STM32L0xx_HAL_Driver/Src/stm32l0xx_hal_dma.c **** 
 1078              		.loc 1 569 3 view .LVU367
 571:Drivers/STM32L0xx_HAL_Driver/Src/stm32l0xx_hal_dma.c **** }
 1079              		.loc 1 571 3 view .LVU368
 571:Drivers/STM32L0xx_HAL_Driver/Src/stm32l0xx_hal_dma.c **** }
ARM GAS  /var/folders/d7/pb3dkhys6j3db_qtp_8v34p80000gn/T//ccEgHk0R.s 			page 41


 1080              		.loc 1 571 10 is_stmt 0 view .LVU369
 1081 00c8 0020     		movs	r0, #0
 1082 00ca A8E7     		b	.L37
 1083              	.L46:
 565:Drivers/STM32L0xx_HAL_Driver/Src/stm32l0xx_hal_dma.c ****   }
 1084              		.loc 1 565 5 is_stmt 1 view .LVU370
 565:Drivers/STM32L0xx_HAL_Driver/Src/stm32l0xx_hal_dma.c ****   }
 1085              		.loc 1 565 56 is_stmt 0 view .LVU371
 1086 00cc 736C     		ldr	r3, [r6, #68]
 565:Drivers/STM32L0xx_HAL_Driver/Src/stm32l0xx_hal_dma.c ****   }
 1087              		.loc 1 565 71 view .LVU372
 1088 00ce 1C21     		movs	r1, #28
 1089 00d0 1940     		ands	r1, r3
 565:Drivers/STM32L0xx_HAL_Driver/Src/stm32l0xx_hal_dma.c ****   }
 1090              		.loc 1 565 48 view .LVU373
 1091 00d2 0423     		movs	r3, #4
 1092 00d4 8B40     		lsls	r3, r3, r1
 565:Drivers/STM32L0xx_HAL_Driver/Src/stm32l0xx_hal_dma.c ****   }
 1093              		.loc 1 565 32 view .LVU374
 1094 00d6 5360     		str	r3, [r2, #4]
 1095 00d8 F3E7     		b	.L47
 1096              		.cfi_endproc
 1097              	.LFE53:
 1099              		.section	.text.HAL_DMA_IRQHandler,"ax",%progbits
 1100              		.align	1
 1101              		.global	HAL_DMA_IRQHandler
 1102              		.syntax unified
 1103              		.code	16
 1104              		.thumb_func
 1106              	HAL_DMA_IRQHandler:
 1107              	.LVL75:
 1108              	.LFB54:
 581:Drivers/STM32L0xx_HAL_Driver/Src/stm32l0xx_hal_dma.c ****   uint32_t flag_it = hdma->DmaBaseAddress->ISR;
 1109              		.loc 1 581 1 is_stmt 1 view -0
 1110              		.cfi_startproc
 1111              		@ args = 0, pretend = 0, frame = 0
 1112              		@ frame_needed = 0, uses_anonymous_args = 0
 581:Drivers/STM32L0xx_HAL_Driver/Src/stm32l0xx_hal_dma.c ****   uint32_t flag_it = hdma->DmaBaseAddress->ISR;
 1113              		.loc 1 581 1 is_stmt 0 view .LVU376
 1114 0000 70B5     		push	{r4, r5, r6, lr}
 1115              	.LCFI9:
 1116              		.cfi_def_cfa_offset 16
 1117              		.cfi_offset 4, -16
 1118              		.cfi_offset 5, -12
 1119              		.cfi_offset 6, -8
 1120              		.cfi_offset 14, -4
 582:Drivers/STM32L0xx_HAL_Driver/Src/stm32l0xx_hal_dma.c ****   uint32_t source_it = hdma->Instance->CCR;
 1121              		.loc 1 582 3 is_stmt 1 view .LVU377
 582:Drivers/STM32L0xx_HAL_Driver/Src/stm32l0xx_hal_dma.c ****   uint32_t source_it = hdma->Instance->CCR;
 1122              		.loc 1 582 26 is_stmt 0 view .LVU378
 1123 0002 036C     		ldr	r3, [r0, #64]
 582:Drivers/STM32L0xx_HAL_Driver/Src/stm32l0xx_hal_dma.c ****   uint32_t source_it = hdma->Instance->CCR;
 1124              		.loc 1 582 12 view .LVU379
 1125 0004 1968     		ldr	r1, [r3]
 1126              	.LVL76:
 583:Drivers/STM32L0xx_HAL_Driver/Src/stm32l0xx_hal_dma.c **** 
 1127              		.loc 1 583 3 is_stmt 1 view .LVU380
ARM GAS  /var/folders/d7/pb3dkhys6j3db_qtp_8v34p80000gn/T//ccEgHk0R.s 			page 42


 583:Drivers/STM32L0xx_HAL_Driver/Src/stm32l0xx_hal_dma.c **** 
 1128              		.loc 1 583 28 is_stmt 0 view .LVU381
 1129 0006 0468     		ldr	r4, [r0]
 583:Drivers/STM32L0xx_HAL_Driver/Src/stm32l0xx_hal_dma.c **** 
 1130              		.loc 1 583 12 view .LVU382
 1131 0008 2568     		ldr	r5, [r4]
 1132              	.LVL77:
 586:Drivers/STM32L0xx_HAL_Driver/Src/stm32l0xx_hal_dma.c ****   {
 1133              		.loc 1 586 3 is_stmt 1 view .LVU383
 586:Drivers/STM32L0xx_HAL_Driver/Src/stm32l0xx_hal_dma.c ****   {
 1134              		.loc 1 586 47 is_stmt 0 view .LVU384
 1135 000a 426C     		ldr	r2, [r0, #68]
 586:Drivers/STM32L0xx_HAL_Driver/Src/stm32l0xx_hal_dma.c ****   {
 1136              		.loc 1 586 62 view .LVU385
 1137 000c 1C23     		movs	r3, #28
 1138 000e 1340     		ands	r3, r2
 586:Drivers/STM32L0xx_HAL_Driver/Src/stm32l0xx_hal_dma.c ****   {
 1139              		.loc 1 586 39 view .LVU386
 1140 0010 0422     		movs	r2, #4
 1141 0012 9A40     		lsls	r2, r2, r3
 586:Drivers/STM32L0xx_HAL_Driver/Src/stm32l0xx_hal_dma.c ****   {
 1142              		.loc 1 586 6 view .LVU387
 1143 0014 1142     		tst	r1, r2
 1144 0016 14D0     		beq	.L53
 586:Drivers/STM32L0xx_HAL_Driver/Src/stm32l0xx_hal_dma.c ****   {
 1145              		.loc 1 586 74 discriminator 1 view .LVU388
 1146 0018 6A07     		lsls	r2, r5, #29
 1147 001a 12D5     		bpl	.L53
 589:Drivers/STM32L0xx_HAL_Driver/Src/stm32l0xx_hal_dma.c ****       {
 1148              		.loc 1 589 7 is_stmt 1 view .LVU389
 589:Drivers/STM32L0xx_HAL_Driver/Src/stm32l0xx_hal_dma.c ****       {
 1149              		.loc 1 589 25 is_stmt 0 view .LVU390
 1150 001c 2368     		ldr	r3, [r4]
 589:Drivers/STM32L0xx_HAL_Driver/Src/stm32l0xx_hal_dma.c ****       {
 1151              		.loc 1 589 9 view .LVU391
 1152 001e 9B06     		lsls	r3, r3, #26
 1153 0020 03D4     		bmi	.L54
 592:Drivers/STM32L0xx_HAL_Driver/Src/stm32l0xx_hal_dma.c ****       }
 1154              		.loc 1 592 9 is_stmt 1 view .LVU392
 1155 0022 2368     		ldr	r3, [r4]
 1156 0024 0422     		movs	r2, #4
 1157 0026 9343     		bics	r3, r2
 1158 0028 2360     		str	r3, [r4]
 1159              	.L54:
 595:Drivers/STM32L0xx_HAL_Driver/Src/stm32l0xx_hal_dma.c **** 
 1160              		.loc 1 595 7 view .LVU393
 595:Drivers/STM32L0xx_HAL_Driver/Src/stm32l0xx_hal_dma.c **** 
 1161              		.loc 1 595 58 is_stmt 0 view .LVU394
 1162 002a 436C     		ldr	r3, [r0, #68]
 595:Drivers/STM32L0xx_HAL_Driver/Src/stm32l0xx_hal_dma.c **** 
 1163              		.loc 1 595 73 view .LVU395
 1164 002c 1C22     		movs	r2, #28
 1165 002e 1A40     		ands	r2, r3
 595:Drivers/STM32L0xx_HAL_Driver/Src/stm32l0xx_hal_dma.c **** 
 1166              		.loc 1 595 11 view .LVU396
 1167 0030 016C     		ldr	r1, [r0, #64]
 1168              	.LVL78:
ARM GAS  /var/folders/d7/pb3dkhys6j3db_qtp_8v34p80000gn/T//ccEgHk0R.s 			page 43


 595:Drivers/STM32L0xx_HAL_Driver/Src/stm32l0xx_hal_dma.c **** 
 1169              		.loc 1 595 50 view .LVU397
 1170 0032 0423     		movs	r3, #4
 1171 0034 9340     		lsls	r3, r3, r2
 595:Drivers/STM32L0xx_HAL_Driver/Src/stm32l0xx_hal_dma.c **** 
 1172              		.loc 1 595 34 view .LVU398
 1173 0036 4B60     		str	r3, [r1, #4]
 600:Drivers/STM32L0xx_HAL_Driver/Src/stm32l0xx_hal_dma.c ****       {
 1174              		.loc 1 600 6 is_stmt 1 view .LVU399
 600:Drivers/STM32L0xx_HAL_Driver/Src/stm32l0xx_hal_dma.c ****       {
 1175              		.loc 1 600 13 is_stmt 0 view .LVU400
 1176 0038 036B     		ldr	r3, [r0, #48]
 600:Drivers/STM32L0xx_HAL_Driver/Src/stm32l0xx_hal_dma.c ****       {
 1177              		.loc 1 600 8 view .LVU401
 1178 003a 002B     		cmp	r3, #0
 1179 003c 00D0     		beq	.L52
 603:Drivers/STM32L0xx_HAL_Driver/Src/stm32l0xx_hal_dma.c ****       }
 1180              		.loc 1 603 9 is_stmt 1 view .LVU402
 1181 003e 9847     		blx	r3
 1182              	.LVL79:
 1183              	.L52:
 662:Drivers/STM32L0xx_HAL_Driver/Src/stm32l0xx_hal_dma.c **** 
 1184              		.loc 1 662 1 is_stmt 0 view .LVU403
 1185              		@ sp needed
 1186 0040 70BD     		pop	{r4, r5, r6, pc}
 1187              	.LVL80:
 1188              	.L53:
 608:Drivers/STM32L0xx_HAL_Driver/Src/stm32l0xx_hal_dma.c ****   {
 1189              		.loc 1 608 8 is_stmt 1 view .LVU404
 608:Drivers/STM32L0xx_HAL_Driver/Src/stm32l0xx_hal_dma.c ****   {
 1190              		.loc 1 608 44 is_stmt 0 view .LVU405
 1191 0042 0222     		movs	r2, #2
 1192 0044 9A40     		lsls	r2, r2, r3
 608:Drivers/STM32L0xx_HAL_Driver/Src/stm32l0xx_hal_dma.c ****   {
 1193              		.loc 1 608 11 view .LVU406
 1194 0046 1142     		tst	r1, r2
 1195 0048 1AD0     		beq	.L56
 608:Drivers/STM32L0xx_HAL_Driver/Src/stm32l0xx_hal_dma.c ****   {
 1196              		.loc 1 608 79 discriminator 1 view .LVU407
 1197 004a AA07     		lsls	r2, r5, #30
 1198 004c 18D5     		bpl	.L56
 610:Drivers/STM32L0xx_HAL_Driver/Src/stm32l0xx_hal_dma.c ****     {
 1199              		.loc 1 610 5 is_stmt 1 view .LVU408
 610:Drivers/STM32L0xx_HAL_Driver/Src/stm32l0xx_hal_dma.c ****     {
 1200              		.loc 1 610 23 is_stmt 0 view .LVU409
 1201 004e 2368     		ldr	r3, [r4]
 610:Drivers/STM32L0xx_HAL_Driver/Src/stm32l0xx_hal_dma.c ****     {
 1202              		.loc 1 610 7 view .LVU410
 1203 0050 9B06     		lsls	r3, r3, #26
 1204 0052 06D4     		bmi	.L57
 613:Drivers/STM32L0xx_HAL_Driver/Src/stm32l0xx_hal_dma.c **** 
 1205              		.loc 1 613 7 is_stmt 1 view .LVU411
 1206 0054 2368     		ldr	r3, [r4]
 1207 0056 0A22     		movs	r2, #10
 1208 0058 9343     		bics	r3, r2
 1209 005a 2360     		str	r3, [r4]
 616:Drivers/STM32L0xx_HAL_Driver/Src/stm32l0xx_hal_dma.c ****     }
ARM GAS  /var/folders/d7/pb3dkhys6j3db_qtp_8v34p80000gn/T//ccEgHk0R.s 			page 44


 1210              		.loc 1 616 7 view .LVU412
 616:Drivers/STM32L0xx_HAL_Driver/Src/stm32l0xx_hal_dma.c ****     }
 1211              		.loc 1 616 19 is_stmt 0 view .LVU413
 1212 005c 2523     		movs	r3, #37
 1213 005e 093A     		subs	r2, r2, #9
 1214 0060 C254     		strb	r2, [r0, r3]
 1215              	.L57:
 619:Drivers/STM32L0xx_HAL_Driver/Src/stm32l0xx_hal_dma.c **** 
 1216              		.loc 1 619 5 is_stmt 1 view .LVU414
 619:Drivers/STM32L0xx_HAL_Driver/Src/stm32l0xx_hal_dma.c **** 
 1217              		.loc 1 619 57 is_stmt 0 view .LVU415
 1218 0062 436C     		ldr	r3, [r0, #68]
 619:Drivers/STM32L0xx_HAL_Driver/Src/stm32l0xx_hal_dma.c **** 
 1219              		.loc 1 619 72 view .LVU416
 1220 0064 1C22     		movs	r2, #28
 1221 0066 1A40     		ands	r2, r3
 619:Drivers/STM32L0xx_HAL_Driver/Src/stm32l0xx_hal_dma.c **** 
 1222              		.loc 1 619 9 view .LVU417
 1223 0068 016C     		ldr	r1, [r0, #64]
 1224              	.LVL81:
 619:Drivers/STM32L0xx_HAL_Driver/Src/stm32l0xx_hal_dma.c **** 
 1225              		.loc 1 619 49 view .LVU418
 1226 006a 0223     		movs	r3, #2
 1227 006c 9340     		lsls	r3, r3, r2
 619:Drivers/STM32L0xx_HAL_Driver/Src/stm32l0xx_hal_dma.c **** 
 1228              		.loc 1 619 32 view .LVU419
 1229 006e 4B60     		str	r3, [r1, #4]
 622:Drivers/STM32L0xx_HAL_Driver/Src/stm32l0xx_hal_dma.c **** 
 1230              		.loc 1 622 5 is_stmt 1 view .LVU420
 622:Drivers/STM32L0xx_HAL_Driver/Src/stm32l0xx_hal_dma.c **** 
 1231              		.loc 1 622 5 view .LVU421
 1232 0070 2423     		movs	r3, #36
 1233 0072 0022     		movs	r2, #0
 1234 0074 C254     		strb	r2, [r0, r3]
 622:Drivers/STM32L0xx_HAL_Driver/Src/stm32l0xx_hal_dma.c **** 
 1235              		.loc 1 622 5 view .LVU422
 624:Drivers/STM32L0xx_HAL_Driver/Src/stm32l0xx_hal_dma.c ****     {
 1236              		.loc 1 624 5 view .LVU423
 624:Drivers/STM32L0xx_HAL_Driver/Src/stm32l0xx_hal_dma.c ****     {
 1237              		.loc 1 624 12 is_stmt 0 view .LVU424
 1238 0076 C36A     		ldr	r3, [r0, #44]
 624:Drivers/STM32L0xx_HAL_Driver/Src/stm32l0xx_hal_dma.c ****     {
 1239              		.loc 1 624 7 view .LVU425
 1240 0078 002B     		cmp	r3, #0
 1241 007a E1D0     		beq	.L52
 627:Drivers/STM32L0xx_HAL_Driver/Src/stm32l0xx_hal_dma.c ****     }
 1242              		.loc 1 627 7 is_stmt 1 view .LVU426
 1243 007c 9847     		blx	r3
 1244              	.LVL82:
 627:Drivers/STM32L0xx_HAL_Driver/Src/stm32l0xx_hal_dma.c ****     }
 1245              		.loc 1 627 7 is_stmt 0 view .LVU427
 1246 007e DFE7     		b	.L52
 1247              	.LVL83:
 1248              	.L56:
 632:Drivers/STM32L0xx_HAL_Driver/Src/stm32l0xx_hal_dma.c ****   {
 1249              		.loc 1 632 8 is_stmt 1 view .LVU428
 632:Drivers/STM32L0xx_HAL_Driver/Src/stm32l0xx_hal_dma.c ****   {
ARM GAS  /var/folders/d7/pb3dkhys6j3db_qtp_8v34p80000gn/T//ccEgHk0R.s 			page 45


 1250              		.loc 1 632 44 is_stmt 0 view .LVU429
 1251 0080 0822     		movs	r2, #8
 1252 0082 9A40     		lsls	r2, r2, r3
 632:Drivers/STM32L0xx_HAL_Driver/Src/stm32l0xx_hal_dma.c ****   {
 1253              		.loc 1 632 11 view .LVU430
 1254 0084 1142     		tst	r1, r2
 1255 0086 DBD0     		beq	.L52
 632:Drivers/STM32L0xx_HAL_Driver/Src/stm32l0xx_hal_dma.c ****   {
 1256              		.loc 1 632 79 discriminator 1 view .LVU431
 1257 0088 2D07     		lsls	r5, r5, #28
 1258 008a D9D5     		bpl	.L52
 1259              	.LVL84:
 637:Drivers/STM32L0xx_HAL_Driver/Src/stm32l0xx_hal_dma.c **** 
 1260              		.loc 1 637 5 is_stmt 1 view .LVU432
 1261 008c 2368     		ldr	r3, [r4]
 1262 008e 0E22     		movs	r2, #14
 1263 0090 9343     		bics	r3, r2
 1264 0092 2360     		str	r3, [r4]
 640:Drivers/STM32L0xx_HAL_Driver/Src/stm32l0xx_hal_dma.c **** 
 1265              		.loc 1 640 5 view .LVU433
 640:Drivers/STM32L0xx_HAL_Driver/Src/stm32l0xx_hal_dma.c **** 
 1266              		.loc 1 640 56 is_stmt 0 view .LVU434
 1267 0094 436C     		ldr	r3, [r0, #68]
 640:Drivers/STM32L0xx_HAL_Driver/Src/stm32l0xx_hal_dma.c **** 
 1268              		.loc 1 640 71 view .LVU435
 1269 0096 0E32     		adds	r2, r2, #14
 1270 0098 1A40     		ands	r2, r3
 640:Drivers/STM32L0xx_HAL_Driver/Src/stm32l0xx_hal_dma.c **** 
 1271              		.loc 1 640 9 view .LVU436
 1272 009a 016C     		ldr	r1, [r0, #64]
 1273              	.LVL85:
 640:Drivers/STM32L0xx_HAL_Driver/Src/stm32l0xx_hal_dma.c **** 
 1274              		.loc 1 640 48 view .LVU437
 1275 009c 0123     		movs	r3, #1
 1276 009e 1C00     		movs	r4, r3
 1277 00a0 9440     		lsls	r4, r4, r2
 640:Drivers/STM32L0xx_HAL_Driver/Src/stm32l0xx_hal_dma.c **** 
 1278              		.loc 1 640 32 view .LVU438
 1279 00a2 4C60     		str	r4, [r1, #4]
 643:Drivers/STM32L0xx_HAL_Driver/Src/stm32l0xx_hal_dma.c **** 
 1280              		.loc 1 643 5 is_stmt 1 view .LVU439
 643:Drivers/STM32L0xx_HAL_Driver/Src/stm32l0xx_hal_dma.c **** 
 1281              		.loc 1 643 21 is_stmt 0 view .LVU440
 1282 00a4 C363     		str	r3, [r0, #60]
 646:Drivers/STM32L0xx_HAL_Driver/Src/stm32l0xx_hal_dma.c **** 
 1283              		.loc 1 646 5 is_stmt 1 view .LVU441
 646:Drivers/STM32L0xx_HAL_Driver/Src/stm32l0xx_hal_dma.c **** 
 1284              		.loc 1 646 17 is_stmt 0 view .LVU442
 1285 00a6 2522     		movs	r2, #37
 1286 00a8 8354     		strb	r3, [r0, r2]
 649:Drivers/STM32L0xx_HAL_Driver/Src/stm32l0xx_hal_dma.c **** 
 1287              		.loc 1 649 5 is_stmt 1 view .LVU443
 649:Drivers/STM32L0xx_HAL_Driver/Src/stm32l0xx_hal_dma.c **** 
 1288              		.loc 1 649 5 view .LVU444
 1289 00aa 2333     		adds	r3, r3, #35
 1290 00ac 0022     		movs	r2, #0
 1291 00ae C254     		strb	r2, [r0, r3]
ARM GAS  /var/folders/d7/pb3dkhys6j3db_qtp_8v34p80000gn/T//ccEgHk0R.s 			page 46


 649:Drivers/STM32L0xx_HAL_Driver/Src/stm32l0xx_hal_dma.c **** 
 1292              		.loc 1 649 5 view .LVU445
 651:Drivers/STM32L0xx_HAL_Driver/Src/stm32l0xx_hal_dma.c ****     {
 1293              		.loc 1 651 5 view .LVU446
 651:Drivers/STM32L0xx_HAL_Driver/Src/stm32l0xx_hal_dma.c ****     {
 1294              		.loc 1 651 13 is_stmt 0 view .LVU447
 1295 00b0 436B     		ldr	r3, [r0, #52]
 651:Drivers/STM32L0xx_HAL_Driver/Src/stm32l0xx_hal_dma.c ****     {
 1296              		.loc 1 651 8 view .LVU448
 1297 00b2 002B     		cmp	r3, #0
 1298 00b4 C4D0     		beq	.L52
 654:Drivers/STM32L0xx_HAL_Driver/Src/stm32l0xx_hal_dma.c ****     }
 1299              		.loc 1 654 7 is_stmt 1 view .LVU449
 1300 00b6 9847     		blx	r3
 1301              	.LVL86:
 660:Drivers/STM32L0xx_HAL_Driver/Src/stm32l0xx_hal_dma.c ****   return;
 1302              		.loc 1 660 3 view .LVU450
 661:Drivers/STM32L0xx_HAL_Driver/Src/stm32l0xx_hal_dma.c **** }
 1303              		.loc 1 661 3 view .LVU451
 1304 00b8 C2E7     		b	.L52
 1305              		.cfi_endproc
 1306              	.LFE54:
 1308              		.section	.text.HAL_DMA_RegisterCallback,"ax",%progbits
 1309              		.align	1
 1310              		.global	HAL_DMA_RegisterCallback
 1311              		.syntax unified
 1312              		.code	16
 1313              		.thumb_func
 1315              	HAL_DMA_RegisterCallback:
 1316              	.LVL87:
 1317              	.LFB55:
 675:Drivers/STM32L0xx_HAL_Driver/Src/stm32l0xx_hal_dma.c ****   HAL_StatusTypeDef status = HAL_OK;
 1318              		.loc 1 675 1 view -0
 1319              		.cfi_startproc
 1320              		@ args = 0, pretend = 0, frame = 0
 1321              		@ frame_needed = 0, uses_anonymous_args = 0
 675:Drivers/STM32L0xx_HAL_Driver/Src/stm32l0xx_hal_dma.c ****   HAL_StatusTypeDef status = HAL_OK;
 1322              		.loc 1 675 1 is_stmt 0 view .LVU453
 1323 0000 10B5     		push	{r4, lr}
 1324              	.LCFI10:
 1325              		.cfi_def_cfa_offset 8
 1326              		.cfi_offset 4, -8
 1327              		.cfi_offset 14, -4
 1328 0002 0300     		movs	r3, r0
 676:Drivers/STM32L0xx_HAL_Driver/Src/stm32l0xx_hal_dma.c **** 
 1329              		.loc 1 676 3 is_stmt 1 view .LVU454
 1330              	.LVL88:
 679:Drivers/STM32L0xx_HAL_Driver/Src/stm32l0xx_hal_dma.c **** 
 1331              		.loc 1 679 3 view .LVU455
 679:Drivers/STM32L0xx_HAL_Driver/Src/stm32l0xx_hal_dma.c **** 
 1332              		.loc 1 679 3 view .LVU456
 1333 0004 2420     		movs	r0, #36
 1334              	.LVL89:
 679:Drivers/STM32L0xx_HAL_Driver/Src/stm32l0xx_hal_dma.c **** 
 1335              		.loc 1 679 3 is_stmt 0 view .LVU457
 1336 0006 185C     		ldrb	r0, [r3, r0]
 1337 0008 0128     		cmp	r0, #1
ARM GAS  /var/folders/d7/pb3dkhys6j3db_qtp_8v34p80000gn/T//ccEgHk0R.s 			page 47


 1338 000a 21D0     		beq	.L71
 679:Drivers/STM32L0xx_HAL_Driver/Src/stm32l0xx_hal_dma.c **** 
 1339              		.loc 1 679 3 is_stmt 1 discriminator 2 view .LVU458
 1340 000c 2420     		movs	r0, #36
 1341 000e 0124     		movs	r4, #1
 1342 0010 1C54     		strb	r4, [r3, r0]
 679:Drivers/STM32L0xx_HAL_Driver/Src/stm32l0xx_hal_dma.c **** 
 1343              		.loc 1 679 3 view .LVU459
 681:Drivers/STM32L0xx_HAL_Driver/Src/stm32l0xx_hal_dma.c ****   {
 1344              		.loc 1 681 3 view .LVU460
 681:Drivers/STM32L0xx_HAL_Driver/Src/stm32l0xx_hal_dma.c ****   {
 1345              		.loc 1 681 33 is_stmt 0 view .LVU461
 1346 0012 0130     		adds	r0, r0, #1
 1347 0014 1C5C     		ldrb	r4, [r3, r0]
 1348 0016 E0B2     		uxtb	r0, r4
 681:Drivers/STM32L0xx_HAL_Driver/Src/stm32l0xx_hal_dma.c ****   {
 1349              		.loc 1 681 5 view .LVU462
 1350 0018 012C     		cmp	r4, #1
 1351 001a 04D0     		beq	.L73
 708:Drivers/STM32L0xx_HAL_Driver/Src/stm32l0xx_hal_dma.c ****   }
 1352              		.loc 1 708 12 view .LVU463
 1353 001c 0120     		movs	r0, #1
 1354              	.L65:
 1355              	.LVL90:
 712:Drivers/STM32L0xx_HAL_Driver/Src/stm32l0xx_hal_dma.c **** 
 1356              		.loc 1 712 3 is_stmt 1 view .LVU464
 712:Drivers/STM32L0xx_HAL_Driver/Src/stm32l0xx_hal_dma.c **** 
 1357              		.loc 1 712 3 view .LVU465
 1358 001e 2422     		movs	r2, #36
 1359              	.LVL91:
 712:Drivers/STM32L0xx_HAL_Driver/Src/stm32l0xx_hal_dma.c **** 
 1360              		.loc 1 712 3 is_stmt 0 view .LVU466
 1361 0020 0021     		movs	r1, #0
 1362              	.LVL92:
 712:Drivers/STM32L0xx_HAL_Driver/Src/stm32l0xx_hal_dma.c **** 
 1363              		.loc 1 712 3 view .LVU467
 1364 0022 9954     		strb	r1, [r3, r2]
 712:Drivers/STM32L0xx_HAL_Driver/Src/stm32l0xx_hal_dma.c **** 
 1365              		.loc 1 712 3 is_stmt 1 view .LVU468
 714:Drivers/STM32L0xx_HAL_Driver/Src/stm32l0xx_hal_dma.c **** }
 1366              		.loc 1 714 3 view .LVU469
 1367              	.LVL93:
 1368              	.L64:
 715:Drivers/STM32L0xx_HAL_Driver/Src/stm32l0xx_hal_dma.c **** 
 1369              		.loc 1 715 1 is_stmt 0 view .LVU470
 1370              		@ sp needed
 1371 0024 10BD     		pop	{r4, pc}
 1372              	.LVL94:
 1373              	.L73:
 683:Drivers/STM32L0xx_HAL_Driver/Src/stm32l0xx_hal_dma.c ****     {
 1374              		.loc 1 683 5 is_stmt 1 view .LVU471
 1375 0026 0229     		cmp	r1, #2
 1376 0028 0FD0     		beq	.L66
 1377 002a 06D8     		bhi	.L67
 1378 002c 0029     		cmp	r1, #0
 1379 002e 09D0     		beq	.L68
 1380 0030 0129     		cmp	r1, #1
ARM GAS  /var/folders/d7/pb3dkhys6j3db_qtp_8v34p80000gn/T//ccEgHk0R.s 			page 48


 1381 0032 F4D1     		bne	.L65
 690:Drivers/STM32L0xx_HAL_Driver/Src/stm32l0xx_hal_dma.c ****            break;
 1382              		.loc 1 690 12 view .LVU472
 690:Drivers/STM32L0xx_HAL_Driver/Src/stm32l0xx_hal_dma.c ****            break;
 1383              		.loc 1 690 39 is_stmt 0 view .LVU473
 1384 0034 1A63     		str	r2, [r3, #48]
 691:Drivers/STM32L0xx_HAL_Driver/Src/stm32l0xx_hal_dma.c **** 
 1385              		.loc 1 691 12 is_stmt 1 view .LVU474
 676:Drivers/STM32L0xx_HAL_Driver/Src/stm32l0xx_hal_dma.c **** 
 1386              		.loc 1 676 21 is_stmt 0 view .LVU475
 1387 0036 0020     		movs	r0, #0
 691:Drivers/STM32L0xx_HAL_Driver/Src/stm32l0xx_hal_dma.c **** 
 1388              		.loc 1 691 12 view .LVU476
 1389 0038 F1E7     		b	.L65
 1390              	.L67:
 683:Drivers/STM32L0xx_HAL_Driver/Src/stm32l0xx_hal_dma.c ****     {
 1391              		.loc 1 683 5 view .LVU477
 1392 003a 0329     		cmp	r1, #3
 1393 003c EFD1     		bne	.L65
 698:Drivers/STM32L0xx_HAL_Driver/Src/stm32l0xx_hal_dma.c ****            break;
 1394              		.loc 1 698 12 is_stmt 1 view .LVU478
 698:Drivers/STM32L0xx_HAL_Driver/Src/stm32l0xx_hal_dma.c ****            break;
 1395              		.loc 1 698 36 is_stmt 0 view .LVU479
 1396 003e 9A63     		str	r2, [r3, #56]
 699:Drivers/STM32L0xx_HAL_Driver/Src/stm32l0xx_hal_dma.c **** 
 1397              		.loc 1 699 12 is_stmt 1 view .LVU480
 676:Drivers/STM32L0xx_HAL_Driver/Src/stm32l0xx_hal_dma.c **** 
 1398              		.loc 1 676 21 is_stmt 0 view .LVU481
 1399 0040 0020     		movs	r0, #0
 699:Drivers/STM32L0xx_HAL_Driver/Src/stm32l0xx_hal_dma.c **** 
 1400              		.loc 1 699 12 view .LVU482
 1401 0042 ECE7     		b	.L65
 1402              	.L68:
 686:Drivers/STM32L0xx_HAL_Driver/Src/stm32l0xx_hal_dma.c ****            break;
 1403              		.loc 1 686 12 is_stmt 1 view .LVU483
 686:Drivers/STM32L0xx_HAL_Driver/Src/stm32l0xx_hal_dma.c ****            break;
 1404              		.loc 1 686 35 is_stmt 0 view .LVU484
 1405 0044 DA62     		str	r2, [r3, #44]
 687:Drivers/STM32L0xx_HAL_Driver/Src/stm32l0xx_hal_dma.c **** 
 1406              		.loc 1 687 12 is_stmt 1 view .LVU485
 676:Drivers/STM32L0xx_HAL_Driver/Src/stm32l0xx_hal_dma.c **** 
 1407              		.loc 1 676 21 is_stmt 0 view .LVU486
 1408 0046 0800     		movs	r0, r1
 687:Drivers/STM32L0xx_HAL_Driver/Src/stm32l0xx_hal_dma.c **** 
 1409              		.loc 1 687 12 view .LVU487
 1410 0048 E9E7     		b	.L65
 1411              	.L66:
 694:Drivers/STM32L0xx_HAL_Driver/Src/stm32l0xx_hal_dma.c ****            break;
 1412              		.loc 1 694 12 is_stmt 1 view .LVU488
 694:Drivers/STM32L0xx_HAL_Driver/Src/stm32l0xx_hal_dma.c ****            break;
 1413              		.loc 1 694 36 is_stmt 0 view .LVU489
 1414 004a 5A63     		str	r2, [r3, #52]
 695:Drivers/STM32L0xx_HAL_Driver/Src/stm32l0xx_hal_dma.c **** 
 1415              		.loc 1 695 12 is_stmt 1 view .LVU490
 676:Drivers/STM32L0xx_HAL_Driver/Src/stm32l0xx_hal_dma.c **** 
 1416              		.loc 1 676 21 is_stmt 0 view .LVU491
 1417 004c 0020     		movs	r0, #0
ARM GAS  /var/folders/d7/pb3dkhys6j3db_qtp_8v34p80000gn/T//ccEgHk0R.s 			page 49


 695:Drivers/STM32L0xx_HAL_Driver/Src/stm32l0xx_hal_dma.c **** 
 1418              		.loc 1 695 12 view .LVU492
 1419 004e E6E7     		b	.L65
 1420              	.L71:
 679:Drivers/STM32L0xx_HAL_Driver/Src/stm32l0xx_hal_dma.c **** 
 1421              		.loc 1 679 3 discriminator 1 view .LVU493
 1422 0050 0220     		movs	r0, #2
 1423 0052 E7E7     		b	.L64
 1424              		.cfi_endproc
 1425              	.LFE55:
 1427              		.section	.text.HAL_DMA_UnRegisterCallback,"ax",%progbits
 1428              		.align	1
 1429              		.global	HAL_DMA_UnRegisterCallback
 1430              		.syntax unified
 1431              		.code	16
 1432              		.thumb_func
 1434              	HAL_DMA_UnRegisterCallback:
 1435              	.LVL95:
 1436              	.LFB56:
 726:Drivers/STM32L0xx_HAL_Driver/Src/stm32l0xx_hal_dma.c ****   HAL_StatusTypeDef status = HAL_OK;
 1437              		.loc 1 726 1 is_stmt 1 view -0
 1438              		.cfi_startproc
 1439              		@ args = 0, pretend = 0, frame = 0
 1440              		@ frame_needed = 0, uses_anonymous_args = 0
 1441              		@ link register save eliminated.
 726:Drivers/STM32L0xx_HAL_Driver/Src/stm32l0xx_hal_dma.c ****   HAL_StatusTypeDef status = HAL_OK;
 1442              		.loc 1 726 1 is_stmt 0 view .LVU495
 1443 0000 0300     		movs	r3, r0
 727:Drivers/STM32L0xx_HAL_Driver/Src/stm32l0xx_hal_dma.c **** 
 1444              		.loc 1 727 3 is_stmt 1 view .LVU496
 1445              	.LVL96:
 730:Drivers/STM32L0xx_HAL_Driver/Src/stm32l0xx_hal_dma.c **** 
 1446              		.loc 1 730 3 view .LVU497
 730:Drivers/STM32L0xx_HAL_Driver/Src/stm32l0xx_hal_dma.c **** 
 1447              		.loc 1 730 3 view .LVU498
 1448 0002 2422     		movs	r2, #36
 1449 0004 825C     		ldrb	r2, [r0, r2]
 1450 0006 012A     		cmp	r2, #1
 1451 0008 29D0     		beq	.L83
 730:Drivers/STM32L0xx_HAL_Driver/Src/stm32l0xx_hal_dma.c **** 
 1452              		.loc 1 730 3 discriminator 2 view .LVU499
 1453 000a 2422     		movs	r2, #36
 1454 000c 0120     		movs	r0, #1
 1455              	.LVL97:
 730:Drivers/STM32L0xx_HAL_Driver/Src/stm32l0xx_hal_dma.c **** 
 1456              		.loc 1 730 3 is_stmt 0 discriminator 2 view .LVU500
 1457 000e 9854     		strb	r0, [r3, r2]
 730:Drivers/STM32L0xx_HAL_Driver/Src/stm32l0xx_hal_dma.c **** 
 1458              		.loc 1 730 3 is_stmt 1 view .LVU501
 732:Drivers/STM32L0xx_HAL_Driver/Src/stm32l0xx_hal_dma.c ****   {
 1459              		.loc 1 732 3 view .LVU502
 732:Drivers/STM32L0xx_HAL_Driver/Src/stm32l0xx_hal_dma.c ****   {
 1460              		.loc 1 732 33 is_stmt 0 view .LVU503
 1461 0010 0132     		adds	r2, r2, #1
 1462 0012 9A5C     		ldrb	r2, [r3, r2]
 1463 0014 D0B2     		uxtb	r0, r2
 732:Drivers/STM32L0xx_HAL_Driver/Src/stm32l0xx_hal_dma.c ****   {
ARM GAS  /var/folders/d7/pb3dkhys6j3db_qtp_8v34p80000gn/T//ccEgHk0R.s 			page 50


 1464              		.loc 1 732 5 view .LVU504
 1465 0016 012A     		cmp	r2, #1
 1466 0018 04D0     		beq	.L85
 766:Drivers/STM32L0xx_HAL_Driver/Src/stm32l0xx_hal_dma.c ****   }
 1467              		.loc 1 766 12 view .LVU505
 1468 001a 0120     		movs	r0, #1
 1469              	.L76:
 1470              	.LVL98:
 770:Drivers/STM32L0xx_HAL_Driver/Src/stm32l0xx_hal_dma.c **** 
 1471              		.loc 1 770 3 is_stmt 1 view .LVU506
 770:Drivers/STM32L0xx_HAL_Driver/Src/stm32l0xx_hal_dma.c **** 
 1472              		.loc 1 770 3 view .LVU507
 1473 001c 2422     		movs	r2, #36
 1474 001e 0021     		movs	r1, #0
 1475              	.LVL99:
 770:Drivers/STM32L0xx_HAL_Driver/Src/stm32l0xx_hal_dma.c **** 
 1476              		.loc 1 770 3 is_stmt 0 view .LVU508
 1477 0020 9954     		strb	r1, [r3, r2]
 770:Drivers/STM32L0xx_HAL_Driver/Src/stm32l0xx_hal_dma.c **** 
 1478              		.loc 1 770 3 is_stmt 1 view .LVU509
 772:Drivers/STM32L0xx_HAL_Driver/Src/stm32l0xx_hal_dma.c **** }
 1479              		.loc 1 772 3 view .LVU510
 1480              	.LVL100:
 1481              	.L75:
 773:Drivers/STM32L0xx_HAL_Driver/Src/stm32l0xx_hal_dma.c **** 
 1482              		.loc 1 773 1 is_stmt 0 view .LVU511
 1483              		@ sp needed
 1484 0022 7047     		bx	lr
 1485              	.LVL101:
 1486              	.L85:
 734:Drivers/STM32L0xx_HAL_Driver/Src/stm32l0xx_hal_dma.c ****     {
 1487              		.loc 1 734 5 is_stmt 1 view .LVU512
 1488 0024 0429     		cmp	r1, #4
 1489 0026 F9D8     		bhi	.L76
 1490 0028 8A00     		lsls	r2, r1, #2
 1491 002a 0E48     		ldr	r0, .L86
 1492 002c 8258     		ldr	r2, [r0, r2]
 1493 002e 9746     		mov	pc, r2
 1494              		.section	.rodata.HAL_DMA_UnRegisterCallback,"a",%progbits
 1495              		.align	2
 1496              	.L78:
 1497 0000 30000000 		.word	.L82
 1498 0004 38000000 		.word	.L81
 1499 0008 40000000 		.word	.L80
 1500 000c 48000000 		.word	.L79
 1501 0010 50000000 		.word	.L77
 1502              		.section	.text.HAL_DMA_UnRegisterCallback
 1503              	.L82:
 737:Drivers/STM32L0xx_HAL_Driver/Src/stm32l0xx_hal_dma.c ****            break;
 1504              		.loc 1 737 12 view .LVU513
 737:Drivers/STM32L0xx_HAL_Driver/Src/stm32l0xx_hal_dma.c ****            break;
 1505              		.loc 1 737 35 is_stmt 0 view .LVU514
 1506 0030 0022     		movs	r2, #0
 1507 0032 DA62     		str	r2, [r3, #44]
 738:Drivers/STM32L0xx_HAL_Driver/Src/stm32l0xx_hal_dma.c **** 
 1508              		.loc 1 738 12 is_stmt 1 view .LVU515
 727:Drivers/STM32L0xx_HAL_Driver/Src/stm32l0xx_hal_dma.c **** 
ARM GAS  /var/folders/d7/pb3dkhys6j3db_qtp_8v34p80000gn/T//ccEgHk0R.s 			page 51


 1509              		.loc 1 727 21 is_stmt 0 view .LVU516
 1510 0034 0800     		movs	r0, r1
 738:Drivers/STM32L0xx_HAL_Driver/Src/stm32l0xx_hal_dma.c **** 
 1511              		.loc 1 738 12 view .LVU517
 1512 0036 F1E7     		b	.L76
 1513              	.L81:
 741:Drivers/STM32L0xx_HAL_Driver/Src/stm32l0xx_hal_dma.c ****            break;
 1514              		.loc 1 741 12 is_stmt 1 view .LVU518
 741:Drivers/STM32L0xx_HAL_Driver/Src/stm32l0xx_hal_dma.c ****            break;
 1515              		.loc 1 741 39 is_stmt 0 view .LVU519
 1516 0038 0022     		movs	r2, #0
 1517 003a 1A63     		str	r2, [r3, #48]
 742:Drivers/STM32L0xx_HAL_Driver/Src/stm32l0xx_hal_dma.c **** 
 1518              		.loc 1 742 12 is_stmt 1 view .LVU520
 727:Drivers/STM32L0xx_HAL_Driver/Src/stm32l0xx_hal_dma.c **** 
 1519              		.loc 1 727 21 is_stmt 0 view .LVU521
 1520 003c 0020     		movs	r0, #0
 742:Drivers/STM32L0xx_HAL_Driver/Src/stm32l0xx_hal_dma.c **** 
 1521              		.loc 1 742 12 view .LVU522
 1522 003e EDE7     		b	.L76
 1523              	.L80:
 745:Drivers/STM32L0xx_HAL_Driver/Src/stm32l0xx_hal_dma.c ****            break;
 1524              		.loc 1 745 12 is_stmt 1 view .LVU523
 745:Drivers/STM32L0xx_HAL_Driver/Src/stm32l0xx_hal_dma.c ****            break;
 1525              		.loc 1 745 36 is_stmt 0 view .LVU524
 1526 0040 0022     		movs	r2, #0
 1527 0042 5A63     		str	r2, [r3, #52]
 746:Drivers/STM32L0xx_HAL_Driver/Src/stm32l0xx_hal_dma.c **** 
 1528              		.loc 1 746 12 is_stmt 1 view .LVU525
 727:Drivers/STM32L0xx_HAL_Driver/Src/stm32l0xx_hal_dma.c **** 
 1529              		.loc 1 727 21 is_stmt 0 view .LVU526
 1530 0044 0020     		movs	r0, #0
 746:Drivers/STM32L0xx_HAL_Driver/Src/stm32l0xx_hal_dma.c **** 
 1531              		.loc 1 746 12 view .LVU527
 1532 0046 E9E7     		b	.L76
 1533              	.L79:
 749:Drivers/STM32L0xx_HAL_Driver/Src/stm32l0xx_hal_dma.c ****            break;
 1534              		.loc 1 749 12 is_stmt 1 view .LVU528
 749:Drivers/STM32L0xx_HAL_Driver/Src/stm32l0xx_hal_dma.c ****            break;
 1535              		.loc 1 749 36 is_stmt 0 view .LVU529
 1536 0048 0022     		movs	r2, #0
 1537 004a 9A63     		str	r2, [r3, #56]
 750:Drivers/STM32L0xx_HAL_Driver/Src/stm32l0xx_hal_dma.c **** 
 1538              		.loc 1 750 12 is_stmt 1 view .LVU530
 727:Drivers/STM32L0xx_HAL_Driver/Src/stm32l0xx_hal_dma.c **** 
 1539              		.loc 1 727 21 is_stmt 0 view .LVU531
 1540 004c 0020     		movs	r0, #0
 750:Drivers/STM32L0xx_HAL_Driver/Src/stm32l0xx_hal_dma.c **** 
 1541              		.loc 1 750 12 view .LVU532
 1542 004e E5E7     		b	.L76
 1543              	.L77:
 753:Drivers/STM32L0xx_HAL_Driver/Src/stm32l0xx_hal_dma.c ****            hdma->XferHalfCpltCallback = NULL;
 1544              		.loc 1 753 12 is_stmt 1 view .LVU533
 753:Drivers/STM32L0xx_HAL_Driver/Src/stm32l0xx_hal_dma.c ****            hdma->XferHalfCpltCallback = NULL;
 1545              		.loc 1 753 35 is_stmt 0 view .LVU534
 1546 0050 0022     		movs	r2, #0
 1547 0052 DA62     		str	r2, [r3, #44]
ARM GAS  /var/folders/d7/pb3dkhys6j3db_qtp_8v34p80000gn/T//ccEgHk0R.s 			page 52


 754:Drivers/STM32L0xx_HAL_Driver/Src/stm32l0xx_hal_dma.c ****            hdma->XferErrorCallback = NULL;
 1548              		.loc 1 754 12 is_stmt 1 view .LVU535
 754:Drivers/STM32L0xx_HAL_Driver/Src/stm32l0xx_hal_dma.c ****            hdma->XferErrorCallback = NULL;
 1549              		.loc 1 754 39 is_stmt 0 view .LVU536
 1550 0054 1A63     		str	r2, [r3, #48]
 755:Drivers/STM32L0xx_HAL_Driver/Src/stm32l0xx_hal_dma.c ****            hdma->XferAbortCallback = NULL;
 1551              		.loc 1 755 12 is_stmt 1 view .LVU537
 755:Drivers/STM32L0xx_HAL_Driver/Src/stm32l0xx_hal_dma.c ****            hdma->XferAbortCallback = NULL;
 1552              		.loc 1 755 36 is_stmt 0 view .LVU538
 1553 0056 5A63     		str	r2, [r3, #52]
 756:Drivers/STM32L0xx_HAL_Driver/Src/stm32l0xx_hal_dma.c ****            break;
 1554              		.loc 1 756 12 is_stmt 1 view .LVU539
 756:Drivers/STM32L0xx_HAL_Driver/Src/stm32l0xx_hal_dma.c ****            break;
 1555              		.loc 1 756 36 is_stmt 0 view .LVU540
 1556 0058 9A63     		str	r2, [r3, #56]
 757:Drivers/STM32L0xx_HAL_Driver/Src/stm32l0xx_hal_dma.c **** 
 1557              		.loc 1 757 12 is_stmt 1 view .LVU541
 727:Drivers/STM32L0xx_HAL_Driver/Src/stm32l0xx_hal_dma.c **** 
 1558              		.loc 1 727 21 is_stmt 0 view .LVU542
 1559 005a 0020     		movs	r0, #0
 757:Drivers/STM32L0xx_HAL_Driver/Src/stm32l0xx_hal_dma.c **** 
 1560              		.loc 1 757 12 view .LVU543
 1561 005c DEE7     		b	.L76
 1562              	.LVL102:
 1563              	.L83:
 730:Drivers/STM32L0xx_HAL_Driver/Src/stm32l0xx_hal_dma.c **** 
 1564              		.loc 1 730 3 discriminator 1 view .LVU544
 1565 005e 0220     		movs	r0, #2
 1566              	.LVL103:
 730:Drivers/STM32L0xx_HAL_Driver/Src/stm32l0xx_hal_dma.c **** 
 1567              		.loc 1 730 3 discriminator 1 view .LVU545
 1568 0060 DFE7     		b	.L75
 1569              	.L87:
 1570 0062 C046     		.align	2
 1571              	.L86:
 1572 0064 00000000 		.word	.L78
 1573              		.cfi_endproc
 1574              	.LFE56:
 1576              		.section	.text.HAL_DMA_GetState,"ax",%progbits
 1577              		.align	1
 1578              		.global	HAL_DMA_GetState
 1579              		.syntax unified
 1580              		.code	16
 1581              		.thumb_func
 1583              	HAL_DMA_GetState:
 1584              	.LVL104:
 1585              	.LFB57:
 804:Drivers/STM32L0xx_HAL_Driver/Src/stm32l0xx_hal_dma.c ****   /* Return DMA handle state */
 1586              		.loc 1 804 1 is_stmt 1 view -0
 1587              		.cfi_startproc
 1588              		@ args = 0, pretend = 0, frame = 0
 1589              		@ frame_needed = 0, uses_anonymous_args = 0
 1590              		@ link register save eliminated.
 806:Drivers/STM32L0xx_HAL_Driver/Src/stm32l0xx_hal_dma.c **** }
 1591              		.loc 1 806 3 view .LVU547
 806:Drivers/STM32L0xx_HAL_Driver/Src/stm32l0xx_hal_dma.c **** }
 1592              		.loc 1 806 14 is_stmt 0 view .LVU548
ARM GAS  /var/folders/d7/pb3dkhys6j3db_qtp_8v34p80000gn/T//ccEgHk0R.s 			page 53


 1593 0000 2523     		movs	r3, #37
 1594 0002 C05C     		ldrb	r0, [r0, r3]
 1595              	.LVL105:
 806:Drivers/STM32L0xx_HAL_Driver/Src/stm32l0xx_hal_dma.c **** }
 1596              		.loc 1 806 14 view .LVU549
 1597 0004 C0B2     		uxtb	r0, r0
 807:Drivers/STM32L0xx_HAL_Driver/Src/stm32l0xx_hal_dma.c **** 
 1598              		.loc 1 807 1 view .LVU550
 1599              		@ sp needed
 1600 0006 7047     		bx	lr
 1601              		.cfi_endproc
 1602              	.LFE57:
 1604              		.section	.text.HAL_DMA_GetError,"ax",%progbits
 1605              		.align	1
 1606              		.global	HAL_DMA_GetError
 1607              		.syntax unified
 1608              		.code	16
 1609              		.thumb_func
 1611              	HAL_DMA_GetError:
 1612              	.LVL106:
 1613              	.LFB58:
 816:Drivers/STM32L0xx_HAL_Driver/Src/stm32l0xx_hal_dma.c ****   return hdma->ErrorCode;
 1614              		.loc 1 816 1 is_stmt 1 view -0
 1615              		.cfi_startproc
 1616              		@ args = 0, pretend = 0, frame = 0
 1617              		@ frame_needed = 0, uses_anonymous_args = 0
 1618              		@ link register save eliminated.
 817:Drivers/STM32L0xx_HAL_Driver/Src/stm32l0xx_hal_dma.c **** }
 1619              		.loc 1 817 3 view .LVU552
 817:Drivers/STM32L0xx_HAL_Driver/Src/stm32l0xx_hal_dma.c **** }
 1620              		.loc 1 817 14 is_stmt 0 view .LVU553
 1621 0000 C06B     		ldr	r0, [r0, #60]
 1622              	.LVL107:
 818:Drivers/STM32L0xx_HAL_Driver/Src/stm32l0xx_hal_dma.c **** 
 1623              		.loc 1 818 1 view .LVU554
 1624              		@ sp needed
 1625 0002 7047     		bx	lr
 1626              		.cfi_endproc
 1627              	.LFE58:
 1629              		.text
 1630              	.Letext0:
 1631              		.file 2 "/Applications/ArmGNUToolchain/14.3.rel1/arm-none-eabi/arm-none-eabi/include/machine/_defa
 1632              		.file 3 "/Applications/ArmGNUToolchain/14.3.rel1/arm-none-eabi/arm-none-eabi/include/sys/_stdint.h
 1633              		.file 4 "Drivers/CMSIS/Device/ST/STM32L0xx/Include/stm32l053xx.h"
 1634              		.file 5 "Drivers/STM32L0xx_HAL_Driver/Inc/stm32l0xx_hal_def.h"
 1635              		.file 6 "Drivers/STM32L0xx_HAL_Driver/Inc/stm32l0xx_hal_dma.h"
 1636              		.file 7 "Drivers/STM32L0xx_HAL_Driver/Inc/stm32l0xx_hal.h"
ARM GAS  /var/folders/d7/pb3dkhys6j3db_qtp_8v34p80000gn/T//ccEgHk0R.s 			page 54


DEFINED SYMBOLS
                            *ABS*:00000000 stm32l0xx_hal_dma.c
/var/folders/d7/pb3dkhys6j3db_qtp_8v34p80000gn/T//ccEgHk0R.s:19     .text.DMA_SetConfig:00000000 $t
/var/folders/d7/pb3dkhys6j3db_qtp_8v34p80000gn/T//ccEgHk0R.s:24     .text.DMA_SetConfig:00000000 DMA_SetConfig
/var/folders/d7/pb3dkhys6j3db_qtp_8v34p80000gn/T//ccEgHk0R.s:97     .text.HAL_DMA_Init:00000000 $t
/var/folders/d7/pb3dkhys6j3db_qtp_8v34p80000gn/T//ccEgHk0R.s:103    .text.HAL_DMA_Init:00000000 HAL_DMA_Init
/var/folders/d7/pb3dkhys6j3db_qtp_8v34p80000gn/T//ccEgHk0R.s:273    .text.HAL_DMA_Init:00000088 $d
/var/folders/d7/pb3dkhys6j3db_qtp_8v34p80000gn/T//ccEgHk0R.s:281    .text.HAL_DMA_DeInit:00000000 $t
/var/folders/d7/pb3dkhys6j3db_qtp_8v34p80000gn/T//ccEgHk0R.s:287    .text.HAL_DMA_DeInit:00000000 HAL_DMA_DeInit
/var/folders/d7/pb3dkhys6j3db_qtp_8v34p80000gn/T//ccEgHk0R.s:405    .text.HAL_DMA_DeInit:00000060 $d
/var/folders/d7/pb3dkhys6j3db_qtp_8v34p80000gn/T//ccEgHk0R.s:412    .text.HAL_DMA_Start:00000000 $t
/var/folders/d7/pb3dkhys6j3db_qtp_8v34p80000gn/T//ccEgHk0R.s:418    .text.HAL_DMA_Start:00000000 HAL_DMA_Start
/var/folders/d7/pb3dkhys6j3db_qtp_8v34p80000gn/T//ccEgHk0R.s:516    .text.HAL_DMA_Start_IT:00000000 $t
/var/folders/d7/pb3dkhys6j3db_qtp_8v34p80000gn/T//ccEgHk0R.s:522    .text.HAL_DMA_Start_IT:00000000 HAL_DMA_Start_IT
/var/folders/d7/pb3dkhys6j3db_qtp_8v34p80000gn/T//ccEgHk0R.s:648    .text.HAL_DMA_Abort:00000000 $t
/var/folders/d7/pb3dkhys6j3db_qtp_8v34p80000gn/T//ccEgHk0R.s:654    .text.HAL_DMA_Abort:00000000 HAL_DMA_Abort
/var/folders/d7/pb3dkhys6j3db_qtp_8v34p80000gn/T//ccEgHk0R.s:741    .text.HAL_DMA_Abort_IT:00000000 $t
/var/folders/d7/pb3dkhys6j3db_qtp_8v34p80000gn/T//ccEgHk0R.s:747    .text.HAL_DMA_Abort_IT:00000000 HAL_DMA_Abort_IT
/var/folders/d7/pb3dkhys6j3db_qtp_8v34p80000gn/T//ccEgHk0R.s:843    .text.HAL_DMA_PollForTransfer:00000000 $t
/var/folders/d7/pb3dkhys6j3db_qtp_8v34p80000gn/T//ccEgHk0R.s:849    .text.HAL_DMA_PollForTransfer:00000000 HAL_DMA_PollForTransfer
/var/folders/d7/pb3dkhys6j3db_qtp_8v34p80000gn/T//ccEgHk0R.s:1100   .text.HAL_DMA_IRQHandler:00000000 $t
/var/folders/d7/pb3dkhys6j3db_qtp_8v34p80000gn/T//ccEgHk0R.s:1106   .text.HAL_DMA_IRQHandler:00000000 HAL_DMA_IRQHandler
/var/folders/d7/pb3dkhys6j3db_qtp_8v34p80000gn/T//ccEgHk0R.s:1309   .text.HAL_DMA_RegisterCallback:00000000 $t
/var/folders/d7/pb3dkhys6j3db_qtp_8v34p80000gn/T//ccEgHk0R.s:1315   .text.HAL_DMA_RegisterCallback:00000000 HAL_DMA_RegisterCallback
/var/folders/d7/pb3dkhys6j3db_qtp_8v34p80000gn/T//ccEgHk0R.s:1428   .text.HAL_DMA_UnRegisterCallback:00000000 $t
/var/folders/d7/pb3dkhys6j3db_qtp_8v34p80000gn/T//ccEgHk0R.s:1434   .text.HAL_DMA_UnRegisterCallback:00000000 HAL_DMA_UnRegisterCallback
/var/folders/d7/pb3dkhys6j3db_qtp_8v34p80000gn/T//ccEgHk0R.s:1495   .rodata.HAL_DMA_UnRegisterCallback:00000000 $d
/var/folders/d7/pb3dkhys6j3db_qtp_8v34p80000gn/T//ccEgHk0R.s:1572   .text.HAL_DMA_UnRegisterCallback:00000064 $d
/var/folders/d7/pb3dkhys6j3db_qtp_8v34p80000gn/T//ccEgHk0R.s:1577   .text.HAL_DMA_GetState:00000000 $t
/var/folders/d7/pb3dkhys6j3db_qtp_8v34p80000gn/T//ccEgHk0R.s:1583   .text.HAL_DMA_GetState:00000000 HAL_DMA_GetState
/var/folders/d7/pb3dkhys6j3db_qtp_8v34p80000gn/T//ccEgHk0R.s:1605   .text.HAL_DMA_GetError:00000000 $t
/var/folders/d7/pb3dkhys6j3db_qtp_8v34p80000gn/T//ccEgHk0R.s:1611   .text.HAL_DMA_GetError:00000000 HAL_DMA_GetError

UNDEFINED SYMBOLS
__aeabi_uidiv
HAL_GetTick
