ARM GAS  /var/folders/d7/pb3dkhys6j3db_qtp_8v34p80000gn/T//cc1cqqta.s 			page 1


   1              		.cpu cortex-m0plus
   2              		.arch armv6s-m
   3              		.fpu softvfp
   4              		.eabi_attribute 20, 1
   5              		.eabi_attribute 21, 1
   6              		.eabi_attribute 23, 3
   7              		.eabi_attribute 24, 1
   8              		.eabi_attribute 25, 1
   9              		.eabi_attribute 26, 1
  10              		.eabi_attribute 30, 1
  11              		.eabi_attribute 34, 0
  12              		.eabi_attribute 18, 4
  13              		.file	"stm32l0xx_hal_flash.c"
  14              		.text
  15              	.Ltext0:
  16              		.cfi_sections	.debug_frame
  17              		.file 1 "Drivers/STM32L0xx_HAL_Driver/Src/stm32l0xx_hal_flash.c"
  18              		.section	.text.FLASH_SetErrorCode,"ax",%progbits
  19              		.align	1
  20              		.syntax unified
  21              		.code	16
  22              		.thumb_func
  24              	FLASH_SetErrorCode:
  25              	.LFB59:
   1:Drivers/STM32L0xx_HAL_Driver/Src/stm32l0xx_hal_flash.c **** /**
   2:Drivers/STM32L0xx_HAL_Driver/Src/stm32l0xx_hal_flash.c ****   ******************************************************************************
   3:Drivers/STM32L0xx_HAL_Driver/Src/stm32l0xx_hal_flash.c ****   * @file    stm32l0xx_hal_flash.c
   4:Drivers/STM32L0xx_HAL_Driver/Src/stm32l0xx_hal_flash.c ****   * @author  MCD Application Team
   5:Drivers/STM32L0xx_HAL_Driver/Src/stm32l0xx_hal_flash.c ****   * @brief   FLASH HAL module driver.
   6:Drivers/STM32L0xx_HAL_Driver/Src/stm32l0xx_hal_flash.c ****   *          This file provides firmware functions to manage the following 
   7:Drivers/STM32L0xx_HAL_Driver/Src/stm32l0xx_hal_flash.c ****   *          functionalities of the internal FLASH memory:
   8:Drivers/STM32L0xx_HAL_Driver/Src/stm32l0xx_hal_flash.c ****   *           + Program operations functions
   9:Drivers/STM32L0xx_HAL_Driver/Src/stm32l0xx_hal_flash.c ****   *           + Memory Control functions 
  10:Drivers/STM32L0xx_HAL_Driver/Src/stm32l0xx_hal_flash.c ****   *           + Peripheral State functions
  11:Drivers/STM32L0xx_HAL_Driver/Src/stm32l0xx_hal_flash.c ****   *         
  12:Drivers/STM32L0xx_HAL_Driver/Src/stm32l0xx_hal_flash.c ****   @verbatim
  13:Drivers/STM32L0xx_HAL_Driver/Src/stm32l0xx_hal_flash.c ****   ==============================================================================
  14:Drivers/STM32L0xx_HAL_Driver/Src/stm32l0xx_hal_flash.c ****                         ##### FLASH peripheral features #####
  15:Drivers/STM32L0xx_HAL_Driver/Src/stm32l0xx_hal_flash.c ****   ==============================================================================
  16:Drivers/STM32L0xx_HAL_Driver/Src/stm32l0xx_hal_flash.c ****   [..] The Flash memory interface manages CPU AHB I-Code and D-Code accesses 
  17:Drivers/STM32L0xx_HAL_Driver/Src/stm32l0xx_hal_flash.c ****        to the Flash memory. It implements the erase and program Flash memory operations 
  18:Drivers/STM32L0xx_HAL_Driver/Src/stm32l0xx_hal_flash.c ****        and the read and write protection mechanisms.
  19:Drivers/STM32L0xx_HAL_Driver/Src/stm32l0xx_hal_flash.c **** 
  20:Drivers/STM32L0xx_HAL_Driver/Src/stm32l0xx_hal_flash.c ****   [..] The Flash memory interface accelerates code execution with a system of instruction
  21:Drivers/STM32L0xx_HAL_Driver/Src/stm32l0xx_hal_flash.c ****       prefetch. 
  22:Drivers/STM32L0xx_HAL_Driver/Src/stm32l0xx_hal_flash.c **** 
  23:Drivers/STM32L0xx_HAL_Driver/Src/stm32l0xx_hal_flash.c ****   [..] The FLASH main features are:
  24:Drivers/STM32L0xx_HAL_Driver/Src/stm32l0xx_hal_flash.c ****       (+) Flash memory read operations
  25:Drivers/STM32L0xx_HAL_Driver/Src/stm32l0xx_hal_flash.c ****       (+) Flash memory program/erase operations
  26:Drivers/STM32L0xx_HAL_Driver/Src/stm32l0xx_hal_flash.c ****       (+) Read / write protections
  27:Drivers/STM32L0xx_HAL_Driver/Src/stm32l0xx_hal_flash.c ****       (+) Prefetch on I-Code
  28:Drivers/STM32L0xx_HAL_Driver/Src/stm32l0xx_hal_flash.c ****       (+) Option Bytes programming
  29:Drivers/STM32L0xx_HAL_Driver/Src/stm32l0xx_hal_flash.c **** 
  30:Drivers/STM32L0xx_HAL_Driver/Src/stm32l0xx_hal_flash.c **** 
  31:Drivers/STM32L0xx_HAL_Driver/Src/stm32l0xx_hal_flash.c ****                      ##### How to use this driver #####
  32:Drivers/STM32L0xx_HAL_Driver/Src/stm32l0xx_hal_flash.c ****   ==============================================================================
  33:Drivers/STM32L0xx_HAL_Driver/Src/stm32l0xx_hal_flash.c ****   [..]                             
ARM GAS  /var/folders/d7/pb3dkhys6j3db_qtp_8v34p80000gn/T//cc1cqqta.s 			page 2


  34:Drivers/STM32L0xx_HAL_Driver/Src/stm32l0xx_hal_flash.c ****       This driver provides functions and macros to configure and program the FLASH 
  35:Drivers/STM32L0xx_HAL_Driver/Src/stm32l0xx_hal_flash.c ****       memory of all STM32L0xx devices.
  36:Drivers/STM32L0xx_HAL_Driver/Src/stm32l0xx_hal_flash.c ****     
  37:Drivers/STM32L0xx_HAL_Driver/Src/stm32l0xx_hal_flash.c ****       (#) FLASH Memory I/O Programming functions: this group includes all needed
  38:Drivers/STM32L0xx_HAL_Driver/Src/stm32l0xx_hal_flash.c ****           functions to erase and program the main memory:
  39:Drivers/STM32L0xx_HAL_Driver/Src/stm32l0xx_hal_flash.c ****         (++) Lock and Unlock the FLASH interface
  40:Drivers/STM32L0xx_HAL_Driver/Src/stm32l0xx_hal_flash.c ****         (++) Erase function: Erase page
  41:Drivers/STM32L0xx_HAL_Driver/Src/stm32l0xx_hal_flash.c ****         (++) Program functions: Fast Word and Half Page(should be 
  42:Drivers/STM32L0xx_HAL_Driver/Src/stm32l0xx_hal_flash.c ****         executed from internal SRAM).
  43:Drivers/STM32L0xx_HAL_Driver/Src/stm32l0xx_hal_flash.c ****   
  44:Drivers/STM32L0xx_HAL_Driver/Src/stm32l0xx_hal_flash.c ****       (#) DATA EEPROM Programming functions: this group includes all 
  45:Drivers/STM32L0xx_HAL_Driver/Src/stm32l0xx_hal_flash.c ****           needed functions to erase and program the DATA EEPROM memory:
  46:Drivers/STM32L0xx_HAL_Driver/Src/stm32l0xx_hal_flash.c ****         (++) Lock and Unlock the DATA EEPROM interface.
  47:Drivers/STM32L0xx_HAL_Driver/Src/stm32l0xx_hal_flash.c ****         (++) Erase function: Erase Byte, erase HalfWord, erase Word, erase 
  48:Drivers/STM32L0xx_HAL_Driver/Src/stm32l0xx_hal_flash.c ****              Double Word (should be executed from internal SRAM).
  49:Drivers/STM32L0xx_HAL_Driver/Src/stm32l0xx_hal_flash.c ****         (++) Program functions: Fast Program Byte, Fast Program Half-Word, 
  50:Drivers/STM32L0xx_HAL_Driver/Src/stm32l0xx_hal_flash.c ****              FastProgramWord, Program Byte, Program Half-Word, 
  51:Drivers/STM32L0xx_HAL_Driver/Src/stm32l0xx_hal_flash.c ****              Program Word and Program Double-Word (should be executed 
  52:Drivers/STM32L0xx_HAL_Driver/Src/stm32l0xx_hal_flash.c ****              from internal SRAM).
  53:Drivers/STM32L0xx_HAL_Driver/Src/stm32l0xx_hal_flash.c **** 
  54:Drivers/STM32L0xx_HAL_Driver/Src/stm32l0xx_hal_flash.c ****       (#) FLASH Option Bytes Programming functions: this group includes all needed
  55:Drivers/STM32L0xx_HAL_Driver/Src/stm32l0xx_hal_flash.c ****           functions to manage the Option Bytes:
  56:Drivers/STM32L0xx_HAL_Driver/Src/stm32l0xx_hal_flash.c ****         (++) Lock and Unlock the Option Bytes
  57:Drivers/STM32L0xx_HAL_Driver/Src/stm32l0xx_hal_flash.c ****         (++) Set/Reset the write protection
  58:Drivers/STM32L0xx_HAL_Driver/Src/stm32l0xx_hal_flash.c ****         (++) Set the Read protection Level
  59:Drivers/STM32L0xx_HAL_Driver/Src/stm32l0xx_hal_flash.c ****         (++) Program the user Option Bytes
  60:Drivers/STM32L0xx_HAL_Driver/Src/stm32l0xx_hal_flash.c ****         (++) Launch the Option Bytes loader
  61:Drivers/STM32L0xx_HAL_Driver/Src/stm32l0xx_hal_flash.c ****         (++) Set/Get the Read protection Level.
  62:Drivers/STM32L0xx_HAL_Driver/Src/stm32l0xx_hal_flash.c ****         (++) Set/Get the BOR level.
  63:Drivers/STM32L0xx_HAL_Driver/Src/stm32l0xx_hal_flash.c ****         (++) Get the Write protection.
  64:Drivers/STM32L0xx_HAL_Driver/Src/stm32l0xx_hal_flash.c ****         (++) Get the user option bytes.
  65:Drivers/STM32L0xx_HAL_Driver/Src/stm32l0xx_hal_flash.c ****     
  66:Drivers/STM32L0xx_HAL_Driver/Src/stm32l0xx_hal_flash.c ****       (#) Interrupts and flags management functions : this group 
  67:Drivers/STM32L0xx_HAL_Driver/Src/stm32l0xx_hal_flash.c ****           includes all needed functions to:
  68:Drivers/STM32L0xx_HAL_Driver/Src/stm32l0xx_hal_flash.c ****         (++) Handle FLASH interrupts
  69:Drivers/STM32L0xx_HAL_Driver/Src/stm32l0xx_hal_flash.c ****         (++) Wait for last FLASH operation according to its status
  70:Drivers/STM32L0xx_HAL_Driver/Src/stm32l0xx_hal_flash.c ****         (++) Get error flag status
  71:Drivers/STM32L0xx_HAL_Driver/Src/stm32l0xx_hal_flash.c **** 
  72:Drivers/STM32L0xx_HAL_Driver/Src/stm32l0xx_hal_flash.c ****     (#) FLASH Interface configuration functions: this group includes 
  73:Drivers/STM32L0xx_HAL_Driver/Src/stm32l0xx_hal_flash.c ****       the management of following features:
  74:Drivers/STM32L0xx_HAL_Driver/Src/stm32l0xx_hal_flash.c ****       (++) Enable/Disable the RUN PowerDown mode.
  75:Drivers/STM32L0xx_HAL_Driver/Src/stm32l0xx_hal_flash.c ****       (++) Enable/Disable the SLEEP PowerDown mode.  
  76:Drivers/STM32L0xx_HAL_Driver/Src/stm32l0xx_hal_flash.c ****   
  77:Drivers/STM32L0xx_HAL_Driver/Src/stm32l0xx_hal_flash.c ****     (#) FLASH Peripheral State methods: this group includes 
  78:Drivers/STM32L0xx_HAL_Driver/Src/stm32l0xx_hal_flash.c ****       the management of following features:
  79:Drivers/STM32L0xx_HAL_Driver/Src/stm32l0xx_hal_flash.c ****       (++) Wait for the FLASH operation
  80:Drivers/STM32L0xx_HAL_Driver/Src/stm32l0xx_hal_flash.c ****       (++)  Get the specific FLASH error flag
  81:Drivers/STM32L0xx_HAL_Driver/Src/stm32l0xx_hal_flash.c ****     
  82:Drivers/STM32L0xx_HAL_Driver/Src/stm32l0xx_hal_flash.c ****   [..] In addition to these function, this driver includes a set of macros allowing
  83:Drivers/STM32L0xx_HAL_Driver/Src/stm32l0xx_hal_flash.c ****        to handle the following operations:
  84:Drivers/STM32L0xx_HAL_Driver/Src/stm32l0xx_hal_flash.c ****       
  85:Drivers/STM32L0xx_HAL_Driver/Src/stm32l0xx_hal_flash.c ****       (+) Set/Get the latency
  86:Drivers/STM32L0xx_HAL_Driver/Src/stm32l0xx_hal_flash.c ****       (+) Enable/Disable the prefetch buffer
  87:Drivers/STM32L0xx_HAL_Driver/Src/stm32l0xx_hal_flash.c ****       (+) Enable/Disable the preread buffer
  88:Drivers/STM32L0xx_HAL_Driver/Src/stm32l0xx_hal_flash.c ****       (+) Enable/Disable the Flash power-down
  89:Drivers/STM32L0xx_HAL_Driver/Src/stm32l0xx_hal_flash.c ****       (+) Enable/Disable the FLASH interrupts
  90:Drivers/STM32L0xx_HAL_Driver/Src/stm32l0xx_hal_flash.c ****       (+) Monitor the FLASH flags status
ARM GAS  /var/folders/d7/pb3dkhys6j3db_qtp_8v34p80000gn/T//cc1cqqta.s 			page 3


  91:Drivers/STM32L0xx_HAL_Driver/Src/stm32l0xx_hal_flash.c ****           
  92:Drivers/STM32L0xx_HAL_Driver/Src/stm32l0xx_hal_flash.c ****                  ##### Programming operation functions #####
  93:Drivers/STM32L0xx_HAL_Driver/Src/stm32l0xx_hal_flash.c ****   ===============================================================================  
  94:Drivers/STM32L0xx_HAL_Driver/Src/stm32l0xx_hal_flash.c ****      [..]
  95:Drivers/STM32L0xx_HAL_Driver/Src/stm32l0xx_hal_flash.c ****      This subsection provides a set of functions allowing to manage the FLASH 
  96:Drivers/STM32L0xx_HAL_Driver/Src/stm32l0xx_hal_flash.c ****      program operations.
  97:Drivers/STM32L0xx_HAL_Driver/Src/stm32l0xx_hal_flash.c ****   
  98:Drivers/STM32L0xx_HAL_Driver/Src/stm32l0xx_hal_flash.c ****     [..] The FLASH Memory Programming functions, includes the following functions:
  99:Drivers/STM32L0xx_HAL_Driver/Src/stm32l0xx_hal_flash.c ****      (+) HAL_FLASH_Unlock(void);
 100:Drivers/STM32L0xx_HAL_Driver/Src/stm32l0xx_hal_flash.c ****      (+) HAL_FLASH_Lock(void);
 101:Drivers/STM32L0xx_HAL_Driver/Src/stm32l0xx_hal_flash.c ****      (+) HAL_FLASH_Program(uint32_t TypeProgram, uint32_t Address, uint32_t Data)
 102:Drivers/STM32L0xx_HAL_Driver/Src/stm32l0xx_hal_flash.c ****      (+) HAL_FLASH_Program_IT(uint32_t TypeProgram, uint32_t Address, uint32_t Data)
 103:Drivers/STM32L0xx_HAL_Driver/Src/stm32l0xx_hal_flash.c ****     
 104:Drivers/STM32L0xx_HAL_Driver/Src/stm32l0xx_hal_flash.c ****      [..] Any operation of erase or program should follow these steps:
 105:Drivers/STM32L0xx_HAL_Driver/Src/stm32l0xx_hal_flash.c ****      (#) Call the HAL_FLASH_Unlock() function to enable the flash control register and 
 106:Drivers/STM32L0xx_HAL_Driver/Src/stm32l0xx_hal_flash.c ****          program memory access.
 107:Drivers/STM32L0xx_HAL_Driver/Src/stm32l0xx_hal_flash.c ****      (#) Call the desired function to erase page or program data.
 108:Drivers/STM32L0xx_HAL_Driver/Src/stm32l0xx_hal_flash.c ****      (#) Call the HAL_FLASH_Lock() to disable the flash program memory access 
 109:Drivers/STM32L0xx_HAL_Driver/Src/stm32l0xx_hal_flash.c ****         (recommended to protect the FLASH memory against possible unwanted operation).
 110:Drivers/STM32L0xx_HAL_Driver/Src/stm32l0xx_hal_flash.c ****   
 111:Drivers/STM32L0xx_HAL_Driver/Src/stm32l0xx_hal_flash.c ****                ##### Option Bytes Programming functions ##### 
 112:Drivers/STM32L0xx_HAL_Driver/Src/stm32l0xx_hal_flash.c ****    ==============================================================================  
 113:Drivers/STM32L0xx_HAL_Driver/Src/stm32l0xx_hal_flash.c ****   
 114:Drivers/STM32L0xx_HAL_Driver/Src/stm32l0xx_hal_flash.c ****      [..] The FLASH_Option Bytes Programming_functions, includes the following functions:
 115:Drivers/STM32L0xx_HAL_Driver/Src/stm32l0xx_hal_flash.c ****      (+) HAL_FLASH_OB_Unlock(void);
 116:Drivers/STM32L0xx_HAL_Driver/Src/stm32l0xx_hal_flash.c ****      (+) HAL_FLASH_OB_Lock(void);
 117:Drivers/STM32L0xx_HAL_Driver/Src/stm32l0xx_hal_flash.c ****      (+) HAL_FLASH_OB_Launch(void);
 118:Drivers/STM32L0xx_HAL_Driver/Src/stm32l0xx_hal_flash.c ****      (+) HAL_FLASHEx_OBProgram(FLASH_OBProgramInitTypeDef *pOBInit);
 119:Drivers/STM32L0xx_HAL_Driver/Src/stm32l0xx_hal_flash.c ****      (+) HAL_FLASHEx_OBGetConfig(FLASH_OBProgramInitTypeDef *pOBInit);
 120:Drivers/STM32L0xx_HAL_Driver/Src/stm32l0xx_hal_flash.c ****     
 121:Drivers/STM32L0xx_HAL_Driver/Src/stm32l0xx_hal_flash.c ****      [..] Any operation of erase or program should follow these steps:
 122:Drivers/STM32L0xx_HAL_Driver/Src/stm32l0xx_hal_flash.c ****      (#) Call the HAL_FLASH_OB_Unlock() function to enable the Flash option control 
 123:Drivers/STM32L0xx_HAL_Driver/Src/stm32l0xx_hal_flash.c ****          register access.
 124:Drivers/STM32L0xx_HAL_Driver/Src/stm32l0xx_hal_flash.c ****      (#) Call the following functions to program the desired option bytes.
 125:Drivers/STM32L0xx_HAL_Driver/Src/stm32l0xx_hal_flash.c ****          (++) HAL_FLASHEx_OBProgram(FLASH_OBProgramInitTypeDef *pOBInit);      
 126:Drivers/STM32L0xx_HAL_Driver/Src/stm32l0xx_hal_flash.c ****      (#) Once all needed option bytes to be programmed are correctly written, call the
 127:Drivers/STM32L0xx_HAL_Driver/Src/stm32l0xx_hal_flash.c ****          HAL_FLASH_OB_Launch(void) function to launch the Option Bytes programming process.
 128:Drivers/STM32L0xx_HAL_Driver/Src/stm32l0xx_hal_flash.c ****      (#) Call the HAL_FLASH_OB_Lock() to disable the Flash option control register access (recommen
 129:Drivers/STM32L0xx_HAL_Driver/Src/stm32l0xx_hal_flash.c ****          to protect the option Bytes against possible unwanted operations).
 130:Drivers/STM32L0xx_HAL_Driver/Src/stm32l0xx_hal_flash.c ****   
 131:Drivers/STM32L0xx_HAL_Driver/Src/stm32l0xx_hal_flash.c ****     [..] Proprietary code Read Out Protection (PcROP):    
 132:Drivers/STM32L0xx_HAL_Driver/Src/stm32l0xx_hal_flash.c ****     (#) The PcROP sector is selected by using the same option bytes as the Write
 133:Drivers/STM32L0xx_HAL_Driver/Src/stm32l0xx_hal_flash.c ****         protection. As a result, these 2 options are exclusive each other.
 134:Drivers/STM32L0xx_HAL_Driver/Src/stm32l0xx_hal_flash.c ****     (#) To activate PCROP mode for Flash sectors(s), you need to follow the sequence below:
 135:Drivers/STM32L0xx_HAL_Driver/Src/stm32l0xx_hal_flash.c ****         (++) Use this function HAL_FLASHEx_AdvOBProgram with PCROPState = OB_PCROP_STATE_ENABLE.
 136:Drivers/STM32L0xx_HAL_Driver/Src/stm32l0xx_hal_flash.c **** 
 137:Drivers/STM32L0xx_HAL_Driver/Src/stm32l0xx_hal_flash.c ****   @endverbatim
 138:Drivers/STM32L0xx_HAL_Driver/Src/stm32l0xx_hal_flash.c ****   ******************************************************************************
 139:Drivers/STM32L0xx_HAL_Driver/Src/stm32l0xx_hal_flash.c ****   * @attention
 140:Drivers/STM32L0xx_HAL_Driver/Src/stm32l0xx_hal_flash.c ****   *
 141:Drivers/STM32L0xx_HAL_Driver/Src/stm32l0xx_hal_flash.c ****   * Copyright (c) 2016 STMicroelectronics.
 142:Drivers/STM32L0xx_HAL_Driver/Src/stm32l0xx_hal_flash.c ****   * All rights reserved.
 143:Drivers/STM32L0xx_HAL_Driver/Src/stm32l0xx_hal_flash.c ****   *
 144:Drivers/STM32L0xx_HAL_Driver/Src/stm32l0xx_hal_flash.c ****   * This software is licensed under terms that can be found in the LICENSE file in
 145:Drivers/STM32L0xx_HAL_Driver/Src/stm32l0xx_hal_flash.c ****   * the root directory of this software component.
 146:Drivers/STM32L0xx_HAL_Driver/Src/stm32l0xx_hal_flash.c ****   * If no LICENSE file comes with this software, it is provided AS-IS.
 147:Drivers/STM32L0xx_HAL_Driver/Src/stm32l0xx_hal_flash.c ****   ******************************************************************************  
ARM GAS  /var/folders/d7/pb3dkhys6j3db_qtp_8v34p80000gn/T//cc1cqqta.s 			page 4


 148:Drivers/STM32L0xx_HAL_Driver/Src/stm32l0xx_hal_flash.c ****   */
 149:Drivers/STM32L0xx_HAL_Driver/Src/stm32l0xx_hal_flash.c **** 
 150:Drivers/STM32L0xx_HAL_Driver/Src/stm32l0xx_hal_flash.c **** /* Includes ------------------------------------------------------------------*/
 151:Drivers/STM32L0xx_HAL_Driver/Src/stm32l0xx_hal_flash.c **** #include "stm32l0xx_hal.h"
 152:Drivers/STM32L0xx_HAL_Driver/Src/stm32l0xx_hal_flash.c **** 
 153:Drivers/STM32L0xx_HAL_Driver/Src/stm32l0xx_hal_flash.c **** /** @addtogroup STM32L0xx_HAL_Driver
 154:Drivers/STM32L0xx_HAL_Driver/Src/stm32l0xx_hal_flash.c ****   * @{
 155:Drivers/STM32L0xx_HAL_Driver/Src/stm32l0xx_hal_flash.c ****   */
 156:Drivers/STM32L0xx_HAL_Driver/Src/stm32l0xx_hal_flash.c **** 
 157:Drivers/STM32L0xx_HAL_Driver/Src/stm32l0xx_hal_flash.c **** #ifdef HAL_FLASH_MODULE_ENABLED
 158:Drivers/STM32L0xx_HAL_Driver/Src/stm32l0xx_hal_flash.c **** 
 159:Drivers/STM32L0xx_HAL_Driver/Src/stm32l0xx_hal_flash.c **** /** @defgroup FLASH FLASH
 160:Drivers/STM32L0xx_HAL_Driver/Src/stm32l0xx_hal_flash.c ****   * @brief FLASH HAL module driver
 161:Drivers/STM32L0xx_HAL_Driver/Src/stm32l0xx_hal_flash.c ****   * @{
 162:Drivers/STM32L0xx_HAL_Driver/Src/stm32l0xx_hal_flash.c ****   */
 163:Drivers/STM32L0xx_HAL_Driver/Src/stm32l0xx_hal_flash.c **** 
 164:Drivers/STM32L0xx_HAL_Driver/Src/stm32l0xx_hal_flash.c **** /* Private typedef -----------------------------------------------------------*/
 165:Drivers/STM32L0xx_HAL_Driver/Src/stm32l0xx_hal_flash.c **** /* Private define ------------------------------------------------------------*/
 166:Drivers/STM32L0xx_HAL_Driver/Src/stm32l0xx_hal_flash.c **** /** @defgroup FLASH_Private_Constants FLASH Private Constants
 167:Drivers/STM32L0xx_HAL_Driver/Src/stm32l0xx_hal_flash.c ****   * @{
 168:Drivers/STM32L0xx_HAL_Driver/Src/stm32l0xx_hal_flash.c ****   */
 169:Drivers/STM32L0xx_HAL_Driver/Src/stm32l0xx_hal_flash.c **** /**
 170:Drivers/STM32L0xx_HAL_Driver/Src/stm32l0xx_hal_flash.c ****   * @}
 171:Drivers/STM32L0xx_HAL_Driver/Src/stm32l0xx_hal_flash.c ****   */
 172:Drivers/STM32L0xx_HAL_Driver/Src/stm32l0xx_hal_flash.c **** 
 173:Drivers/STM32L0xx_HAL_Driver/Src/stm32l0xx_hal_flash.c **** /* Private macro ---------------------------- ---------------------------------*/
 174:Drivers/STM32L0xx_HAL_Driver/Src/stm32l0xx_hal_flash.c **** /** @defgroup FLASH_Private_Macros FLASH Private Macros
 175:Drivers/STM32L0xx_HAL_Driver/Src/stm32l0xx_hal_flash.c ****   * @{
 176:Drivers/STM32L0xx_HAL_Driver/Src/stm32l0xx_hal_flash.c ****   */
 177:Drivers/STM32L0xx_HAL_Driver/Src/stm32l0xx_hal_flash.c ****  
 178:Drivers/STM32L0xx_HAL_Driver/Src/stm32l0xx_hal_flash.c **** /**
 179:Drivers/STM32L0xx_HAL_Driver/Src/stm32l0xx_hal_flash.c ****   * @}
 180:Drivers/STM32L0xx_HAL_Driver/Src/stm32l0xx_hal_flash.c ****   */
 181:Drivers/STM32L0xx_HAL_Driver/Src/stm32l0xx_hal_flash.c **** 
 182:Drivers/STM32L0xx_HAL_Driver/Src/stm32l0xx_hal_flash.c **** /* Private variables ---------------------------------------------------------*/
 183:Drivers/STM32L0xx_HAL_Driver/Src/stm32l0xx_hal_flash.c **** /** @defgroup FLASH_Private_Variables FLASH Private Variables
 184:Drivers/STM32L0xx_HAL_Driver/Src/stm32l0xx_hal_flash.c ****   * @{
 185:Drivers/STM32L0xx_HAL_Driver/Src/stm32l0xx_hal_flash.c ****   */
 186:Drivers/STM32L0xx_HAL_Driver/Src/stm32l0xx_hal_flash.c **** /* Variables used for Erase pages under interruption*/
 187:Drivers/STM32L0xx_HAL_Driver/Src/stm32l0xx_hal_flash.c **** FLASH_ProcessTypeDef pFlash;
 188:Drivers/STM32L0xx_HAL_Driver/Src/stm32l0xx_hal_flash.c **** /**
 189:Drivers/STM32L0xx_HAL_Driver/Src/stm32l0xx_hal_flash.c ****   * @}
 190:Drivers/STM32L0xx_HAL_Driver/Src/stm32l0xx_hal_flash.c ****   */
 191:Drivers/STM32L0xx_HAL_Driver/Src/stm32l0xx_hal_flash.c **** 
 192:Drivers/STM32L0xx_HAL_Driver/Src/stm32l0xx_hal_flash.c **** /* Private function prototypes -----------------------------------------------*/
 193:Drivers/STM32L0xx_HAL_Driver/Src/stm32l0xx_hal_flash.c **** /** @defgroup FLASH_Private_Functions FLASH Private Functions
 194:Drivers/STM32L0xx_HAL_Driver/Src/stm32l0xx_hal_flash.c ****   * @{
 195:Drivers/STM32L0xx_HAL_Driver/Src/stm32l0xx_hal_flash.c ****   */
 196:Drivers/STM32L0xx_HAL_Driver/Src/stm32l0xx_hal_flash.c **** static  void   FLASH_SetErrorCode(void);
 197:Drivers/STM32L0xx_HAL_Driver/Src/stm32l0xx_hal_flash.c **** /**
 198:Drivers/STM32L0xx_HAL_Driver/Src/stm32l0xx_hal_flash.c ****   * @}
 199:Drivers/STM32L0xx_HAL_Driver/Src/stm32l0xx_hal_flash.c ****   */
 200:Drivers/STM32L0xx_HAL_Driver/Src/stm32l0xx_hal_flash.c **** 
 201:Drivers/STM32L0xx_HAL_Driver/Src/stm32l0xx_hal_flash.c **** /* Exported functions ---------------------------------------------------------*/
 202:Drivers/STM32L0xx_HAL_Driver/Src/stm32l0xx_hal_flash.c **** /** @defgroup FLASH_Exported_Functions FLASH Exported Functions
 203:Drivers/STM32L0xx_HAL_Driver/Src/stm32l0xx_hal_flash.c ****   * @{
 204:Drivers/STM32L0xx_HAL_Driver/Src/stm32l0xx_hal_flash.c ****   */
ARM GAS  /var/folders/d7/pb3dkhys6j3db_qtp_8v34p80000gn/T//cc1cqqta.s 			page 5


 205:Drivers/STM32L0xx_HAL_Driver/Src/stm32l0xx_hal_flash.c ****   
 206:Drivers/STM32L0xx_HAL_Driver/Src/stm32l0xx_hal_flash.c **** /** @defgroup FLASH_Exported_Functions_Group1 Programming operation functions 
 207:Drivers/STM32L0xx_HAL_Driver/Src/stm32l0xx_hal_flash.c ****   *  @brief   Programming operation functions 
 208:Drivers/STM32L0xx_HAL_Driver/Src/stm32l0xx_hal_flash.c ****   *
 209:Drivers/STM32L0xx_HAL_Driver/Src/stm32l0xx_hal_flash.c **** @verbatim   
 210:Drivers/STM32L0xx_HAL_Driver/Src/stm32l0xx_hal_flash.c **** @endverbatim
 211:Drivers/STM32L0xx_HAL_Driver/Src/stm32l0xx_hal_flash.c ****   * @{
 212:Drivers/STM32L0xx_HAL_Driver/Src/stm32l0xx_hal_flash.c ****   */
 213:Drivers/STM32L0xx_HAL_Driver/Src/stm32l0xx_hal_flash.c **** 
 214:Drivers/STM32L0xx_HAL_Driver/Src/stm32l0xx_hal_flash.c **** /**
 215:Drivers/STM32L0xx_HAL_Driver/Src/stm32l0xx_hal_flash.c ****   * @brief  Program word at a specified address
 216:Drivers/STM32L0xx_HAL_Driver/Src/stm32l0xx_hal_flash.c ****   * @note   To correctly run this function, the HAL_FLASH_Unlock() function
 217:Drivers/STM32L0xx_HAL_Driver/Src/stm32l0xx_hal_flash.c ****   *         must be called before.
 218:Drivers/STM32L0xx_HAL_Driver/Src/stm32l0xx_hal_flash.c ****   *         Call the HAL_FLASH_Lock() to disable the flash memory access
 219:Drivers/STM32L0xx_HAL_Driver/Src/stm32l0xx_hal_flash.c ****   *         (recommended to protect the FLASH memory against possible unwanted operation).
 220:Drivers/STM32L0xx_HAL_Driver/Src/stm32l0xx_hal_flash.c ****   *
 221:Drivers/STM32L0xx_HAL_Driver/Src/stm32l0xx_hal_flash.c ****   * @param  TypeProgram   Indicate the way to program at a specified address.
 222:Drivers/STM32L0xx_HAL_Driver/Src/stm32l0xx_hal_flash.c ****   *                       This parameter can be a value of @ref FLASH_Type_Program
 223:Drivers/STM32L0xx_HAL_Driver/Src/stm32l0xx_hal_flash.c ****   * @param  Address       Specifie the address to be programmed.
 224:Drivers/STM32L0xx_HAL_Driver/Src/stm32l0xx_hal_flash.c ****   * @param  Data          Specifie the data to be programmed
 225:Drivers/STM32L0xx_HAL_Driver/Src/stm32l0xx_hal_flash.c ****   * 
 226:Drivers/STM32L0xx_HAL_Driver/Src/stm32l0xx_hal_flash.c ****   * @retval HAL_StatusTypeDef HAL Status
 227:Drivers/STM32L0xx_HAL_Driver/Src/stm32l0xx_hal_flash.c ****   */
 228:Drivers/STM32L0xx_HAL_Driver/Src/stm32l0xx_hal_flash.c **** HAL_StatusTypeDef HAL_FLASH_Program(uint32_t TypeProgram, uint32_t Address, uint32_t Data)
 229:Drivers/STM32L0xx_HAL_Driver/Src/stm32l0xx_hal_flash.c **** {
 230:Drivers/STM32L0xx_HAL_Driver/Src/stm32l0xx_hal_flash.c ****   HAL_StatusTypeDef status;
 231:Drivers/STM32L0xx_HAL_Driver/Src/stm32l0xx_hal_flash.c ****   
 232:Drivers/STM32L0xx_HAL_Driver/Src/stm32l0xx_hal_flash.c ****   /* Process Locked */
 233:Drivers/STM32L0xx_HAL_Driver/Src/stm32l0xx_hal_flash.c ****   __HAL_LOCK(&pFlash);
 234:Drivers/STM32L0xx_HAL_Driver/Src/stm32l0xx_hal_flash.c **** 
 235:Drivers/STM32L0xx_HAL_Driver/Src/stm32l0xx_hal_flash.c ****   /* Check the parameters */
 236:Drivers/STM32L0xx_HAL_Driver/Src/stm32l0xx_hal_flash.c ****   assert_param(IS_FLASH_TYPEPROGRAM(TypeProgram));
 237:Drivers/STM32L0xx_HAL_Driver/Src/stm32l0xx_hal_flash.c ****   assert_param(IS_FLASH_PROGRAM_ADDRESS(Address));
 238:Drivers/STM32L0xx_HAL_Driver/Src/stm32l0xx_hal_flash.c **** 
 239:Drivers/STM32L0xx_HAL_Driver/Src/stm32l0xx_hal_flash.c ****   /* Prevent unused argument(s) compilation warning */
 240:Drivers/STM32L0xx_HAL_Driver/Src/stm32l0xx_hal_flash.c ****   UNUSED(TypeProgram);
 241:Drivers/STM32L0xx_HAL_Driver/Src/stm32l0xx_hal_flash.c **** 
 242:Drivers/STM32L0xx_HAL_Driver/Src/stm32l0xx_hal_flash.c ****   /* Wait for last operation to be completed */
 243:Drivers/STM32L0xx_HAL_Driver/Src/stm32l0xx_hal_flash.c ****   status = FLASH_WaitForLastOperation(FLASH_TIMEOUT_VALUE);
 244:Drivers/STM32L0xx_HAL_Driver/Src/stm32l0xx_hal_flash.c ****   
 245:Drivers/STM32L0xx_HAL_Driver/Src/stm32l0xx_hal_flash.c ****   if(status == HAL_OK)
 246:Drivers/STM32L0xx_HAL_Driver/Src/stm32l0xx_hal_flash.c ****   {
 247:Drivers/STM32L0xx_HAL_Driver/Src/stm32l0xx_hal_flash.c ****     /* Clean the error context */
 248:Drivers/STM32L0xx_HAL_Driver/Src/stm32l0xx_hal_flash.c ****     pFlash.ErrorCode = HAL_FLASH_ERROR_NONE;
 249:Drivers/STM32L0xx_HAL_Driver/Src/stm32l0xx_hal_flash.c **** 
 250:Drivers/STM32L0xx_HAL_Driver/Src/stm32l0xx_hal_flash.c ****     /*Program word (32-bit) at a specified address.*/
 251:Drivers/STM32L0xx_HAL_Driver/Src/stm32l0xx_hal_flash.c ****     *(__IO uint32_t *)Address = Data;
 252:Drivers/STM32L0xx_HAL_Driver/Src/stm32l0xx_hal_flash.c **** 
 253:Drivers/STM32L0xx_HAL_Driver/Src/stm32l0xx_hal_flash.c ****     /* Wait for last operation to be completed */
 254:Drivers/STM32L0xx_HAL_Driver/Src/stm32l0xx_hal_flash.c ****     status = FLASH_WaitForLastOperation(FLASH_TIMEOUT_VALUE);
 255:Drivers/STM32L0xx_HAL_Driver/Src/stm32l0xx_hal_flash.c ****   }
 256:Drivers/STM32L0xx_HAL_Driver/Src/stm32l0xx_hal_flash.c **** 
 257:Drivers/STM32L0xx_HAL_Driver/Src/stm32l0xx_hal_flash.c ****   /* Process Unlocked */
 258:Drivers/STM32L0xx_HAL_Driver/Src/stm32l0xx_hal_flash.c ****   __HAL_UNLOCK(&pFlash);
 259:Drivers/STM32L0xx_HAL_Driver/Src/stm32l0xx_hal_flash.c **** 
 260:Drivers/STM32L0xx_HAL_Driver/Src/stm32l0xx_hal_flash.c ****   return status;
 261:Drivers/STM32L0xx_HAL_Driver/Src/stm32l0xx_hal_flash.c **** }
ARM GAS  /var/folders/d7/pb3dkhys6j3db_qtp_8v34p80000gn/T//cc1cqqta.s 			page 6


 262:Drivers/STM32L0xx_HAL_Driver/Src/stm32l0xx_hal_flash.c **** 
 263:Drivers/STM32L0xx_HAL_Driver/Src/stm32l0xx_hal_flash.c **** /**
 264:Drivers/STM32L0xx_HAL_Driver/Src/stm32l0xx_hal_flash.c ****   * @brief   Program word at a specified address  with interrupt enabled.
 265:Drivers/STM32L0xx_HAL_Driver/Src/stm32l0xx_hal_flash.c ****   *
 266:Drivers/STM32L0xx_HAL_Driver/Src/stm32l0xx_hal_flash.c ****   * @param  TypeProgram  Indicate the way to program at a specified address.
 267:Drivers/STM32L0xx_HAL_Driver/Src/stm32l0xx_hal_flash.c ****   *                      This parameter can be a value of @ref FLASH_Type_Program
 268:Drivers/STM32L0xx_HAL_Driver/Src/stm32l0xx_hal_flash.c ****   * @param  Address      Specifie the address to be programmed.
 269:Drivers/STM32L0xx_HAL_Driver/Src/stm32l0xx_hal_flash.c ****   * @param  Data         Specifie the data to be programmed
 270:Drivers/STM32L0xx_HAL_Driver/Src/stm32l0xx_hal_flash.c ****   * 
 271:Drivers/STM32L0xx_HAL_Driver/Src/stm32l0xx_hal_flash.c ****   * @retval HAL_StatusTypeDef HAL Status
 272:Drivers/STM32L0xx_HAL_Driver/Src/stm32l0xx_hal_flash.c ****   */
 273:Drivers/STM32L0xx_HAL_Driver/Src/stm32l0xx_hal_flash.c **** HAL_StatusTypeDef HAL_FLASH_Program_IT(uint32_t TypeProgram, uint32_t Address, uint32_t Data)
 274:Drivers/STM32L0xx_HAL_Driver/Src/stm32l0xx_hal_flash.c **** {
 275:Drivers/STM32L0xx_HAL_Driver/Src/stm32l0xx_hal_flash.c ****   HAL_StatusTypeDef status = HAL_OK;
 276:Drivers/STM32L0xx_HAL_Driver/Src/stm32l0xx_hal_flash.c ****   
 277:Drivers/STM32L0xx_HAL_Driver/Src/stm32l0xx_hal_flash.c ****   /* Process Locked */
 278:Drivers/STM32L0xx_HAL_Driver/Src/stm32l0xx_hal_flash.c ****   __HAL_LOCK(&pFlash);
 279:Drivers/STM32L0xx_HAL_Driver/Src/stm32l0xx_hal_flash.c **** 
 280:Drivers/STM32L0xx_HAL_Driver/Src/stm32l0xx_hal_flash.c ****   /* Check the parameters */
 281:Drivers/STM32L0xx_HAL_Driver/Src/stm32l0xx_hal_flash.c ****   assert_param(IS_FLASH_TYPEPROGRAM(TypeProgram));
 282:Drivers/STM32L0xx_HAL_Driver/Src/stm32l0xx_hal_flash.c ****   assert_param(IS_FLASH_PROGRAM_ADDRESS(Address));
 283:Drivers/STM32L0xx_HAL_Driver/Src/stm32l0xx_hal_flash.c **** 
 284:Drivers/STM32L0xx_HAL_Driver/Src/stm32l0xx_hal_flash.c ****   /* Prevent unused argument(s) compilation warning */
 285:Drivers/STM32L0xx_HAL_Driver/Src/stm32l0xx_hal_flash.c ****   UNUSED(TypeProgram);
 286:Drivers/STM32L0xx_HAL_Driver/Src/stm32l0xx_hal_flash.c **** 
 287:Drivers/STM32L0xx_HAL_Driver/Src/stm32l0xx_hal_flash.c ****   /* Enable End of FLASH Operation and Error source interrupts */
 288:Drivers/STM32L0xx_HAL_Driver/Src/stm32l0xx_hal_flash.c ****   __HAL_FLASH_ENABLE_IT(FLASH_IT_EOP | FLASH_IT_ERR);
 289:Drivers/STM32L0xx_HAL_Driver/Src/stm32l0xx_hal_flash.c **** 
 290:Drivers/STM32L0xx_HAL_Driver/Src/stm32l0xx_hal_flash.c ****   pFlash.Address = Address;
 291:Drivers/STM32L0xx_HAL_Driver/Src/stm32l0xx_hal_flash.c ****   pFlash.ProcedureOnGoing = FLASH_PROC_PROGRAM;
 292:Drivers/STM32L0xx_HAL_Driver/Src/stm32l0xx_hal_flash.c ****   /* Clean the error context */
 293:Drivers/STM32L0xx_HAL_Driver/Src/stm32l0xx_hal_flash.c ****   pFlash.ErrorCode = HAL_FLASH_ERROR_NONE;
 294:Drivers/STM32L0xx_HAL_Driver/Src/stm32l0xx_hal_flash.c ****   /* Program word (32-bit) at a specified address. */
 295:Drivers/STM32L0xx_HAL_Driver/Src/stm32l0xx_hal_flash.c ****   *(__IO uint32_t *)Address = Data;
 296:Drivers/STM32L0xx_HAL_Driver/Src/stm32l0xx_hal_flash.c **** 
 297:Drivers/STM32L0xx_HAL_Driver/Src/stm32l0xx_hal_flash.c ****   return status;
 298:Drivers/STM32L0xx_HAL_Driver/Src/stm32l0xx_hal_flash.c **** }
 299:Drivers/STM32L0xx_HAL_Driver/Src/stm32l0xx_hal_flash.c **** 
 300:Drivers/STM32L0xx_HAL_Driver/Src/stm32l0xx_hal_flash.c **** /**
 301:Drivers/STM32L0xx_HAL_Driver/Src/stm32l0xx_hal_flash.c ****   * @brief This function handles FLASH interrupt request.
 302:Drivers/STM32L0xx_HAL_Driver/Src/stm32l0xx_hal_flash.c ****   * @retval None
 303:Drivers/STM32L0xx_HAL_Driver/Src/stm32l0xx_hal_flash.c ****   */
 304:Drivers/STM32L0xx_HAL_Driver/Src/stm32l0xx_hal_flash.c **** void HAL_FLASH_IRQHandler(void)
 305:Drivers/STM32L0xx_HAL_Driver/Src/stm32l0xx_hal_flash.c **** {
 306:Drivers/STM32L0xx_HAL_Driver/Src/stm32l0xx_hal_flash.c ****   uint32_t addresstmp = 0;
 307:Drivers/STM32L0xx_HAL_Driver/Src/stm32l0xx_hal_flash.c ****   
 308:Drivers/STM32L0xx_HAL_Driver/Src/stm32l0xx_hal_flash.c ****   /* Check FLASH operation error flags */
 309:Drivers/STM32L0xx_HAL_Driver/Src/stm32l0xx_hal_flash.c **** 
 310:Drivers/STM32L0xx_HAL_Driver/Src/stm32l0xx_hal_flash.c ****   /* WARNING : On the first cut of STM32L031xx and STM32L041xx devices,
 311:Drivers/STM32L0xx_HAL_Driver/Src/stm32l0xx_hal_flash.c ****    *           (RefID = 0x1000) the FLASH_FLAG_OPTVERR bit was not behaving
 312:Drivers/STM32L0xx_HAL_Driver/Src/stm32l0xx_hal_flash.c ****    *           as expected. If the user run an application using the first
 313:Drivers/STM32L0xx_HAL_Driver/Src/stm32l0xx_hal_flash.c ****    *           cut of the STM32L031xx device or the first cut of the STM32L041xx
 314:Drivers/STM32L0xx_HAL_Driver/Src/stm32l0xx_hal_flash.c ****    *           device, the check on the FLASH_FLAG_OPTVERR bit should be ignored.
 315:Drivers/STM32L0xx_HAL_Driver/Src/stm32l0xx_hal_flash.c ****    *
 316:Drivers/STM32L0xx_HAL_Driver/Src/stm32l0xx_hal_flash.c ****    *           Note :The revId of the device can be retrieved via the HAL_GetREVID()
 317:Drivers/STM32L0xx_HAL_Driver/Src/stm32l0xx_hal_flash.c ****    *           function.
 318:Drivers/STM32L0xx_HAL_Driver/Src/stm32l0xx_hal_flash.c ****    *
ARM GAS  /var/folders/d7/pb3dkhys6j3db_qtp_8v34p80000gn/T//cc1cqqta.s 			page 7


 319:Drivers/STM32L0xx_HAL_Driver/Src/stm32l0xx_hal_flash.c ****    */
 320:Drivers/STM32L0xx_HAL_Driver/Src/stm32l0xx_hal_flash.c **** 
 321:Drivers/STM32L0xx_HAL_Driver/Src/stm32l0xx_hal_flash.c ****   if( __HAL_FLASH_GET_FLAG(FLASH_FLAG_WRPERR)     || 
 322:Drivers/STM32L0xx_HAL_Driver/Src/stm32l0xx_hal_flash.c ****       __HAL_FLASH_GET_FLAG(FLASH_FLAG_PGAERR)     || 
 323:Drivers/STM32L0xx_HAL_Driver/Src/stm32l0xx_hal_flash.c ****       __HAL_FLASH_GET_FLAG(FLASH_FLAG_SIZERR)     || 
 324:Drivers/STM32L0xx_HAL_Driver/Src/stm32l0xx_hal_flash.c ****       __HAL_FLASH_GET_FLAG(FLASH_FLAG_OPTVERR)    || 
 325:Drivers/STM32L0xx_HAL_Driver/Src/stm32l0xx_hal_flash.c ****       __HAL_FLASH_GET_FLAG(FLASH_FLAG_RDERR)      || 
 326:Drivers/STM32L0xx_HAL_Driver/Src/stm32l0xx_hal_flash.c ****       __HAL_FLASH_GET_FLAG(FLASH_FLAG_FWWERR)     || 
 327:Drivers/STM32L0xx_HAL_Driver/Src/stm32l0xx_hal_flash.c ****       __HAL_FLASH_GET_FLAG(FLASH_FLAG_NOTZEROERR) )
 328:Drivers/STM32L0xx_HAL_Driver/Src/stm32l0xx_hal_flash.c ****   {
 329:Drivers/STM32L0xx_HAL_Driver/Src/stm32l0xx_hal_flash.c ****     if(pFlash.ProcedureOnGoing == FLASH_PROC_PAGEERASE)
 330:Drivers/STM32L0xx_HAL_Driver/Src/stm32l0xx_hal_flash.c ****     {
 331:Drivers/STM32L0xx_HAL_Driver/Src/stm32l0xx_hal_flash.c ****       /* Return the faulty sector */
 332:Drivers/STM32L0xx_HAL_Driver/Src/stm32l0xx_hal_flash.c ****       addresstmp = pFlash.Page;
 333:Drivers/STM32L0xx_HAL_Driver/Src/stm32l0xx_hal_flash.c ****       pFlash.Page = 0xFFFFFFFFU;
 334:Drivers/STM32L0xx_HAL_Driver/Src/stm32l0xx_hal_flash.c ****     }
 335:Drivers/STM32L0xx_HAL_Driver/Src/stm32l0xx_hal_flash.c ****     else
 336:Drivers/STM32L0xx_HAL_Driver/Src/stm32l0xx_hal_flash.c ****     {
 337:Drivers/STM32L0xx_HAL_Driver/Src/stm32l0xx_hal_flash.c ****       /* Return the faulty address */
 338:Drivers/STM32L0xx_HAL_Driver/Src/stm32l0xx_hal_flash.c ****       addresstmp = pFlash.Address;
 339:Drivers/STM32L0xx_HAL_Driver/Src/stm32l0xx_hal_flash.c ****     }
 340:Drivers/STM32L0xx_HAL_Driver/Src/stm32l0xx_hal_flash.c ****     /* Save the Error code */
 341:Drivers/STM32L0xx_HAL_Driver/Src/stm32l0xx_hal_flash.c ****     FLASH_SetErrorCode();
 342:Drivers/STM32L0xx_HAL_Driver/Src/stm32l0xx_hal_flash.c ****     
 343:Drivers/STM32L0xx_HAL_Driver/Src/stm32l0xx_hal_flash.c ****     /* FLASH error interrupt user callback */
 344:Drivers/STM32L0xx_HAL_Driver/Src/stm32l0xx_hal_flash.c ****     HAL_FLASH_OperationErrorCallback(addresstmp);
 345:Drivers/STM32L0xx_HAL_Driver/Src/stm32l0xx_hal_flash.c **** 
 346:Drivers/STM32L0xx_HAL_Driver/Src/stm32l0xx_hal_flash.c ****     /* Stop the procedure ongoing */
 347:Drivers/STM32L0xx_HAL_Driver/Src/stm32l0xx_hal_flash.c ****     pFlash.ProcedureOnGoing = FLASH_PROC_NONE;
 348:Drivers/STM32L0xx_HAL_Driver/Src/stm32l0xx_hal_flash.c ****   }
 349:Drivers/STM32L0xx_HAL_Driver/Src/stm32l0xx_hal_flash.c **** 
 350:Drivers/STM32L0xx_HAL_Driver/Src/stm32l0xx_hal_flash.c ****   /* Check FLASH End of Operation flag  */
 351:Drivers/STM32L0xx_HAL_Driver/Src/stm32l0xx_hal_flash.c ****   if(__HAL_FLASH_GET_FLAG(FLASH_FLAG_EOP))
 352:Drivers/STM32L0xx_HAL_Driver/Src/stm32l0xx_hal_flash.c ****   {
 353:Drivers/STM32L0xx_HAL_Driver/Src/stm32l0xx_hal_flash.c ****     /* Clear FLASH End of Operation pending bit */
 354:Drivers/STM32L0xx_HAL_Driver/Src/stm32l0xx_hal_flash.c ****     __HAL_FLASH_CLEAR_FLAG(FLASH_FLAG_EOP);
 355:Drivers/STM32L0xx_HAL_Driver/Src/stm32l0xx_hal_flash.c ****     
 356:Drivers/STM32L0xx_HAL_Driver/Src/stm32l0xx_hal_flash.c ****     /* Process can continue only if no error detected */
 357:Drivers/STM32L0xx_HAL_Driver/Src/stm32l0xx_hal_flash.c ****     if(pFlash.ProcedureOnGoing != FLASH_PROC_NONE)
 358:Drivers/STM32L0xx_HAL_Driver/Src/stm32l0xx_hal_flash.c ****     {
 359:Drivers/STM32L0xx_HAL_Driver/Src/stm32l0xx_hal_flash.c ****       if(pFlash.ProcedureOnGoing == FLASH_PROC_PAGEERASE)
 360:Drivers/STM32L0xx_HAL_Driver/Src/stm32l0xx_hal_flash.c ****       {
 361:Drivers/STM32L0xx_HAL_Driver/Src/stm32l0xx_hal_flash.c ****         /* Nb of pages to erased can be decreased */
 362:Drivers/STM32L0xx_HAL_Driver/Src/stm32l0xx_hal_flash.c ****         pFlash.NbPagesToErase--;
 363:Drivers/STM32L0xx_HAL_Driver/Src/stm32l0xx_hal_flash.c **** 
 364:Drivers/STM32L0xx_HAL_Driver/Src/stm32l0xx_hal_flash.c ****         /* Check if there are still pages to erase */
 365:Drivers/STM32L0xx_HAL_Driver/Src/stm32l0xx_hal_flash.c ****         if(pFlash.NbPagesToErase != 0U)
 366:Drivers/STM32L0xx_HAL_Driver/Src/stm32l0xx_hal_flash.c ****         {
 367:Drivers/STM32L0xx_HAL_Driver/Src/stm32l0xx_hal_flash.c ****           addresstmp = pFlash.Page;
 368:Drivers/STM32L0xx_HAL_Driver/Src/stm32l0xx_hal_flash.c ****           /*Indicate user which sector has been erased */
 369:Drivers/STM32L0xx_HAL_Driver/Src/stm32l0xx_hal_flash.c ****           HAL_FLASH_EndOfOperationCallback(addresstmp);
 370:Drivers/STM32L0xx_HAL_Driver/Src/stm32l0xx_hal_flash.c **** 
 371:Drivers/STM32L0xx_HAL_Driver/Src/stm32l0xx_hal_flash.c ****           /*Increment sector number*/
 372:Drivers/STM32L0xx_HAL_Driver/Src/stm32l0xx_hal_flash.c ****           addresstmp = pFlash.Page + FLASH_PAGE_SIZE;
 373:Drivers/STM32L0xx_HAL_Driver/Src/stm32l0xx_hal_flash.c ****           pFlash.Page = addresstmp;
 374:Drivers/STM32L0xx_HAL_Driver/Src/stm32l0xx_hal_flash.c **** 
 375:Drivers/STM32L0xx_HAL_Driver/Src/stm32l0xx_hal_flash.c ****           /* If the erase operation is completed, disable the ERASE Bit */
ARM GAS  /var/folders/d7/pb3dkhys6j3db_qtp_8v34p80000gn/T//cc1cqqta.s 			page 8


 376:Drivers/STM32L0xx_HAL_Driver/Src/stm32l0xx_hal_flash.c ****           CLEAR_BIT(FLASH->PECR, FLASH_PECR_ERASE);
 377:Drivers/STM32L0xx_HAL_Driver/Src/stm32l0xx_hal_flash.c **** 
 378:Drivers/STM32L0xx_HAL_Driver/Src/stm32l0xx_hal_flash.c ****           FLASH_PageErase(addresstmp);
 379:Drivers/STM32L0xx_HAL_Driver/Src/stm32l0xx_hal_flash.c ****         }
 380:Drivers/STM32L0xx_HAL_Driver/Src/stm32l0xx_hal_flash.c ****         else
 381:Drivers/STM32L0xx_HAL_Driver/Src/stm32l0xx_hal_flash.c ****         {
 382:Drivers/STM32L0xx_HAL_Driver/Src/stm32l0xx_hal_flash.c ****           /* No more pages to Erase, user callback can be called. */
 383:Drivers/STM32L0xx_HAL_Driver/Src/stm32l0xx_hal_flash.c ****           /* Reset Sector and stop Erase pages procedure */
 384:Drivers/STM32L0xx_HAL_Driver/Src/stm32l0xx_hal_flash.c ****           pFlash.Page = addresstmp = 0xFFFFFFFFU;
 385:Drivers/STM32L0xx_HAL_Driver/Src/stm32l0xx_hal_flash.c ****           pFlash.ProcedureOnGoing = FLASH_PROC_NONE;
 386:Drivers/STM32L0xx_HAL_Driver/Src/stm32l0xx_hal_flash.c ****           /* FLASH EOP interrupt user callback */
 387:Drivers/STM32L0xx_HAL_Driver/Src/stm32l0xx_hal_flash.c ****           HAL_FLASH_EndOfOperationCallback(addresstmp);
 388:Drivers/STM32L0xx_HAL_Driver/Src/stm32l0xx_hal_flash.c ****         }
 389:Drivers/STM32L0xx_HAL_Driver/Src/stm32l0xx_hal_flash.c ****       }
 390:Drivers/STM32L0xx_HAL_Driver/Src/stm32l0xx_hal_flash.c ****       else
 391:Drivers/STM32L0xx_HAL_Driver/Src/stm32l0xx_hal_flash.c ****       {
 392:Drivers/STM32L0xx_HAL_Driver/Src/stm32l0xx_hal_flash.c ****           /* If the program operation is completed, disable the PROG Bit */
 393:Drivers/STM32L0xx_HAL_Driver/Src/stm32l0xx_hal_flash.c ****           CLEAR_BIT(FLASH->PECR, FLASH_PECR_PROG);
 394:Drivers/STM32L0xx_HAL_Driver/Src/stm32l0xx_hal_flash.c **** 
 395:Drivers/STM32L0xx_HAL_Driver/Src/stm32l0xx_hal_flash.c ****           /* Program ended. Return the selected address */
 396:Drivers/STM32L0xx_HAL_Driver/Src/stm32l0xx_hal_flash.c ****           /* FLASH EOP interrupt user callback */
 397:Drivers/STM32L0xx_HAL_Driver/Src/stm32l0xx_hal_flash.c ****           HAL_FLASH_EndOfOperationCallback(pFlash.Address);
 398:Drivers/STM32L0xx_HAL_Driver/Src/stm32l0xx_hal_flash.c ****         
 399:Drivers/STM32L0xx_HAL_Driver/Src/stm32l0xx_hal_flash.c ****           /* Reset Address and stop Program procedure */
 400:Drivers/STM32L0xx_HAL_Driver/Src/stm32l0xx_hal_flash.c ****           pFlash.Address = 0xFFFFFFFFU;
 401:Drivers/STM32L0xx_HAL_Driver/Src/stm32l0xx_hal_flash.c ****           pFlash.ProcedureOnGoing = FLASH_PROC_NONE;
 402:Drivers/STM32L0xx_HAL_Driver/Src/stm32l0xx_hal_flash.c ****       }
 403:Drivers/STM32L0xx_HAL_Driver/Src/stm32l0xx_hal_flash.c ****     }
 404:Drivers/STM32L0xx_HAL_Driver/Src/stm32l0xx_hal_flash.c ****   }
 405:Drivers/STM32L0xx_HAL_Driver/Src/stm32l0xx_hal_flash.c ****   
 406:Drivers/STM32L0xx_HAL_Driver/Src/stm32l0xx_hal_flash.c **** 
 407:Drivers/STM32L0xx_HAL_Driver/Src/stm32l0xx_hal_flash.c ****   if(pFlash.ProcedureOnGoing == FLASH_PROC_NONE)
 408:Drivers/STM32L0xx_HAL_Driver/Src/stm32l0xx_hal_flash.c ****   {
 409:Drivers/STM32L0xx_HAL_Driver/Src/stm32l0xx_hal_flash.c ****     /* Operation is completed, disable the PROG and ERASE */
 410:Drivers/STM32L0xx_HAL_Driver/Src/stm32l0xx_hal_flash.c ****     CLEAR_BIT(FLASH->PECR, (FLASH_PECR_ERASE | FLASH_PECR_PROG));
 411:Drivers/STM32L0xx_HAL_Driver/Src/stm32l0xx_hal_flash.c **** 
 412:Drivers/STM32L0xx_HAL_Driver/Src/stm32l0xx_hal_flash.c ****     /* Disable End of FLASH Operation and Error source interrupts */
 413:Drivers/STM32L0xx_HAL_Driver/Src/stm32l0xx_hal_flash.c ****     __HAL_FLASH_DISABLE_IT(FLASH_IT_EOP | FLASH_IT_ERR);
 414:Drivers/STM32L0xx_HAL_Driver/Src/stm32l0xx_hal_flash.c **** 
 415:Drivers/STM32L0xx_HAL_Driver/Src/stm32l0xx_hal_flash.c ****     /* Process Unlocked */
 416:Drivers/STM32L0xx_HAL_Driver/Src/stm32l0xx_hal_flash.c ****     __HAL_UNLOCK(&pFlash);
 417:Drivers/STM32L0xx_HAL_Driver/Src/stm32l0xx_hal_flash.c ****   }
 418:Drivers/STM32L0xx_HAL_Driver/Src/stm32l0xx_hal_flash.c **** }
 419:Drivers/STM32L0xx_HAL_Driver/Src/stm32l0xx_hal_flash.c **** 
 420:Drivers/STM32L0xx_HAL_Driver/Src/stm32l0xx_hal_flash.c **** /**
 421:Drivers/STM32L0xx_HAL_Driver/Src/stm32l0xx_hal_flash.c ****   * @brief  FLASH end of operation interrupt callback
 422:Drivers/STM32L0xx_HAL_Driver/Src/stm32l0xx_hal_flash.c ****   * @param  ReturnValue The value saved in this parameter depends on the ongoing procedure
 423:Drivers/STM32L0xx_HAL_Driver/Src/stm32l0xx_hal_flash.c ****   *                 - Pages Erase: Address of the page which has been erased 
 424:Drivers/STM32L0xx_HAL_Driver/Src/stm32l0xx_hal_flash.c ****   *                    (if 0xFFFFFFFF, it means that all the selected pages have been erased)
 425:Drivers/STM32L0xx_HAL_Driver/Src/stm32l0xx_hal_flash.c ****   *                 - Program: Address which was selected for data program
 426:Drivers/STM32L0xx_HAL_Driver/Src/stm32l0xx_hal_flash.c ****   * @retval none
 427:Drivers/STM32L0xx_HAL_Driver/Src/stm32l0xx_hal_flash.c ****   */
 428:Drivers/STM32L0xx_HAL_Driver/Src/stm32l0xx_hal_flash.c **** __weak void HAL_FLASH_EndOfOperationCallback(uint32_t ReturnValue)
 429:Drivers/STM32L0xx_HAL_Driver/Src/stm32l0xx_hal_flash.c **** {
 430:Drivers/STM32L0xx_HAL_Driver/Src/stm32l0xx_hal_flash.c ****   /* Prevent unused argument(s) compilation warning */
 431:Drivers/STM32L0xx_HAL_Driver/Src/stm32l0xx_hal_flash.c ****   UNUSED(ReturnValue);
 432:Drivers/STM32L0xx_HAL_Driver/Src/stm32l0xx_hal_flash.c **** 
ARM GAS  /var/folders/d7/pb3dkhys6j3db_qtp_8v34p80000gn/T//cc1cqqta.s 			page 9


 433:Drivers/STM32L0xx_HAL_Driver/Src/stm32l0xx_hal_flash.c ****   /* NOTE : This function Should not be modified, when the callback is needed,
 434:Drivers/STM32L0xx_HAL_Driver/Src/stm32l0xx_hal_flash.c ****             the HAL_FLASH_EndOfOperationCallback could be implemented in the user file
 435:Drivers/STM32L0xx_HAL_Driver/Src/stm32l0xx_hal_flash.c ****    */ 
 436:Drivers/STM32L0xx_HAL_Driver/Src/stm32l0xx_hal_flash.c **** }
 437:Drivers/STM32L0xx_HAL_Driver/Src/stm32l0xx_hal_flash.c **** 
 438:Drivers/STM32L0xx_HAL_Driver/Src/stm32l0xx_hal_flash.c **** /**
 439:Drivers/STM32L0xx_HAL_Driver/Src/stm32l0xx_hal_flash.c ****   * @brief  FLASH operation error interrupt callback
 440:Drivers/STM32L0xx_HAL_Driver/Src/stm32l0xx_hal_flash.c ****   * @param  ReturnValue The value saved in this parameter depends on the ongoing procedure
 441:Drivers/STM32L0xx_HAL_Driver/Src/stm32l0xx_hal_flash.c ****   *                 - Pages Erase: Address of the page which returned an error
 442:Drivers/STM32L0xx_HAL_Driver/Src/stm32l0xx_hal_flash.c ****   *                 - Program: Address which was selected for data program
 443:Drivers/STM32L0xx_HAL_Driver/Src/stm32l0xx_hal_flash.c ****   * @retval none
 444:Drivers/STM32L0xx_HAL_Driver/Src/stm32l0xx_hal_flash.c ****   */
 445:Drivers/STM32L0xx_HAL_Driver/Src/stm32l0xx_hal_flash.c **** __weak void HAL_FLASH_OperationErrorCallback(uint32_t ReturnValue)
 446:Drivers/STM32L0xx_HAL_Driver/Src/stm32l0xx_hal_flash.c **** {
 447:Drivers/STM32L0xx_HAL_Driver/Src/stm32l0xx_hal_flash.c ****   /* Prevent unused argument(s) compilation warning */
 448:Drivers/STM32L0xx_HAL_Driver/Src/stm32l0xx_hal_flash.c ****   UNUSED(ReturnValue);
 449:Drivers/STM32L0xx_HAL_Driver/Src/stm32l0xx_hal_flash.c **** 
 450:Drivers/STM32L0xx_HAL_Driver/Src/stm32l0xx_hal_flash.c ****   /* NOTE : This function Should not be modified, when the callback is needed,
 451:Drivers/STM32L0xx_HAL_Driver/Src/stm32l0xx_hal_flash.c ****             the HAL_FLASH_OperationErrorCallback could be implemented in the user file
 452:Drivers/STM32L0xx_HAL_Driver/Src/stm32l0xx_hal_flash.c ****    */ 
 453:Drivers/STM32L0xx_HAL_Driver/Src/stm32l0xx_hal_flash.c **** }
 454:Drivers/STM32L0xx_HAL_Driver/Src/stm32l0xx_hal_flash.c **** 
 455:Drivers/STM32L0xx_HAL_Driver/Src/stm32l0xx_hal_flash.c **** /**
 456:Drivers/STM32L0xx_HAL_Driver/Src/stm32l0xx_hal_flash.c ****   * @}
 457:Drivers/STM32L0xx_HAL_Driver/Src/stm32l0xx_hal_flash.c ****   */
 458:Drivers/STM32L0xx_HAL_Driver/Src/stm32l0xx_hal_flash.c **** 
 459:Drivers/STM32L0xx_HAL_Driver/Src/stm32l0xx_hal_flash.c **** /** @defgroup FLASH_Exported_Functions_Group2 Peripheral Control functions 
 460:Drivers/STM32L0xx_HAL_Driver/Src/stm32l0xx_hal_flash.c ****  *  @brief   management functions 
 461:Drivers/STM32L0xx_HAL_Driver/Src/stm32l0xx_hal_flash.c ****  *
 462:Drivers/STM32L0xx_HAL_Driver/Src/stm32l0xx_hal_flash.c **** @verbatim   
 463:Drivers/STM32L0xx_HAL_Driver/Src/stm32l0xx_hal_flash.c ****  ===============================================================================
 464:Drivers/STM32L0xx_HAL_Driver/Src/stm32l0xx_hal_flash.c ****                       ##### Peripheral Control functions #####
 465:Drivers/STM32L0xx_HAL_Driver/Src/stm32l0xx_hal_flash.c ****  ===============================================================================  
 466:Drivers/STM32L0xx_HAL_Driver/Src/stm32l0xx_hal_flash.c ****     [..]
 467:Drivers/STM32L0xx_HAL_Driver/Src/stm32l0xx_hal_flash.c ****     This subsection provides a set of functions allowing to control the FLASH 
 468:Drivers/STM32L0xx_HAL_Driver/Src/stm32l0xx_hal_flash.c ****     memory operations.
 469:Drivers/STM32L0xx_HAL_Driver/Src/stm32l0xx_hal_flash.c **** 
 470:Drivers/STM32L0xx_HAL_Driver/Src/stm32l0xx_hal_flash.c **** @endverbatim
 471:Drivers/STM32L0xx_HAL_Driver/Src/stm32l0xx_hal_flash.c ****   * @{
 472:Drivers/STM32L0xx_HAL_Driver/Src/stm32l0xx_hal_flash.c ****   */
 473:Drivers/STM32L0xx_HAL_Driver/Src/stm32l0xx_hal_flash.c **** 
 474:Drivers/STM32L0xx_HAL_Driver/Src/stm32l0xx_hal_flash.c **** /**
 475:Drivers/STM32L0xx_HAL_Driver/Src/stm32l0xx_hal_flash.c ****   * @brief  Unlock the FLASH control register access
 476:Drivers/STM32L0xx_HAL_Driver/Src/stm32l0xx_hal_flash.c ****   * @retval HAL Status
 477:Drivers/STM32L0xx_HAL_Driver/Src/stm32l0xx_hal_flash.c ****   */
 478:Drivers/STM32L0xx_HAL_Driver/Src/stm32l0xx_hal_flash.c **** HAL_StatusTypeDef HAL_FLASH_Unlock(void)
 479:Drivers/STM32L0xx_HAL_Driver/Src/stm32l0xx_hal_flash.c **** {
 480:Drivers/STM32L0xx_HAL_Driver/Src/stm32l0xx_hal_flash.c ****   uint32_t primask_bit;
 481:Drivers/STM32L0xx_HAL_Driver/Src/stm32l0xx_hal_flash.c **** 
 482:Drivers/STM32L0xx_HAL_Driver/Src/stm32l0xx_hal_flash.c ****   /* Unlocking FLASH_PECR register access*/
 483:Drivers/STM32L0xx_HAL_Driver/Src/stm32l0xx_hal_flash.c ****   if(HAL_IS_BIT_SET(FLASH->PECR, FLASH_PECR_PELOCK))
 484:Drivers/STM32L0xx_HAL_Driver/Src/stm32l0xx_hal_flash.c ****   {
 485:Drivers/STM32L0xx_HAL_Driver/Src/stm32l0xx_hal_flash.c ****     /* Disable interrupts to avoid any interruption during unlock sequence */
 486:Drivers/STM32L0xx_HAL_Driver/Src/stm32l0xx_hal_flash.c ****     primask_bit = __get_PRIMASK();
 487:Drivers/STM32L0xx_HAL_Driver/Src/stm32l0xx_hal_flash.c ****     __disable_irq();
 488:Drivers/STM32L0xx_HAL_Driver/Src/stm32l0xx_hal_flash.c **** 
 489:Drivers/STM32L0xx_HAL_Driver/Src/stm32l0xx_hal_flash.c ****     WRITE_REG(FLASH->PEKEYR, FLASH_PEKEY1);
ARM GAS  /var/folders/d7/pb3dkhys6j3db_qtp_8v34p80000gn/T//cc1cqqta.s 			page 10


 490:Drivers/STM32L0xx_HAL_Driver/Src/stm32l0xx_hal_flash.c ****     WRITE_REG(FLASH->PEKEYR, FLASH_PEKEY2);
 491:Drivers/STM32L0xx_HAL_Driver/Src/stm32l0xx_hal_flash.c **** 
 492:Drivers/STM32L0xx_HAL_Driver/Src/stm32l0xx_hal_flash.c ****     /* Re-enable the interrupts: restore previous priority mask */
 493:Drivers/STM32L0xx_HAL_Driver/Src/stm32l0xx_hal_flash.c ****     __set_PRIMASK(primask_bit);
 494:Drivers/STM32L0xx_HAL_Driver/Src/stm32l0xx_hal_flash.c **** 
 495:Drivers/STM32L0xx_HAL_Driver/Src/stm32l0xx_hal_flash.c ****     if(HAL_IS_BIT_SET(FLASH->PECR, FLASH_PECR_PELOCK))
 496:Drivers/STM32L0xx_HAL_Driver/Src/stm32l0xx_hal_flash.c ****     {
 497:Drivers/STM32L0xx_HAL_Driver/Src/stm32l0xx_hal_flash.c ****       return HAL_ERROR;
 498:Drivers/STM32L0xx_HAL_Driver/Src/stm32l0xx_hal_flash.c ****     }
 499:Drivers/STM32L0xx_HAL_Driver/Src/stm32l0xx_hal_flash.c ****   }
 500:Drivers/STM32L0xx_HAL_Driver/Src/stm32l0xx_hal_flash.c **** 
 501:Drivers/STM32L0xx_HAL_Driver/Src/stm32l0xx_hal_flash.c ****   if (HAL_IS_BIT_SET(FLASH->PECR, FLASH_PECR_PRGLOCK))
 502:Drivers/STM32L0xx_HAL_Driver/Src/stm32l0xx_hal_flash.c ****   {
 503:Drivers/STM32L0xx_HAL_Driver/Src/stm32l0xx_hal_flash.c ****     /* Disable interrupts to avoid any interruption during unlock sequence */
 504:Drivers/STM32L0xx_HAL_Driver/Src/stm32l0xx_hal_flash.c ****     primask_bit = __get_PRIMASK();
 505:Drivers/STM32L0xx_HAL_Driver/Src/stm32l0xx_hal_flash.c ****     __disable_irq();
 506:Drivers/STM32L0xx_HAL_Driver/Src/stm32l0xx_hal_flash.c **** 
 507:Drivers/STM32L0xx_HAL_Driver/Src/stm32l0xx_hal_flash.c ****     /* Unlocking the program memory access */
 508:Drivers/STM32L0xx_HAL_Driver/Src/stm32l0xx_hal_flash.c ****     WRITE_REG(FLASH->PRGKEYR, FLASH_PRGKEY1);
 509:Drivers/STM32L0xx_HAL_Driver/Src/stm32l0xx_hal_flash.c ****     WRITE_REG(FLASH->PRGKEYR, FLASH_PRGKEY2);  
 510:Drivers/STM32L0xx_HAL_Driver/Src/stm32l0xx_hal_flash.c **** 
 511:Drivers/STM32L0xx_HAL_Driver/Src/stm32l0xx_hal_flash.c ****     /* Re-enable the interrupts: restore previous priority mask */
 512:Drivers/STM32L0xx_HAL_Driver/Src/stm32l0xx_hal_flash.c ****     __set_PRIMASK(primask_bit);
 513:Drivers/STM32L0xx_HAL_Driver/Src/stm32l0xx_hal_flash.c **** 
 514:Drivers/STM32L0xx_HAL_Driver/Src/stm32l0xx_hal_flash.c ****     if (HAL_IS_BIT_SET(FLASH->PECR, FLASH_PECR_PRGLOCK))
 515:Drivers/STM32L0xx_HAL_Driver/Src/stm32l0xx_hal_flash.c ****     {
 516:Drivers/STM32L0xx_HAL_Driver/Src/stm32l0xx_hal_flash.c ****       return HAL_ERROR;
 517:Drivers/STM32L0xx_HAL_Driver/Src/stm32l0xx_hal_flash.c ****     }
 518:Drivers/STM32L0xx_HAL_Driver/Src/stm32l0xx_hal_flash.c ****   }
 519:Drivers/STM32L0xx_HAL_Driver/Src/stm32l0xx_hal_flash.c **** 
 520:Drivers/STM32L0xx_HAL_Driver/Src/stm32l0xx_hal_flash.c ****   return HAL_OK; 
 521:Drivers/STM32L0xx_HAL_Driver/Src/stm32l0xx_hal_flash.c **** }
 522:Drivers/STM32L0xx_HAL_Driver/Src/stm32l0xx_hal_flash.c **** 
 523:Drivers/STM32L0xx_HAL_Driver/Src/stm32l0xx_hal_flash.c **** /**
 524:Drivers/STM32L0xx_HAL_Driver/Src/stm32l0xx_hal_flash.c ****   * @brief  Locks the FLASH control register access
 525:Drivers/STM32L0xx_HAL_Driver/Src/stm32l0xx_hal_flash.c ****   * @retval HAL Status
 526:Drivers/STM32L0xx_HAL_Driver/Src/stm32l0xx_hal_flash.c ****   */
 527:Drivers/STM32L0xx_HAL_Driver/Src/stm32l0xx_hal_flash.c **** HAL_StatusTypeDef HAL_FLASH_Lock(void)
 528:Drivers/STM32L0xx_HAL_Driver/Src/stm32l0xx_hal_flash.c **** {
 529:Drivers/STM32L0xx_HAL_Driver/Src/stm32l0xx_hal_flash.c ****   /* Set the PRGLOCK Bit to lock the FLASH Registers access */
 530:Drivers/STM32L0xx_HAL_Driver/Src/stm32l0xx_hal_flash.c ****   SET_BIT(FLASH->PECR, FLASH_PECR_PRGLOCK);
 531:Drivers/STM32L0xx_HAL_Driver/Src/stm32l0xx_hal_flash.c ****   
 532:Drivers/STM32L0xx_HAL_Driver/Src/stm32l0xx_hal_flash.c ****   /* Set the PELOCK Bit to lock the PECR Register access */
 533:Drivers/STM32L0xx_HAL_Driver/Src/stm32l0xx_hal_flash.c ****   SET_BIT(FLASH->PECR, FLASH_PECR_PELOCK);
 534:Drivers/STM32L0xx_HAL_Driver/Src/stm32l0xx_hal_flash.c **** 
 535:Drivers/STM32L0xx_HAL_Driver/Src/stm32l0xx_hal_flash.c ****   return HAL_OK;  
 536:Drivers/STM32L0xx_HAL_Driver/Src/stm32l0xx_hal_flash.c **** }
 537:Drivers/STM32L0xx_HAL_Driver/Src/stm32l0xx_hal_flash.c **** 
 538:Drivers/STM32L0xx_HAL_Driver/Src/stm32l0xx_hal_flash.c **** /**
 539:Drivers/STM32L0xx_HAL_Driver/Src/stm32l0xx_hal_flash.c ****   * @brief  Unlock the FLASH Option Control Registers access.
 540:Drivers/STM32L0xx_HAL_Driver/Src/stm32l0xx_hal_flash.c ****   * @retval HAL Status
 541:Drivers/STM32L0xx_HAL_Driver/Src/stm32l0xx_hal_flash.c ****   */
 542:Drivers/STM32L0xx_HAL_Driver/Src/stm32l0xx_hal_flash.c **** HAL_StatusTypeDef HAL_FLASH_OB_Unlock(void)
 543:Drivers/STM32L0xx_HAL_Driver/Src/stm32l0xx_hal_flash.c **** {
 544:Drivers/STM32L0xx_HAL_Driver/Src/stm32l0xx_hal_flash.c ****   uint32_t primask_bit;
 545:Drivers/STM32L0xx_HAL_Driver/Src/stm32l0xx_hal_flash.c **** 
 546:Drivers/STM32L0xx_HAL_Driver/Src/stm32l0xx_hal_flash.c ****   if(HAL_IS_BIT_SET(FLASH->PECR, FLASH_PECR_OPTLOCK))
ARM GAS  /var/folders/d7/pb3dkhys6j3db_qtp_8v34p80000gn/T//cc1cqqta.s 			page 11


 547:Drivers/STM32L0xx_HAL_Driver/Src/stm32l0xx_hal_flash.c ****   {
 548:Drivers/STM32L0xx_HAL_Driver/Src/stm32l0xx_hal_flash.c ****     /* Disable interrupts to avoid any interruption during unlock sequence */
 549:Drivers/STM32L0xx_HAL_Driver/Src/stm32l0xx_hal_flash.c ****     primask_bit = __get_PRIMASK();
 550:Drivers/STM32L0xx_HAL_Driver/Src/stm32l0xx_hal_flash.c ****     __disable_irq();
 551:Drivers/STM32L0xx_HAL_Driver/Src/stm32l0xx_hal_flash.c **** 
 552:Drivers/STM32L0xx_HAL_Driver/Src/stm32l0xx_hal_flash.c ****     /* Unlocking FLASH_PECR register access*/
 553:Drivers/STM32L0xx_HAL_Driver/Src/stm32l0xx_hal_flash.c ****     if(HAL_IS_BIT_SET(FLASH->PECR, FLASH_PECR_PELOCK))
 554:Drivers/STM32L0xx_HAL_Driver/Src/stm32l0xx_hal_flash.c ****     {  
 555:Drivers/STM32L0xx_HAL_Driver/Src/stm32l0xx_hal_flash.c ****       /* Unlocking FLASH_PECR register access*/
 556:Drivers/STM32L0xx_HAL_Driver/Src/stm32l0xx_hal_flash.c ****       WRITE_REG(FLASH->PEKEYR, FLASH_PEKEY1);
 557:Drivers/STM32L0xx_HAL_Driver/Src/stm32l0xx_hal_flash.c ****       WRITE_REG(FLASH->PEKEYR, FLASH_PEKEY2);
 558:Drivers/STM32L0xx_HAL_Driver/Src/stm32l0xx_hal_flash.c ****     }
 559:Drivers/STM32L0xx_HAL_Driver/Src/stm32l0xx_hal_flash.c **** 
 560:Drivers/STM32L0xx_HAL_Driver/Src/stm32l0xx_hal_flash.c ****     /* Unlocking the option bytes block access */
 561:Drivers/STM32L0xx_HAL_Driver/Src/stm32l0xx_hal_flash.c ****     WRITE_REG(FLASH->OPTKEYR, FLASH_OPTKEY1);
 562:Drivers/STM32L0xx_HAL_Driver/Src/stm32l0xx_hal_flash.c ****     WRITE_REG(FLASH->OPTKEYR, FLASH_OPTKEY2);
 563:Drivers/STM32L0xx_HAL_Driver/Src/stm32l0xx_hal_flash.c **** 
 564:Drivers/STM32L0xx_HAL_Driver/Src/stm32l0xx_hal_flash.c ****     /* Re-enable the interrupts: restore previous priority mask */
 565:Drivers/STM32L0xx_HAL_Driver/Src/stm32l0xx_hal_flash.c ****     __set_PRIMASK(primask_bit);
 566:Drivers/STM32L0xx_HAL_Driver/Src/stm32l0xx_hal_flash.c ****   }
 567:Drivers/STM32L0xx_HAL_Driver/Src/stm32l0xx_hal_flash.c ****   else
 568:Drivers/STM32L0xx_HAL_Driver/Src/stm32l0xx_hal_flash.c ****   {
 569:Drivers/STM32L0xx_HAL_Driver/Src/stm32l0xx_hal_flash.c ****     return HAL_ERROR;
 570:Drivers/STM32L0xx_HAL_Driver/Src/stm32l0xx_hal_flash.c ****   }  
 571:Drivers/STM32L0xx_HAL_Driver/Src/stm32l0xx_hal_flash.c ****   
 572:Drivers/STM32L0xx_HAL_Driver/Src/stm32l0xx_hal_flash.c ****   return HAL_OK;  
 573:Drivers/STM32L0xx_HAL_Driver/Src/stm32l0xx_hal_flash.c **** }
 574:Drivers/STM32L0xx_HAL_Driver/Src/stm32l0xx_hal_flash.c **** 
 575:Drivers/STM32L0xx_HAL_Driver/Src/stm32l0xx_hal_flash.c **** /**
 576:Drivers/STM32L0xx_HAL_Driver/Src/stm32l0xx_hal_flash.c ****   * @brief  Lock the FLASH Option Control Registers access.
 577:Drivers/STM32L0xx_HAL_Driver/Src/stm32l0xx_hal_flash.c ****   * @retval HAL Status 
 578:Drivers/STM32L0xx_HAL_Driver/Src/stm32l0xx_hal_flash.c ****   */
 579:Drivers/STM32L0xx_HAL_Driver/Src/stm32l0xx_hal_flash.c **** HAL_StatusTypeDef HAL_FLASH_OB_Lock(void)
 580:Drivers/STM32L0xx_HAL_Driver/Src/stm32l0xx_hal_flash.c **** {
 581:Drivers/STM32L0xx_HAL_Driver/Src/stm32l0xx_hal_flash.c ****   /* Set the OPTLOCK Bit to lock the option bytes block access */
 582:Drivers/STM32L0xx_HAL_Driver/Src/stm32l0xx_hal_flash.c ****   SET_BIT(FLASH->PECR, FLASH_PECR_OPTLOCK);
 583:Drivers/STM32L0xx_HAL_Driver/Src/stm32l0xx_hal_flash.c ****   
 584:Drivers/STM32L0xx_HAL_Driver/Src/stm32l0xx_hal_flash.c ****   return HAL_OK;  
 585:Drivers/STM32L0xx_HAL_Driver/Src/stm32l0xx_hal_flash.c **** }
 586:Drivers/STM32L0xx_HAL_Driver/Src/stm32l0xx_hal_flash.c ****   
 587:Drivers/STM32L0xx_HAL_Driver/Src/stm32l0xx_hal_flash.c **** /**
 588:Drivers/STM32L0xx_HAL_Driver/Src/stm32l0xx_hal_flash.c ****   * @brief  Launch the option byte loading.
 589:Drivers/STM32L0xx_HAL_Driver/Src/stm32l0xx_hal_flash.c ****   * @note   This function will reset automatically the MCU.
 590:Drivers/STM32L0xx_HAL_Driver/Src/stm32l0xx_hal_flash.c ****   * @retval HAL Status
 591:Drivers/STM32L0xx_HAL_Driver/Src/stm32l0xx_hal_flash.c ****   */
 592:Drivers/STM32L0xx_HAL_Driver/Src/stm32l0xx_hal_flash.c **** HAL_StatusTypeDef HAL_FLASH_OB_Launch(void)
 593:Drivers/STM32L0xx_HAL_Driver/Src/stm32l0xx_hal_flash.c **** {
 594:Drivers/STM32L0xx_HAL_Driver/Src/stm32l0xx_hal_flash.c ****   /* Set the OBL_Launch bit to launch the option byte loading */
 595:Drivers/STM32L0xx_HAL_Driver/Src/stm32l0xx_hal_flash.c ****   SET_BIT(FLASH->PECR, FLASH_PECR_OBL_LAUNCH);
 596:Drivers/STM32L0xx_HAL_Driver/Src/stm32l0xx_hal_flash.c ****   
 597:Drivers/STM32L0xx_HAL_Driver/Src/stm32l0xx_hal_flash.c ****   /* Wait for last operation to be completed */
 598:Drivers/STM32L0xx_HAL_Driver/Src/stm32l0xx_hal_flash.c ****   return(FLASH_WaitForLastOperation(FLASH_TIMEOUT_VALUE));
 599:Drivers/STM32L0xx_HAL_Driver/Src/stm32l0xx_hal_flash.c **** }
 600:Drivers/STM32L0xx_HAL_Driver/Src/stm32l0xx_hal_flash.c **** 
 601:Drivers/STM32L0xx_HAL_Driver/Src/stm32l0xx_hal_flash.c **** /**
 602:Drivers/STM32L0xx_HAL_Driver/Src/stm32l0xx_hal_flash.c ****   * @}
 603:Drivers/STM32L0xx_HAL_Driver/Src/stm32l0xx_hal_flash.c ****   */  
ARM GAS  /var/folders/d7/pb3dkhys6j3db_qtp_8v34p80000gn/T//cc1cqqta.s 			page 12


 604:Drivers/STM32L0xx_HAL_Driver/Src/stm32l0xx_hal_flash.c **** 
 605:Drivers/STM32L0xx_HAL_Driver/Src/stm32l0xx_hal_flash.c **** /** @defgroup FLASH_Exported_Functions_Group3 Peripheral errors functions 
 606:Drivers/STM32L0xx_HAL_Driver/Src/stm32l0xx_hal_flash.c ****  *  @brief    Peripheral errors functions 
 607:Drivers/STM32L0xx_HAL_Driver/Src/stm32l0xx_hal_flash.c ****  *
 608:Drivers/STM32L0xx_HAL_Driver/Src/stm32l0xx_hal_flash.c **** @verbatim   
 609:Drivers/STM32L0xx_HAL_Driver/Src/stm32l0xx_hal_flash.c ****  ===============================================================================
 610:Drivers/STM32L0xx_HAL_Driver/Src/stm32l0xx_hal_flash.c ****                       ##### Peripheral Errors functions #####
 611:Drivers/STM32L0xx_HAL_Driver/Src/stm32l0xx_hal_flash.c ****  ===============================================================================  
 612:Drivers/STM32L0xx_HAL_Driver/Src/stm32l0xx_hal_flash.c ****     [..]
 613:Drivers/STM32L0xx_HAL_Driver/Src/stm32l0xx_hal_flash.c ****     This subsection permit to get in run-time errors of  the FLASH peripheral.
 614:Drivers/STM32L0xx_HAL_Driver/Src/stm32l0xx_hal_flash.c **** 
 615:Drivers/STM32L0xx_HAL_Driver/Src/stm32l0xx_hal_flash.c **** @endverbatim
 616:Drivers/STM32L0xx_HAL_Driver/Src/stm32l0xx_hal_flash.c ****   * @{
 617:Drivers/STM32L0xx_HAL_Driver/Src/stm32l0xx_hal_flash.c ****   */
 618:Drivers/STM32L0xx_HAL_Driver/Src/stm32l0xx_hal_flash.c **** 
 619:Drivers/STM32L0xx_HAL_Driver/Src/stm32l0xx_hal_flash.c **** /**
 620:Drivers/STM32L0xx_HAL_Driver/Src/stm32l0xx_hal_flash.c ****   * @brief  Get the specific FLASH error flag.
 621:Drivers/STM32L0xx_HAL_Driver/Src/stm32l0xx_hal_flash.c ****   * @retval FLASH_ErrorCode The returned value can be:
 622:Drivers/STM32L0xx_HAL_Driver/Src/stm32l0xx_hal_flash.c ****   *            @ref FLASH_Error_Codes
 623:Drivers/STM32L0xx_HAL_Driver/Src/stm32l0xx_hal_flash.c ****   */
 624:Drivers/STM32L0xx_HAL_Driver/Src/stm32l0xx_hal_flash.c **** uint32_t HAL_FLASH_GetError(void)
 625:Drivers/STM32L0xx_HAL_Driver/Src/stm32l0xx_hal_flash.c **** {
 626:Drivers/STM32L0xx_HAL_Driver/Src/stm32l0xx_hal_flash.c ****    return pFlash.ErrorCode;
 627:Drivers/STM32L0xx_HAL_Driver/Src/stm32l0xx_hal_flash.c **** }
 628:Drivers/STM32L0xx_HAL_Driver/Src/stm32l0xx_hal_flash.c **** 
 629:Drivers/STM32L0xx_HAL_Driver/Src/stm32l0xx_hal_flash.c **** /**
 630:Drivers/STM32L0xx_HAL_Driver/Src/stm32l0xx_hal_flash.c ****   * @}
 631:Drivers/STM32L0xx_HAL_Driver/Src/stm32l0xx_hal_flash.c ****   */
 632:Drivers/STM32L0xx_HAL_Driver/Src/stm32l0xx_hal_flash.c **** 
 633:Drivers/STM32L0xx_HAL_Driver/Src/stm32l0xx_hal_flash.c **** /**
 634:Drivers/STM32L0xx_HAL_Driver/Src/stm32l0xx_hal_flash.c ****   * @}
 635:Drivers/STM32L0xx_HAL_Driver/Src/stm32l0xx_hal_flash.c ****   */
 636:Drivers/STM32L0xx_HAL_Driver/Src/stm32l0xx_hal_flash.c **** 
 637:Drivers/STM32L0xx_HAL_Driver/Src/stm32l0xx_hal_flash.c **** /** @addtogroup FLASH_Private_Functions
 638:Drivers/STM32L0xx_HAL_Driver/Src/stm32l0xx_hal_flash.c ****  * @{
 639:Drivers/STM32L0xx_HAL_Driver/Src/stm32l0xx_hal_flash.c ****  */
 640:Drivers/STM32L0xx_HAL_Driver/Src/stm32l0xx_hal_flash.c **** 
 641:Drivers/STM32L0xx_HAL_Driver/Src/stm32l0xx_hal_flash.c **** /**
 642:Drivers/STM32L0xx_HAL_Driver/Src/stm32l0xx_hal_flash.c ****   * @brief  Wait for a FLASH operation to complete.
 643:Drivers/STM32L0xx_HAL_Driver/Src/stm32l0xx_hal_flash.c ****   * @param  Timeout  maximum flash operation timeout
 644:Drivers/STM32L0xx_HAL_Driver/Src/stm32l0xx_hal_flash.c ****   * @retval HAL Status
 645:Drivers/STM32L0xx_HAL_Driver/Src/stm32l0xx_hal_flash.c ****   */
 646:Drivers/STM32L0xx_HAL_Driver/Src/stm32l0xx_hal_flash.c **** HAL_StatusTypeDef FLASH_WaitForLastOperation(uint32_t Timeout)
 647:Drivers/STM32L0xx_HAL_Driver/Src/stm32l0xx_hal_flash.c **** {
 648:Drivers/STM32L0xx_HAL_Driver/Src/stm32l0xx_hal_flash.c ****   /* Wait for the FLASH operation to complete by polling on BUSY flag to be reset.
 649:Drivers/STM32L0xx_HAL_Driver/Src/stm32l0xx_hal_flash.c ****      Even if the FLASH operation fails, the BUSY flag will be reset and an error
 650:Drivers/STM32L0xx_HAL_Driver/Src/stm32l0xx_hal_flash.c ****      flag will be set */
 651:Drivers/STM32L0xx_HAL_Driver/Src/stm32l0xx_hal_flash.c ****      
 652:Drivers/STM32L0xx_HAL_Driver/Src/stm32l0xx_hal_flash.c ****   uint32_t tickstart = HAL_GetTick();
 653:Drivers/STM32L0xx_HAL_Driver/Src/stm32l0xx_hal_flash.c ****      
 654:Drivers/STM32L0xx_HAL_Driver/Src/stm32l0xx_hal_flash.c ****   while(__HAL_FLASH_GET_FLAG(FLASH_FLAG_BSY)) 
 655:Drivers/STM32L0xx_HAL_Driver/Src/stm32l0xx_hal_flash.c ****   { 
 656:Drivers/STM32L0xx_HAL_Driver/Src/stm32l0xx_hal_flash.c ****     if (Timeout != HAL_MAX_DELAY)
 657:Drivers/STM32L0xx_HAL_Driver/Src/stm32l0xx_hal_flash.c ****     {
 658:Drivers/STM32L0xx_HAL_Driver/Src/stm32l0xx_hal_flash.c ****       if((Timeout == 0U) || ((HAL_GetTick()-tickstart) > Timeout))
 659:Drivers/STM32L0xx_HAL_Driver/Src/stm32l0xx_hal_flash.c ****       {
 660:Drivers/STM32L0xx_HAL_Driver/Src/stm32l0xx_hal_flash.c ****         return HAL_TIMEOUT;
ARM GAS  /var/folders/d7/pb3dkhys6j3db_qtp_8v34p80000gn/T//cc1cqqta.s 			page 13


 661:Drivers/STM32L0xx_HAL_Driver/Src/stm32l0xx_hal_flash.c ****       }
 662:Drivers/STM32L0xx_HAL_Driver/Src/stm32l0xx_hal_flash.c ****     }
 663:Drivers/STM32L0xx_HAL_Driver/Src/stm32l0xx_hal_flash.c ****   }
 664:Drivers/STM32L0xx_HAL_Driver/Src/stm32l0xx_hal_flash.c ****   
 665:Drivers/STM32L0xx_HAL_Driver/Src/stm32l0xx_hal_flash.c ****   /* Check FLASH End of Operation flag  */
 666:Drivers/STM32L0xx_HAL_Driver/Src/stm32l0xx_hal_flash.c ****   if (__HAL_FLASH_GET_FLAG(FLASH_FLAG_EOP))
 667:Drivers/STM32L0xx_HAL_Driver/Src/stm32l0xx_hal_flash.c ****   {
 668:Drivers/STM32L0xx_HAL_Driver/Src/stm32l0xx_hal_flash.c ****     /* Clear FLASH End of Operation pending bit */
 669:Drivers/STM32L0xx_HAL_Driver/Src/stm32l0xx_hal_flash.c ****     __HAL_FLASH_CLEAR_FLAG(FLASH_FLAG_EOP);
 670:Drivers/STM32L0xx_HAL_Driver/Src/stm32l0xx_hal_flash.c ****   }
 671:Drivers/STM32L0xx_HAL_Driver/Src/stm32l0xx_hal_flash.c ****   
 672:Drivers/STM32L0xx_HAL_Driver/Src/stm32l0xx_hal_flash.c ****   if( __HAL_FLASH_GET_FLAG(FLASH_FLAG_WRPERR)     || 
 673:Drivers/STM32L0xx_HAL_Driver/Src/stm32l0xx_hal_flash.c ****       __HAL_FLASH_GET_FLAG(FLASH_FLAG_PGAERR)     || 
 674:Drivers/STM32L0xx_HAL_Driver/Src/stm32l0xx_hal_flash.c ****       __HAL_FLASH_GET_FLAG(FLASH_FLAG_SIZERR)     || 
 675:Drivers/STM32L0xx_HAL_Driver/Src/stm32l0xx_hal_flash.c ****       __HAL_FLASH_GET_FLAG(FLASH_FLAG_OPTVERR)    || 
 676:Drivers/STM32L0xx_HAL_Driver/Src/stm32l0xx_hal_flash.c ****       __HAL_FLASH_GET_FLAG(FLASH_FLAG_RDERR)      || 
 677:Drivers/STM32L0xx_HAL_Driver/Src/stm32l0xx_hal_flash.c ****       __HAL_FLASH_GET_FLAG(FLASH_FLAG_FWWERR)     || 
 678:Drivers/STM32L0xx_HAL_Driver/Src/stm32l0xx_hal_flash.c ****       __HAL_FLASH_GET_FLAG(FLASH_FLAG_NOTZEROERR) )
 679:Drivers/STM32L0xx_HAL_Driver/Src/stm32l0xx_hal_flash.c ****   {
 680:Drivers/STM32L0xx_HAL_Driver/Src/stm32l0xx_hal_flash.c ****     /*Save the error code*/
 681:Drivers/STM32L0xx_HAL_Driver/Src/stm32l0xx_hal_flash.c **** 
 682:Drivers/STM32L0xx_HAL_Driver/Src/stm32l0xx_hal_flash.c ****     /* WARNING : On the first cut of STM32L031xx and STM32L041xx devices,
 683:Drivers/STM32L0xx_HAL_Driver/Src/stm32l0xx_hal_flash.c ****      *           (RefID = 0x1000) the FLASH_FLAG_OPTVERR bit was not behaving
 684:Drivers/STM32L0xx_HAL_Driver/Src/stm32l0xx_hal_flash.c ****      *           as expected. If the user run an application using the first
 685:Drivers/STM32L0xx_HAL_Driver/Src/stm32l0xx_hal_flash.c ****      *           cut of the STM32L031xx device or the first cut of the STM32L041xx
 686:Drivers/STM32L0xx_HAL_Driver/Src/stm32l0xx_hal_flash.c ****      *           device, this error should be ignored. The revId of the device
 687:Drivers/STM32L0xx_HAL_Driver/Src/stm32l0xx_hal_flash.c ****      *           can be retrieved via the HAL_GetREVID() function.
 688:Drivers/STM32L0xx_HAL_Driver/Src/stm32l0xx_hal_flash.c ****      *
 689:Drivers/STM32L0xx_HAL_Driver/Src/stm32l0xx_hal_flash.c ****      */
 690:Drivers/STM32L0xx_HAL_Driver/Src/stm32l0xx_hal_flash.c ****     FLASH_SetErrorCode();
 691:Drivers/STM32L0xx_HAL_Driver/Src/stm32l0xx_hal_flash.c ****     return HAL_ERROR;
 692:Drivers/STM32L0xx_HAL_Driver/Src/stm32l0xx_hal_flash.c ****   }
 693:Drivers/STM32L0xx_HAL_Driver/Src/stm32l0xx_hal_flash.c **** 
 694:Drivers/STM32L0xx_HAL_Driver/Src/stm32l0xx_hal_flash.c ****   /* There is no error flag set */
 695:Drivers/STM32L0xx_HAL_Driver/Src/stm32l0xx_hal_flash.c ****   return HAL_OK;
 696:Drivers/STM32L0xx_HAL_Driver/Src/stm32l0xx_hal_flash.c **** }
 697:Drivers/STM32L0xx_HAL_Driver/Src/stm32l0xx_hal_flash.c **** 
 698:Drivers/STM32L0xx_HAL_Driver/Src/stm32l0xx_hal_flash.c **** 
 699:Drivers/STM32L0xx_HAL_Driver/Src/stm32l0xx_hal_flash.c **** /**
 700:Drivers/STM32L0xx_HAL_Driver/Src/stm32l0xx_hal_flash.c ****   * @brief  Set the specific FLASH error flag.
 701:Drivers/STM32L0xx_HAL_Driver/Src/stm32l0xx_hal_flash.c ****   * @retval None
 702:Drivers/STM32L0xx_HAL_Driver/Src/stm32l0xx_hal_flash.c ****   */
 703:Drivers/STM32L0xx_HAL_Driver/Src/stm32l0xx_hal_flash.c **** static void FLASH_SetErrorCode(void)
 704:Drivers/STM32L0xx_HAL_Driver/Src/stm32l0xx_hal_flash.c **** {
  26              		.loc 1 704 1 view -0
  27              		.cfi_startproc
  28              		@ args = 0, pretend = 0, frame = 0
  29              		@ frame_needed = 0, uses_anonymous_args = 0
  30              		@ link register save eliminated.
 705:Drivers/STM32L0xx_HAL_Driver/Src/stm32l0xx_hal_flash.c ****   uint32_t flags = 0;
  31              		.loc 1 705 3 view .LVU1
  32              	.LVL0:
 706:Drivers/STM32L0xx_HAL_Driver/Src/stm32l0xx_hal_flash.c ****   
 707:Drivers/STM32L0xx_HAL_Driver/Src/stm32l0xx_hal_flash.c ****   if(__HAL_FLASH_GET_FLAG(FLASH_FLAG_WRPERR))
  33              		.loc 1 707 3 view .LVU2
  34              		.loc 1 707 6 is_stmt 0 view .LVU3
  35 0000 2B4B     		ldr	r3, .L15
ARM GAS  /var/folders/d7/pb3dkhys6j3db_qtp_8v34p80000gn/T//cc1cqqta.s 			page 14


  36 0002 9969     		ldr	r1, [r3, #24]
  37 0004 8022     		movs	r2, #128
  38 0006 5200     		lsls	r2, r2, #1
  39 0008 0B00     		movs	r3, r1
  40 000a 1340     		ands	r3, r2
  41              		.loc 1 707 5 view .LVU4
  42 000c 1142     		tst	r1, r2
  43 000e 06D0     		beq	.L2
 708:Drivers/STM32L0xx_HAL_Driver/Src/stm32l0xx_hal_flash.c ****   {
 709:Drivers/STM32L0xx_HAL_Driver/Src/stm32l0xx_hal_flash.c ****     pFlash.ErrorCode |= HAL_FLASH_ERROR_WRP;
  44              		.loc 1 709 5 is_stmt 1 view .LVU5
  45              		.loc 1 709 11 is_stmt 0 view .LVU6
  46 0010 284A     		ldr	r2, .L15+4
  47 0012 5369     		ldr	r3, [r2, #20]
  48              		.loc 1 709 22 view .LVU7
  49 0014 0221     		movs	r1, #2
  50 0016 0B43     		orrs	r3, r1
  51 0018 5361     		str	r3, [r2, #20]
 710:Drivers/STM32L0xx_HAL_Driver/Src/stm32l0xx_hal_flash.c ****     flags |= FLASH_FLAG_WRPERR;
  52              		.loc 1 710 5 is_stmt 1 view .LVU8
  53              	.LVL1:
  54              		.loc 1 710 11 is_stmt 0 view .LVU9
  55 001a 8023     		movs	r3, #128
  56 001c 5B00     		lsls	r3, r3, #1
  57              	.LVL2:
  58              	.L2:
 711:Drivers/STM32L0xx_HAL_Driver/Src/stm32l0xx_hal_flash.c ****   }
 712:Drivers/STM32L0xx_HAL_Driver/Src/stm32l0xx_hal_flash.c ****   if(__HAL_FLASH_GET_FLAG(FLASH_FLAG_PGAERR))
  59              		.loc 1 712 3 is_stmt 1 view .LVU10
  60              		.loc 1 712 6 is_stmt 0 view .LVU11
  61 001e 244A     		ldr	r2, .L15
  62 0020 9269     		ldr	r2, [r2, #24]
  63              		.loc 1 712 5 view .LVU12
  64 0022 9205     		lsls	r2, r2, #22
  65 0024 07D5     		bpl	.L3
 713:Drivers/STM32L0xx_HAL_Driver/Src/stm32l0xx_hal_flash.c ****   {
 714:Drivers/STM32L0xx_HAL_Driver/Src/stm32l0xx_hal_flash.c ****     pFlash.ErrorCode |= HAL_FLASH_ERROR_PGA;
  66              		.loc 1 714 5 is_stmt 1 view .LVU13
  67              		.loc 1 714 11 is_stmt 0 view .LVU14
  68 0026 2349     		ldr	r1, .L15+4
  69 0028 4A69     		ldr	r2, [r1, #20]
  70              		.loc 1 714 22 view .LVU15
  71 002a 0120     		movs	r0, #1
  72 002c 0243     		orrs	r2, r0
  73 002e 4A61     		str	r2, [r1, #20]
 715:Drivers/STM32L0xx_HAL_Driver/Src/stm32l0xx_hal_flash.c ****     flags |= FLASH_FLAG_PGAERR;
  74              		.loc 1 715 5 is_stmt 1 view .LVU16
  75              		.loc 1 715 11 is_stmt 0 view .LVU17
  76 0030 8022     		movs	r2, #128
  77 0032 9200     		lsls	r2, r2, #2
  78 0034 1343     		orrs	r3, r2
  79              	.LVL3:
  80              	.L3:
 716:Drivers/STM32L0xx_HAL_Driver/Src/stm32l0xx_hal_flash.c ****   }
 717:Drivers/STM32L0xx_HAL_Driver/Src/stm32l0xx_hal_flash.c ****   if(__HAL_FLASH_GET_FLAG(FLASH_FLAG_SIZERR))
  81              		.loc 1 717 3 is_stmt 1 view .LVU18
  82              		.loc 1 717 6 is_stmt 0 view .LVU19
ARM GAS  /var/folders/d7/pb3dkhys6j3db_qtp_8v34p80000gn/T//cc1cqqta.s 			page 15


  83 0036 1E4A     		ldr	r2, .L15
  84 0038 9269     		ldr	r2, [r2, #24]
  85              		.loc 1 717 5 view .LVU20
  86 003a 5205     		lsls	r2, r2, #21
  87 003c 07D5     		bpl	.L4
 718:Drivers/STM32L0xx_HAL_Driver/Src/stm32l0xx_hal_flash.c ****   { 
 719:Drivers/STM32L0xx_HAL_Driver/Src/stm32l0xx_hal_flash.c ****     pFlash.ErrorCode |= HAL_FLASH_ERROR_SIZE;
  88              		.loc 1 719 5 is_stmt 1 view .LVU21
  89              		.loc 1 719 11 is_stmt 0 view .LVU22
  90 003e 1D49     		ldr	r1, .L15+4
  91 0040 4A69     		ldr	r2, [r1, #20]
  92              		.loc 1 719 22 view .LVU23
  93 0042 0820     		movs	r0, #8
  94 0044 0243     		orrs	r2, r0
  95 0046 4A61     		str	r2, [r1, #20]
 720:Drivers/STM32L0xx_HAL_Driver/Src/stm32l0xx_hal_flash.c ****     flags |= FLASH_FLAG_SIZERR;
  96              		.loc 1 720 5 is_stmt 1 view .LVU24
  97              		.loc 1 720 11 is_stmt 0 view .LVU25
  98 0048 8022     		movs	r2, #128
  99 004a D200     		lsls	r2, r2, #3
 100 004c 1343     		orrs	r3, r2
 101              	.LVL4:
 102              	.L4:
 721:Drivers/STM32L0xx_HAL_Driver/Src/stm32l0xx_hal_flash.c ****   }
 722:Drivers/STM32L0xx_HAL_Driver/Src/stm32l0xx_hal_flash.c ****   if(__HAL_FLASH_GET_FLAG(FLASH_FLAG_OPTVERR))
 103              		.loc 1 722 3 is_stmt 1 view .LVU26
 104              		.loc 1 722 6 is_stmt 0 view .LVU27
 105 004e 184A     		ldr	r2, .L15
 106 0050 9269     		ldr	r2, [r2, #24]
 107              		.loc 1 722 5 view .LVU28
 108 0052 1205     		lsls	r2, r2, #20
 109 0054 07D5     		bpl	.L5
 723:Drivers/STM32L0xx_HAL_Driver/Src/stm32l0xx_hal_flash.c ****   {
 724:Drivers/STM32L0xx_HAL_Driver/Src/stm32l0xx_hal_flash.c ****     /* WARNING : On the first cut of STM32L031xx and STM32L041xx devices,
 725:Drivers/STM32L0xx_HAL_Driver/Src/stm32l0xx_hal_flash.c ****      *           (RefID = 0x1000) the FLASH_FLAG_OPTVERR bit was not behaving
 726:Drivers/STM32L0xx_HAL_Driver/Src/stm32l0xx_hal_flash.c ****      *           as expected. If the user run an application using the first
 727:Drivers/STM32L0xx_HAL_Driver/Src/stm32l0xx_hal_flash.c ****      *           cut of the STM32L031xx device or the first cut of the STM32L041xx
 728:Drivers/STM32L0xx_HAL_Driver/Src/stm32l0xx_hal_flash.c ****      *           device, this error should be ignored. The revId of the device
 729:Drivers/STM32L0xx_HAL_Driver/Src/stm32l0xx_hal_flash.c ****      *           can be retrieved via the HAL_GetREVID() function.
 730:Drivers/STM32L0xx_HAL_Driver/Src/stm32l0xx_hal_flash.c ****      *
 731:Drivers/STM32L0xx_HAL_Driver/Src/stm32l0xx_hal_flash.c ****      */
 732:Drivers/STM32L0xx_HAL_Driver/Src/stm32l0xx_hal_flash.c ****     pFlash.ErrorCode |= HAL_FLASH_ERROR_OPTV;
 110              		.loc 1 732 5 is_stmt 1 view .LVU29
 111              		.loc 1 732 11 is_stmt 0 view .LVU30
 112 0056 1749     		ldr	r1, .L15+4
 113 0058 4A69     		ldr	r2, [r1, #20]
 114              		.loc 1 732 22 view .LVU31
 115 005a 0420     		movs	r0, #4
 116 005c 0243     		orrs	r2, r0
 117 005e 4A61     		str	r2, [r1, #20]
 733:Drivers/STM32L0xx_HAL_Driver/Src/stm32l0xx_hal_flash.c ****     flags |= FLASH_FLAG_OPTVERR;
 118              		.loc 1 733 5 is_stmt 1 view .LVU32
 119              		.loc 1 733 11 is_stmt 0 view .LVU33
 120 0060 8022     		movs	r2, #128
 121 0062 1201     		lsls	r2, r2, #4
 122 0064 1343     		orrs	r3, r2
 123              	.LVL5:
ARM GAS  /var/folders/d7/pb3dkhys6j3db_qtp_8v34p80000gn/T//cc1cqqta.s 			page 16


 124              	.L5:
 734:Drivers/STM32L0xx_HAL_Driver/Src/stm32l0xx_hal_flash.c ****   }
 735:Drivers/STM32L0xx_HAL_Driver/Src/stm32l0xx_hal_flash.c **** 
 736:Drivers/STM32L0xx_HAL_Driver/Src/stm32l0xx_hal_flash.c ****   if(__HAL_FLASH_GET_FLAG(FLASH_FLAG_RDERR))
 125              		.loc 1 736 3 is_stmt 1 view .LVU34
 126              		.loc 1 736 6 is_stmt 0 view .LVU35
 127 0066 124A     		ldr	r2, .L15
 128 0068 9269     		ldr	r2, [r2, #24]
 129              		.loc 1 736 5 view .LVU36
 130 006a 9204     		lsls	r2, r2, #18
 131 006c 07D5     		bpl	.L6
 737:Drivers/STM32L0xx_HAL_Driver/Src/stm32l0xx_hal_flash.c ****   {
 738:Drivers/STM32L0xx_HAL_Driver/Src/stm32l0xx_hal_flash.c ****     pFlash.ErrorCode |= HAL_FLASH_ERROR_RD;
 132              		.loc 1 738 5 is_stmt 1 view .LVU37
 133              		.loc 1 738 11 is_stmt 0 view .LVU38
 134 006e 1149     		ldr	r1, .L15+4
 135 0070 4A69     		ldr	r2, [r1, #20]
 136              		.loc 1 738 22 view .LVU39
 137 0072 1020     		movs	r0, #16
 138 0074 0243     		orrs	r2, r0
 139 0076 4A61     		str	r2, [r1, #20]
 739:Drivers/STM32L0xx_HAL_Driver/Src/stm32l0xx_hal_flash.c ****     flags |= FLASH_FLAG_RDERR;
 140              		.loc 1 739 5 is_stmt 1 view .LVU40
 141              		.loc 1 739 11 is_stmt 0 view .LVU41
 142 0078 8022     		movs	r2, #128
 143 007a 9201     		lsls	r2, r2, #6
 144 007c 1343     		orrs	r3, r2
 145              	.LVL6:
 146              	.L6:
 740:Drivers/STM32L0xx_HAL_Driver/Src/stm32l0xx_hal_flash.c ****   }
 741:Drivers/STM32L0xx_HAL_Driver/Src/stm32l0xx_hal_flash.c ****   if(__HAL_FLASH_GET_FLAG(FLASH_FLAG_FWWERR))
 147              		.loc 1 741 3 is_stmt 1 view .LVU42
 148              		.loc 1 741 6 is_stmt 0 view .LVU43
 149 007e 0C4A     		ldr	r2, .L15
 150 0080 9269     		ldr	r2, [r2, #24]
 151              		.loc 1 741 5 view .LVU44
 152 0082 9203     		lsls	r2, r2, #14
 153 0084 05D5     		bpl	.L7
 742:Drivers/STM32L0xx_HAL_Driver/Src/stm32l0xx_hal_flash.c ****   { 
 743:Drivers/STM32L0xx_HAL_Driver/Src/stm32l0xx_hal_flash.c ****     pFlash.ErrorCode |= HAL_FLASH_ERROR_FWWERR;
 154              		.loc 1 743 5 is_stmt 1 view .LVU45
 155              		.loc 1 743 11 is_stmt 0 view .LVU46
 156 0086 0B48     		ldr	r0, .L15+4
 157 0088 4269     		ldr	r2, [r0, #20]
 158              		.loc 1 743 22 view .LVU47
 159 008a 2021     		movs	r1, #32
 160 008c 0A43     		orrs	r2, r1
 161 008e 4261     		str	r2, [r0, #20]
 744:Drivers/STM32L0xx_HAL_Driver/Src/stm32l0xx_hal_flash.c ****     flags |= HAL_FLASH_ERROR_FWWERR;
 162              		.loc 1 744 5 is_stmt 1 view .LVU48
 163              		.loc 1 744 11 is_stmt 0 view .LVU49
 164 0090 0B43     		orrs	r3, r1
 165              	.LVL7:
 166              	.L7:
 745:Drivers/STM32L0xx_HAL_Driver/Src/stm32l0xx_hal_flash.c ****   }
 746:Drivers/STM32L0xx_HAL_Driver/Src/stm32l0xx_hal_flash.c ****   if(__HAL_FLASH_GET_FLAG(FLASH_FLAG_NOTZEROERR))
 167              		.loc 1 746 3 is_stmt 1 view .LVU50
ARM GAS  /var/folders/d7/pb3dkhys6j3db_qtp_8v34p80000gn/T//cc1cqqta.s 			page 17


 168              		.loc 1 746 6 is_stmt 0 view .LVU51
 169 0092 074A     		ldr	r2, .L15
 170 0094 9269     		ldr	r2, [r2, #24]
 171              		.loc 1 746 5 view .LVU52
 172 0096 D203     		lsls	r2, r2, #15
 173 0098 07D5     		bpl	.L8
 747:Drivers/STM32L0xx_HAL_Driver/Src/stm32l0xx_hal_flash.c ****   { 
 748:Drivers/STM32L0xx_HAL_Driver/Src/stm32l0xx_hal_flash.c ****     pFlash.ErrorCode |= HAL_FLASH_ERROR_NOTZERO;
 174              		.loc 1 748 5 is_stmt 1 view .LVU53
 175              		.loc 1 748 11 is_stmt 0 view .LVU54
 176 009a 0649     		ldr	r1, .L15+4
 177 009c 4A69     		ldr	r2, [r1, #20]
 178              		.loc 1 748 22 view .LVU55
 179 009e 4020     		movs	r0, #64
 180 00a0 0243     		orrs	r2, r0
 181 00a2 4A61     		str	r2, [r1, #20]
 749:Drivers/STM32L0xx_HAL_Driver/Src/stm32l0xx_hal_flash.c ****     flags |= FLASH_FLAG_NOTZEROERR;
 182              		.loc 1 749 5 is_stmt 1 view .LVU56
 183              		.loc 1 749 11 is_stmt 0 view .LVU57
 184 00a4 8022     		movs	r2, #128
 185 00a6 5202     		lsls	r2, r2, #9
 186 00a8 1343     		orrs	r3, r2
 187              	.LVL8:
 188              	.L8:
 750:Drivers/STM32L0xx_HAL_Driver/Src/stm32l0xx_hal_flash.c ****   }
 751:Drivers/STM32L0xx_HAL_Driver/Src/stm32l0xx_hal_flash.c **** 
 752:Drivers/STM32L0xx_HAL_Driver/Src/stm32l0xx_hal_flash.c ****   /* Clear FLASH error pending bits */
 753:Drivers/STM32L0xx_HAL_Driver/Src/stm32l0xx_hal_flash.c ****   __HAL_FLASH_CLEAR_FLAG(flags);
 189              		.loc 1 753 3 is_stmt 1 view .LVU58
 190 00aa 014A     		ldr	r2, .L15
 191 00ac 9361     		str	r3, [r2, #24]
 754:Drivers/STM32L0xx_HAL_Driver/Src/stm32l0xx_hal_flash.c **** }  
 192              		.loc 1 754 1 is_stmt 0 view .LVU59
 193              		@ sp needed
 194 00ae 7047     		bx	lr
 195              	.L16:
 196              		.align	2
 197              	.L15:
 198 00b0 00200240 		.word	1073881088
 199 00b4 00000000 		.word	pFlash
 200              		.cfi_endproc
 201              	.LFE59:
 203              		.section	.text.HAL_FLASH_Program_IT,"ax",%progbits
 204              		.align	1
 205              		.global	HAL_FLASH_Program_IT
 206              		.syntax unified
 207              		.code	16
 208              		.thumb_func
 210              	HAL_FLASH_Program_IT:
 211              	.LVL9:
 212              	.LFB48:
 274:Drivers/STM32L0xx_HAL_Driver/Src/stm32l0xx_hal_flash.c ****   HAL_StatusTypeDef status = HAL_OK;
 213              		.loc 1 274 1 is_stmt 1 view -0
 214              		.cfi_startproc
 215              		@ args = 0, pretend = 0, frame = 0
 216              		@ frame_needed = 0, uses_anonymous_args = 0
 274:Drivers/STM32L0xx_HAL_Driver/Src/stm32l0xx_hal_flash.c ****   HAL_StatusTypeDef status = HAL_OK;
ARM GAS  /var/folders/d7/pb3dkhys6j3db_qtp_8v34p80000gn/T//cc1cqqta.s 			page 18


 217              		.loc 1 274 1 is_stmt 0 view .LVU61
 218 0000 30B5     		push	{r4, r5, lr}
 219              	.LCFI0:
 220              		.cfi_def_cfa_offset 12
 221              		.cfi_offset 4, -12
 222              		.cfi_offset 5, -8
 223              		.cfi_offset 14, -4
 275:Drivers/STM32L0xx_HAL_Driver/Src/stm32l0xx_hal_flash.c ****   
 224              		.loc 1 275 3 is_stmt 1 view .LVU62
 225              	.LVL10:
 278:Drivers/STM32L0xx_HAL_Driver/Src/stm32l0xx_hal_flash.c **** 
 226              		.loc 1 278 3 view .LVU63
 278:Drivers/STM32L0xx_HAL_Driver/Src/stm32l0xx_hal_flash.c **** 
 227              		.loc 1 278 3 view .LVU64
 228 0002 0B4B     		ldr	r3, .L20
 229 0004 1B7C     		ldrb	r3, [r3, #16]
 230 0006 012B     		cmp	r3, #1
 231 0008 0FD0     		beq	.L19
 278:Drivers/STM32L0xx_HAL_Driver/Src/stm32l0xx_hal_flash.c **** 
 232              		.loc 1 278 3 discriminator 2 view .LVU65
 233 000a 094B     		ldr	r3, .L20
 234 000c 0120     		movs	r0, #1
 235              	.LVL11:
 278:Drivers/STM32L0xx_HAL_Driver/Src/stm32l0xx_hal_flash.c **** 
 236              		.loc 1 278 3 is_stmt 0 discriminator 2 view .LVU66
 237 000e 1874     		strb	r0, [r3, #16]
 278:Drivers/STM32L0xx_HAL_Driver/Src/stm32l0xx_hal_flash.c **** 
 238              		.loc 1 278 3 is_stmt 1 view .LVU67
 281:Drivers/STM32L0xx_HAL_Driver/Src/stm32l0xx_hal_flash.c ****   assert_param(IS_FLASH_PROGRAM_ADDRESS(Address));
 239              		.loc 1 281 3 view .LVU68
 282:Drivers/STM32L0xx_HAL_Driver/Src/stm32l0xx_hal_flash.c **** 
 240              		.loc 1 282 3 view .LVU69
 285:Drivers/STM32L0xx_HAL_Driver/Src/stm32l0xx_hal_flash.c **** 
 241              		.loc 1 285 3 view .LVU70
 288:Drivers/STM32L0xx_HAL_Driver/Src/stm32l0xx_hal_flash.c **** 
 242              		.loc 1 288 3 view .LVU71
 243 0010 084C     		ldr	r4, .L20+4
 244 0012 6568     		ldr	r5, [r4, #4]
 245 0014 C020     		movs	r0, #192
 246 0016 8002     		lsls	r0, r0, #10
 247 0018 2843     		orrs	r0, r5
 248 001a 6060     		str	r0, [r4, #4]
 290:Drivers/STM32L0xx_HAL_Driver/Src/stm32l0xx_hal_flash.c ****   pFlash.ProcedureOnGoing = FLASH_PROC_PROGRAM;
 249              		.loc 1 290 3 view .LVU72
 290:Drivers/STM32L0xx_HAL_Driver/Src/stm32l0xx_hal_flash.c ****   pFlash.ProcedureOnGoing = FLASH_PROC_PROGRAM;
 250              		.loc 1 290 18 is_stmt 0 view .LVU73
 251 001c 9960     		str	r1, [r3, #8]
 291:Drivers/STM32L0xx_HAL_Driver/Src/stm32l0xx_hal_flash.c ****   /* Clean the error context */
 252              		.loc 1 291 3 is_stmt 1 view .LVU74
 291:Drivers/STM32L0xx_HAL_Driver/Src/stm32l0xx_hal_flash.c ****   /* Clean the error context */
 253              		.loc 1 291 27 is_stmt 0 view .LVU75
 254 001e 0220     		movs	r0, #2
 255 0020 1870     		strb	r0, [r3]
 293:Drivers/STM32L0xx_HAL_Driver/Src/stm32l0xx_hal_flash.c ****   /* Program word (32-bit) at a specified address. */
 256              		.loc 1 293 3 is_stmt 1 view .LVU76
 293:Drivers/STM32L0xx_HAL_Driver/Src/stm32l0xx_hal_flash.c ****   /* Program word (32-bit) at a specified address. */
 257              		.loc 1 293 20 is_stmt 0 view .LVU77
ARM GAS  /var/folders/d7/pb3dkhys6j3db_qtp_8v34p80000gn/T//cc1cqqta.s 			page 19


 258 0022 0020     		movs	r0, #0
 259 0024 5861     		str	r0, [r3, #20]
 295:Drivers/STM32L0xx_HAL_Driver/Src/stm32l0xx_hal_flash.c **** 
 260              		.loc 1 295 3 is_stmt 1 view .LVU78
 295:Drivers/STM32L0xx_HAL_Driver/Src/stm32l0xx_hal_flash.c **** 
 261              		.loc 1 295 29 is_stmt 0 view .LVU79
 262 0026 0A60     		str	r2, [r1]
 297:Drivers/STM32L0xx_HAL_Driver/Src/stm32l0xx_hal_flash.c **** }
 263              		.loc 1 297 3 is_stmt 1 view .LVU80
 264              	.L18:
 298:Drivers/STM32L0xx_HAL_Driver/Src/stm32l0xx_hal_flash.c **** 
 265              		.loc 1 298 1 is_stmt 0 view .LVU81
 266              		@ sp needed
 267 0028 30BD     		pop	{r4, r5, pc}
 268              	.LVL12:
 269              	.L19:
 278:Drivers/STM32L0xx_HAL_Driver/Src/stm32l0xx_hal_flash.c **** 
 270              		.loc 1 278 3 discriminator 1 view .LVU82
 271 002a 0220     		movs	r0, #2
 272              	.LVL13:
 278:Drivers/STM32L0xx_HAL_Driver/Src/stm32l0xx_hal_flash.c **** 
 273              		.loc 1 278 3 discriminator 1 view .LVU83
 274 002c FCE7     		b	.L18
 275              	.L21:
 276 002e C046     		.align	2
 277              	.L20:
 278 0030 00000000 		.word	pFlash
 279 0034 00200240 		.word	1073881088
 280              		.cfi_endproc
 281              	.LFE48:
 283              		.section	.text.HAL_FLASH_EndOfOperationCallback,"ax",%progbits
 284              		.align	1
 285              		.weak	HAL_FLASH_EndOfOperationCallback
 286              		.syntax unified
 287              		.code	16
 288              		.thumb_func
 290              	HAL_FLASH_EndOfOperationCallback:
 291              	.LVL14:
 292              	.LFB50:
 429:Drivers/STM32L0xx_HAL_Driver/Src/stm32l0xx_hal_flash.c ****   /* Prevent unused argument(s) compilation warning */
 293              		.loc 1 429 1 is_stmt 1 view -0
 294              		.cfi_startproc
 295              		@ args = 0, pretend = 0, frame = 0
 296              		@ frame_needed = 0, uses_anonymous_args = 0
 297              		@ link register save eliminated.
 431:Drivers/STM32L0xx_HAL_Driver/Src/stm32l0xx_hal_flash.c **** 
 298              		.loc 1 431 3 view .LVU85
 436:Drivers/STM32L0xx_HAL_Driver/Src/stm32l0xx_hal_flash.c **** 
 299              		.loc 1 436 1 is_stmt 0 view .LVU86
 300              		@ sp needed
 301 0000 7047     		bx	lr
 302              		.cfi_endproc
 303              	.LFE50:
 305              		.section	.text.HAL_FLASH_OperationErrorCallback,"ax",%progbits
 306              		.align	1
 307              		.weak	HAL_FLASH_OperationErrorCallback
 308              		.syntax unified
ARM GAS  /var/folders/d7/pb3dkhys6j3db_qtp_8v34p80000gn/T//cc1cqqta.s 			page 20


 309              		.code	16
 310              		.thumb_func
 312              	HAL_FLASH_OperationErrorCallback:
 313              	.LVL15:
 314              	.LFB51:
 446:Drivers/STM32L0xx_HAL_Driver/Src/stm32l0xx_hal_flash.c ****   /* Prevent unused argument(s) compilation warning */
 315              		.loc 1 446 1 is_stmt 1 view -0
 316              		.cfi_startproc
 317              		@ args = 0, pretend = 0, frame = 0
 318              		@ frame_needed = 0, uses_anonymous_args = 0
 319              		@ link register save eliminated.
 448:Drivers/STM32L0xx_HAL_Driver/Src/stm32l0xx_hal_flash.c **** 
 320              		.loc 1 448 3 view .LVU88
 453:Drivers/STM32L0xx_HAL_Driver/Src/stm32l0xx_hal_flash.c **** 
 321              		.loc 1 453 1 is_stmt 0 view .LVU89
 322              		@ sp needed
 323 0000 7047     		bx	lr
 324              		.cfi_endproc
 325              	.LFE51:
 327              		.section	.text.HAL_FLASH_IRQHandler,"ax",%progbits
 328              		.align	1
 329              		.global	HAL_FLASH_IRQHandler
 330              		.syntax unified
 331              		.code	16
 332              		.thumb_func
 334              	HAL_FLASH_IRQHandler:
 335              	.LFB49:
 305:Drivers/STM32L0xx_HAL_Driver/Src/stm32l0xx_hal_flash.c ****   uint32_t addresstmp = 0;
 336              		.loc 1 305 1 is_stmt 1 view -0
 337              		.cfi_startproc
 338              		@ args = 0, pretend = 0, frame = 0
 339              		@ frame_needed = 0, uses_anonymous_args = 0
 340 0000 10B5     		push	{r4, lr}
 341              	.LCFI1:
 342              		.cfi_def_cfa_offset 8
 343              		.cfi_offset 4, -8
 344              		.cfi_offset 14, -4
 306:Drivers/STM32L0xx_HAL_Driver/Src/stm32l0xx_hal_flash.c ****   
 345              		.loc 1 306 3 view .LVU91
 346              	.LVL16:
 321:Drivers/STM32L0xx_HAL_Driver/Src/stm32l0xx_hal_flash.c ****       __HAL_FLASH_GET_FLAG(FLASH_FLAG_PGAERR)     || 
 347              		.loc 1 321 3 view .LVU92
 321:Drivers/STM32L0xx_HAL_Driver/Src/stm32l0xx_hal_flash.c ****       __HAL_FLASH_GET_FLAG(FLASH_FLAG_PGAERR)     || 
 348              		.loc 1 321 7 is_stmt 0 view .LVU93
 349 0002 3E4B     		ldr	r3, .L42
 350 0004 9B69     		ldr	r3, [r3, #24]
 321:Drivers/STM32L0xx_HAL_Driver/Src/stm32l0xx_hal_flash.c ****       __HAL_FLASH_GET_FLAG(FLASH_FLAG_PGAERR)     || 
 351              		.loc 1 321 5 view .LVU94
 352 0006 DB05     		lsls	r3, r3, #23
 353 0008 17D4     		bmi	.L25
 322:Drivers/STM32L0xx_HAL_Driver/Src/stm32l0xx_hal_flash.c ****       __HAL_FLASH_GET_FLAG(FLASH_FLAG_SIZERR)     || 
 354              		.loc 1 322 7 view .LVU95
 355 000a 3C4B     		ldr	r3, .L42
 356 000c 9B69     		ldr	r3, [r3, #24]
 321:Drivers/STM32L0xx_HAL_Driver/Src/stm32l0xx_hal_flash.c ****       __HAL_FLASH_GET_FLAG(FLASH_FLAG_PGAERR)     || 
 357              		.loc 1 321 51 discriminator 1 view .LVU96
 358 000e 9B05     		lsls	r3, r3, #22
ARM GAS  /var/folders/d7/pb3dkhys6j3db_qtp_8v34p80000gn/T//cc1cqqta.s 			page 21


 359 0010 13D4     		bmi	.L25
 323:Drivers/STM32L0xx_HAL_Driver/Src/stm32l0xx_hal_flash.c ****       __HAL_FLASH_GET_FLAG(FLASH_FLAG_OPTVERR)    || 
 360              		.loc 1 323 7 view .LVU97
 361 0012 3A4B     		ldr	r3, .L42
 362 0014 9B69     		ldr	r3, [r3, #24]
 322:Drivers/STM32L0xx_HAL_Driver/Src/stm32l0xx_hal_flash.c ****       __HAL_FLASH_GET_FLAG(FLASH_FLAG_SIZERR)     || 
 363              		.loc 1 322 51 view .LVU98
 364 0016 5B05     		lsls	r3, r3, #21
 365 0018 0FD4     		bmi	.L25
 324:Drivers/STM32L0xx_HAL_Driver/Src/stm32l0xx_hal_flash.c ****       __HAL_FLASH_GET_FLAG(FLASH_FLAG_RDERR)      || 
 366              		.loc 1 324 7 view .LVU99
 367 001a 384B     		ldr	r3, .L42
 368 001c 9B69     		ldr	r3, [r3, #24]
 323:Drivers/STM32L0xx_HAL_Driver/Src/stm32l0xx_hal_flash.c ****       __HAL_FLASH_GET_FLAG(FLASH_FLAG_OPTVERR)    || 
 369              		.loc 1 323 51 view .LVU100
 370 001e 1B05     		lsls	r3, r3, #20
 371 0020 0BD4     		bmi	.L25
 325:Drivers/STM32L0xx_HAL_Driver/Src/stm32l0xx_hal_flash.c ****       __HAL_FLASH_GET_FLAG(FLASH_FLAG_FWWERR)     || 
 372              		.loc 1 325 7 view .LVU101
 373 0022 364B     		ldr	r3, .L42
 374 0024 9B69     		ldr	r3, [r3, #24]
 324:Drivers/STM32L0xx_HAL_Driver/Src/stm32l0xx_hal_flash.c ****       __HAL_FLASH_GET_FLAG(FLASH_FLAG_RDERR)      || 
 375              		.loc 1 324 51 view .LVU102
 376 0026 9B04     		lsls	r3, r3, #18
 377 0028 07D4     		bmi	.L25
 326:Drivers/STM32L0xx_HAL_Driver/Src/stm32l0xx_hal_flash.c ****       __HAL_FLASH_GET_FLAG(FLASH_FLAG_NOTZEROERR) )
 378              		.loc 1 326 7 view .LVU103
 379 002a 344B     		ldr	r3, .L42
 380 002c 9B69     		ldr	r3, [r3, #24]
 325:Drivers/STM32L0xx_HAL_Driver/Src/stm32l0xx_hal_flash.c ****       __HAL_FLASH_GET_FLAG(FLASH_FLAG_FWWERR)     || 
 381              		.loc 1 325 51 view .LVU104
 382 002e 9B03     		lsls	r3, r3, #14
 383 0030 03D4     		bmi	.L25
 327:Drivers/STM32L0xx_HAL_Driver/Src/stm32l0xx_hal_flash.c ****   {
 384              		.loc 1 327 7 view .LVU105
 385 0032 324B     		ldr	r3, .L42
 386 0034 9B69     		ldr	r3, [r3, #24]
 326:Drivers/STM32L0xx_HAL_Driver/Src/stm32l0xx_hal_flash.c ****       __HAL_FLASH_GET_FLAG(FLASH_FLAG_NOTZEROERR) )
 387              		.loc 1 326 51 view .LVU106
 388 0036 DB03     		lsls	r3, r3, #15
 389 0038 0DD5     		bpl	.L26
 390              	.L25:
 329:Drivers/STM32L0xx_HAL_Driver/Src/stm32l0xx_hal_flash.c ****     {
 391              		.loc 1 329 5 is_stmt 1 view .LVU107
 329:Drivers/STM32L0xx_HAL_Driver/Src/stm32l0xx_hal_flash.c ****     {
 392              		.loc 1 329 14 is_stmt 0 view .LVU108
 393 003a 314B     		ldr	r3, .L42+4
 394 003c 1B78     		ldrb	r3, [r3]
 329:Drivers/STM32L0xx_HAL_Driver/Src/stm32l0xx_hal_flash.c ****     {
 395              		.loc 1 329 7 view .LVU109
 396 003e 012B     		cmp	r3, #1
 397 0040 2ED0     		beq	.L41
 338:Drivers/STM32L0xx_HAL_Driver/Src/stm32l0xx_hal_flash.c ****     }
 398              		.loc 1 338 7 is_stmt 1 view .LVU110
 338:Drivers/STM32L0xx_HAL_Driver/Src/stm32l0xx_hal_flash.c ****     }
 399              		.loc 1 338 18 is_stmt 0 view .LVU111
 400 0042 2F4B     		ldr	r3, .L42+4
ARM GAS  /var/folders/d7/pb3dkhys6j3db_qtp_8v34p80000gn/T//cc1cqqta.s 			page 22


 401 0044 9C68     		ldr	r4, [r3, #8]
 402              	.LVL17:
 403              	.L28:
 341:Drivers/STM32L0xx_HAL_Driver/Src/stm32l0xx_hal_flash.c ****     
 404              		.loc 1 341 5 is_stmt 1 view .LVU112
 405 0046 FFF7FEFF 		bl	FLASH_SetErrorCode
 406              	.LVL18:
 344:Drivers/STM32L0xx_HAL_Driver/Src/stm32l0xx_hal_flash.c **** 
 407              		.loc 1 344 5 view .LVU113
 408 004a 2000     		movs	r0, r4
 409 004c FFF7FEFF 		bl	HAL_FLASH_OperationErrorCallback
 410              	.LVL19:
 347:Drivers/STM32L0xx_HAL_Driver/Src/stm32l0xx_hal_flash.c ****   }
 411              		.loc 1 347 5 view .LVU114
 347:Drivers/STM32L0xx_HAL_Driver/Src/stm32l0xx_hal_flash.c ****   }
 412              		.loc 1 347 29 is_stmt 0 view .LVU115
 413 0050 2B4B     		ldr	r3, .L42+4
 414 0052 0022     		movs	r2, #0
 415 0054 1A70     		strb	r2, [r3]
 416              	.LVL20:
 417              	.L26:
 351:Drivers/STM32L0xx_HAL_Driver/Src/stm32l0xx_hal_flash.c ****   {
 418              		.loc 1 351 3 is_stmt 1 view .LVU116
 351:Drivers/STM32L0xx_HAL_Driver/Src/stm32l0xx_hal_flash.c ****   {
 419              		.loc 1 351 6 is_stmt 0 view .LVU117
 420 0056 294B     		ldr	r3, .L42
 421 0058 9B69     		ldr	r3, [r3, #24]
 351:Drivers/STM32L0xx_HAL_Driver/Src/stm32l0xx_hal_flash.c ****   {
 422              		.loc 1 351 5 view .LVU118
 423 005a 9B07     		lsls	r3, r3, #30
 424 005c 3DD5     		bpl	.L29
 354:Drivers/STM32L0xx_HAL_Driver/Src/stm32l0xx_hal_flash.c ****     
 425              		.loc 1 354 5 is_stmt 1 view .LVU119
 426 005e 274B     		ldr	r3, .L42
 427 0060 0222     		movs	r2, #2
 428 0062 9A61     		str	r2, [r3, #24]
 357:Drivers/STM32L0xx_HAL_Driver/Src/stm32l0xx_hal_flash.c ****     {
 429              		.loc 1 357 5 view .LVU120
 357:Drivers/STM32L0xx_HAL_Driver/Src/stm32l0xx_hal_flash.c ****     {
 430              		.loc 1 357 14 is_stmt 0 view .LVU121
 431 0064 264B     		ldr	r3, .L42+4
 432 0066 1B78     		ldrb	r3, [r3]
 357:Drivers/STM32L0xx_HAL_Driver/Src/stm32l0xx_hal_flash.c ****     {
 433              		.loc 1 357 7 view .LVU122
 434 0068 002B     		cmp	r3, #0
 435 006a 36D0     		beq	.L29
 359:Drivers/STM32L0xx_HAL_Driver/Src/stm32l0xx_hal_flash.c ****       {
 436              		.loc 1 359 7 is_stmt 1 view .LVU123
 359:Drivers/STM32L0xx_HAL_Driver/Src/stm32l0xx_hal_flash.c ****       {
 437              		.loc 1 359 16 is_stmt 0 view .LVU124
 438 006c 244B     		ldr	r3, .L42+4
 439 006e 1B78     		ldrb	r3, [r3]
 359:Drivers/STM32L0xx_HAL_Driver/Src/stm32l0xx_hal_flash.c ****       {
 440              		.loc 1 359 9 view .LVU125
 441 0070 012B     		cmp	r3, #1
 442 0072 24D1     		bne	.L30
 362:Drivers/STM32L0xx_HAL_Driver/Src/stm32l0xx_hal_flash.c **** 
ARM GAS  /var/folders/d7/pb3dkhys6j3db_qtp_8v34p80000gn/T//cc1cqqta.s 			page 23


 443              		.loc 1 362 9 is_stmt 1 view .LVU126
 362:Drivers/STM32L0xx_HAL_Driver/Src/stm32l0xx_hal_flash.c **** 
 444              		.loc 1 362 15 is_stmt 0 view .LVU127
 445 0074 224B     		ldr	r3, .L42+4
 446 0076 5A68     		ldr	r2, [r3, #4]
 362:Drivers/STM32L0xx_HAL_Driver/Src/stm32l0xx_hal_flash.c **** 
 447              		.loc 1 362 30 view .LVU128
 448 0078 013A     		subs	r2, r2, #1
 449 007a 5A60     		str	r2, [r3, #4]
 365:Drivers/STM32L0xx_HAL_Driver/Src/stm32l0xx_hal_flash.c ****         {
 450              		.loc 1 365 9 is_stmt 1 view .LVU129
 365:Drivers/STM32L0xx_HAL_Driver/Src/stm32l0xx_hal_flash.c ****         {
 451              		.loc 1 365 18 is_stmt 0 view .LVU130
 452 007c 5B68     		ldr	r3, [r3, #4]
 365:Drivers/STM32L0xx_HAL_Driver/Src/stm32l0xx_hal_flash.c ****         {
 453              		.loc 1 365 11 view .LVU131
 454 007e 002B     		cmp	r3, #0
 455 0080 14D0     		beq	.L31
 367:Drivers/STM32L0xx_HAL_Driver/Src/stm32l0xx_hal_flash.c ****           /*Indicate user which sector has been erased */
 456              		.loc 1 367 11 is_stmt 1 view .LVU132
 367:Drivers/STM32L0xx_HAL_Driver/Src/stm32l0xx_hal_flash.c ****           /*Indicate user which sector has been erased */
 457              		.loc 1 367 22 is_stmt 0 view .LVU133
 458 0082 1F4C     		ldr	r4, .L42+4
 459 0084 E068     		ldr	r0, [r4, #12]
 460              	.LVL21:
 369:Drivers/STM32L0xx_HAL_Driver/Src/stm32l0xx_hal_flash.c **** 
 461              		.loc 1 369 11 is_stmt 1 view .LVU134
 462 0086 FFF7FEFF 		bl	HAL_FLASH_EndOfOperationCallback
 463              	.LVL22:
 372:Drivers/STM32L0xx_HAL_Driver/Src/stm32l0xx_hal_flash.c ****           pFlash.Page = addresstmp;
 464              		.loc 1 372 11 view .LVU135
 372:Drivers/STM32L0xx_HAL_Driver/Src/stm32l0xx_hal_flash.c ****           pFlash.Page = addresstmp;
 465              		.loc 1 372 30 is_stmt 0 view .LVU136
 466 008a E068     		ldr	r0, [r4, #12]
 372:Drivers/STM32L0xx_HAL_Driver/Src/stm32l0xx_hal_flash.c ****           pFlash.Page = addresstmp;
 467              		.loc 1 372 22 view .LVU137
 468 008c 8030     		adds	r0, r0, #128
 469              	.LVL23:
 373:Drivers/STM32L0xx_HAL_Driver/Src/stm32l0xx_hal_flash.c **** 
 470              		.loc 1 373 11 is_stmt 1 view .LVU138
 373:Drivers/STM32L0xx_HAL_Driver/Src/stm32l0xx_hal_flash.c **** 
 471              		.loc 1 373 23 is_stmt 0 view .LVU139
 472 008e E060     		str	r0, [r4, #12]
 376:Drivers/STM32L0xx_HAL_Driver/Src/stm32l0xx_hal_flash.c **** 
 473              		.loc 1 376 11 is_stmt 1 view .LVU140
 474 0090 1A4A     		ldr	r2, .L42
 475 0092 5368     		ldr	r3, [r2, #4]
 476 0094 1B49     		ldr	r1, .L42+8
 477 0096 0B40     		ands	r3, r1
 478 0098 5360     		str	r3, [r2, #4]
 378:Drivers/STM32L0xx_HAL_Driver/Src/stm32l0xx_hal_flash.c ****         }
 479              		.loc 1 378 11 view .LVU141
 480 009a FFF7FEFF 		bl	FLASH_PageErase
 481              	.LVL24:
 378:Drivers/STM32L0xx_HAL_Driver/Src/stm32l0xx_hal_flash.c ****         }
 482              		.loc 1 378 11 is_stmt 0 view .LVU142
 483 009e 1CE0     		b	.L29
ARM GAS  /var/folders/d7/pb3dkhys6j3db_qtp_8v34p80000gn/T//cc1cqqta.s 			page 24


 484              	.LVL25:
 485              	.L41:
 332:Drivers/STM32L0xx_HAL_Driver/Src/stm32l0xx_hal_flash.c ****       pFlash.Page = 0xFFFFFFFFU;
 486              		.loc 1 332 7 is_stmt 1 view .LVU143
 332:Drivers/STM32L0xx_HAL_Driver/Src/stm32l0xx_hal_flash.c ****       pFlash.Page = 0xFFFFFFFFU;
 487              		.loc 1 332 18 is_stmt 0 view .LVU144
 488 00a0 174B     		ldr	r3, .L42+4
 489 00a2 DC68     		ldr	r4, [r3, #12]
 490              	.LVL26:
 333:Drivers/STM32L0xx_HAL_Driver/Src/stm32l0xx_hal_flash.c ****     }
 491              		.loc 1 333 7 is_stmt 1 view .LVU145
 333:Drivers/STM32L0xx_HAL_Driver/Src/stm32l0xx_hal_flash.c ****     }
 492              		.loc 1 333 19 is_stmt 0 view .LVU146
 493 00a4 0122     		movs	r2, #1
 494 00a6 5242     		rsbs	r2, r2, #0
 495 00a8 DA60     		str	r2, [r3, #12]
 496 00aa CCE7     		b	.L28
 497              	.LVL27:
 498              	.L31:
 384:Drivers/STM32L0xx_HAL_Driver/Src/stm32l0xx_hal_flash.c ****           pFlash.ProcedureOnGoing = FLASH_PROC_NONE;
 499              		.loc 1 384 11 is_stmt 1 view .LVU147
 384:Drivers/STM32L0xx_HAL_Driver/Src/stm32l0xx_hal_flash.c ****           pFlash.ProcedureOnGoing = FLASH_PROC_NONE;
 500              		.loc 1 384 23 is_stmt 0 view .LVU148
 501 00ac 144B     		ldr	r3, .L42+4
 502 00ae 0120     		movs	r0, #1
 503 00b0 4042     		rsbs	r0, r0, #0
 504 00b2 D860     		str	r0, [r3, #12]
 385:Drivers/STM32L0xx_HAL_Driver/Src/stm32l0xx_hal_flash.c ****           /* FLASH EOP interrupt user callback */
 505              		.loc 1 385 11 is_stmt 1 view .LVU149
 385:Drivers/STM32L0xx_HAL_Driver/Src/stm32l0xx_hal_flash.c ****           /* FLASH EOP interrupt user callback */
 506              		.loc 1 385 35 is_stmt 0 view .LVU150
 507 00b4 0022     		movs	r2, #0
 508 00b6 1A70     		strb	r2, [r3]
 387:Drivers/STM32L0xx_HAL_Driver/Src/stm32l0xx_hal_flash.c ****         }
 509              		.loc 1 387 11 is_stmt 1 view .LVU151
 510 00b8 FFF7FEFF 		bl	HAL_FLASH_EndOfOperationCallback
 511              	.LVL28:
 512 00bc 0DE0     		b	.L29
 513              	.LVL29:
 514              	.L30:
 393:Drivers/STM32L0xx_HAL_Driver/Src/stm32l0xx_hal_flash.c **** 
 515              		.loc 1 393 11 view .LVU152
 516 00be 0F4A     		ldr	r2, .L42
 517 00c0 5368     		ldr	r3, [r2, #4]
 518 00c2 0821     		movs	r1, #8
 519 00c4 8B43     		bics	r3, r1
 520 00c6 5360     		str	r3, [r2, #4]
 397:Drivers/STM32L0xx_HAL_Driver/Src/stm32l0xx_hal_flash.c ****         
 521              		.loc 1 397 11 view .LVU153
 397:Drivers/STM32L0xx_HAL_Driver/Src/stm32l0xx_hal_flash.c ****         
 522              		.loc 1 397 50 is_stmt 0 view .LVU154
 523 00c8 0D4C     		ldr	r4, .L42+4
 524 00ca A068     		ldr	r0, [r4, #8]
 397:Drivers/STM32L0xx_HAL_Driver/Src/stm32l0xx_hal_flash.c ****         
 525              		.loc 1 397 11 view .LVU155
 526 00cc FFF7FEFF 		bl	HAL_FLASH_EndOfOperationCallback
 527              	.LVL30:
ARM GAS  /var/folders/d7/pb3dkhys6j3db_qtp_8v34p80000gn/T//cc1cqqta.s 			page 25


 400:Drivers/STM32L0xx_HAL_Driver/Src/stm32l0xx_hal_flash.c ****           pFlash.ProcedureOnGoing = FLASH_PROC_NONE;
 528              		.loc 1 400 11 is_stmt 1 view .LVU156
 400:Drivers/STM32L0xx_HAL_Driver/Src/stm32l0xx_hal_flash.c ****           pFlash.ProcedureOnGoing = FLASH_PROC_NONE;
 529              		.loc 1 400 26 is_stmt 0 view .LVU157
 530 00d0 0123     		movs	r3, #1
 531 00d2 5B42     		rsbs	r3, r3, #0
 532 00d4 A360     		str	r3, [r4, #8]
 401:Drivers/STM32L0xx_HAL_Driver/Src/stm32l0xx_hal_flash.c ****       }
 533              		.loc 1 401 11 is_stmt 1 view .LVU158
 401:Drivers/STM32L0xx_HAL_Driver/Src/stm32l0xx_hal_flash.c ****       }
 534              		.loc 1 401 35 is_stmt 0 view .LVU159
 535 00d6 0023     		movs	r3, #0
 536 00d8 2370     		strb	r3, [r4]
 537              	.L29:
 407:Drivers/STM32L0xx_HAL_Driver/Src/stm32l0xx_hal_flash.c ****   {
 538              		.loc 1 407 3 is_stmt 1 view .LVU160
 407:Drivers/STM32L0xx_HAL_Driver/Src/stm32l0xx_hal_flash.c ****   {
 539              		.loc 1 407 12 is_stmt 0 view .LVU161
 540 00da 094B     		ldr	r3, .L42+4
 541 00dc 1B78     		ldrb	r3, [r3]
 407:Drivers/STM32L0xx_HAL_Driver/Src/stm32l0xx_hal_flash.c ****   {
 542              		.loc 1 407 5 view .LVU162
 543 00de 002B     		cmp	r3, #0
 544 00e0 0BD1     		bne	.L24
 410:Drivers/STM32L0xx_HAL_Driver/Src/stm32l0xx_hal_flash.c **** 
 545              		.loc 1 410 5 is_stmt 1 view .LVU163
 546 00e2 064B     		ldr	r3, .L42
 547 00e4 5A68     		ldr	r2, [r3, #4]
 548 00e6 0849     		ldr	r1, .L42+12
 549 00e8 0A40     		ands	r2, r1
 550 00ea 5A60     		str	r2, [r3, #4]
 413:Drivers/STM32L0xx_HAL_Driver/Src/stm32l0xx_hal_flash.c **** 
 551              		.loc 1 413 5 view .LVU164
 552 00ec 5A68     		ldr	r2, [r3, #4]
 553 00ee 0749     		ldr	r1, .L42+16
 554 00f0 0A40     		ands	r2, r1
 555 00f2 5A60     		str	r2, [r3, #4]
 416:Drivers/STM32L0xx_HAL_Driver/Src/stm32l0xx_hal_flash.c ****   }
 556              		.loc 1 416 5 view .LVU165
 416:Drivers/STM32L0xx_HAL_Driver/Src/stm32l0xx_hal_flash.c ****   }
 557              		.loc 1 416 5 view .LVU166
 558 00f4 024B     		ldr	r3, .L42+4
 559 00f6 0022     		movs	r2, #0
 560 00f8 1A74     		strb	r2, [r3, #16]
 416:Drivers/STM32L0xx_HAL_Driver/Src/stm32l0xx_hal_flash.c ****   }
 561              		.loc 1 416 5 view .LVU167
 562              	.L24:
 418:Drivers/STM32L0xx_HAL_Driver/Src/stm32l0xx_hal_flash.c **** 
 563              		.loc 1 418 1 is_stmt 0 view .LVU168
 564              		@ sp needed
 565 00fa 10BD     		pop	{r4, pc}
 566              	.L43:
 567              		.align	2
 568              	.L42:
 569 00fc 00200240 		.word	1073881088
 570 0100 00000000 		.word	pFlash
 571 0104 FFFDFFFF 		.word	-513
ARM GAS  /var/folders/d7/pb3dkhys6j3db_qtp_8v34p80000gn/T//cc1cqqta.s 			page 26


 572 0108 F7FDFFFF 		.word	-521
 573 010c FFFFFCFF 		.word	-196609
 574              		.cfi_endproc
 575              	.LFE49:
 577              		.section	.text.HAL_FLASH_Unlock,"ax",%progbits
 578              		.align	1
 579              		.global	HAL_FLASH_Unlock
 580              		.syntax unified
 581              		.code	16
 582              		.thumb_func
 584              	HAL_FLASH_Unlock:
 585              	.LFB52:
 479:Drivers/STM32L0xx_HAL_Driver/Src/stm32l0xx_hal_flash.c ****   uint32_t primask_bit;
 586              		.loc 1 479 1 is_stmt 1 view -0
 587              		.cfi_startproc
 588              		@ args = 0, pretend = 0, frame = 0
 589              		@ frame_needed = 0, uses_anonymous_args = 0
 590              		@ link register save eliminated.
 480:Drivers/STM32L0xx_HAL_Driver/Src/stm32l0xx_hal_flash.c **** 
 591              		.loc 1 480 3 view .LVU170
 483:Drivers/STM32L0xx_HAL_Driver/Src/stm32l0xx_hal_flash.c ****   {
 592              		.loc 1 483 3 view .LVU171
 483:Drivers/STM32L0xx_HAL_Driver/Src/stm32l0xx_hal_flash.c ****   {
 593              		.loc 1 483 6 is_stmt 0 view .LVU172
 594 0000 144B     		ldr	r3, .L51
 595 0002 5B68     		ldr	r3, [r3, #4]
 483:Drivers/STM32L0xx_HAL_Driver/Src/stm32l0xx_hal_flash.c ****   {
 596              		.loc 1 483 5 view .LVU173
 597 0004 DB07     		lsls	r3, r3, #31
 598 0006 0CD5     		bpl	.L45
 486:Drivers/STM32L0xx_HAL_Driver/Src/stm32l0xx_hal_flash.c ****     __disable_irq();
 599              		.loc 1 486 5 is_stmt 1 view .LVU174
 600              	.LBB20:
 601              	.LBI20:
 602              		.file 2 "Drivers/CMSIS/Include/cmsis_gcc.h"
   1:Drivers/CMSIS/Include/cmsis_gcc.h **** /**************************************************************************//**
   2:Drivers/CMSIS/Include/cmsis_gcc.h ****  * @file     cmsis_gcc.h
   3:Drivers/CMSIS/Include/cmsis_gcc.h ****  * @brief    CMSIS compiler GCC header file
   4:Drivers/CMSIS/Include/cmsis_gcc.h ****  * @version  V5.0.4
   5:Drivers/CMSIS/Include/cmsis_gcc.h ****  * @date     09. April 2018
   6:Drivers/CMSIS/Include/cmsis_gcc.h ****  ******************************************************************************/
   7:Drivers/CMSIS/Include/cmsis_gcc.h **** /*
   8:Drivers/CMSIS/Include/cmsis_gcc.h ****  * Copyright (c) 2009-2018 Arm Limited. All rights reserved.
   9:Drivers/CMSIS/Include/cmsis_gcc.h ****  *
  10:Drivers/CMSIS/Include/cmsis_gcc.h ****  * SPDX-License-Identifier: Apache-2.0
  11:Drivers/CMSIS/Include/cmsis_gcc.h ****  *
  12:Drivers/CMSIS/Include/cmsis_gcc.h ****  * Licensed under the Apache License, Version 2.0 (the License); you may
  13:Drivers/CMSIS/Include/cmsis_gcc.h ****  * not use this file except in compliance with the License.
  14:Drivers/CMSIS/Include/cmsis_gcc.h ****  * You may obtain a copy of the License at
  15:Drivers/CMSIS/Include/cmsis_gcc.h ****  *
  16:Drivers/CMSIS/Include/cmsis_gcc.h ****  * www.apache.org/licenses/LICENSE-2.0
  17:Drivers/CMSIS/Include/cmsis_gcc.h ****  *
  18:Drivers/CMSIS/Include/cmsis_gcc.h ****  * Unless required by applicable law or agreed to in writing, software
  19:Drivers/CMSIS/Include/cmsis_gcc.h ****  * distributed under the License is distributed on an AS IS BASIS, WITHOUT
  20:Drivers/CMSIS/Include/cmsis_gcc.h ****  * WARRANTIES OR CONDITIONS OF ANY KIND, either express or implied.
  21:Drivers/CMSIS/Include/cmsis_gcc.h ****  * See the License for the specific language governing permissions and
  22:Drivers/CMSIS/Include/cmsis_gcc.h ****  * limitations under the License.
ARM GAS  /var/folders/d7/pb3dkhys6j3db_qtp_8v34p80000gn/T//cc1cqqta.s 			page 27


  23:Drivers/CMSIS/Include/cmsis_gcc.h ****  */
  24:Drivers/CMSIS/Include/cmsis_gcc.h **** 
  25:Drivers/CMSIS/Include/cmsis_gcc.h **** #ifndef __CMSIS_GCC_H
  26:Drivers/CMSIS/Include/cmsis_gcc.h **** #define __CMSIS_GCC_H
  27:Drivers/CMSIS/Include/cmsis_gcc.h **** 
  28:Drivers/CMSIS/Include/cmsis_gcc.h **** /* ignore some GCC warnings */
  29:Drivers/CMSIS/Include/cmsis_gcc.h **** #pragma GCC diagnostic push
  30:Drivers/CMSIS/Include/cmsis_gcc.h **** #pragma GCC diagnostic ignored "-Wsign-conversion"
  31:Drivers/CMSIS/Include/cmsis_gcc.h **** #pragma GCC diagnostic ignored "-Wconversion"
  32:Drivers/CMSIS/Include/cmsis_gcc.h **** #pragma GCC diagnostic ignored "-Wunused-parameter"
  33:Drivers/CMSIS/Include/cmsis_gcc.h **** 
  34:Drivers/CMSIS/Include/cmsis_gcc.h **** /* Fallback for __has_builtin */
  35:Drivers/CMSIS/Include/cmsis_gcc.h **** #ifndef __has_builtin
  36:Drivers/CMSIS/Include/cmsis_gcc.h ****   #define __has_builtin(x) (0)
  37:Drivers/CMSIS/Include/cmsis_gcc.h **** #endif
  38:Drivers/CMSIS/Include/cmsis_gcc.h **** 
  39:Drivers/CMSIS/Include/cmsis_gcc.h **** /* CMSIS compiler specific defines */
  40:Drivers/CMSIS/Include/cmsis_gcc.h **** #ifndef   __ASM
  41:Drivers/CMSIS/Include/cmsis_gcc.h ****   #define __ASM                                  __asm
  42:Drivers/CMSIS/Include/cmsis_gcc.h **** #endif
  43:Drivers/CMSIS/Include/cmsis_gcc.h **** #ifndef   __INLINE
  44:Drivers/CMSIS/Include/cmsis_gcc.h ****   #define __INLINE                               inline
  45:Drivers/CMSIS/Include/cmsis_gcc.h **** #endif
  46:Drivers/CMSIS/Include/cmsis_gcc.h **** #ifndef   __STATIC_INLINE
  47:Drivers/CMSIS/Include/cmsis_gcc.h ****   #define __STATIC_INLINE                        static inline
  48:Drivers/CMSIS/Include/cmsis_gcc.h **** #endif
  49:Drivers/CMSIS/Include/cmsis_gcc.h **** #ifndef   __STATIC_FORCEINLINE                 
  50:Drivers/CMSIS/Include/cmsis_gcc.h ****   #define __STATIC_FORCEINLINE                   __attribute__((always_inline)) static inline
  51:Drivers/CMSIS/Include/cmsis_gcc.h **** #endif                                           
  52:Drivers/CMSIS/Include/cmsis_gcc.h **** #ifndef   __NO_RETURN
  53:Drivers/CMSIS/Include/cmsis_gcc.h ****   #define __NO_RETURN                            __attribute__((__noreturn__))
  54:Drivers/CMSIS/Include/cmsis_gcc.h **** #endif
  55:Drivers/CMSIS/Include/cmsis_gcc.h **** #ifndef   __USED
  56:Drivers/CMSIS/Include/cmsis_gcc.h ****   #define __USED                                 __attribute__((used))
  57:Drivers/CMSIS/Include/cmsis_gcc.h **** #endif
  58:Drivers/CMSIS/Include/cmsis_gcc.h **** #ifndef   __WEAK
  59:Drivers/CMSIS/Include/cmsis_gcc.h ****   #define __WEAK                                 __attribute__((weak))
  60:Drivers/CMSIS/Include/cmsis_gcc.h **** #endif
  61:Drivers/CMSIS/Include/cmsis_gcc.h **** #ifndef   __PACKED
  62:Drivers/CMSIS/Include/cmsis_gcc.h ****   #define __PACKED                               __attribute__((packed, aligned(1)))
  63:Drivers/CMSIS/Include/cmsis_gcc.h **** #endif
  64:Drivers/CMSIS/Include/cmsis_gcc.h **** #ifndef   __PACKED_STRUCT
  65:Drivers/CMSIS/Include/cmsis_gcc.h ****   #define __PACKED_STRUCT                        struct __attribute__((packed, aligned(1)))
  66:Drivers/CMSIS/Include/cmsis_gcc.h **** #endif
  67:Drivers/CMSIS/Include/cmsis_gcc.h **** #ifndef   __PACKED_UNION
  68:Drivers/CMSIS/Include/cmsis_gcc.h ****   #define __PACKED_UNION                         union __attribute__((packed, aligned(1)))
  69:Drivers/CMSIS/Include/cmsis_gcc.h **** #endif
  70:Drivers/CMSIS/Include/cmsis_gcc.h **** #ifndef   __UNALIGNED_UINT32        /* deprecated */
  71:Drivers/CMSIS/Include/cmsis_gcc.h ****   #pragma GCC diagnostic push
  72:Drivers/CMSIS/Include/cmsis_gcc.h ****   #pragma GCC diagnostic ignored "-Wpacked"
  73:Drivers/CMSIS/Include/cmsis_gcc.h ****   #pragma GCC diagnostic ignored "-Wattributes"
  74:Drivers/CMSIS/Include/cmsis_gcc.h ****   struct __attribute__((packed)) T_UINT32 { uint32_t v; };
  75:Drivers/CMSIS/Include/cmsis_gcc.h ****   #pragma GCC diagnostic pop
  76:Drivers/CMSIS/Include/cmsis_gcc.h ****   #define __UNALIGNED_UINT32(x)                  (((struct T_UINT32 *)(x))->v)
  77:Drivers/CMSIS/Include/cmsis_gcc.h **** #endif
  78:Drivers/CMSIS/Include/cmsis_gcc.h **** #ifndef   __UNALIGNED_UINT16_WRITE
  79:Drivers/CMSIS/Include/cmsis_gcc.h ****   #pragma GCC diagnostic push
ARM GAS  /var/folders/d7/pb3dkhys6j3db_qtp_8v34p80000gn/T//cc1cqqta.s 			page 28


  80:Drivers/CMSIS/Include/cmsis_gcc.h ****   #pragma GCC diagnostic ignored "-Wpacked"
  81:Drivers/CMSIS/Include/cmsis_gcc.h ****   #pragma GCC diagnostic ignored "-Wattributes"
  82:Drivers/CMSIS/Include/cmsis_gcc.h ****   __PACKED_STRUCT T_UINT16_WRITE { uint16_t v; };
  83:Drivers/CMSIS/Include/cmsis_gcc.h ****   #pragma GCC diagnostic pop
  84:Drivers/CMSIS/Include/cmsis_gcc.h ****   #define __UNALIGNED_UINT16_WRITE(addr, val)    (void)((((struct T_UINT16_WRITE *)(void *)(addr))-
  85:Drivers/CMSIS/Include/cmsis_gcc.h **** #endif
  86:Drivers/CMSIS/Include/cmsis_gcc.h **** #ifndef   __UNALIGNED_UINT16_READ
  87:Drivers/CMSIS/Include/cmsis_gcc.h ****   #pragma GCC diagnostic push
  88:Drivers/CMSIS/Include/cmsis_gcc.h ****   #pragma GCC diagnostic ignored "-Wpacked"
  89:Drivers/CMSIS/Include/cmsis_gcc.h ****   #pragma GCC diagnostic ignored "-Wattributes"
  90:Drivers/CMSIS/Include/cmsis_gcc.h ****   __PACKED_STRUCT T_UINT16_READ { uint16_t v; };
  91:Drivers/CMSIS/Include/cmsis_gcc.h ****   #pragma GCC diagnostic pop
  92:Drivers/CMSIS/Include/cmsis_gcc.h ****   #define __UNALIGNED_UINT16_READ(addr)          (((const struct T_UINT16_READ *)(const void *)(add
  93:Drivers/CMSIS/Include/cmsis_gcc.h **** #endif
  94:Drivers/CMSIS/Include/cmsis_gcc.h **** #ifndef   __UNALIGNED_UINT32_WRITE
  95:Drivers/CMSIS/Include/cmsis_gcc.h ****   #pragma GCC diagnostic push
  96:Drivers/CMSIS/Include/cmsis_gcc.h ****   #pragma GCC diagnostic ignored "-Wpacked"
  97:Drivers/CMSIS/Include/cmsis_gcc.h ****   #pragma GCC diagnostic ignored "-Wattributes"
  98:Drivers/CMSIS/Include/cmsis_gcc.h ****   __PACKED_STRUCT T_UINT32_WRITE { uint32_t v; };
  99:Drivers/CMSIS/Include/cmsis_gcc.h ****   #pragma GCC diagnostic pop
 100:Drivers/CMSIS/Include/cmsis_gcc.h ****   #define __UNALIGNED_UINT32_WRITE(addr, val)    (void)((((struct T_UINT32_WRITE *)(void *)(addr))-
 101:Drivers/CMSIS/Include/cmsis_gcc.h **** #endif
 102:Drivers/CMSIS/Include/cmsis_gcc.h **** #ifndef   __UNALIGNED_UINT32_READ
 103:Drivers/CMSIS/Include/cmsis_gcc.h ****   #pragma GCC diagnostic push
 104:Drivers/CMSIS/Include/cmsis_gcc.h ****   #pragma GCC diagnostic ignored "-Wpacked"
 105:Drivers/CMSIS/Include/cmsis_gcc.h ****   #pragma GCC diagnostic ignored "-Wattributes"
 106:Drivers/CMSIS/Include/cmsis_gcc.h ****   __PACKED_STRUCT T_UINT32_READ { uint32_t v; };
 107:Drivers/CMSIS/Include/cmsis_gcc.h ****   #pragma GCC diagnostic pop
 108:Drivers/CMSIS/Include/cmsis_gcc.h ****   #define __UNALIGNED_UINT32_READ(addr)          (((const struct T_UINT32_READ *)(const void *)(add
 109:Drivers/CMSIS/Include/cmsis_gcc.h **** #endif
 110:Drivers/CMSIS/Include/cmsis_gcc.h **** #ifndef   __ALIGNED
 111:Drivers/CMSIS/Include/cmsis_gcc.h ****   #define __ALIGNED(x)                           __attribute__((aligned(x)))
 112:Drivers/CMSIS/Include/cmsis_gcc.h **** #endif
 113:Drivers/CMSIS/Include/cmsis_gcc.h **** #ifndef   __RESTRICT
 114:Drivers/CMSIS/Include/cmsis_gcc.h ****   #define __RESTRICT                             __restrict
 115:Drivers/CMSIS/Include/cmsis_gcc.h **** #endif
 116:Drivers/CMSIS/Include/cmsis_gcc.h **** 
 117:Drivers/CMSIS/Include/cmsis_gcc.h **** 
 118:Drivers/CMSIS/Include/cmsis_gcc.h **** /* ###########################  Core Function Access  ########################### */
 119:Drivers/CMSIS/Include/cmsis_gcc.h **** /** \ingroup  CMSIS_Core_FunctionInterface
 120:Drivers/CMSIS/Include/cmsis_gcc.h ****     \defgroup CMSIS_Core_RegAccFunctions CMSIS Core Register Access Functions
 121:Drivers/CMSIS/Include/cmsis_gcc.h ****   @{
 122:Drivers/CMSIS/Include/cmsis_gcc.h ****  */
 123:Drivers/CMSIS/Include/cmsis_gcc.h **** 
 124:Drivers/CMSIS/Include/cmsis_gcc.h **** /**
 125:Drivers/CMSIS/Include/cmsis_gcc.h ****   \brief   Enable IRQ Interrupts
 126:Drivers/CMSIS/Include/cmsis_gcc.h ****   \details Enables IRQ interrupts by clearing the I-bit in the CPSR.
 127:Drivers/CMSIS/Include/cmsis_gcc.h ****            Can only be executed in Privileged modes.
 128:Drivers/CMSIS/Include/cmsis_gcc.h ****  */
 129:Drivers/CMSIS/Include/cmsis_gcc.h **** __STATIC_FORCEINLINE void __enable_irq(void)
 130:Drivers/CMSIS/Include/cmsis_gcc.h **** {
 131:Drivers/CMSIS/Include/cmsis_gcc.h ****   __ASM volatile ("cpsie i" : : : "memory");
 132:Drivers/CMSIS/Include/cmsis_gcc.h **** }
 133:Drivers/CMSIS/Include/cmsis_gcc.h **** 
 134:Drivers/CMSIS/Include/cmsis_gcc.h **** 
 135:Drivers/CMSIS/Include/cmsis_gcc.h **** /**
 136:Drivers/CMSIS/Include/cmsis_gcc.h ****   \brief   Disable IRQ Interrupts
ARM GAS  /var/folders/d7/pb3dkhys6j3db_qtp_8v34p80000gn/T//cc1cqqta.s 			page 29


 137:Drivers/CMSIS/Include/cmsis_gcc.h ****   \details Disables IRQ interrupts by setting the I-bit in the CPSR.
 138:Drivers/CMSIS/Include/cmsis_gcc.h ****            Can only be executed in Privileged modes.
 139:Drivers/CMSIS/Include/cmsis_gcc.h ****  */
 140:Drivers/CMSIS/Include/cmsis_gcc.h **** __STATIC_FORCEINLINE void __disable_irq(void)
 141:Drivers/CMSIS/Include/cmsis_gcc.h **** {
 142:Drivers/CMSIS/Include/cmsis_gcc.h ****   __ASM volatile ("cpsid i" : : : "memory");
 143:Drivers/CMSIS/Include/cmsis_gcc.h **** }
 144:Drivers/CMSIS/Include/cmsis_gcc.h **** 
 145:Drivers/CMSIS/Include/cmsis_gcc.h **** 
 146:Drivers/CMSIS/Include/cmsis_gcc.h **** /**
 147:Drivers/CMSIS/Include/cmsis_gcc.h ****   \brief   Get Control Register
 148:Drivers/CMSIS/Include/cmsis_gcc.h ****   \details Returns the content of the Control Register.
 149:Drivers/CMSIS/Include/cmsis_gcc.h ****   \return               Control Register value
 150:Drivers/CMSIS/Include/cmsis_gcc.h ****  */
 151:Drivers/CMSIS/Include/cmsis_gcc.h **** __STATIC_FORCEINLINE uint32_t __get_CONTROL(void)
 152:Drivers/CMSIS/Include/cmsis_gcc.h **** {
 153:Drivers/CMSIS/Include/cmsis_gcc.h ****   uint32_t result;
 154:Drivers/CMSIS/Include/cmsis_gcc.h **** 
 155:Drivers/CMSIS/Include/cmsis_gcc.h ****   __ASM volatile ("MRS %0, control" : "=r" (result) );
 156:Drivers/CMSIS/Include/cmsis_gcc.h ****   return(result);
 157:Drivers/CMSIS/Include/cmsis_gcc.h **** }
 158:Drivers/CMSIS/Include/cmsis_gcc.h **** 
 159:Drivers/CMSIS/Include/cmsis_gcc.h **** 
 160:Drivers/CMSIS/Include/cmsis_gcc.h **** #if (defined (__ARM_FEATURE_CMSE ) && (__ARM_FEATURE_CMSE == 3))
 161:Drivers/CMSIS/Include/cmsis_gcc.h **** /**
 162:Drivers/CMSIS/Include/cmsis_gcc.h ****   \brief   Get Control Register (non-secure)
 163:Drivers/CMSIS/Include/cmsis_gcc.h ****   \details Returns the content of the non-secure Control Register when in secure mode.
 164:Drivers/CMSIS/Include/cmsis_gcc.h ****   \return               non-secure Control Register value
 165:Drivers/CMSIS/Include/cmsis_gcc.h ****  */
 166:Drivers/CMSIS/Include/cmsis_gcc.h **** __STATIC_FORCEINLINE uint32_t __TZ_get_CONTROL_NS(void)
 167:Drivers/CMSIS/Include/cmsis_gcc.h **** {
 168:Drivers/CMSIS/Include/cmsis_gcc.h ****   uint32_t result;
 169:Drivers/CMSIS/Include/cmsis_gcc.h **** 
 170:Drivers/CMSIS/Include/cmsis_gcc.h ****   __ASM volatile ("MRS %0, control_ns" : "=r" (result) );
 171:Drivers/CMSIS/Include/cmsis_gcc.h ****   return(result);
 172:Drivers/CMSIS/Include/cmsis_gcc.h **** }
 173:Drivers/CMSIS/Include/cmsis_gcc.h **** #endif
 174:Drivers/CMSIS/Include/cmsis_gcc.h **** 
 175:Drivers/CMSIS/Include/cmsis_gcc.h **** 
 176:Drivers/CMSIS/Include/cmsis_gcc.h **** /**
 177:Drivers/CMSIS/Include/cmsis_gcc.h ****   \brief   Set Control Register
 178:Drivers/CMSIS/Include/cmsis_gcc.h ****   \details Writes the given value to the Control Register.
 179:Drivers/CMSIS/Include/cmsis_gcc.h ****   \param [in]    control  Control Register value to set
 180:Drivers/CMSIS/Include/cmsis_gcc.h ****  */
 181:Drivers/CMSIS/Include/cmsis_gcc.h **** __STATIC_FORCEINLINE void __set_CONTROL(uint32_t control)
 182:Drivers/CMSIS/Include/cmsis_gcc.h **** {
 183:Drivers/CMSIS/Include/cmsis_gcc.h ****   __ASM volatile ("MSR control, %0" : : "r" (control) : "memory");
 184:Drivers/CMSIS/Include/cmsis_gcc.h **** }
 185:Drivers/CMSIS/Include/cmsis_gcc.h **** 
 186:Drivers/CMSIS/Include/cmsis_gcc.h **** 
 187:Drivers/CMSIS/Include/cmsis_gcc.h **** #if (defined (__ARM_FEATURE_CMSE ) && (__ARM_FEATURE_CMSE == 3))
 188:Drivers/CMSIS/Include/cmsis_gcc.h **** /**
 189:Drivers/CMSIS/Include/cmsis_gcc.h ****   \brief   Set Control Register (non-secure)
 190:Drivers/CMSIS/Include/cmsis_gcc.h ****   \details Writes the given value to the non-secure Control Register when in secure state.
 191:Drivers/CMSIS/Include/cmsis_gcc.h ****   \param [in]    control  Control Register value to set
 192:Drivers/CMSIS/Include/cmsis_gcc.h ****  */
 193:Drivers/CMSIS/Include/cmsis_gcc.h **** __STATIC_FORCEINLINE void __TZ_set_CONTROL_NS(uint32_t control)
ARM GAS  /var/folders/d7/pb3dkhys6j3db_qtp_8v34p80000gn/T//cc1cqqta.s 			page 30


 194:Drivers/CMSIS/Include/cmsis_gcc.h **** {
 195:Drivers/CMSIS/Include/cmsis_gcc.h ****   __ASM volatile ("MSR control_ns, %0" : : "r" (control) : "memory");
 196:Drivers/CMSIS/Include/cmsis_gcc.h **** }
 197:Drivers/CMSIS/Include/cmsis_gcc.h **** #endif
 198:Drivers/CMSIS/Include/cmsis_gcc.h **** 
 199:Drivers/CMSIS/Include/cmsis_gcc.h **** 
 200:Drivers/CMSIS/Include/cmsis_gcc.h **** /**
 201:Drivers/CMSIS/Include/cmsis_gcc.h ****   \brief   Get IPSR Register
 202:Drivers/CMSIS/Include/cmsis_gcc.h ****   \details Returns the content of the IPSR Register.
 203:Drivers/CMSIS/Include/cmsis_gcc.h ****   \return               IPSR Register value
 204:Drivers/CMSIS/Include/cmsis_gcc.h ****  */
 205:Drivers/CMSIS/Include/cmsis_gcc.h **** __STATIC_FORCEINLINE uint32_t __get_IPSR(void)
 206:Drivers/CMSIS/Include/cmsis_gcc.h **** {
 207:Drivers/CMSIS/Include/cmsis_gcc.h ****   uint32_t result;
 208:Drivers/CMSIS/Include/cmsis_gcc.h **** 
 209:Drivers/CMSIS/Include/cmsis_gcc.h ****   __ASM volatile ("MRS %0, ipsr" : "=r" (result) );
 210:Drivers/CMSIS/Include/cmsis_gcc.h ****   return(result);
 211:Drivers/CMSIS/Include/cmsis_gcc.h **** }
 212:Drivers/CMSIS/Include/cmsis_gcc.h **** 
 213:Drivers/CMSIS/Include/cmsis_gcc.h **** 
 214:Drivers/CMSIS/Include/cmsis_gcc.h **** /**
 215:Drivers/CMSIS/Include/cmsis_gcc.h ****   \brief   Get APSR Register
 216:Drivers/CMSIS/Include/cmsis_gcc.h ****   \details Returns the content of the APSR Register.
 217:Drivers/CMSIS/Include/cmsis_gcc.h ****   \return               APSR Register value
 218:Drivers/CMSIS/Include/cmsis_gcc.h ****  */
 219:Drivers/CMSIS/Include/cmsis_gcc.h **** __STATIC_FORCEINLINE uint32_t __get_APSR(void)
 220:Drivers/CMSIS/Include/cmsis_gcc.h **** {
 221:Drivers/CMSIS/Include/cmsis_gcc.h ****   uint32_t result;
 222:Drivers/CMSIS/Include/cmsis_gcc.h **** 
 223:Drivers/CMSIS/Include/cmsis_gcc.h ****   __ASM volatile ("MRS %0, apsr" : "=r" (result) );
 224:Drivers/CMSIS/Include/cmsis_gcc.h ****   return(result);
 225:Drivers/CMSIS/Include/cmsis_gcc.h **** }
 226:Drivers/CMSIS/Include/cmsis_gcc.h **** 
 227:Drivers/CMSIS/Include/cmsis_gcc.h **** 
 228:Drivers/CMSIS/Include/cmsis_gcc.h **** /**
 229:Drivers/CMSIS/Include/cmsis_gcc.h ****   \brief   Get xPSR Register
 230:Drivers/CMSIS/Include/cmsis_gcc.h ****   \details Returns the content of the xPSR Register.
 231:Drivers/CMSIS/Include/cmsis_gcc.h ****   \return               xPSR Register value
 232:Drivers/CMSIS/Include/cmsis_gcc.h ****  */
 233:Drivers/CMSIS/Include/cmsis_gcc.h **** __STATIC_FORCEINLINE uint32_t __get_xPSR(void)
 234:Drivers/CMSIS/Include/cmsis_gcc.h **** {
 235:Drivers/CMSIS/Include/cmsis_gcc.h ****   uint32_t result;
 236:Drivers/CMSIS/Include/cmsis_gcc.h **** 
 237:Drivers/CMSIS/Include/cmsis_gcc.h ****   __ASM volatile ("MRS %0, xpsr" : "=r" (result) );
 238:Drivers/CMSIS/Include/cmsis_gcc.h ****   return(result);
 239:Drivers/CMSIS/Include/cmsis_gcc.h **** }
 240:Drivers/CMSIS/Include/cmsis_gcc.h **** 
 241:Drivers/CMSIS/Include/cmsis_gcc.h **** 
 242:Drivers/CMSIS/Include/cmsis_gcc.h **** /**
 243:Drivers/CMSIS/Include/cmsis_gcc.h ****   \brief   Get Process Stack Pointer
 244:Drivers/CMSIS/Include/cmsis_gcc.h ****   \details Returns the current value of the Process Stack Pointer (PSP).
 245:Drivers/CMSIS/Include/cmsis_gcc.h ****   \return               PSP Register value
 246:Drivers/CMSIS/Include/cmsis_gcc.h ****  */
 247:Drivers/CMSIS/Include/cmsis_gcc.h **** __STATIC_FORCEINLINE uint32_t __get_PSP(void)
 248:Drivers/CMSIS/Include/cmsis_gcc.h **** {
 249:Drivers/CMSIS/Include/cmsis_gcc.h ****   uint32_t result;
 250:Drivers/CMSIS/Include/cmsis_gcc.h **** 
ARM GAS  /var/folders/d7/pb3dkhys6j3db_qtp_8v34p80000gn/T//cc1cqqta.s 			page 31


 251:Drivers/CMSIS/Include/cmsis_gcc.h ****   __ASM volatile ("MRS %0, psp"  : "=r" (result) );
 252:Drivers/CMSIS/Include/cmsis_gcc.h ****   return(result);
 253:Drivers/CMSIS/Include/cmsis_gcc.h **** }
 254:Drivers/CMSIS/Include/cmsis_gcc.h **** 
 255:Drivers/CMSIS/Include/cmsis_gcc.h **** 
 256:Drivers/CMSIS/Include/cmsis_gcc.h **** #if (defined (__ARM_FEATURE_CMSE ) && (__ARM_FEATURE_CMSE == 3))
 257:Drivers/CMSIS/Include/cmsis_gcc.h **** /**
 258:Drivers/CMSIS/Include/cmsis_gcc.h ****   \brief   Get Process Stack Pointer (non-secure)
 259:Drivers/CMSIS/Include/cmsis_gcc.h ****   \details Returns the current value of the non-secure Process Stack Pointer (PSP) when in secure s
 260:Drivers/CMSIS/Include/cmsis_gcc.h ****   \return               PSP Register value
 261:Drivers/CMSIS/Include/cmsis_gcc.h ****  */
 262:Drivers/CMSIS/Include/cmsis_gcc.h **** __STATIC_FORCEINLINE uint32_t __TZ_get_PSP_NS(void)
 263:Drivers/CMSIS/Include/cmsis_gcc.h **** {
 264:Drivers/CMSIS/Include/cmsis_gcc.h ****   uint32_t result;
 265:Drivers/CMSIS/Include/cmsis_gcc.h **** 
 266:Drivers/CMSIS/Include/cmsis_gcc.h ****   __ASM volatile ("MRS %0, psp_ns"  : "=r" (result) );
 267:Drivers/CMSIS/Include/cmsis_gcc.h ****   return(result);
 268:Drivers/CMSIS/Include/cmsis_gcc.h **** }
 269:Drivers/CMSIS/Include/cmsis_gcc.h **** #endif
 270:Drivers/CMSIS/Include/cmsis_gcc.h **** 
 271:Drivers/CMSIS/Include/cmsis_gcc.h **** 
 272:Drivers/CMSIS/Include/cmsis_gcc.h **** /**
 273:Drivers/CMSIS/Include/cmsis_gcc.h ****   \brief   Set Process Stack Pointer
 274:Drivers/CMSIS/Include/cmsis_gcc.h ****   \details Assigns the given value to the Process Stack Pointer (PSP).
 275:Drivers/CMSIS/Include/cmsis_gcc.h ****   \param [in]    topOfProcStack  Process Stack Pointer value to set
 276:Drivers/CMSIS/Include/cmsis_gcc.h ****  */
 277:Drivers/CMSIS/Include/cmsis_gcc.h **** __STATIC_FORCEINLINE void __set_PSP(uint32_t topOfProcStack)
 278:Drivers/CMSIS/Include/cmsis_gcc.h **** {
 279:Drivers/CMSIS/Include/cmsis_gcc.h ****   __ASM volatile ("MSR psp, %0" : : "r" (topOfProcStack) : );
 280:Drivers/CMSIS/Include/cmsis_gcc.h **** }
 281:Drivers/CMSIS/Include/cmsis_gcc.h **** 
 282:Drivers/CMSIS/Include/cmsis_gcc.h **** 
 283:Drivers/CMSIS/Include/cmsis_gcc.h **** #if (defined (__ARM_FEATURE_CMSE ) && (__ARM_FEATURE_CMSE == 3))
 284:Drivers/CMSIS/Include/cmsis_gcc.h **** /**
 285:Drivers/CMSIS/Include/cmsis_gcc.h ****   \brief   Set Process Stack Pointer (non-secure)
 286:Drivers/CMSIS/Include/cmsis_gcc.h ****   \details Assigns the given value to the non-secure Process Stack Pointer (PSP) when in secure sta
 287:Drivers/CMSIS/Include/cmsis_gcc.h ****   \param [in]    topOfProcStack  Process Stack Pointer value to set
 288:Drivers/CMSIS/Include/cmsis_gcc.h ****  */
 289:Drivers/CMSIS/Include/cmsis_gcc.h **** __STATIC_FORCEINLINE void __TZ_set_PSP_NS(uint32_t topOfProcStack)
 290:Drivers/CMSIS/Include/cmsis_gcc.h **** {
 291:Drivers/CMSIS/Include/cmsis_gcc.h ****   __ASM volatile ("MSR psp_ns, %0" : : "r" (topOfProcStack) : );
 292:Drivers/CMSIS/Include/cmsis_gcc.h **** }
 293:Drivers/CMSIS/Include/cmsis_gcc.h **** #endif
 294:Drivers/CMSIS/Include/cmsis_gcc.h **** 
 295:Drivers/CMSIS/Include/cmsis_gcc.h **** 
 296:Drivers/CMSIS/Include/cmsis_gcc.h **** /**
 297:Drivers/CMSIS/Include/cmsis_gcc.h ****   \brief   Get Main Stack Pointer
 298:Drivers/CMSIS/Include/cmsis_gcc.h ****   \details Returns the current value of the Main Stack Pointer (MSP).
 299:Drivers/CMSIS/Include/cmsis_gcc.h ****   \return               MSP Register value
 300:Drivers/CMSIS/Include/cmsis_gcc.h ****  */
 301:Drivers/CMSIS/Include/cmsis_gcc.h **** __STATIC_FORCEINLINE uint32_t __get_MSP(void)
 302:Drivers/CMSIS/Include/cmsis_gcc.h **** {
 303:Drivers/CMSIS/Include/cmsis_gcc.h ****   uint32_t result;
 304:Drivers/CMSIS/Include/cmsis_gcc.h **** 
 305:Drivers/CMSIS/Include/cmsis_gcc.h ****   __ASM volatile ("MRS %0, msp" : "=r" (result) );
 306:Drivers/CMSIS/Include/cmsis_gcc.h ****   return(result);
 307:Drivers/CMSIS/Include/cmsis_gcc.h **** }
ARM GAS  /var/folders/d7/pb3dkhys6j3db_qtp_8v34p80000gn/T//cc1cqqta.s 			page 32


 308:Drivers/CMSIS/Include/cmsis_gcc.h **** 
 309:Drivers/CMSIS/Include/cmsis_gcc.h **** 
 310:Drivers/CMSIS/Include/cmsis_gcc.h **** #if (defined (__ARM_FEATURE_CMSE ) && (__ARM_FEATURE_CMSE == 3))
 311:Drivers/CMSIS/Include/cmsis_gcc.h **** /**
 312:Drivers/CMSIS/Include/cmsis_gcc.h ****   \brief   Get Main Stack Pointer (non-secure)
 313:Drivers/CMSIS/Include/cmsis_gcc.h ****   \details Returns the current value of the non-secure Main Stack Pointer (MSP) when in secure stat
 314:Drivers/CMSIS/Include/cmsis_gcc.h ****   \return               MSP Register value
 315:Drivers/CMSIS/Include/cmsis_gcc.h ****  */
 316:Drivers/CMSIS/Include/cmsis_gcc.h **** __STATIC_FORCEINLINE uint32_t __TZ_get_MSP_NS(void)
 317:Drivers/CMSIS/Include/cmsis_gcc.h **** {
 318:Drivers/CMSIS/Include/cmsis_gcc.h ****   uint32_t result;
 319:Drivers/CMSIS/Include/cmsis_gcc.h **** 
 320:Drivers/CMSIS/Include/cmsis_gcc.h ****   __ASM volatile ("MRS %0, msp_ns" : "=r" (result) );
 321:Drivers/CMSIS/Include/cmsis_gcc.h ****   return(result);
 322:Drivers/CMSIS/Include/cmsis_gcc.h **** }
 323:Drivers/CMSIS/Include/cmsis_gcc.h **** #endif
 324:Drivers/CMSIS/Include/cmsis_gcc.h **** 
 325:Drivers/CMSIS/Include/cmsis_gcc.h **** 
 326:Drivers/CMSIS/Include/cmsis_gcc.h **** /**
 327:Drivers/CMSIS/Include/cmsis_gcc.h ****   \brief   Set Main Stack Pointer
 328:Drivers/CMSIS/Include/cmsis_gcc.h ****   \details Assigns the given value to the Main Stack Pointer (MSP).
 329:Drivers/CMSIS/Include/cmsis_gcc.h ****   \param [in]    topOfMainStack  Main Stack Pointer value to set
 330:Drivers/CMSIS/Include/cmsis_gcc.h ****  */
 331:Drivers/CMSIS/Include/cmsis_gcc.h **** __STATIC_FORCEINLINE void __set_MSP(uint32_t topOfMainStack)
 332:Drivers/CMSIS/Include/cmsis_gcc.h **** {
 333:Drivers/CMSIS/Include/cmsis_gcc.h ****   __ASM volatile ("MSR msp, %0" : : "r" (topOfMainStack) : );
 334:Drivers/CMSIS/Include/cmsis_gcc.h **** }
 335:Drivers/CMSIS/Include/cmsis_gcc.h **** 
 336:Drivers/CMSIS/Include/cmsis_gcc.h **** 
 337:Drivers/CMSIS/Include/cmsis_gcc.h **** #if (defined (__ARM_FEATURE_CMSE ) && (__ARM_FEATURE_CMSE == 3))
 338:Drivers/CMSIS/Include/cmsis_gcc.h **** /**
 339:Drivers/CMSIS/Include/cmsis_gcc.h ****   \brief   Set Main Stack Pointer (non-secure)
 340:Drivers/CMSIS/Include/cmsis_gcc.h ****   \details Assigns the given value to the non-secure Main Stack Pointer (MSP) when in secure state.
 341:Drivers/CMSIS/Include/cmsis_gcc.h ****   \param [in]    topOfMainStack  Main Stack Pointer value to set
 342:Drivers/CMSIS/Include/cmsis_gcc.h ****  */
 343:Drivers/CMSIS/Include/cmsis_gcc.h **** __STATIC_FORCEINLINE void __TZ_set_MSP_NS(uint32_t topOfMainStack)
 344:Drivers/CMSIS/Include/cmsis_gcc.h **** {
 345:Drivers/CMSIS/Include/cmsis_gcc.h ****   __ASM volatile ("MSR msp_ns, %0" : : "r" (topOfMainStack) : );
 346:Drivers/CMSIS/Include/cmsis_gcc.h **** }
 347:Drivers/CMSIS/Include/cmsis_gcc.h **** #endif
 348:Drivers/CMSIS/Include/cmsis_gcc.h **** 
 349:Drivers/CMSIS/Include/cmsis_gcc.h **** 
 350:Drivers/CMSIS/Include/cmsis_gcc.h **** #if (defined (__ARM_FEATURE_CMSE ) && (__ARM_FEATURE_CMSE == 3))
 351:Drivers/CMSIS/Include/cmsis_gcc.h **** /**
 352:Drivers/CMSIS/Include/cmsis_gcc.h ****   \brief   Get Stack Pointer (non-secure)
 353:Drivers/CMSIS/Include/cmsis_gcc.h ****   \details Returns the current value of the non-secure Stack Pointer (SP) when in secure state.
 354:Drivers/CMSIS/Include/cmsis_gcc.h ****   \return               SP Register value
 355:Drivers/CMSIS/Include/cmsis_gcc.h ****  */
 356:Drivers/CMSIS/Include/cmsis_gcc.h **** __STATIC_FORCEINLINE uint32_t __TZ_get_SP_NS(void)
 357:Drivers/CMSIS/Include/cmsis_gcc.h **** {
 358:Drivers/CMSIS/Include/cmsis_gcc.h ****   uint32_t result;
 359:Drivers/CMSIS/Include/cmsis_gcc.h **** 
 360:Drivers/CMSIS/Include/cmsis_gcc.h ****   __ASM volatile ("MRS %0, sp_ns" : "=r" (result) );
 361:Drivers/CMSIS/Include/cmsis_gcc.h ****   return(result);
 362:Drivers/CMSIS/Include/cmsis_gcc.h **** }
 363:Drivers/CMSIS/Include/cmsis_gcc.h **** 
 364:Drivers/CMSIS/Include/cmsis_gcc.h **** 
ARM GAS  /var/folders/d7/pb3dkhys6j3db_qtp_8v34p80000gn/T//cc1cqqta.s 			page 33


 365:Drivers/CMSIS/Include/cmsis_gcc.h **** /**
 366:Drivers/CMSIS/Include/cmsis_gcc.h ****   \brief   Set Stack Pointer (non-secure)
 367:Drivers/CMSIS/Include/cmsis_gcc.h ****   \details Assigns the given value to the non-secure Stack Pointer (SP) when in secure state.
 368:Drivers/CMSIS/Include/cmsis_gcc.h ****   \param [in]    topOfStack  Stack Pointer value to set
 369:Drivers/CMSIS/Include/cmsis_gcc.h ****  */
 370:Drivers/CMSIS/Include/cmsis_gcc.h **** __STATIC_FORCEINLINE void __TZ_set_SP_NS(uint32_t topOfStack)
 371:Drivers/CMSIS/Include/cmsis_gcc.h **** {
 372:Drivers/CMSIS/Include/cmsis_gcc.h ****   __ASM volatile ("MSR sp_ns, %0" : : "r" (topOfStack) : );
 373:Drivers/CMSIS/Include/cmsis_gcc.h **** }
 374:Drivers/CMSIS/Include/cmsis_gcc.h **** #endif
 375:Drivers/CMSIS/Include/cmsis_gcc.h **** 
 376:Drivers/CMSIS/Include/cmsis_gcc.h **** 
 377:Drivers/CMSIS/Include/cmsis_gcc.h **** /**
 378:Drivers/CMSIS/Include/cmsis_gcc.h ****   \brief   Get Priority Mask
 379:Drivers/CMSIS/Include/cmsis_gcc.h ****   \details Returns the current state of the priority mask bit from the Priority Mask Register.
 380:Drivers/CMSIS/Include/cmsis_gcc.h ****   \return               Priority Mask value
 381:Drivers/CMSIS/Include/cmsis_gcc.h ****  */
 382:Drivers/CMSIS/Include/cmsis_gcc.h **** __STATIC_FORCEINLINE uint32_t __get_PRIMASK(void)
 603              		.loc 2 382 31 view .LVU175
 604              	.LBB21:
 383:Drivers/CMSIS/Include/cmsis_gcc.h **** {
 384:Drivers/CMSIS/Include/cmsis_gcc.h ****   uint32_t result;
 605              		.loc 2 384 3 view .LVU176
 385:Drivers/CMSIS/Include/cmsis_gcc.h **** 
 386:Drivers/CMSIS/Include/cmsis_gcc.h ****   __ASM volatile ("MRS %0, primask" : "=r" (result) :: "memory");
 606              		.loc 2 386 3 view .LVU177
 607              		.syntax divided
 608              	@ 386 "Drivers/CMSIS/Include/cmsis_gcc.h" 1
 609 0008 EFF31082 		MRS r2, primask
 610              	@ 0 "" 2
 611              	.LVL31:
 387:Drivers/CMSIS/Include/cmsis_gcc.h ****   return(result);
 612              		.loc 2 387 3 view .LVU178
 613              		.loc 2 387 3 is_stmt 0 view .LVU179
 614              		.thumb
 615              		.syntax unified
 616              	.LBE21:
 617              	.LBE20:
 487:Drivers/STM32L0xx_HAL_Driver/Src/stm32l0xx_hal_flash.c **** 
 618              		.loc 1 487 5 is_stmt 1 view .LVU180
 619              	.LBB22:
 620              	.LBI22:
 140:Drivers/CMSIS/Include/cmsis_gcc.h **** {
 621              		.loc 2 140 27 view .LVU181
 622              	.LBB23:
 142:Drivers/CMSIS/Include/cmsis_gcc.h **** }
 623              		.loc 2 142 3 view .LVU182
 624              		.syntax divided
 625              	@ 142 "Drivers/CMSIS/Include/cmsis_gcc.h" 1
 626 000c 72B6     		cpsid i
 627              	@ 0 "" 2
 628              		.thumb
 629              		.syntax unified
 630              	.LBE23:
 631              	.LBE22:
 489:Drivers/STM32L0xx_HAL_Driver/Src/stm32l0xx_hal_flash.c ****     WRITE_REG(FLASH->PEKEYR, FLASH_PEKEY2);
 632              		.loc 1 489 5 view .LVU183
ARM GAS  /var/folders/d7/pb3dkhys6j3db_qtp_8v34p80000gn/T//cc1cqqta.s 			page 34


 633 000e 114B     		ldr	r3, .L51
 634 0010 1149     		ldr	r1, .L51+4
 635 0012 D960     		str	r1, [r3, #12]
 490:Drivers/STM32L0xx_HAL_Driver/Src/stm32l0xx_hal_flash.c **** 
 636              		.loc 1 490 5 view .LVU184
 637 0014 1149     		ldr	r1, .L51+8
 638 0016 D960     		str	r1, [r3, #12]
 493:Drivers/STM32L0xx_HAL_Driver/Src/stm32l0xx_hal_flash.c **** 
 639              		.loc 1 493 5 view .LVU185
 640              	.LVL32:
 641              	.LBB24:
 642              	.LBI24:
 388:Drivers/CMSIS/Include/cmsis_gcc.h **** }
 389:Drivers/CMSIS/Include/cmsis_gcc.h **** 
 390:Drivers/CMSIS/Include/cmsis_gcc.h **** 
 391:Drivers/CMSIS/Include/cmsis_gcc.h **** #if (defined (__ARM_FEATURE_CMSE ) && (__ARM_FEATURE_CMSE == 3))
 392:Drivers/CMSIS/Include/cmsis_gcc.h **** /**
 393:Drivers/CMSIS/Include/cmsis_gcc.h ****   \brief   Get Priority Mask (non-secure)
 394:Drivers/CMSIS/Include/cmsis_gcc.h ****   \details Returns the current state of the non-secure priority mask bit from the Priority Mask Reg
 395:Drivers/CMSIS/Include/cmsis_gcc.h ****   \return               Priority Mask value
 396:Drivers/CMSIS/Include/cmsis_gcc.h ****  */
 397:Drivers/CMSIS/Include/cmsis_gcc.h **** __STATIC_FORCEINLINE uint32_t __TZ_get_PRIMASK_NS(void)
 398:Drivers/CMSIS/Include/cmsis_gcc.h **** {
 399:Drivers/CMSIS/Include/cmsis_gcc.h ****   uint32_t result;
 400:Drivers/CMSIS/Include/cmsis_gcc.h **** 
 401:Drivers/CMSIS/Include/cmsis_gcc.h ****   __ASM volatile ("MRS %0, primask_ns" : "=r" (result) :: "memory");
 402:Drivers/CMSIS/Include/cmsis_gcc.h ****   return(result);
 403:Drivers/CMSIS/Include/cmsis_gcc.h **** }
 404:Drivers/CMSIS/Include/cmsis_gcc.h **** #endif
 405:Drivers/CMSIS/Include/cmsis_gcc.h **** 
 406:Drivers/CMSIS/Include/cmsis_gcc.h **** 
 407:Drivers/CMSIS/Include/cmsis_gcc.h **** /**
 408:Drivers/CMSIS/Include/cmsis_gcc.h ****   \brief   Set Priority Mask
 409:Drivers/CMSIS/Include/cmsis_gcc.h ****   \details Assigns the given value to the Priority Mask Register.
 410:Drivers/CMSIS/Include/cmsis_gcc.h ****   \param [in]    priMask  Priority Mask
 411:Drivers/CMSIS/Include/cmsis_gcc.h ****  */
 412:Drivers/CMSIS/Include/cmsis_gcc.h **** __STATIC_FORCEINLINE void __set_PRIMASK(uint32_t priMask)
 643              		.loc 2 412 27 view .LVU186
 644              	.LBB25:
 413:Drivers/CMSIS/Include/cmsis_gcc.h **** {
 414:Drivers/CMSIS/Include/cmsis_gcc.h ****   __ASM volatile ("MSR primask, %0" : : "r" (priMask) : "memory");
 645              		.loc 2 414 3 view .LVU187
 646              		.syntax divided
 647              	@ 414 "Drivers/CMSIS/Include/cmsis_gcc.h" 1
 648 0018 82F31088 		MSR primask, r2
 649              	@ 0 "" 2
 650              	.LVL33:
 651              		.loc 2 414 3 is_stmt 0 view .LVU188
 652              		.thumb
 653              		.syntax unified
 654              	.LBE25:
 655              	.LBE24:
 495:Drivers/STM32L0xx_HAL_Driver/Src/stm32l0xx_hal_flash.c ****     {
 656              		.loc 1 495 5 is_stmt 1 view .LVU189
 495:Drivers/STM32L0xx_HAL_Driver/Src/stm32l0xx_hal_flash.c ****     {
 657              		.loc 1 495 8 is_stmt 0 view .LVU190
 658 001c 5B68     		ldr	r3, [r3, #4]
ARM GAS  /var/folders/d7/pb3dkhys6j3db_qtp_8v34p80000gn/T//cc1cqqta.s 			page 35


 495:Drivers/STM32L0xx_HAL_Driver/Src/stm32l0xx_hal_flash.c ****     {
 659              		.loc 1 495 7 view .LVU191
 660 001e DB07     		lsls	r3, r3, #31
 661 0020 12D4     		bmi	.L47
 662              	.LVL34:
 663              	.L45:
 501:Drivers/STM32L0xx_HAL_Driver/Src/stm32l0xx_hal_flash.c ****   {
 664              		.loc 1 501 3 is_stmt 1 view .LVU192
 501:Drivers/STM32L0xx_HAL_Driver/Src/stm32l0xx_hal_flash.c ****   {
 665              		.loc 1 501 7 is_stmt 0 view .LVU193
 666 0022 0C4B     		ldr	r3, .L51
 667 0024 5B68     		ldr	r3, [r3, #4]
 501:Drivers/STM32L0xx_HAL_Driver/Src/stm32l0xx_hal_flash.c ****   {
 668              		.loc 1 501 6 view .LVU194
 669 0026 9B07     		lsls	r3, r3, #30
 670 0028 10D5     		bpl	.L48
 504:Drivers/STM32L0xx_HAL_Driver/Src/stm32l0xx_hal_flash.c ****     __disable_irq();
 671              		.loc 1 504 5 is_stmt 1 view .LVU195
 672              	.LBB26:
 673              	.LBI26:
 382:Drivers/CMSIS/Include/cmsis_gcc.h **** {
 674              		.loc 2 382 31 view .LVU196
 675              	.LBB27:
 384:Drivers/CMSIS/Include/cmsis_gcc.h **** 
 676              		.loc 2 384 3 view .LVU197
 386:Drivers/CMSIS/Include/cmsis_gcc.h ****   return(result);
 677              		.loc 2 386 3 view .LVU198
 678              		.syntax divided
 679              	@ 386 "Drivers/CMSIS/Include/cmsis_gcc.h" 1
 680 002a EFF31082 		MRS r2, primask
 681              	@ 0 "" 2
 682              	.LVL35:
 387:Drivers/CMSIS/Include/cmsis_gcc.h **** }
 683              		.loc 2 387 3 view .LVU199
 387:Drivers/CMSIS/Include/cmsis_gcc.h **** }
 684              		.loc 2 387 3 is_stmt 0 view .LVU200
 685              		.thumb
 686              		.syntax unified
 687              	.LBE27:
 688              	.LBE26:
 505:Drivers/STM32L0xx_HAL_Driver/Src/stm32l0xx_hal_flash.c **** 
 689              		.loc 1 505 5 is_stmt 1 view .LVU201
 690              	.LBB28:
 691              	.LBI28:
 140:Drivers/CMSIS/Include/cmsis_gcc.h **** {
 692              		.loc 2 140 27 view .LVU202
 693              	.LBB29:
 142:Drivers/CMSIS/Include/cmsis_gcc.h **** }
 694              		.loc 2 142 3 view .LVU203
 695              		.syntax divided
 696              	@ 142 "Drivers/CMSIS/Include/cmsis_gcc.h" 1
 697 002e 72B6     		cpsid i
 698              	@ 0 "" 2
 699              		.thumb
 700              		.syntax unified
 701              	.LBE29:
 702              	.LBE28:
ARM GAS  /var/folders/d7/pb3dkhys6j3db_qtp_8v34p80000gn/T//cc1cqqta.s 			page 36


 508:Drivers/STM32L0xx_HAL_Driver/Src/stm32l0xx_hal_flash.c ****     WRITE_REG(FLASH->PRGKEYR, FLASH_PRGKEY2);  
 703              		.loc 1 508 5 view .LVU204
 704 0030 084B     		ldr	r3, .L51
 705 0032 0B49     		ldr	r1, .L51+12
 706 0034 1961     		str	r1, [r3, #16]
 509:Drivers/STM32L0xx_HAL_Driver/Src/stm32l0xx_hal_flash.c **** 
 707              		.loc 1 509 5 view .LVU205
 708 0036 0B49     		ldr	r1, .L51+16
 709 0038 1961     		str	r1, [r3, #16]
 512:Drivers/STM32L0xx_HAL_Driver/Src/stm32l0xx_hal_flash.c **** 
 710              		.loc 1 512 5 view .LVU206
 711              	.LVL36:
 712              	.LBB30:
 713              	.LBI30:
 412:Drivers/CMSIS/Include/cmsis_gcc.h **** {
 714              		.loc 2 412 27 view .LVU207
 715              	.LBB31:
 716              		.loc 2 414 3 view .LVU208
 717              		.syntax divided
 718              	@ 414 "Drivers/CMSIS/Include/cmsis_gcc.h" 1
 719 003a 82F31088 		MSR primask, r2
 720              	@ 0 "" 2
 721              	.LVL37:
 722              		.loc 2 414 3 is_stmt 0 view .LVU209
 723              		.thumb
 724              		.syntax unified
 725              	.LBE31:
 726              	.LBE30:
 514:Drivers/STM32L0xx_HAL_Driver/Src/stm32l0xx_hal_flash.c ****     {
 727              		.loc 1 514 5 is_stmt 1 view .LVU210
 514:Drivers/STM32L0xx_HAL_Driver/Src/stm32l0xx_hal_flash.c ****     {
 728              		.loc 1 514 9 is_stmt 0 view .LVU211
 729 003e 5B68     		ldr	r3, [r3, #4]
 514:Drivers/STM32L0xx_HAL_Driver/Src/stm32l0xx_hal_flash.c ****     {
 730              		.loc 1 514 8 view .LVU212
 731 0040 9B07     		lsls	r3, r3, #30
 732 0042 05D4     		bmi	.L49
 520:Drivers/STM32L0xx_HAL_Driver/Src/stm32l0xx_hal_flash.c **** }
 733              		.loc 1 520 10 view .LVU213
 734 0044 0020     		movs	r0, #0
 735 0046 02E0     		b	.L46
 736              	.L47:
 497:Drivers/STM32L0xx_HAL_Driver/Src/stm32l0xx_hal_flash.c ****     }
 737              		.loc 1 497 14 view .LVU214
 738 0048 0120     		movs	r0, #1
 739 004a 00E0     		b	.L46
 740              	.LVL38:
 741              	.L48:
 520:Drivers/STM32L0xx_HAL_Driver/Src/stm32l0xx_hal_flash.c **** }
 742              		.loc 1 520 10 view .LVU215
 743 004c 0020     		movs	r0, #0
 744              	.L46:
 521:Drivers/STM32L0xx_HAL_Driver/Src/stm32l0xx_hal_flash.c **** 
 745              		.loc 1 521 1 view .LVU216
 746              		@ sp needed
 747 004e 7047     		bx	lr
 748              	.LVL39:
ARM GAS  /var/folders/d7/pb3dkhys6j3db_qtp_8v34p80000gn/T//cc1cqqta.s 			page 37


 749              	.L49:
 516:Drivers/STM32L0xx_HAL_Driver/Src/stm32l0xx_hal_flash.c ****     }
 750              		.loc 1 516 14 view .LVU217
 751 0050 0120     		movs	r0, #1
 752 0052 FCE7     		b	.L46
 753              	.L52:
 754              		.align	2
 755              	.L51:
 756 0054 00200240 		.word	1073881088
 757 0058 EFCDAB89 		.word	-1985229329
 758 005c 05040302 		.word	33752069
 759 0060 BFAE9D8C 		.word	-1935823169
 760 0064 16151413 		.word	320083222
 761              		.cfi_endproc
 762              	.LFE52:
 764              		.section	.text.HAL_FLASH_Lock,"ax",%progbits
 765              		.align	1
 766              		.global	HAL_FLASH_Lock
 767              		.syntax unified
 768              		.code	16
 769              		.thumb_func
 771              	HAL_FLASH_Lock:
 772              	.LFB53:
 528:Drivers/STM32L0xx_HAL_Driver/Src/stm32l0xx_hal_flash.c ****   /* Set the PRGLOCK Bit to lock the FLASH Registers access */
 773              		.loc 1 528 1 is_stmt 1 view -0
 774              		.cfi_startproc
 775              		@ args = 0, pretend = 0, frame = 0
 776              		@ frame_needed = 0, uses_anonymous_args = 0
 777              		@ link register save eliminated.
 530:Drivers/STM32L0xx_HAL_Driver/Src/stm32l0xx_hal_flash.c ****   
 778              		.loc 1 530 3 view .LVU219
 779 0000 054B     		ldr	r3, .L54
 780 0002 5A68     		ldr	r2, [r3, #4]
 781 0004 0221     		movs	r1, #2
 782 0006 0A43     		orrs	r2, r1
 783 0008 5A60     		str	r2, [r3, #4]
 533:Drivers/STM32L0xx_HAL_Driver/Src/stm32l0xx_hal_flash.c **** 
 784              		.loc 1 533 3 view .LVU220
 785 000a 5A68     		ldr	r2, [r3, #4]
 786 000c 0139     		subs	r1, r1, #1
 787 000e 0A43     		orrs	r2, r1
 788 0010 5A60     		str	r2, [r3, #4]
 535:Drivers/STM32L0xx_HAL_Driver/Src/stm32l0xx_hal_flash.c **** }
 789              		.loc 1 535 3 view .LVU221
 536:Drivers/STM32L0xx_HAL_Driver/Src/stm32l0xx_hal_flash.c **** 
 790              		.loc 1 536 1 is_stmt 0 view .LVU222
 791 0012 0020     		movs	r0, #0
 792              		@ sp needed
 793 0014 7047     		bx	lr
 794              	.L55:
 795 0016 C046     		.align	2
 796              	.L54:
 797 0018 00200240 		.word	1073881088
 798              		.cfi_endproc
 799              	.LFE53:
 801              		.section	.text.HAL_FLASH_OB_Unlock,"ax",%progbits
 802              		.align	1
ARM GAS  /var/folders/d7/pb3dkhys6j3db_qtp_8v34p80000gn/T//cc1cqqta.s 			page 38


 803              		.global	HAL_FLASH_OB_Unlock
 804              		.syntax unified
 805              		.code	16
 806              		.thumb_func
 808              	HAL_FLASH_OB_Unlock:
 809              	.LFB54:
 543:Drivers/STM32L0xx_HAL_Driver/Src/stm32l0xx_hal_flash.c ****   uint32_t primask_bit;
 810              		.loc 1 543 1 is_stmt 1 view -0
 811              		.cfi_startproc
 812              		@ args = 0, pretend = 0, frame = 0
 813              		@ frame_needed = 0, uses_anonymous_args = 0
 814              		@ link register save eliminated.
 544:Drivers/STM32L0xx_HAL_Driver/Src/stm32l0xx_hal_flash.c **** 
 815              		.loc 1 544 3 view .LVU224
 546:Drivers/STM32L0xx_HAL_Driver/Src/stm32l0xx_hal_flash.c ****   {
 816              		.loc 1 546 3 view .LVU225
 546:Drivers/STM32L0xx_HAL_Driver/Src/stm32l0xx_hal_flash.c ****   {
 817              		.loc 1 546 6 is_stmt 0 view .LVU226
 818 0000 0D4B     		ldr	r3, .L61
 819 0002 5B68     		ldr	r3, [r3, #4]
 546:Drivers/STM32L0xx_HAL_Driver/Src/stm32l0xx_hal_flash.c ****   {
 820              		.loc 1 546 5 view .LVU227
 821 0004 5B07     		lsls	r3, r3, #29
 822 0006 14D5     		bpl	.L59
 549:Drivers/STM32L0xx_HAL_Driver/Src/stm32l0xx_hal_flash.c ****     __disable_irq();
 823              		.loc 1 549 5 is_stmt 1 view .LVU228
 824              	.LBB32:
 825              	.LBI32:
 382:Drivers/CMSIS/Include/cmsis_gcc.h **** {
 826              		.loc 2 382 31 view .LVU229
 827              	.LBB33:
 384:Drivers/CMSIS/Include/cmsis_gcc.h **** 
 828              		.loc 2 384 3 view .LVU230
 386:Drivers/CMSIS/Include/cmsis_gcc.h ****   return(result);
 829              		.loc 2 386 3 view .LVU231
 830              		.syntax divided
 831              	@ 386 "Drivers/CMSIS/Include/cmsis_gcc.h" 1
 832 0008 EFF31083 		MRS r3, primask
 833              	@ 0 "" 2
 834              	.LVL40:
 387:Drivers/CMSIS/Include/cmsis_gcc.h **** }
 835              		.loc 2 387 3 view .LVU232
 387:Drivers/CMSIS/Include/cmsis_gcc.h **** }
 836              		.loc 2 387 3 is_stmt 0 view .LVU233
 837              		.thumb
 838              		.syntax unified
 839              	.LBE33:
 840              	.LBE32:
 550:Drivers/STM32L0xx_HAL_Driver/Src/stm32l0xx_hal_flash.c **** 
 841              		.loc 1 550 5 is_stmt 1 view .LVU234
 842              	.LBB34:
 843              	.LBI34:
 140:Drivers/CMSIS/Include/cmsis_gcc.h **** {
 844              		.loc 2 140 27 view .LVU235
 845              	.LBB35:
 142:Drivers/CMSIS/Include/cmsis_gcc.h **** }
 846              		.loc 2 142 3 view .LVU236
ARM GAS  /var/folders/d7/pb3dkhys6j3db_qtp_8v34p80000gn/T//cc1cqqta.s 			page 39


 847              		.syntax divided
 848              	@ 142 "Drivers/CMSIS/Include/cmsis_gcc.h" 1
 849 000c 72B6     		cpsid i
 850              	@ 0 "" 2
 851              		.thumb
 852              		.syntax unified
 853              	.LBE35:
 854              	.LBE34:
 553:Drivers/STM32L0xx_HAL_Driver/Src/stm32l0xx_hal_flash.c ****     {  
 855              		.loc 1 553 5 view .LVU237
 553:Drivers/STM32L0xx_HAL_Driver/Src/stm32l0xx_hal_flash.c ****     {  
 856              		.loc 1 553 8 is_stmt 0 view .LVU238
 857 000e 0A4A     		ldr	r2, .L61
 858 0010 5268     		ldr	r2, [r2, #4]
 553:Drivers/STM32L0xx_HAL_Driver/Src/stm32l0xx_hal_flash.c ****     {  
 859              		.loc 1 553 7 view .LVU239
 860 0012 D207     		lsls	r2, r2, #31
 861 0014 04D5     		bpl	.L58
 556:Drivers/STM32L0xx_HAL_Driver/Src/stm32l0xx_hal_flash.c ****       WRITE_REG(FLASH->PEKEYR, FLASH_PEKEY2);
 862              		.loc 1 556 7 is_stmt 1 view .LVU240
 863 0016 084A     		ldr	r2, .L61
 864 0018 0849     		ldr	r1, .L61+4
 865 001a D160     		str	r1, [r2, #12]
 557:Drivers/STM32L0xx_HAL_Driver/Src/stm32l0xx_hal_flash.c ****     }
 866              		.loc 1 557 7 view .LVU241
 867 001c 0849     		ldr	r1, .L61+8
 868 001e D160     		str	r1, [r2, #12]
 869              	.L58:
 561:Drivers/STM32L0xx_HAL_Driver/Src/stm32l0xx_hal_flash.c ****     WRITE_REG(FLASH->OPTKEYR, FLASH_OPTKEY2);
 870              		.loc 1 561 5 view .LVU242
 871 0020 054A     		ldr	r2, .L61
 872 0022 0849     		ldr	r1, .L61+12
 873 0024 5161     		str	r1, [r2, #20]
 562:Drivers/STM32L0xx_HAL_Driver/Src/stm32l0xx_hal_flash.c **** 
 874              		.loc 1 562 5 view .LVU243
 875 0026 0849     		ldr	r1, .L61+16
 876 0028 5161     		str	r1, [r2, #20]
 565:Drivers/STM32L0xx_HAL_Driver/Src/stm32l0xx_hal_flash.c ****   }
 877              		.loc 1 565 5 view .LVU244
 878              	.LBB36:
 879              	.LBI36:
 412:Drivers/CMSIS/Include/cmsis_gcc.h **** {
 880              		.loc 2 412 27 view .LVU245
 881              	.LBB37:
 882              		.loc 2 414 3 view .LVU246
 883              		.syntax divided
 884              	@ 414 "Drivers/CMSIS/Include/cmsis_gcc.h" 1
 885 002a 83F31088 		MSR primask, r3
 886              	@ 0 "" 2
 887              		.thumb
 888              		.syntax unified
 889              	.LBE37:
 890              	.LBE36:
 572:Drivers/STM32L0xx_HAL_Driver/Src/stm32l0xx_hal_flash.c **** }
 891              		.loc 1 572 3 view .LVU247
 572:Drivers/STM32L0xx_HAL_Driver/Src/stm32l0xx_hal_flash.c **** }
 892              		.loc 1 572 10 is_stmt 0 view .LVU248
ARM GAS  /var/folders/d7/pb3dkhys6j3db_qtp_8v34p80000gn/T//cc1cqqta.s 			page 40


 893 002e 0020     		movs	r0, #0
 894              	.LVL41:
 895              	.L57:
 573:Drivers/STM32L0xx_HAL_Driver/Src/stm32l0xx_hal_flash.c **** 
 896              		.loc 1 573 1 view .LVU249
 897              		@ sp needed
 898 0030 7047     		bx	lr
 899              	.L59:
 569:Drivers/STM32L0xx_HAL_Driver/Src/stm32l0xx_hal_flash.c ****   }  
 900              		.loc 1 569 12 view .LVU250
 901 0032 0120     		movs	r0, #1
 902 0034 FCE7     		b	.L57
 903              	.L62:
 904 0036 C046     		.align	2
 905              	.L61:
 906 0038 00200240 		.word	1073881088
 907 003c EFCDAB89 		.word	-1985229329
 908 0040 05040302 		.word	33752069
 909 0044 C8D9EAFB 		.word	-68494904
 910 0048 27262524 		.word	606414375
 911              		.cfi_endproc
 912              	.LFE54:
 914              		.section	.text.HAL_FLASH_OB_Lock,"ax",%progbits
 915              		.align	1
 916              		.global	HAL_FLASH_OB_Lock
 917              		.syntax unified
 918              		.code	16
 919              		.thumb_func
 921              	HAL_FLASH_OB_Lock:
 922              	.LFB55:
 580:Drivers/STM32L0xx_HAL_Driver/Src/stm32l0xx_hal_flash.c ****   /* Set the OPTLOCK Bit to lock the option bytes block access */
 923              		.loc 1 580 1 is_stmt 1 view -0
 924              		.cfi_startproc
 925              		@ args = 0, pretend = 0, frame = 0
 926              		@ frame_needed = 0, uses_anonymous_args = 0
 927              		@ link register save eliminated.
 582:Drivers/STM32L0xx_HAL_Driver/Src/stm32l0xx_hal_flash.c ****   
 928              		.loc 1 582 3 view .LVU252
 929 0000 034A     		ldr	r2, .L64
 930 0002 5368     		ldr	r3, [r2, #4]
 931 0004 0421     		movs	r1, #4
 932 0006 0B43     		orrs	r3, r1
 933 0008 5360     		str	r3, [r2, #4]
 584:Drivers/STM32L0xx_HAL_Driver/Src/stm32l0xx_hal_flash.c **** }
 934              		.loc 1 584 3 view .LVU253
 585:Drivers/STM32L0xx_HAL_Driver/Src/stm32l0xx_hal_flash.c ****   
 935              		.loc 1 585 1 is_stmt 0 view .LVU254
 936 000a 0020     		movs	r0, #0
 937              		@ sp needed
 938 000c 7047     		bx	lr
 939              	.L65:
 940 000e C046     		.align	2
 941              	.L64:
 942 0010 00200240 		.word	1073881088
 943              		.cfi_endproc
 944              	.LFE55:
 946              		.section	.text.HAL_FLASH_GetError,"ax",%progbits
ARM GAS  /var/folders/d7/pb3dkhys6j3db_qtp_8v34p80000gn/T//cc1cqqta.s 			page 41


 947              		.align	1
 948              		.global	HAL_FLASH_GetError
 949              		.syntax unified
 950              		.code	16
 951              		.thumb_func
 953              	HAL_FLASH_GetError:
 954              	.LFB57:
 625:Drivers/STM32L0xx_HAL_Driver/Src/stm32l0xx_hal_flash.c ****    return pFlash.ErrorCode;
 955              		.loc 1 625 1 is_stmt 1 view -0
 956              		.cfi_startproc
 957              		@ args = 0, pretend = 0, frame = 0
 958              		@ frame_needed = 0, uses_anonymous_args = 0
 959              		@ link register save eliminated.
 626:Drivers/STM32L0xx_HAL_Driver/Src/stm32l0xx_hal_flash.c **** }
 960              		.loc 1 626 4 view .LVU256
 626:Drivers/STM32L0xx_HAL_Driver/Src/stm32l0xx_hal_flash.c **** }
 961              		.loc 1 626 17 is_stmt 0 view .LVU257
 962 0000 014B     		ldr	r3, .L67
 963 0002 5869     		ldr	r0, [r3, #20]
 627:Drivers/STM32L0xx_HAL_Driver/Src/stm32l0xx_hal_flash.c **** 
 964              		.loc 1 627 1 view .LVU258
 965              		@ sp needed
 966 0004 7047     		bx	lr
 967              	.L68:
 968 0006 C046     		.align	2
 969              	.L67:
 970 0008 00000000 		.word	pFlash
 971              		.cfi_endproc
 972              	.LFE57:
 974              		.section	.text.FLASH_WaitForLastOperation,"ax",%progbits
 975              		.align	1
 976              		.global	FLASH_WaitForLastOperation
 977              		.syntax unified
 978              		.code	16
 979              		.thumb_func
 981              	FLASH_WaitForLastOperation:
 982              	.LVL42:
 983              	.LFB58:
 647:Drivers/STM32L0xx_HAL_Driver/Src/stm32l0xx_hal_flash.c ****   /* Wait for the FLASH operation to complete by polling on BUSY flag to be reset.
 984              		.loc 1 647 1 is_stmt 1 view -0
 985              		.cfi_startproc
 986              		@ args = 0, pretend = 0, frame = 0
 987              		@ frame_needed = 0, uses_anonymous_args = 0
 647:Drivers/STM32L0xx_HAL_Driver/Src/stm32l0xx_hal_flash.c ****   /* Wait for the FLASH operation to complete by polling on BUSY flag to be reset.
 988              		.loc 1 647 1 is_stmt 0 view .LVU260
 989 0000 70B5     		push	{r4, r5, r6, lr}
 990              	.LCFI2:
 991              		.cfi_def_cfa_offset 16
 992              		.cfi_offset 4, -16
 993              		.cfi_offset 5, -12
 994              		.cfi_offset 6, -8
 995              		.cfi_offset 14, -4
 996 0002 0400     		movs	r4, r0
 652:Drivers/STM32L0xx_HAL_Driver/Src/stm32l0xx_hal_flash.c ****      
 997              		.loc 1 652 3 is_stmt 1 view .LVU261
 652:Drivers/STM32L0xx_HAL_Driver/Src/stm32l0xx_hal_flash.c ****      
 998              		.loc 1 652 24 is_stmt 0 view .LVU262
ARM GAS  /var/folders/d7/pb3dkhys6j3db_qtp_8v34p80000gn/T//cc1cqqta.s 			page 42


 999 0004 FFF7FEFF 		bl	HAL_GetTick
 1000              	.LVL43:
 652:Drivers/STM32L0xx_HAL_Driver/Src/stm32l0xx_hal_flash.c ****      
 1001              		.loc 1 652 24 view .LVU263
 1002 0008 0500     		movs	r5, r0
 1003              	.LVL44:
 654:Drivers/STM32L0xx_HAL_Driver/Src/stm32l0xx_hal_flash.c ****   { 
 1004              		.loc 1 654 3 is_stmt 1 view .LVU264
 1005              	.L71:
 654:Drivers/STM32L0xx_HAL_Driver/Src/stm32l0xx_hal_flash.c ****   { 
 1006              		.loc 1 654 9 view .LVU265
 1007 000a 1C4B     		ldr	r3, .L87
 1008 000c 9B69     		ldr	r3, [r3, #24]
 1009 000e DB07     		lsls	r3, r3, #31
 1010 0010 0AD5     		bpl	.L86
 656:Drivers/STM32L0xx_HAL_Driver/Src/stm32l0xx_hal_flash.c ****     {
 1011              		.loc 1 656 5 view .LVU266
 656:Drivers/STM32L0xx_HAL_Driver/Src/stm32l0xx_hal_flash.c ****     {
 1012              		.loc 1 656 8 is_stmt 0 view .LVU267
 1013 0012 631C     		adds	r3, r4, #1
 1014 0014 F9D0     		beq	.L71
 658:Drivers/STM32L0xx_HAL_Driver/Src/stm32l0xx_hal_flash.c ****       {
 1015              		.loc 1 658 7 is_stmt 1 view .LVU268
 658:Drivers/STM32L0xx_HAL_Driver/Src/stm32l0xx_hal_flash.c ****       {
 1016              		.loc 1 658 9 is_stmt 0 view .LVU269
 1017 0016 002C     		cmp	r4, #0
 1018 0018 04D0     		beq	.L72
 658:Drivers/STM32L0xx_HAL_Driver/Src/stm32l0xx_hal_flash.c ****       {
 1019              		.loc 1 658 31 discriminator 1 view .LVU270
 1020 001a FFF7FEFF 		bl	HAL_GetTick
 1021              	.LVL45:
 658:Drivers/STM32L0xx_HAL_Driver/Src/stm32l0xx_hal_flash.c ****       {
 1022              		.loc 1 658 44 discriminator 1 view .LVU271
 1023 001e 401B     		subs	r0, r0, r5
 658:Drivers/STM32L0xx_HAL_Driver/Src/stm32l0xx_hal_flash.c ****       {
 1024              		.loc 1 658 26 discriminator 1 view .LVU272
 1025 0020 A042     		cmp	r0, r4
 1026 0022 F2D9     		bls	.L71
 1027              	.L72:
 660:Drivers/STM32L0xx_HAL_Driver/Src/stm32l0xx_hal_flash.c ****       }
 1028              		.loc 1 660 9 is_stmt 1 view .LVU273
 660:Drivers/STM32L0xx_HAL_Driver/Src/stm32l0xx_hal_flash.c ****       }
 1029              		.loc 1 660 16 is_stmt 0 view .LVU274
 1030 0024 0320     		movs	r0, #3
 1031 0026 27E0     		b	.L73
 1032              	.L86:
 666:Drivers/STM32L0xx_HAL_Driver/Src/stm32l0xx_hal_flash.c ****   {
 1033              		.loc 1 666 3 is_stmt 1 view .LVU275
 666:Drivers/STM32L0xx_HAL_Driver/Src/stm32l0xx_hal_flash.c ****   {
 1034              		.loc 1 666 7 is_stmt 0 view .LVU276
 1035 0028 144B     		ldr	r3, .L87
 1036 002a 9B69     		ldr	r3, [r3, #24]
 666:Drivers/STM32L0xx_HAL_Driver/Src/stm32l0xx_hal_flash.c ****   {
 1037              		.loc 1 666 6 view .LVU277
 1038 002c 9B07     		lsls	r3, r3, #30
 1039 002e 02D5     		bpl	.L75
 669:Drivers/STM32L0xx_HAL_Driver/Src/stm32l0xx_hal_flash.c ****   }
ARM GAS  /var/folders/d7/pb3dkhys6j3db_qtp_8v34p80000gn/T//cc1cqqta.s 			page 43


 1040              		.loc 1 669 5 is_stmt 1 view .LVU278
 1041 0030 124B     		ldr	r3, .L87
 1042 0032 0222     		movs	r2, #2
 1043 0034 9A61     		str	r2, [r3, #24]
 1044              	.L75:
 672:Drivers/STM32L0xx_HAL_Driver/Src/stm32l0xx_hal_flash.c ****       __HAL_FLASH_GET_FLAG(FLASH_FLAG_PGAERR)     || 
 1045              		.loc 1 672 3 view .LVU279
 672:Drivers/STM32L0xx_HAL_Driver/Src/stm32l0xx_hal_flash.c ****       __HAL_FLASH_GET_FLAG(FLASH_FLAG_PGAERR)     || 
 1046              		.loc 1 672 7 is_stmt 0 view .LVU280
 1047 0036 114B     		ldr	r3, .L87
 1048 0038 9B69     		ldr	r3, [r3, #24]
 672:Drivers/STM32L0xx_HAL_Driver/Src/stm32l0xx_hal_flash.c ****       __HAL_FLASH_GET_FLAG(FLASH_FLAG_PGAERR)     || 
 1049              		.loc 1 672 5 view .LVU281
 1050 003a DB05     		lsls	r3, r3, #23
 1051 003c 19D4     		bmi	.L76
 673:Drivers/STM32L0xx_HAL_Driver/Src/stm32l0xx_hal_flash.c ****       __HAL_FLASH_GET_FLAG(FLASH_FLAG_SIZERR)     || 
 1052              		.loc 1 673 7 view .LVU282
 1053 003e 0F4B     		ldr	r3, .L87
 1054 0040 9B69     		ldr	r3, [r3, #24]
 672:Drivers/STM32L0xx_HAL_Driver/Src/stm32l0xx_hal_flash.c ****       __HAL_FLASH_GET_FLAG(FLASH_FLAG_PGAERR)     || 
 1055              		.loc 1 672 51 discriminator 1 view .LVU283
 1056 0042 9B05     		lsls	r3, r3, #22
 1057 0044 15D4     		bmi	.L76
 674:Drivers/STM32L0xx_HAL_Driver/Src/stm32l0xx_hal_flash.c ****       __HAL_FLASH_GET_FLAG(FLASH_FLAG_OPTVERR)    || 
 1058              		.loc 1 674 7 view .LVU284
 1059 0046 0D4B     		ldr	r3, .L87
 1060 0048 9B69     		ldr	r3, [r3, #24]
 673:Drivers/STM32L0xx_HAL_Driver/Src/stm32l0xx_hal_flash.c ****       __HAL_FLASH_GET_FLAG(FLASH_FLAG_SIZERR)     || 
 1061              		.loc 1 673 51 view .LVU285
 1062 004a 5B05     		lsls	r3, r3, #21
 1063 004c 11D4     		bmi	.L76
 675:Drivers/STM32L0xx_HAL_Driver/Src/stm32l0xx_hal_flash.c ****       __HAL_FLASH_GET_FLAG(FLASH_FLAG_RDERR)      || 
 1064              		.loc 1 675 7 view .LVU286
 1065 004e 0B4B     		ldr	r3, .L87
 1066 0050 9B69     		ldr	r3, [r3, #24]
 674:Drivers/STM32L0xx_HAL_Driver/Src/stm32l0xx_hal_flash.c ****       __HAL_FLASH_GET_FLAG(FLASH_FLAG_OPTVERR)    || 
 1067              		.loc 1 674 51 view .LVU287
 1068 0052 1B05     		lsls	r3, r3, #20
 1069 0054 0DD4     		bmi	.L76
 676:Drivers/STM32L0xx_HAL_Driver/Src/stm32l0xx_hal_flash.c ****       __HAL_FLASH_GET_FLAG(FLASH_FLAG_FWWERR)     || 
 1070              		.loc 1 676 7 view .LVU288
 1071 0056 094B     		ldr	r3, .L87
 1072 0058 9B69     		ldr	r3, [r3, #24]
 675:Drivers/STM32L0xx_HAL_Driver/Src/stm32l0xx_hal_flash.c ****       __HAL_FLASH_GET_FLAG(FLASH_FLAG_RDERR)      || 
 1073              		.loc 1 675 51 view .LVU289
 1074 005a 9B04     		lsls	r3, r3, #18
 1075 005c 09D4     		bmi	.L76
 677:Drivers/STM32L0xx_HAL_Driver/Src/stm32l0xx_hal_flash.c ****       __HAL_FLASH_GET_FLAG(FLASH_FLAG_NOTZEROERR) )
 1076              		.loc 1 677 7 view .LVU290
 1077 005e 074B     		ldr	r3, .L87
 1078 0060 9B69     		ldr	r3, [r3, #24]
 676:Drivers/STM32L0xx_HAL_Driver/Src/stm32l0xx_hal_flash.c ****       __HAL_FLASH_GET_FLAG(FLASH_FLAG_FWWERR)     || 
 1079              		.loc 1 676 51 view .LVU291
 1080 0062 9B03     		lsls	r3, r3, #14
 1081 0064 05D4     		bmi	.L76
 678:Drivers/STM32L0xx_HAL_Driver/Src/stm32l0xx_hal_flash.c ****   {
 1082              		.loc 1 678 7 view .LVU292
ARM GAS  /var/folders/d7/pb3dkhys6j3db_qtp_8v34p80000gn/T//cc1cqqta.s 			page 44


 1083 0066 054B     		ldr	r3, .L87
 1084 0068 9B69     		ldr	r3, [r3, #24]
 677:Drivers/STM32L0xx_HAL_Driver/Src/stm32l0xx_hal_flash.c ****       __HAL_FLASH_GET_FLAG(FLASH_FLAG_NOTZEROERR) )
 1085              		.loc 1 677 51 view .LVU293
 1086 006a DB03     		lsls	r3, r3, #15
 1087 006c 01D4     		bmi	.L76
 695:Drivers/STM32L0xx_HAL_Driver/Src/stm32l0xx_hal_flash.c **** }
 1088              		.loc 1 695 10 view .LVU294
 1089 006e 0020     		movs	r0, #0
 1090 0070 02E0     		b	.L73
 1091              	.L76:
 690:Drivers/STM32L0xx_HAL_Driver/Src/stm32l0xx_hal_flash.c ****     return HAL_ERROR;
 1092              		.loc 1 690 5 is_stmt 1 view .LVU295
 1093 0072 FFF7FEFF 		bl	FLASH_SetErrorCode
 1094              	.LVL46:
 691:Drivers/STM32L0xx_HAL_Driver/Src/stm32l0xx_hal_flash.c ****   }
 1095              		.loc 1 691 5 view .LVU296
 691:Drivers/STM32L0xx_HAL_Driver/Src/stm32l0xx_hal_flash.c ****   }
 1096              		.loc 1 691 12 is_stmt 0 view .LVU297
 1097 0076 0120     		movs	r0, #1
 1098              	.L73:
 696:Drivers/STM32L0xx_HAL_Driver/Src/stm32l0xx_hal_flash.c **** 
 1099              		.loc 1 696 1 view .LVU298
 1100              		@ sp needed
 1101              	.LVL47:
 1102              	.LVL48:
 696:Drivers/STM32L0xx_HAL_Driver/Src/stm32l0xx_hal_flash.c **** 
 1103              		.loc 1 696 1 view .LVU299
 1104 0078 70BD     		pop	{r4, r5, r6, pc}
 1105              	.L88:
 1106 007a C046     		.align	2
 1107              	.L87:
 1108 007c 00200240 		.word	1073881088
 1109              		.cfi_endproc
 1110              	.LFE58:
 1112              		.section	.text.HAL_FLASH_Program,"ax",%progbits
 1113              		.align	1
 1114              		.global	HAL_FLASH_Program
 1115              		.syntax unified
 1116              		.code	16
 1117              		.thumb_func
 1119              	HAL_FLASH_Program:
 1120              	.LVL49:
 1121              	.LFB47:
 229:Drivers/STM32L0xx_HAL_Driver/Src/stm32l0xx_hal_flash.c ****   HAL_StatusTypeDef status;
 1122              		.loc 1 229 1 is_stmt 1 view -0
 1123              		.cfi_startproc
 1124              		@ args = 0, pretend = 0, frame = 0
 1125              		@ frame_needed = 0, uses_anonymous_args = 0
 229:Drivers/STM32L0xx_HAL_Driver/Src/stm32l0xx_hal_flash.c ****   HAL_StatusTypeDef status;
 1126              		.loc 1 229 1 is_stmt 0 view .LVU301
 1127 0000 70B5     		push	{r4, r5, r6, lr}
 1128              	.LCFI3:
 1129              		.cfi_def_cfa_offset 16
 1130              		.cfi_offset 4, -16
 1131              		.cfi_offset 5, -12
 1132              		.cfi_offset 6, -8
ARM GAS  /var/folders/d7/pb3dkhys6j3db_qtp_8v34p80000gn/T//cc1cqqta.s 			page 45


 1133              		.cfi_offset 14, -4
 1134 0002 0C00     		movs	r4, r1
 1135 0004 1500     		movs	r5, r2
 230:Drivers/STM32L0xx_HAL_Driver/Src/stm32l0xx_hal_flash.c ****   
 1136              		.loc 1 230 3 is_stmt 1 view .LVU302
 233:Drivers/STM32L0xx_HAL_Driver/Src/stm32l0xx_hal_flash.c **** 
 1137              		.loc 1 233 3 view .LVU303
 233:Drivers/STM32L0xx_HAL_Driver/Src/stm32l0xx_hal_flash.c **** 
 1138              		.loc 1 233 3 view .LVU304
 1139 0006 0D4B     		ldr	r3, .L94
 1140 0008 1B7C     		ldrb	r3, [r3, #16]
 1141 000a 012B     		cmp	r3, #1
 1142 000c 13D0     		beq	.L92
 233:Drivers/STM32L0xx_HAL_Driver/Src/stm32l0xx_hal_flash.c **** 
 1143              		.loc 1 233 3 discriminator 2 view .LVU305
 1144 000e 0B4B     		ldr	r3, .L94
 1145 0010 0122     		movs	r2, #1
 1146              	.LVL50:
 233:Drivers/STM32L0xx_HAL_Driver/Src/stm32l0xx_hal_flash.c **** 
 1147              		.loc 1 233 3 is_stmt 0 discriminator 2 view .LVU306
 1148 0012 1A74     		strb	r2, [r3, #16]
 233:Drivers/STM32L0xx_HAL_Driver/Src/stm32l0xx_hal_flash.c **** 
 1149              		.loc 1 233 3 is_stmt 1 view .LVU307
 236:Drivers/STM32L0xx_HAL_Driver/Src/stm32l0xx_hal_flash.c ****   assert_param(IS_FLASH_PROGRAM_ADDRESS(Address));
 1150              		.loc 1 236 3 view .LVU308
 237:Drivers/STM32L0xx_HAL_Driver/Src/stm32l0xx_hal_flash.c **** 
 1151              		.loc 1 237 3 view .LVU309
 240:Drivers/STM32L0xx_HAL_Driver/Src/stm32l0xx_hal_flash.c **** 
 1152              		.loc 1 240 3 view .LVU310
 243:Drivers/STM32L0xx_HAL_Driver/Src/stm32l0xx_hal_flash.c ****   
 1153              		.loc 1 243 3 view .LVU311
 243:Drivers/STM32L0xx_HAL_Driver/Src/stm32l0xx_hal_flash.c ****   
 1154              		.loc 1 243 12 is_stmt 0 view .LVU312
 1155 0014 0A48     		ldr	r0, .L94+4
 1156              	.LVL51:
 243:Drivers/STM32L0xx_HAL_Driver/Src/stm32l0xx_hal_flash.c ****   
 1157              		.loc 1 243 12 view .LVU313
 1158 0016 FFF7FEFF 		bl	FLASH_WaitForLastOperation
 1159              	.LVL52:
 245:Drivers/STM32L0xx_HAL_Driver/Src/stm32l0xx_hal_flash.c ****   {
 1160              		.loc 1 245 3 is_stmt 1 view .LVU314
 245:Drivers/STM32L0xx_HAL_Driver/Src/stm32l0xx_hal_flash.c ****   {
 1161              		.loc 1 245 5 is_stmt 0 view .LVU315
 1162 001a 0028     		cmp	r0, #0
 1163 001c 03D0     		beq	.L93
 1164              	.LVL53:
 1165              	.L91:
 258:Drivers/STM32L0xx_HAL_Driver/Src/stm32l0xx_hal_flash.c **** 
 1166              		.loc 1 258 3 is_stmt 1 view .LVU316
 258:Drivers/STM32L0xx_HAL_Driver/Src/stm32l0xx_hal_flash.c **** 
 1167              		.loc 1 258 3 view .LVU317
 1168 001e 074B     		ldr	r3, .L94
 1169 0020 0022     		movs	r2, #0
 1170 0022 1A74     		strb	r2, [r3, #16]
 258:Drivers/STM32L0xx_HAL_Driver/Src/stm32l0xx_hal_flash.c **** 
 1171              		.loc 1 258 3 view .LVU318
 260:Drivers/STM32L0xx_HAL_Driver/Src/stm32l0xx_hal_flash.c **** }
ARM GAS  /var/folders/d7/pb3dkhys6j3db_qtp_8v34p80000gn/T//cc1cqqta.s 			page 46


 1172              		.loc 1 260 3 view .LVU319
 1173              	.LVL54:
 1174              	.L90:
 261:Drivers/STM32L0xx_HAL_Driver/Src/stm32l0xx_hal_flash.c **** 
 1175              		.loc 1 261 1 is_stmt 0 view .LVU320
 1176              		@ sp needed
 1177              	.LVL55:
 1178              	.LVL56:
 261:Drivers/STM32L0xx_HAL_Driver/Src/stm32l0xx_hal_flash.c **** 
 1179              		.loc 1 261 1 view .LVU321
 1180 0024 70BD     		pop	{r4, r5, r6, pc}
 1181              	.LVL57:
 1182              	.L93:
 248:Drivers/STM32L0xx_HAL_Driver/Src/stm32l0xx_hal_flash.c **** 
 1183              		.loc 1 248 5 is_stmt 1 view .LVU322
 248:Drivers/STM32L0xx_HAL_Driver/Src/stm32l0xx_hal_flash.c **** 
 1184              		.loc 1 248 22 is_stmt 0 view .LVU323
 1185 0026 054B     		ldr	r3, .L94
 1186 0028 0022     		movs	r2, #0
 1187 002a 5A61     		str	r2, [r3, #20]
 251:Drivers/STM32L0xx_HAL_Driver/Src/stm32l0xx_hal_flash.c **** 
 1188              		.loc 1 251 5 is_stmt 1 view .LVU324
 251:Drivers/STM32L0xx_HAL_Driver/Src/stm32l0xx_hal_flash.c **** 
 1189              		.loc 1 251 31 is_stmt 0 view .LVU325
 1190 002c 2560     		str	r5, [r4]
 254:Drivers/STM32L0xx_HAL_Driver/Src/stm32l0xx_hal_flash.c ****   }
 1191              		.loc 1 254 5 is_stmt 1 view .LVU326
 254:Drivers/STM32L0xx_HAL_Driver/Src/stm32l0xx_hal_flash.c ****   }
 1192              		.loc 1 254 14 is_stmt 0 view .LVU327
 1193 002e 0448     		ldr	r0, .L94+4
 1194              	.LVL58:
 254:Drivers/STM32L0xx_HAL_Driver/Src/stm32l0xx_hal_flash.c ****   }
 1195              		.loc 1 254 14 view .LVU328
 1196 0030 FFF7FEFF 		bl	FLASH_WaitForLastOperation
 1197              	.LVL59:
 1198 0034 F3E7     		b	.L91
 1199              	.LVL60:
 1200              	.L92:
 233:Drivers/STM32L0xx_HAL_Driver/Src/stm32l0xx_hal_flash.c **** 
 1201              		.loc 1 233 3 discriminator 1 view .LVU329
 1202 0036 0220     		movs	r0, #2
 1203              	.LVL61:
 233:Drivers/STM32L0xx_HAL_Driver/Src/stm32l0xx_hal_flash.c **** 
 1204              		.loc 1 233 3 discriminator 1 view .LVU330
 1205 0038 F4E7     		b	.L90
 1206              	.L95:
 1207 003a C046     		.align	2
 1208              	.L94:
 1209 003c 00000000 		.word	pFlash
 1210 0040 50C30000 		.word	50000
 1211              		.cfi_endproc
 1212              	.LFE47:
 1214              		.section	.text.HAL_FLASH_OB_Launch,"ax",%progbits
 1215              		.align	1
 1216              		.global	HAL_FLASH_OB_Launch
 1217              		.syntax unified
 1218              		.code	16
ARM GAS  /var/folders/d7/pb3dkhys6j3db_qtp_8v34p80000gn/T//cc1cqqta.s 			page 47


 1219              		.thumb_func
 1221              	HAL_FLASH_OB_Launch:
 1222              	.LFB56:
 593:Drivers/STM32L0xx_HAL_Driver/Src/stm32l0xx_hal_flash.c ****   /* Set the OBL_Launch bit to launch the option byte loading */
 1223              		.loc 1 593 1 is_stmt 1 view -0
 1224              		.cfi_startproc
 1225              		@ args = 0, pretend = 0, frame = 0
 1226              		@ frame_needed = 0, uses_anonymous_args = 0
 1227 0000 10B5     		push	{r4, lr}
 1228              	.LCFI4:
 1229              		.cfi_def_cfa_offset 8
 1230              		.cfi_offset 4, -8
 1231              		.cfi_offset 14, -4
 595:Drivers/STM32L0xx_HAL_Driver/Src/stm32l0xx_hal_flash.c ****   
 1232              		.loc 1 595 3 view .LVU332
 1233 0002 054A     		ldr	r2, .L97
 1234 0004 5168     		ldr	r1, [r2, #4]
 1235 0006 8023     		movs	r3, #128
 1236 0008 DB02     		lsls	r3, r3, #11
 1237 000a 0B43     		orrs	r3, r1
 1238 000c 5360     		str	r3, [r2, #4]
 598:Drivers/STM32L0xx_HAL_Driver/Src/stm32l0xx_hal_flash.c **** }
 1239              		.loc 1 598 3 view .LVU333
 598:Drivers/STM32L0xx_HAL_Driver/Src/stm32l0xx_hal_flash.c **** }
 1240              		.loc 1 598 10 is_stmt 0 view .LVU334
 1241 000e 0348     		ldr	r0, .L97+4
 1242 0010 FFF7FEFF 		bl	FLASH_WaitForLastOperation
 1243              	.LVL62:
 599:Drivers/STM32L0xx_HAL_Driver/Src/stm32l0xx_hal_flash.c **** 
 1244              		.loc 1 599 1 view .LVU335
 1245              		@ sp needed
 1246 0014 10BD     		pop	{r4, pc}
 1247              	.L98:
 1248 0016 C046     		.align	2
 1249              	.L97:
 1250 0018 00200240 		.word	1073881088
 1251 001c 50C30000 		.word	50000
 1252              		.cfi_endproc
 1253              	.LFE56:
 1255              		.global	pFlash
 1256              		.section	.bss.pFlash,"aw",%nobits
 1257              		.align	2
 1260              	pFlash:
 1261 0000 00000000 		.space	24
 1261      00000000 
 1261      00000000 
 1261      00000000 
 1261      00000000 
 1262              		.text
 1263              	.Letext0:
 1264              		.file 3 "/Applications/ArmGNUToolchain/14.3.rel1/arm-none-eabi/arm-none-eabi/include/machine/_defa
 1265              		.file 4 "/Applications/ArmGNUToolchain/14.3.rel1/arm-none-eabi/arm-none-eabi/include/sys/_stdint.h
 1266              		.file 5 "Drivers/CMSIS/Device/ST/STM32L0xx/Include/stm32l053xx.h"
 1267              		.file 6 "Drivers/STM32L0xx_HAL_Driver/Inc/stm32l0xx_hal_def.h"
 1268              		.file 7 "Drivers/STM32L0xx_HAL_Driver/Inc/stm32l0xx_hal_flash.h"
 1269              		.file 8 "Drivers/STM32L0xx_HAL_Driver/Inc/stm32l0xx_hal.h"
 1270              		.file 9 "Drivers/STM32L0xx_HAL_Driver/Inc/stm32l0xx_hal_flash_ex.h"
ARM GAS  /var/folders/d7/pb3dkhys6j3db_qtp_8v34p80000gn/T//cc1cqqta.s 			page 48


ARM GAS  /var/folders/d7/pb3dkhys6j3db_qtp_8v34p80000gn/T//cc1cqqta.s 			page 49


DEFINED SYMBOLS
                            *ABS*:00000000 stm32l0xx_hal_flash.c
/var/folders/d7/pb3dkhys6j3db_qtp_8v34p80000gn/T//cc1cqqta.s:19     .text.FLASH_SetErrorCode:00000000 $t
/var/folders/d7/pb3dkhys6j3db_qtp_8v34p80000gn/T//cc1cqqta.s:24     .text.FLASH_SetErrorCode:00000000 FLASH_SetErrorCode
/var/folders/d7/pb3dkhys6j3db_qtp_8v34p80000gn/T//cc1cqqta.s:198    .text.FLASH_SetErrorCode:000000b0 $d
/var/folders/d7/pb3dkhys6j3db_qtp_8v34p80000gn/T//cc1cqqta.s:1260   .bss.pFlash:00000000 pFlash
/var/folders/d7/pb3dkhys6j3db_qtp_8v34p80000gn/T//cc1cqqta.s:204    .text.HAL_FLASH_Program_IT:00000000 $t
/var/folders/d7/pb3dkhys6j3db_qtp_8v34p80000gn/T//cc1cqqta.s:210    .text.HAL_FLASH_Program_IT:00000000 HAL_FLASH_Program_IT
/var/folders/d7/pb3dkhys6j3db_qtp_8v34p80000gn/T//cc1cqqta.s:278    .text.HAL_FLASH_Program_IT:00000030 $d
/var/folders/d7/pb3dkhys6j3db_qtp_8v34p80000gn/T//cc1cqqta.s:284    .text.HAL_FLASH_EndOfOperationCallback:00000000 $t
/var/folders/d7/pb3dkhys6j3db_qtp_8v34p80000gn/T//cc1cqqta.s:290    .text.HAL_FLASH_EndOfOperationCallback:00000000 HAL_FLASH_EndOfOperationCallback
/var/folders/d7/pb3dkhys6j3db_qtp_8v34p80000gn/T//cc1cqqta.s:306    .text.HAL_FLASH_OperationErrorCallback:00000000 $t
/var/folders/d7/pb3dkhys6j3db_qtp_8v34p80000gn/T//cc1cqqta.s:312    .text.HAL_FLASH_OperationErrorCallback:00000000 HAL_FLASH_OperationErrorCallback
/var/folders/d7/pb3dkhys6j3db_qtp_8v34p80000gn/T//cc1cqqta.s:328    .text.HAL_FLASH_IRQHandler:00000000 $t
/var/folders/d7/pb3dkhys6j3db_qtp_8v34p80000gn/T//cc1cqqta.s:334    .text.HAL_FLASH_IRQHandler:00000000 HAL_FLASH_IRQHandler
/var/folders/d7/pb3dkhys6j3db_qtp_8v34p80000gn/T//cc1cqqta.s:569    .text.HAL_FLASH_IRQHandler:000000fc $d
/var/folders/d7/pb3dkhys6j3db_qtp_8v34p80000gn/T//cc1cqqta.s:578    .text.HAL_FLASH_Unlock:00000000 $t
/var/folders/d7/pb3dkhys6j3db_qtp_8v34p80000gn/T//cc1cqqta.s:584    .text.HAL_FLASH_Unlock:00000000 HAL_FLASH_Unlock
/var/folders/d7/pb3dkhys6j3db_qtp_8v34p80000gn/T//cc1cqqta.s:756    .text.HAL_FLASH_Unlock:00000054 $d
/var/folders/d7/pb3dkhys6j3db_qtp_8v34p80000gn/T//cc1cqqta.s:765    .text.HAL_FLASH_Lock:00000000 $t
/var/folders/d7/pb3dkhys6j3db_qtp_8v34p80000gn/T//cc1cqqta.s:771    .text.HAL_FLASH_Lock:00000000 HAL_FLASH_Lock
/var/folders/d7/pb3dkhys6j3db_qtp_8v34p80000gn/T//cc1cqqta.s:797    .text.HAL_FLASH_Lock:00000018 $d
/var/folders/d7/pb3dkhys6j3db_qtp_8v34p80000gn/T//cc1cqqta.s:802    .text.HAL_FLASH_OB_Unlock:00000000 $t
/var/folders/d7/pb3dkhys6j3db_qtp_8v34p80000gn/T//cc1cqqta.s:808    .text.HAL_FLASH_OB_Unlock:00000000 HAL_FLASH_OB_Unlock
/var/folders/d7/pb3dkhys6j3db_qtp_8v34p80000gn/T//cc1cqqta.s:906    .text.HAL_FLASH_OB_Unlock:00000038 $d
/var/folders/d7/pb3dkhys6j3db_qtp_8v34p80000gn/T//cc1cqqta.s:915    .text.HAL_FLASH_OB_Lock:00000000 $t
/var/folders/d7/pb3dkhys6j3db_qtp_8v34p80000gn/T//cc1cqqta.s:921    .text.HAL_FLASH_OB_Lock:00000000 HAL_FLASH_OB_Lock
/var/folders/d7/pb3dkhys6j3db_qtp_8v34p80000gn/T//cc1cqqta.s:942    .text.HAL_FLASH_OB_Lock:00000010 $d
/var/folders/d7/pb3dkhys6j3db_qtp_8v34p80000gn/T//cc1cqqta.s:947    .text.HAL_FLASH_GetError:00000000 $t
/var/folders/d7/pb3dkhys6j3db_qtp_8v34p80000gn/T//cc1cqqta.s:953    .text.HAL_FLASH_GetError:00000000 HAL_FLASH_GetError
/var/folders/d7/pb3dkhys6j3db_qtp_8v34p80000gn/T//cc1cqqta.s:970    .text.HAL_FLASH_GetError:00000008 $d
/var/folders/d7/pb3dkhys6j3db_qtp_8v34p80000gn/T//cc1cqqta.s:975    .text.FLASH_WaitForLastOperation:00000000 $t
/var/folders/d7/pb3dkhys6j3db_qtp_8v34p80000gn/T//cc1cqqta.s:981    .text.FLASH_WaitForLastOperation:00000000 FLASH_WaitForLastOperation
/var/folders/d7/pb3dkhys6j3db_qtp_8v34p80000gn/T//cc1cqqta.s:1108   .text.FLASH_WaitForLastOperation:0000007c $d
/var/folders/d7/pb3dkhys6j3db_qtp_8v34p80000gn/T//cc1cqqta.s:1113   .text.HAL_FLASH_Program:00000000 $t
/var/folders/d7/pb3dkhys6j3db_qtp_8v34p80000gn/T//cc1cqqta.s:1119   .text.HAL_FLASH_Program:00000000 HAL_FLASH_Program
/var/folders/d7/pb3dkhys6j3db_qtp_8v34p80000gn/T//cc1cqqta.s:1209   .text.HAL_FLASH_Program:0000003c $d
/var/folders/d7/pb3dkhys6j3db_qtp_8v34p80000gn/T//cc1cqqta.s:1215   .text.HAL_FLASH_OB_Launch:00000000 $t
/var/folders/d7/pb3dkhys6j3db_qtp_8v34p80000gn/T//cc1cqqta.s:1221   .text.HAL_FLASH_OB_Launch:00000000 HAL_FLASH_OB_Launch
/var/folders/d7/pb3dkhys6j3db_qtp_8v34p80000gn/T//cc1cqqta.s:1250   .text.HAL_FLASH_OB_Launch:00000018 $d
/var/folders/d7/pb3dkhys6j3db_qtp_8v34p80000gn/T//cc1cqqta.s:1257   .bss.pFlash:00000000 $d

UNDEFINED SYMBOLS
FLASH_PageErase
HAL_GetTick
