ARM GAS  /var/folders/d7/pb3dkhys6j3db_qtp_8v34p80000gn/T//cct8i6sf.s 			page 1


   1              		.cpu cortex-m0plus
   2              		.arch armv6s-m
   3              		.fpu softvfp
   4              		.eabi_attribute 20, 1
   5              		.eabi_attribute 21, 1
   6              		.eabi_attribute 23, 3
   7              		.eabi_attribute 24, 1
   8              		.eabi_attribute 25, 1
   9              		.eabi_attribute 26, 1
  10              		.eabi_attribute 30, 1
  11              		.eabi_attribute 34, 0
  12              		.eabi_attribute 18, 4
  13              		.file	"stm32l0xx_hal_flash_ex.c"
  14              		.text
  15              	.Ltext0:
  16              		.cfi_sections	.debug_frame
  17              		.file 1 "Drivers/STM32L0xx_HAL_Driver/Src/stm32l0xx_hal_flash_ex.c"
  18              		.section	.text.FLASH_OB_GetUser,"ax",%progbits
  19              		.align	1
  20              		.syntax unified
  21              		.code	16
  22              		.thumb_func
  24              	FLASH_OB_GetUser:
  25              	.LFB64:
   1:Drivers/STM32L0xx_HAL_Driver/Src/stm32l0xx_hal_flash_ex.c **** /**
   2:Drivers/STM32L0xx_HAL_Driver/Src/stm32l0xx_hal_flash_ex.c ****   ******************************************************************************
   3:Drivers/STM32L0xx_HAL_Driver/Src/stm32l0xx_hal_flash_ex.c ****   * @file    stm32l0xx_hal_flash_ex.c
   4:Drivers/STM32L0xx_HAL_Driver/Src/stm32l0xx_hal_flash_ex.c ****   * @author  MCD Application Team
   5:Drivers/STM32L0xx_HAL_Driver/Src/stm32l0xx_hal_flash_ex.c ****   * @brief   Extended FLASH HAL module driver.
   6:Drivers/STM32L0xx_HAL_Driver/Src/stm32l0xx_hal_flash_ex.c ****   *    
   7:Drivers/STM32L0xx_HAL_Driver/Src/stm32l0xx_hal_flash_ex.c ****   *          This file provides firmware functions to manage the following 
   8:Drivers/STM32L0xx_HAL_Driver/Src/stm32l0xx_hal_flash_ex.c ****   *          functionalities of the internal FLASH memory:
   9:Drivers/STM32L0xx_HAL_Driver/Src/stm32l0xx_hal_flash_ex.c ****   *            + FLASH Interface configuration
  10:Drivers/STM32L0xx_HAL_Driver/Src/stm32l0xx_hal_flash_ex.c ****   *            + FLASH Memory Erasing
  11:Drivers/STM32L0xx_HAL_Driver/Src/stm32l0xx_hal_flash_ex.c ****   *            + DATA EEPROM Programming/Erasing
  12:Drivers/STM32L0xx_HAL_Driver/Src/stm32l0xx_hal_flash_ex.c ****   *            + Option Bytes Programming
  13:Drivers/STM32L0xx_HAL_Driver/Src/stm32l0xx_hal_flash_ex.c ****   *            + Interrupts management
  14:Drivers/STM32L0xx_HAL_Driver/Src/stm32l0xx_hal_flash_ex.c ****   *    
  15:Drivers/STM32L0xx_HAL_Driver/Src/stm32l0xx_hal_flash_ex.c ****   @verbatim
  16:Drivers/STM32L0xx_HAL_Driver/Src/stm32l0xx_hal_flash_ex.c ****   ==============================================================================
  17:Drivers/STM32L0xx_HAL_Driver/Src/stm32l0xx_hal_flash_ex.c ****                ##### Flash peripheral Extended features  #####
  18:Drivers/STM32L0xx_HAL_Driver/Src/stm32l0xx_hal_flash_ex.c ****   ==============================================================================
  19:Drivers/STM32L0xx_HAL_Driver/Src/stm32l0xx_hal_flash_ex.c ****            
  20:Drivers/STM32L0xx_HAL_Driver/Src/stm32l0xx_hal_flash_ex.c ****   [..] Comparing to other products, the FLASH interface for STM32L0xx
  21:Drivers/STM32L0xx_HAL_Driver/Src/stm32l0xx_hal_flash_ex.c ****        devices contains the following additional features        
  22:Drivers/STM32L0xx_HAL_Driver/Src/stm32l0xx_hal_flash_ex.c ****        (+) Erase functions
  23:Drivers/STM32L0xx_HAL_Driver/Src/stm32l0xx_hal_flash_ex.c ****        (+) DATA_EEPROM memory management
  24:Drivers/STM32L0xx_HAL_Driver/Src/stm32l0xx_hal_flash_ex.c ****        (+) BOOT option bit configuration       
  25:Drivers/STM32L0xx_HAL_Driver/Src/stm32l0xx_hal_flash_ex.c ****        (+) PCROP protection for all sectors
  26:Drivers/STM32L0xx_HAL_Driver/Src/stm32l0xx_hal_flash_ex.c ****    
  27:Drivers/STM32L0xx_HAL_Driver/Src/stm32l0xx_hal_flash_ex.c ****                       ##### How to use this driver #####
  28:Drivers/STM32L0xx_HAL_Driver/Src/stm32l0xx_hal_flash_ex.c ****   ==============================================================================
  29:Drivers/STM32L0xx_HAL_Driver/Src/stm32l0xx_hal_flash_ex.c ****   [..] This driver provides functions to configure and program the FLASH memory 
  30:Drivers/STM32L0xx_HAL_Driver/Src/stm32l0xx_hal_flash_ex.c ****        of all STM32L0xx. It includes:
  31:Drivers/STM32L0xx_HAL_Driver/Src/stm32l0xx_hal_flash_ex.c ****        (+) Full DATA_EEPROM erase and program management
  32:Drivers/STM32L0xx_HAL_Driver/Src/stm32l0xx_hal_flash_ex.c ****        (+) Boot activation
  33:Drivers/STM32L0xx_HAL_Driver/Src/stm32l0xx_hal_flash_ex.c ****        (+) PCROP protection configuration and control for all pages
ARM GAS  /var/folders/d7/pb3dkhys6j3db_qtp_8v34p80000gn/T//cct8i6sf.s 			page 2


  34:Drivers/STM32L0xx_HAL_Driver/Src/stm32l0xx_hal_flash_ex.c ****   
  35:Drivers/STM32L0xx_HAL_Driver/Src/stm32l0xx_hal_flash_ex.c ****   @endverbatim
  36:Drivers/STM32L0xx_HAL_Driver/Src/stm32l0xx_hal_flash_ex.c ****   ******************************************************************************
  37:Drivers/STM32L0xx_HAL_Driver/Src/stm32l0xx_hal_flash_ex.c ****   * @attention
  38:Drivers/STM32L0xx_HAL_Driver/Src/stm32l0xx_hal_flash_ex.c ****   *
  39:Drivers/STM32L0xx_HAL_Driver/Src/stm32l0xx_hal_flash_ex.c ****   * Copyright (c) 2016 STMicroelectronics.
  40:Drivers/STM32L0xx_HAL_Driver/Src/stm32l0xx_hal_flash_ex.c ****   * All rights reserved.
  41:Drivers/STM32L0xx_HAL_Driver/Src/stm32l0xx_hal_flash_ex.c ****   *
  42:Drivers/STM32L0xx_HAL_Driver/Src/stm32l0xx_hal_flash_ex.c ****   * This software is licensed under terms that can be found in the LICENSE file in
  43:Drivers/STM32L0xx_HAL_Driver/Src/stm32l0xx_hal_flash_ex.c ****   * the root directory of this software component.
  44:Drivers/STM32L0xx_HAL_Driver/Src/stm32l0xx_hal_flash_ex.c ****   * If no LICENSE file comes with this software, it is provided AS-IS.
  45:Drivers/STM32L0xx_HAL_Driver/Src/stm32l0xx_hal_flash_ex.c ****   ******************************************************************************  
  46:Drivers/STM32L0xx_HAL_Driver/Src/stm32l0xx_hal_flash_ex.c ****   */ 
  47:Drivers/STM32L0xx_HAL_Driver/Src/stm32l0xx_hal_flash_ex.c **** 
  48:Drivers/STM32L0xx_HAL_Driver/Src/stm32l0xx_hal_flash_ex.c **** /* Includes ------------------------------------------------------------------*/
  49:Drivers/STM32L0xx_HAL_Driver/Src/stm32l0xx_hal_flash_ex.c **** #include "stm32l0xx_hal.h"
  50:Drivers/STM32L0xx_HAL_Driver/Src/stm32l0xx_hal_flash_ex.c **** 
  51:Drivers/STM32L0xx_HAL_Driver/Src/stm32l0xx_hal_flash_ex.c **** /** @addtogroup STM32L0xx_HAL_Driver
  52:Drivers/STM32L0xx_HAL_Driver/Src/stm32l0xx_hal_flash_ex.c ****   * @{
  53:Drivers/STM32L0xx_HAL_Driver/Src/stm32l0xx_hal_flash_ex.c ****   */
  54:Drivers/STM32L0xx_HAL_Driver/Src/stm32l0xx_hal_flash_ex.c **** #ifdef HAL_FLASH_MODULE_ENABLED
  55:Drivers/STM32L0xx_HAL_Driver/Src/stm32l0xx_hal_flash_ex.c **** 
  56:Drivers/STM32L0xx_HAL_Driver/Src/stm32l0xx_hal_flash_ex.c **** /** @addtogroup FLASH
  57:Drivers/STM32L0xx_HAL_Driver/Src/stm32l0xx_hal_flash_ex.c ****   * @{
  58:Drivers/STM32L0xx_HAL_Driver/Src/stm32l0xx_hal_flash_ex.c ****   */
  59:Drivers/STM32L0xx_HAL_Driver/Src/stm32l0xx_hal_flash_ex.c **** /** @addtogroup FLASH_Private_Variables
  60:Drivers/STM32L0xx_HAL_Driver/Src/stm32l0xx_hal_flash_ex.c ****  * @{
  61:Drivers/STM32L0xx_HAL_Driver/Src/stm32l0xx_hal_flash_ex.c ****  */
  62:Drivers/STM32L0xx_HAL_Driver/Src/stm32l0xx_hal_flash_ex.c **** /**
  63:Drivers/STM32L0xx_HAL_Driver/Src/stm32l0xx_hal_flash_ex.c ****   * @}
  64:Drivers/STM32L0xx_HAL_Driver/Src/stm32l0xx_hal_flash_ex.c ****   */
  65:Drivers/STM32L0xx_HAL_Driver/Src/stm32l0xx_hal_flash_ex.c **** 
  66:Drivers/STM32L0xx_HAL_Driver/Src/stm32l0xx_hal_flash_ex.c **** /**
  67:Drivers/STM32L0xx_HAL_Driver/Src/stm32l0xx_hal_flash_ex.c ****   * @}
  68:Drivers/STM32L0xx_HAL_Driver/Src/stm32l0xx_hal_flash_ex.c ****   */
  69:Drivers/STM32L0xx_HAL_Driver/Src/stm32l0xx_hal_flash_ex.c ****   
  70:Drivers/STM32L0xx_HAL_Driver/Src/stm32l0xx_hal_flash_ex.c **** /** @defgroup FLASHEx FLASHEx
  71:Drivers/STM32L0xx_HAL_Driver/Src/stm32l0xx_hal_flash_ex.c ****   * @brief FLASH HAL Extension module driver
  72:Drivers/STM32L0xx_HAL_Driver/Src/stm32l0xx_hal_flash_ex.c ****   * @{
  73:Drivers/STM32L0xx_HAL_Driver/Src/stm32l0xx_hal_flash_ex.c ****   */
  74:Drivers/STM32L0xx_HAL_Driver/Src/stm32l0xx_hal_flash_ex.c **** 
  75:Drivers/STM32L0xx_HAL_Driver/Src/stm32l0xx_hal_flash_ex.c **** /* Private typedef -----------------------------------------------------------*/
  76:Drivers/STM32L0xx_HAL_Driver/Src/stm32l0xx_hal_flash_ex.c **** /* Private define ------------------------------------------------------------*/
  77:Drivers/STM32L0xx_HAL_Driver/Src/stm32l0xx_hal_flash_ex.c **** /** @defgroup FLASHEx_Private_Constants FLASHEx Private Constants
  78:Drivers/STM32L0xx_HAL_Driver/Src/stm32l0xx_hal_flash_ex.c ****  * @{
  79:Drivers/STM32L0xx_HAL_Driver/Src/stm32l0xx_hal_flash_ex.c ****  */
  80:Drivers/STM32L0xx_HAL_Driver/Src/stm32l0xx_hal_flash_ex.c **** /**
  81:Drivers/STM32L0xx_HAL_Driver/Src/stm32l0xx_hal_flash_ex.c ****   * @}
  82:Drivers/STM32L0xx_HAL_Driver/Src/stm32l0xx_hal_flash_ex.c ****   */
  83:Drivers/STM32L0xx_HAL_Driver/Src/stm32l0xx_hal_flash_ex.c **** 
  84:Drivers/STM32L0xx_HAL_Driver/Src/stm32l0xx_hal_flash_ex.c **** /* Private macro -------------------------------------------------------------*/
  85:Drivers/STM32L0xx_HAL_Driver/Src/stm32l0xx_hal_flash_ex.c **** /** @defgroup FLASHEx_Private_Macros FLASHEx Private Macros
  86:Drivers/STM32L0xx_HAL_Driver/Src/stm32l0xx_hal_flash_ex.c ****   * @{
  87:Drivers/STM32L0xx_HAL_Driver/Src/stm32l0xx_hal_flash_ex.c ****   */
  88:Drivers/STM32L0xx_HAL_Driver/Src/stm32l0xx_hal_flash_ex.c **** /**
  89:Drivers/STM32L0xx_HAL_Driver/Src/stm32l0xx_hal_flash_ex.c ****   * @}
  90:Drivers/STM32L0xx_HAL_Driver/Src/stm32l0xx_hal_flash_ex.c ****   */ 
ARM GAS  /var/folders/d7/pb3dkhys6j3db_qtp_8v34p80000gn/T//cct8i6sf.s 			page 3


  91:Drivers/STM32L0xx_HAL_Driver/Src/stm32l0xx_hal_flash_ex.c **** 
  92:Drivers/STM32L0xx_HAL_Driver/Src/stm32l0xx_hal_flash_ex.c **** /* Private variables ---------------------------------------------------------*/
  93:Drivers/STM32L0xx_HAL_Driver/Src/stm32l0xx_hal_flash_ex.c **** /* Private function prototypes -----------------------------------------------*/
  94:Drivers/STM32L0xx_HAL_Driver/Src/stm32l0xx_hal_flash_ex.c **** /** @defgroup FLASHEx_Private_Functions FLASHEx Private Functions
  95:Drivers/STM32L0xx_HAL_Driver/Src/stm32l0xx_hal_flash_ex.c ****  * @{
  96:Drivers/STM32L0xx_HAL_Driver/Src/stm32l0xx_hal_flash_ex.c ****  */
  97:Drivers/STM32L0xx_HAL_Driver/Src/stm32l0xx_hal_flash_ex.c **** #if defined(FLASH_OPTR_BFB2)
  98:Drivers/STM32L0xx_HAL_Driver/Src/stm32l0xx_hal_flash_ex.c **** static HAL_StatusTypeDef  FLASH_OB_BootConfig(uint8_t OB_BOOT);
  99:Drivers/STM32L0xx_HAL_Driver/Src/stm32l0xx_hal_flash_ex.c **** #endif /* FLASH_OPTR_BFB2 */
 100:Drivers/STM32L0xx_HAL_Driver/Src/stm32l0xx_hal_flash_ex.c **** static HAL_StatusTypeDef  FLASH_OB_RDPConfig(uint8_t OB_RDP);
 101:Drivers/STM32L0xx_HAL_Driver/Src/stm32l0xx_hal_flash_ex.c **** static HAL_StatusTypeDef  FLASH_OB_UserConfig(uint8_t OB_IWDG, uint8_t OB_STOP, uint8_t OB_STDBY);
 102:Drivers/STM32L0xx_HAL_Driver/Src/stm32l0xx_hal_flash_ex.c **** static HAL_StatusTypeDef  FLASH_OB_BORConfig(uint8_t OB_BOR);
 103:Drivers/STM32L0xx_HAL_Driver/Src/stm32l0xx_hal_flash_ex.c **** static uint8_t            FLASH_OB_GetRDP(void);
 104:Drivers/STM32L0xx_HAL_Driver/Src/stm32l0xx_hal_flash_ex.c **** static uint8_t            FLASH_OB_GetUser(void);
 105:Drivers/STM32L0xx_HAL_Driver/Src/stm32l0xx_hal_flash_ex.c **** static uint8_t            FLASH_OB_GetBOR(void);
 106:Drivers/STM32L0xx_HAL_Driver/Src/stm32l0xx_hal_flash_ex.c **** static uint8_t            FLASH_OB_GetBOOTBit1(void);
 107:Drivers/STM32L0xx_HAL_Driver/Src/stm32l0xx_hal_flash_ex.c **** static HAL_StatusTypeDef  FLASH_OB_BOOTBit1Config(uint8_t OB_BootBit1);
 108:Drivers/STM32L0xx_HAL_Driver/Src/stm32l0xx_hal_flash_ex.c **** #if defined(STM32L071xx) || defined(STM32L072xx) || defined(STM32L073xx) || defined(STM32L081xx) ||
 109:Drivers/STM32L0xx_HAL_Driver/Src/stm32l0xx_hal_flash_ex.c **** static HAL_StatusTypeDef  FLASH_OB_ProtectedSectorsConfig(uint32_t Sector, uint32_t Sector2, uint32
 110:Drivers/STM32L0xx_HAL_Driver/Src/stm32l0xx_hal_flash_ex.c **** #else
 111:Drivers/STM32L0xx_HAL_Driver/Src/stm32l0xx_hal_flash_ex.c **** static HAL_StatusTypeDef  FLASH_OB_ProtectedSectorsConfig(uint32_t Sector, uint32_t NewState);
 112:Drivers/STM32L0xx_HAL_Driver/Src/stm32l0xx_hal_flash_ex.c **** #endif
 113:Drivers/STM32L0xx_HAL_Driver/Src/stm32l0xx_hal_flash_ex.c **** static uint32_t           FLASH_OB_GetWRP(void);
 114:Drivers/STM32L0xx_HAL_Driver/Src/stm32l0xx_hal_flash_ex.c **** #if defined(STM32L071xx) || defined(STM32L072xx) || defined(STM32L073xx) || defined(STM32L081xx) ||
 115:Drivers/STM32L0xx_HAL_Driver/Src/stm32l0xx_hal_flash_ex.c **** static uint32_t           FLASH_OB_GetWRP2(void);
 116:Drivers/STM32L0xx_HAL_Driver/Src/stm32l0xx_hal_flash_ex.c **** #endif
 117:Drivers/STM32L0xx_HAL_Driver/Src/stm32l0xx_hal_flash_ex.c **** 
 118:Drivers/STM32L0xx_HAL_Driver/Src/stm32l0xx_hal_flash_ex.c **** /**
 119:Drivers/STM32L0xx_HAL_Driver/Src/stm32l0xx_hal_flash_ex.c ****   * @}
 120:Drivers/STM32L0xx_HAL_Driver/Src/stm32l0xx_hal_flash_ex.c ****   */
 121:Drivers/STM32L0xx_HAL_Driver/Src/stm32l0xx_hal_flash_ex.c **** 
 122:Drivers/STM32L0xx_HAL_Driver/Src/stm32l0xx_hal_flash_ex.c **** /* Exported functions ---------------------------------------------------------*/
 123:Drivers/STM32L0xx_HAL_Driver/Src/stm32l0xx_hal_flash_ex.c **** /** @defgroup FLASHEx_Exported_Functions FLASHEx Exported Functions
 124:Drivers/STM32L0xx_HAL_Driver/Src/stm32l0xx_hal_flash_ex.c ****   * @{
 125:Drivers/STM32L0xx_HAL_Driver/Src/stm32l0xx_hal_flash_ex.c ****   */
 126:Drivers/STM32L0xx_HAL_Driver/Src/stm32l0xx_hal_flash_ex.c **** 
 127:Drivers/STM32L0xx_HAL_Driver/Src/stm32l0xx_hal_flash_ex.c **** /** @defgroup FLASHEx_Exported_Functions_Group1 FLASHEx Memory Erasing functions
 128:Drivers/STM32L0xx_HAL_Driver/Src/stm32l0xx_hal_flash_ex.c ****  *  @brief   FLASH Memory Erasing functions
 129:Drivers/STM32L0xx_HAL_Driver/Src/stm32l0xx_hal_flash_ex.c ****  *
 130:Drivers/STM32L0xx_HAL_Driver/Src/stm32l0xx_hal_flash_ex.c **** @verbatim   
 131:Drivers/STM32L0xx_HAL_Driver/Src/stm32l0xx_hal_flash_ex.c ****   ==============================================================================
 132:Drivers/STM32L0xx_HAL_Driver/Src/stm32l0xx_hal_flash_ex.c ****                 ##### FLASH Erasing Programming functions ##### 
 133:Drivers/STM32L0xx_HAL_Driver/Src/stm32l0xx_hal_flash_ex.c ****   ==============================================================================
 134:Drivers/STM32L0xx_HAL_Driver/Src/stm32l0xx_hal_flash_ex.c **** 
 135:Drivers/STM32L0xx_HAL_Driver/Src/stm32l0xx_hal_flash_ex.c ****     [..] The FLASH Memory Erasing functions, includes the following functions:
 136:Drivers/STM32L0xx_HAL_Driver/Src/stm32l0xx_hal_flash_ex.c ****     (+) HAL_FLASHEx_Erase: return only when erase has been done
 137:Drivers/STM32L0xx_HAL_Driver/Src/stm32l0xx_hal_flash_ex.c ****     (+) HAL_FLASHEx_Erase_IT: end of erase is done when HAL_FLASH_EndOfOperationCallback 
 138:Drivers/STM32L0xx_HAL_Driver/Src/stm32l0xx_hal_flash_ex.c ****         is called with parameter 0xFFFFFFFF
 139:Drivers/STM32L0xx_HAL_Driver/Src/stm32l0xx_hal_flash_ex.c **** 
 140:Drivers/STM32L0xx_HAL_Driver/Src/stm32l0xx_hal_flash_ex.c ****     [..] Any operation of erase should follow these steps:
 141:Drivers/STM32L0xx_HAL_Driver/Src/stm32l0xx_hal_flash_ex.c ****     (#) Call the HAL_FLASH_Unlock() function to enable the flash control register and 
 142:Drivers/STM32L0xx_HAL_Driver/Src/stm32l0xx_hal_flash_ex.c ****         program memory access.
 143:Drivers/STM32L0xx_HAL_Driver/Src/stm32l0xx_hal_flash_ex.c ****     (#) Call the desired function to erase page.
 144:Drivers/STM32L0xx_HAL_Driver/Src/stm32l0xx_hal_flash_ex.c ****     (#) Call the HAL_FLASH_Lock() to disable the flash program memory access 
 145:Drivers/STM32L0xx_HAL_Driver/Src/stm32l0xx_hal_flash_ex.c ****        (recommended to protect the FLASH memory against possible unwanted operation).
 146:Drivers/STM32L0xx_HAL_Driver/Src/stm32l0xx_hal_flash_ex.c **** 
 147:Drivers/STM32L0xx_HAL_Driver/Src/stm32l0xx_hal_flash_ex.c **** @endverbatim
ARM GAS  /var/folders/d7/pb3dkhys6j3db_qtp_8v34p80000gn/T//cct8i6sf.s 			page 4


 148:Drivers/STM32L0xx_HAL_Driver/Src/stm32l0xx_hal_flash_ex.c ****   * @{
 149:Drivers/STM32L0xx_HAL_Driver/Src/stm32l0xx_hal_flash_ex.c ****   */
 150:Drivers/STM32L0xx_HAL_Driver/Src/stm32l0xx_hal_flash_ex.c ****   
 151:Drivers/STM32L0xx_HAL_Driver/Src/stm32l0xx_hal_flash_ex.c **** /**
 152:Drivers/STM32L0xx_HAL_Driver/Src/stm32l0xx_hal_flash_ex.c ****   * @brief  Erase the specified FLASH memory Pages 
 153:Drivers/STM32L0xx_HAL_Driver/Src/stm32l0xx_hal_flash_ex.c ****   * @note   To correctly run this function, the @ref HAL_FLASH_Unlock() function
 154:Drivers/STM32L0xx_HAL_Driver/Src/stm32l0xx_hal_flash_ex.c ****   *         must be called before.
 155:Drivers/STM32L0xx_HAL_Driver/Src/stm32l0xx_hal_flash_ex.c ****   *         Call the @ref HAL_FLASH_Lock() to disable the flash memory access 
 156:Drivers/STM32L0xx_HAL_Driver/Src/stm32l0xx_hal_flash_ex.c ****   *         (recommended to protect the FLASH memory against possible unwanted operation)
 157:Drivers/STM32L0xx_HAL_Driver/Src/stm32l0xx_hal_flash_ex.c ****   * @param[in]  pEraseInit pointer to an FLASH_EraseInitTypeDef structure that
 158:Drivers/STM32L0xx_HAL_Driver/Src/stm32l0xx_hal_flash_ex.c ****   *         contains the configuration information for the erasing.
 159:Drivers/STM32L0xx_HAL_Driver/Src/stm32l0xx_hal_flash_ex.c ****   * 
 160:Drivers/STM32L0xx_HAL_Driver/Src/stm32l0xx_hal_flash_ex.c ****   * @param[out]  PageError pointer to variable  that
 161:Drivers/STM32L0xx_HAL_Driver/Src/stm32l0xx_hal_flash_ex.c ****   *         contains the configuration information on faulty page in case of error
 162:Drivers/STM32L0xx_HAL_Driver/Src/stm32l0xx_hal_flash_ex.c ****   *         (0xFFFFFFFF means that all the pages have been correctly erased)
 163:Drivers/STM32L0xx_HAL_Driver/Src/stm32l0xx_hal_flash_ex.c ****   * 
 164:Drivers/STM32L0xx_HAL_Driver/Src/stm32l0xx_hal_flash_ex.c ****   * @retval HAL_StatusTypeDef HAL Status
 165:Drivers/STM32L0xx_HAL_Driver/Src/stm32l0xx_hal_flash_ex.c ****   */
 166:Drivers/STM32L0xx_HAL_Driver/Src/stm32l0xx_hal_flash_ex.c **** HAL_StatusTypeDef HAL_FLASHEx_Erase(FLASH_EraseInitTypeDef *pEraseInit, uint32_t *PageError)
 167:Drivers/STM32L0xx_HAL_Driver/Src/stm32l0xx_hal_flash_ex.c **** {
 168:Drivers/STM32L0xx_HAL_Driver/Src/stm32l0xx_hal_flash_ex.c ****   HAL_StatusTypeDef status;
 169:Drivers/STM32L0xx_HAL_Driver/Src/stm32l0xx_hal_flash_ex.c ****   uint32_t address = 0U;
 170:Drivers/STM32L0xx_HAL_Driver/Src/stm32l0xx_hal_flash_ex.c ****   
 171:Drivers/STM32L0xx_HAL_Driver/Src/stm32l0xx_hal_flash_ex.c ****   /* Process Locked */
 172:Drivers/STM32L0xx_HAL_Driver/Src/stm32l0xx_hal_flash_ex.c ****   __HAL_LOCK(&pFlash);
 173:Drivers/STM32L0xx_HAL_Driver/Src/stm32l0xx_hal_flash_ex.c **** 
 174:Drivers/STM32L0xx_HAL_Driver/Src/stm32l0xx_hal_flash_ex.c ****   /* Wait for last operation to be completed */
 175:Drivers/STM32L0xx_HAL_Driver/Src/stm32l0xx_hal_flash_ex.c ****   status = FLASH_WaitForLastOperation(FLASH_TIMEOUT_VALUE);
 176:Drivers/STM32L0xx_HAL_Driver/Src/stm32l0xx_hal_flash_ex.c **** 
 177:Drivers/STM32L0xx_HAL_Driver/Src/stm32l0xx_hal_flash_ex.c ****   if (status == HAL_OK)
 178:Drivers/STM32L0xx_HAL_Driver/Src/stm32l0xx_hal_flash_ex.c ****   {
 179:Drivers/STM32L0xx_HAL_Driver/Src/stm32l0xx_hal_flash_ex.c ****     /*Initialization of PageError variable*/
 180:Drivers/STM32L0xx_HAL_Driver/Src/stm32l0xx_hal_flash_ex.c ****     *PageError = 0xFFFFFFFFU;
 181:Drivers/STM32L0xx_HAL_Driver/Src/stm32l0xx_hal_flash_ex.c **** 
 182:Drivers/STM32L0xx_HAL_Driver/Src/stm32l0xx_hal_flash_ex.c ****     /* Check the parameters */
 183:Drivers/STM32L0xx_HAL_Driver/Src/stm32l0xx_hal_flash_ex.c ****     assert_param(IS_NBPAGES(pEraseInit->NbPages));
 184:Drivers/STM32L0xx_HAL_Driver/Src/stm32l0xx_hal_flash_ex.c ****     assert_param(IS_FLASH_TYPEERASE(pEraseInit->TypeErase));
 185:Drivers/STM32L0xx_HAL_Driver/Src/stm32l0xx_hal_flash_ex.c ****     assert_param(IS_FLASH_PROGRAM_ADDRESS(pEraseInit->PageAddress));
 186:Drivers/STM32L0xx_HAL_Driver/Src/stm32l0xx_hal_flash_ex.c ****     assert_param(IS_FLASH_PROGRAM_ADDRESS((pEraseInit->PageAddress & ~(FLASH_PAGE_SIZE - 1U)) + pEr
 187:Drivers/STM32L0xx_HAL_Driver/Src/stm32l0xx_hal_flash_ex.c **** 
 188:Drivers/STM32L0xx_HAL_Driver/Src/stm32l0xx_hal_flash_ex.c ****     /* Erase page by page to be done*/
 189:Drivers/STM32L0xx_HAL_Driver/Src/stm32l0xx_hal_flash_ex.c ****     for(address = pEraseInit->PageAddress; 
 190:Drivers/STM32L0xx_HAL_Driver/Src/stm32l0xx_hal_flash_ex.c ****         address < ((pEraseInit->NbPages * FLASH_PAGE_SIZE) + pEraseInit->PageAddress);
 191:Drivers/STM32L0xx_HAL_Driver/Src/stm32l0xx_hal_flash_ex.c ****         address += FLASH_PAGE_SIZE)
 192:Drivers/STM32L0xx_HAL_Driver/Src/stm32l0xx_hal_flash_ex.c ****     {
 193:Drivers/STM32L0xx_HAL_Driver/Src/stm32l0xx_hal_flash_ex.c ****       FLASH_PageErase(address);
 194:Drivers/STM32L0xx_HAL_Driver/Src/stm32l0xx_hal_flash_ex.c **** 
 195:Drivers/STM32L0xx_HAL_Driver/Src/stm32l0xx_hal_flash_ex.c ****       /* Wait for last operation to be completed */
 196:Drivers/STM32L0xx_HAL_Driver/Src/stm32l0xx_hal_flash_ex.c ****       status = FLASH_WaitForLastOperation(FLASH_TIMEOUT_VALUE);
 197:Drivers/STM32L0xx_HAL_Driver/Src/stm32l0xx_hal_flash_ex.c **** 
 198:Drivers/STM32L0xx_HAL_Driver/Src/stm32l0xx_hal_flash_ex.c ****       /* If the erase operation is completed, disable the ERASE Bit */
 199:Drivers/STM32L0xx_HAL_Driver/Src/stm32l0xx_hal_flash_ex.c ****       CLEAR_BIT(FLASH->PECR, FLASH_PECR_PROG);
 200:Drivers/STM32L0xx_HAL_Driver/Src/stm32l0xx_hal_flash_ex.c ****       CLEAR_BIT(FLASH->PECR, FLASH_PECR_ERASE);
 201:Drivers/STM32L0xx_HAL_Driver/Src/stm32l0xx_hal_flash_ex.c **** 
 202:Drivers/STM32L0xx_HAL_Driver/Src/stm32l0xx_hal_flash_ex.c ****       if (status != HAL_OK) 
 203:Drivers/STM32L0xx_HAL_Driver/Src/stm32l0xx_hal_flash_ex.c ****       {
 204:Drivers/STM32L0xx_HAL_Driver/Src/stm32l0xx_hal_flash_ex.c ****         /* In case of error, stop erase procedure and return the faulty address */
ARM GAS  /var/folders/d7/pb3dkhys6j3db_qtp_8v34p80000gn/T//cct8i6sf.s 			page 5


 205:Drivers/STM32L0xx_HAL_Driver/Src/stm32l0xx_hal_flash_ex.c ****         *PageError = address;
 206:Drivers/STM32L0xx_HAL_Driver/Src/stm32l0xx_hal_flash_ex.c ****         break;
 207:Drivers/STM32L0xx_HAL_Driver/Src/stm32l0xx_hal_flash_ex.c ****       }
 208:Drivers/STM32L0xx_HAL_Driver/Src/stm32l0xx_hal_flash_ex.c ****     }
 209:Drivers/STM32L0xx_HAL_Driver/Src/stm32l0xx_hal_flash_ex.c ****   }
 210:Drivers/STM32L0xx_HAL_Driver/Src/stm32l0xx_hal_flash_ex.c **** 
 211:Drivers/STM32L0xx_HAL_Driver/Src/stm32l0xx_hal_flash_ex.c ****   /* Process Unlocked */
 212:Drivers/STM32L0xx_HAL_Driver/Src/stm32l0xx_hal_flash_ex.c ****   __HAL_UNLOCK(&pFlash);
 213:Drivers/STM32L0xx_HAL_Driver/Src/stm32l0xx_hal_flash_ex.c **** 
 214:Drivers/STM32L0xx_HAL_Driver/Src/stm32l0xx_hal_flash_ex.c ****   return status;
 215:Drivers/STM32L0xx_HAL_Driver/Src/stm32l0xx_hal_flash_ex.c **** }
 216:Drivers/STM32L0xx_HAL_Driver/Src/stm32l0xx_hal_flash_ex.c **** 
 217:Drivers/STM32L0xx_HAL_Driver/Src/stm32l0xx_hal_flash_ex.c **** /**
 218:Drivers/STM32L0xx_HAL_Driver/Src/stm32l0xx_hal_flash_ex.c ****   * @brief  Perform a page erase of the specified FLASH memory pages  with interrupt enabled
 219:Drivers/STM32L0xx_HAL_Driver/Src/stm32l0xx_hal_flash_ex.c ****   * @note   To correctly run this function, the @ref HAL_FLASH_Unlock() function
 220:Drivers/STM32L0xx_HAL_Driver/Src/stm32l0xx_hal_flash_ex.c ****   *         must be called before.
 221:Drivers/STM32L0xx_HAL_Driver/Src/stm32l0xx_hal_flash_ex.c ****   *         Call the @ref HAL_FLASH_Lock() to disable the flash memory access 
 222:Drivers/STM32L0xx_HAL_Driver/Src/stm32l0xx_hal_flash_ex.c ****   *         (recommended to protect the FLASH memory against possible unwanted operation)
 223:Drivers/STM32L0xx_HAL_Driver/Src/stm32l0xx_hal_flash_ex.c ****   *          End of erase is done when @ref HAL_FLASH_EndOfOperationCallback is called with paramet
 224:Drivers/STM32L0xx_HAL_Driver/Src/stm32l0xx_hal_flash_ex.c ****   *          0xFFFFFFFF
 225:Drivers/STM32L0xx_HAL_Driver/Src/stm32l0xx_hal_flash_ex.c ****   * @param  pEraseInit pointer to an FLASH_EraseInitTypeDef structure that
 226:Drivers/STM32L0xx_HAL_Driver/Src/stm32l0xx_hal_flash_ex.c ****   *         contains the configuration information for the erasing.
 227:Drivers/STM32L0xx_HAL_Driver/Src/stm32l0xx_hal_flash_ex.c ****   * 
 228:Drivers/STM32L0xx_HAL_Driver/Src/stm32l0xx_hal_flash_ex.c ****   * @retval HAL_StatusTypeDef HAL Status
 229:Drivers/STM32L0xx_HAL_Driver/Src/stm32l0xx_hal_flash_ex.c ****   */
 230:Drivers/STM32L0xx_HAL_Driver/Src/stm32l0xx_hal_flash_ex.c **** HAL_StatusTypeDef HAL_FLASHEx_Erase_IT(FLASH_EraseInitTypeDef *pEraseInit)
 231:Drivers/STM32L0xx_HAL_Driver/Src/stm32l0xx_hal_flash_ex.c **** {
 232:Drivers/STM32L0xx_HAL_Driver/Src/stm32l0xx_hal_flash_ex.c ****   HAL_StatusTypeDef status;
 233:Drivers/STM32L0xx_HAL_Driver/Src/stm32l0xx_hal_flash_ex.c **** 
 234:Drivers/STM32L0xx_HAL_Driver/Src/stm32l0xx_hal_flash_ex.c ****   /* If procedure already ongoing, reject the next one */
 235:Drivers/STM32L0xx_HAL_Driver/Src/stm32l0xx_hal_flash_ex.c ****   if (pFlash.ProcedureOnGoing != FLASH_PROC_NONE)
 236:Drivers/STM32L0xx_HAL_Driver/Src/stm32l0xx_hal_flash_ex.c ****   {
 237:Drivers/STM32L0xx_HAL_Driver/Src/stm32l0xx_hal_flash_ex.c ****     return HAL_ERROR;
 238:Drivers/STM32L0xx_HAL_Driver/Src/stm32l0xx_hal_flash_ex.c ****   }
 239:Drivers/STM32L0xx_HAL_Driver/Src/stm32l0xx_hal_flash_ex.c **** 
 240:Drivers/STM32L0xx_HAL_Driver/Src/stm32l0xx_hal_flash_ex.c ****   /* Check the parameters */
 241:Drivers/STM32L0xx_HAL_Driver/Src/stm32l0xx_hal_flash_ex.c ****   assert_param(IS_NBPAGES(pEraseInit->NbPages));
 242:Drivers/STM32L0xx_HAL_Driver/Src/stm32l0xx_hal_flash_ex.c ****   assert_param(IS_FLASH_TYPEERASE(pEraseInit->TypeErase));
 243:Drivers/STM32L0xx_HAL_Driver/Src/stm32l0xx_hal_flash_ex.c ****   assert_param(IS_FLASH_PROGRAM_ADDRESS(pEraseInit->PageAddress));
 244:Drivers/STM32L0xx_HAL_Driver/Src/stm32l0xx_hal_flash_ex.c ****   assert_param(IS_FLASH_PROGRAM_ADDRESS((pEraseInit->PageAddress & ~(FLASH_PAGE_SIZE - 1)) + pErase
 245:Drivers/STM32L0xx_HAL_Driver/Src/stm32l0xx_hal_flash_ex.c **** 
 246:Drivers/STM32L0xx_HAL_Driver/Src/stm32l0xx_hal_flash_ex.c ****   /* Process Locked */
 247:Drivers/STM32L0xx_HAL_Driver/Src/stm32l0xx_hal_flash_ex.c ****   __HAL_LOCK(&pFlash);
 248:Drivers/STM32L0xx_HAL_Driver/Src/stm32l0xx_hal_flash_ex.c **** 
 249:Drivers/STM32L0xx_HAL_Driver/Src/stm32l0xx_hal_flash_ex.c ****   /* Wait for last operation to be completed */
 250:Drivers/STM32L0xx_HAL_Driver/Src/stm32l0xx_hal_flash_ex.c ****   status = FLASH_WaitForLastOperation(FLASH_TIMEOUT_VALUE);
 251:Drivers/STM32L0xx_HAL_Driver/Src/stm32l0xx_hal_flash_ex.c ****   
 252:Drivers/STM32L0xx_HAL_Driver/Src/stm32l0xx_hal_flash_ex.c ****   if (status == HAL_OK)
 253:Drivers/STM32L0xx_HAL_Driver/Src/stm32l0xx_hal_flash_ex.c ****   {
 254:Drivers/STM32L0xx_HAL_Driver/Src/stm32l0xx_hal_flash_ex.c ****     /* Enable End of FLASH Operation and Error source interrupts */
 255:Drivers/STM32L0xx_HAL_Driver/Src/stm32l0xx_hal_flash_ex.c ****     __HAL_FLASH_ENABLE_IT(FLASH_IT_EOP | FLASH_IT_ERR);
 256:Drivers/STM32L0xx_HAL_Driver/Src/stm32l0xx_hal_flash_ex.c ****     
 257:Drivers/STM32L0xx_HAL_Driver/Src/stm32l0xx_hal_flash_ex.c ****     pFlash.ProcedureOnGoing = FLASH_PROC_PAGEERASE;
 258:Drivers/STM32L0xx_HAL_Driver/Src/stm32l0xx_hal_flash_ex.c ****     pFlash.NbPagesToErase = pEraseInit->NbPages;
 259:Drivers/STM32L0xx_HAL_Driver/Src/stm32l0xx_hal_flash_ex.c ****     pFlash.Page = pEraseInit->PageAddress;
 260:Drivers/STM32L0xx_HAL_Driver/Src/stm32l0xx_hal_flash_ex.c **** 
 261:Drivers/STM32L0xx_HAL_Driver/Src/stm32l0xx_hal_flash_ex.c ****     /*Erase 1st page and wait for IT*/
ARM GAS  /var/folders/d7/pb3dkhys6j3db_qtp_8v34p80000gn/T//cct8i6sf.s 			page 6


 262:Drivers/STM32L0xx_HAL_Driver/Src/stm32l0xx_hal_flash_ex.c ****     FLASH_PageErase(pEraseInit->PageAddress);
 263:Drivers/STM32L0xx_HAL_Driver/Src/stm32l0xx_hal_flash_ex.c ****   }
 264:Drivers/STM32L0xx_HAL_Driver/Src/stm32l0xx_hal_flash_ex.c ****   else
 265:Drivers/STM32L0xx_HAL_Driver/Src/stm32l0xx_hal_flash_ex.c ****   {
 266:Drivers/STM32L0xx_HAL_Driver/Src/stm32l0xx_hal_flash_ex.c ****     /* Process Unlocked */
 267:Drivers/STM32L0xx_HAL_Driver/Src/stm32l0xx_hal_flash_ex.c ****     __HAL_UNLOCK(&pFlash);
 268:Drivers/STM32L0xx_HAL_Driver/Src/stm32l0xx_hal_flash_ex.c ****   }
 269:Drivers/STM32L0xx_HAL_Driver/Src/stm32l0xx_hal_flash_ex.c **** 
 270:Drivers/STM32L0xx_HAL_Driver/Src/stm32l0xx_hal_flash_ex.c ****   return status;
 271:Drivers/STM32L0xx_HAL_Driver/Src/stm32l0xx_hal_flash_ex.c **** }
 272:Drivers/STM32L0xx_HAL_Driver/Src/stm32l0xx_hal_flash_ex.c **** 
 273:Drivers/STM32L0xx_HAL_Driver/Src/stm32l0xx_hal_flash_ex.c **** /**
 274:Drivers/STM32L0xx_HAL_Driver/Src/stm32l0xx_hal_flash_ex.c ****   * @}
 275:Drivers/STM32L0xx_HAL_Driver/Src/stm32l0xx_hal_flash_ex.c ****   */
 276:Drivers/STM32L0xx_HAL_Driver/Src/stm32l0xx_hal_flash_ex.c **** 
 277:Drivers/STM32L0xx_HAL_Driver/Src/stm32l0xx_hal_flash_ex.c **** /** @defgroup FLASHEx_Exported_Functions_Group2 Option Bytes Programming functions
 278:Drivers/STM32L0xx_HAL_Driver/Src/stm32l0xx_hal_flash_ex.c ****  *  @brief   Option Bytes Programming functions
 279:Drivers/STM32L0xx_HAL_Driver/Src/stm32l0xx_hal_flash_ex.c ****  *
 280:Drivers/STM32L0xx_HAL_Driver/Src/stm32l0xx_hal_flash_ex.c **** @verbatim   
 281:Drivers/STM32L0xx_HAL_Driver/Src/stm32l0xx_hal_flash_ex.c ****   ==============================================================================
 282:Drivers/STM32L0xx_HAL_Driver/Src/stm32l0xx_hal_flash_ex.c ****                 ##### Option Bytes Programming functions ##### 
 283:Drivers/STM32L0xx_HAL_Driver/Src/stm32l0xx_hal_flash_ex.c ****   ==============================================================================  
 284:Drivers/STM32L0xx_HAL_Driver/Src/stm32l0xx_hal_flash_ex.c **** 
 285:Drivers/STM32L0xx_HAL_Driver/Src/stm32l0xx_hal_flash_ex.c ****     [..] Any operation of erase or program should follow these steps:
 286:Drivers/STM32L0xx_HAL_Driver/Src/stm32l0xx_hal_flash_ex.c ****     (#) Call the HAL_FLASH_OB_Unlock() function to enable the Flash option control 
 287:Drivers/STM32L0xx_HAL_Driver/Src/stm32l0xx_hal_flash_ex.c ****         register access.
 288:Drivers/STM32L0xx_HAL_Driver/Src/stm32l0xx_hal_flash_ex.c ****     (#) Call following function to program the desired option bytes.
 289:Drivers/STM32L0xx_HAL_Driver/Src/stm32l0xx_hal_flash_ex.c ****         (++) HAL_FLASHEx_OBProgram:
 290:Drivers/STM32L0xx_HAL_Driver/Src/stm32l0xx_hal_flash_ex.c ****          - To Enable/Disable the desired sector write protection.
 291:Drivers/STM32L0xx_HAL_Driver/Src/stm32l0xx_hal_flash_ex.c ****          - To set the desired read Protection Level.
 292:Drivers/STM32L0xx_HAL_Driver/Src/stm32l0xx_hal_flash_ex.c ****          - To configure the user option Bytes: IWDG, STOP and the Standby.
 293:Drivers/STM32L0xx_HAL_Driver/Src/stm32l0xx_hal_flash_ex.c ****          - To Set the BOR level.
 294:Drivers/STM32L0xx_HAL_Driver/Src/stm32l0xx_hal_flash_ex.c ****     (#) Once all needed option bytes to be programmed are correctly written, call the
 295:Drivers/STM32L0xx_HAL_Driver/Src/stm32l0xx_hal_flash_ex.c ****         HAL_FLASH_OB_Launch(void) function to launch the Option Bytes programming process.
 296:Drivers/STM32L0xx_HAL_Driver/Src/stm32l0xx_hal_flash_ex.c ****     (#) Call the HAL_FLASH_OB_Lock() to disable the Flash option control register access (recommend
 297:Drivers/STM32L0xx_HAL_Driver/Src/stm32l0xx_hal_flash_ex.c ****         to protect the option Bytes against possible unwanted operations).
 298:Drivers/STM32L0xx_HAL_Driver/Src/stm32l0xx_hal_flash_ex.c **** 
 299:Drivers/STM32L0xx_HAL_Driver/Src/stm32l0xx_hal_flash_ex.c ****     [..] Proprietary code Read Out Protection (PcROP):
 300:Drivers/STM32L0xx_HAL_Driver/Src/stm32l0xx_hal_flash_ex.c ****     (#) The PcROP sector is selected by using the same option bytes as the Write
 301:Drivers/STM32L0xx_HAL_Driver/Src/stm32l0xx_hal_flash_ex.c ****         protection (nWRPi bits). As a result, these 2 options are exclusive each other.
 302:Drivers/STM32L0xx_HAL_Driver/Src/stm32l0xx_hal_flash_ex.c ****     (#) In order to activate the PcROP (change the function of the nWRPi option bits), 
 303:Drivers/STM32L0xx_HAL_Driver/Src/stm32l0xx_hal_flash_ex.c ****         the WPRMOD option bit must be activated.
 304:Drivers/STM32L0xx_HAL_Driver/Src/stm32l0xx_hal_flash_ex.c ****     (#) The active value of nWRPi bits is inverted when PCROP mode is active, this
 305:Drivers/STM32L0xx_HAL_Driver/Src/stm32l0xx_hal_flash_ex.c ****         means: if WPRMOD = 1 and nWRPi = 1 (default value), then the user sector "i"
 306:Drivers/STM32L0xx_HAL_Driver/Src/stm32l0xx_hal_flash_ex.c ****         is read/write protected.
 307:Drivers/STM32L0xx_HAL_Driver/Src/stm32l0xx_hal_flash_ex.c ****     (#) To activate PCROP mode for Flash sector(s), you need to call the following function:
 308:Drivers/STM32L0xx_HAL_Driver/Src/stm32l0xx_hal_flash_ex.c ****         (++) HAL_FLASHEx_AdvOBProgram in selecting sectors to be read/write protected
 309:Drivers/STM32L0xx_HAL_Driver/Src/stm32l0xx_hal_flash_ex.c ****         (++) HAL_FLASHEx_OB_SelectPCROP to enable the read/write protection
 310:Drivers/STM32L0xx_HAL_Driver/Src/stm32l0xx_hal_flash_ex.c **** 
 311:Drivers/STM32L0xx_HAL_Driver/Src/stm32l0xx_hal_flash_ex.c **** @endverbatim
 312:Drivers/STM32L0xx_HAL_Driver/Src/stm32l0xx_hal_flash_ex.c ****   * @{
 313:Drivers/STM32L0xx_HAL_Driver/Src/stm32l0xx_hal_flash_ex.c ****   */
 314:Drivers/STM32L0xx_HAL_Driver/Src/stm32l0xx_hal_flash_ex.c **** 
 315:Drivers/STM32L0xx_HAL_Driver/Src/stm32l0xx_hal_flash_ex.c **** /**
 316:Drivers/STM32L0xx_HAL_Driver/Src/stm32l0xx_hal_flash_ex.c ****   * @brief  Program option bytes
 317:Drivers/STM32L0xx_HAL_Driver/Src/stm32l0xx_hal_flash_ex.c ****   * @param  pOBInit pointer to an FLASH_OBInitStruct structure that
 318:Drivers/STM32L0xx_HAL_Driver/Src/stm32l0xx_hal_flash_ex.c ****   *         contains the configuration information for the programming.
ARM GAS  /var/folders/d7/pb3dkhys6j3db_qtp_8v34p80000gn/T//cct8i6sf.s 			page 7


 319:Drivers/STM32L0xx_HAL_Driver/Src/stm32l0xx_hal_flash_ex.c ****   * 
 320:Drivers/STM32L0xx_HAL_Driver/Src/stm32l0xx_hal_flash_ex.c ****   * @retval HAL_StatusTypeDef HAL Status
 321:Drivers/STM32L0xx_HAL_Driver/Src/stm32l0xx_hal_flash_ex.c ****   */
 322:Drivers/STM32L0xx_HAL_Driver/Src/stm32l0xx_hal_flash_ex.c **** HAL_StatusTypeDef HAL_FLASHEx_OBProgram(FLASH_OBProgramInitTypeDef *pOBInit)
 323:Drivers/STM32L0xx_HAL_Driver/Src/stm32l0xx_hal_flash_ex.c **** {
 324:Drivers/STM32L0xx_HAL_Driver/Src/stm32l0xx_hal_flash_ex.c ****   HAL_StatusTypeDef status = HAL_ERROR;
 325:Drivers/STM32L0xx_HAL_Driver/Src/stm32l0xx_hal_flash_ex.c ****   
 326:Drivers/STM32L0xx_HAL_Driver/Src/stm32l0xx_hal_flash_ex.c ****   /* Process Locked */
 327:Drivers/STM32L0xx_HAL_Driver/Src/stm32l0xx_hal_flash_ex.c ****   __HAL_LOCK(&pFlash);
 328:Drivers/STM32L0xx_HAL_Driver/Src/stm32l0xx_hal_flash_ex.c **** 
 329:Drivers/STM32L0xx_HAL_Driver/Src/stm32l0xx_hal_flash_ex.c ****   /* Check the parameters */
 330:Drivers/STM32L0xx_HAL_Driver/Src/stm32l0xx_hal_flash_ex.c ****   assert_param(IS_OPTIONBYTE(pOBInit->OptionType));
 331:Drivers/STM32L0xx_HAL_Driver/Src/stm32l0xx_hal_flash_ex.c **** 
 332:Drivers/STM32L0xx_HAL_Driver/Src/stm32l0xx_hal_flash_ex.c ****   /*Write protection configuration*/
 333:Drivers/STM32L0xx_HAL_Driver/Src/stm32l0xx_hal_flash_ex.c ****   if((pOBInit->OptionType & OPTIONBYTE_WRP) == OPTIONBYTE_WRP)
 334:Drivers/STM32L0xx_HAL_Driver/Src/stm32l0xx_hal_flash_ex.c ****   {
 335:Drivers/STM32L0xx_HAL_Driver/Src/stm32l0xx_hal_flash_ex.c ****     assert_param(IS_WRPSTATE(pOBInit->WRPState));
 336:Drivers/STM32L0xx_HAL_Driver/Src/stm32l0xx_hal_flash_ex.c **** #if defined(STM32L071xx) || defined(STM32L072xx) || defined(STM32L073xx) || defined(STM32L081xx) ||
 337:Drivers/STM32L0xx_HAL_Driver/Src/stm32l0xx_hal_flash_ex.c ****     status = FLASH_OB_ProtectedSectorsConfig(pOBInit->WRPSector, pOBInit->WRPSector2, pOBInit->WRPS
 338:Drivers/STM32L0xx_HAL_Driver/Src/stm32l0xx_hal_flash_ex.c **** #else
 339:Drivers/STM32L0xx_HAL_Driver/Src/stm32l0xx_hal_flash_ex.c ****     status = FLASH_OB_ProtectedSectorsConfig(pOBInit->WRPSector, pOBInit->WRPState);
 340:Drivers/STM32L0xx_HAL_Driver/Src/stm32l0xx_hal_flash_ex.c **** #endif
 341:Drivers/STM32L0xx_HAL_Driver/Src/stm32l0xx_hal_flash_ex.c ****     if (status != HAL_OK)
 342:Drivers/STM32L0xx_HAL_Driver/Src/stm32l0xx_hal_flash_ex.c ****     {
 343:Drivers/STM32L0xx_HAL_Driver/Src/stm32l0xx_hal_flash_ex.c ****       /* Process Unlocked */
 344:Drivers/STM32L0xx_HAL_Driver/Src/stm32l0xx_hal_flash_ex.c ****       __HAL_UNLOCK(&pFlash);
 345:Drivers/STM32L0xx_HAL_Driver/Src/stm32l0xx_hal_flash_ex.c ****       return status;
 346:Drivers/STM32L0xx_HAL_Driver/Src/stm32l0xx_hal_flash_ex.c ****     }
 347:Drivers/STM32L0xx_HAL_Driver/Src/stm32l0xx_hal_flash_ex.c ****   }
 348:Drivers/STM32L0xx_HAL_Driver/Src/stm32l0xx_hal_flash_ex.c ****   
 349:Drivers/STM32L0xx_HAL_Driver/Src/stm32l0xx_hal_flash_ex.c ****   /* Read protection configuration*/
 350:Drivers/STM32L0xx_HAL_Driver/Src/stm32l0xx_hal_flash_ex.c ****   if((pOBInit->OptionType & OPTIONBYTE_RDP) == OPTIONBYTE_RDP)
 351:Drivers/STM32L0xx_HAL_Driver/Src/stm32l0xx_hal_flash_ex.c ****   {
 352:Drivers/STM32L0xx_HAL_Driver/Src/stm32l0xx_hal_flash_ex.c ****     status = FLASH_OB_RDPConfig(pOBInit->RDPLevel);
 353:Drivers/STM32L0xx_HAL_Driver/Src/stm32l0xx_hal_flash_ex.c ****     if (status != HAL_OK)
 354:Drivers/STM32L0xx_HAL_Driver/Src/stm32l0xx_hal_flash_ex.c ****     {
 355:Drivers/STM32L0xx_HAL_Driver/Src/stm32l0xx_hal_flash_ex.c ****       /* Process Unlocked */
 356:Drivers/STM32L0xx_HAL_Driver/Src/stm32l0xx_hal_flash_ex.c ****       __HAL_UNLOCK(&pFlash);
 357:Drivers/STM32L0xx_HAL_Driver/Src/stm32l0xx_hal_flash_ex.c ****       return status;
 358:Drivers/STM32L0xx_HAL_Driver/Src/stm32l0xx_hal_flash_ex.c ****     }
 359:Drivers/STM32L0xx_HAL_Driver/Src/stm32l0xx_hal_flash_ex.c ****   }
 360:Drivers/STM32L0xx_HAL_Driver/Src/stm32l0xx_hal_flash_ex.c ****   
 361:Drivers/STM32L0xx_HAL_Driver/Src/stm32l0xx_hal_flash_ex.c ****   /* USER  configuration*/
 362:Drivers/STM32L0xx_HAL_Driver/Src/stm32l0xx_hal_flash_ex.c ****   if((pOBInit->OptionType & OPTIONBYTE_USER) == OPTIONBYTE_USER)
 363:Drivers/STM32L0xx_HAL_Driver/Src/stm32l0xx_hal_flash_ex.c ****   {
 364:Drivers/STM32L0xx_HAL_Driver/Src/stm32l0xx_hal_flash_ex.c ****     status = FLASH_OB_UserConfig(pOBInit->USERConfig & OB_IWDG_SW, 
 365:Drivers/STM32L0xx_HAL_Driver/Src/stm32l0xx_hal_flash_ex.c ****                                  pOBInit->USERConfig & OB_STOP_NORST,
 366:Drivers/STM32L0xx_HAL_Driver/Src/stm32l0xx_hal_flash_ex.c ****                                  pOBInit->USERConfig & OB_STDBY_NORST);
 367:Drivers/STM32L0xx_HAL_Driver/Src/stm32l0xx_hal_flash_ex.c ****     if (status != HAL_OK)
 368:Drivers/STM32L0xx_HAL_Driver/Src/stm32l0xx_hal_flash_ex.c ****     {
 369:Drivers/STM32L0xx_HAL_Driver/Src/stm32l0xx_hal_flash_ex.c ****       /* Process Unlocked */
 370:Drivers/STM32L0xx_HAL_Driver/Src/stm32l0xx_hal_flash_ex.c ****       __HAL_UNLOCK(&pFlash);
 371:Drivers/STM32L0xx_HAL_Driver/Src/stm32l0xx_hal_flash_ex.c ****       return status;
 372:Drivers/STM32L0xx_HAL_Driver/Src/stm32l0xx_hal_flash_ex.c ****     }
 373:Drivers/STM32L0xx_HAL_Driver/Src/stm32l0xx_hal_flash_ex.c ****   }
 374:Drivers/STM32L0xx_HAL_Driver/Src/stm32l0xx_hal_flash_ex.c **** 
 375:Drivers/STM32L0xx_HAL_Driver/Src/stm32l0xx_hal_flash_ex.c ****   /* BOR Level  configuration*/
ARM GAS  /var/folders/d7/pb3dkhys6j3db_qtp_8v34p80000gn/T//cct8i6sf.s 			page 8


 376:Drivers/STM32L0xx_HAL_Driver/Src/stm32l0xx_hal_flash_ex.c ****   if((pOBInit->OptionType & OPTIONBYTE_BOR) == OPTIONBYTE_BOR)
 377:Drivers/STM32L0xx_HAL_Driver/Src/stm32l0xx_hal_flash_ex.c ****   {
 378:Drivers/STM32L0xx_HAL_Driver/Src/stm32l0xx_hal_flash_ex.c ****     status = FLASH_OB_BORConfig(pOBInit->BORLevel);
 379:Drivers/STM32L0xx_HAL_Driver/Src/stm32l0xx_hal_flash_ex.c ****     if (status != HAL_OK)
 380:Drivers/STM32L0xx_HAL_Driver/Src/stm32l0xx_hal_flash_ex.c ****     {
 381:Drivers/STM32L0xx_HAL_Driver/Src/stm32l0xx_hal_flash_ex.c ****       /* Process Unlocked */
 382:Drivers/STM32L0xx_HAL_Driver/Src/stm32l0xx_hal_flash_ex.c ****       __HAL_UNLOCK(&pFlash);
 383:Drivers/STM32L0xx_HAL_Driver/Src/stm32l0xx_hal_flash_ex.c ****       return status;
 384:Drivers/STM32L0xx_HAL_Driver/Src/stm32l0xx_hal_flash_ex.c ****     }
 385:Drivers/STM32L0xx_HAL_Driver/Src/stm32l0xx_hal_flash_ex.c ****   }
 386:Drivers/STM32L0xx_HAL_Driver/Src/stm32l0xx_hal_flash_ex.c **** 
 387:Drivers/STM32L0xx_HAL_Driver/Src/stm32l0xx_hal_flash_ex.c ****   /* Program BOOT Bit1 config option byte */
 388:Drivers/STM32L0xx_HAL_Driver/Src/stm32l0xx_hal_flash_ex.c ****   if ((pOBInit->OptionType & OPTIONBYTE_BOOT_BIT1) == OPTIONBYTE_BOOT_BIT1)
 389:Drivers/STM32L0xx_HAL_Driver/Src/stm32l0xx_hal_flash_ex.c ****   {
 390:Drivers/STM32L0xx_HAL_Driver/Src/stm32l0xx_hal_flash_ex.c ****     status = FLASH_OB_BOOTBit1Config(pOBInit->BOOTBit1Config);
 391:Drivers/STM32L0xx_HAL_Driver/Src/stm32l0xx_hal_flash_ex.c ****   }
 392:Drivers/STM32L0xx_HAL_Driver/Src/stm32l0xx_hal_flash_ex.c ****   /* Process Unlocked */
 393:Drivers/STM32L0xx_HAL_Driver/Src/stm32l0xx_hal_flash_ex.c ****   __HAL_UNLOCK(&pFlash);
 394:Drivers/STM32L0xx_HAL_Driver/Src/stm32l0xx_hal_flash_ex.c **** 
 395:Drivers/STM32L0xx_HAL_Driver/Src/stm32l0xx_hal_flash_ex.c ****   return status;
 396:Drivers/STM32L0xx_HAL_Driver/Src/stm32l0xx_hal_flash_ex.c **** }
 397:Drivers/STM32L0xx_HAL_Driver/Src/stm32l0xx_hal_flash_ex.c **** 
 398:Drivers/STM32L0xx_HAL_Driver/Src/stm32l0xx_hal_flash_ex.c **** /**
 399:Drivers/STM32L0xx_HAL_Driver/Src/stm32l0xx_hal_flash_ex.c ****   * @brief   Get the Option byte configuration
 400:Drivers/STM32L0xx_HAL_Driver/Src/stm32l0xx_hal_flash_ex.c ****   * @param  pOBInit pointer to an FLASH_OBInitStruct structure that
 401:Drivers/STM32L0xx_HAL_Driver/Src/stm32l0xx_hal_flash_ex.c ****   *         contains the configuration information for the programming.
 402:Drivers/STM32L0xx_HAL_Driver/Src/stm32l0xx_hal_flash_ex.c ****   * 
 403:Drivers/STM32L0xx_HAL_Driver/Src/stm32l0xx_hal_flash_ex.c ****   * @retval None
 404:Drivers/STM32L0xx_HAL_Driver/Src/stm32l0xx_hal_flash_ex.c ****   */
 405:Drivers/STM32L0xx_HAL_Driver/Src/stm32l0xx_hal_flash_ex.c **** void HAL_FLASHEx_OBGetConfig(FLASH_OBProgramInitTypeDef *pOBInit)
 406:Drivers/STM32L0xx_HAL_Driver/Src/stm32l0xx_hal_flash_ex.c **** {
 407:Drivers/STM32L0xx_HAL_Driver/Src/stm32l0xx_hal_flash_ex.c ****   pOBInit->OptionType = OPTIONBYTE_WRP | OPTIONBYTE_RDP | OPTIONBYTE_USER | OPTIONBYTE_BOR;
 408:Drivers/STM32L0xx_HAL_Driver/Src/stm32l0xx_hal_flash_ex.c **** 
 409:Drivers/STM32L0xx_HAL_Driver/Src/stm32l0xx_hal_flash_ex.c ****   /* Get WRP sector */
 410:Drivers/STM32L0xx_HAL_Driver/Src/stm32l0xx_hal_flash_ex.c ****   pOBInit->WRPSector = FLASH_OB_GetWRP();
 411:Drivers/STM32L0xx_HAL_Driver/Src/stm32l0xx_hal_flash_ex.c **** 
 412:Drivers/STM32L0xx_HAL_Driver/Src/stm32l0xx_hal_flash_ex.c **** #if defined(STM32L071xx) || defined(STM32L072xx) || defined(STM32L073xx) || defined(STM32L081xx) ||
 413:Drivers/STM32L0xx_HAL_Driver/Src/stm32l0xx_hal_flash_ex.c ****   pOBInit->WRPSector2 = FLASH_OB_GetWRP2();
 414:Drivers/STM32L0xx_HAL_Driver/Src/stm32l0xx_hal_flash_ex.c **** #endif
 415:Drivers/STM32L0xx_HAL_Driver/Src/stm32l0xx_hal_flash_ex.c **** 
 416:Drivers/STM32L0xx_HAL_Driver/Src/stm32l0xx_hal_flash_ex.c ****   /*Get RDP Level*/
 417:Drivers/STM32L0xx_HAL_Driver/Src/stm32l0xx_hal_flash_ex.c ****   pOBInit->RDPLevel   = FLASH_OB_GetRDP();
 418:Drivers/STM32L0xx_HAL_Driver/Src/stm32l0xx_hal_flash_ex.c **** 
 419:Drivers/STM32L0xx_HAL_Driver/Src/stm32l0xx_hal_flash_ex.c ****   /*Get USER*/
 420:Drivers/STM32L0xx_HAL_Driver/Src/stm32l0xx_hal_flash_ex.c ****   pOBInit->USERConfig = FLASH_OB_GetUser();
 421:Drivers/STM32L0xx_HAL_Driver/Src/stm32l0xx_hal_flash_ex.c **** 
 422:Drivers/STM32L0xx_HAL_Driver/Src/stm32l0xx_hal_flash_ex.c ****   /*Get BOR Level*/
 423:Drivers/STM32L0xx_HAL_Driver/Src/stm32l0xx_hal_flash_ex.c ****   pOBInit->BORLevel   = FLASH_OB_GetBOR();
 424:Drivers/STM32L0xx_HAL_Driver/Src/stm32l0xx_hal_flash_ex.c **** 
 425:Drivers/STM32L0xx_HAL_Driver/Src/stm32l0xx_hal_flash_ex.c ****   /* Get BOOT bit 1 config OB */
 426:Drivers/STM32L0xx_HAL_Driver/Src/stm32l0xx_hal_flash_ex.c ****   pOBInit->BOOTBit1Config = FLASH_OB_GetBOOTBit1();
 427:Drivers/STM32L0xx_HAL_Driver/Src/stm32l0xx_hal_flash_ex.c **** }
 428:Drivers/STM32L0xx_HAL_Driver/Src/stm32l0xx_hal_flash_ex.c **** 
 429:Drivers/STM32L0xx_HAL_Driver/Src/stm32l0xx_hal_flash_ex.c **** #if defined(FLASH_OPTR_WPRMOD) || defined(FLASH_OPTR_BFB2)
 430:Drivers/STM32L0xx_HAL_Driver/Src/stm32l0xx_hal_flash_ex.c ****     
 431:Drivers/STM32L0xx_HAL_Driver/Src/stm32l0xx_hal_flash_ex.c **** /**
 432:Drivers/STM32L0xx_HAL_Driver/Src/stm32l0xx_hal_flash_ex.c ****   * @brief  Program option bytes
ARM GAS  /var/folders/d7/pb3dkhys6j3db_qtp_8v34p80000gn/T//cct8i6sf.s 			page 9


 433:Drivers/STM32L0xx_HAL_Driver/Src/stm32l0xx_hal_flash_ex.c ****   * @param  pAdvOBInit pointer to an FLASH_AdvOBProgramInitTypeDef structure that
 434:Drivers/STM32L0xx_HAL_Driver/Src/stm32l0xx_hal_flash_ex.c ****   *         contains the configuration information for the programming.
 435:Drivers/STM32L0xx_HAL_Driver/Src/stm32l0xx_hal_flash_ex.c ****   * 
 436:Drivers/STM32L0xx_HAL_Driver/Src/stm32l0xx_hal_flash_ex.c ****   * @retval HAL_StatusTypeDef HAL Status
 437:Drivers/STM32L0xx_HAL_Driver/Src/stm32l0xx_hal_flash_ex.c ****   */
 438:Drivers/STM32L0xx_HAL_Driver/Src/stm32l0xx_hal_flash_ex.c **** HAL_StatusTypeDef HAL_FLASHEx_AdvOBProgram (FLASH_AdvOBProgramInitTypeDef *pAdvOBInit)
 439:Drivers/STM32L0xx_HAL_Driver/Src/stm32l0xx_hal_flash_ex.c **** {
 440:Drivers/STM32L0xx_HAL_Driver/Src/stm32l0xx_hal_flash_ex.c ****   HAL_StatusTypeDef status = HAL_ERROR;
 441:Drivers/STM32L0xx_HAL_Driver/Src/stm32l0xx_hal_flash_ex.c ****   
 442:Drivers/STM32L0xx_HAL_Driver/Src/stm32l0xx_hal_flash_ex.c ****   /* Check the parameters */
 443:Drivers/STM32L0xx_HAL_Driver/Src/stm32l0xx_hal_flash_ex.c ****   assert_param(IS_OBEX(pAdvOBInit->OptionType));
 444:Drivers/STM32L0xx_HAL_Driver/Src/stm32l0xx_hal_flash_ex.c **** 
 445:Drivers/STM32L0xx_HAL_Driver/Src/stm32l0xx_hal_flash_ex.c **** #if defined(FLASH_OPTR_WPRMOD)
 446:Drivers/STM32L0xx_HAL_Driver/Src/stm32l0xx_hal_flash_ex.c ****     
 447:Drivers/STM32L0xx_HAL_Driver/Src/stm32l0xx_hal_flash_ex.c ****   /* Program PCROP option byte*/
 448:Drivers/STM32L0xx_HAL_Driver/Src/stm32l0xx_hal_flash_ex.c ****   if ((pAdvOBInit->OptionType & OPTIONBYTE_PCROP) == OPTIONBYTE_PCROP)
 449:Drivers/STM32L0xx_HAL_Driver/Src/stm32l0xx_hal_flash_ex.c ****   {
 450:Drivers/STM32L0xx_HAL_Driver/Src/stm32l0xx_hal_flash_ex.c ****     /* Check the parameters */
 451:Drivers/STM32L0xx_HAL_Driver/Src/stm32l0xx_hal_flash_ex.c ****     assert_param(IS_PCROPSTATE(pAdvOBInit->PCROPState));
 452:Drivers/STM32L0xx_HAL_Driver/Src/stm32l0xx_hal_flash_ex.c **** #if defined(STM32L071xx) || defined(STM32L072xx) || defined(STM32L073xx) || defined(STM32L081xx) ||
 453:Drivers/STM32L0xx_HAL_Driver/Src/stm32l0xx_hal_flash_ex.c ****     status = FLASH_OB_ProtectedSectorsConfig(pAdvOBInit->PCROPSector, pAdvOBInit->PCROPSector2, pAd
 454:Drivers/STM32L0xx_HAL_Driver/Src/stm32l0xx_hal_flash_ex.c **** #else
 455:Drivers/STM32L0xx_HAL_Driver/Src/stm32l0xx_hal_flash_ex.c ****     status = FLASH_OB_ProtectedSectorsConfig(pAdvOBInit->PCROPSector, pAdvOBInit->PCROPState);
 456:Drivers/STM32L0xx_HAL_Driver/Src/stm32l0xx_hal_flash_ex.c **** #endif
 457:Drivers/STM32L0xx_HAL_Driver/Src/stm32l0xx_hal_flash_ex.c ****   }
 458:Drivers/STM32L0xx_HAL_Driver/Src/stm32l0xx_hal_flash_ex.c ****   
 459:Drivers/STM32L0xx_HAL_Driver/Src/stm32l0xx_hal_flash_ex.c **** #endif /* FLASH_OPTR_WPRMOD */
 460:Drivers/STM32L0xx_HAL_Driver/Src/stm32l0xx_hal_flash_ex.c **** 
 461:Drivers/STM32L0xx_HAL_Driver/Src/stm32l0xx_hal_flash_ex.c **** #if defined(FLASH_OPTR_BFB2)
 462:Drivers/STM32L0xx_HAL_Driver/Src/stm32l0xx_hal_flash_ex.c ****     
 463:Drivers/STM32L0xx_HAL_Driver/Src/stm32l0xx_hal_flash_ex.c ****   /* Program BOOT config option byte */
 464:Drivers/STM32L0xx_HAL_Driver/Src/stm32l0xx_hal_flash_ex.c ****   if ((pAdvOBInit->OptionType & OPTIONBYTE_BOOTCONFIG) == OPTIONBYTE_BOOTCONFIG)
 465:Drivers/STM32L0xx_HAL_Driver/Src/stm32l0xx_hal_flash_ex.c ****   {
 466:Drivers/STM32L0xx_HAL_Driver/Src/stm32l0xx_hal_flash_ex.c ****     status = FLASH_OB_BootConfig(pAdvOBInit->BootConfig);
 467:Drivers/STM32L0xx_HAL_Driver/Src/stm32l0xx_hal_flash_ex.c ****   }
 468:Drivers/STM32L0xx_HAL_Driver/Src/stm32l0xx_hal_flash_ex.c ****   
 469:Drivers/STM32L0xx_HAL_Driver/Src/stm32l0xx_hal_flash_ex.c **** #endif /* FLASH_OPTR_BFB2 */
 470:Drivers/STM32L0xx_HAL_Driver/Src/stm32l0xx_hal_flash_ex.c **** 
 471:Drivers/STM32L0xx_HAL_Driver/Src/stm32l0xx_hal_flash_ex.c ****   return status;
 472:Drivers/STM32L0xx_HAL_Driver/Src/stm32l0xx_hal_flash_ex.c **** }
 473:Drivers/STM32L0xx_HAL_Driver/Src/stm32l0xx_hal_flash_ex.c **** 
 474:Drivers/STM32L0xx_HAL_Driver/Src/stm32l0xx_hal_flash_ex.c **** /**
 475:Drivers/STM32L0xx_HAL_Driver/Src/stm32l0xx_hal_flash_ex.c ****   * @brief  Get the OBEX byte configuration
 476:Drivers/STM32L0xx_HAL_Driver/Src/stm32l0xx_hal_flash_ex.c ****   * @param  pAdvOBInit pointer to an FLASH_AdvOBProgramInitTypeDef structure that
 477:Drivers/STM32L0xx_HAL_Driver/Src/stm32l0xx_hal_flash_ex.c ****   *         contains the configuration information for the programming.
 478:Drivers/STM32L0xx_HAL_Driver/Src/stm32l0xx_hal_flash_ex.c ****   * 
 479:Drivers/STM32L0xx_HAL_Driver/Src/stm32l0xx_hal_flash_ex.c ****   * @retval None
 480:Drivers/STM32L0xx_HAL_Driver/Src/stm32l0xx_hal_flash_ex.c ****   */
 481:Drivers/STM32L0xx_HAL_Driver/Src/stm32l0xx_hal_flash_ex.c **** void HAL_FLASHEx_AdvOBGetConfig(FLASH_AdvOBProgramInitTypeDef *pAdvOBInit)
 482:Drivers/STM32L0xx_HAL_Driver/Src/stm32l0xx_hal_flash_ex.c **** {
 483:Drivers/STM32L0xx_HAL_Driver/Src/stm32l0xx_hal_flash_ex.c ****   pAdvOBInit->OptionType = 0;
 484:Drivers/STM32L0xx_HAL_Driver/Src/stm32l0xx_hal_flash_ex.c ****   
 485:Drivers/STM32L0xx_HAL_Driver/Src/stm32l0xx_hal_flash_ex.c **** #if defined(FLASH_OPTR_WPRMOD)
 486:Drivers/STM32L0xx_HAL_Driver/Src/stm32l0xx_hal_flash_ex.c ****       
 487:Drivers/STM32L0xx_HAL_Driver/Src/stm32l0xx_hal_flash_ex.c ****   pAdvOBInit->OptionType |= OPTIONBYTE_PCROP;
 488:Drivers/STM32L0xx_HAL_Driver/Src/stm32l0xx_hal_flash_ex.c **** 
 489:Drivers/STM32L0xx_HAL_Driver/Src/stm32l0xx_hal_flash_ex.c **** 
ARM GAS  /var/folders/d7/pb3dkhys6j3db_qtp_8v34p80000gn/T//cct8i6sf.s 			page 10


 490:Drivers/STM32L0xx_HAL_Driver/Src/stm32l0xx_hal_flash_ex.c ****   /* Get PCROP state */
 491:Drivers/STM32L0xx_HAL_Driver/Src/stm32l0xx_hal_flash_ex.c ****   pAdvOBInit->PCROPState = (FLASH->OPTR & FLASH_OPTR_WPRMOD) >> FLASH_OPTR_WPRMOD_Pos;
 492:Drivers/STM32L0xx_HAL_Driver/Src/stm32l0xx_hal_flash_ex.c ****   /* Get PCROP protected sector */
 493:Drivers/STM32L0xx_HAL_Driver/Src/stm32l0xx_hal_flash_ex.c ****   pAdvOBInit->PCROPSector = FLASH->WRPR;
 494:Drivers/STM32L0xx_HAL_Driver/Src/stm32l0xx_hal_flash_ex.c **** 
 495:Drivers/STM32L0xx_HAL_Driver/Src/stm32l0xx_hal_flash_ex.c **** #if defined(STM32L071xx) || defined(STM32L072xx) || defined(STM32L073xx) || defined(STM32L081xx) ||
 496:Drivers/STM32L0xx_HAL_Driver/Src/stm32l0xx_hal_flash_ex.c ****   /* Get PCROP protected sector */
 497:Drivers/STM32L0xx_HAL_Driver/Src/stm32l0xx_hal_flash_ex.c ****   pAdvOBInit->PCROPSector2 = FLASH->WRPR2;
 498:Drivers/STM32L0xx_HAL_Driver/Src/stm32l0xx_hal_flash_ex.c **** #endif
 499:Drivers/STM32L0xx_HAL_Driver/Src/stm32l0xx_hal_flash_ex.c **** #endif /* FLASH_OPTR_WPRMOD */
 500:Drivers/STM32L0xx_HAL_Driver/Src/stm32l0xx_hal_flash_ex.c **** 
 501:Drivers/STM32L0xx_HAL_Driver/Src/stm32l0xx_hal_flash_ex.c **** #if defined(FLASH_OPTR_BFB2)
 502:Drivers/STM32L0xx_HAL_Driver/Src/stm32l0xx_hal_flash_ex.c ****       
 503:Drivers/STM32L0xx_HAL_Driver/Src/stm32l0xx_hal_flash_ex.c ****   pAdvOBInit->OptionType |= OPTIONBYTE_BOOTCONFIG;
 504:Drivers/STM32L0xx_HAL_Driver/Src/stm32l0xx_hal_flash_ex.c **** 
 505:Drivers/STM32L0xx_HAL_Driver/Src/stm32l0xx_hal_flash_ex.c ****   /* Get Boot config OB */
 506:Drivers/STM32L0xx_HAL_Driver/Src/stm32l0xx_hal_flash_ex.c ****   pAdvOBInit->BootConfig = (FLASH->OPTR & FLASH_OPTR_BFB2) >> 16U;
 507:Drivers/STM32L0xx_HAL_Driver/Src/stm32l0xx_hal_flash_ex.c **** 
 508:Drivers/STM32L0xx_HAL_Driver/Src/stm32l0xx_hal_flash_ex.c **** #endif /* FLASH_OPTR_BFB2 */
 509:Drivers/STM32L0xx_HAL_Driver/Src/stm32l0xx_hal_flash_ex.c **** }
 510:Drivers/STM32L0xx_HAL_Driver/Src/stm32l0xx_hal_flash_ex.c **** 
 511:Drivers/STM32L0xx_HAL_Driver/Src/stm32l0xx_hal_flash_ex.c **** #endif /* FLASH_OPTR_WPRMOD || FLASH_OPTR_BFB2 */
 512:Drivers/STM32L0xx_HAL_Driver/Src/stm32l0xx_hal_flash_ex.c **** 
 513:Drivers/STM32L0xx_HAL_Driver/Src/stm32l0xx_hal_flash_ex.c **** #if defined(FLASH_OPTR_WPRMOD)
 514:Drivers/STM32L0xx_HAL_Driver/Src/stm32l0xx_hal_flash_ex.c **** 
 515:Drivers/STM32L0xx_HAL_Driver/Src/stm32l0xx_hal_flash_ex.c **** /**
 516:Drivers/STM32L0xx_HAL_Driver/Src/stm32l0xx_hal_flash_ex.c ****   * @brief  Select the Protection Mode (WPRMOD).
 517:Drivers/STM32L0xx_HAL_Driver/Src/stm32l0xx_hal_flash_ex.c ****   * @note   Once WPRMOD bit is active, unprotection of a protected sector is not possible 
 518:Drivers/STM32L0xx_HAL_Driver/Src/stm32l0xx_hal_flash_ex.c ****   * @note   Read a protected sector will set RDERR Flag and write a protected sector will set WRPER
 519:Drivers/STM32L0xx_HAL_Driver/Src/stm32l0xx_hal_flash_ex.c ****   * @retval HAL status
 520:Drivers/STM32L0xx_HAL_Driver/Src/stm32l0xx_hal_flash_ex.c ****   */
 521:Drivers/STM32L0xx_HAL_Driver/Src/stm32l0xx_hal_flash_ex.c **** HAL_StatusTypeDef HAL_FLASHEx_OB_SelectPCROP(void)
 522:Drivers/STM32L0xx_HAL_Driver/Src/stm32l0xx_hal_flash_ex.c **** {
 523:Drivers/STM32L0xx_HAL_Driver/Src/stm32l0xx_hal_flash_ex.c ****   HAL_StatusTypeDef status = HAL_OK;
 524:Drivers/STM32L0xx_HAL_Driver/Src/stm32l0xx_hal_flash_ex.c ****   uint16_t tmp1 = 0;
 525:Drivers/STM32L0xx_HAL_Driver/Src/stm32l0xx_hal_flash_ex.c ****   uint32_t tmp2 = 0;
 526:Drivers/STM32L0xx_HAL_Driver/Src/stm32l0xx_hal_flash_ex.c ****   uint8_t optiontmp = 0;
 527:Drivers/STM32L0xx_HAL_Driver/Src/stm32l0xx_hal_flash_ex.c ****   uint16_t optiontmp2 = 0;
 528:Drivers/STM32L0xx_HAL_Driver/Src/stm32l0xx_hal_flash_ex.c ****   
 529:Drivers/STM32L0xx_HAL_Driver/Src/stm32l0xx_hal_flash_ex.c ****   status = FLASH_WaitForLastOperation(FLASH_TIMEOUT_VALUE);
 530:Drivers/STM32L0xx_HAL_Driver/Src/stm32l0xx_hal_flash_ex.c ****   
 531:Drivers/STM32L0xx_HAL_Driver/Src/stm32l0xx_hal_flash_ex.c ****   /* Mask RDP Byte */
 532:Drivers/STM32L0xx_HAL_Driver/Src/stm32l0xx_hal_flash_ex.c ****   optiontmp =  (uint8_t)(*(__IO uint8_t *)(OB_BASE)); 
 533:Drivers/STM32L0xx_HAL_Driver/Src/stm32l0xx_hal_flash_ex.c ****   
 534:Drivers/STM32L0xx_HAL_Driver/Src/stm32l0xx_hal_flash_ex.c ****   /* Update Option Byte */
 535:Drivers/STM32L0xx_HAL_Driver/Src/stm32l0xx_hal_flash_ex.c ****   optiontmp2 = (uint16_t)(OB_PCROP_SELECTED | optiontmp); 
 536:Drivers/STM32L0xx_HAL_Driver/Src/stm32l0xx_hal_flash_ex.c ****   
 537:Drivers/STM32L0xx_HAL_Driver/Src/stm32l0xx_hal_flash_ex.c ****   /* calculate the option byte to write */
 538:Drivers/STM32L0xx_HAL_Driver/Src/stm32l0xx_hal_flash_ex.c ****   tmp1 = (uint16_t)(~(optiontmp2 ));
 539:Drivers/STM32L0xx_HAL_Driver/Src/stm32l0xx_hal_flash_ex.c ****   tmp2 = (uint32_t)(((uint32_t)((uint32_t)(tmp1) << 16U)) | ((uint32_t)optiontmp2));
 540:Drivers/STM32L0xx_HAL_Driver/Src/stm32l0xx_hal_flash_ex.c ****   
 541:Drivers/STM32L0xx_HAL_Driver/Src/stm32l0xx_hal_flash_ex.c ****   if(status == HAL_OK)
 542:Drivers/STM32L0xx_HAL_Driver/Src/stm32l0xx_hal_flash_ex.c ****   {         
 543:Drivers/STM32L0xx_HAL_Driver/Src/stm32l0xx_hal_flash_ex.c ****     /* Clean the error context */
 544:Drivers/STM32L0xx_HAL_Driver/Src/stm32l0xx_hal_flash_ex.c ****     pFlash.ErrorCode = HAL_FLASH_ERROR_NONE;
 545:Drivers/STM32L0xx_HAL_Driver/Src/stm32l0xx_hal_flash_ex.c **** 
 546:Drivers/STM32L0xx_HAL_Driver/Src/stm32l0xx_hal_flash_ex.c ****     /* program PCRop */
ARM GAS  /var/folders/d7/pb3dkhys6j3db_qtp_8v34p80000gn/T//cct8i6sf.s 			page 11


 547:Drivers/STM32L0xx_HAL_Driver/Src/stm32l0xx_hal_flash_ex.c ****     OB->RDP = tmp2;
 548:Drivers/STM32L0xx_HAL_Driver/Src/stm32l0xx_hal_flash_ex.c ****     
 549:Drivers/STM32L0xx_HAL_Driver/Src/stm32l0xx_hal_flash_ex.c ****     /* Wait for last operation to be completed */
 550:Drivers/STM32L0xx_HAL_Driver/Src/stm32l0xx_hal_flash_ex.c ****     status = FLASH_WaitForLastOperation(FLASH_TIMEOUT_VALUE);
 551:Drivers/STM32L0xx_HAL_Driver/Src/stm32l0xx_hal_flash_ex.c ****   }
 552:Drivers/STM32L0xx_HAL_Driver/Src/stm32l0xx_hal_flash_ex.c ****   
 553:Drivers/STM32L0xx_HAL_Driver/Src/stm32l0xx_hal_flash_ex.c ****   /* Return the Read protection operation Status */
 554:Drivers/STM32L0xx_HAL_Driver/Src/stm32l0xx_hal_flash_ex.c ****   return status;            
 555:Drivers/STM32L0xx_HAL_Driver/Src/stm32l0xx_hal_flash_ex.c **** }
 556:Drivers/STM32L0xx_HAL_Driver/Src/stm32l0xx_hal_flash_ex.c **** 
 557:Drivers/STM32L0xx_HAL_Driver/Src/stm32l0xx_hal_flash_ex.c **** /**
 558:Drivers/STM32L0xx_HAL_Driver/Src/stm32l0xx_hal_flash_ex.c ****   * @brief  Deselect the Protection Mode (WPRMOD).
 559:Drivers/STM32L0xx_HAL_Driver/Src/stm32l0xx_hal_flash_ex.c ****   * @note   Once WPRMOD bit is active, unprotection of a protected sector is not possible 
 560:Drivers/STM32L0xx_HAL_Driver/Src/stm32l0xx_hal_flash_ex.c ****   * @note   Read a protected sector will set RDERR Flag and write a protected sector will set WRPER
 561:Drivers/STM32L0xx_HAL_Driver/Src/stm32l0xx_hal_flash_ex.c ****   * @retval HAL status
 562:Drivers/STM32L0xx_HAL_Driver/Src/stm32l0xx_hal_flash_ex.c ****   */
 563:Drivers/STM32L0xx_HAL_Driver/Src/stm32l0xx_hal_flash_ex.c **** HAL_StatusTypeDef HAL_FLASHEx_OB_DeSelectPCROP(void)
 564:Drivers/STM32L0xx_HAL_Driver/Src/stm32l0xx_hal_flash_ex.c **** {
 565:Drivers/STM32L0xx_HAL_Driver/Src/stm32l0xx_hal_flash_ex.c ****   HAL_StatusTypeDef status = HAL_OK;
 566:Drivers/STM32L0xx_HAL_Driver/Src/stm32l0xx_hal_flash_ex.c ****   uint16_t tmp1 = 0;
 567:Drivers/STM32L0xx_HAL_Driver/Src/stm32l0xx_hal_flash_ex.c ****   uint32_t tmp2 = 0;
 568:Drivers/STM32L0xx_HAL_Driver/Src/stm32l0xx_hal_flash_ex.c ****   uint8_t optiontmp = 0;
 569:Drivers/STM32L0xx_HAL_Driver/Src/stm32l0xx_hal_flash_ex.c ****   uint16_t optiontmp2 = 0;
 570:Drivers/STM32L0xx_HAL_Driver/Src/stm32l0xx_hal_flash_ex.c ****   
 571:Drivers/STM32L0xx_HAL_Driver/Src/stm32l0xx_hal_flash_ex.c ****   status = FLASH_WaitForLastOperation(FLASH_TIMEOUT_VALUE);
 572:Drivers/STM32L0xx_HAL_Driver/Src/stm32l0xx_hal_flash_ex.c ****   
 573:Drivers/STM32L0xx_HAL_Driver/Src/stm32l0xx_hal_flash_ex.c ****   /* Mask RDP Byte */
 574:Drivers/STM32L0xx_HAL_Driver/Src/stm32l0xx_hal_flash_ex.c ****   optiontmp =  (uint8_t)(*(__IO uint8_t *)(OB_BASE)); 
 575:Drivers/STM32L0xx_HAL_Driver/Src/stm32l0xx_hal_flash_ex.c ****   
 576:Drivers/STM32L0xx_HAL_Driver/Src/stm32l0xx_hal_flash_ex.c ****   /* Update Option Byte */
 577:Drivers/STM32L0xx_HAL_Driver/Src/stm32l0xx_hal_flash_ex.c ****   optiontmp2 = (uint16_t)(OB_PCROP_DESELECTED | optiontmp); 
 578:Drivers/STM32L0xx_HAL_Driver/Src/stm32l0xx_hal_flash_ex.c ****   
 579:Drivers/STM32L0xx_HAL_Driver/Src/stm32l0xx_hal_flash_ex.c ****   /* calculate the option byte to write */
 580:Drivers/STM32L0xx_HAL_Driver/Src/stm32l0xx_hal_flash_ex.c ****   tmp1 = (uint16_t)(~(optiontmp2 ));
 581:Drivers/STM32L0xx_HAL_Driver/Src/stm32l0xx_hal_flash_ex.c ****   tmp2 = (uint32_t)(((uint32_t)((uint32_t)(tmp1) << 16U)) | ((uint32_t)optiontmp2));
 582:Drivers/STM32L0xx_HAL_Driver/Src/stm32l0xx_hal_flash_ex.c ****   
 583:Drivers/STM32L0xx_HAL_Driver/Src/stm32l0xx_hal_flash_ex.c ****   if(status == HAL_OK)
 584:Drivers/STM32L0xx_HAL_Driver/Src/stm32l0xx_hal_flash_ex.c ****   {         
 585:Drivers/STM32L0xx_HAL_Driver/Src/stm32l0xx_hal_flash_ex.c ****     /* Clean the error context */
 586:Drivers/STM32L0xx_HAL_Driver/Src/stm32l0xx_hal_flash_ex.c ****     pFlash.ErrorCode = HAL_FLASH_ERROR_NONE;
 587:Drivers/STM32L0xx_HAL_Driver/Src/stm32l0xx_hal_flash_ex.c **** 
 588:Drivers/STM32L0xx_HAL_Driver/Src/stm32l0xx_hal_flash_ex.c ****     /* program PCRop */
 589:Drivers/STM32L0xx_HAL_Driver/Src/stm32l0xx_hal_flash_ex.c ****     OB->RDP = tmp2;
 590:Drivers/STM32L0xx_HAL_Driver/Src/stm32l0xx_hal_flash_ex.c ****     
 591:Drivers/STM32L0xx_HAL_Driver/Src/stm32l0xx_hal_flash_ex.c ****     /* Wait for last operation to be completed */
 592:Drivers/STM32L0xx_HAL_Driver/Src/stm32l0xx_hal_flash_ex.c ****     status = FLASH_WaitForLastOperation(FLASH_TIMEOUT_VALUE);
 593:Drivers/STM32L0xx_HAL_Driver/Src/stm32l0xx_hal_flash_ex.c ****   }
 594:Drivers/STM32L0xx_HAL_Driver/Src/stm32l0xx_hal_flash_ex.c ****   
 595:Drivers/STM32L0xx_HAL_Driver/Src/stm32l0xx_hal_flash_ex.c ****   /* Return the Read protection operation Status */
 596:Drivers/STM32L0xx_HAL_Driver/Src/stm32l0xx_hal_flash_ex.c ****   return status;            
 597:Drivers/STM32L0xx_HAL_Driver/Src/stm32l0xx_hal_flash_ex.c **** }
 598:Drivers/STM32L0xx_HAL_Driver/Src/stm32l0xx_hal_flash_ex.c **** 
 599:Drivers/STM32L0xx_HAL_Driver/Src/stm32l0xx_hal_flash_ex.c **** #endif /* FLASH_OPTR_WPRMOD */
 600:Drivers/STM32L0xx_HAL_Driver/Src/stm32l0xx_hal_flash_ex.c **** 
 601:Drivers/STM32L0xx_HAL_Driver/Src/stm32l0xx_hal_flash_ex.c **** /**
 602:Drivers/STM32L0xx_HAL_Driver/Src/stm32l0xx_hal_flash_ex.c ****   * @}
 603:Drivers/STM32L0xx_HAL_Driver/Src/stm32l0xx_hal_flash_ex.c ****   */
ARM GAS  /var/folders/d7/pb3dkhys6j3db_qtp_8v34p80000gn/T//cct8i6sf.s 			page 12


 604:Drivers/STM32L0xx_HAL_Driver/Src/stm32l0xx_hal_flash_ex.c **** 
 605:Drivers/STM32L0xx_HAL_Driver/Src/stm32l0xx_hal_flash_ex.c **** /** @defgroup FLASHEx_Exported_Functions_Group3 DATA EEPROM Programming functions
 606:Drivers/STM32L0xx_HAL_Driver/Src/stm32l0xx_hal_flash_ex.c ****  *  @brief   DATA EEPROM Programming functions
 607:Drivers/STM32L0xx_HAL_Driver/Src/stm32l0xx_hal_flash_ex.c ****  *
 608:Drivers/STM32L0xx_HAL_Driver/Src/stm32l0xx_hal_flash_ex.c **** @verbatim   
 609:Drivers/STM32L0xx_HAL_Driver/Src/stm32l0xx_hal_flash_ex.c ****  ===============================================================================
 610:Drivers/STM32L0xx_HAL_Driver/Src/stm32l0xx_hal_flash_ex.c ****                      ##### DATA EEPROM Programming functions ##### 
 611:Drivers/STM32L0xx_HAL_Driver/Src/stm32l0xx_hal_flash_ex.c ****  ===============================================================================  
 612:Drivers/STM32L0xx_HAL_Driver/Src/stm32l0xx_hal_flash_ex.c ****  
 613:Drivers/STM32L0xx_HAL_Driver/Src/stm32l0xx_hal_flash_ex.c ****     [..] Any operation of erase or program should follow these steps:
 614:Drivers/STM32L0xx_HAL_Driver/Src/stm32l0xx_hal_flash_ex.c ****     (#) Call the HAL_FLASHEx_DATAEEPROM_Unlock() function to enable the data EEPROM access
 615:Drivers/STM32L0xx_HAL_Driver/Src/stm32l0xx_hal_flash_ex.c ****         and Flash program erase control register access.
 616:Drivers/STM32L0xx_HAL_Driver/Src/stm32l0xx_hal_flash_ex.c ****     (#) Call the desired function to erase or program data.
 617:Drivers/STM32L0xx_HAL_Driver/Src/stm32l0xx_hal_flash_ex.c ****     (#) Call the HAL_FLASHEx_DATAEEPROM_Lock() to disable the data EEPROM access
 618:Drivers/STM32L0xx_HAL_Driver/Src/stm32l0xx_hal_flash_ex.c ****         and Flash program erase control register access(recommended
 619:Drivers/STM32L0xx_HAL_Driver/Src/stm32l0xx_hal_flash_ex.c ****         to protect the DATA_EEPROM against possible unwanted operation).
 620:Drivers/STM32L0xx_HAL_Driver/Src/stm32l0xx_hal_flash_ex.c **** 
 621:Drivers/STM32L0xx_HAL_Driver/Src/stm32l0xx_hal_flash_ex.c **** @endverbatim
 622:Drivers/STM32L0xx_HAL_Driver/Src/stm32l0xx_hal_flash_ex.c ****   * @{
 623:Drivers/STM32L0xx_HAL_Driver/Src/stm32l0xx_hal_flash_ex.c ****   */
 624:Drivers/STM32L0xx_HAL_Driver/Src/stm32l0xx_hal_flash_ex.c **** 
 625:Drivers/STM32L0xx_HAL_Driver/Src/stm32l0xx_hal_flash_ex.c **** /**
 626:Drivers/STM32L0xx_HAL_Driver/Src/stm32l0xx_hal_flash_ex.c ****   * @brief  Unlocks the data memory and FLASH_PECR register access.
 627:Drivers/STM32L0xx_HAL_Driver/Src/stm32l0xx_hal_flash_ex.c ****   * @retval HAL_StatusTypeDef HAL Status
 628:Drivers/STM32L0xx_HAL_Driver/Src/stm32l0xx_hal_flash_ex.c ****   */
 629:Drivers/STM32L0xx_HAL_Driver/Src/stm32l0xx_hal_flash_ex.c **** HAL_StatusTypeDef HAL_FLASHEx_DATAEEPROM_Unlock(void)
 630:Drivers/STM32L0xx_HAL_Driver/Src/stm32l0xx_hal_flash_ex.c **** {
 631:Drivers/STM32L0xx_HAL_Driver/Src/stm32l0xx_hal_flash_ex.c ****   uint32_t primask_bit;
 632:Drivers/STM32L0xx_HAL_Driver/Src/stm32l0xx_hal_flash_ex.c **** 
 633:Drivers/STM32L0xx_HAL_Driver/Src/stm32l0xx_hal_flash_ex.c ****   if((FLASH->PECR & FLASH_PECR_PELOCK) != RESET)
 634:Drivers/STM32L0xx_HAL_Driver/Src/stm32l0xx_hal_flash_ex.c ****   {  
 635:Drivers/STM32L0xx_HAL_Driver/Src/stm32l0xx_hal_flash_ex.c ****     /* Disable interrupts to avoid any interruption during unlock sequence */
 636:Drivers/STM32L0xx_HAL_Driver/Src/stm32l0xx_hal_flash_ex.c ****     primask_bit = __get_PRIMASK();
 637:Drivers/STM32L0xx_HAL_Driver/Src/stm32l0xx_hal_flash_ex.c ****     __disable_irq();
 638:Drivers/STM32L0xx_HAL_Driver/Src/stm32l0xx_hal_flash_ex.c **** 
 639:Drivers/STM32L0xx_HAL_Driver/Src/stm32l0xx_hal_flash_ex.c ****     /* Unlocking the Data memory and FLASH_PECR register access*/
 640:Drivers/STM32L0xx_HAL_Driver/Src/stm32l0xx_hal_flash_ex.c ****     FLASH->PEKEYR = FLASH_PEKEY1;
 641:Drivers/STM32L0xx_HAL_Driver/Src/stm32l0xx_hal_flash_ex.c ****     FLASH->PEKEYR = FLASH_PEKEY2;
 642:Drivers/STM32L0xx_HAL_Driver/Src/stm32l0xx_hal_flash_ex.c **** 
 643:Drivers/STM32L0xx_HAL_Driver/Src/stm32l0xx_hal_flash_ex.c ****     /* Re-enable the interrupts: restore previous priority mask */
 644:Drivers/STM32L0xx_HAL_Driver/Src/stm32l0xx_hal_flash_ex.c ****     __set_PRIMASK(primask_bit);
 645:Drivers/STM32L0xx_HAL_Driver/Src/stm32l0xx_hal_flash_ex.c **** 
 646:Drivers/STM32L0xx_HAL_Driver/Src/stm32l0xx_hal_flash_ex.c ****     if((FLASH->PECR & FLASH_PECR_PELOCK) != RESET)
 647:Drivers/STM32L0xx_HAL_Driver/Src/stm32l0xx_hal_flash_ex.c ****     {
 648:Drivers/STM32L0xx_HAL_Driver/Src/stm32l0xx_hal_flash_ex.c ****       return HAL_ERROR;
 649:Drivers/STM32L0xx_HAL_Driver/Src/stm32l0xx_hal_flash_ex.c ****     }
 650:Drivers/STM32L0xx_HAL_Driver/Src/stm32l0xx_hal_flash_ex.c ****   }
 651:Drivers/STM32L0xx_HAL_Driver/Src/stm32l0xx_hal_flash_ex.c **** 
 652:Drivers/STM32L0xx_HAL_Driver/Src/stm32l0xx_hal_flash_ex.c ****   return HAL_OK;  
 653:Drivers/STM32L0xx_HAL_Driver/Src/stm32l0xx_hal_flash_ex.c **** }
 654:Drivers/STM32L0xx_HAL_Driver/Src/stm32l0xx_hal_flash_ex.c **** 
 655:Drivers/STM32L0xx_HAL_Driver/Src/stm32l0xx_hal_flash_ex.c **** /**
 656:Drivers/STM32L0xx_HAL_Driver/Src/stm32l0xx_hal_flash_ex.c ****   * @brief  Locks the Data memory and FLASH_PECR register access.
 657:Drivers/STM32L0xx_HAL_Driver/Src/stm32l0xx_hal_flash_ex.c ****   * @retval HAL_StatusTypeDef HAL Status
 658:Drivers/STM32L0xx_HAL_Driver/Src/stm32l0xx_hal_flash_ex.c ****   */
 659:Drivers/STM32L0xx_HAL_Driver/Src/stm32l0xx_hal_flash_ex.c **** HAL_StatusTypeDef HAL_FLASHEx_DATAEEPROM_Lock(void)
 660:Drivers/STM32L0xx_HAL_Driver/Src/stm32l0xx_hal_flash_ex.c **** {
ARM GAS  /var/folders/d7/pb3dkhys6j3db_qtp_8v34p80000gn/T//cct8i6sf.s 			page 13


 661:Drivers/STM32L0xx_HAL_Driver/Src/stm32l0xx_hal_flash_ex.c ****   /* Set the PELOCK Bit to lock the data memory and FLASH_PECR register access */
 662:Drivers/STM32L0xx_HAL_Driver/Src/stm32l0xx_hal_flash_ex.c ****   SET_BIT(FLASH->PECR, FLASH_PECR_PELOCK);
 663:Drivers/STM32L0xx_HAL_Driver/Src/stm32l0xx_hal_flash_ex.c ****   
 664:Drivers/STM32L0xx_HAL_Driver/Src/stm32l0xx_hal_flash_ex.c ****   return HAL_OK;
 665:Drivers/STM32L0xx_HAL_Driver/Src/stm32l0xx_hal_flash_ex.c **** }
 666:Drivers/STM32L0xx_HAL_Driver/Src/stm32l0xx_hal_flash_ex.c **** 
 667:Drivers/STM32L0xx_HAL_Driver/Src/stm32l0xx_hal_flash_ex.c **** /**
 668:Drivers/STM32L0xx_HAL_Driver/Src/stm32l0xx_hal_flash_ex.c ****   * @brief  Erase a word in data memory.
 669:Drivers/STM32L0xx_HAL_Driver/Src/stm32l0xx_hal_flash_ex.c ****   * @param  Address specifies the address to be erased.
 670:Drivers/STM32L0xx_HAL_Driver/Src/stm32l0xx_hal_flash_ex.c ****   * @note   To correctly run this function, the @ref HAL_FLASHEx_DATAEEPROM_Unlock() function
 671:Drivers/STM32L0xx_HAL_Driver/Src/stm32l0xx_hal_flash_ex.c ****   *         must be called before.
 672:Drivers/STM32L0xx_HAL_Driver/Src/stm32l0xx_hal_flash_ex.c ****   *         Call the @ref HAL_FLASHEx_DATAEEPROM_Lock() to the data EEPROM access
 673:Drivers/STM32L0xx_HAL_Driver/Src/stm32l0xx_hal_flash_ex.c ****   *         and Flash program erase control register access(recommended to protect 
 674:Drivers/STM32L0xx_HAL_Driver/Src/stm32l0xx_hal_flash_ex.c ****   *         the DATA_EEPROM against possible unwanted operation).
 675:Drivers/STM32L0xx_HAL_Driver/Src/stm32l0xx_hal_flash_ex.c ****   * @retval HAL_StatusTypeDef HAL Status
 676:Drivers/STM32L0xx_HAL_Driver/Src/stm32l0xx_hal_flash_ex.c ****   */
 677:Drivers/STM32L0xx_HAL_Driver/Src/stm32l0xx_hal_flash_ex.c **** HAL_StatusTypeDef HAL_FLASHEx_DATAEEPROM_Erase(uint32_t Address)
 678:Drivers/STM32L0xx_HAL_Driver/Src/stm32l0xx_hal_flash_ex.c **** {
 679:Drivers/STM32L0xx_HAL_Driver/Src/stm32l0xx_hal_flash_ex.c ****   HAL_StatusTypeDef status = HAL_OK;
 680:Drivers/STM32L0xx_HAL_Driver/Src/stm32l0xx_hal_flash_ex.c ****   
 681:Drivers/STM32L0xx_HAL_Driver/Src/stm32l0xx_hal_flash_ex.c ****   /* Check the parameters */
 682:Drivers/STM32L0xx_HAL_Driver/Src/stm32l0xx_hal_flash_ex.c ****   assert_param(IS_FLASH_DATA_ADDRESS(Address));
 683:Drivers/STM32L0xx_HAL_Driver/Src/stm32l0xx_hal_flash_ex.c ****   
 684:Drivers/STM32L0xx_HAL_Driver/Src/stm32l0xx_hal_flash_ex.c ****   /* Wait for last operation to be completed */
 685:Drivers/STM32L0xx_HAL_Driver/Src/stm32l0xx_hal_flash_ex.c ****   status = FLASH_WaitForLastOperation(FLASH_TIMEOUT_VALUE);
 686:Drivers/STM32L0xx_HAL_Driver/Src/stm32l0xx_hal_flash_ex.c ****   
 687:Drivers/STM32L0xx_HAL_Driver/Src/stm32l0xx_hal_flash_ex.c ****   if(status == HAL_OK)
 688:Drivers/STM32L0xx_HAL_Driver/Src/stm32l0xx_hal_flash_ex.c ****   {
 689:Drivers/STM32L0xx_HAL_Driver/Src/stm32l0xx_hal_flash_ex.c ****     /* Clean the error context */
 690:Drivers/STM32L0xx_HAL_Driver/Src/stm32l0xx_hal_flash_ex.c ****     pFlash.ErrorCode = HAL_FLASH_ERROR_NONE;
 691:Drivers/STM32L0xx_HAL_Driver/Src/stm32l0xx_hal_flash_ex.c **** 
 692:Drivers/STM32L0xx_HAL_Driver/Src/stm32l0xx_hal_flash_ex.c ****       /* Write 00000000h to valid address in the data memory */
 693:Drivers/STM32L0xx_HAL_Driver/Src/stm32l0xx_hal_flash_ex.c ****       *(__IO uint32_t *) Address = 0x00000000U;
 694:Drivers/STM32L0xx_HAL_Driver/Src/stm32l0xx_hal_flash_ex.c **** 
 695:Drivers/STM32L0xx_HAL_Driver/Src/stm32l0xx_hal_flash_ex.c ****     status = FLASH_WaitForLastOperation(FLASH_TIMEOUT_VALUE);
 696:Drivers/STM32L0xx_HAL_Driver/Src/stm32l0xx_hal_flash_ex.c ****   }
 697:Drivers/STM32L0xx_HAL_Driver/Src/stm32l0xx_hal_flash_ex.c ****    
 698:Drivers/STM32L0xx_HAL_Driver/Src/stm32l0xx_hal_flash_ex.c ****   /* Return the erase status */
 699:Drivers/STM32L0xx_HAL_Driver/Src/stm32l0xx_hal_flash_ex.c ****   return status;
 700:Drivers/STM32L0xx_HAL_Driver/Src/stm32l0xx_hal_flash_ex.c **** }  
 701:Drivers/STM32L0xx_HAL_Driver/Src/stm32l0xx_hal_flash_ex.c **** 
 702:Drivers/STM32L0xx_HAL_Driver/Src/stm32l0xx_hal_flash_ex.c **** /**
 703:Drivers/STM32L0xx_HAL_Driver/Src/stm32l0xx_hal_flash_ex.c ****   * @brief  Program word at a specified address
 704:Drivers/STM32L0xx_HAL_Driver/Src/stm32l0xx_hal_flash_ex.c ****   * @note   To correctly run this function, the @ref HAL_FLASHEx_DATAEEPROM_Unlock() function
 705:Drivers/STM32L0xx_HAL_Driver/Src/stm32l0xx_hal_flash_ex.c ****   *         must be called before.
 706:Drivers/STM32L0xx_HAL_Driver/Src/stm32l0xx_hal_flash_ex.c ****   *         Call the @ref HAL_FLASHEx_DATAEEPROM_Unlock() to he data EEPROM access
 707:Drivers/STM32L0xx_HAL_Driver/Src/stm32l0xx_hal_flash_ex.c ****   *         and Flash program erase control register access(recommended to protect 
 708:Drivers/STM32L0xx_HAL_Driver/Src/stm32l0xx_hal_flash_ex.c ****   *         the DATA_EEPROM against possible unwanted operation).
 709:Drivers/STM32L0xx_HAL_Driver/Src/stm32l0xx_hal_flash_ex.c ****   * @note   The function @ref HAL_FLASHEx_DATAEEPROM_EnableFixedTimeProgram() can be called before 
 710:Drivers/STM32L0xx_HAL_Driver/Src/stm32l0xx_hal_flash_ex.c ****   *         this function to configure the Fixed Time Programming.
 711:Drivers/STM32L0xx_HAL_Driver/Src/stm32l0xx_hal_flash_ex.c ****   * @param  TypeProgram  Indicate the way to program at a specified address.
 712:Drivers/STM32L0xx_HAL_Driver/Src/stm32l0xx_hal_flash_ex.c ****   *         This parameter can be a value of @ref FLASHEx_Type_Program_Data
 713:Drivers/STM32L0xx_HAL_Driver/Src/stm32l0xx_hal_flash_ex.c ****   * @param  Address  specifie the address to be programmed.
 714:Drivers/STM32L0xx_HAL_Driver/Src/stm32l0xx_hal_flash_ex.c ****   * @param  Data     specifie the data to be programmed
 715:Drivers/STM32L0xx_HAL_Driver/Src/stm32l0xx_hal_flash_ex.c ****   * 
 716:Drivers/STM32L0xx_HAL_Driver/Src/stm32l0xx_hal_flash_ex.c ****   * @retval HAL_StatusTypeDef HAL Status
 717:Drivers/STM32L0xx_HAL_Driver/Src/stm32l0xx_hal_flash_ex.c ****   */
ARM GAS  /var/folders/d7/pb3dkhys6j3db_qtp_8v34p80000gn/T//cct8i6sf.s 			page 14


 718:Drivers/STM32L0xx_HAL_Driver/Src/stm32l0xx_hal_flash_ex.c **** 
 719:Drivers/STM32L0xx_HAL_Driver/Src/stm32l0xx_hal_flash_ex.c **** HAL_StatusTypeDef HAL_FLASHEx_DATAEEPROM_Program(uint32_t TypeProgram, uint32_t Address, uint32_t D
 720:Drivers/STM32L0xx_HAL_Driver/Src/stm32l0xx_hal_flash_ex.c **** {
 721:Drivers/STM32L0xx_HAL_Driver/Src/stm32l0xx_hal_flash_ex.c ****   HAL_StatusTypeDef status;
 722:Drivers/STM32L0xx_HAL_Driver/Src/stm32l0xx_hal_flash_ex.c ****   
 723:Drivers/STM32L0xx_HAL_Driver/Src/stm32l0xx_hal_flash_ex.c ****   /* Process Locked */
 724:Drivers/STM32L0xx_HAL_Driver/Src/stm32l0xx_hal_flash_ex.c ****   __HAL_LOCK(&pFlash);
 725:Drivers/STM32L0xx_HAL_Driver/Src/stm32l0xx_hal_flash_ex.c **** 
 726:Drivers/STM32L0xx_HAL_Driver/Src/stm32l0xx_hal_flash_ex.c ****   /* Check the parameters */
 727:Drivers/STM32L0xx_HAL_Driver/Src/stm32l0xx_hal_flash_ex.c ****   assert_param(IS_TYPEPROGRAMDATA(TypeProgram));
 728:Drivers/STM32L0xx_HAL_Driver/Src/stm32l0xx_hal_flash_ex.c ****   assert_param(IS_FLASH_DATA_ADDRESS(Address));
 729:Drivers/STM32L0xx_HAL_Driver/Src/stm32l0xx_hal_flash_ex.c **** 
 730:Drivers/STM32L0xx_HAL_Driver/Src/stm32l0xx_hal_flash_ex.c ****   /* Wait for last operation to be completed */
 731:Drivers/STM32L0xx_HAL_Driver/Src/stm32l0xx_hal_flash_ex.c ****   status = FLASH_WaitForLastOperation(FLASH_TIMEOUT_VALUE);
 732:Drivers/STM32L0xx_HAL_Driver/Src/stm32l0xx_hal_flash_ex.c **** 
 733:Drivers/STM32L0xx_HAL_Driver/Src/stm32l0xx_hal_flash_ex.c ****   if(status == HAL_OK)
 734:Drivers/STM32L0xx_HAL_Driver/Src/stm32l0xx_hal_flash_ex.c ****   {
 735:Drivers/STM32L0xx_HAL_Driver/Src/stm32l0xx_hal_flash_ex.c ****     /* Clean the error context */
 736:Drivers/STM32L0xx_HAL_Driver/Src/stm32l0xx_hal_flash_ex.c ****     pFlash.ErrorCode = HAL_FLASH_ERROR_NONE;
 737:Drivers/STM32L0xx_HAL_Driver/Src/stm32l0xx_hal_flash_ex.c **** 
 738:Drivers/STM32L0xx_HAL_Driver/Src/stm32l0xx_hal_flash_ex.c ****     if(TypeProgram == FLASH_TYPEPROGRAMDATA_WORD)
 739:Drivers/STM32L0xx_HAL_Driver/Src/stm32l0xx_hal_flash_ex.c ****     {
 740:Drivers/STM32L0xx_HAL_Driver/Src/stm32l0xx_hal_flash_ex.c ****       /* Program word (32-bit) at a specified address.*/
 741:Drivers/STM32L0xx_HAL_Driver/Src/stm32l0xx_hal_flash_ex.c ****       *(__IO uint32_t *)Address = Data;
 742:Drivers/STM32L0xx_HAL_Driver/Src/stm32l0xx_hal_flash_ex.c ****     }
 743:Drivers/STM32L0xx_HAL_Driver/Src/stm32l0xx_hal_flash_ex.c ****     else if(TypeProgram == FLASH_TYPEPROGRAMDATA_HALFWORD)
 744:Drivers/STM32L0xx_HAL_Driver/Src/stm32l0xx_hal_flash_ex.c ****     {
 745:Drivers/STM32L0xx_HAL_Driver/Src/stm32l0xx_hal_flash_ex.c ****       /* Program halfword (16-bit) at a specified address.*/
 746:Drivers/STM32L0xx_HAL_Driver/Src/stm32l0xx_hal_flash_ex.c ****       *(__IO uint16_t *)Address = (uint16_t) Data;
 747:Drivers/STM32L0xx_HAL_Driver/Src/stm32l0xx_hal_flash_ex.c ****     }
 748:Drivers/STM32L0xx_HAL_Driver/Src/stm32l0xx_hal_flash_ex.c ****     else if(TypeProgram == FLASH_TYPEPROGRAMDATA_BYTE)
 749:Drivers/STM32L0xx_HAL_Driver/Src/stm32l0xx_hal_flash_ex.c ****     {
 750:Drivers/STM32L0xx_HAL_Driver/Src/stm32l0xx_hal_flash_ex.c ****       /* Program byte (8-bit) at a specified address.*/
 751:Drivers/STM32L0xx_HAL_Driver/Src/stm32l0xx_hal_flash_ex.c ****       *(__IO uint8_t *)Address = (uint8_t) Data;
 752:Drivers/STM32L0xx_HAL_Driver/Src/stm32l0xx_hal_flash_ex.c ****     }
 753:Drivers/STM32L0xx_HAL_Driver/Src/stm32l0xx_hal_flash_ex.c ****     else
 754:Drivers/STM32L0xx_HAL_Driver/Src/stm32l0xx_hal_flash_ex.c ****     {
 755:Drivers/STM32L0xx_HAL_Driver/Src/stm32l0xx_hal_flash_ex.c ****       status = HAL_ERROR;
 756:Drivers/STM32L0xx_HAL_Driver/Src/stm32l0xx_hal_flash_ex.c ****     }
 757:Drivers/STM32L0xx_HAL_Driver/Src/stm32l0xx_hal_flash_ex.c **** 
 758:Drivers/STM32L0xx_HAL_Driver/Src/stm32l0xx_hal_flash_ex.c ****     if (status == HAL_OK)
 759:Drivers/STM32L0xx_HAL_Driver/Src/stm32l0xx_hal_flash_ex.c ****     {
 760:Drivers/STM32L0xx_HAL_Driver/Src/stm32l0xx_hal_flash_ex.c ****       /* Wait for last operation to be completed */
 761:Drivers/STM32L0xx_HAL_Driver/Src/stm32l0xx_hal_flash_ex.c ****       status = FLASH_WaitForLastOperation(FLASH_TIMEOUT_VALUE);
 762:Drivers/STM32L0xx_HAL_Driver/Src/stm32l0xx_hal_flash_ex.c ****     }
 763:Drivers/STM32L0xx_HAL_Driver/Src/stm32l0xx_hal_flash_ex.c ****   }
 764:Drivers/STM32L0xx_HAL_Driver/Src/stm32l0xx_hal_flash_ex.c **** 
 765:Drivers/STM32L0xx_HAL_Driver/Src/stm32l0xx_hal_flash_ex.c ****   /* Process Unlocked */
 766:Drivers/STM32L0xx_HAL_Driver/Src/stm32l0xx_hal_flash_ex.c ****   __HAL_UNLOCK(&pFlash);
 767:Drivers/STM32L0xx_HAL_Driver/Src/stm32l0xx_hal_flash_ex.c **** 
 768:Drivers/STM32L0xx_HAL_Driver/Src/stm32l0xx_hal_flash_ex.c ****   return status;
 769:Drivers/STM32L0xx_HAL_Driver/Src/stm32l0xx_hal_flash_ex.c **** }
 770:Drivers/STM32L0xx_HAL_Driver/Src/stm32l0xx_hal_flash_ex.c **** 
 771:Drivers/STM32L0xx_HAL_Driver/Src/stm32l0xx_hal_flash_ex.c **** /**
 772:Drivers/STM32L0xx_HAL_Driver/Src/stm32l0xx_hal_flash_ex.c ****   * @brief  Enable DATA EEPROM fixed Time programming (2*Tprog).
 773:Drivers/STM32L0xx_HAL_Driver/Src/stm32l0xx_hal_flash_ex.c ****   * @retval None
 774:Drivers/STM32L0xx_HAL_Driver/Src/stm32l0xx_hal_flash_ex.c ****   */
ARM GAS  /var/folders/d7/pb3dkhys6j3db_qtp_8v34p80000gn/T//cct8i6sf.s 			page 15


 775:Drivers/STM32L0xx_HAL_Driver/Src/stm32l0xx_hal_flash_ex.c **** void HAL_FLASHEx_DATAEEPROM_EnableFixedTimeProgram(void)
 776:Drivers/STM32L0xx_HAL_Driver/Src/stm32l0xx_hal_flash_ex.c **** {
 777:Drivers/STM32L0xx_HAL_Driver/Src/stm32l0xx_hal_flash_ex.c ****   SET_BIT(FLASH->PECR, FLASH_PECR_FIX);
 778:Drivers/STM32L0xx_HAL_Driver/Src/stm32l0xx_hal_flash_ex.c **** }
 779:Drivers/STM32L0xx_HAL_Driver/Src/stm32l0xx_hal_flash_ex.c **** 
 780:Drivers/STM32L0xx_HAL_Driver/Src/stm32l0xx_hal_flash_ex.c **** /**
 781:Drivers/STM32L0xx_HAL_Driver/Src/stm32l0xx_hal_flash_ex.c ****   * @brief  Disables DATA EEPROM fixed Time programming (2*Tprog).
 782:Drivers/STM32L0xx_HAL_Driver/Src/stm32l0xx_hal_flash_ex.c ****   * @retval None
 783:Drivers/STM32L0xx_HAL_Driver/Src/stm32l0xx_hal_flash_ex.c ****   */
 784:Drivers/STM32L0xx_HAL_Driver/Src/stm32l0xx_hal_flash_ex.c **** void HAL_FLASHEx_DATAEEPROM_DisableFixedTimeProgram(void)
 785:Drivers/STM32L0xx_HAL_Driver/Src/stm32l0xx_hal_flash_ex.c **** {
 786:Drivers/STM32L0xx_HAL_Driver/Src/stm32l0xx_hal_flash_ex.c ****   CLEAR_BIT(FLASH->PECR, FLASH_PECR_FIX);
 787:Drivers/STM32L0xx_HAL_Driver/Src/stm32l0xx_hal_flash_ex.c **** }
 788:Drivers/STM32L0xx_HAL_Driver/Src/stm32l0xx_hal_flash_ex.c **** 
 789:Drivers/STM32L0xx_HAL_Driver/Src/stm32l0xx_hal_flash_ex.c **** /**
 790:Drivers/STM32L0xx_HAL_Driver/Src/stm32l0xx_hal_flash_ex.c ****   * @}
 791:Drivers/STM32L0xx_HAL_Driver/Src/stm32l0xx_hal_flash_ex.c ****   */
 792:Drivers/STM32L0xx_HAL_Driver/Src/stm32l0xx_hal_flash_ex.c **** 
 793:Drivers/STM32L0xx_HAL_Driver/Src/stm32l0xx_hal_flash_ex.c **** /**
 794:Drivers/STM32L0xx_HAL_Driver/Src/stm32l0xx_hal_flash_ex.c ****   * @}
 795:Drivers/STM32L0xx_HAL_Driver/Src/stm32l0xx_hal_flash_ex.c ****   */
 796:Drivers/STM32L0xx_HAL_Driver/Src/stm32l0xx_hal_flash_ex.c **** 
 797:Drivers/STM32L0xx_HAL_Driver/Src/stm32l0xx_hal_flash_ex.c **** /** @addtogroup FLASHEx_Private_Functions
 798:Drivers/STM32L0xx_HAL_Driver/Src/stm32l0xx_hal_flash_ex.c ****  * @{
 799:Drivers/STM32L0xx_HAL_Driver/Src/stm32l0xx_hal_flash_ex.c ****  */
 800:Drivers/STM32L0xx_HAL_Driver/Src/stm32l0xx_hal_flash_ex.c **** 
 801:Drivers/STM32L0xx_HAL_Driver/Src/stm32l0xx_hal_flash_ex.c **** /*
 802:Drivers/STM32L0xx_HAL_Driver/Src/stm32l0xx_hal_flash_ex.c **** ==============================================================================
 803:Drivers/STM32L0xx_HAL_Driver/Src/stm32l0xx_hal_flash_ex.c ****               OPTIONS BYTES
 804:Drivers/STM32L0xx_HAL_Driver/Src/stm32l0xx_hal_flash_ex.c **** ==============================================================================
 805:Drivers/STM32L0xx_HAL_Driver/Src/stm32l0xx_hal_flash_ex.c **** */
 806:Drivers/STM32L0xx_HAL_Driver/Src/stm32l0xx_hal_flash_ex.c **** /**
 807:Drivers/STM32L0xx_HAL_Driver/Src/stm32l0xx_hal_flash_ex.c ****   * @brief  Enables or disables the read out protection.
 808:Drivers/STM32L0xx_HAL_Driver/Src/stm32l0xx_hal_flash_ex.c ****   * @note   To correctly run this function, the @ref HAL_FLASH_OB_Unlock() function
 809:Drivers/STM32L0xx_HAL_Driver/Src/stm32l0xx_hal_flash_ex.c ****   *         must be called before.
 810:Drivers/STM32L0xx_HAL_Driver/Src/stm32l0xx_hal_flash_ex.c ****   * @param  OB_RDP specifies the read protection level. 
 811:Drivers/STM32L0xx_HAL_Driver/Src/stm32l0xx_hal_flash_ex.c ****   *   This parameter can be:
 812:Drivers/STM32L0xx_HAL_Driver/Src/stm32l0xx_hal_flash_ex.c ****   *     @arg @ref OB_RDP_LEVEL_0 No protection
 813:Drivers/STM32L0xx_HAL_Driver/Src/stm32l0xx_hal_flash_ex.c ****   *     @arg @ref OB_RDP_LEVEL_1 Read protection of the memory
 814:Drivers/STM32L0xx_HAL_Driver/Src/stm32l0xx_hal_flash_ex.c ****   *     @arg @ref OB_RDP_LEVEL_2 Chip protection
 815:Drivers/STM32L0xx_HAL_Driver/Src/stm32l0xx_hal_flash_ex.c ****   * 
 816:Drivers/STM32L0xx_HAL_Driver/Src/stm32l0xx_hal_flash_ex.c ****   *  !!!Warning!!! When enabling OB_RDP_LEVEL_2 it's no more possible to go back to level 1 or 0
 817:Drivers/STM32L0xx_HAL_Driver/Src/stm32l0xx_hal_flash_ex.c ****   *   
 818:Drivers/STM32L0xx_HAL_Driver/Src/stm32l0xx_hal_flash_ex.c ****   * @retval HAL status
 819:Drivers/STM32L0xx_HAL_Driver/Src/stm32l0xx_hal_flash_ex.c ****   */
 820:Drivers/STM32L0xx_HAL_Driver/Src/stm32l0xx_hal_flash_ex.c **** static HAL_StatusTypeDef FLASH_OB_RDPConfig(uint8_t OB_RDP)
 821:Drivers/STM32L0xx_HAL_Driver/Src/stm32l0xx_hal_flash_ex.c **** {
 822:Drivers/STM32L0xx_HAL_Driver/Src/stm32l0xx_hal_flash_ex.c ****   HAL_StatusTypeDef status = HAL_OK;
 823:Drivers/STM32L0xx_HAL_Driver/Src/stm32l0xx_hal_flash_ex.c ****   uint32_t tmp1, tmp2;
 824:Drivers/STM32L0xx_HAL_Driver/Src/stm32l0xx_hal_flash_ex.c **** 
 825:Drivers/STM32L0xx_HAL_Driver/Src/stm32l0xx_hal_flash_ex.c ****   /* Check the parameters */
 826:Drivers/STM32L0xx_HAL_Driver/Src/stm32l0xx_hal_flash_ex.c ****   assert_param(IS_OB_RDP(OB_RDP));
 827:Drivers/STM32L0xx_HAL_Driver/Src/stm32l0xx_hal_flash_ex.c **** 
 828:Drivers/STM32L0xx_HAL_Driver/Src/stm32l0xx_hal_flash_ex.c ****   tmp1 = (uint32_t)(OB->RDP & ((~FLASH_OPTR_RDPROT) & 0x0000FFFF));
 829:Drivers/STM32L0xx_HAL_Driver/Src/stm32l0xx_hal_flash_ex.c **** 
 830:Drivers/STM32L0xx_HAL_Driver/Src/stm32l0xx_hal_flash_ex.c ****   /* Calculate the option byte to write */
 831:Drivers/STM32L0xx_HAL_Driver/Src/stm32l0xx_hal_flash_ex.c ****   tmp1 |= (uint32_t)(OB_RDP);
ARM GAS  /var/folders/d7/pb3dkhys6j3db_qtp_8v34p80000gn/T//cct8i6sf.s 			page 16


 832:Drivers/STM32L0xx_HAL_Driver/Src/stm32l0xx_hal_flash_ex.c ****   tmp2 = (uint32_t)(((uint32_t)((uint32_t)(~tmp1) << 16U)) | tmp1);
 833:Drivers/STM32L0xx_HAL_Driver/Src/stm32l0xx_hal_flash_ex.c **** 
 834:Drivers/STM32L0xx_HAL_Driver/Src/stm32l0xx_hal_flash_ex.c ****   /* Wait for last operation to be completed */
 835:Drivers/STM32L0xx_HAL_Driver/Src/stm32l0xx_hal_flash_ex.c ****   status = FLASH_WaitForLastOperation(FLASH_TIMEOUT_VALUE);
 836:Drivers/STM32L0xx_HAL_Driver/Src/stm32l0xx_hal_flash_ex.c **** 
 837:Drivers/STM32L0xx_HAL_Driver/Src/stm32l0xx_hal_flash_ex.c ****   if(status == HAL_OK)
 838:Drivers/STM32L0xx_HAL_Driver/Src/stm32l0xx_hal_flash_ex.c ****   {
 839:Drivers/STM32L0xx_HAL_Driver/Src/stm32l0xx_hal_flash_ex.c ****     /* Clean the error context */
 840:Drivers/STM32L0xx_HAL_Driver/Src/stm32l0xx_hal_flash_ex.c ****     pFlash.ErrorCode = HAL_FLASH_ERROR_NONE;
 841:Drivers/STM32L0xx_HAL_Driver/Src/stm32l0xx_hal_flash_ex.c **** 
 842:Drivers/STM32L0xx_HAL_Driver/Src/stm32l0xx_hal_flash_ex.c ****     /* program read protection level */
 843:Drivers/STM32L0xx_HAL_Driver/Src/stm32l0xx_hal_flash_ex.c ****     OB->RDP = tmp2;
 844:Drivers/STM32L0xx_HAL_Driver/Src/stm32l0xx_hal_flash_ex.c **** 
 845:Drivers/STM32L0xx_HAL_Driver/Src/stm32l0xx_hal_flash_ex.c ****     /* Wait for last operation to be completed */
 846:Drivers/STM32L0xx_HAL_Driver/Src/stm32l0xx_hal_flash_ex.c ****     status = FLASH_WaitForLastOperation(FLASH_TIMEOUT_VALUE);
 847:Drivers/STM32L0xx_HAL_Driver/Src/stm32l0xx_hal_flash_ex.c ****   }
 848:Drivers/STM32L0xx_HAL_Driver/Src/stm32l0xx_hal_flash_ex.c **** 
 849:Drivers/STM32L0xx_HAL_Driver/Src/stm32l0xx_hal_flash_ex.c ****   /* Return the Read protection operation Status */
 850:Drivers/STM32L0xx_HAL_Driver/Src/stm32l0xx_hal_flash_ex.c ****   return status;
 851:Drivers/STM32L0xx_HAL_Driver/Src/stm32l0xx_hal_flash_ex.c **** }
 852:Drivers/STM32L0xx_HAL_Driver/Src/stm32l0xx_hal_flash_ex.c **** 
 853:Drivers/STM32L0xx_HAL_Driver/Src/stm32l0xx_hal_flash_ex.c **** /**
 854:Drivers/STM32L0xx_HAL_Driver/Src/stm32l0xx_hal_flash_ex.c ****   * @brief  Programs the FLASH brownout reset threshold level Option Byte.
 855:Drivers/STM32L0xx_HAL_Driver/Src/stm32l0xx_hal_flash_ex.c ****   * @param  OB_BOR Selects the brownout reset threshold level.
 856:Drivers/STM32L0xx_HAL_Driver/Src/stm32l0xx_hal_flash_ex.c ****   *   This parameter can be one of the following values:
 857:Drivers/STM32L0xx_HAL_Driver/Src/stm32l0xx_hal_flash_ex.c ****   *     @arg @ref OB_BOR_OFF BOR is disabled at power down, the reset is asserted when the VDD 
 858:Drivers/STM32L0xx_HAL_Driver/Src/stm32l0xx_hal_flash_ex.c ****   *                      power supply reaches the PDR(Power Down Reset) threshold (1.5V)
 859:Drivers/STM32L0xx_HAL_Driver/Src/stm32l0xx_hal_flash_ex.c ****   *     @arg @ref OB_BOR_LEVEL1 BOR Reset threshold levels for 1.7V - 1.8V VDD power supply
 860:Drivers/STM32L0xx_HAL_Driver/Src/stm32l0xx_hal_flash_ex.c ****   *     @arg @ref OB_BOR_LEVEL2 BOR Reset threshold levels for 1.9V - 2.0V VDD power supply
 861:Drivers/STM32L0xx_HAL_Driver/Src/stm32l0xx_hal_flash_ex.c ****   *     @arg @ref OB_BOR_LEVEL3 BOR Reset threshold levels for 2.3V - 2.4V VDD power supply
 862:Drivers/STM32L0xx_HAL_Driver/Src/stm32l0xx_hal_flash_ex.c ****   *     @arg @ref OB_BOR_LEVEL4 BOR Reset threshold levels for 2.55V - 2.65V VDD power supply
 863:Drivers/STM32L0xx_HAL_Driver/Src/stm32l0xx_hal_flash_ex.c ****   *     @arg @ref OB_BOR_LEVEL5 BOR Reset threshold levels for 2.8V - 2.9V VDD power supply
 864:Drivers/STM32L0xx_HAL_Driver/Src/stm32l0xx_hal_flash_ex.c ****   * @retval HAL status
 865:Drivers/STM32L0xx_HAL_Driver/Src/stm32l0xx_hal_flash_ex.c ****   */
 866:Drivers/STM32L0xx_HAL_Driver/Src/stm32l0xx_hal_flash_ex.c **** static HAL_StatusTypeDef FLASH_OB_BORConfig(uint8_t OB_BOR)
 867:Drivers/STM32L0xx_HAL_Driver/Src/stm32l0xx_hal_flash_ex.c **** {
 868:Drivers/STM32L0xx_HAL_Driver/Src/stm32l0xx_hal_flash_ex.c ****   HAL_StatusTypeDef status = HAL_OK;
 869:Drivers/STM32L0xx_HAL_Driver/Src/stm32l0xx_hal_flash_ex.c ****   uint32_t tmp = 0, tmp1 = 0;
 870:Drivers/STM32L0xx_HAL_Driver/Src/stm32l0xx_hal_flash_ex.c **** 
 871:Drivers/STM32L0xx_HAL_Driver/Src/stm32l0xx_hal_flash_ex.c ****   /* Check the parameters */
 872:Drivers/STM32L0xx_HAL_Driver/Src/stm32l0xx_hal_flash_ex.c ****   assert_param(IS_OB_BOR_LEVEL(OB_BOR));
 873:Drivers/STM32L0xx_HAL_Driver/Src/stm32l0xx_hal_flash_ex.c **** 
 874:Drivers/STM32L0xx_HAL_Driver/Src/stm32l0xx_hal_flash_ex.c ****   /* Get the User Option byte register */
 875:Drivers/STM32L0xx_HAL_Driver/Src/stm32l0xx_hal_flash_ex.c ****   tmp1 = OB->USER & ((~FLASH_OPTR_BOR_LEV) >> 16U);
 876:Drivers/STM32L0xx_HAL_Driver/Src/stm32l0xx_hal_flash_ex.c **** 
 877:Drivers/STM32L0xx_HAL_Driver/Src/stm32l0xx_hal_flash_ex.c ****   /* Calculate the option byte to write - [0xFF | nUSER | 0x00 | USER]*/
 878:Drivers/STM32L0xx_HAL_Driver/Src/stm32l0xx_hal_flash_ex.c ****   tmp = (uint32_t)~((OB_BOR | tmp1)) << 16U;
 879:Drivers/STM32L0xx_HAL_Driver/Src/stm32l0xx_hal_flash_ex.c ****   tmp |= (OB_BOR | tmp1);
 880:Drivers/STM32L0xx_HAL_Driver/Src/stm32l0xx_hal_flash_ex.c ****     
 881:Drivers/STM32L0xx_HAL_Driver/Src/stm32l0xx_hal_flash_ex.c ****   /* Wait for last operation to be completed */
 882:Drivers/STM32L0xx_HAL_Driver/Src/stm32l0xx_hal_flash_ex.c ****   status = FLASH_WaitForLastOperation(FLASH_TIMEOUT_VALUE);
 883:Drivers/STM32L0xx_HAL_Driver/Src/stm32l0xx_hal_flash_ex.c ****   
 884:Drivers/STM32L0xx_HAL_Driver/Src/stm32l0xx_hal_flash_ex.c ****   if(status == HAL_OK)
 885:Drivers/STM32L0xx_HAL_Driver/Src/stm32l0xx_hal_flash_ex.c ****   {  
 886:Drivers/STM32L0xx_HAL_Driver/Src/stm32l0xx_hal_flash_ex.c ****     /* Clean the error context */
 887:Drivers/STM32L0xx_HAL_Driver/Src/stm32l0xx_hal_flash_ex.c ****     pFlash.ErrorCode = HAL_FLASH_ERROR_NONE;
 888:Drivers/STM32L0xx_HAL_Driver/Src/stm32l0xx_hal_flash_ex.c **** 
ARM GAS  /var/folders/d7/pb3dkhys6j3db_qtp_8v34p80000gn/T//cct8i6sf.s 			page 17


 889:Drivers/STM32L0xx_HAL_Driver/Src/stm32l0xx_hal_flash_ex.c ****     /* Write the BOR Option Byte */            
 890:Drivers/STM32L0xx_HAL_Driver/Src/stm32l0xx_hal_flash_ex.c ****     OB->USER = tmp;
 891:Drivers/STM32L0xx_HAL_Driver/Src/stm32l0xx_hal_flash_ex.c **** 
 892:Drivers/STM32L0xx_HAL_Driver/Src/stm32l0xx_hal_flash_ex.c ****     /* Wait for last operation to be completed */
 893:Drivers/STM32L0xx_HAL_Driver/Src/stm32l0xx_hal_flash_ex.c ****     status = FLASH_WaitForLastOperation(FLASH_TIMEOUT_VALUE);
 894:Drivers/STM32L0xx_HAL_Driver/Src/stm32l0xx_hal_flash_ex.c ****   }
 895:Drivers/STM32L0xx_HAL_Driver/Src/stm32l0xx_hal_flash_ex.c ****   
 896:Drivers/STM32L0xx_HAL_Driver/Src/stm32l0xx_hal_flash_ex.c ****   /* Return the Option Byte BOR programming Status */
 897:Drivers/STM32L0xx_HAL_Driver/Src/stm32l0xx_hal_flash_ex.c ****   return status;
 898:Drivers/STM32L0xx_HAL_Driver/Src/stm32l0xx_hal_flash_ex.c **** }
 899:Drivers/STM32L0xx_HAL_Driver/Src/stm32l0xx_hal_flash_ex.c **** 
 900:Drivers/STM32L0xx_HAL_Driver/Src/stm32l0xx_hal_flash_ex.c **** /**
 901:Drivers/STM32L0xx_HAL_Driver/Src/stm32l0xx_hal_flash_ex.c ****   * @brief  Sets or resets the BOOT bit1 option bit.
 902:Drivers/STM32L0xx_HAL_Driver/Src/stm32l0xx_hal_flash_ex.c ****   * @param  OB_BootBit1 Set or Reset the BOOT bit1 option bit.
 903:Drivers/STM32L0xx_HAL_Driver/Src/stm32l0xx_hal_flash_ex.c ****   *          This parameter can be one of the following values:
 904:Drivers/STM32L0xx_HAL_Driver/Src/stm32l0xx_hal_flash_ex.c ****   *             @arg @ref OB_BOOT_BIT1_RESET BOOT1 option bit reset
 905:Drivers/STM32L0xx_HAL_Driver/Src/stm32l0xx_hal_flash_ex.c ****   *             @arg @ref OB_BOOT_BIT1_SET BOOT1 option bit set
 906:Drivers/STM32L0xx_HAL_Driver/Src/stm32l0xx_hal_flash_ex.c ****   * @retval HAL status
 907:Drivers/STM32L0xx_HAL_Driver/Src/stm32l0xx_hal_flash_ex.c ****   */
 908:Drivers/STM32L0xx_HAL_Driver/Src/stm32l0xx_hal_flash_ex.c **** static HAL_StatusTypeDef  FLASH_OB_BOOTBit1Config(uint8_t OB_BootBit1)
 909:Drivers/STM32L0xx_HAL_Driver/Src/stm32l0xx_hal_flash_ex.c **** {
 910:Drivers/STM32L0xx_HAL_Driver/Src/stm32l0xx_hal_flash_ex.c ****   HAL_StatusTypeDef status = HAL_OK; 
 911:Drivers/STM32L0xx_HAL_Driver/Src/stm32l0xx_hal_flash_ex.c ****   uint32_t tmp = 0, tmp1 = 0, OB_Bits = ((uint32_t) OB_BootBit1) << 15;
 912:Drivers/STM32L0xx_HAL_Driver/Src/stm32l0xx_hal_flash_ex.c **** 
 913:Drivers/STM32L0xx_HAL_Driver/Src/stm32l0xx_hal_flash_ex.c ****   /* Check the parameters */
 914:Drivers/STM32L0xx_HAL_Driver/Src/stm32l0xx_hal_flash_ex.c ****   assert_param(IS_OB_BOOT1(OB_BootBit1));
 915:Drivers/STM32L0xx_HAL_Driver/Src/stm32l0xx_hal_flash_ex.c **** 
 916:Drivers/STM32L0xx_HAL_Driver/Src/stm32l0xx_hal_flash_ex.c ****   /* Get the User Option byte register */
 917:Drivers/STM32L0xx_HAL_Driver/Src/stm32l0xx_hal_flash_ex.c ****   tmp1 = OB->USER & ((~FLASH_OPTR_BOOT1) >> 16U);
 918:Drivers/STM32L0xx_HAL_Driver/Src/stm32l0xx_hal_flash_ex.c **** 
 919:Drivers/STM32L0xx_HAL_Driver/Src/stm32l0xx_hal_flash_ex.c ****   /* Calculate the user option byte to write */ 
 920:Drivers/STM32L0xx_HAL_Driver/Src/stm32l0xx_hal_flash_ex.c ****   tmp = (~(OB_Bits | tmp1)) << 16U;
 921:Drivers/STM32L0xx_HAL_Driver/Src/stm32l0xx_hal_flash_ex.c ****   tmp |= OB_Bits | tmp1;
 922:Drivers/STM32L0xx_HAL_Driver/Src/stm32l0xx_hal_flash_ex.c ****     
 923:Drivers/STM32L0xx_HAL_Driver/Src/stm32l0xx_hal_flash_ex.c ****   /* Wait for last operation to be completed */
 924:Drivers/STM32L0xx_HAL_Driver/Src/stm32l0xx_hal_flash_ex.c ****   status = FLASH_WaitForLastOperation(FLASH_TIMEOUT_VALUE);
 925:Drivers/STM32L0xx_HAL_Driver/Src/stm32l0xx_hal_flash_ex.c ****   
 926:Drivers/STM32L0xx_HAL_Driver/Src/stm32l0xx_hal_flash_ex.c ****   if(status == HAL_OK)
 927:Drivers/STM32L0xx_HAL_Driver/Src/stm32l0xx_hal_flash_ex.c ****   {  
 928:Drivers/STM32L0xx_HAL_Driver/Src/stm32l0xx_hal_flash_ex.c ****     /* Clean the error context */
 929:Drivers/STM32L0xx_HAL_Driver/Src/stm32l0xx_hal_flash_ex.c ****     pFlash.ErrorCode = HAL_FLASH_ERROR_NONE;
 930:Drivers/STM32L0xx_HAL_Driver/Src/stm32l0xx_hal_flash_ex.c ****     /* Program OB */
 931:Drivers/STM32L0xx_HAL_Driver/Src/stm32l0xx_hal_flash_ex.c ****     OB->USER = tmp; 
 932:Drivers/STM32L0xx_HAL_Driver/Src/stm32l0xx_hal_flash_ex.c ****     /* Wait for last operation to be completed */
 933:Drivers/STM32L0xx_HAL_Driver/Src/stm32l0xx_hal_flash_ex.c ****     status = FLASH_WaitForLastOperation(FLASH_TIMEOUT_VALUE);
 934:Drivers/STM32L0xx_HAL_Driver/Src/stm32l0xx_hal_flash_ex.c ****   }
 935:Drivers/STM32L0xx_HAL_Driver/Src/stm32l0xx_hal_flash_ex.c **** 
 936:Drivers/STM32L0xx_HAL_Driver/Src/stm32l0xx_hal_flash_ex.c ****   return status;
 937:Drivers/STM32L0xx_HAL_Driver/Src/stm32l0xx_hal_flash_ex.c **** }
 938:Drivers/STM32L0xx_HAL_Driver/Src/stm32l0xx_hal_flash_ex.c **** 
 939:Drivers/STM32L0xx_HAL_Driver/Src/stm32l0xx_hal_flash_ex.c **** /**
 940:Drivers/STM32L0xx_HAL_Driver/Src/stm32l0xx_hal_flash_ex.c ****   * @brief  Returns the FLASH User Option Bytes values.
 941:Drivers/STM32L0xx_HAL_Driver/Src/stm32l0xx_hal_flash_ex.c ****   * @retval The FLASH User Option Bytes.
 942:Drivers/STM32L0xx_HAL_Driver/Src/stm32l0xx_hal_flash_ex.c ****   */
 943:Drivers/STM32L0xx_HAL_Driver/Src/stm32l0xx_hal_flash_ex.c **** static uint8_t FLASH_OB_GetUser(void)
 944:Drivers/STM32L0xx_HAL_Driver/Src/stm32l0xx_hal_flash_ex.c **** {
  26              		.loc 1 944 1 view -0
ARM GAS  /var/folders/d7/pb3dkhys6j3db_qtp_8v34p80000gn/T//cct8i6sf.s 			page 18


  27              		.cfi_startproc
  28              		@ args = 0, pretend = 0, frame = 0
  29              		@ frame_needed = 0, uses_anonymous_args = 0
  30              		@ link register save eliminated.
 945:Drivers/STM32L0xx_HAL_Driver/Src/stm32l0xx_hal_flash_ex.c ****   /* Return the User Option Byte */
 946:Drivers/STM32L0xx_HAL_Driver/Src/stm32l0xx_hal_flash_ex.c ****   return (uint8_t)((FLASH->OPTR & FLASH_OPTR_USER) >> 16U);
  31              		.loc 1 946 3 view .LVU1
  32              		.loc 1 946 26 is_stmt 0 view .LVU2
  33 0000 024B     		ldr	r3, .L2
  34 0002 DB69     		ldr	r3, [r3, #28]
  35              		.loc 1 946 52 view .LVU3
  36 0004 1B0C     		lsrs	r3, r3, #16
  37              		.loc 1 946 10 discriminator 1 view .LVU4
  38 0006 7020     		movs	r0, #112
  39 0008 1840     		ands	r0, r3
 947:Drivers/STM32L0xx_HAL_Driver/Src/stm32l0xx_hal_flash_ex.c **** }
  40              		.loc 1 947 1 view .LVU5
  41              		@ sp needed
  42 000a 7047     		bx	lr
  43              	.L3:
  44              		.align	2
  45              	.L2:
  46 000c 00200240 		.word	1073881088
  47              		.cfi_endproc
  48              	.LFE64:
  50              		.section	.text.FLASH_OB_GetRDP,"ax",%progbits
  51              		.align	1
  52              		.syntax unified
  53              		.code	16
  54              		.thumb_func
  56              	FLASH_OB_GetRDP:
  57              	.LFB65:
 948:Drivers/STM32L0xx_HAL_Driver/Src/stm32l0xx_hal_flash_ex.c **** 
 949:Drivers/STM32L0xx_HAL_Driver/Src/stm32l0xx_hal_flash_ex.c **** /**
 950:Drivers/STM32L0xx_HAL_Driver/Src/stm32l0xx_hal_flash_ex.c ****   * @brief  Returns the FLASH Read Protection level.
 951:Drivers/STM32L0xx_HAL_Driver/Src/stm32l0xx_hal_flash_ex.c ****   * @retval FLASH RDP level
 952:Drivers/STM32L0xx_HAL_Driver/Src/stm32l0xx_hal_flash_ex.c ****   *         This parameter can be one of the following values:
 953:Drivers/STM32L0xx_HAL_Driver/Src/stm32l0xx_hal_flash_ex.c ****   *            @arg @ref OB_RDP_LEVEL_0 No protection
 954:Drivers/STM32L0xx_HAL_Driver/Src/stm32l0xx_hal_flash_ex.c ****   *            @arg @ref OB_RDP_LEVEL_1 Read protection of the memory
 955:Drivers/STM32L0xx_HAL_Driver/Src/stm32l0xx_hal_flash_ex.c ****   *            @arg @ref OB_RDP_LEVEL_2 Full chip protection
 956:Drivers/STM32L0xx_HAL_Driver/Src/stm32l0xx_hal_flash_ex.c ****   */
 957:Drivers/STM32L0xx_HAL_Driver/Src/stm32l0xx_hal_flash_ex.c **** static uint8_t FLASH_OB_GetRDP(void)
 958:Drivers/STM32L0xx_HAL_Driver/Src/stm32l0xx_hal_flash_ex.c **** {
  58              		.loc 1 958 1 is_stmt 1 view -0
  59              		.cfi_startproc
  60              		@ args = 0, pretend = 0, frame = 0
  61              		@ frame_needed = 0, uses_anonymous_args = 0
  62              		@ link register save eliminated.
 959:Drivers/STM32L0xx_HAL_Driver/Src/stm32l0xx_hal_flash_ex.c ****   uint8_t rdp_level = READ_BIT(FLASH->OPTR, FLASH_OPTR_RDPROT);
  63              		.loc 1 959 3 view .LVU7
  64              		.loc 1 959 23 is_stmt 0 view .LVU8
  65 0000 044B     		ldr	r3, .L7
  66 0002 D869     		ldr	r0, [r3, #28]
  67              		.loc 1 959 11 view .LVU9
  68 0004 C0B2     		uxtb	r0, r0
  69              	.LVL0:
 960:Drivers/STM32L0xx_HAL_Driver/Src/stm32l0xx_hal_flash_ex.c **** 
ARM GAS  /var/folders/d7/pb3dkhys6j3db_qtp_8v34p80000gn/T//cct8i6sf.s 			page 19


 961:Drivers/STM32L0xx_HAL_Driver/Src/stm32l0xx_hal_flash_ex.c ****   if ((rdp_level != OB_RDP_LEVEL_0) && (rdp_level != OB_RDP_LEVEL_2))
  70              		.loc 1 961 3 is_stmt 1 view .LVU10
  71              		.loc 1 961 6 is_stmt 0 view .LVU11
  72 0006 AA28     		cmp	r0, #170
  73 0008 02D0     		beq	.L5
  74              		.loc 1 961 37 discriminator 1 view .LVU12
  75 000a CC28     		cmp	r0, #204
  76 000c 00D0     		beq	.L5
 962:Drivers/STM32L0xx_HAL_Driver/Src/stm32l0xx_hal_flash_ex.c ****   {
 963:Drivers/STM32L0xx_HAL_Driver/Src/stm32l0xx_hal_flash_ex.c ****     return (OB_RDP_LEVEL_1);
  77              		.loc 1 963 12 view .LVU13
  78 000e BB20     		movs	r0, #187
  79              	.LVL1:
  80              	.L5:
 964:Drivers/STM32L0xx_HAL_Driver/Src/stm32l0xx_hal_flash_ex.c ****   }
 965:Drivers/STM32L0xx_HAL_Driver/Src/stm32l0xx_hal_flash_ex.c ****   else
 966:Drivers/STM32L0xx_HAL_Driver/Src/stm32l0xx_hal_flash_ex.c ****   {
 967:Drivers/STM32L0xx_HAL_Driver/Src/stm32l0xx_hal_flash_ex.c ****     return rdp_level;
 968:Drivers/STM32L0xx_HAL_Driver/Src/stm32l0xx_hal_flash_ex.c ****   }
 969:Drivers/STM32L0xx_HAL_Driver/Src/stm32l0xx_hal_flash_ex.c **** }
  81              		.loc 1 969 1 view .LVU14
  82              		@ sp needed
  83 0010 7047     		bx	lr
  84              	.L8:
  85 0012 C046     		.align	2
  86              	.L7:
  87 0014 00200240 		.word	1073881088
  88              		.cfi_endproc
  89              	.LFE65:
  91              		.section	.text.FLASH_OB_GetBOR,"ax",%progbits
  92              		.align	1
  93              		.syntax unified
  94              		.code	16
  95              		.thumb_func
  97              	FLASH_OB_GetBOR:
  98              	.LFB66:
 970:Drivers/STM32L0xx_HAL_Driver/Src/stm32l0xx_hal_flash_ex.c **** 
 971:Drivers/STM32L0xx_HAL_Driver/Src/stm32l0xx_hal_flash_ex.c **** /**
 972:Drivers/STM32L0xx_HAL_Driver/Src/stm32l0xx_hal_flash_ex.c ****   * @brief  Returns the FLASH BOR level.
 973:Drivers/STM32L0xx_HAL_Driver/Src/stm32l0xx_hal_flash_ex.c ****   * @retval The BOR level Option Bytes.
 974:Drivers/STM32L0xx_HAL_Driver/Src/stm32l0xx_hal_flash_ex.c ****   */
 975:Drivers/STM32L0xx_HAL_Driver/Src/stm32l0xx_hal_flash_ex.c **** static uint8_t FLASH_OB_GetBOR(void)
 976:Drivers/STM32L0xx_HAL_Driver/Src/stm32l0xx_hal_flash_ex.c **** {
  99              		.loc 1 976 1 is_stmt 1 view -0
 100              		.cfi_startproc
 101              		@ args = 0, pretend = 0, frame = 0
 102              		@ frame_needed = 0, uses_anonymous_args = 0
 103              		@ link register save eliminated.
 977:Drivers/STM32L0xx_HAL_Driver/Src/stm32l0xx_hal_flash_ex.c ****   /* Return the BOR level */
 978:Drivers/STM32L0xx_HAL_Driver/Src/stm32l0xx_hal_flash_ex.c ****   return (uint8_t)((FLASH->OPTR & (uint32_t)FLASH_OPTR_BOR_LEV) >> 16U);
 104              		.loc 1 978 3 view .LVU16
 105              		.loc 1 978 26 is_stmt 0 view .LVU17
 106 0000 024B     		ldr	r3, .L10
 107 0002 DB69     		ldr	r3, [r3, #28]
 108              		.loc 1 978 65 view .LVU18
 109 0004 1B0C     		lsrs	r3, r3, #16
 110              		.loc 1 978 10 discriminator 1 view .LVU19
ARM GAS  /var/folders/d7/pb3dkhys6j3db_qtp_8v34p80000gn/T//cct8i6sf.s 			page 20


 111 0006 0F20     		movs	r0, #15
 112 0008 1840     		ands	r0, r3
 979:Drivers/STM32L0xx_HAL_Driver/Src/stm32l0xx_hal_flash_ex.c **** }
 113              		.loc 1 979 1 view .LVU20
 114              		@ sp needed
 115 000a 7047     		bx	lr
 116              	.L11:
 117              		.align	2
 118              	.L10:
 119 000c 00200240 		.word	1073881088
 120              		.cfi_endproc
 121              	.LFE66:
 123              		.section	.text.FLASH_OB_GetBOOTBit1,"ax",%progbits
 124              		.align	1
 125              		.syntax unified
 126              		.code	16
 127              		.thumb_func
 129              	FLASH_OB_GetBOOTBit1:
 130              	.LFB67:
 980:Drivers/STM32L0xx_HAL_Driver/Src/stm32l0xx_hal_flash_ex.c **** 
 981:Drivers/STM32L0xx_HAL_Driver/Src/stm32l0xx_hal_flash_ex.c **** /**
 982:Drivers/STM32L0xx_HAL_Driver/Src/stm32l0xx_hal_flash_ex.c ****   * @brief  Returns the FLASH BOOT bit1 value.
 983:Drivers/STM32L0xx_HAL_Driver/Src/stm32l0xx_hal_flash_ex.c ****   * @retval The BOOT bit 1 value Option Bytes.
 984:Drivers/STM32L0xx_HAL_Driver/Src/stm32l0xx_hal_flash_ex.c ****   */
 985:Drivers/STM32L0xx_HAL_Driver/Src/stm32l0xx_hal_flash_ex.c **** static uint8_t FLASH_OB_GetBOOTBit1(void)
 986:Drivers/STM32L0xx_HAL_Driver/Src/stm32l0xx_hal_flash_ex.c **** {
 131              		.loc 1 986 1 is_stmt 1 view -0
 132              		.cfi_startproc
 133              		@ args = 0, pretend = 0, frame = 0
 134              		@ frame_needed = 0, uses_anonymous_args = 0
 135              		@ link register save eliminated.
 987:Drivers/STM32L0xx_HAL_Driver/Src/stm32l0xx_hal_flash_ex.c ****   /* Return the BOR level */
 988:Drivers/STM32L0xx_HAL_Driver/Src/stm32l0xx_hal_flash_ex.c ****   return (FLASH->OPTR & FLASH_OPTR_BOOT1) >> FLASH_OPTR_BOOT1_Pos;
 136              		.loc 1 988 3 view .LVU22
 137              		.loc 1 988 16 is_stmt 0 view .LVU23
 138 0000 014B     		ldr	r3, .L13
 139 0002 D869     		ldr	r0, [r3, #28]
 140              		.loc 1 988 43 discriminator 1 view .LVU24
 141 0004 C00F     		lsrs	r0, r0, #31
 989:Drivers/STM32L0xx_HAL_Driver/Src/stm32l0xx_hal_flash_ex.c **** 
 990:Drivers/STM32L0xx_HAL_Driver/Src/stm32l0xx_hal_flash_ex.c **** }
 142              		.loc 1 990 1 view .LVU25
 143              		@ sp needed
 144 0006 7047     		bx	lr
 145              	.L14:
 146              		.align	2
 147              	.L13:
 148 0008 00200240 		.word	1073881088
 149              		.cfi_endproc
 150              	.LFE67:
 152              		.section	.text.FLASH_OB_GetWRP,"ax",%progbits
 153              		.align	1
 154              		.syntax unified
 155              		.code	16
 156              		.thumb_func
 158              	FLASH_OB_GetWRP:
 159              	.LFB68:
ARM GAS  /var/folders/d7/pb3dkhys6j3db_qtp_8v34p80000gn/T//cct8i6sf.s 			page 21


 991:Drivers/STM32L0xx_HAL_Driver/Src/stm32l0xx_hal_flash_ex.c **** 
 992:Drivers/STM32L0xx_HAL_Driver/Src/stm32l0xx_hal_flash_ex.c **** /**
 993:Drivers/STM32L0xx_HAL_Driver/Src/stm32l0xx_hal_flash_ex.c ****   * @brief  Returns the FLASH Write Protection Option Bytes value.
 994:Drivers/STM32L0xx_HAL_Driver/Src/stm32l0xx_hal_flash_ex.c ****   * @retval The FLASH Write Protection Option Bytes value.
 995:Drivers/STM32L0xx_HAL_Driver/Src/stm32l0xx_hal_flash_ex.c ****   */
 996:Drivers/STM32L0xx_HAL_Driver/Src/stm32l0xx_hal_flash_ex.c **** static uint32_t FLASH_OB_GetWRP(void)
 997:Drivers/STM32L0xx_HAL_Driver/Src/stm32l0xx_hal_flash_ex.c **** {
 160              		.loc 1 997 1 is_stmt 1 view -0
 161              		.cfi_startproc
 162              		@ args = 0, pretend = 0, frame = 0
 163              		@ frame_needed = 0, uses_anonymous_args = 0
 164              		@ link register save eliminated.
 998:Drivers/STM32L0xx_HAL_Driver/Src/stm32l0xx_hal_flash_ex.c ****   /* Return the FLASH write protection Register value */
 999:Drivers/STM32L0xx_HAL_Driver/Src/stm32l0xx_hal_flash_ex.c ****   return (uint32_t)(FLASH->WRPR);
 165              		.loc 1 999 3 view .LVU27
 166              		.loc 1 999 10 is_stmt 0 view .LVU28
 167 0000 014B     		ldr	r3, .L16
 168 0002 186A     		ldr	r0, [r3, #32]
1000:Drivers/STM32L0xx_HAL_Driver/Src/stm32l0xx_hal_flash_ex.c **** }
 169              		.loc 1 1000 1 view .LVU29
 170              		@ sp needed
 171 0004 7047     		bx	lr
 172              	.L17:
 173 0006 C046     		.align	2
 174              	.L16:
 175 0008 00200240 		.word	1073881088
 176              		.cfi_endproc
 177              	.LFE68:
 179              		.section	.text.FLASH_OB_ProtectedSectorsConfig,"ax",%progbits
 180              		.align	1
 181              		.syntax unified
 182              		.code	16
 183              		.thumb_func
 185              	FLASH_OB_ProtectedSectorsConfig:
 186              	.LVL2:
 187              	.LFB69:
1001:Drivers/STM32L0xx_HAL_Driver/Src/stm32l0xx_hal_flash_ex.c **** 
1002:Drivers/STM32L0xx_HAL_Driver/Src/stm32l0xx_hal_flash_ex.c **** #if defined(STM32L071xx) || defined(STM32L072xx) || defined(STM32L073xx) || defined(STM32L081xx) ||
1003:Drivers/STM32L0xx_HAL_Driver/Src/stm32l0xx_hal_flash_ex.c **** /**
1004:Drivers/STM32L0xx_HAL_Driver/Src/stm32l0xx_hal_flash_ex.c ****   * @brief  Returns the FLASH Write Protection Option Bytes value.
1005:Drivers/STM32L0xx_HAL_Driver/Src/stm32l0xx_hal_flash_ex.c ****   * @retval The FLASH Write Protection Option Bytes value.
1006:Drivers/STM32L0xx_HAL_Driver/Src/stm32l0xx_hal_flash_ex.c ****   */
1007:Drivers/STM32L0xx_HAL_Driver/Src/stm32l0xx_hal_flash_ex.c **** static uint32_t FLASH_OB_GetWRP2(void)
1008:Drivers/STM32L0xx_HAL_Driver/Src/stm32l0xx_hal_flash_ex.c **** {
1009:Drivers/STM32L0xx_HAL_Driver/Src/stm32l0xx_hal_flash_ex.c ****   /* Return the FLASH write protection Register value */
1010:Drivers/STM32L0xx_HAL_Driver/Src/stm32l0xx_hal_flash_ex.c ****   return (uint32_t)(FLASH->WRPR2);
1011:Drivers/STM32L0xx_HAL_Driver/Src/stm32l0xx_hal_flash_ex.c **** }
1012:Drivers/STM32L0xx_HAL_Driver/Src/stm32l0xx_hal_flash_ex.c **** #endif /* STM32L071xx || STM32L072xx || STM32L073xx || STM32L081xx || STM32L082xx || STM32L083xx */
1013:Drivers/STM32L0xx_HAL_Driver/Src/stm32l0xx_hal_flash_ex.c **** 
1014:Drivers/STM32L0xx_HAL_Driver/Src/stm32l0xx_hal_flash_ex.c **** #if defined(STM32L071xx) || defined(STM32L072xx) || defined(STM32L073xx) || defined(STM32L081xx) ||
1015:Drivers/STM32L0xx_HAL_Driver/Src/stm32l0xx_hal_flash_ex.c **** /**
1016:Drivers/STM32L0xx_HAL_Driver/Src/stm32l0xx_hal_flash_ex.c ****   * @brief  Write Option Byte of the desired pages of the Flash.
1017:Drivers/STM32L0xx_HAL_Driver/Src/stm32l0xx_hal_flash_ex.c ****   * @param  Sector specifies the sectors to be write protected.
1018:Drivers/STM32L0xx_HAL_Driver/Src/stm32l0xx_hal_flash_ex.c ****   * @param  Sector2 specifies the sectors to be write protected (only stm32l07xxx and stm32l08xxx d
1019:Drivers/STM32L0xx_HAL_Driver/Src/stm32l0xx_hal_flash_ex.c ****   * @param  NewState new state of the specified FLASH Pages Write protection.
1020:Drivers/STM32L0xx_HAL_Driver/Src/stm32l0xx_hal_flash_ex.c ****   *   This parameter can be: 
1021:Drivers/STM32L0xx_HAL_Driver/Src/stm32l0xx_hal_flash_ex.c ****   *        @arg @ref OB_WRPSTATE_ENABLE
ARM GAS  /var/folders/d7/pb3dkhys6j3db_qtp_8v34p80000gn/T//cct8i6sf.s 			page 22


1022:Drivers/STM32L0xx_HAL_Driver/Src/stm32l0xx_hal_flash_ex.c ****   *        @arg @ref OB_WRPSTATE_DISABLE
1023:Drivers/STM32L0xx_HAL_Driver/Src/stm32l0xx_hal_flash_ex.c ****   * @retval HAL_StatusTypeDef
1024:Drivers/STM32L0xx_HAL_Driver/Src/stm32l0xx_hal_flash_ex.c ****   */
1025:Drivers/STM32L0xx_HAL_Driver/Src/stm32l0xx_hal_flash_ex.c **** static HAL_StatusTypeDef FLASH_OB_ProtectedSectorsConfig(uint32_t Sector, uint32_t Sector2, uint32_
1026:Drivers/STM32L0xx_HAL_Driver/Src/stm32l0xx_hal_flash_ex.c **** #else
1027:Drivers/STM32L0xx_HAL_Driver/Src/stm32l0xx_hal_flash_ex.c **** /**
1028:Drivers/STM32L0xx_HAL_Driver/Src/stm32l0xx_hal_flash_ex.c ****   * @brief  Write Option Byte of the desired pages of the Flash.
1029:Drivers/STM32L0xx_HAL_Driver/Src/stm32l0xx_hal_flash_ex.c ****   * @param  Sector specifies the sectors to be write protected.
1030:Drivers/STM32L0xx_HAL_Driver/Src/stm32l0xx_hal_flash_ex.c ****   * @param  NewState new state of the specified FLASH Pages Write protection.
1031:Drivers/STM32L0xx_HAL_Driver/Src/stm32l0xx_hal_flash_ex.c ****   *   This parameter can be: 
1032:Drivers/STM32L0xx_HAL_Driver/Src/stm32l0xx_hal_flash_ex.c ****   *        @arg @ref OB_WRPSTATE_ENABLE
1033:Drivers/STM32L0xx_HAL_Driver/Src/stm32l0xx_hal_flash_ex.c ****   *        @arg @ref OB_WRPSTATE_DISABLE
1034:Drivers/STM32L0xx_HAL_Driver/Src/stm32l0xx_hal_flash_ex.c ****   * @retval HAL_StatusTypeDef
1035:Drivers/STM32L0xx_HAL_Driver/Src/stm32l0xx_hal_flash_ex.c ****   */
1036:Drivers/STM32L0xx_HAL_Driver/Src/stm32l0xx_hal_flash_ex.c **** static HAL_StatusTypeDef FLASH_OB_ProtectedSectorsConfig(uint32_t Sector, uint32_t NewState)
1037:Drivers/STM32L0xx_HAL_Driver/Src/stm32l0xx_hal_flash_ex.c **** #endif
1038:Drivers/STM32L0xx_HAL_Driver/Src/stm32l0xx_hal_flash_ex.c **** {
 188              		.loc 1 1038 1 is_stmt 1 view -0
 189              		.cfi_startproc
 190              		@ args = 0, pretend = 0, frame = 0
 191              		@ frame_needed = 0, uses_anonymous_args = 0
 192              		.loc 1 1038 1 is_stmt 0 view .LVU31
 193 0000 70B5     		push	{r4, r5, r6, lr}
 194              	.LCFI0:
 195              		.cfi_def_cfa_offset 16
 196              		.cfi_offset 4, -16
 197              		.cfi_offset 5, -12
 198              		.cfi_offset 6, -8
 199              		.cfi_offset 14, -4
 200 0002 0500     		movs	r5, r0
 201 0004 0C00     		movs	r4, r1
1039:Drivers/STM32L0xx_HAL_Driver/Src/stm32l0xx_hal_flash_ex.c ****   HAL_StatusTypeDef status = HAL_OK;
 202              		.loc 1 1039 3 is_stmt 1 view .LVU32
 203              	.LVL3:
1040:Drivers/STM32L0xx_HAL_Driver/Src/stm32l0xx_hal_flash_ex.c ****   uint32_t WRP_Data = 0;
 204              		.loc 1 1040 3 view .LVU33
1041:Drivers/STM32L0xx_HAL_Driver/Src/stm32l0xx_hal_flash_ex.c ****   uint32_t OB_WRP = Sector;
 205              		.loc 1 1041 3 view .LVU34
1042:Drivers/STM32L0xx_HAL_Driver/Src/stm32l0xx_hal_flash_ex.c ****   
1043:Drivers/STM32L0xx_HAL_Driver/Src/stm32l0xx_hal_flash_ex.c ****   /* Wait for last operation to be completed */
1044:Drivers/STM32L0xx_HAL_Driver/Src/stm32l0xx_hal_flash_ex.c ****   status = FLASH_WaitForLastOperation(FLASH_TIMEOUT_VALUE);
 206              		.loc 1 1044 3 view .LVU35
 207              		.loc 1 1044 12 is_stmt 0 view .LVU36
 208 0006 1148     		ldr	r0, .L21
 209              	.LVL4:
 210              		.loc 1 1044 12 view .LVU37
 211 0008 FFF7FEFF 		bl	FLASH_WaitForLastOperation
 212              	.LVL5:
1045:Drivers/STM32L0xx_HAL_Driver/Src/stm32l0xx_hal_flash_ex.c ****  
1046:Drivers/STM32L0xx_HAL_Driver/Src/stm32l0xx_hal_flash_ex.c ****   if(status == HAL_OK)
 213              		.loc 1 1046 3 is_stmt 1 view .LVU38
 214              		.loc 1 1046 5 is_stmt 0 view .LVU39
 215 000c 0028     		cmp	r0, #0
 216 000e 10D1     		bne	.L19
1047:Drivers/STM32L0xx_HAL_Driver/Src/stm32l0xx_hal_flash_ex.c ****   {
1048:Drivers/STM32L0xx_HAL_Driver/Src/stm32l0xx_hal_flash_ex.c ****     /* Clean the error context */
1049:Drivers/STM32L0xx_HAL_Driver/Src/stm32l0xx_hal_flash_ex.c ****     pFlash.ErrorCode = HAL_FLASH_ERROR_NONE;
ARM GAS  /var/folders/d7/pb3dkhys6j3db_qtp_8v34p80000gn/T//cct8i6sf.s 			page 23


 217              		.loc 1 1049 5 is_stmt 1 view .LVU40
 218              		.loc 1 1049 22 is_stmt 0 view .LVU41
 219 0010 0F4B     		ldr	r3, .L21+4
 220 0012 0022     		movs	r2, #0
 221 0014 5A61     		str	r2, [r3, #20]
1050:Drivers/STM32L0xx_HAL_Driver/Src/stm32l0xx_hal_flash_ex.c **** 
1051:Drivers/STM32L0xx_HAL_Driver/Src/stm32l0xx_hal_flash_ex.c ****     /* Update WRP only if at least 1 selected sector */
1052:Drivers/STM32L0xx_HAL_Driver/Src/stm32l0xx_hal_flash_ex.c ****     if (OB_WRP != 0x00000000U)
 222              		.loc 1 1052 5 is_stmt 1 view .LVU42
 223              		.loc 1 1052 8 is_stmt 0 view .LVU43
 224 0016 002D     		cmp	r5, #0
 225 0018 0BD0     		beq	.L19
1053:Drivers/STM32L0xx_HAL_Driver/Src/stm32l0xx_hal_flash_ex.c ****     {
1054:Drivers/STM32L0xx_HAL_Driver/Src/stm32l0xx_hal_flash_ex.c ****       if ((OB_WRP & WRP_MASK_LOW) != 0x00000000U)
 226              		.loc 1 1054 7 is_stmt 1 view .LVU44
 227              		.loc 1 1054 19 is_stmt 0 view .LVU45
 228 001a 2B04     		lsls	r3, r5, #16
 229              		.loc 1 1054 10 view .LVU46
 230 001c 09D0     		beq	.L19
1055:Drivers/STM32L0xx_HAL_Driver/Src/stm32l0xx_hal_flash_ex.c ****       {
1056:Drivers/STM32L0xx_HAL_Driver/Src/stm32l0xx_hal_flash_ex.c ****         if (NewState != OB_WRPSTATE_DISABLE)
 231              		.loc 1 1056 9 is_stmt 1 view .LVU47
 232              		.loc 1 1056 12 is_stmt 0 view .LVU48
 233 001e 002C     		cmp	r4, #0
 234 0020 0BD0     		beq	.L20
1057:Drivers/STM32L0xx_HAL_Driver/Src/stm32l0xx_hal_flash_ex.c ****         {
1058:Drivers/STM32L0xx_HAL_Driver/Src/stm32l0xx_hal_flash_ex.c ****           WRP_Data = (uint16_t)(((OB_WRP & WRP_MASK_LOW) | OB->WRP01));
 235              		.loc 1 1058 11 is_stmt 1 view .LVU49
 236              		.loc 1 1058 62 is_stmt 0 view .LVU50
 237 0022 0C49     		ldr	r1, .L21+8
 238 0024 8B68     		ldr	r3, [r1, #8]
 239              		.loc 1 1058 22 view .LVU51
 240 0026 2B43     		orrs	r3, r5
 241 0028 9BB2     		uxth	r3, r3
 242              	.LVL6:
1059:Drivers/STM32L0xx_HAL_Driver/Src/stm32l0xx_hal_flash_ex.c ****           OB->WRP01 = (uint32_t)(~(WRP_Data) << 16U) | (WRP_Data);
 243              		.loc 1 1059 11 is_stmt 1 view .LVU52
 244              		.loc 1 1059 34 is_stmt 0 view .LVU53
 245 002a DA43     		mvns	r2, r3
 246              		.loc 1 1059 23 view .LVU54
 247 002c 1204     		lsls	r2, r2, #16
 248              		.loc 1 1059 54 view .LVU55
 249 002e 1343     		orrs	r3, r2
 250              	.LVL7:
 251              		.loc 1 1059 21 view .LVU56
 252 0030 8B60     		str	r3, [r1, #8]
 253              	.LVL8:
 254              	.L19:
1060:Drivers/STM32L0xx_HAL_Driver/Src/stm32l0xx_hal_flash_ex.c ****         }             
1061:Drivers/STM32L0xx_HAL_Driver/Src/stm32l0xx_hal_flash_ex.c ****         else
1062:Drivers/STM32L0xx_HAL_Driver/Src/stm32l0xx_hal_flash_ex.c ****         {
1063:Drivers/STM32L0xx_HAL_Driver/Src/stm32l0xx_hal_flash_ex.c ****           WRP_Data = (uint16_t)(~OB_WRP & (WRP_MASK_LOW & OB->WRP01));
1064:Drivers/STM32L0xx_HAL_Driver/Src/stm32l0xx_hal_flash_ex.c ****           OB->WRP01 =  (uint32_t)((~WRP_Data) << 16U) | (WRP_Data);
1065:Drivers/STM32L0xx_HAL_Driver/Src/stm32l0xx_hal_flash_ex.c ****         }
1066:Drivers/STM32L0xx_HAL_Driver/Src/stm32l0xx_hal_flash_ex.c ****       }
1067:Drivers/STM32L0xx_HAL_Driver/Src/stm32l0xx_hal_flash_ex.c ****     }
1068:Drivers/STM32L0xx_HAL_Driver/Src/stm32l0xx_hal_flash_ex.c **** #if defined(STM32L071xx) || defined(STM32L072xx) || defined(STM32L073xx) || defined(STM32L081xx) ||
ARM GAS  /var/folders/d7/pb3dkhys6j3db_qtp_8v34p80000gn/T//cct8i6sf.s 			page 24


1069:Drivers/STM32L0xx_HAL_Driver/Src/stm32l0xx_hal_flash_ex.c ****     /* Update WRP only if at least 1 selected sector */
1070:Drivers/STM32L0xx_HAL_Driver/Src/stm32l0xx_hal_flash_ex.c ****     if (OB_WRP != 0x00000000U)
1071:Drivers/STM32L0xx_HAL_Driver/Src/stm32l0xx_hal_flash_ex.c ****     {
1072:Drivers/STM32L0xx_HAL_Driver/Src/stm32l0xx_hal_flash_ex.c ****       if ((OB_WRP & WRP_MASK_HIGH) != 0x00000000U)
1073:Drivers/STM32L0xx_HAL_Driver/Src/stm32l0xx_hal_flash_ex.c ****       {
1074:Drivers/STM32L0xx_HAL_Driver/Src/stm32l0xx_hal_flash_ex.c ****         if (NewState != OB_WRPSTATE_DISABLE)
1075:Drivers/STM32L0xx_HAL_Driver/Src/stm32l0xx_hal_flash_ex.c ****         {
1076:Drivers/STM32L0xx_HAL_Driver/Src/stm32l0xx_hal_flash_ex.c ****           WRP_Data = (uint16_t)((((OB_WRP & WRP_MASK_HIGH) >> 16U | OB->WRP23))); 
1077:Drivers/STM32L0xx_HAL_Driver/Src/stm32l0xx_hal_flash_ex.c ****           OB->WRP23 = (uint32_t)(~(WRP_Data) << 16U) | (WRP_Data);
1078:Drivers/STM32L0xx_HAL_Driver/Src/stm32l0xx_hal_flash_ex.c ****         }             
1079:Drivers/STM32L0xx_HAL_Driver/Src/stm32l0xx_hal_flash_ex.c ****         else
1080:Drivers/STM32L0xx_HAL_Driver/Src/stm32l0xx_hal_flash_ex.c ****         {
1081:Drivers/STM32L0xx_HAL_Driver/Src/stm32l0xx_hal_flash_ex.c ****           WRP_Data = (uint16_t)((((~OB_WRP & WRP_MASK_HIGH) >> 16U & OB->WRP23))); 
1082:Drivers/STM32L0xx_HAL_Driver/Src/stm32l0xx_hal_flash_ex.c ****           OB->WRP23 = (uint32_t)((~WRP_Data) << 16U) | (WRP_Data);
1083:Drivers/STM32L0xx_HAL_Driver/Src/stm32l0xx_hal_flash_ex.c ****         } 
1084:Drivers/STM32L0xx_HAL_Driver/Src/stm32l0xx_hal_flash_ex.c ****       }
1085:Drivers/STM32L0xx_HAL_Driver/Src/stm32l0xx_hal_flash_ex.c ****     }
1086:Drivers/STM32L0xx_HAL_Driver/Src/stm32l0xx_hal_flash_ex.c **** 
1087:Drivers/STM32L0xx_HAL_Driver/Src/stm32l0xx_hal_flash_ex.c ****     OB_WRP = Sector2;
1088:Drivers/STM32L0xx_HAL_Driver/Src/stm32l0xx_hal_flash_ex.c ****     /* Update WRP only if at least 1 selected sector */
1089:Drivers/STM32L0xx_HAL_Driver/Src/stm32l0xx_hal_flash_ex.c ****     if (OB_WRP != 0x00000000U)
1090:Drivers/STM32L0xx_HAL_Driver/Src/stm32l0xx_hal_flash_ex.c ****     {
1091:Drivers/STM32L0xx_HAL_Driver/Src/stm32l0xx_hal_flash_ex.c ****       if ((OB_WRP & WRP_MASK_LOW) != 0x00000000U)
1092:Drivers/STM32L0xx_HAL_Driver/Src/stm32l0xx_hal_flash_ex.c ****       {
1093:Drivers/STM32L0xx_HAL_Driver/Src/stm32l0xx_hal_flash_ex.c ****         if (NewState != OB_WRPSTATE_DISABLE)
1094:Drivers/STM32L0xx_HAL_Driver/Src/stm32l0xx_hal_flash_ex.c ****         {
1095:Drivers/STM32L0xx_HAL_Driver/Src/stm32l0xx_hal_flash_ex.c ****           WRP_Data = (uint16_t)(((OB_WRP & WRP_MASK_LOW) | OB->WRP45));
1096:Drivers/STM32L0xx_HAL_Driver/Src/stm32l0xx_hal_flash_ex.c ****           OB->WRP45 =(uint32_t)(~(WRP_Data) << 16U) | (WRP_Data);
1097:Drivers/STM32L0xx_HAL_Driver/Src/stm32l0xx_hal_flash_ex.c ****         }             
1098:Drivers/STM32L0xx_HAL_Driver/Src/stm32l0xx_hal_flash_ex.c ****         else
1099:Drivers/STM32L0xx_HAL_Driver/Src/stm32l0xx_hal_flash_ex.c ****         {
1100:Drivers/STM32L0xx_HAL_Driver/Src/stm32l0xx_hal_flash_ex.c ****           WRP_Data = (uint16_t)(~OB_WRP & (WRP_MASK_LOW & OB->WRP45));
1101:Drivers/STM32L0xx_HAL_Driver/Src/stm32l0xx_hal_flash_ex.c ****           OB->WRP45 = (uint32_t)((~WRP_Data) << 16U) | (WRP_Data);
1102:Drivers/STM32L0xx_HAL_Driver/Src/stm32l0xx_hal_flash_ex.c ****         }
1103:Drivers/STM32L0xx_HAL_Driver/Src/stm32l0xx_hal_flash_ex.c ****       }
1104:Drivers/STM32L0xx_HAL_Driver/Src/stm32l0xx_hal_flash_ex.c ****     }
1105:Drivers/STM32L0xx_HAL_Driver/Src/stm32l0xx_hal_flash_ex.c **** #endif /* STM32L071xx || STM32L072xx || STM32L073xx || STM32L081xx || STM32L082xx || STM32L083xx */
1106:Drivers/STM32L0xx_HAL_Driver/Src/stm32l0xx_hal_flash_ex.c ****   }
1107:Drivers/STM32L0xx_HAL_Driver/Src/stm32l0xx_hal_flash_ex.c ****   /* Wait for last operation to be completed */
1108:Drivers/STM32L0xx_HAL_Driver/Src/stm32l0xx_hal_flash_ex.c ****   status = FLASH_WaitForLastOperation(FLASH_TIMEOUT_VALUE);
 255              		.loc 1 1108 3 is_stmt 1 view .LVU57
 256              		.loc 1 1108 12 is_stmt 0 view .LVU58
 257 0032 0648     		ldr	r0, .L21
 258              	.LVL9:
 259              		.loc 1 1108 12 view .LVU59
 260 0034 FFF7FEFF 		bl	FLASH_WaitForLastOperation
 261              	.LVL10:
1109:Drivers/STM32L0xx_HAL_Driver/Src/stm32l0xx_hal_flash_ex.c **** 
1110:Drivers/STM32L0xx_HAL_Driver/Src/stm32l0xx_hal_flash_ex.c ****   /* Return the write protection operation Status */
1111:Drivers/STM32L0xx_HAL_Driver/Src/stm32l0xx_hal_flash_ex.c ****   return status;      
 262              		.loc 1 1111 3 is_stmt 1 view .LVU60
1112:Drivers/STM32L0xx_HAL_Driver/Src/stm32l0xx_hal_flash_ex.c **** }
 263              		.loc 1 1112 1 is_stmt 0 view .LVU61
 264              		@ sp needed
 265              	.LVL11:
 266              	.LVL12:
 267              		.loc 1 1112 1 view .LVU62
ARM GAS  /var/folders/d7/pb3dkhys6j3db_qtp_8v34p80000gn/T//cct8i6sf.s 			page 25


 268 0038 70BD     		pop	{r4, r5, r6, pc}
 269              	.LVL13:
 270              	.L20:
1063:Drivers/STM32L0xx_HAL_Driver/Src/stm32l0xx_hal_flash_ex.c ****           OB->WRP01 =  (uint32_t)((~WRP_Data) << 16U) | (WRP_Data);
 271              		.loc 1 1063 11 is_stmt 1 view .LVU63
1063:Drivers/STM32L0xx_HAL_Driver/Src/stm32l0xx_hal_flash_ex.c ****           OB->WRP01 =  (uint32_t)((~WRP_Data) << 16U) | (WRP_Data);
 272              		.loc 1 1063 61 is_stmt 0 view .LVU64
 273 003a 0649     		ldr	r1, .L21+8
 274 003c 8B68     		ldr	r3, [r1, #8]
1063:Drivers/STM32L0xx_HAL_Driver/Src/stm32l0xx_hal_flash_ex.c ****           OB->WRP01 =  (uint32_t)((~WRP_Data) << 16U) | (WRP_Data);
 275              		.loc 1 1063 22 view .LVU65
 276 003e AB43     		bics	r3, r5
 277 0040 9BB2     		uxth	r3, r3
 278              	.LVL14:
1064:Drivers/STM32L0xx_HAL_Driver/Src/stm32l0xx_hal_flash_ex.c ****         }
 279              		.loc 1 1064 11 is_stmt 1 view .LVU66
1064:Drivers/STM32L0xx_HAL_Driver/Src/stm32l0xx_hal_flash_ex.c ****         }
 280              		.loc 1 1064 36 is_stmt 0 view .LVU67
 281 0042 DA43     		mvns	r2, r3
1064:Drivers/STM32L0xx_HAL_Driver/Src/stm32l0xx_hal_flash_ex.c ****         }
 282              		.loc 1 1064 24 view .LVU68
 283 0044 1204     		lsls	r2, r2, #16
1064:Drivers/STM32L0xx_HAL_Driver/Src/stm32l0xx_hal_flash_ex.c ****         }
 284              		.loc 1 1064 55 view .LVU69
 285 0046 1343     		orrs	r3, r2
 286              	.LVL15:
1064:Drivers/STM32L0xx_HAL_Driver/Src/stm32l0xx_hal_flash_ex.c ****         }
 287              		.loc 1 1064 21 view .LVU70
 288 0048 8B60     		str	r3, [r1, #8]
 289 004a F2E7     		b	.L19
 290              	.L22:
 291              		.align	2
 292              	.L21:
 293 004c 50C30000 		.word	50000
 294 0050 00000000 		.word	pFlash
 295 0054 0000F81F 		.word	536346624
 296              		.cfi_endproc
 297              	.LFE69:
 299              		.section	.text.FLASH_OB_RDPConfig,"ax",%progbits
 300              		.align	1
 301              		.syntax unified
 302              		.code	16
 303              		.thumb_func
 305              	FLASH_OB_RDPConfig:
 306              	.LVL16:
 307              	.LFB61:
 821:Drivers/STM32L0xx_HAL_Driver/Src/stm32l0xx_hal_flash_ex.c ****   HAL_StatusTypeDef status = HAL_OK;
 308              		.loc 1 821 1 is_stmt 1 view -0
 309              		.cfi_startproc
 310              		@ args = 0, pretend = 0, frame = 0
 311              		@ frame_needed = 0, uses_anonymous_args = 0
 821:Drivers/STM32L0xx_HAL_Driver/Src/stm32l0xx_hal_flash_ex.c ****   HAL_StatusTypeDef status = HAL_OK;
 312              		.loc 1 821 1 is_stmt 0 view .LVU72
 313 0000 10B5     		push	{r4, lr}
 314              	.LCFI1:
 315              		.cfi_def_cfa_offset 8
 316              		.cfi_offset 4, -8
ARM GAS  /var/folders/d7/pb3dkhys6j3db_qtp_8v34p80000gn/T//cct8i6sf.s 			page 26


 317              		.cfi_offset 14, -4
 822:Drivers/STM32L0xx_HAL_Driver/Src/stm32l0xx_hal_flash_ex.c ****   uint32_t tmp1, tmp2;
 318              		.loc 1 822 3 is_stmt 1 view .LVU73
 319              	.LVL17:
 823:Drivers/STM32L0xx_HAL_Driver/Src/stm32l0xx_hal_flash_ex.c **** 
 320              		.loc 1 823 3 view .LVU74
 826:Drivers/STM32L0xx_HAL_Driver/Src/stm32l0xx_hal_flash_ex.c **** 
 321              		.loc 1 826 3 view .LVU75
 828:Drivers/STM32L0xx_HAL_Driver/Src/stm32l0xx_hal_flash_ex.c **** 
 322              		.loc 1 828 3 view .LVU76
 828:Drivers/STM32L0xx_HAL_Driver/Src/stm32l0xx_hal_flash_ex.c **** 
 323              		.loc 1 828 23 is_stmt 0 view .LVU77
 324 0002 0C4B     		ldr	r3, .L26
 325 0004 1B68     		ldr	r3, [r3]
 828:Drivers/STM32L0xx_HAL_Driver/Src/stm32l0xx_hal_flash_ex.c **** 
 326              		.loc 1 828 8 view .LVU78
 327 0006 FF22     		movs	r2, #255
 328 0008 1202     		lsls	r2, r2, #8
 329 000a 1340     		ands	r3, r2
 330              	.LVL18:
 831:Drivers/STM32L0xx_HAL_Driver/Src/stm32l0xx_hal_flash_ex.c ****   tmp2 = (uint32_t)(((uint32_t)((uint32_t)(~tmp1) << 16U)) | tmp1);
 331              		.loc 1 831 3 is_stmt 1 view .LVU79
 831:Drivers/STM32L0xx_HAL_Driver/Src/stm32l0xx_hal_flash_ex.c ****   tmp2 = (uint32_t)(((uint32_t)((uint32_t)(~tmp1) << 16U)) | tmp1);
 332              		.loc 1 831 8 is_stmt 0 view .LVU80
 333 000c 1843     		orrs	r0, r3
 334              	.LVL19:
 832:Drivers/STM32L0xx_HAL_Driver/Src/stm32l0xx_hal_flash_ex.c **** 
 335              		.loc 1 832 3 is_stmt 1 view .LVU81
 832:Drivers/STM32L0xx_HAL_Driver/Src/stm32l0xx_hal_flash_ex.c **** 
 336              		.loc 1 832 44 is_stmt 0 view .LVU82
 337 000e C443     		mvns	r4, r0
 832:Drivers/STM32L0xx_HAL_Driver/Src/stm32l0xx_hal_flash_ex.c **** 
 338              		.loc 1 832 22 view .LVU83
 339 0010 2404     		lsls	r4, r4, #16
 832:Drivers/STM32L0xx_HAL_Driver/Src/stm32l0xx_hal_flash_ex.c **** 
 340              		.loc 1 832 8 view .LVU84
 341 0012 0443     		orrs	r4, r0
 342              	.LVL20:
 835:Drivers/STM32L0xx_HAL_Driver/Src/stm32l0xx_hal_flash_ex.c **** 
 343              		.loc 1 835 3 is_stmt 1 view .LVU85
 835:Drivers/STM32L0xx_HAL_Driver/Src/stm32l0xx_hal_flash_ex.c **** 
 344              		.loc 1 835 12 is_stmt 0 view .LVU86
 345 0014 0848     		ldr	r0, .L26+4
 346              	.LVL21:
 835:Drivers/STM32L0xx_HAL_Driver/Src/stm32l0xx_hal_flash_ex.c **** 
 347              		.loc 1 835 12 view .LVU87
 348 0016 FFF7FEFF 		bl	FLASH_WaitForLastOperation
 349              	.LVL22:
 837:Drivers/STM32L0xx_HAL_Driver/Src/stm32l0xx_hal_flash_ex.c ****   {
 350              		.loc 1 837 3 is_stmt 1 view .LVU88
 837:Drivers/STM32L0xx_HAL_Driver/Src/stm32l0xx_hal_flash_ex.c ****   {
 351              		.loc 1 837 5 is_stmt 0 view .LVU89
 352 001a 0028     		cmp	r0, #0
 353 001c 00D0     		beq	.L25
 354              	.LVL23:
 355              	.L24:
 850:Drivers/STM32L0xx_HAL_Driver/Src/stm32l0xx_hal_flash_ex.c **** }
ARM GAS  /var/folders/d7/pb3dkhys6j3db_qtp_8v34p80000gn/T//cct8i6sf.s 			page 27


 356              		.loc 1 850 3 is_stmt 1 view .LVU90
 851:Drivers/STM32L0xx_HAL_Driver/Src/stm32l0xx_hal_flash_ex.c **** 
 357              		.loc 1 851 1 is_stmt 0 view .LVU91
 358              		@ sp needed
 359              	.LVL24:
 851:Drivers/STM32L0xx_HAL_Driver/Src/stm32l0xx_hal_flash_ex.c **** 
 360              		.loc 1 851 1 view .LVU92
 361 001e 10BD     		pop	{r4, pc}
 362              	.LVL25:
 363              	.L25:
 840:Drivers/STM32L0xx_HAL_Driver/Src/stm32l0xx_hal_flash_ex.c **** 
 364              		.loc 1 840 5 is_stmt 1 view .LVU93
 840:Drivers/STM32L0xx_HAL_Driver/Src/stm32l0xx_hal_flash_ex.c **** 
 365              		.loc 1 840 22 is_stmt 0 view .LVU94
 366 0020 064B     		ldr	r3, .L26+8
 367 0022 0022     		movs	r2, #0
 368 0024 5A61     		str	r2, [r3, #20]
 843:Drivers/STM32L0xx_HAL_Driver/Src/stm32l0xx_hal_flash_ex.c **** 
 369              		.loc 1 843 5 is_stmt 1 view .LVU95
 843:Drivers/STM32L0xx_HAL_Driver/Src/stm32l0xx_hal_flash_ex.c **** 
 370              		.loc 1 843 13 is_stmt 0 view .LVU96
 371 0026 034B     		ldr	r3, .L26
 372 0028 1C60     		str	r4, [r3]
 846:Drivers/STM32L0xx_HAL_Driver/Src/stm32l0xx_hal_flash_ex.c ****   }
 373              		.loc 1 846 5 is_stmt 1 view .LVU97
 846:Drivers/STM32L0xx_HAL_Driver/Src/stm32l0xx_hal_flash_ex.c ****   }
 374              		.loc 1 846 14 is_stmt 0 view .LVU98
 375 002a 0348     		ldr	r0, .L26+4
 376              	.LVL26:
 846:Drivers/STM32L0xx_HAL_Driver/Src/stm32l0xx_hal_flash_ex.c ****   }
 377              		.loc 1 846 14 view .LVU99
 378 002c FFF7FEFF 		bl	FLASH_WaitForLastOperation
 379              	.LVL27:
 380 0030 F5E7     		b	.L24
 381              	.L27:
 382 0032 C046     		.align	2
 383              	.L26:
 384 0034 0000F81F 		.word	536346624
 385 0038 50C30000 		.word	50000
 386 003c 00000000 		.word	pFlash
 387              		.cfi_endproc
 388              	.LFE61:
 390              		.section	.text.FLASH_OB_UserConfig,"ax",%progbits
 391              		.align	1
 392              		.syntax unified
 393              		.code	16
 394              		.thumb_func
 396              	FLASH_OB_UserConfig:
 397              	.LVL28:
 398              	.LFB70:
1113:Drivers/STM32L0xx_HAL_Driver/Src/stm32l0xx_hal_flash_ex.c **** 
1114:Drivers/STM32L0xx_HAL_Driver/Src/stm32l0xx_hal_flash_ex.c **** /**
1115:Drivers/STM32L0xx_HAL_Driver/Src/stm32l0xx_hal_flash_ex.c ****   * @brief  Programs the FLASH User Option Byte: IWDG_SW / RST_STOP / RST_STDBY.
1116:Drivers/STM32L0xx_HAL_Driver/Src/stm32l0xx_hal_flash_ex.c ****   * @param  OB_IWDG Selects the WDG mode.
1117:Drivers/STM32L0xx_HAL_Driver/Src/stm32l0xx_hal_flash_ex.c ****   *   This parameter can be one of the following values:
1118:Drivers/STM32L0xx_HAL_Driver/Src/stm32l0xx_hal_flash_ex.c ****   *     @arg @ref OB_IWDG_SW Software WDG selected
1119:Drivers/STM32L0xx_HAL_Driver/Src/stm32l0xx_hal_flash_ex.c ****   *     @arg @ref OB_IWDG_HW Hardware WDG selected
ARM GAS  /var/folders/d7/pb3dkhys6j3db_qtp_8v34p80000gn/T//cct8i6sf.s 			page 28


1120:Drivers/STM32L0xx_HAL_Driver/Src/stm32l0xx_hal_flash_ex.c ****   * @param  OB_STOP Reset event when entering STOP mode.
1121:Drivers/STM32L0xx_HAL_Driver/Src/stm32l0xx_hal_flash_ex.c ****   *   This parameter can be one of the following values:
1122:Drivers/STM32L0xx_HAL_Driver/Src/stm32l0xx_hal_flash_ex.c ****   *     @arg @ref OB_STOP_NORST No reset generated when entering in STOP
1123:Drivers/STM32L0xx_HAL_Driver/Src/stm32l0xx_hal_flash_ex.c ****   *     @arg @ref OB_STOP_RST Reset generated when entering in STOP
1124:Drivers/STM32L0xx_HAL_Driver/Src/stm32l0xx_hal_flash_ex.c ****   * @param  OB_STDBY Reset event when entering Standby mode.
1125:Drivers/STM32L0xx_HAL_Driver/Src/stm32l0xx_hal_flash_ex.c ****   *   This parameter can be one of the following values:
1126:Drivers/STM32L0xx_HAL_Driver/Src/stm32l0xx_hal_flash_ex.c ****   *     @arg @ref OB_STDBY_NORST No reset generated when entering in STANDBY
1127:Drivers/STM32L0xx_HAL_Driver/Src/stm32l0xx_hal_flash_ex.c ****   *     @arg @ref OB_STDBY_RST Reset generated when entering in STANDBY
1128:Drivers/STM32L0xx_HAL_Driver/Src/stm32l0xx_hal_flash_ex.c ****   * @retval HAL status
1129:Drivers/STM32L0xx_HAL_Driver/Src/stm32l0xx_hal_flash_ex.c ****   */
1130:Drivers/STM32L0xx_HAL_Driver/Src/stm32l0xx_hal_flash_ex.c **** static HAL_StatusTypeDef FLASH_OB_UserConfig(uint8_t OB_IWDG, uint8_t OB_STOP, uint8_t OB_STDBY)
1131:Drivers/STM32L0xx_HAL_Driver/Src/stm32l0xx_hal_flash_ex.c **** {
 399              		.loc 1 1131 1 is_stmt 1 view -0
 400              		.cfi_startproc
 401              		@ args = 0, pretend = 0, frame = 0
 402              		@ frame_needed = 0, uses_anonymous_args = 0
 403              		.loc 1 1131 1 is_stmt 0 view .LVU101
 404 0000 10B5     		push	{r4, lr}
 405              	.LCFI2:
 406              		.cfi_def_cfa_offset 8
 407              		.cfi_offset 4, -8
 408              		.cfi_offset 14, -4
1132:Drivers/STM32L0xx_HAL_Driver/Src/stm32l0xx_hal_flash_ex.c ****   HAL_StatusTypeDef status = HAL_OK; 
 409              		.loc 1 1132 3 is_stmt 1 view .LVU102
 410              	.LVL29:
1133:Drivers/STM32L0xx_HAL_Driver/Src/stm32l0xx_hal_flash_ex.c ****   uint32_t tmp = 0, tmp1 = 0;
 411              		.loc 1 1133 3 view .LVU103
1134:Drivers/STM32L0xx_HAL_Driver/Src/stm32l0xx_hal_flash_ex.c **** 
1135:Drivers/STM32L0xx_HAL_Driver/Src/stm32l0xx_hal_flash_ex.c ****   /* Check the parameters */
1136:Drivers/STM32L0xx_HAL_Driver/Src/stm32l0xx_hal_flash_ex.c ****   assert_param(IS_OB_IWDG_SOURCE(OB_IWDG));
 412              		.loc 1 1136 3 view .LVU104
1137:Drivers/STM32L0xx_HAL_Driver/Src/stm32l0xx_hal_flash_ex.c ****   assert_param(IS_OB_STOP_SOURCE(OB_STOP));
 413              		.loc 1 1137 3 view .LVU105
1138:Drivers/STM32L0xx_HAL_Driver/Src/stm32l0xx_hal_flash_ex.c ****   assert_param(IS_OB_STDBY_SOURCE(OB_STDBY));
 414              		.loc 1 1138 3 view .LVU106
1139:Drivers/STM32L0xx_HAL_Driver/Src/stm32l0xx_hal_flash_ex.c **** 
1140:Drivers/STM32L0xx_HAL_Driver/Src/stm32l0xx_hal_flash_ex.c ****   /* Get the User Option byte register */
1141:Drivers/STM32L0xx_HAL_Driver/Src/stm32l0xx_hal_flash_ex.c ****   tmp1 = OB->USER & ((~FLASH_OPTR_USER) >> 16U);
 415              		.loc 1 1141 3 view .LVU107
 416              		.loc 1 1141 12 is_stmt 0 view .LVU108
 417 0002 0C4B     		ldr	r3, .L31
 418 0004 5B68     		ldr	r3, [r3, #4]
 419              		.loc 1 1141 8 view .LVU109
 420 0006 0C4C     		ldr	r4, .L31+4
 421 0008 2340     		ands	r3, r4
 422              	.LVL30:
1142:Drivers/STM32L0xx_HAL_Driver/Src/stm32l0xx_hal_flash_ex.c **** 
1143:Drivers/STM32L0xx_HAL_Driver/Src/stm32l0xx_hal_flash_ex.c ****   /* Calculate the user option byte to write */ 
1144:Drivers/STM32L0xx_HAL_Driver/Src/stm32l0xx_hal_flash_ex.c ****   tmp = (uint32_t)(((uint32_t)~((uint32_t)((uint32_t)(OB_IWDG) | (uint32_t)(OB_STOP) | (uint32_t)(O
 423              		.loc 1 1144 3 is_stmt 1 view .LVU110
 424              		.loc 1 1144 86 is_stmt 0 view .LVU111
 425 000a 0843     		orrs	r0, r1
 426              	.LVL31:
 427              		.loc 1 1144 86 view .LVU112
 428 000c 0243     		orrs	r2, r0
 429              	.LVL32:
 430              		.loc 1 1144 33 view .LVU113
ARM GAS  /var/folders/d7/pb3dkhys6j3db_qtp_8v34p80000gn/T//cct8i6sf.s 			page 29


 431 000e 1A43     		orrs	r2, r3
 432              		.loc 1 1144 21 view .LVU114
 433 0010 D443     		mvns	r4, r2
 434              		.loc 1 1144 7 view .LVU115
 435 0012 2404     		lsls	r4, r4, #16
 436              	.LVL33:
1145:Drivers/STM32L0xx_HAL_Driver/Src/stm32l0xx_hal_flash_ex.c ****   tmp |= ((uint32_t)(OB_IWDG) | ((uint32_t)OB_STOP) | (uint32_t)(OB_STDBY) | tmp1);
 437              		.loc 1 1145 3 is_stmt 1 view .LVU116
 438              		.loc 1 1145 7 is_stmt 0 view .LVU117
 439 0014 1443     		orrs	r4, r2
 440              	.LVL34:
1146:Drivers/STM32L0xx_HAL_Driver/Src/stm32l0xx_hal_flash_ex.c ****   
1147:Drivers/STM32L0xx_HAL_Driver/Src/stm32l0xx_hal_flash_ex.c ****   /* Wait for last operation to be completed */
1148:Drivers/STM32L0xx_HAL_Driver/Src/stm32l0xx_hal_flash_ex.c ****   status = FLASH_WaitForLastOperation(FLASH_TIMEOUT_VALUE);
 441              		.loc 1 1148 3 is_stmt 1 view .LVU118
 442              		.loc 1 1148 12 is_stmt 0 view .LVU119
 443 0016 0948     		ldr	r0, .L31+8
 444 0018 FFF7FEFF 		bl	FLASH_WaitForLastOperation
 445              	.LVL35:
1149:Drivers/STM32L0xx_HAL_Driver/Src/stm32l0xx_hal_flash_ex.c ****   
1150:Drivers/STM32L0xx_HAL_Driver/Src/stm32l0xx_hal_flash_ex.c ****   if(status == HAL_OK)
 446              		.loc 1 1150 3 is_stmt 1 view .LVU120
 447              		.loc 1 1150 5 is_stmt 0 view .LVU121
 448 001c 0028     		cmp	r0, #0
 449 001e 00D0     		beq	.L30
 450              	.LVL36:
 451              	.L29:
1151:Drivers/STM32L0xx_HAL_Driver/Src/stm32l0xx_hal_flash_ex.c ****   {  
1152:Drivers/STM32L0xx_HAL_Driver/Src/stm32l0xx_hal_flash_ex.c ****     /* Clean the error context */
1153:Drivers/STM32L0xx_HAL_Driver/Src/stm32l0xx_hal_flash_ex.c ****     pFlash.ErrorCode = HAL_FLASH_ERROR_NONE;
1154:Drivers/STM32L0xx_HAL_Driver/Src/stm32l0xx_hal_flash_ex.c **** 
1155:Drivers/STM32L0xx_HAL_Driver/Src/stm32l0xx_hal_flash_ex.c ****     /* Write the User Option Byte */
1156:Drivers/STM32L0xx_HAL_Driver/Src/stm32l0xx_hal_flash_ex.c ****     OB->USER = tmp;
1157:Drivers/STM32L0xx_HAL_Driver/Src/stm32l0xx_hal_flash_ex.c ****     
1158:Drivers/STM32L0xx_HAL_Driver/Src/stm32l0xx_hal_flash_ex.c ****     /* Wait for last operation to be completed */
1159:Drivers/STM32L0xx_HAL_Driver/Src/stm32l0xx_hal_flash_ex.c ****     status = FLASH_WaitForLastOperation(FLASH_TIMEOUT_VALUE);
1160:Drivers/STM32L0xx_HAL_Driver/Src/stm32l0xx_hal_flash_ex.c ****   }
1161:Drivers/STM32L0xx_HAL_Driver/Src/stm32l0xx_hal_flash_ex.c **** 
1162:Drivers/STM32L0xx_HAL_Driver/Src/stm32l0xx_hal_flash_ex.c ****   /* Return the Option Byte program Status */
1163:Drivers/STM32L0xx_HAL_Driver/Src/stm32l0xx_hal_flash_ex.c ****   return status;
 452              		.loc 1 1163 3 is_stmt 1 view .LVU122
1164:Drivers/STM32L0xx_HAL_Driver/Src/stm32l0xx_hal_flash_ex.c **** }
 453              		.loc 1 1164 1 is_stmt 0 view .LVU123
 454              		@ sp needed
 455              	.LVL37:
 456              		.loc 1 1164 1 view .LVU124
 457 0020 10BD     		pop	{r4, pc}
 458              	.LVL38:
 459              	.L30:
1153:Drivers/STM32L0xx_HAL_Driver/Src/stm32l0xx_hal_flash_ex.c **** 
 460              		.loc 1 1153 5 is_stmt 1 view .LVU125
1153:Drivers/STM32L0xx_HAL_Driver/Src/stm32l0xx_hal_flash_ex.c **** 
 461              		.loc 1 1153 22 is_stmt 0 view .LVU126
 462 0022 074B     		ldr	r3, .L31+12
 463 0024 0022     		movs	r2, #0
 464 0026 5A61     		str	r2, [r3, #20]
1156:Drivers/STM32L0xx_HAL_Driver/Src/stm32l0xx_hal_flash_ex.c ****     
ARM GAS  /var/folders/d7/pb3dkhys6j3db_qtp_8v34p80000gn/T//cct8i6sf.s 			page 30


 465              		.loc 1 1156 5 is_stmt 1 view .LVU127
1156:Drivers/STM32L0xx_HAL_Driver/Src/stm32l0xx_hal_flash_ex.c ****     
 466              		.loc 1 1156 14 is_stmt 0 view .LVU128
 467 0028 024B     		ldr	r3, .L31
 468 002a 5C60     		str	r4, [r3, #4]
1159:Drivers/STM32L0xx_HAL_Driver/Src/stm32l0xx_hal_flash_ex.c ****   }
 469              		.loc 1 1159 5 is_stmt 1 view .LVU129
1159:Drivers/STM32L0xx_HAL_Driver/Src/stm32l0xx_hal_flash_ex.c ****   }
 470              		.loc 1 1159 14 is_stmt 0 view .LVU130
 471 002c 0348     		ldr	r0, .L31+8
 472              	.LVL39:
1159:Drivers/STM32L0xx_HAL_Driver/Src/stm32l0xx_hal_flash_ex.c ****   }
 473              		.loc 1 1159 14 view .LVU131
 474 002e FFF7FEFF 		bl	FLASH_WaitForLastOperation
 475              	.LVL40:
 476 0032 F5E7     		b	.L29
 477              	.L32:
 478              		.align	2
 479              	.L31:
 480 0034 0000F81F 		.word	536346624
 481 0038 8FFF0000 		.word	65423
 482 003c 50C30000 		.word	50000
 483 0040 00000000 		.word	pFlash
 484              		.cfi_endproc
 485              	.LFE70:
 487              		.section	.text.FLASH_OB_BORConfig,"ax",%progbits
 488              		.align	1
 489              		.syntax unified
 490              		.code	16
 491              		.thumb_func
 493              	FLASH_OB_BORConfig:
 494              	.LVL41:
 495              	.LFB62:
 867:Drivers/STM32L0xx_HAL_Driver/Src/stm32l0xx_hal_flash_ex.c ****   HAL_StatusTypeDef status = HAL_OK;
 496              		.loc 1 867 1 is_stmt 1 view -0
 497              		.cfi_startproc
 498              		@ args = 0, pretend = 0, frame = 0
 499              		@ frame_needed = 0, uses_anonymous_args = 0
 867:Drivers/STM32L0xx_HAL_Driver/Src/stm32l0xx_hal_flash_ex.c ****   HAL_StatusTypeDef status = HAL_OK;
 500              		.loc 1 867 1 is_stmt 0 view .LVU133
 501 0000 10B5     		push	{r4, lr}
 502              	.LCFI3:
 503              		.cfi_def_cfa_offset 8
 504              		.cfi_offset 4, -8
 505              		.cfi_offset 14, -4
 868:Drivers/STM32L0xx_HAL_Driver/Src/stm32l0xx_hal_flash_ex.c ****   uint32_t tmp = 0, tmp1 = 0;
 506              		.loc 1 868 3 is_stmt 1 view .LVU134
 507              	.LVL42:
 869:Drivers/STM32L0xx_HAL_Driver/Src/stm32l0xx_hal_flash_ex.c **** 
 508              		.loc 1 869 3 view .LVU135
 872:Drivers/STM32L0xx_HAL_Driver/Src/stm32l0xx_hal_flash_ex.c **** 
 509              		.loc 1 872 3 view .LVU136
 875:Drivers/STM32L0xx_HAL_Driver/Src/stm32l0xx_hal_flash_ex.c **** 
 510              		.loc 1 875 3 view .LVU137
 875:Drivers/STM32L0xx_HAL_Driver/Src/stm32l0xx_hal_flash_ex.c **** 
 511              		.loc 1 875 12 is_stmt 0 view .LVU138
 512 0002 0B4B     		ldr	r3, .L36
ARM GAS  /var/folders/d7/pb3dkhys6j3db_qtp_8v34p80000gn/T//cct8i6sf.s 			page 31


 513 0004 5B68     		ldr	r3, [r3, #4]
 875:Drivers/STM32L0xx_HAL_Driver/Src/stm32l0xx_hal_flash_ex.c **** 
 514              		.loc 1 875 8 view .LVU139
 515 0006 0B4A     		ldr	r2, .L36+4
 516 0008 1340     		ands	r3, r2
 517              	.LVL43:
 878:Drivers/STM32L0xx_HAL_Driver/Src/stm32l0xx_hal_flash_ex.c ****   tmp |= (OB_BOR | tmp1);
 518              		.loc 1 878 3 is_stmt 1 view .LVU140
 878:Drivers/STM32L0xx_HAL_Driver/Src/stm32l0xx_hal_flash_ex.c ****   tmp |= (OB_BOR | tmp1);
 519              		.loc 1 878 29 is_stmt 0 view .LVU141
 520 000a 1843     		orrs	r0, r3
 521              	.LVL44:
 878:Drivers/STM32L0xx_HAL_Driver/Src/stm32l0xx_hal_flash_ex.c ****   tmp |= (OB_BOR | tmp1);
 522              		.loc 1 878 9 view .LVU142
 523 000c C443     		mvns	r4, r0
 878:Drivers/STM32L0xx_HAL_Driver/Src/stm32l0xx_hal_flash_ex.c ****   tmp |= (OB_BOR | tmp1);
 524              		.loc 1 878 7 view .LVU143
 525 000e 2404     		lsls	r4, r4, #16
 526              	.LVL45:
 879:Drivers/STM32L0xx_HAL_Driver/Src/stm32l0xx_hal_flash_ex.c ****     
 527              		.loc 1 879 3 is_stmt 1 view .LVU144
 879:Drivers/STM32L0xx_HAL_Driver/Src/stm32l0xx_hal_flash_ex.c ****     
 528              		.loc 1 879 7 is_stmt 0 view .LVU145
 529 0010 0443     		orrs	r4, r0
 530              	.LVL46:
 882:Drivers/STM32L0xx_HAL_Driver/Src/stm32l0xx_hal_flash_ex.c ****   
 531              		.loc 1 882 3 is_stmt 1 view .LVU146
 882:Drivers/STM32L0xx_HAL_Driver/Src/stm32l0xx_hal_flash_ex.c ****   
 532              		.loc 1 882 12 is_stmt 0 view .LVU147
 533 0012 0948     		ldr	r0, .L36+8
 534 0014 FFF7FEFF 		bl	FLASH_WaitForLastOperation
 535              	.LVL47:
 884:Drivers/STM32L0xx_HAL_Driver/Src/stm32l0xx_hal_flash_ex.c ****   {  
 536              		.loc 1 884 3 is_stmt 1 view .LVU148
 884:Drivers/STM32L0xx_HAL_Driver/Src/stm32l0xx_hal_flash_ex.c ****   {  
 537              		.loc 1 884 5 is_stmt 0 view .LVU149
 538 0018 0028     		cmp	r0, #0
 539 001a 00D0     		beq	.L35
 540              	.LVL48:
 541              	.L34:
 897:Drivers/STM32L0xx_HAL_Driver/Src/stm32l0xx_hal_flash_ex.c **** }
 542              		.loc 1 897 3 is_stmt 1 view .LVU150
 898:Drivers/STM32L0xx_HAL_Driver/Src/stm32l0xx_hal_flash_ex.c **** 
 543              		.loc 1 898 1 is_stmt 0 view .LVU151
 544              		@ sp needed
 545              	.LVL49:
 898:Drivers/STM32L0xx_HAL_Driver/Src/stm32l0xx_hal_flash_ex.c **** 
 546              		.loc 1 898 1 view .LVU152
 547 001c 10BD     		pop	{r4, pc}
 548              	.LVL50:
 549              	.L35:
 887:Drivers/STM32L0xx_HAL_Driver/Src/stm32l0xx_hal_flash_ex.c **** 
 550              		.loc 1 887 5 is_stmt 1 view .LVU153
 887:Drivers/STM32L0xx_HAL_Driver/Src/stm32l0xx_hal_flash_ex.c **** 
 551              		.loc 1 887 22 is_stmt 0 view .LVU154
 552 001e 074B     		ldr	r3, .L36+12
 553 0020 0022     		movs	r2, #0
ARM GAS  /var/folders/d7/pb3dkhys6j3db_qtp_8v34p80000gn/T//cct8i6sf.s 			page 32


 554 0022 5A61     		str	r2, [r3, #20]
 890:Drivers/STM32L0xx_HAL_Driver/Src/stm32l0xx_hal_flash_ex.c **** 
 555              		.loc 1 890 5 is_stmt 1 view .LVU155
 890:Drivers/STM32L0xx_HAL_Driver/Src/stm32l0xx_hal_flash_ex.c **** 
 556              		.loc 1 890 14 is_stmt 0 view .LVU156
 557 0024 024B     		ldr	r3, .L36
 558 0026 5C60     		str	r4, [r3, #4]
 893:Drivers/STM32L0xx_HAL_Driver/Src/stm32l0xx_hal_flash_ex.c ****   }
 559              		.loc 1 893 5 is_stmt 1 view .LVU157
 893:Drivers/STM32L0xx_HAL_Driver/Src/stm32l0xx_hal_flash_ex.c ****   }
 560              		.loc 1 893 14 is_stmt 0 view .LVU158
 561 0028 0348     		ldr	r0, .L36+8
 562              	.LVL51:
 893:Drivers/STM32L0xx_HAL_Driver/Src/stm32l0xx_hal_flash_ex.c ****   }
 563              		.loc 1 893 14 view .LVU159
 564 002a FFF7FEFF 		bl	FLASH_WaitForLastOperation
 565              	.LVL52:
 566 002e F5E7     		b	.L34
 567              	.L37:
 568              		.align	2
 569              	.L36:
 570 0030 0000F81F 		.word	536346624
 571 0034 F0FF0000 		.word	65520
 572 0038 50C30000 		.word	50000
 573 003c 00000000 		.word	pFlash
 574              		.cfi_endproc
 575              	.LFE62:
 577              		.section	.text.FLASH_OB_BOOTBit1Config,"ax",%progbits
 578              		.align	1
 579              		.syntax unified
 580              		.code	16
 581              		.thumb_func
 583              	FLASH_OB_BOOTBit1Config:
 584              	.LVL53:
 585              	.LFB63:
 909:Drivers/STM32L0xx_HAL_Driver/Src/stm32l0xx_hal_flash_ex.c ****   HAL_StatusTypeDef status = HAL_OK; 
 586              		.loc 1 909 1 is_stmt 1 view -0
 587              		.cfi_startproc
 588              		@ args = 0, pretend = 0, frame = 0
 589              		@ frame_needed = 0, uses_anonymous_args = 0
 909:Drivers/STM32L0xx_HAL_Driver/Src/stm32l0xx_hal_flash_ex.c ****   HAL_StatusTypeDef status = HAL_OK; 
 590              		.loc 1 909 1 is_stmt 0 view .LVU161
 591 0000 10B5     		push	{r4, lr}
 592              	.LCFI4:
 593              		.cfi_def_cfa_offset 8
 594              		.cfi_offset 4, -8
 595              		.cfi_offset 14, -4
 910:Drivers/STM32L0xx_HAL_Driver/Src/stm32l0xx_hal_flash_ex.c ****   uint32_t tmp = 0, tmp1 = 0, OB_Bits = ((uint32_t) OB_BootBit1) << 15;
 596              		.loc 1 910 3 is_stmt 1 view .LVU162
 597              	.LVL54:
 911:Drivers/STM32L0xx_HAL_Driver/Src/stm32l0xx_hal_flash_ex.c **** 
 598              		.loc 1 911 3 view .LVU163
 911:Drivers/STM32L0xx_HAL_Driver/Src/stm32l0xx_hal_flash_ex.c **** 
 599              		.loc 1 911 31 is_stmt 0 view .LVU164
 600 0002 C003     		lsls	r0, r0, #15
 601              	.LVL55:
 914:Drivers/STM32L0xx_HAL_Driver/Src/stm32l0xx_hal_flash_ex.c **** 
ARM GAS  /var/folders/d7/pb3dkhys6j3db_qtp_8v34p80000gn/T//cct8i6sf.s 			page 33


 602              		.loc 1 914 3 is_stmt 1 view .LVU165
 917:Drivers/STM32L0xx_HAL_Driver/Src/stm32l0xx_hal_flash_ex.c **** 
 603              		.loc 1 917 3 view .LVU166
 917:Drivers/STM32L0xx_HAL_Driver/Src/stm32l0xx_hal_flash_ex.c **** 
 604              		.loc 1 917 12 is_stmt 0 view .LVU167
 605 0004 0B4B     		ldr	r3, .L41
 606 0006 5B68     		ldr	r3, [r3, #4]
 917:Drivers/STM32L0xx_HAL_Driver/Src/stm32l0xx_hal_flash_ex.c **** 
 607              		.loc 1 917 8 view .LVU168
 608 0008 5B04     		lsls	r3, r3, #17
 609 000a 5B0C     		lsrs	r3, r3, #17
 610              	.LVL56:
 920:Drivers/STM32L0xx_HAL_Driver/Src/stm32l0xx_hal_flash_ex.c ****   tmp |= OB_Bits | tmp1;
 611              		.loc 1 920 3 is_stmt 1 view .LVU169
 920:Drivers/STM32L0xx_HAL_Driver/Src/stm32l0xx_hal_flash_ex.c ****   tmp |= OB_Bits | tmp1;
 612              		.loc 1 920 20 is_stmt 0 view .LVU170
 613 000c 1843     		orrs	r0, r3
 614              	.LVL57:
 920:Drivers/STM32L0xx_HAL_Driver/Src/stm32l0xx_hal_flash_ex.c ****   tmp |= OB_Bits | tmp1;
 615              		.loc 1 920 10 view .LVU171
 616 000e C443     		mvns	r4, r0
 920:Drivers/STM32L0xx_HAL_Driver/Src/stm32l0xx_hal_flash_ex.c ****   tmp |= OB_Bits | tmp1;
 617              		.loc 1 920 7 view .LVU172
 618 0010 2404     		lsls	r4, r4, #16
 619              	.LVL58:
 921:Drivers/STM32L0xx_HAL_Driver/Src/stm32l0xx_hal_flash_ex.c ****     
 620              		.loc 1 921 3 is_stmt 1 view .LVU173
 921:Drivers/STM32L0xx_HAL_Driver/Src/stm32l0xx_hal_flash_ex.c ****     
 621              		.loc 1 921 7 is_stmt 0 view .LVU174
 622 0012 0443     		orrs	r4, r0
 623              	.LVL59:
 924:Drivers/STM32L0xx_HAL_Driver/Src/stm32l0xx_hal_flash_ex.c ****   
 624              		.loc 1 924 3 is_stmt 1 view .LVU175
 924:Drivers/STM32L0xx_HAL_Driver/Src/stm32l0xx_hal_flash_ex.c ****   
 625              		.loc 1 924 12 is_stmt 0 view .LVU176
 626 0014 0848     		ldr	r0, .L41+4
 627 0016 FFF7FEFF 		bl	FLASH_WaitForLastOperation
 628              	.LVL60:
 926:Drivers/STM32L0xx_HAL_Driver/Src/stm32l0xx_hal_flash_ex.c ****   {  
 629              		.loc 1 926 3 is_stmt 1 view .LVU177
 926:Drivers/STM32L0xx_HAL_Driver/Src/stm32l0xx_hal_flash_ex.c ****   {  
 630              		.loc 1 926 5 is_stmt 0 view .LVU178
 631 001a 0028     		cmp	r0, #0
 632 001c 00D0     		beq	.L40
 633              	.LVL61:
 634              	.L39:
 936:Drivers/STM32L0xx_HAL_Driver/Src/stm32l0xx_hal_flash_ex.c **** }
 635              		.loc 1 936 3 is_stmt 1 view .LVU179
 937:Drivers/STM32L0xx_HAL_Driver/Src/stm32l0xx_hal_flash_ex.c **** 
 636              		.loc 1 937 1 is_stmt 0 view .LVU180
 637              		@ sp needed
 638              	.LVL62:
 937:Drivers/STM32L0xx_HAL_Driver/Src/stm32l0xx_hal_flash_ex.c **** 
 639              		.loc 1 937 1 view .LVU181
 640 001e 10BD     		pop	{r4, pc}
 641              	.LVL63:
 642              	.L40:
ARM GAS  /var/folders/d7/pb3dkhys6j3db_qtp_8v34p80000gn/T//cct8i6sf.s 			page 34


 929:Drivers/STM32L0xx_HAL_Driver/Src/stm32l0xx_hal_flash_ex.c ****     /* Program OB */
 643              		.loc 1 929 5 is_stmt 1 view .LVU182
 929:Drivers/STM32L0xx_HAL_Driver/Src/stm32l0xx_hal_flash_ex.c ****     /* Program OB */
 644              		.loc 1 929 22 is_stmt 0 view .LVU183
 645 0020 064B     		ldr	r3, .L41+8
 646 0022 0022     		movs	r2, #0
 647 0024 5A61     		str	r2, [r3, #20]
 931:Drivers/STM32L0xx_HAL_Driver/Src/stm32l0xx_hal_flash_ex.c ****     /* Wait for last operation to be completed */
 648              		.loc 1 931 5 is_stmt 1 view .LVU184
 931:Drivers/STM32L0xx_HAL_Driver/Src/stm32l0xx_hal_flash_ex.c ****     /* Wait for last operation to be completed */
 649              		.loc 1 931 14 is_stmt 0 view .LVU185
 650 0026 034B     		ldr	r3, .L41
 651 0028 5C60     		str	r4, [r3, #4]
 933:Drivers/STM32L0xx_HAL_Driver/Src/stm32l0xx_hal_flash_ex.c ****   }
 652              		.loc 1 933 5 is_stmt 1 view .LVU186
 933:Drivers/STM32L0xx_HAL_Driver/Src/stm32l0xx_hal_flash_ex.c ****   }
 653              		.loc 1 933 14 is_stmt 0 view .LVU187
 654 002a 0348     		ldr	r0, .L41+4
 655              	.LVL64:
 933:Drivers/STM32L0xx_HAL_Driver/Src/stm32l0xx_hal_flash_ex.c ****   }
 656              		.loc 1 933 14 view .LVU188
 657 002c FFF7FEFF 		bl	FLASH_WaitForLastOperation
 658              	.LVL65:
 659 0030 F5E7     		b	.L39
 660              	.L42:
 661 0032 C046     		.align	2
 662              	.L41:
 663 0034 0000F81F 		.word	536346624
 664 0038 50C30000 		.word	50000
 665 003c 00000000 		.word	pFlash
 666              		.cfi_endproc
 667              	.LFE63:
 669              		.section	.text.HAL_FLASHEx_OBProgram,"ax",%progbits
 670              		.align	1
 671              		.global	HAL_FLASHEx_OBProgram
 672              		.syntax unified
 673              		.code	16
 674              		.thumb_func
 676              	HAL_FLASHEx_OBProgram:
 677              	.LVL66:
 678              	.LFB49:
 323:Drivers/STM32L0xx_HAL_Driver/Src/stm32l0xx_hal_flash_ex.c ****   HAL_StatusTypeDef status = HAL_ERROR;
 679              		.loc 1 323 1 is_stmt 1 view -0
 680              		.cfi_startproc
 681              		@ args = 0, pretend = 0, frame = 0
 682              		@ frame_needed = 0, uses_anonymous_args = 0
 323:Drivers/STM32L0xx_HAL_Driver/Src/stm32l0xx_hal_flash_ex.c ****   HAL_StatusTypeDef status = HAL_ERROR;
 683              		.loc 1 323 1 is_stmt 0 view .LVU190
 684 0000 10B5     		push	{r4, lr}
 685              	.LCFI5:
 686              		.cfi_def_cfa_offset 8
 687              		.cfi_offset 4, -8
 688              		.cfi_offset 14, -4
 689 0002 0400     		movs	r4, r0
 324:Drivers/STM32L0xx_HAL_Driver/Src/stm32l0xx_hal_flash_ex.c ****   
 690              		.loc 1 324 3 is_stmt 1 view .LVU191
 691              	.LVL67:
ARM GAS  /var/folders/d7/pb3dkhys6j3db_qtp_8v34p80000gn/T//cct8i6sf.s 			page 35


 327:Drivers/STM32L0xx_HAL_Driver/Src/stm32l0xx_hal_flash_ex.c **** 
 692              		.loc 1 327 3 view .LVU192
 327:Drivers/STM32L0xx_HAL_Driver/Src/stm32l0xx_hal_flash_ex.c **** 
 693              		.loc 1 327 3 view .LVU193
 694 0004 254B     		ldr	r3, .L61
 695 0006 1B7C     		ldrb	r3, [r3, #16]
 696 0008 012B     		cmp	r3, #1
 697 000a 45D0     		beq	.L50
 327:Drivers/STM32L0xx_HAL_Driver/Src/stm32l0xx_hal_flash_ex.c **** 
 698              		.loc 1 327 3 discriminator 2 view .LVU194
 699 000c 234B     		ldr	r3, .L61
 700 000e 0122     		movs	r2, #1
 701 0010 1A74     		strb	r2, [r3, #16]
 327:Drivers/STM32L0xx_HAL_Driver/Src/stm32l0xx_hal_flash_ex.c **** 
 702              		.loc 1 327 3 view .LVU195
 330:Drivers/STM32L0xx_HAL_Driver/Src/stm32l0xx_hal_flash_ex.c **** 
 703              		.loc 1 330 3 view .LVU196
 333:Drivers/STM32L0xx_HAL_Driver/Src/stm32l0xx_hal_flash_ex.c ****   {
 704              		.loc 1 333 3 view .LVU197
 333:Drivers/STM32L0xx_HAL_Driver/Src/stm32l0xx_hal_flash_ex.c ****   {
 705              		.loc 1 333 14 is_stmt 0 view .LVU198
 706 0012 0368     		ldr	r3, [r0]
 333:Drivers/STM32L0xx_HAL_Driver/Src/stm32l0xx_hal_flash_ex.c ****   {
 707              		.loc 1 333 5 view .LVU199
 708 0014 1A42     		tst	r2, r3
 709 0016 10D1     		bne	.L56
 324:Drivers/STM32L0xx_HAL_Driver/Src/stm32l0xx_hal_flash_ex.c ****   
 710              		.loc 1 324 21 view .LVU200
 711 0018 0120     		movs	r0, #1
 712              	.LVL68:
 713              	.L45:
 350:Drivers/STM32L0xx_HAL_Driver/Src/stm32l0xx_hal_flash_ex.c ****   {
 714              		.loc 1 350 3 is_stmt 1 view .LVU201
 350:Drivers/STM32L0xx_HAL_Driver/Src/stm32l0xx_hal_flash_ex.c ****   {
 715              		.loc 1 350 14 is_stmt 0 view .LVU202
 716 001a 2368     		ldr	r3, [r4]
 350:Drivers/STM32L0xx_HAL_Driver/Src/stm32l0xx_hal_flash_ex.c ****   {
 717              		.loc 1 350 5 view .LVU203
 718 001c 9B07     		lsls	r3, r3, #30
 719 001e 16D4     		bmi	.L57
 720              	.LVL69:
 721              	.L46:
 362:Drivers/STM32L0xx_HAL_Driver/Src/stm32l0xx_hal_flash_ex.c ****   {
 722              		.loc 1 362 3 is_stmt 1 view .LVU204
 362:Drivers/STM32L0xx_HAL_Driver/Src/stm32l0xx_hal_flash_ex.c ****   {
 723              		.loc 1 362 14 is_stmt 0 view .LVU205
 724 0020 2368     		ldr	r3, [r4]
 362:Drivers/STM32L0xx_HAL_Driver/Src/stm32l0xx_hal_flash_ex.c ****   {
 725              		.loc 1 362 5 view .LVU206
 726 0022 5B07     		lsls	r3, r3, #29
 727 0024 1CD4     		bmi	.L58
 728              	.LVL70:
 729              	.L47:
 376:Drivers/STM32L0xx_HAL_Driver/Src/stm32l0xx_hal_flash_ex.c ****   {
 730              		.loc 1 376 3 is_stmt 1 view .LVU207
 376:Drivers/STM32L0xx_HAL_Driver/Src/stm32l0xx_hal_flash_ex.c ****   {
 731              		.loc 1 376 14 is_stmt 0 view .LVU208
ARM GAS  /var/folders/d7/pb3dkhys6j3db_qtp_8v34p80000gn/T//cct8i6sf.s 			page 36


 732 0026 2368     		ldr	r3, [r4]
 376:Drivers/STM32L0xx_HAL_Driver/Src/stm32l0xx_hal_flash_ex.c ****   {
 733              		.loc 1 376 5 view .LVU209
 734 0028 1B07     		lsls	r3, r3, #28
 735 002a 28D4     		bmi	.L59
 736              	.LVL71:
 737              	.L48:
 388:Drivers/STM32L0xx_HAL_Driver/Src/stm32l0xx_hal_flash_ex.c ****   {
 738              		.loc 1 388 3 is_stmt 1 view .LVU210
 388:Drivers/STM32L0xx_HAL_Driver/Src/stm32l0xx_hal_flash_ex.c ****   {
 739              		.loc 1 388 15 is_stmt 0 view .LVU211
 740 002c 2368     		ldr	r3, [r4]
 388:Drivers/STM32L0xx_HAL_Driver/Src/stm32l0xx_hal_flash_ex.c ****   {
 741              		.loc 1 388 6 view .LVU212
 742 002e DB06     		lsls	r3, r3, #27
 743 0030 2ED4     		bmi	.L60
 744              	.LVL72:
 745              	.L49:
 393:Drivers/STM32L0xx_HAL_Driver/Src/stm32l0xx_hal_flash_ex.c **** 
 746              		.loc 1 393 3 is_stmt 1 view .LVU213
 393:Drivers/STM32L0xx_HAL_Driver/Src/stm32l0xx_hal_flash_ex.c **** 
 747              		.loc 1 393 3 view .LVU214
 748 0032 1A4B     		ldr	r3, .L61
 749 0034 0022     		movs	r2, #0
 750 0036 1A74     		strb	r2, [r3, #16]
 393:Drivers/STM32L0xx_HAL_Driver/Src/stm32l0xx_hal_flash_ex.c **** 
 751              		.loc 1 393 3 view .LVU215
 395:Drivers/STM32L0xx_HAL_Driver/Src/stm32l0xx_hal_flash_ex.c **** }
 752              		.loc 1 395 3 view .LVU216
 753              	.LVL73:
 754              	.L44:
 396:Drivers/STM32L0xx_HAL_Driver/Src/stm32l0xx_hal_flash_ex.c **** 
 755              		.loc 1 396 1 is_stmt 0 view .LVU217
 756              		@ sp needed
 757              	.LVL74:
 396:Drivers/STM32L0xx_HAL_Driver/Src/stm32l0xx_hal_flash_ex.c **** 
 758              		.loc 1 396 1 view .LVU218
 759 0038 10BD     		pop	{r4, pc}
 760              	.LVL75:
 761              	.L56:
 335:Drivers/STM32L0xx_HAL_Driver/Src/stm32l0xx_hal_flash_ex.c **** #if defined(STM32L071xx) || defined(STM32L072xx) || defined(STM32L073xx) || defined(STM32L081xx) ||
 762              		.loc 1 335 5 is_stmt 1 view .LVU219
 339:Drivers/STM32L0xx_HAL_Driver/Src/stm32l0xx_hal_flash_ex.c **** #endif
 763              		.loc 1 339 5 view .LVU220
 339:Drivers/STM32L0xx_HAL_Driver/Src/stm32l0xx_hal_flash_ex.c **** #endif
 764              		.loc 1 339 14 is_stmt 0 view .LVU221
 765 003a 4168     		ldr	r1, [r0, #4]
 766 003c 8068     		ldr	r0, [r0, #8]
 767              	.LVL76:
 339:Drivers/STM32L0xx_HAL_Driver/Src/stm32l0xx_hal_flash_ex.c **** #endif
 768              		.loc 1 339 14 view .LVU222
 769 003e FFF7FEFF 		bl	FLASH_OB_ProtectedSectorsConfig
 770              	.LVL77:
 341:Drivers/STM32L0xx_HAL_Driver/Src/stm32l0xx_hal_flash_ex.c ****     {
 771              		.loc 1 341 5 is_stmt 1 view .LVU223
 341:Drivers/STM32L0xx_HAL_Driver/Src/stm32l0xx_hal_flash_ex.c ****     {
 772              		.loc 1 341 8 is_stmt 0 view .LVU224
ARM GAS  /var/folders/d7/pb3dkhys6j3db_qtp_8v34p80000gn/T//cct8i6sf.s 			page 37


 773 0042 0028     		cmp	r0, #0
 774 0044 E9D0     		beq	.L45
 344:Drivers/STM32L0xx_HAL_Driver/Src/stm32l0xx_hal_flash_ex.c ****       return status;
 775              		.loc 1 344 7 is_stmt 1 view .LVU225
 344:Drivers/STM32L0xx_HAL_Driver/Src/stm32l0xx_hal_flash_ex.c ****       return status;
 776              		.loc 1 344 7 view .LVU226
 777 0046 154B     		ldr	r3, .L61
 778 0048 0022     		movs	r2, #0
 779 004a 1A74     		strb	r2, [r3, #16]
 344:Drivers/STM32L0xx_HAL_Driver/Src/stm32l0xx_hal_flash_ex.c ****       return status;
 780              		.loc 1 344 7 view .LVU227
 345:Drivers/STM32L0xx_HAL_Driver/Src/stm32l0xx_hal_flash_ex.c ****     }
 781              		.loc 1 345 7 view .LVU228
 345:Drivers/STM32L0xx_HAL_Driver/Src/stm32l0xx_hal_flash_ex.c ****     }
 782              		.loc 1 345 14 is_stmt 0 view .LVU229
 783 004c F4E7     		b	.L44
 784              	.L57:
 352:Drivers/STM32L0xx_HAL_Driver/Src/stm32l0xx_hal_flash_ex.c ****     if (status != HAL_OK)
 785              		.loc 1 352 5 is_stmt 1 view .LVU230
 352:Drivers/STM32L0xx_HAL_Driver/Src/stm32l0xx_hal_flash_ex.c ****     if (status != HAL_OK)
 786              		.loc 1 352 14 is_stmt 0 view .LVU231
 787 004e 207B     		ldrb	r0, [r4, #12]
 788              	.LVL78:
 352:Drivers/STM32L0xx_HAL_Driver/Src/stm32l0xx_hal_flash_ex.c ****     if (status != HAL_OK)
 789              		.loc 1 352 14 view .LVU232
 790 0050 FFF7FEFF 		bl	FLASH_OB_RDPConfig
 791              	.LVL79:
 353:Drivers/STM32L0xx_HAL_Driver/Src/stm32l0xx_hal_flash_ex.c ****     {
 792              		.loc 1 353 5 is_stmt 1 view .LVU233
 353:Drivers/STM32L0xx_HAL_Driver/Src/stm32l0xx_hal_flash_ex.c ****     {
 793              		.loc 1 353 8 is_stmt 0 view .LVU234
 794 0054 0028     		cmp	r0, #0
 795 0056 E3D0     		beq	.L46
 356:Drivers/STM32L0xx_HAL_Driver/Src/stm32l0xx_hal_flash_ex.c ****       return status;
 796              		.loc 1 356 7 is_stmt 1 view .LVU235
 356:Drivers/STM32L0xx_HAL_Driver/Src/stm32l0xx_hal_flash_ex.c ****       return status;
 797              		.loc 1 356 7 view .LVU236
 798 0058 104B     		ldr	r3, .L61
 799 005a 0022     		movs	r2, #0
 800 005c 1A74     		strb	r2, [r3, #16]
 356:Drivers/STM32L0xx_HAL_Driver/Src/stm32l0xx_hal_flash_ex.c ****       return status;
 801              		.loc 1 356 7 view .LVU237
 357:Drivers/STM32L0xx_HAL_Driver/Src/stm32l0xx_hal_flash_ex.c ****     }
 802              		.loc 1 357 7 view .LVU238
 357:Drivers/STM32L0xx_HAL_Driver/Src/stm32l0xx_hal_flash_ex.c ****     }
 803              		.loc 1 357 14 is_stmt 0 view .LVU239
 804 005e EBE7     		b	.L44
 805              	.L58:
 364:Drivers/STM32L0xx_HAL_Driver/Src/stm32l0xx_hal_flash_ex.c ****                                  pOBInit->USERConfig & OB_STOP_NORST,
 806              		.loc 1 364 5 is_stmt 1 view .LVU240
 364:Drivers/STM32L0xx_HAL_Driver/Src/stm32l0xx_hal_flash_ex.c ****                                  pOBInit->USERConfig & OB_STOP_NORST,
 807              		.loc 1 364 41 is_stmt 0 view .LVU241
 808 0060 A37B     		ldrb	r3, [r4, #14]
 364:Drivers/STM32L0xx_HAL_Driver/Src/stm32l0xx_hal_flash_ex.c ****                                  pOBInit->USERConfig & OB_STOP_NORST,
 809              		.loc 1 364 14 view .LVU242
 810 0062 4022     		movs	r2, #64
 811 0064 1A40     		ands	r2, r3
ARM GAS  /var/folders/d7/pb3dkhys6j3db_qtp_8v34p80000gn/T//cct8i6sf.s 			page 38


 812 0066 2021     		movs	r1, #32
 813 0068 1940     		ands	r1, r3
 814 006a 1020     		movs	r0, #16
 815              	.LVL80:
 364:Drivers/STM32L0xx_HAL_Driver/Src/stm32l0xx_hal_flash_ex.c ****                                  pOBInit->USERConfig & OB_STOP_NORST,
 816              		.loc 1 364 14 view .LVU243
 817 006c 1840     		ands	r0, r3
 818 006e FFF7FEFF 		bl	FLASH_OB_UserConfig
 819              	.LVL81:
 367:Drivers/STM32L0xx_HAL_Driver/Src/stm32l0xx_hal_flash_ex.c ****     {
 820              		.loc 1 367 5 is_stmt 1 view .LVU244
 367:Drivers/STM32L0xx_HAL_Driver/Src/stm32l0xx_hal_flash_ex.c ****     {
 821              		.loc 1 367 8 is_stmt 0 view .LVU245
 822 0072 0028     		cmp	r0, #0
 823 0074 D7D0     		beq	.L47
 370:Drivers/STM32L0xx_HAL_Driver/Src/stm32l0xx_hal_flash_ex.c ****       return status;
 824              		.loc 1 370 7 is_stmt 1 view .LVU246
 370:Drivers/STM32L0xx_HAL_Driver/Src/stm32l0xx_hal_flash_ex.c ****       return status;
 825              		.loc 1 370 7 view .LVU247
 826 0076 094B     		ldr	r3, .L61
 827 0078 0022     		movs	r2, #0
 828 007a 1A74     		strb	r2, [r3, #16]
 370:Drivers/STM32L0xx_HAL_Driver/Src/stm32l0xx_hal_flash_ex.c ****       return status;
 829              		.loc 1 370 7 view .LVU248
 371:Drivers/STM32L0xx_HAL_Driver/Src/stm32l0xx_hal_flash_ex.c ****     }
 830              		.loc 1 371 7 view .LVU249
 371:Drivers/STM32L0xx_HAL_Driver/Src/stm32l0xx_hal_flash_ex.c ****     }
 831              		.loc 1 371 14 is_stmt 0 view .LVU250
 832 007c DCE7     		b	.L44
 833              	.L59:
 378:Drivers/STM32L0xx_HAL_Driver/Src/stm32l0xx_hal_flash_ex.c ****     if (status != HAL_OK)
 834              		.loc 1 378 5 is_stmt 1 view .LVU251
 378:Drivers/STM32L0xx_HAL_Driver/Src/stm32l0xx_hal_flash_ex.c ****     if (status != HAL_OK)
 835              		.loc 1 378 14 is_stmt 0 view .LVU252
 836 007e 607B     		ldrb	r0, [r4, #13]
 837              	.LVL82:
 378:Drivers/STM32L0xx_HAL_Driver/Src/stm32l0xx_hal_flash_ex.c ****     if (status != HAL_OK)
 838              		.loc 1 378 14 view .LVU253
 839 0080 FFF7FEFF 		bl	FLASH_OB_BORConfig
 840              	.LVL83:
 379:Drivers/STM32L0xx_HAL_Driver/Src/stm32l0xx_hal_flash_ex.c ****     {
 841              		.loc 1 379 5 is_stmt 1 view .LVU254
 379:Drivers/STM32L0xx_HAL_Driver/Src/stm32l0xx_hal_flash_ex.c ****     {
 842              		.loc 1 379 8 is_stmt 0 view .LVU255
 843 0084 0028     		cmp	r0, #0
 844 0086 D1D0     		beq	.L48
 382:Drivers/STM32L0xx_HAL_Driver/Src/stm32l0xx_hal_flash_ex.c ****       return status;
 845              		.loc 1 382 7 is_stmt 1 view .LVU256
 382:Drivers/STM32L0xx_HAL_Driver/Src/stm32l0xx_hal_flash_ex.c ****       return status;
 846              		.loc 1 382 7 view .LVU257
 847 0088 044B     		ldr	r3, .L61
 848 008a 0022     		movs	r2, #0
 849 008c 1A74     		strb	r2, [r3, #16]
 382:Drivers/STM32L0xx_HAL_Driver/Src/stm32l0xx_hal_flash_ex.c ****       return status;
 850              		.loc 1 382 7 view .LVU258
 383:Drivers/STM32L0xx_HAL_Driver/Src/stm32l0xx_hal_flash_ex.c ****     }
 851              		.loc 1 383 7 view .LVU259
ARM GAS  /var/folders/d7/pb3dkhys6j3db_qtp_8v34p80000gn/T//cct8i6sf.s 			page 39


 383:Drivers/STM32L0xx_HAL_Driver/Src/stm32l0xx_hal_flash_ex.c ****     }
 852              		.loc 1 383 14 is_stmt 0 view .LVU260
 853 008e D3E7     		b	.L44
 854              	.L60:
 390:Drivers/STM32L0xx_HAL_Driver/Src/stm32l0xx_hal_flash_ex.c ****   }
 855              		.loc 1 390 5 is_stmt 1 view .LVU261
 390:Drivers/STM32L0xx_HAL_Driver/Src/stm32l0xx_hal_flash_ex.c ****   }
 856              		.loc 1 390 14 is_stmt 0 view .LVU262
 857 0090 E07B     		ldrb	r0, [r4, #15]
 858              	.LVL84:
 390:Drivers/STM32L0xx_HAL_Driver/Src/stm32l0xx_hal_flash_ex.c ****   }
 859              		.loc 1 390 14 view .LVU263
 860 0092 FFF7FEFF 		bl	FLASH_OB_BOOTBit1Config
 861              	.LVL85:
 862 0096 CCE7     		b	.L49
 863              	.LVL86:
 864              	.L50:
 327:Drivers/STM32L0xx_HAL_Driver/Src/stm32l0xx_hal_flash_ex.c **** 
 865              		.loc 1 327 3 discriminator 1 view .LVU264
 866 0098 0220     		movs	r0, #2
 867              	.LVL87:
 327:Drivers/STM32L0xx_HAL_Driver/Src/stm32l0xx_hal_flash_ex.c **** 
 868              		.loc 1 327 3 discriminator 1 view .LVU265
 869 009a CDE7     		b	.L44
 870              	.L62:
 871              		.align	2
 872              	.L61:
 873 009c 00000000 		.word	pFlash
 874              		.cfi_endproc
 875              	.LFE49:
 877              		.section	.text.HAL_FLASHEx_OBGetConfig,"ax",%progbits
 878              		.align	1
 879              		.global	HAL_FLASHEx_OBGetConfig
 880              		.syntax unified
 881              		.code	16
 882              		.thumb_func
 884              	HAL_FLASHEx_OBGetConfig:
 885              	.LVL88:
 886              	.LFB50:
 406:Drivers/STM32L0xx_HAL_Driver/Src/stm32l0xx_hal_flash_ex.c ****   pOBInit->OptionType = OPTIONBYTE_WRP | OPTIONBYTE_RDP | OPTIONBYTE_USER | OPTIONBYTE_BOR;
 887              		.loc 1 406 1 is_stmt 1 view -0
 888              		.cfi_startproc
 889              		@ args = 0, pretend = 0, frame = 0
 890              		@ frame_needed = 0, uses_anonymous_args = 0
 406:Drivers/STM32L0xx_HAL_Driver/Src/stm32l0xx_hal_flash_ex.c ****   pOBInit->OptionType = OPTIONBYTE_WRP | OPTIONBYTE_RDP | OPTIONBYTE_USER | OPTIONBYTE_BOR;
 891              		.loc 1 406 1 is_stmt 0 view .LVU267
 892 0000 10B5     		push	{r4, lr}
 893              	.LCFI6:
 894              		.cfi_def_cfa_offset 8
 895              		.cfi_offset 4, -8
 896              		.cfi_offset 14, -4
 897 0002 0400     		movs	r4, r0
 407:Drivers/STM32L0xx_HAL_Driver/Src/stm32l0xx_hal_flash_ex.c **** 
 898              		.loc 1 407 3 is_stmt 1 view .LVU268
 407:Drivers/STM32L0xx_HAL_Driver/Src/stm32l0xx_hal_flash_ex.c **** 
 899              		.loc 1 407 23 is_stmt 0 view .LVU269
 900 0004 0F23     		movs	r3, #15
ARM GAS  /var/folders/d7/pb3dkhys6j3db_qtp_8v34p80000gn/T//cct8i6sf.s 			page 40


 901 0006 0360     		str	r3, [r0]
 410:Drivers/STM32L0xx_HAL_Driver/Src/stm32l0xx_hal_flash_ex.c **** 
 902              		.loc 1 410 3 is_stmt 1 view .LVU270
 410:Drivers/STM32L0xx_HAL_Driver/Src/stm32l0xx_hal_flash_ex.c **** 
 903              		.loc 1 410 24 is_stmt 0 view .LVU271
 904 0008 FFF7FEFF 		bl	FLASH_OB_GetWRP
 905              	.LVL89:
 410:Drivers/STM32L0xx_HAL_Driver/Src/stm32l0xx_hal_flash_ex.c **** 
 906              		.loc 1 410 22 discriminator 1 view .LVU272
 907 000c A060     		str	r0, [r4, #8]
 417:Drivers/STM32L0xx_HAL_Driver/Src/stm32l0xx_hal_flash_ex.c **** 
 908              		.loc 1 417 3 is_stmt 1 view .LVU273
 417:Drivers/STM32L0xx_HAL_Driver/Src/stm32l0xx_hal_flash_ex.c **** 
 909              		.loc 1 417 25 is_stmt 0 view .LVU274
 910 000e FFF7FEFF 		bl	FLASH_OB_GetRDP
 911              	.LVL90:
 417:Drivers/STM32L0xx_HAL_Driver/Src/stm32l0xx_hal_flash_ex.c **** 
 912              		.loc 1 417 23 discriminator 1 view .LVU275
 913 0012 2073     		strb	r0, [r4, #12]
 420:Drivers/STM32L0xx_HAL_Driver/Src/stm32l0xx_hal_flash_ex.c **** 
 914              		.loc 1 420 3 is_stmt 1 view .LVU276
 420:Drivers/STM32L0xx_HAL_Driver/Src/stm32l0xx_hal_flash_ex.c **** 
 915              		.loc 1 420 25 is_stmt 0 view .LVU277
 916 0014 FFF7FEFF 		bl	FLASH_OB_GetUser
 917              	.LVL91:
 420:Drivers/STM32L0xx_HAL_Driver/Src/stm32l0xx_hal_flash_ex.c **** 
 918              		.loc 1 420 23 discriminator 1 view .LVU278
 919 0018 A073     		strb	r0, [r4, #14]
 423:Drivers/STM32L0xx_HAL_Driver/Src/stm32l0xx_hal_flash_ex.c **** 
 920              		.loc 1 423 3 is_stmt 1 view .LVU279
 423:Drivers/STM32L0xx_HAL_Driver/Src/stm32l0xx_hal_flash_ex.c **** 
 921              		.loc 1 423 25 is_stmt 0 view .LVU280
 922 001a FFF7FEFF 		bl	FLASH_OB_GetBOR
 923              	.LVL92:
 423:Drivers/STM32L0xx_HAL_Driver/Src/stm32l0xx_hal_flash_ex.c **** 
 924              		.loc 1 423 23 discriminator 1 view .LVU281
 925 001e 6073     		strb	r0, [r4, #13]
 426:Drivers/STM32L0xx_HAL_Driver/Src/stm32l0xx_hal_flash_ex.c **** }
 926              		.loc 1 426 3 is_stmt 1 view .LVU282
 426:Drivers/STM32L0xx_HAL_Driver/Src/stm32l0xx_hal_flash_ex.c **** }
 927              		.loc 1 426 29 is_stmt 0 view .LVU283
 928 0020 FFF7FEFF 		bl	FLASH_OB_GetBOOTBit1
 929              	.LVL93:
 426:Drivers/STM32L0xx_HAL_Driver/Src/stm32l0xx_hal_flash_ex.c **** }
 930              		.loc 1 426 27 discriminator 1 view .LVU284
 931 0024 E073     		strb	r0, [r4, #15]
 427:Drivers/STM32L0xx_HAL_Driver/Src/stm32l0xx_hal_flash_ex.c **** 
 932              		.loc 1 427 1 view .LVU285
 933              		@ sp needed
 934              	.LVL94:
 427:Drivers/STM32L0xx_HAL_Driver/Src/stm32l0xx_hal_flash_ex.c **** 
 935              		.loc 1 427 1 view .LVU286
 936 0026 10BD     		pop	{r4, pc}
 937              		.cfi_endproc
 938              	.LFE50:
 940              		.section	.text.HAL_FLASHEx_AdvOBProgram,"ax",%progbits
 941              		.align	1
ARM GAS  /var/folders/d7/pb3dkhys6j3db_qtp_8v34p80000gn/T//cct8i6sf.s 			page 41


 942              		.global	HAL_FLASHEx_AdvOBProgram
 943              		.syntax unified
 944              		.code	16
 945              		.thumb_func
 947              	HAL_FLASHEx_AdvOBProgram:
 948              	.LVL95:
 949              	.LFB51:
 439:Drivers/STM32L0xx_HAL_Driver/Src/stm32l0xx_hal_flash_ex.c ****   HAL_StatusTypeDef status = HAL_ERROR;
 950              		.loc 1 439 1 is_stmt 1 view -0
 951              		.cfi_startproc
 952              		@ args = 0, pretend = 0, frame = 0
 953              		@ frame_needed = 0, uses_anonymous_args = 0
 439:Drivers/STM32L0xx_HAL_Driver/Src/stm32l0xx_hal_flash_ex.c ****   HAL_StatusTypeDef status = HAL_ERROR;
 954              		.loc 1 439 1 is_stmt 0 view .LVU288
 955 0000 10B5     		push	{r4, lr}
 956              	.LCFI7:
 957              		.cfi_def_cfa_offset 8
 958              		.cfi_offset 4, -8
 959              		.cfi_offset 14, -4
 440:Drivers/STM32L0xx_HAL_Driver/Src/stm32l0xx_hal_flash_ex.c ****   
 960              		.loc 1 440 3 is_stmt 1 view .LVU289
 961              	.LVL96:
 443:Drivers/STM32L0xx_HAL_Driver/Src/stm32l0xx_hal_flash_ex.c **** 
 962              		.loc 1 443 3 view .LVU290
 448:Drivers/STM32L0xx_HAL_Driver/Src/stm32l0xx_hal_flash_ex.c ****   {
 963              		.loc 1 448 3 view .LVU291
 448:Drivers/STM32L0xx_HAL_Driver/Src/stm32l0xx_hal_flash_ex.c ****   {
 964              		.loc 1 448 18 is_stmt 0 view .LVU292
 965 0002 0368     		ldr	r3, [r0]
 448:Drivers/STM32L0xx_HAL_Driver/Src/stm32l0xx_hal_flash_ex.c ****   {
 966              		.loc 1 448 6 view .LVU293
 967 0004 DB07     		lsls	r3, r3, #31
 968 0006 01D4     		bmi	.L67
 440:Drivers/STM32L0xx_HAL_Driver/Src/stm32l0xx_hal_flash_ex.c ****   
 969              		.loc 1 440 21 view .LVU294
 970 0008 0120     		movs	r0, #1
 971              	.LVL97:
 972              	.L65:
 471:Drivers/STM32L0xx_HAL_Driver/Src/stm32l0xx_hal_flash_ex.c **** }
 973              		.loc 1 471 3 is_stmt 1 view .LVU295
 472:Drivers/STM32L0xx_HAL_Driver/Src/stm32l0xx_hal_flash_ex.c **** 
 974              		.loc 1 472 1 is_stmt 0 view .LVU296
 975              		@ sp needed
 976 000a 10BD     		pop	{r4, pc}
 977              	.LVL98:
 978              	.L67:
 451:Drivers/STM32L0xx_HAL_Driver/Src/stm32l0xx_hal_flash_ex.c **** #if defined(STM32L071xx) || defined(STM32L072xx) || defined(STM32L073xx) || defined(STM32L081xx) ||
 979              		.loc 1 451 5 is_stmt 1 view .LVU297
 455:Drivers/STM32L0xx_HAL_Driver/Src/stm32l0xx_hal_flash_ex.c **** #endif
 980              		.loc 1 455 5 view .LVU298
 455:Drivers/STM32L0xx_HAL_Driver/Src/stm32l0xx_hal_flash_ex.c **** #endif
 981              		.loc 1 455 14 is_stmt 0 view .LVU299
 982 000c 4168     		ldr	r1, [r0, #4]
 983 000e 8068     		ldr	r0, [r0, #8]
 984              	.LVL99:
 455:Drivers/STM32L0xx_HAL_Driver/Src/stm32l0xx_hal_flash_ex.c **** #endif
 985              		.loc 1 455 14 view .LVU300
ARM GAS  /var/folders/d7/pb3dkhys6j3db_qtp_8v34p80000gn/T//cct8i6sf.s 			page 42


 986 0010 FFF7FEFF 		bl	FLASH_OB_ProtectedSectorsConfig
 987              	.LVL100:
 455:Drivers/STM32L0xx_HAL_Driver/Src/stm32l0xx_hal_flash_ex.c **** #endif
 988              		.loc 1 455 14 view .LVU301
 989 0014 F9E7     		b	.L65
 990              		.cfi_endproc
 991              	.LFE51:
 993              		.section	.text.HAL_FLASHEx_AdvOBGetConfig,"ax",%progbits
 994              		.align	1
 995              		.global	HAL_FLASHEx_AdvOBGetConfig
 996              		.syntax unified
 997              		.code	16
 998              		.thumb_func
 1000              	HAL_FLASHEx_AdvOBGetConfig:
 1001              	.LVL101:
 1002              	.LFB52:
 482:Drivers/STM32L0xx_HAL_Driver/Src/stm32l0xx_hal_flash_ex.c ****   pAdvOBInit->OptionType = 0;
 1003              		.loc 1 482 1 is_stmt 1 view -0
 1004              		.cfi_startproc
 1005              		@ args = 0, pretend = 0, frame = 0
 1006              		@ frame_needed = 0, uses_anonymous_args = 0
 1007              		@ link register save eliminated.
 483:Drivers/STM32L0xx_HAL_Driver/Src/stm32l0xx_hal_flash_ex.c ****   
 1008              		.loc 1 483 3 view .LVU303
 483:Drivers/STM32L0xx_HAL_Driver/Src/stm32l0xx_hal_flash_ex.c ****   
 1009              		.loc 1 483 26 is_stmt 0 view .LVU304
 1010 0000 0023     		movs	r3, #0
 1011 0002 0360     		str	r3, [r0]
 487:Drivers/STM32L0xx_HAL_Driver/Src/stm32l0xx_hal_flash_ex.c **** 
 1012              		.loc 1 487 3 is_stmt 1 view .LVU305
 487:Drivers/STM32L0xx_HAL_Driver/Src/stm32l0xx_hal_flash_ex.c **** 
 1013              		.loc 1 487 26 is_stmt 0 view .LVU306
 1014 0004 0133     		adds	r3, r3, #1
 1015 0006 0360     		str	r3, [r0]
 491:Drivers/STM32L0xx_HAL_Driver/Src/stm32l0xx_hal_flash_ex.c ****   /* Get PCROP protected sector */
 1016              		.loc 1 491 3 is_stmt 1 view .LVU307
 491:Drivers/STM32L0xx_HAL_Driver/Src/stm32l0xx_hal_flash_ex.c ****   /* Get PCROP protected sector */
 1017              		.loc 1 491 34 is_stmt 0 view .LVU308
 1018 0008 0349     		ldr	r1, .L69
 1019 000a CA69     		ldr	r2, [r1, #28]
 491:Drivers/STM32L0xx_HAL_Driver/Src/stm32l0xx_hal_flash_ex.c ****   /* Get PCROP protected sector */
 1020              		.loc 1 491 62 view .LVU309
 1021 000c 120A     		lsrs	r2, r2, #8
 1022 000e 1340     		ands	r3, r2
 491:Drivers/STM32L0xx_HAL_Driver/Src/stm32l0xx_hal_flash_ex.c ****   /* Get PCROP protected sector */
 1023              		.loc 1 491 26 view .LVU310
 1024 0010 4360     		str	r3, [r0, #4]
 493:Drivers/STM32L0xx_HAL_Driver/Src/stm32l0xx_hal_flash_ex.c **** 
 1025              		.loc 1 493 3 is_stmt 1 view .LVU311
 493:Drivers/STM32L0xx_HAL_Driver/Src/stm32l0xx_hal_flash_ex.c **** 
 1026              		.loc 1 493 34 is_stmt 0 view .LVU312
 1027 0012 0B6A     		ldr	r3, [r1, #32]
 493:Drivers/STM32L0xx_HAL_Driver/Src/stm32l0xx_hal_flash_ex.c **** 
 1028              		.loc 1 493 27 view .LVU313
 1029 0014 8360     		str	r3, [r0, #8]
 509:Drivers/STM32L0xx_HAL_Driver/Src/stm32l0xx_hal_flash_ex.c **** 
 1030              		.loc 1 509 1 view .LVU314
ARM GAS  /var/folders/d7/pb3dkhys6j3db_qtp_8v34p80000gn/T//cct8i6sf.s 			page 43


 1031              		@ sp needed
 1032 0016 7047     		bx	lr
 1033              	.L70:
 1034              		.align	2
 1035              	.L69:
 1036 0018 00200240 		.word	1073881088
 1037              		.cfi_endproc
 1038              	.LFE52:
 1040              		.section	.text.HAL_FLASHEx_OB_SelectPCROP,"ax",%progbits
 1041              		.align	1
 1042              		.global	HAL_FLASHEx_OB_SelectPCROP
 1043              		.syntax unified
 1044              		.code	16
 1045              		.thumb_func
 1047              	HAL_FLASHEx_OB_SelectPCROP:
 1048              	.LFB53:
 522:Drivers/STM32L0xx_HAL_Driver/Src/stm32l0xx_hal_flash_ex.c ****   HAL_StatusTypeDef status = HAL_OK;
 1049              		.loc 1 522 1 is_stmt 1 view -0
 1050              		.cfi_startproc
 1051              		@ args = 0, pretend = 0, frame = 0
 1052              		@ frame_needed = 0, uses_anonymous_args = 0
 1053 0000 10B5     		push	{r4, lr}
 1054              	.LCFI8:
 1055              		.cfi_def_cfa_offset 8
 1056              		.cfi_offset 4, -8
 1057              		.cfi_offset 14, -4
 523:Drivers/STM32L0xx_HAL_Driver/Src/stm32l0xx_hal_flash_ex.c ****   uint16_t tmp1 = 0;
 1058              		.loc 1 523 3 view .LVU316
 1059              	.LVL102:
 524:Drivers/STM32L0xx_HAL_Driver/Src/stm32l0xx_hal_flash_ex.c ****   uint32_t tmp2 = 0;
 1060              		.loc 1 524 3 view .LVU317
 525:Drivers/STM32L0xx_HAL_Driver/Src/stm32l0xx_hal_flash_ex.c ****   uint8_t optiontmp = 0;
 1061              		.loc 1 525 3 view .LVU318
 526:Drivers/STM32L0xx_HAL_Driver/Src/stm32l0xx_hal_flash_ex.c ****   uint16_t optiontmp2 = 0;
 1062              		.loc 1 526 3 view .LVU319
 527:Drivers/STM32L0xx_HAL_Driver/Src/stm32l0xx_hal_flash_ex.c ****   
 1063              		.loc 1 527 3 view .LVU320
 529:Drivers/STM32L0xx_HAL_Driver/Src/stm32l0xx_hal_flash_ex.c ****   
 1064              		.loc 1 529 3 view .LVU321
 529:Drivers/STM32L0xx_HAL_Driver/Src/stm32l0xx_hal_flash_ex.c ****   
 1065              		.loc 1 529 12 is_stmt 0 view .LVU322
 1066 0002 0B48     		ldr	r0, .L74
 1067 0004 FFF7FEFF 		bl	FLASH_WaitForLastOperation
 1068              	.LVL103:
 532:Drivers/STM32L0xx_HAL_Driver/Src/stm32l0xx_hal_flash_ex.c ****   
 1069              		.loc 1 532 3 is_stmt 1 view .LVU323
 532:Drivers/STM32L0xx_HAL_Driver/Src/stm32l0xx_hal_flash_ex.c ****   
 1070              		.loc 1 532 13 is_stmt 0 view .LVU324
 1071 0008 0A4B     		ldr	r3, .L74+4
 1072 000a 1978     		ldrb	r1, [r3]
 1073              	.LVL104:
 535:Drivers/STM32L0xx_HAL_Driver/Src/stm32l0xx_hal_flash_ex.c ****   
 1074              		.loc 1 535 3 is_stmt 1 view .LVU325
 535:Drivers/STM32L0xx_HAL_Driver/Src/stm32l0xx_hal_flash_ex.c ****   
 1075              		.loc 1 535 14 is_stmt 0 view .LVU326
 1076 000c 8023     		movs	r3, #128
 1077 000e 5B00     		lsls	r3, r3, #1
ARM GAS  /var/folders/d7/pb3dkhys6j3db_qtp_8v34p80000gn/T//cct8i6sf.s 			page 44


 1078 0010 1943     		orrs	r1, r3
 1079              	.LVL105:
 538:Drivers/STM32L0xx_HAL_Driver/Src/stm32l0xx_hal_flash_ex.c ****   tmp2 = (uint32_t)(((uint32_t)((uint32_t)(tmp1) << 16U)) | ((uint32_t)optiontmp2));
 1080              		.loc 1 538 3 is_stmt 1 view .LVU327
 538:Drivers/STM32L0xx_HAL_Driver/Src/stm32l0xx_hal_flash_ex.c ****   tmp2 = (uint32_t)(((uint32_t)((uint32_t)(tmp1) << 16U)) | ((uint32_t)optiontmp2));
 1081              		.loc 1 538 8 is_stmt 0 view .LVU328
 1082 0012 CB43     		mvns	r3, r1
 1083              	.LVL106:
 539:Drivers/STM32L0xx_HAL_Driver/Src/stm32l0xx_hal_flash_ex.c ****   
 1084              		.loc 1 539 3 is_stmt 1 view .LVU329
 539:Drivers/STM32L0xx_HAL_Driver/Src/stm32l0xx_hal_flash_ex.c ****   
 1085              		.loc 1 539 22 is_stmt 0 view .LVU330
 1086 0014 1B04     		lsls	r3, r3, #16
 1087              	.LVL107:
 539:Drivers/STM32L0xx_HAL_Driver/Src/stm32l0xx_hal_flash_ex.c ****   
 1088              		.loc 1 539 8 view .LVU331
 1089 0016 0B43     		orrs	r3, r1
 1090              	.LVL108:
 541:Drivers/STM32L0xx_HAL_Driver/Src/stm32l0xx_hal_flash_ex.c ****   {         
 1091              		.loc 1 541 3 is_stmt 1 view .LVU332
 541:Drivers/STM32L0xx_HAL_Driver/Src/stm32l0xx_hal_flash_ex.c ****   {         
 1092              		.loc 1 541 5 is_stmt 0 view .LVU333
 1093 0018 0028     		cmp	r0, #0
 1094 001a 00D0     		beq	.L73
 1095              	.LVL109:
 1096              	.L72:
 554:Drivers/STM32L0xx_HAL_Driver/Src/stm32l0xx_hal_flash_ex.c **** }
 1097              		.loc 1 554 3 is_stmt 1 view .LVU334
 555:Drivers/STM32L0xx_HAL_Driver/Src/stm32l0xx_hal_flash_ex.c **** 
 1098              		.loc 1 555 1 is_stmt 0 view .LVU335
 1099              		@ sp needed
 1100 001c 10BD     		pop	{r4, pc}
 1101              	.LVL110:
 1102              	.L73:
 544:Drivers/STM32L0xx_HAL_Driver/Src/stm32l0xx_hal_flash_ex.c **** 
 1103              		.loc 1 544 5 is_stmt 1 view .LVU336
 544:Drivers/STM32L0xx_HAL_Driver/Src/stm32l0xx_hal_flash_ex.c **** 
 1104              		.loc 1 544 22 is_stmt 0 view .LVU337
 1105 001e 064A     		ldr	r2, .L74+8
 1106 0020 0021     		movs	r1, #0
 1107              	.LVL111:
 544:Drivers/STM32L0xx_HAL_Driver/Src/stm32l0xx_hal_flash_ex.c **** 
 1108              		.loc 1 544 22 view .LVU338
 1109 0022 5161     		str	r1, [r2, #20]
 547:Drivers/STM32L0xx_HAL_Driver/Src/stm32l0xx_hal_flash_ex.c ****     
 1110              		.loc 1 547 5 is_stmt 1 view .LVU339
 547:Drivers/STM32L0xx_HAL_Driver/Src/stm32l0xx_hal_flash_ex.c ****     
 1111              		.loc 1 547 13 is_stmt 0 view .LVU340
 1112 0024 034A     		ldr	r2, .L74+4
 1113 0026 1360     		str	r3, [r2]
 550:Drivers/STM32L0xx_HAL_Driver/Src/stm32l0xx_hal_flash_ex.c ****   }
 1114              		.loc 1 550 5 is_stmt 1 view .LVU341
 550:Drivers/STM32L0xx_HAL_Driver/Src/stm32l0xx_hal_flash_ex.c ****   }
 1115              		.loc 1 550 14 is_stmt 0 view .LVU342
 1116 0028 0148     		ldr	r0, .L74
 1117              	.LVL112:
 550:Drivers/STM32L0xx_HAL_Driver/Src/stm32l0xx_hal_flash_ex.c ****   }
ARM GAS  /var/folders/d7/pb3dkhys6j3db_qtp_8v34p80000gn/T//cct8i6sf.s 			page 45


 1118              		.loc 1 550 14 view .LVU343
 1119 002a FFF7FEFF 		bl	FLASH_WaitForLastOperation
 1120              	.LVL113:
 550:Drivers/STM32L0xx_HAL_Driver/Src/stm32l0xx_hal_flash_ex.c ****   }
 1121              		.loc 1 550 14 view .LVU344
 1122 002e F5E7     		b	.L72
 1123              	.L75:
 1124              		.align	2
 1125              	.L74:
 1126 0030 50C30000 		.word	50000
 1127 0034 0000F81F 		.word	536346624
 1128 0038 00000000 		.word	pFlash
 1129              		.cfi_endproc
 1130              	.LFE53:
 1132              		.section	.text.HAL_FLASHEx_OB_DeSelectPCROP,"ax",%progbits
 1133              		.align	1
 1134              		.global	HAL_FLASHEx_OB_DeSelectPCROP
 1135              		.syntax unified
 1136              		.code	16
 1137              		.thumb_func
 1139              	HAL_FLASHEx_OB_DeSelectPCROP:
 1140              	.LFB54:
 564:Drivers/STM32L0xx_HAL_Driver/Src/stm32l0xx_hal_flash_ex.c ****   HAL_StatusTypeDef status = HAL_OK;
 1141              		.loc 1 564 1 is_stmt 1 view -0
 1142              		.cfi_startproc
 1143              		@ args = 0, pretend = 0, frame = 0
 1144              		@ frame_needed = 0, uses_anonymous_args = 0
 1145 0000 10B5     		push	{r4, lr}
 1146              	.LCFI9:
 1147              		.cfi_def_cfa_offset 8
 1148              		.cfi_offset 4, -8
 1149              		.cfi_offset 14, -4
 565:Drivers/STM32L0xx_HAL_Driver/Src/stm32l0xx_hal_flash_ex.c ****   uint16_t tmp1 = 0;
 1150              		.loc 1 565 3 view .LVU346
 1151              	.LVL114:
 566:Drivers/STM32L0xx_HAL_Driver/Src/stm32l0xx_hal_flash_ex.c ****   uint32_t tmp2 = 0;
 1152              		.loc 1 566 3 view .LVU347
 567:Drivers/STM32L0xx_HAL_Driver/Src/stm32l0xx_hal_flash_ex.c ****   uint8_t optiontmp = 0;
 1153              		.loc 1 567 3 view .LVU348
 568:Drivers/STM32L0xx_HAL_Driver/Src/stm32l0xx_hal_flash_ex.c ****   uint16_t optiontmp2 = 0;
 1154              		.loc 1 568 3 view .LVU349
 569:Drivers/STM32L0xx_HAL_Driver/Src/stm32l0xx_hal_flash_ex.c ****   
 1155              		.loc 1 569 3 view .LVU350
 571:Drivers/STM32L0xx_HAL_Driver/Src/stm32l0xx_hal_flash_ex.c ****   
 1156              		.loc 1 571 3 view .LVU351
 571:Drivers/STM32L0xx_HAL_Driver/Src/stm32l0xx_hal_flash_ex.c ****   
 1157              		.loc 1 571 12 is_stmt 0 view .LVU352
 1158 0002 0A48     		ldr	r0, .L79
 1159 0004 FFF7FEFF 		bl	FLASH_WaitForLastOperation
 1160              	.LVL115:
 574:Drivers/STM32L0xx_HAL_Driver/Src/stm32l0xx_hal_flash_ex.c ****   
 1161              		.loc 1 574 3 is_stmt 1 view .LVU353
 574:Drivers/STM32L0xx_HAL_Driver/Src/stm32l0xx_hal_flash_ex.c ****   
 1162              		.loc 1 574 13 is_stmt 0 view .LVU354
 1163 0008 094B     		ldr	r3, .L79+4
 1164 000a 1B78     		ldrb	r3, [r3]
 1165              	.LVL116:
ARM GAS  /var/folders/d7/pb3dkhys6j3db_qtp_8v34p80000gn/T//cct8i6sf.s 			page 46


 577:Drivers/STM32L0xx_HAL_Driver/Src/stm32l0xx_hal_flash_ex.c ****   
 1166              		.loc 1 577 3 is_stmt 1 view .LVU355
 580:Drivers/STM32L0xx_HAL_Driver/Src/stm32l0xx_hal_flash_ex.c ****   tmp2 = (uint32_t)(((uint32_t)((uint32_t)(tmp1) << 16U)) | ((uint32_t)optiontmp2));
 1167              		.loc 1 580 3 view .LVU356
 580:Drivers/STM32L0xx_HAL_Driver/Src/stm32l0xx_hal_flash_ex.c ****   tmp2 = (uint32_t)(((uint32_t)((uint32_t)(tmp1) << 16U)) | ((uint32_t)optiontmp2));
 1168              		.loc 1 580 8 is_stmt 0 view .LVU357
 1169 000c DA43     		mvns	r2, r3
 1170              	.LVL117:
 581:Drivers/STM32L0xx_HAL_Driver/Src/stm32l0xx_hal_flash_ex.c ****   
 1171              		.loc 1 581 3 is_stmt 1 view .LVU358
 581:Drivers/STM32L0xx_HAL_Driver/Src/stm32l0xx_hal_flash_ex.c ****   
 1172              		.loc 1 581 22 is_stmt 0 view .LVU359
 1173 000e 1204     		lsls	r2, r2, #16
 1174              	.LVL118:
 581:Drivers/STM32L0xx_HAL_Driver/Src/stm32l0xx_hal_flash_ex.c ****   
 1175              		.loc 1 581 8 view .LVU360
 1176 0010 1343     		orrs	r3, r2
 1177              	.LVL119:
 583:Drivers/STM32L0xx_HAL_Driver/Src/stm32l0xx_hal_flash_ex.c ****   {         
 1178              		.loc 1 583 3 is_stmt 1 view .LVU361
 583:Drivers/STM32L0xx_HAL_Driver/Src/stm32l0xx_hal_flash_ex.c ****   {         
 1179              		.loc 1 583 5 is_stmt 0 view .LVU362
 1180 0012 0028     		cmp	r0, #0
 1181 0014 00D0     		beq	.L78
 1182              	.LVL120:
 1183              	.L77:
 596:Drivers/STM32L0xx_HAL_Driver/Src/stm32l0xx_hal_flash_ex.c **** }
 1184              		.loc 1 596 3 is_stmt 1 view .LVU363
 597:Drivers/STM32L0xx_HAL_Driver/Src/stm32l0xx_hal_flash_ex.c **** 
 1185              		.loc 1 597 1 is_stmt 0 view .LVU364
 1186              		@ sp needed
 1187 0016 10BD     		pop	{r4, pc}
 1188              	.LVL121:
 1189              	.L78:
 586:Drivers/STM32L0xx_HAL_Driver/Src/stm32l0xx_hal_flash_ex.c **** 
 1190              		.loc 1 586 5 is_stmt 1 view .LVU365
 586:Drivers/STM32L0xx_HAL_Driver/Src/stm32l0xx_hal_flash_ex.c **** 
 1191              		.loc 1 586 22 is_stmt 0 view .LVU366
 1192 0018 064A     		ldr	r2, .L79+8
 1193 001a 0021     		movs	r1, #0
 1194 001c 5161     		str	r1, [r2, #20]
 589:Drivers/STM32L0xx_HAL_Driver/Src/stm32l0xx_hal_flash_ex.c ****     
 1195              		.loc 1 589 5 is_stmt 1 view .LVU367
 589:Drivers/STM32L0xx_HAL_Driver/Src/stm32l0xx_hal_flash_ex.c ****     
 1196              		.loc 1 589 13 is_stmt 0 view .LVU368
 1197 001e 044A     		ldr	r2, .L79+4
 1198 0020 1360     		str	r3, [r2]
 592:Drivers/STM32L0xx_HAL_Driver/Src/stm32l0xx_hal_flash_ex.c ****   }
 1199              		.loc 1 592 5 is_stmt 1 view .LVU369
 592:Drivers/STM32L0xx_HAL_Driver/Src/stm32l0xx_hal_flash_ex.c ****   }
 1200              		.loc 1 592 14 is_stmt 0 view .LVU370
 1201 0022 0248     		ldr	r0, .L79
 1202              	.LVL122:
 592:Drivers/STM32L0xx_HAL_Driver/Src/stm32l0xx_hal_flash_ex.c ****   }
 1203              		.loc 1 592 14 view .LVU371
 1204 0024 FFF7FEFF 		bl	FLASH_WaitForLastOperation
 1205              	.LVL123:
ARM GAS  /var/folders/d7/pb3dkhys6j3db_qtp_8v34p80000gn/T//cct8i6sf.s 			page 47


 592:Drivers/STM32L0xx_HAL_Driver/Src/stm32l0xx_hal_flash_ex.c ****   }
 1206              		.loc 1 592 14 view .LVU372
 1207 0028 F5E7     		b	.L77
 1208              	.L80:
 1209 002a C046     		.align	2
 1210              	.L79:
 1211 002c 50C30000 		.word	50000
 1212 0030 0000F81F 		.word	536346624
 1213 0034 00000000 		.word	pFlash
 1214              		.cfi_endproc
 1215              	.LFE54:
 1217              		.section	.text.HAL_FLASHEx_DATAEEPROM_Unlock,"ax",%progbits
 1218              		.align	1
 1219              		.global	HAL_FLASHEx_DATAEEPROM_Unlock
 1220              		.syntax unified
 1221              		.code	16
 1222              		.thumb_func
 1224              	HAL_FLASHEx_DATAEEPROM_Unlock:
 1225              	.LFB55:
 630:Drivers/STM32L0xx_HAL_Driver/Src/stm32l0xx_hal_flash_ex.c ****   uint32_t primask_bit;
 1226              		.loc 1 630 1 is_stmt 1 view -0
 1227              		.cfi_startproc
 1228              		@ args = 0, pretend = 0, frame = 0
 1229              		@ frame_needed = 0, uses_anonymous_args = 0
 1230              		@ link register save eliminated.
 631:Drivers/STM32L0xx_HAL_Driver/Src/stm32l0xx_hal_flash_ex.c **** 
 1231              		.loc 1 631 3 view .LVU374
 633:Drivers/STM32L0xx_HAL_Driver/Src/stm32l0xx_hal_flash_ex.c ****   {  
 1232              		.loc 1 633 3 view .LVU375
 633:Drivers/STM32L0xx_HAL_Driver/Src/stm32l0xx_hal_flash_ex.c ****   {  
 1233              		.loc 1 633 12 is_stmt 0 view .LVU376
 1234 0000 0B4B     		ldr	r3, .L85
 1235 0002 5B68     		ldr	r3, [r3, #4]
 633:Drivers/STM32L0xx_HAL_Driver/Src/stm32l0xx_hal_flash_ex.c ****   {  
 1236              		.loc 1 633 5 view .LVU377
 1237 0004 DB07     		lsls	r3, r3, #31
 1238 0006 0ED5     		bpl	.L83
 636:Drivers/STM32L0xx_HAL_Driver/Src/stm32l0xx_hal_flash_ex.c ****     __disable_irq();
 1239              		.loc 1 636 5 is_stmt 1 view .LVU378
 1240              	.LBB8:
 1241              	.LBI8:
 1242              		.file 2 "Drivers/CMSIS/Include/cmsis_gcc.h"
   1:Drivers/CMSIS/Include/cmsis_gcc.h **** /**************************************************************************//**
   2:Drivers/CMSIS/Include/cmsis_gcc.h ****  * @file     cmsis_gcc.h
   3:Drivers/CMSIS/Include/cmsis_gcc.h ****  * @brief    CMSIS compiler GCC header file
   4:Drivers/CMSIS/Include/cmsis_gcc.h ****  * @version  V5.0.4
   5:Drivers/CMSIS/Include/cmsis_gcc.h ****  * @date     09. April 2018
   6:Drivers/CMSIS/Include/cmsis_gcc.h ****  ******************************************************************************/
   7:Drivers/CMSIS/Include/cmsis_gcc.h **** /*
   8:Drivers/CMSIS/Include/cmsis_gcc.h ****  * Copyright (c) 2009-2018 Arm Limited. All rights reserved.
   9:Drivers/CMSIS/Include/cmsis_gcc.h ****  *
  10:Drivers/CMSIS/Include/cmsis_gcc.h ****  * SPDX-License-Identifier: Apache-2.0
  11:Drivers/CMSIS/Include/cmsis_gcc.h ****  *
  12:Drivers/CMSIS/Include/cmsis_gcc.h ****  * Licensed under the Apache License, Version 2.0 (the License); you may
  13:Drivers/CMSIS/Include/cmsis_gcc.h ****  * not use this file except in compliance with the License.
  14:Drivers/CMSIS/Include/cmsis_gcc.h ****  * You may obtain a copy of the License at
  15:Drivers/CMSIS/Include/cmsis_gcc.h ****  *
ARM GAS  /var/folders/d7/pb3dkhys6j3db_qtp_8v34p80000gn/T//cct8i6sf.s 			page 48


  16:Drivers/CMSIS/Include/cmsis_gcc.h ****  * www.apache.org/licenses/LICENSE-2.0
  17:Drivers/CMSIS/Include/cmsis_gcc.h ****  *
  18:Drivers/CMSIS/Include/cmsis_gcc.h ****  * Unless required by applicable law or agreed to in writing, software
  19:Drivers/CMSIS/Include/cmsis_gcc.h ****  * distributed under the License is distributed on an AS IS BASIS, WITHOUT
  20:Drivers/CMSIS/Include/cmsis_gcc.h ****  * WARRANTIES OR CONDITIONS OF ANY KIND, either express or implied.
  21:Drivers/CMSIS/Include/cmsis_gcc.h ****  * See the License for the specific language governing permissions and
  22:Drivers/CMSIS/Include/cmsis_gcc.h ****  * limitations under the License.
  23:Drivers/CMSIS/Include/cmsis_gcc.h ****  */
  24:Drivers/CMSIS/Include/cmsis_gcc.h **** 
  25:Drivers/CMSIS/Include/cmsis_gcc.h **** #ifndef __CMSIS_GCC_H
  26:Drivers/CMSIS/Include/cmsis_gcc.h **** #define __CMSIS_GCC_H
  27:Drivers/CMSIS/Include/cmsis_gcc.h **** 
  28:Drivers/CMSIS/Include/cmsis_gcc.h **** /* ignore some GCC warnings */
  29:Drivers/CMSIS/Include/cmsis_gcc.h **** #pragma GCC diagnostic push
  30:Drivers/CMSIS/Include/cmsis_gcc.h **** #pragma GCC diagnostic ignored "-Wsign-conversion"
  31:Drivers/CMSIS/Include/cmsis_gcc.h **** #pragma GCC diagnostic ignored "-Wconversion"
  32:Drivers/CMSIS/Include/cmsis_gcc.h **** #pragma GCC diagnostic ignored "-Wunused-parameter"
  33:Drivers/CMSIS/Include/cmsis_gcc.h **** 
  34:Drivers/CMSIS/Include/cmsis_gcc.h **** /* Fallback for __has_builtin */
  35:Drivers/CMSIS/Include/cmsis_gcc.h **** #ifndef __has_builtin
  36:Drivers/CMSIS/Include/cmsis_gcc.h ****   #define __has_builtin(x) (0)
  37:Drivers/CMSIS/Include/cmsis_gcc.h **** #endif
  38:Drivers/CMSIS/Include/cmsis_gcc.h **** 
  39:Drivers/CMSIS/Include/cmsis_gcc.h **** /* CMSIS compiler specific defines */
  40:Drivers/CMSIS/Include/cmsis_gcc.h **** #ifndef   __ASM
  41:Drivers/CMSIS/Include/cmsis_gcc.h ****   #define __ASM                                  __asm
  42:Drivers/CMSIS/Include/cmsis_gcc.h **** #endif
  43:Drivers/CMSIS/Include/cmsis_gcc.h **** #ifndef   __INLINE
  44:Drivers/CMSIS/Include/cmsis_gcc.h ****   #define __INLINE                               inline
  45:Drivers/CMSIS/Include/cmsis_gcc.h **** #endif
  46:Drivers/CMSIS/Include/cmsis_gcc.h **** #ifndef   __STATIC_INLINE
  47:Drivers/CMSIS/Include/cmsis_gcc.h ****   #define __STATIC_INLINE                        static inline
  48:Drivers/CMSIS/Include/cmsis_gcc.h **** #endif
  49:Drivers/CMSIS/Include/cmsis_gcc.h **** #ifndef   __STATIC_FORCEINLINE                 
  50:Drivers/CMSIS/Include/cmsis_gcc.h ****   #define __STATIC_FORCEINLINE                   __attribute__((always_inline)) static inline
  51:Drivers/CMSIS/Include/cmsis_gcc.h **** #endif                                           
  52:Drivers/CMSIS/Include/cmsis_gcc.h **** #ifndef   __NO_RETURN
  53:Drivers/CMSIS/Include/cmsis_gcc.h ****   #define __NO_RETURN                            __attribute__((__noreturn__))
  54:Drivers/CMSIS/Include/cmsis_gcc.h **** #endif
  55:Drivers/CMSIS/Include/cmsis_gcc.h **** #ifndef   __USED
  56:Drivers/CMSIS/Include/cmsis_gcc.h ****   #define __USED                                 __attribute__((used))
  57:Drivers/CMSIS/Include/cmsis_gcc.h **** #endif
  58:Drivers/CMSIS/Include/cmsis_gcc.h **** #ifndef   __WEAK
  59:Drivers/CMSIS/Include/cmsis_gcc.h ****   #define __WEAK                                 __attribute__((weak))
  60:Drivers/CMSIS/Include/cmsis_gcc.h **** #endif
  61:Drivers/CMSIS/Include/cmsis_gcc.h **** #ifndef   __PACKED
  62:Drivers/CMSIS/Include/cmsis_gcc.h ****   #define __PACKED                               __attribute__((packed, aligned(1)))
  63:Drivers/CMSIS/Include/cmsis_gcc.h **** #endif
  64:Drivers/CMSIS/Include/cmsis_gcc.h **** #ifndef   __PACKED_STRUCT
  65:Drivers/CMSIS/Include/cmsis_gcc.h ****   #define __PACKED_STRUCT                        struct __attribute__((packed, aligned(1)))
  66:Drivers/CMSIS/Include/cmsis_gcc.h **** #endif
  67:Drivers/CMSIS/Include/cmsis_gcc.h **** #ifndef   __PACKED_UNION
  68:Drivers/CMSIS/Include/cmsis_gcc.h ****   #define __PACKED_UNION                         union __attribute__((packed, aligned(1)))
  69:Drivers/CMSIS/Include/cmsis_gcc.h **** #endif
  70:Drivers/CMSIS/Include/cmsis_gcc.h **** #ifndef   __UNALIGNED_UINT32        /* deprecated */
  71:Drivers/CMSIS/Include/cmsis_gcc.h ****   #pragma GCC diagnostic push
  72:Drivers/CMSIS/Include/cmsis_gcc.h ****   #pragma GCC diagnostic ignored "-Wpacked"
ARM GAS  /var/folders/d7/pb3dkhys6j3db_qtp_8v34p80000gn/T//cct8i6sf.s 			page 49


  73:Drivers/CMSIS/Include/cmsis_gcc.h ****   #pragma GCC diagnostic ignored "-Wattributes"
  74:Drivers/CMSIS/Include/cmsis_gcc.h ****   struct __attribute__((packed)) T_UINT32 { uint32_t v; };
  75:Drivers/CMSIS/Include/cmsis_gcc.h ****   #pragma GCC diagnostic pop
  76:Drivers/CMSIS/Include/cmsis_gcc.h ****   #define __UNALIGNED_UINT32(x)                  (((struct T_UINT32 *)(x))->v)
  77:Drivers/CMSIS/Include/cmsis_gcc.h **** #endif
  78:Drivers/CMSIS/Include/cmsis_gcc.h **** #ifndef   __UNALIGNED_UINT16_WRITE
  79:Drivers/CMSIS/Include/cmsis_gcc.h ****   #pragma GCC diagnostic push
  80:Drivers/CMSIS/Include/cmsis_gcc.h ****   #pragma GCC diagnostic ignored "-Wpacked"
  81:Drivers/CMSIS/Include/cmsis_gcc.h ****   #pragma GCC diagnostic ignored "-Wattributes"
  82:Drivers/CMSIS/Include/cmsis_gcc.h ****   __PACKED_STRUCT T_UINT16_WRITE { uint16_t v; };
  83:Drivers/CMSIS/Include/cmsis_gcc.h ****   #pragma GCC diagnostic pop
  84:Drivers/CMSIS/Include/cmsis_gcc.h ****   #define __UNALIGNED_UINT16_WRITE(addr, val)    (void)((((struct T_UINT16_WRITE *)(void *)(addr))-
  85:Drivers/CMSIS/Include/cmsis_gcc.h **** #endif
  86:Drivers/CMSIS/Include/cmsis_gcc.h **** #ifndef   __UNALIGNED_UINT16_READ
  87:Drivers/CMSIS/Include/cmsis_gcc.h ****   #pragma GCC diagnostic push
  88:Drivers/CMSIS/Include/cmsis_gcc.h ****   #pragma GCC diagnostic ignored "-Wpacked"
  89:Drivers/CMSIS/Include/cmsis_gcc.h ****   #pragma GCC diagnostic ignored "-Wattributes"
  90:Drivers/CMSIS/Include/cmsis_gcc.h ****   __PACKED_STRUCT T_UINT16_READ { uint16_t v; };
  91:Drivers/CMSIS/Include/cmsis_gcc.h ****   #pragma GCC diagnostic pop
  92:Drivers/CMSIS/Include/cmsis_gcc.h ****   #define __UNALIGNED_UINT16_READ(addr)          (((const struct T_UINT16_READ *)(const void *)(add
  93:Drivers/CMSIS/Include/cmsis_gcc.h **** #endif
  94:Drivers/CMSIS/Include/cmsis_gcc.h **** #ifndef   __UNALIGNED_UINT32_WRITE
  95:Drivers/CMSIS/Include/cmsis_gcc.h ****   #pragma GCC diagnostic push
  96:Drivers/CMSIS/Include/cmsis_gcc.h ****   #pragma GCC diagnostic ignored "-Wpacked"
  97:Drivers/CMSIS/Include/cmsis_gcc.h ****   #pragma GCC diagnostic ignored "-Wattributes"
  98:Drivers/CMSIS/Include/cmsis_gcc.h ****   __PACKED_STRUCT T_UINT32_WRITE { uint32_t v; };
  99:Drivers/CMSIS/Include/cmsis_gcc.h ****   #pragma GCC diagnostic pop
 100:Drivers/CMSIS/Include/cmsis_gcc.h ****   #define __UNALIGNED_UINT32_WRITE(addr, val)    (void)((((struct T_UINT32_WRITE *)(void *)(addr))-
 101:Drivers/CMSIS/Include/cmsis_gcc.h **** #endif
 102:Drivers/CMSIS/Include/cmsis_gcc.h **** #ifndef   __UNALIGNED_UINT32_READ
 103:Drivers/CMSIS/Include/cmsis_gcc.h ****   #pragma GCC diagnostic push
 104:Drivers/CMSIS/Include/cmsis_gcc.h ****   #pragma GCC diagnostic ignored "-Wpacked"
 105:Drivers/CMSIS/Include/cmsis_gcc.h ****   #pragma GCC diagnostic ignored "-Wattributes"
 106:Drivers/CMSIS/Include/cmsis_gcc.h ****   __PACKED_STRUCT T_UINT32_READ { uint32_t v; };
 107:Drivers/CMSIS/Include/cmsis_gcc.h ****   #pragma GCC diagnostic pop
 108:Drivers/CMSIS/Include/cmsis_gcc.h ****   #define __UNALIGNED_UINT32_READ(addr)          (((const struct T_UINT32_READ *)(const void *)(add
 109:Drivers/CMSIS/Include/cmsis_gcc.h **** #endif
 110:Drivers/CMSIS/Include/cmsis_gcc.h **** #ifndef   __ALIGNED
 111:Drivers/CMSIS/Include/cmsis_gcc.h ****   #define __ALIGNED(x)                           __attribute__((aligned(x)))
 112:Drivers/CMSIS/Include/cmsis_gcc.h **** #endif
 113:Drivers/CMSIS/Include/cmsis_gcc.h **** #ifndef   __RESTRICT
 114:Drivers/CMSIS/Include/cmsis_gcc.h ****   #define __RESTRICT                             __restrict
 115:Drivers/CMSIS/Include/cmsis_gcc.h **** #endif
 116:Drivers/CMSIS/Include/cmsis_gcc.h **** 
 117:Drivers/CMSIS/Include/cmsis_gcc.h **** 
 118:Drivers/CMSIS/Include/cmsis_gcc.h **** /* ###########################  Core Function Access  ########################### */
 119:Drivers/CMSIS/Include/cmsis_gcc.h **** /** \ingroup  CMSIS_Core_FunctionInterface
 120:Drivers/CMSIS/Include/cmsis_gcc.h ****     \defgroup CMSIS_Core_RegAccFunctions CMSIS Core Register Access Functions
 121:Drivers/CMSIS/Include/cmsis_gcc.h ****   @{
 122:Drivers/CMSIS/Include/cmsis_gcc.h ****  */
 123:Drivers/CMSIS/Include/cmsis_gcc.h **** 
 124:Drivers/CMSIS/Include/cmsis_gcc.h **** /**
 125:Drivers/CMSIS/Include/cmsis_gcc.h ****   \brief   Enable IRQ Interrupts
 126:Drivers/CMSIS/Include/cmsis_gcc.h ****   \details Enables IRQ interrupts by clearing the I-bit in the CPSR.
 127:Drivers/CMSIS/Include/cmsis_gcc.h ****            Can only be executed in Privileged modes.
 128:Drivers/CMSIS/Include/cmsis_gcc.h ****  */
 129:Drivers/CMSIS/Include/cmsis_gcc.h **** __STATIC_FORCEINLINE void __enable_irq(void)
ARM GAS  /var/folders/d7/pb3dkhys6j3db_qtp_8v34p80000gn/T//cct8i6sf.s 			page 50


 130:Drivers/CMSIS/Include/cmsis_gcc.h **** {
 131:Drivers/CMSIS/Include/cmsis_gcc.h ****   __ASM volatile ("cpsie i" : : : "memory");
 132:Drivers/CMSIS/Include/cmsis_gcc.h **** }
 133:Drivers/CMSIS/Include/cmsis_gcc.h **** 
 134:Drivers/CMSIS/Include/cmsis_gcc.h **** 
 135:Drivers/CMSIS/Include/cmsis_gcc.h **** /**
 136:Drivers/CMSIS/Include/cmsis_gcc.h ****   \brief   Disable IRQ Interrupts
 137:Drivers/CMSIS/Include/cmsis_gcc.h ****   \details Disables IRQ interrupts by setting the I-bit in the CPSR.
 138:Drivers/CMSIS/Include/cmsis_gcc.h ****            Can only be executed in Privileged modes.
 139:Drivers/CMSIS/Include/cmsis_gcc.h ****  */
 140:Drivers/CMSIS/Include/cmsis_gcc.h **** __STATIC_FORCEINLINE void __disable_irq(void)
 141:Drivers/CMSIS/Include/cmsis_gcc.h **** {
 142:Drivers/CMSIS/Include/cmsis_gcc.h ****   __ASM volatile ("cpsid i" : : : "memory");
 143:Drivers/CMSIS/Include/cmsis_gcc.h **** }
 144:Drivers/CMSIS/Include/cmsis_gcc.h **** 
 145:Drivers/CMSIS/Include/cmsis_gcc.h **** 
 146:Drivers/CMSIS/Include/cmsis_gcc.h **** /**
 147:Drivers/CMSIS/Include/cmsis_gcc.h ****   \brief   Get Control Register
 148:Drivers/CMSIS/Include/cmsis_gcc.h ****   \details Returns the content of the Control Register.
 149:Drivers/CMSIS/Include/cmsis_gcc.h ****   \return               Control Register value
 150:Drivers/CMSIS/Include/cmsis_gcc.h ****  */
 151:Drivers/CMSIS/Include/cmsis_gcc.h **** __STATIC_FORCEINLINE uint32_t __get_CONTROL(void)
 152:Drivers/CMSIS/Include/cmsis_gcc.h **** {
 153:Drivers/CMSIS/Include/cmsis_gcc.h ****   uint32_t result;
 154:Drivers/CMSIS/Include/cmsis_gcc.h **** 
 155:Drivers/CMSIS/Include/cmsis_gcc.h ****   __ASM volatile ("MRS %0, control" : "=r" (result) );
 156:Drivers/CMSIS/Include/cmsis_gcc.h ****   return(result);
 157:Drivers/CMSIS/Include/cmsis_gcc.h **** }
 158:Drivers/CMSIS/Include/cmsis_gcc.h **** 
 159:Drivers/CMSIS/Include/cmsis_gcc.h **** 
 160:Drivers/CMSIS/Include/cmsis_gcc.h **** #if (defined (__ARM_FEATURE_CMSE ) && (__ARM_FEATURE_CMSE == 3))
 161:Drivers/CMSIS/Include/cmsis_gcc.h **** /**
 162:Drivers/CMSIS/Include/cmsis_gcc.h ****   \brief   Get Control Register (non-secure)
 163:Drivers/CMSIS/Include/cmsis_gcc.h ****   \details Returns the content of the non-secure Control Register when in secure mode.
 164:Drivers/CMSIS/Include/cmsis_gcc.h ****   \return               non-secure Control Register value
 165:Drivers/CMSIS/Include/cmsis_gcc.h ****  */
 166:Drivers/CMSIS/Include/cmsis_gcc.h **** __STATIC_FORCEINLINE uint32_t __TZ_get_CONTROL_NS(void)
 167:Drivers/CMSIS/Include/cmsis_gcc.h **** {
 168:Drivers/CMSIS/Include/cmsis_gcc.h ****   uint32_t result;
 169:Drivers/CMSIS/Include/cmsis_gcc.h **** 
 170:Drivers/CMSIS/Include/cmsis_gcc.h ****   __ASM volatile ("MRS %0, control_ns" : "=r" (result) );
 171:Drivers/CMSIS/Include/cmsis_gcc.h ****   return(result);
 172:Drivers/CMSIS/Include/cmsis_gcc.h **** }
 173:Drivers/CMSIS/Include/cmsis_gcc.h **** #endif
 174:Drivers/CMSIS/Include/cmsis_gcc.h **** 
 175:Drivers/CMSIS/Include/cmsis_gcc.h **** 
 176:Drivers/CMSIS/Include/cmsis_gcc.h **** /**
 177:Drivers/CMSIS/Include/cmsis_gcc.h ****   \brief   Set Control Register
 178:Drivers/CMSIS/Include/cmsis_gcc.h ****   \details Writes the given value to the Control Register.
 179:Drivers/CMSIS/Include/cmsis_gcc.h ****   \param [in]    control  Control Register value to set
 180:Drivers/CMSIS/Include/cmsis_gcc.h ****  */
 181:Drivers/CMSIS/Include/cmsis_gcc.h **** __STATIC_FORCEINLINE void __set_CONTROL(uint32_t control)
 182:Drivers/CMSIS/Include/cmsis_gcc.h **** {
 183:Drivers/CMSIS/Include/cmsis_gcc.h ****   __ASM volatile ("MSR control, %0" : : "r" (control) : "memory");
 184:Drivers/CMSIS/Include/cmsis_gcc.h **** }
 185:Drivers/CMSIS/Include/cmsis_gcc.h **** 
 186:Drivers/CMSIS/Include/cmsis_gcc.h **** 
ARM GAS  /var/folders/d7/pb3dkhys6j3db_qtp_8v34p80000gn/T//cct8i6sf.s 			page 51


 187:Drivers/CMSIS/Include/cmsis_gcc.h **** #if (defined (__ARM_FEATURE_CMSE ) && (__ARM_FEATURE_CMSE == 3))
 188:Drivers/CMSIS/Include/cmsis_gcc.h **** /**
 189:Drivers/CMSIS/Include/cmsis_gcc.h ****   \brief   Set Control Register (non-secure)
 190:Drivers/CMSIS/Include/cmsis_gcc.h ****   \details Writes the given value to the non-secure Control Register when in secure state.
 191:Drivers/CMSIS/Include/cmsis_gcc.h ****   \param [in]    control  Control Register value to set
 192:Drivers/CMSIS/Include/cmsis_gcc.h ****  */
 193:Drivers/CMSIS/Include/cmsis_gcc.h **** __STATIC_FORCEINLINE void __TZ_set_CONTROL_NS(uint32_t control)
 194:Drivers/CMSIS/Include/cmsis_gcc.h **** {
 195:Drivers/CMSIS/Include/cmsis_gcc.h ****   __ASM volatile ("MSR control_ns, %0" : : "r" (control) : "memory");
 196:Drivers/CMSIS/Include/cmsis_gcc.h **** }
 197:Drivers/CMSIS/Include/cmsis_gcc.h **** #endif
 198:Drivers/CMSIS/Include/cmsis_gcc.h **** 
 199:Drivers/CMSIS/Include/cmsis_gcc.h **** 
 200:Drivers/CMSIS/Include/cmsis_gcc.h **** /**
 201:Drivers/CMSIS/Include/cmsis_gcc.h ****   \brief   Get IPSR Register
 202:Drivers/CMSIS/Include/cmsis_gcc.h ****   \details Returns the content of the IPSR Register.
 203:Drivers/CMSIS/Include/cmsis_gcc.h ****   \return               IPSR Register value
 204:Drivers/CMSIS/Include/cmsis_gcc.h ****  */
 205:Drivers/CMSIS/Include/cmsis_gcc.h **** __STATIC_FORCEINLINE uint32_t __get_IPSR(void)
 206:Drivers/CMSIS/Include/cmsis_gcc.h **** {
 207:Drivers/CMSIS/Include/cmsis_gcc.h ****   uint32_t result;
 208:Drivers/CMSIS/Include/cmsis_gcc.h **** 
 209:Drivers/CMSIS/Include/cmsis_gcc.h ****   __ASM volatile ("MRS %0, ipsr" : "=r" (result) );
 210:Drivers/CMSIS/Include/cmsis_gcc.h ****   return(result);
 211:Drivers/CMSIS/Include/cmsis_gcc.h **** }
 212:Drivers/CMSIS/Include/cmsis_gcc.h **** 
 213:Drivers/CMSIS/Include/cmsis_gcc.h **** 
 214:Drivers/CMSIS/Include/cmsis_gcc.h **** /**
 215:Drivers/CMSIS/Include/cmsis_gcc.h ****   \brief   Get APSR Register
 216:Drivers/CMSIS/Include/cmsis_gcc.h ****   \details Returns the content of the APSR Register.
 217:Drivers/CMSIS/Include/cmsis_gcc.h ****   \return               APSR Register value
 218:Drivers/CMSIS/Include/cmsis_gcc.h ****  */
 219:Drivers/CMSIS/Include/cmsis_gcc.h **** __STATIC_FORCEINLINE uint32_t __get_APSR(void)
 220:Drivers/CMSIS/Include/cmsis_gcc.h **** {
 221:Drivers/CMSIS/Include/cmsis_gcc.h ****   uint32_t result;
 222:Drivers/CMSIS/Include/cmsis_gcc.h **** 
 223:Drivers/CMSIS/Include/cmsis_gcc.h ****   __ASM volatile ("MRS %0, apsr" : "=r" (result) );
 224:Drivers/CMSIS/Include/cmsis_gcc.h ****   return(result);
 225:Drivers/CMSIS/Include/cmsis_gcc.h **** }
 226:Drivers/CMSIS/Include/cmsis_gcc.h **** 
 227:Drivers/CMSIS/Include/cmsis_gcc.h **** 
 228:Drivers/CMSIS/Include/cmsis_gcc.h **** /**
 229:Drivers/CMSIS/Include/cmsis_gcc.h ****   \brief   Get xPSR Register
 230:Drivers/CMSIS/Include/cmsis_gcc.h ****   \details Returns the content of the xPSR Register.
 231:Drivers/CMSIS/Include/cmsis_gcc.h ****   \return               xPSR Register value
 232:Drivers/CMSIS/Include/cmsis_gcc.h ****  */
 233:Drivers/CMSIS/Include/cmsis_gcc.h **** __STATIC_FORCEINLINE uint32_t __get_xPSR(void)
 234:Drivers/CMSIS/Include/cmsis_gcc.h **** {
 235:Drivers/CMSIS/Include/cmsis_gcc.h ****   uint32_t result;
 236:Drivers/CMSIS/Include/cmsis_gcc.h **** 
 237:Drivers/CMSIS/Include/cmsis_gcc.h ****   __ASM volatile ("MRS %0, xpsr" : "=r" (result) );
 238:Drivers/CMSIS/Include/cmsis_gcc.h ****   return(result);
 239:Drivers/CMSIS/Include/cmsis_gcc.h **** }
 240:Drivers/CMSIS/Include/cmsis_gcc.h **** 
 241:Drivers/CMSIS/Include/cmsis_gcc.h **** 
 242:Drivers/CMSIS/Include/cmsis_gcc.h **** /**
 243:Drivers/CMSIS/Include/cmsis_gcc.h ****   \brief   Get Process Stack Pointer
ARM GAS  /var/folders/d7/pb3dkhys6j3db_qtp_8v34p80000gn/T//cct8i6sf.s 			page 52


 244:Drivers/CMSIS/Include/cmsis_gcc.h ****   \details Returns the current value of the Process Stack Pointer (PSP).
 245:Drivers/CMSIS/Include/cmsis_gcc.h ****   \return               PSP Register value
 246:Drivers/CMSIS/Include/cmsis_gcc.h ****  */
 247:Drivers/CMSIS/Include/cmsis_gcc.h **** __STATIC_FORCEINLINE uint32_t __get_PSP(void)
 248:Drivers/CMSIS/Include/cmsis_gcc.h **** {
 249:Drivers/CMSIS/Include/cmsis_gcc.h ****   uint32_t result;
 250:Drivers/CMSIS/Include/cmsis_gcc.h **** 
 251:Drivers/CMSIS/Include/cmsis_gcc.h ****   __ASM volatile ("MRS %0, psp"  : "=r" (result) );
 252:Drivers/CMSIS/Include/cmsis_gcc.h ****   return(result);
 253:Drivers/CMSIS/Include/cmsis_gcc.h **** }
 254:Drivers/CMSIS/Include/cmsis_gcc.h **** 
 255:Drivers/CMSIS/Include/cmsis_gcc.h **** 
 256:Drivers/CMSIS/Include/cmsis_gcc.h **** #if (defined (__ARM_FEATURE_CMSE ) && (__ARM_FEATURE_CMSE == 3))
 257:Drivers/CMSIS/Include/cmsis_gcc.h **** /**
 258:Drivers/CMSIS/Include/cmsis_gcc.h ****   \brief   Get Process Stack Pointer (non-secure)
 259:Drivers/CMSIS/Include/cmsis_gcc.h ****   \details Returns the current value of the non-secure Process Stack Pointer (PSP) when in secure s
 260:Drivers/CMSIS/Include/cmsis_gcc.h ****   \return               PSP Register value
 261:Drivers/CMSIS/Include/cmsis_gcc.h ****  */
 262:Drivers/CMSIS/Include/cmsis_gcc.h **** __STATIC_FORCEINLINE uint32_t __TZ_get_PSP_NS(void)
 263:Drivers/CMSIS/Include/cmsis_gcc.h **** {
 264:Drivers/CMSIS/Include/cmsis_gcc.h ****   uint32_t result;
 265:Drivers/CMSIS/Include/cmsis_gcc.h **** 
 266:Drivers/CMSIS/Include/cmsis_gcc.h ****   __ASM volatile ("MRS %0, psp_ns"  : "=r" (result) );
 267:Drivers/CMSIS/Include/cmsis_gcc.h ****   return(result);
 268:Drivers/CMSIS/Include/cmsis_gcc.h **** }
 269:Drivers/CMSIS/Include/cmsis_gcc.h **** #endif
 270:Drivers/CMSIS/Include/cmsis_gcc.h **** 
 271:Drivers/CMSIS/Include/cmsis_gcc.h **** 
 272:Drivers/CMSIS/Include/cmsis_gcc.h **** /**
 273:Drivers/CMSIS/Include/cmsis_gcc.h ****   \brief   Set Process Stack Pointer
 274:Drivers/CMSIS/Include/cmsis_gcc.h ****   \details Assigns the given value to the Process Stack Pointer (PSP).
 275:Drivers/CMSIS/Include/cmsis_gcc.h ****   \param [in]    topOfProcStack  Process Stack Pointer value to set
 276:Drivers/CMSIS/Include/cmsis_gcc.h ****  */
 277:Drivers/CMSIS/Include/cmsis_gcc.h **** __STATIC_FORCEINLINE void __set_PSP(uint32_t topOfProcStack)
 278:Drivers/CMSIS/Include/cmsis_gcc.h **** {
 279:Drivers/CMSIS/Include/cmsis_gcc.h ****   __ASM volatile ("MSR psp, %0" : : "r" (topOfProcStack) : );
 280:Drivers/CMSIS/Include/cmsis_gcc.h **** }
 281:Drivers/CMSIS/Include/cmsis_gcc.h **** 
 282:Drivers/CMSIS/Include/cmsis_gcc.h **** 
 283:Drivers/CMSIS/Include/cmsis_gcc.h **** #if (defined (__ARM_FEATURE_CMSE ) && (__ARM_FEATURE_CMSE == 3))
 284:Drivers/CMSIS/Include/cmsis_gcc.h **** /**
 285:Drivers/CMSIS/Include/cmsis_gcc.h ****   \brief   Set Process Stack Pointer (non-secure)
 286:Drivers/CMSIS/Include/cmsis_gcc.h ****   \details Assigns the given value to the non-secure Process Stack Pointer (PSP) when in secure sta
 287:Drivers/CMSIS/Include/cmsis_gcc.h ****   \param [in]    topOfProcStack  Process Stack Pointer value to set
 288:Drivers/CMSIS/Include/cmsis_gcc.h ****  */
 289:Drivers/CMSIS/Include/cmsis_gcc.h **** __STATIC_FORCEINLINE void __TZ_set_PSP_NS(uint32_t topOfProcStack)
 290:Drivers/CMSIS/Include/cmsis_gcc.h **** {
 291:Drivers/CMSIS/Include/cmsis_gcc.h ****   __ASM volatile ("MSR psp_ns, %0" : : "r" (topOfProcStack) : );
 292:Drivers/CMSIS/Include/cmsis_gcc.h **** }
 293:Drivers/CMSIS/Include/cmsis_gcc.h **** #endif
 294:Drivers/CMSIS/Include/cmsis_gcc.h **** 
 295:Drivers/CMSIS/Include/cmsis_gcc.h **** 
 296:Drivers/CMSIS/Include/cmsis_gcc.h **** /**
 297:Drivers/CMSIS/Include/cmsis_gcc.h ****   \brief   Get Main Stack Pointer
 298:Drivers/CMSIS/Include/cmsis_gcc.h ****   \details Returns the current value of the Main Stack Pointer (MSP).
 299:Drivers/CMSIS/Include/cmsis_gcc.h ****   \return               MSP Register value
 300:Drivers/CMSIS/Include/cmsis_gcc.h ****  */
ARM GAS  /var/folders/d7/pb3dkhys6j3db_qtp_8v34p80000gn/T//cct8i6sf.s 			page 53


 301:Drivers/CMSIS/Include/cmsis_gcc.h **** __STATIC_FORCEINLINE uint32_t __get_MSP(void)
 302:Drivers/CMSIS/Include/cmsis_gcc.h **** {
 303:Drivers/CMSIS/Include/cmsis_gcc.h ****   uint32_t result;
 304:Drivers/CMSIS/Include/cmsis_gcc.h **** 
 305:Drivers/CMSIS/Include/cmsis_gcc.h ****   __ASM volatile ("MRS %0, msp" : "=r" (result) );
 306:Drivers/CMSIS/Include/cmsis_gcc.h ****   return(result);
 307:Drivers/CMSIS/Include/cmsis_gcc.h **** }
 308:Drivers/CMSIS/Include/cmsis_gcc.h **** 
 309:Drivers/CMSIS/Include/cmsis_gcc.h **** 
 310:Drivers/CMSIS/Include/cmsis_gcc.h **** #if (defined (__ARM_FEATURE_CMSE ) && (__ARM_FEATURE_CMSE == 3))
 311:Drivers/CMSIS/Include/cmsis_gcc.h **** /**
 312:Drivers/CMSIS/Include/cmsis_gcc.h ****   \brief   Get Main Stack Pointer (non-secure)
 313:Drivers/CMSIS/Include/cmsis_gcc.h ****   \details Returns the current value of the non-secure Main Stack Pointer (MSP) when in secure stat
 314:Drivers/CMSIS/Include/cmsis_gcc.h ****   \return               MSP Register value
 315:Drivers/CMSIS/Include/cmsis_gcc.h ****  */
 316:Drivers/CMSIS/Include/cmsis_gcc.h **** __STATIC_FORCEINLINE uint32_t __TZ_get_MSP_NS(void)
 317:Drivers/CMSIS/Include/cmsis_gcc.h **** {
 318:Drivers/CMSIS/Include/cmsis_gcc.h ****   uint32_t result;
 319:Drivers/CMSIS/Include/cmsis_gcc.h **** 
 320:Drivers/CMSIS/Include/cmsis_gcc.h ****   __ASM volatile ("MRS %0, msp_ns" : "=r" (result) );
 321:Drivers/CMSIS/Include/cmsis_gcc.h ****   return(result);
 322:Drivers/CMSIS/Include/cmsis_gcc.h **** }
 323:Drivers/CMSIS/Include/cmsis_gcc.h **** #endif
 324:Drivers/CMSIS/Include/cmsis_gcc.h **** 
 325:Drivers/CMSIS/Include/cmsis_gcc.h **** 
 326:Drivers/CMSIS/Include/cmsis_gcc.h **** /**
 327:Drivers/CMSIS/Include/cmsis_gcc.h ****   \brief   Set Main Stack Pointer
 328:Drivers/CMSIS/Include/cmsis_gcc.h ****   \details Assigns the given value to the Main Stack Pointer (MSP).
 329:Drivers/CMSIS/Include/cmsis_gcc.h ****   \param [in]    topOfMainStack  Main Stack Pointer value to set
 330:Drivers/CMSIS/Include/cmsis_gcc.h ****  */
 331:Drivers/CMSIS/Include/cmsis_gcc.h **** __STATIC_FORCEINLINE void __set_MSP(uint32_t topOfMainStack)
 332:Drivers/CMSIS/Include/cmsis_gcc.h **** {
 333:Drivers/CMSIS/Include/cmsis_gcc.h ****   __ASM volatile ("MSR msp, %0" : : "r" (topOfMainStack) : );
 334:Drivers/CMSIS/Include/cmsis_gcc.h **** }
 335:Drivers/CMSIS/Include/cmsis_gcc.h **** 
 336:Drivers/CMSIS/Include/cmsis_gcc.h **** 
 337:Drivers/CMSIS/Include/cmsis_gcc.h **** #if (defined (__ARM_FEATURE_CMSE ) && (__ARM_FEATURE_CMSE == 3))
 338:Drivers/CMSIS/Include/cmsis_gcc.h **** /**
 339:Drivers/CMSIS/Include/cmsis_gcc.h ****   \brief   Set Main Stack Pointer (non-secure)
 340:Drivers/CMSIS/Include/cmsis_gcc.h ****   \details Assigns the given value to the non-secure Main Stack Pointer (MSP) when in secure state.
 341:Drivers/CMSIS/Include/cmsis_gcc.h ****   \param [in]    topOfMainStack  Main Stack Pointer value to set
 342:Drivers/CMSIS/Include/cmsis_gcc.h ****  */
 343:Drivers/CMSIS/Include/cmsis_gcc.h **** __STATIC_FORCEINLINE void __TZ_set_MSP_NS(uint32_t topOfMainStack)
 344:Drivers/CMSIS/Include/cmsis_gcc.h **** {
 345:Drivers/CMSIS/Include/cmsis_gcc.h ****   __ASM volatile ("MSR msp_ns, %0" : : "r" (topOfMainStack) : );
 346:Drivers/CMSIS/Include/cmsis_gcc.h **** }
 347:Drivers/CMSIS/Include/cmsis_gcc.h **** #endif
 348:Drivers/CMSIS/Include/cmsis_gcc.h **** 
 349:Drivers/CMSIS/Include/cmsis_gcc.h **** 
 350:Drivers/CMSIS/Include/cmsis_gcc.h **** #if (defined (__ARM_FEATURE_CMSE ) && (__ARM_FEATURE_CMSE == 3))
 351:Drivers/CMSIS/Include/cmsis_gcc.h **** /**
 352:Drivers/CMSIS/Include/cmsis_gcc.h ****   \brief   Get Stack Pointer (non-secure)
 353:Drivers/CMSIS/Include/cmsis_gcc.h ****   \details Returns the current value of the non-secure Stack Pointer (SP) when in secure state.
 354:Drivers/CMSIS/Include/cmsis_gcc.h ****   \return               SP Register value
 355:Drivers/CMSIS/Include/cmsis_gcc.h ****  */
 356:Drivers/CMSIS/Include/cmsis_gcc.h **** __STATIC_FORCEINLINE uint32_t __TZ_get_SP_NS(void)
 357:Drivers/CMSIS/Include/cmsis_gcc.h **** {
ARM GAS  /var/folders/d7/pb3dkhys6j3db_qtp_8v34p80000gn/T//cct8i6sf.s 			page 54


 358:Drivers/CMSIS/Include/cmsis_gcc.h ****   uint32_t result;
 359:Drivers/CMSIS/Include/cmsis_gcc.h **** 
 360:Drivers/CMSIS/Include/cmsis_gcc.h ****   __ASM volatile ("MRS %0, sp_ns" : "=r" (result) );
 361:Drivers/CMSIS/Include/cmsis_gcc.h ****   return(result);
 362:Drivers/CMSIS/Include/cmsis_gcc.h **** }
 363:Drivers/CMSIS/Include/cmsis_gcc.h **** 
 364:Drivers/CMSIS/Include/cmsis_gcc.h **** 
 365:Drivers/CMSIS/Include/cmsis_gcc.h **** /**
 366:Drivers/CMSIS/Include/cmsis_gcc.h ****   \brief   Set Stack Pointer (non-secure)
 367:Drivers/CMSIS/Include/cmsis_gcc.h ****   \details Assigns the given value to the non-secure Stack Pointer (SP) when in secure state.
 368:Drivers/CMSIS/Include/cmsis_gcc.h ****   \param [in]    topOfStack  Stack Pointer value to set
 369:Drivers/CMSIS/Include/cmsis_gcc.h ****  */
 370:Drivers/CMSIS/Include/cmsis_gcc.h **** __STATIC_FORCEINLINE void __TZ_set_SP_NS(uint32_t topOfStack)
 371:Drivers/CMSIS/Include/cmsis_gcc.h **** {
 372:Drivers/CMSIS/Include/cmsis_gcc.h ****   __ASM volatile ("MSR sp_ns, %0" : : "r" (topOfStack) : );
 373:Drivers/CMSIS/Include/cmsis_gcc.h **** }
 374:Drivers/CMSIS/Include/cmsis_gcc.h **** #endif
 375:Drivers/CMSIS/Include/cmsis_gcc.h **** 
 376:Drivers/CMSIS/Include/cmsis_gcc.h **** 
 377:Drivers/CMSIS/Include/cmsis_gcc.h **** /**
 378:Drivers/CMSIS/Include/cmsis_gcc.h ****   \brief   Get Priority Mask
 379:Drivers/CMSIS/Include/cmsis_gcc.h ****   \details Returns the current state of the priority mask bit from the Priority Mask Register.
 380:Drivers/CMSIS/Include/cmsis_gcc.h ****   \return               Priority Mask value
 381:Drivers/CMSIS/Include/cmsis_gcc.h ****  */
 382:Drivers/CMSIS/Include/cmsis_gcc.h **** __STATIC_FORCEINLINE uint32_t __get_PRIMASK(void)
 1243              		.loc 2 382 31 view .LVU379
 1244              	.LBB9:
 383:Drivers/CMSIS/Include/cmsis_gcc.h **** {
 384:Drivers/CMSIS/Include/cmsis_gcc.h ****   uint32_t result;
 1245              		.loc 2 384 3 view .LVU380
 385:Drivers/CMSIS/Include/cmsis_gcc.h **** 
 386:Drivers/CMSIS/Include/cmsis_gcc.h ****   __ASM volatile ("MRS %0, primask" : "=r" (result) :: "memory");
 1246              		.loc 2 386 3 view .LVU381
 1247              		.syntax divided
 1248              	@ 386 "Drivers/CMSIS/Include/cmsis_gcc.h" 1
 1249 0008 EFF31082 		MRS r2, primask
 1250              	@ 0 "" 2
 1251              	.LVL124:
 387:Drivers/CMSIS/Include/cmsis_gcc.h ****   return(result);
 1252              		.loc 2 387 3 view .LVU382
 1253              		.loc 2 387 3 is_stmt 0 view .LVU383
 1254              		.thumb
 1255              		.syntax unified
 1256              	.LBE9:
 1257              	.LBE8:
 637:Drivers/STM32L0xx_HAL_Driver/Src/stm32l0xx_hal_flash_ex.c **** 
 1258              		.loc 1 637 5 is_stmt 1 view .LVU384
 1259              	.LBB10:
 1260              	.LBI10:
 140:Drivers/CMSIS/Include/cmsis_gcc.h **** {
 1261              		.loc 2 140 27 view .LVU385
 1262              	.LBB11:
 142:Drivers/CMSIS/Include/cmsis_gcc.h **** }
 1263              		.loc 2 142 3 view .LVU386
 1264              		.syntax divided
 1265              	@ 142 "Drivers/CMSIS/Include/cmsis_gcc.h" 1
 1266 000c 72B6     		cpsid i
ARM GAS  /var/folders/d7/pb3dkhys6j3db_qtp_8v34p80000gn/T//cct8i6sf.s 			page 55


 1267              	@ 0 "" 2
 1268              		.thumb
 1269              		.syntax unified
 1270              	.LBE11:
 1271              	.LBE10:
 640:Drivers/STM32L0xx_HAL_Driver/Src/stm32l0xx_hal_flash_ex.c ****     FLASH->PEKEYR = FLASH_PEKEY2;
 1272              		.loc 1 640 5 view .LVU387
 640:Drivers/STM32L0xx_HAL_Driver/Src/stm32l0xx_hal_flash_ex.c ****     FLASH->PEKEYR = FLASH_PEKEY2;
 1273              		.loc 1 640 19 is_stmt 0 view .LVU388
 1274 000e 084B     		ldr	r3, .L85
 1275 0010 0849     		ldr	r1, .L85+4
 1276 0012 D960     		str	r1, [r3, #12]
 641:Drivers/STM32L0xx_HAL_Driver/Src/stm32l0xx_hal_flash_ex.c **** 
 1277              		.loc 1 641 5 is_stmt 1 view .LVU389
 641:Drivers/STM32L0xx_HAL_Driver/Src/stm32l0xx_hal_flash_ex.c **** 
 1278              		.loc 1 641 19 is_stmt 0 view .LVU390
 1279 0014 0849     		ldr	r1, .L85+8
 1280 0016 D960     		str	r1, [r3, #12]
 644:Drivers/STM32L0xx_HAL_Driver/Src/stm32l0xx_hal_flash_ex.c **** 
 1281              		.loc 1 644 5 is_stmt 1 view .LVU391
 1282              	.LVL125:
 1283              	.LBB12:
 1284              	.LBI12:
 388:Drivers/CMSIS/Include/cmsis_gcc.h **** }
 389:Drivers/CMSIS/Include/cmsis_gcc.h **** 
 390:Drivers/CMSIS/Include/cmsis_gcc.h **** 
 391:Drivers/CMSIS/Include/cmsis_gcc.h **** #if (defined (__ARM_FEATURE_CMSE ) && (__ARM_FEATURE_CMSE == 3))
 392:Drivers/CMSIS/Include/cmsis_gcc.h **** /**
 393:Drivers/CMSIS/Include/cmsis_gcc.h ****   \brief   Get Priority Mask (non-secure)
 394:Drivers/CMSIS/Include/cmsis_gcc.h ****   \details Returns the current state of the non-secure priority mask bit from the Priority Mask Reg
 395:Drivers/CMSIS/Include/cmsis_gcc.h ****   \return               Priority Mask value
 396:Drivers/CMSIS/Include/cmsis_gcc.h ****  */
 397:Drivers/CMSIS/Include/cmsis_gcc.h **** __STATIC_FORCEINLINE uint32_t __TZ_get_PRIMASK_NS(void)
 398:Drivers/CMSIS/Include/cmsis_gcc.h **** {
 399:Drivers/CMSIS/Include/cmsis_gcc.h ****   uint32_t result;
 400:Drivers/CMSIS/Include/cmsis_gcc.h **** 
 401:Drivers/CMSIS/Include/cmsis_gcc.h ****   __ASM volatile ("MRS %0, primask_ns" : "=r" (result) :: "memory");
 402:Drivers/CMSIS/Include/cmsis_gcc.h ****   return(result);
 403:Drivers/CMSIS/Include/cmsis_gcc.h **** }
 404:Drivers/CMSIS/Include/cmsis_gcc.h **** #endif
 405:Drivers/CMSIS/Include/cmsis_gcc.h **** 
 406:Drivers/CMSIS/Include/cmsis_gcc.h **** 
 407:Drivers/CMSIS/Include/cmsis_gcc.h **** /**
 408:Drivers/CMSIS/Include/cmsis_gcc.h ****   \brief   Set Priority Mask
 409:Drivers/CMSIS/Include/cmsis_gcc.h ****   \details Assigns the given value to the Priority Mask Register.
 410:Drivers/CMSIS/Include/cmsis_gcc.h ****   \param [in]    priMask  Priority Mask
 411:Drivers/CMSIS/Include/cmsis_gcc.h ****  */
 412:Drivers/CMSIS/Include/cmsis_gcc.h **** __STATIC_FORCEINLINE void __set_PRIMASK(uint32_t priMask)
 1285              		.loc 2 412 27 view .LVU392
 1286              	.LBB13:
 413:Drivers/CMSIS/Include/cmsis_gcc.h **** {
 414:Drivers/CMSIS/Include/cmsis_gcc.h ****   __ASM volatile ("MSR primask, %0" : : "r" (priMask) : "memory");
 1287              		.loc 2 414 3 view .LVU393
 1288              		.syntax divided
 1289              	@ 414 "Drivers/CMSIS/Include/cmsis_gcc.h" 1
 1290 0018 82F31088 		MSR primask, r2
 1291              	@ 0 "" 2
ARM GAS  /var/folders/d7/pb3dkhys6j3db_qtp_8v34p80000gn/T//cct8i6sf.s 			page 56


 1292              	.LVL126:
 1293              		.loc 2 414 3 is_stmt 0 view .LVU394
 1294              		.thumb
 1295              		.syntax unified
 1296              	.LBE13:
 1297              	.LBE12:
 646:Drivers/STM32L0xx_HAL_Driver/Src/stm32l0xx_hal_flash_ex.c ****     {
 1298              		.loc 1 646 5 is_stmt 1 view .LVU395
 646:Drivers/STM32L0xx_HAL_Driver/Src/stm32l0xx_hal_flash_ex.c ****     {
 1299              		.loc 1 646 14 is_stmt 0 view .LVU396
 1300 001c 5B68     		ldr	r3, [r3, #4]
 646:Drivers/STM32L0xx_HAL_Driver/Src/stm32l0xx_hal_flash_ex.c ****     {
 1301              		.loc 1 646 7 view .LVU397
 1302 001e DB07     		lsls	r3, r3, #31
 1303 0020 03D4     		bmi	.L84
 652:Drivers/STM32L0xx_HAL_Driver/Src/stm32l0xx_hal_flash_ex.c **** }
 1304              		.loc 1 652 10 view .LVU398
 1305 0022 0020     		movs	r0, #0
 1306 0024 00E0     		b	.L82
 1307              	.LVL127:
 1308              	.L83:
 652:Drivers/STM32L0xx_HAL_Driver/Src/stm32l0xx_hal_flash_ex.c **** }
 1309              		.loc 1 652 10 view .LVU399
 1310 0026 0020     		movs	r0, #0
 1311              	.L82:
 653:Drivers/STM32L0xx_HAL_Driver/Src/stm32l0xx_hal_flash_ex.c **** 
 1312              		.loc 1 653 1 view .LVU400
 1313              		@ sp needed
 1314 0028 7047     		bx	lr
 1315              	.LVL128:
 1316              	.L84:
 648:Drivers/STM32L0xx_HAL_Driver/Src/stm32l0xx_hal_flash_ex.c ****     }
 1317              		.loc 1 648 14 view .LVU401
 1318 002a 0120     		movs	r0, #1
 1319 002c FCE7     		b	.L82
 1320              	.L86:
 1321 002e C046     		.align	2
 1322              	.L85:
 1323 0030 00200240 		.word	1073881088
 1324 0034 EFCDAB89 		.word	-1985229329
 1325 0038 05040302 		.word	33752069
 1326              		.cfi_endproc
 1327              	.LFE55:
 1329              		.section	.text.HAL_FLASHEx_DATAEEPROM_Lock,"ax",%progbits
 1330              		.align	1
 1331              		.global	HAL_FLASHEx_DATAEEPROM_Lock
 1332              		.syntax unified
 1333              		.code	16
 1334              		.thumb_func
 1336              	HAL_FLASHEx_DATAEEPROM_Lock:
 1337              	.LFB56:
 660:Drivers/STM32L0xx_HAL_Driver/Src/stm32l0xx_hal_flash_ex.c ****   /* Set the PELOCK Bit to lock the data memory and FLASH_PECR register access */
 1338              		.loc 1 660 1 is_stmt 1 view -0
 1339              		.cfi_startproc
 1340              		@ args = 0, pretend = 0, frame = 0
 1341              		@ frame_needed = 0, uses_anonymous_args = 0
 1342              		@ link register save eliminated.
ARM GAS  /var/folders/d7/pb3dkhys6j3db_qtp_8v34p80000gn/T//cct8i6sf.s 			page 57


 662:Drivers/STM32L0xx_HAL_Driver/Src/stm32l0xx_hal_flash_ex.c ****   
 1343              		.loc 1 662 3 view .LVU403
 1344 0000 034A     		ldr	r2, .L88
 1345 0002 5368     		ldr	r3, [r2, #4]
 1346 0004 0121     		movs	r1, #1
 1347 0006 0B43     		orrs	r3, r1
 1348 0008 5360     		str	r3, [r2, #4]
 664:Drivers/STM32L0xx_HAL_Driver/Src/stm32l0xx_hal_flash_ex.c **** }
 1349              		.loc 1 664 3 view .LVU404
 665:Drivers/STM32L0xx_HAL_Driver/Src/stm32l0xx_hal_flash_ex.c **** 
 1350              		.loc 1 665 1 is_stmt 0 view .LVU405
 1351 000a 0020     		movs	r0, #0
 1352              		@ sp needed
 1353 000c 7047     		bx	lr
 1354              	.L89:
 1355 000e C046     		.align	2
 1356              	.L88:
 1357 0010 00200240 		.word	1073881088
 1358              		.cfi_endproc
 1359              	.LFE56:
 1361              		.section	.text.HAL_FLASHEx_DATAEEPROM_Erase,"ax",%progbits
 1362              		.align	1
 1363              		.global	HAL_FLASHEx_DATAEEPROM_Erase
 1364              		.syntax unified
 1365              		.code	16
 1366              		.thumb_func
 1368              	HAL_FLASHEx_DATAEEPROM_Erase:
 1369              	.LVL129:
 1370              	.LFB57:
 678:Drivers/STM32L0xx_HAL_Driver/Src/stm32l0xx_hal_flash_ex.c ****   HAL_StatusTypeDef status = HAL_OK;
 1371              		.loc 1 678 1 is_stmt 1 view -0
 1372              		.cfi_startproc
 1373              		@ args = 0, pretend = 0, frame = 0
 1374              		@ frame_needed = 0, uses_anonymous_args = 0
 678:Drivers/STM32L0xx_HAL_Driver/Src/stm32l0xx_hal_flash_ex.c ****   HAL_StatusTypeDef status = HAL_OK;
 1375              		.loc 1 678 1 is_stmt 0 view .LVU407
 1376 0000 10B5     		push	{r4, lr}
 1377              	.LCFI10:
 1378              		.cfi_def_cfa_offset 8
 1379              		.cfi_offset 4, -8
 1380              		.cfi_offset 14, -4
 1381 0002 0400     		movs	r4, r0
 679:Drivers/STM32L0xx_HAL_Driver/Src/stm32l0xx_hal_flash_ex.c ****   
 1382              		.loc 1 679 3 is_stmt 1 view .LVU408
 1383              	.LVL130:
 682:Drivers/STM32L0xx_HAL_Driver/Src/stm32l0xx_hal_flash_ex.c ****   
 1384              		.loc 1 682 3 view .LVU409
 685:Drivers/STM32L0xx_HAL_Driver/Src/stm32l0xx_hal_flash_ex.c ****   
 1385              		.loc 1 685 3 view .LVU410
 685:Drivers/STM32L0xx_HAL_Driver/Src/stm32l0xx_hal_flash_ex.c ****   
 1386              		.loc 1 685 12 is_stmt 0 view .LVU411
 1387 0004 0648     		ldr	r0, .L93
 1388              	.LVL131:
 685:Drivers/STM32L0xx_HAL_Driver/Src/stm32l0xx_hal_flash_ex.c ****   
 1389              		.loc 1 685 12 view .LVU412
 1390 0006 FFF7FEFF 		bl	FLASH_WaitForLastOperation
 1391              	.LVL132:
ARM GAS  /var/folders/d7/pb3dkhys6j3db_qtp_8v34p80000gn/T//cct8i6sf.s 			page 58


 687:Drivers/STM32L0xx_HAL_Driver/Src/stm32l0xx_hal_flash_ex.c ****   {
 1392              		.loc 1 687 3 is_stmt 1 view .LVU413
 687:Drivers/STM32L0xx_HAL_Driver/Src/stm32l0xx_hal_flash_ex.c ****   {
 1393              		.loc 1 687 5 is_stmt 0 view .LVU414
 1394 000a 0028     		cmp	r0, #0
 1395 000c 00D0     		beq	.L92
 1396              	.LVL133:
 1397              	.L91:
 699:Drivers/STM32L0xx_HAL_Driver/Src/stm32l0xx_hal_flash_ex.c **** }  
 1398              		.loc 1 699 3 is_stmt 1 view .LVU415
 700:Drivers/STM32L0xx_HAL_Driver/Src/stm32l0xx_hal_flash_ex.c **** 
 1399              		.loc 1 700 1 is_stmt 0 view .LVU416
 1400              		@ sp needed
 1401              	.LVL134:
 700:Drivers/STM32L0xx_HAL_Driver/Src/stm32l0xx_hal_flash_ex.c **** 
 1402              		.loc 1 700 1 view .LVU417
 1403 000e 10BD     		pop	{r4, pc}
 1404              	.LVL135:
 1405              	.L92:
 690:Drivers/STM32L0xx_HAL_Driver/Src/stm32l0xx_hal_flash_ex.c **** 
 1406              		.loc 1 690 5 is_stmt 1 view .LVU418
 690:Drivers/STM32L0xx_HAL_Driver/Src/stm32l0xx_hal_flash_ex.c **** 
 1407              		.loc 1 690 22 is_stmt 0 view .LVU419
 1408 0010 044B     		ldr	r3, .L93+4
 1409 0012 0022     		movs	r2, #0
 1410 0014 5A61     		str	r2, [r3, #20]
 693:Drivers/STM32L0xx_HAL_Driver/Src/stm32l0xx_hal_flash_ex.c **** 
 1411              		.loc 1 693 7 is_stmt 1 view .LVU420
 693:Drivers/STM32L0xx_HAL_Driver/Src/stm32l0xx_hal_flash_ex.c **** 
 1412              		.loc 1 693 34 is_stmt 0 view .LVU421
 1413 0016 2260     		str	r2, [r4]
 695:Drivers/STM32L0xx_HAL_Driver/Src/stm32l0xx_hal_flash_ex.c ****   }
 1414              		.loc 1 695 5 is_stmt 1 view .LVU422
 695:Drivers/STM32L0xx_HAL_Driver/Src/stm32l0xx_hal_flash_ex.c ****   }
 1415              		.loc 1 695 14 is_stmt 0 view .LVU423
 1416 0018 0148     		ldr	r0, .L93
 1417              	.LVL136:
 695:Drivers/STM32L0xx_HAL_Driver/Src/stm32l0xx_hal_flash_ex.c ****   }
 1418              		.loc 1 695 14 view .LVU424
 1419 001a FFF7FEFF 		bl	FLASH_WaitForLastOperation
 1420              	.LVL137:
 1421 001e F6E7     		b	.L91
 1422              	.L94:
 1423              		.align	2
 1424              	.L93:
 1425 0020 50C30000 		.word	50000
 1426 0024 00000000 		.word	pFlash
 1427              		.cfi_endproc
 1428              	.LFE57:
 1430              		.section	.text.HAL_FLASHEx_DATAEEPROM_Program,"ax",%progbits
 1431              		.align	1
 1432              		.global	HAL_FLASHEx_DATAEEPROM_Program
 1433              		.syntax unified
 1434              		.code	16
 1435              		.thumb_func
 1437              	HAL_FLASHEx_DATAEEPROM_Program:
 1438              	.LVL138:
ARM GAS  /var/folders/d7/pb3dkhys6j3db_qtp_8v34p80000gn/T//cct8i6sf.s 			page 59


 1439              	.LFB58:
 720:Drivers/STM32L0xx_HAL_Driver/Src/stm32l0xx_hal_flash_ex.c ****   HAL_StatusTypeDef status;
 1440              		.loc 1 720 1 is_stmt 1 view -0
 1441              		.cfi_startproc
 1442              		@ args = 0, pretend = 0, frame = 0
 1443              		@ frame_needed = 0, uses_anonymous_args = 0
 720:Drivers/STM32L0xx_HAL_Driver/Src/stm32l0xx_hal_flash_ex.c ****   HAL_StatusTypeDef status;
 1444              		.loc 1 720 1 is_stmt 0 view .LVU426
 1445 0000 70B5     		push	{r4, r5, r6, lr}
 1446              	.LCFI11:
 1447              		.cfi_def_cfa_offset 16
 1448              		.cfi_offset 4, -16
 1449              		.cfi_offset 5, -12
 1450              		.cfi_offset 6, -8
 1451              		.cfi_offset 14, -4
 1452 0002 0600     		movs	r6, r0
 1453 0004 0D00     		movs	r5, r1
 1454 0006 1400     		movs	r4, r2
 721:Drivers/STM32L0xx_HAL_Driver/Src/stm32l0xx_hal_flash_ex.c ****   
 1455              		.loc 1 721 3 is_stmt 1 view .LVU427
 724:Drivers/STM32L0xx_HAL_Driver/Src/stm32l0xx_hal_flash_ex.c **** 
 1456              		.loc 1 724 3 view .LVU428
 724:Drivers/STM32L0xx_HAL_Driver/Src/stm32l0xx_hal_flash_ex.c **** 
 1457              		.loc 1 724 3 view .LVU429
 1458 0008 134B     		ldr	r3, .L105
 1459 000a 1B7C     		ldrb	r3, [r3, #16]
 1460 000c 012B     		cmp	r3, #1
 1461 000e 20D0     		beq	.L101
 724:Drivers/STM32L0xx_HAL_Driver/Src/stm32l0xx_hal_flash_ex.c **** 
 1462              		.loc 1 724 3 discriminator 2 view .LVU430
 1463 0010 114B     		ldr	r3, .L105
 1464 0012 0122     		movs	r2, #1
 1465              	.LVL139:
 724:Drivers/STM32L0xx_HAL_Driver/Src/stm32l0xx_hal_flash_ex.c **** 
 1466              		.loc 1 724 3 is_stmt 0 discriminator 2 view .LVU431
 1467 0014 1A74     		strb	r2, [r3, #16]
 724:Drivers/STM32L0xx_HAL_Driver/Src/stm32l0xx_hal_flash_ex.c **** 
 1468              		.loc 1 724 3 is_stmt 1 view .LVU432
 727:Drivers/STM32L0xx_HAL_Driver/Src/stm32l0xx_hal_flash_ex.c ****   assert_param(IS_FLASH_DATA_ADDRESS(Address));
 1469              		.loc 1 727 3 view .LVU433
 728:Drivers/STM32L0xx_HAL_Driver/Src/stm32l0xx_hal_flash_ex.c **** 
 1470              		.loc 1 728 3 view .LVU434
 731:Drivers/STM32L0xx_HAL_Driver/Src/stm32l0xx_hal_flash_ex.c **** 
 1471              		.loc 1 731 3 view .LVU435
 731:Drivers/STM32L0xx_HAL_Driver/Src/stm32l0xx_hal_flash_ex.c **** 
 1472              		.loc 1 731 12 is_stmt 0 view .LVU436
 1473 0016 1148     		ldr	r0, .L105+4
 1474              	.LVL140:
 731:Drivers/STM32L0xx_HAL_Driver/Src/stm32l0xx_hal_flash_ex.c **** 
 1475              		.loc 1 731 12 view .LVU437
 1476 0018 FFF7FEFF 		bl	FLASH_WaitForLastOperation
 1477              	.LVL141:
 733:Drivers/STM32L0xx_HAL_Driver/Src/stm32l0xx_hal_flash_ex.c ****   {
 1478              		.loc 1 733 3 is_stmt 1 view .LVU438
 733:Drivers/STM32L0xx_HAL_Driver/Src/stm32l0xx_hal_flash_ex.c ****   {
 1479              		.loc 1 733 5 is_stmt 0 view .LVU439
 1480 001c 0028     		cmp	r0, #0
ARM GAS  /var/folders/d7/pb3dkhys6j3db_qtp_8v34p80000gn/T//cct8i6sf.s 			page 60


 1481 001e 0FD1     		bne	.L97
 736:Drivers/STM32L0xx_HAL_Driver/Src/stm32l0xx_hal_flash_ex.c **** 
 1482              		.loc 1 736 5 is_stmt 1 view .LVU440
 736:Drivers/STM32L0xx_HAL_Driver/Src/stm32l0xx_hal_flash_ex.c **** 
 1483              		.loc 1 736 22 is_stmt 0 view .LVU441
 1484 0020 0D4B     		ldr	r3, .L105
 1485 0022 0022     		movs	r2, #0
 1486 0024 5A61     		str	r2, [r3, #20]
 738:Drivers/STM32L0xx_HAL_Driver/Src/stm32l0xx_hal_flash_ex.c ****     {
 1487              		.loc 1 738 5 is_stmt 1 view .LVU442
 738:Drivers/STM32L0xx_HAL_Driver/Src/stm32l0xx_hal_flash_ex.c ****     {
 1488              		.loc 1 738 7 is_stmt 0 view .LVU443
 1489 0026 022E     		cmp	r6, #2
 1490 0028 06D0     		beq	.L103
 743:Drivers/STM32L0xx_HAL_Driver/Src/stm32l0xx_hal_flash_ex.c ****     {
 1491              		.loc 1 743 10 is_stmt 1 view .LVU444
 743:Drivers/STM32L0xx_HAL_Driver/Src/stm32l0xx_hal_flash_ex.c ****     {
 1492              		.loc 1 743 12 is_stmt 0 view .LVU445
 1493 002a 012E     		cmp	r6, #1
 1494 002c 0CD0     		beq	.L104
 748:Drivers/STM32L0xx_HAL_Driver/Src/stm32l0xx_hal_flash_ex.c ****     {
 1495              		.loc 1 748 10 is_stmt 1 view .LVU446
 748:Drivers/STM32L0xx_HAL_Driver/Src/stm32l0xx_hal_flash_ex.c ****     {
 1496              		.loc 1 748 12 is_stmt 0 view .LVU447
 1497 002e 002E     		cmp	r6, #0
 1498 0030 0DD1     		bne	.L102
 751:Drivers/STM32L0xx_HAL_Driver/Src/stm32l0xx_hal_flash_ex.c ****     }
 1499              		.loc 1 751 7 is_stmt 1 view .LVU448
 751:Drivers/STM32L0xx_HAL_Driver/Src/stm32l0xx_hal_flash_ex.c ****     }
 1500              		.loc 1 751 34 is_stmt 0 view .LVU449
 1501 0032 E4B2     		uxtb	r4, r4
 1502              	.LVL142:
 751:Drivers/STM32L0xx_HAL_Driver/Src/stm32l0xx_hal_flash_ex.c ****     }
 1503              		.loc 1 751 32 view .LVU450
 1504 0034 2C70     		strb	r4, [r5]
 1505 0036 00E0     		b	.L99
 1506              	.LVL143:
 1507              	.L103:
 741:Drivers/STM32L0xx_HAL_Driver/Src/stm32l0xx_hal_flash_ex.c ****     }
 1508              		.loc 1 741 7 is_stmt 1 view .LVU451
 741:Drivers/STM32L0xx_HAL_Driver/Src/stm32l0xx_hal_flash_ex.c ****     }
 1509              		.loc 1 741 33 is_stmt 0 view .LVU452
 1510 0038 2C60     		str	r4, [r5]
 1511              	.LVL144:
 1512              	.L99:
 758:Drivers/STM32L0xx_HAL_Driver/Src/stm32l0xx_hal_flash_ex.c ****     {
 1513              		.loc 1 758 5 is_stmt 1 view .LVU453
 761:Drivers/STM32L0xx_HAL_Driver/Src/stm32l0xx_hal_flash_ex.c ****     }
 1514              		.loc 1 761 7 view .LVU454
 761:Drivers/STM32L0xx_HAL_Driver/Src/stm32l0xx_hal_flash_ex.c ****     }
 1515              		.loc 1 761 16 is_stmt 0 view .LVU455
 1516 003a 0848     		ldr	r0, .L105+4
 1517              	.LVL145:
 761:Drivers/STM32L0xx_HAL_Driver/Src/stm32l0xx_hal_flash_ex.c ****     }
 1518              		.loc 1 761 16 view .LVU456
 1519 003c FFF7FEFF 		bl	FLASH_WaitForLastOperation
 1520              	.LVL146:
ARM GAS  /var/folders/d7/pb3dkhys6j3db_qtp_8v34p80000gn/T//cct8i6sf.s 			page 61


 1521              	.L97:
 766:Drivers/STM32L0xx_HAL_Driver/Src/stm32l0xx_hal_flash_ex.c **** 
 1522              		.loc 1 766 3 is_stmt 1 view .LVU457
 766:Drivers/STM32L0xx_HAL_Driver/Src/stm32l0xx_hal_flash_ex.c **** 
 1523              		.loc 1 766 3 view .LVU458
 1524 0040 054B     		ldr	r3, .L105
 1525 0042 0022     		movs	r2, #0
 1526 0044 1A74     		strb	r2, [r3, #16]
 766:Drivers/STM32L0xx_HAL_Driver/Src/stm32l0xx_hal_flash_ex.c **** 
 1527              		.loc 1 766 3 view .LVU459
 768:Drivers/STM32L0xx_HAL_Driver/Src/stm32l0xx_hal_flash_ex.c **** }
 1528              		.loc 1 768 3 view .LVU460
 1529              	.LVL147:
 1530              	.L96:
 769:Drivers/STM32L0xx_HAL_Driver/Src/stm32l0xx_hal_flash_ex.c **** 
 1531              		.loc 1 769 1 is_stmt 0 view .LVU461
 1532              		@ sp needed
 1533              	.LVL148:
 1534              	.LVL149:
 769:Drivers/STM32L0xx_HAL_Driver/Src/stm32l0xx_hal_flash_ex.c **** 
 1535              		.loc 1 769 1 view .LVU462
 1536 0046 70BD     		pop	{r4, r5, r6, pc}
 1537              	.LVL150:
 1538              	.L104:
 746:Drivers/STM32L0xx_HAL_Driver/Src/stm32l0xx_hal_flash_ex.c ****     }
 1539              		.loc 1 746 7 is_stmt 1 view .LVU463
 746:Drivers/STM32L0xx_HAL_Driver/Src/stm32l0xx_hal_flash_ex.c ****     }
 1540              		.loc 1 746 35 is_stmt 0 view .LVU464
 1541 0048 A4B2     		uxth	r4, r4
 1542              	.LVL151:
 746:Drivers/STM32L0xx_HAL_Driver/Src/stm32l0xx_hal_flash_ex.c ****     }
 1543              		.loc 1 746 33 view .LVU465
 1544 004a 2C80     		strh	r4, [r5]
 1545 004c F5E7     		b	.L99
 1546              	.LVL152:
 1547              	.L102:
 755:Drivers/STM32L0xx_HAL_Driver/Src/stm32l0xx_hal_flash_ex.c ****     }
 1548              		.loc 1 755 14 view .LVU466
 1549 004e 0120     		movs	r0, #1
 1550 0050 F6E7     		b	.L97
 1551              	.LVL153:
 1552              	.L101:
 724:Drivers/STM32L0xx_HAL_Driver/Src/stm32l0xx_hal_flash_ex.c **** 
 1553              		.loc 1 724 3 discriminator 1 view .LVU467
 1554 0052 0220     		movs	r0, #2
 1555              	.LVL154:
 724:Drivers/STM32L0xx_HAL_Driver/Src/stm32l0xx_hal_flash_ex.c **** 
 1556              		.loc 1 724 3 discriminator 1 view .LVU468
 1557 0054 F7E7     		b	.L96
 1558              	.L106:
 1559 0056 C046     		.align	2
 1560              	.L105:
 1561 0058 00000000 		.word	pFlash
 1562 005c 50C30000 		.word	50000
 1563              		.cfi_endproc
 1564              	.LFE58:
 1566              		.section	.text.HAL_FLASHEx_DATAEEPROM_EnableFixedTimeProgram,"ax",%progbits
ARM GAS  /var/folders/d7/pb3dkhys6j3db_qtp_8v34p80000gn/T//cct8i6sf.s 			page 62


 1567              		.align	1
 1568              		.global	HAL_FLASHEx_DATAEEPROM_EnableFixedTimeProgram
 1569              		.syntax unified
 1570              		.code	16
 1571              		.thumb_func
 1573              	HAL_FLASHEx_DATAEEPROM_EnableFixedTimeProgram:
 1574              	.LFB59:
 776:Drivers/STM32L0xx_HAL_Driver/Src/stm32l0xx_hal_flash_ex.c ****   SET_BIT(FLASH->PECR, FLASH_PECR_FIX);
 1575              		.loc 1 776 1 is_stmt 1 view -0
 1576              		.cfi_startproc
 1577              		@ args = 0, pretend = 0, frame = 0
 1578              		@ frame_needed = 0, uses_anonymous_args = 0
 1579              		@ link register save eliminated.
 777:Drivers/STM32L0xx_HAL_Driver/Src/stm32l0xx_hal_flash_ex.c **** }
 1580              		.loc 1 777 3 view .LVU470
 1581 0000 034A     		ldr	r2, .L108
 1582 0002 5168     		ldr	r1, [r2, #4]
 1583 0004 8023     		movs	r3, #128
 1584 0006 5B00     		lsls	r3, r3, #1
 1585 0008 0B43     		orrs	r3, r1
 1586 000a 5360     		str	r3, [r2, #4]
 778:Drivers/STM32L0xx_HAL_Driver/Src/stm32l0xx_hal_flash_ex.c **** 
 1587              		.loc 1 778 1 is_stmt 0 view .LVU471
 1588              		@ sp needed
 1589 000c 7047     		bx	lr
 1590              	.L109:
 1591 000e C046     		.align	2
 1592              	.L108:
 1593 0010 00200240 		.word	1073881088
 1594              		.cfi_endproc
 1595              	.LFE59:
 1597              		.section	.text.HAL_FLASHEx_DATAEEPROM_DisableFixedTimeProgram,"ax",%progbits
 1598              		.align	1
 1599              		.global	HAL_FLASHEx_DATAEEPROM_DisableFixedTimeProgram
 1600              		.syntax unified
 1601              		.code	16
 1602              		.thumb_func
 1604              	HAL_FLASHEx_DATAEEPROM_DisableFixedTimeProgram:
 1605              	.LFB60:
 785:Drivers/STM32L0xx_HAL_Driver/Src/stm32l0xx_hal_flash_ex.c ****   CLEAR_BIT(FLASH->PECR, FLASH_PECR_FIX);
 1606              		.loc 1 785 1 is_stmt 1 view -0
 1607              		.cfi_startproc
 1608              		@ args = 0, pretend = 0, frame = 0
 1609              		@ frame_needed = 0, uses_anonymous_args = 0
 1610              		@ link register save eliminated.
 786:Drivers/STM32L0xx_HAL_Driver/Src/stm32l0xx_hal_flash_ex.c **** }
 1611              		.loc 1 786 3 view .LVU473
 1612 0000 024A     		ldr	r2, .L111
 1613 0002 5368     		ldr	r3, [r2, #4]
 1614 0004 0249     		ldr	r1, .L111+4
 1615 0006 0B40     		ands	r3, r1
 1616 0008 5360     		str	r3, [r2, #4]
 787:Drivers/STM32L0xx_HAL_Driver/Src/stm32l0xx_hal_flash_ex.c **** 
 1617              		.loc 1 787 1 is_stmt 0 view .LVU474
 1618              		@ sp needed
 1619 000a 7047     		bx	lr
 1620              	.L112:
ARM GAS  /var/folders/d7/pb3dkhys6j3db_qtp_8v34p80000gn/T//cct8i6sf.s 			page 63


 1621              		.align	2
 1622              	.L111:
 1623 000c 00200240 		.word	1073881088
 1624 0010 FFFEFFFF 		.word	-257
 1625              		.cfi_endproc
 1626              	.LFE60:
 1628              		.section	.text.FLASH_PageErase,"ax",%progbits
 1629              		.align	1
 1630              		.global	FLASH_PageErase
 1631              		.syntax unified
 1632              		.code	16
 1633              		.thumb_func
 1635              	FLASH_PageErase:
 1636              	.LVL155:
 1637              	.LFB71:
1165:Drivers/STM32L0xx_HAL_Driver/Src/stm32l0xx_hal_flash_ex.c **** 
1166:Drivers/STM32L0xx_HAL_Driver/Src/stm32l0xx_hal_flash_ex.c **** #if defined(FLASH_OPTR_BFB2)
1167:Drivers/STM32L0xx_HAL_Driver/Src/stm32l0xx_hal_flash_ex.c **** /**
1168:Drivers/STM32L0xx_HAL_Driver/Src/stm32l0xx_hal_flash_ex.c ****   * @brief  Configures to boot from Bank1 or Bank2.
1169:Drivers/STM32L0xx_HAL_Driver/Src/stm32l0xx_hal_flash_ex.c ****   * @param  OB_BOOT select the FLASH Bank to boot from.
1170:Drivers/STM32L0xx_HAL_Driver/Src/stm32l0xx_hal_flash_ex.c ****   *   This parameter can be one of the following values:
1171:Drivers/STM32L0xx_HAL_Driver/Src/stm32l0xx_hal_flash_ex.c ****   *          This parameter can be one of the following values:
1172:Drivers/STM32L0xx_HAL_Driver/Src/stm32l0xx_hal_flash_ex.c ****   *             @arg @ref OB_BOOT_BANK1 BFB2 option bit reset
1173:Drivers/STM32L0xx_HAL_Driver/Src/stm32l0xx_hal_flash_ex.c ****   *             @arg @ref OB_BOOT_BANK2 BFB2 option bit set
1174:Drivers/STM32L0xx_HAL_Driver/Src/stm32l0xx_hal_flash_ex.c ****   * @retval HAL status
1175:Drivers/STM32L0xx_HAL_Driver/Src/stm32l0xx_hal_flash_ex.c ****   */
1176:Drivers/STM32L0xx_HAL_Driver/Src/stm32l0xx_hal_flash_ex.c **** static HAL_StatusTypeDef FLASH_OB_BootConfig(uint8_t OB_BOOT)
1177:Drivers/STM32L0xx_HAL_Driver/Src/stm32l0xx_hal_flash_ex.c **** {
1178:Drivers/STM32L0xx_HAL_Driver/Src/stm32l0xx_hal_flash_ex.c ****   HAL_StatusTypeDef status = HAL_OK; 
1179:Drivers/STM32L0xx_HAL_Driver/Src/stm32l0xx_hal_flash_ex.c ****   uint32_t tmp = 0U, tmp1 = 0U;
1180:Drivers/STM32L0xx_HAL_Driver/Src/stm32l0xx_hal_flash_ex.c **** 
1181:Drivers/STM32L0xx_HAL_Driver/Src/stm32l0xx_hal_flash_ex.c ****   /* Check the parameters */
1182:Drivers/STM32L0xx_HAL_Driver/Src/stm32l0xx_hal_flash_ex.c ****   assert_param(IS_OB_BOOT_BANK(OB_BOOT));
1183:Drivers/STM32L0xx_HAL_Driver/Src/stm32l0xx_hal_flash_ex.c **** 
1184:Drivers/STM32L0xx_HAL_Driver/Src/stm32l0xx_hal_flash_ex.c ****   /* Get the User Option byte register  and BOR Level*/
1185:Drivers/STM32L0xx_HAL_Driver/Src/stm32l0xx_hal_flash_ex.c ****   tmp1 = OB->USER & ((~FLASH_OPTR_BFB2) >> 16U);
1186:Drivers/STM32L0xx_HAL_Driver/Src/stm32l0xx_hal_flash_ex.c **** 
1187:Drivers/STM32L0xx_HAL_Driver/Src/stm32l0xx_hal_flash_ex.c ****   /* Calculate the option byte to write */
1188:Drivers/STM32L0xx_HAL_Driver/Src/stm32l0xx_hal_flash_ex.c ****   tmp = (uint32_t)~(OB_BOOT | tmp1) << 16U;
1189:Drivers/STM32L0xx_HAL_Driver/Src/stm32l0xx_hal_flash_ex.c ****   tmp |= (OB_BOOT | tmp1);
1190:Drivers/STM32L0xx_HAL_Driver/Src/stm32l0xx_hal_flash_ex.c **** 
1191:Drivers/STM32L0xx_HAL_Driver/Src/stm32l0xx_hal_flash_ex.c ****   /* Wait for last operation to be completed */
1192:Drivers/STM32L0xx_HAL_Driver/Src/stm32l0xx_hal_flash_ex.c ****   status = FLASH_WaitForLastOperation(FLASH_TIMEOUT_VALUE);
1193:Drivers/STM32L0xx_HAL_Driver/Src/stm32l0xx_hal_flash_ex.c **** 
1194:Drivers/STM32L0xx_HAL_Driver/Src/stm32l0xx_hal_flash_ex.c ****   if(status == HAL_OK)
1195:Drivers/STM32L0xx_HAL_Driver/Src/stm32l0xx_hal_flash_ex.c ****   {  
1196:Drivers/STM32L0xx_HAL_Driver/Src/stm32l0xx_hal_flash_ex.c ****     /* Clean the error context */
1197:Drivers/STM32L0xx_HAL_Driver/Src/stm32l0xx_hal_flash_ex.c ****     pFlash.ErrorCode = HAL_FLASH_ERROR_NONE;
1198:Drivers/STM32L0xx_HAL_Driver/Src/stm32l0xx_hal_flash_ex.c **** 
1199:Drivers/STM32L0xx_HAL_Driver/Src/stm32l0xx_hal_flash_ex.c ****     /* Write the BOOT Option Byte */
1200:Drivers/STM32L0xx_HAL_Driver/Src/stm32l0xx_hal_flash_ex.c ****     OB->USER = tmp;
1201:Drivers/STM32L0xx_HAL_Driver/Src/stm32l0xx_hal_flash_ex.c ****     
1202:Drivers/STM32L0xx_HAL_Driver/Src/stm32l0xx_hal_flash_ex.c ****     /* Wait for last operation to be completed */
1203:Drivers/STM32L0xx_HAL_Driver/Src/stm32l0xx_hal_flash_ex.c ****     status = FLASH_WaitForLastOperation(FLASH_TIMEOUT_VALUE);
1204:Drivers/STM32L0xx_HAL_Driver/Src/stm32l0xx_hal_flash_ex.c ****   }
1205:Drivers/STM32L0xx_HAL_Driver/Src/stm32l0xx_hal_flash_ex.c **** 
1206:Drivers/STM32L0xx_HAL_Driver/Src/stm32l0xx_hal_flash_ex.c ****   /* Return the Option Byte program Status */
ARM GAS  /var/folders/d7/pb3dkhys6j3db_qtp_8v34p80000gn/T//cct8i6sf.s 			page 64


1207:Drivers/STM32L0xx_HAL_Driver/Src/stm32l0xx_hal_flash_ex.c ****   return status;
1208:Drivers/STM32L0xx_HAL_Driver/Src/stm32l0xx_hal_flash_ex.c **** }
1209:Drivers/STM32L0xx_HAL_Driver/Src/stm32l0xx_hal_flash_ex.c **** 
1210:Drivers/STM32L0xx_HAL_Driver/Src/stm32l0xx_hal_flash_ex.c **** #endif /* FLASH_OPTR_BFB2 */
1211:Drivers/STM32L0xx_HAL_Driver/Src/stm32l0xx_hal_flash_ex.c **** 
1212:Drivers/STM32L0xx_HAL_Driver/Src/stm32l0xx_hal_flash_ex.c **** /**
1213:Drivers/STM32L0xx_HAL_Driver/Src/stm32l0xx_hal_flash_ex.c ****   * @}
1214:Drivers/STM32L0xx_HAL_Driver/Src/stm32l0xx_hal_flash_ex.c ****   */
1215:Drivers/STM32L0xx_HAL_Driver/Src/stm32l0xx_hal_flash_ex.c **** 
1216:Drivers/STM32L0xx_HAL_Driver/Src/stm32l0xx_hal_flash_ex.c **** /**
1217:Drivers/STM32L0xx_HAL_Driver/Src/stm32l0xx_hal_flash_ex.c ****   * @}
1218:Drivers/STM32L0xx_HAL_Driver/Src/stm32l0xx_hal_flash_ex.c ****   */
1219:Drivers/STM32L0xx_HAL_Driver/Src/stm32l0xx_hal_flash_ex.c **** 
1220:Drivers/STM32L0xx_HAL_Driver/Src/stm32l0xx_hal_flash_ex.c **** /** @addtogroup FLASH
1221:Drivers/STM32L0xx_HAL_Driver/Src/stm32l0xx_hal_flash_ex.c ****   * @{
1222:Drivers/STM32L0xx_HAL_Driver/Src/stm32l0xx_hal_flash_ex.c ****   */
1223:Drivers/STM32L0xx_HAL_Driver/Src/stm32l0xx_hal_flash_ex.c **** 
1224:Drivers/STM32L0xx_HAL_Driver/Src/stm32l0xx_hal_flash_ex.c **** 
1225:Drivers/STM32L0xx_HAL_Driver/Src/stm32l0xx_hal_flash_ex.c **** /** @addtogroup FLASH_Private_Functions
1226:Drivers/STM32L0xx_HAL_Driver/Src/stm32l0xx_hal_flash_ex.c ****  * @{
1227:Drivers/STM32L0xx_HAL_Driver/Src/stm32l0xx_hal_flash_ex.c ****  */
1228:Drivers/STM32L0xx_HAL_Driver/Src/stm32l0xx_hal_flash_ex.c **** 
1229:Drivers/STM32L0xx_HAL_Driver/Src/stm32l0xx_hal_flash_ex.c **** /**
1230:Drivers/STM32L0xx_HAL_Driver/Src/stm32l0xx_hal_flash_ex.c ****   * @brief  Erases a specified page in program memory.
1231:Drivers/STM32L0xx_HAL_Driver/Src/stm32l0xx_hal_flash_ex.c ****   * @param  PageAddress The page address in program memory to be erased.
1232:Drivers/STM32L0xx_HAL_Driver/Src/stm32l0xx_hal_flash_ex.c ****   * @note   A Page is erased in the Program memory only if the address to load 
1233:Drivers/STM32L0xx_HAL_Driver/Src/stm32l0xx_hal_flash_ex.c ****   *         is the start address of a page (multiple of @ref FLASH_PAGE_SIZE bytes).
1234:Drivers/STM32L0xx_HAL_Driver/Src/stm32l0xx_hal_flash_ex.c ****   * @retval None
1235:Drivers/STM32L0xx_HAL_Driver/Src/stm32l0xx_hal_flash_ex.c ****   */
1236:Drivers/STM32L0xx_HAL_Driver/Src/stm32l0xx_hal_flash_ex.c **** void FLASH_PageErase(uint32_t PageAddress)
1237:Drivers/STM32L0xx_HAL_Driver/Src/stm32l0xx_hal_flash_ex.c **** {
 1638              		.loc 1 1237 1 is_stmt 1 view -0
 1639              		.cfi_startproc
 1640              		@ args = 0, pretend = 0, frame = 0
 1641              		@ frame_needed = 0, uses_anonymous_args = 0
 1642              		.loc 1 1237 1 is_stmt 0 view .LVU476
 1643 0000 10B5     		push	{r4, lr}
 1644              	.LCFI12:
 1645              		.cfi_def_cfa_offset 8
 1646              		.cfi_offset 4, -8
 1647              		.cfi_offset 14, -4
1238:Drivers/STM32L0xx_HAL_Driver/Src/stm32l0xx_hal_flash_ex.c ****   /* Clean the error context */
1239:Drivers/STM32L0xx_HAL_Driver/Src/stm32l0xx_hal_flash_ex.c ****   pFlash.ErrorCode = HAL_FLASH_ERROR_NONE;
 1648              		.loc 1 1239 3 is_stmt 1 view .LVU477
 1649              		.loc 1 1239 20 is_stmt 0 view .LVU478
 1650 0002 084B     		ldr	r3, .L114
 1651 0004 0021     		movs	r1, #0
 1652 0006 5961     		str	r1, [r3, #20]
1240:Drivers/STM32L0xx_HAL_Driver/Src/stm32l0xx_hal_flash_ex.c **** 
1241:Drivers/STM32L0xx_HAL_Driver/Src/stm32l0xx_hal_flash_ex.c ****   /* Set the ERASE bit */
1242:Drivers/STM32L0xx_HAL_Driver/Src/stm32l0xx_hal_flash_ex.c ****   SET_BIT(FLASH->PECR, FLASH_PECR_ERASE);
 1653              		.loc 1 1242 3 is_stmt 1 view .LVU479
 1654 0008 074B     		ldr	r3, .L114+4
 1655 000a 5C68     		ldr	r4, [r3, #4]
 1656 000c 8022     		movs	r2, #128
 1657 000e 9200     		lsls	r2, r2, #2
 1658 0010 2243     		orrs	r2, r4
ARM GAS  /var/folders/d7/pb3dkhys6j3db_qtp_8v34p80000gn/T//cct8i6sf.s 			page 65


 1659 0012 5A60     		str	r2, [r3, #4]
1243:Drivers/STM32L0xx_HAL_Driver/Src/stm32l0xx_hal_flash_ex.c **** 
1244:Drivers/STM32L0xx_HAL_Driver/Src/stm32l0xx_hal_flash_ex.c ****   /* Set PROG bit */
1245:Drivers/STM32L0xx_HAL_Driver/Src/stm32l0xx_hal_flash_ex.c ****   SET_BIT(FLASH->PECR, FLASH_PECR_PROG);
 1660              		.loc 1 1245 3 view .LVU480
 1661 0014 5A68     		ldr	r2, [r3, #4]
 1662 0016 0824     		movs	r4, #8
 1663 0018 2243     		orrs	r2, r4
 1664 001a 5A60     		str	r2, [r3, #4]
1246:Drivers/STM32L0xx_HAL_Driver/Src/stm32l0xx_hal_flash_ex.c **** 
1247:Drivers/STM32L0xx_HAL_Driver/Src/stm32l0xx_hal_flash_ex.c ****   /* Write 00000000h to the first word of the program page to erase */
1248:Drivers/STM32L0xx_HAL_Driver/Src/stm32l0xx_hal_flash_ex.c ****   *(__IO uint32_t *)(uint32_t)(PageAddress & ~(FLASH_PAGE_SIZE - 1)) = 0x00000000;
 1665              		.loc 1 1248 3 view .LVU481
 1666              		.loc 1 1248 21 is_stmt 0 view .LVU482
 1667 001c 7F23     		movs	r3, #127
 1668 001e 9843     		bics	r0, r3
 1669              	.LVL156:
 1670              		.loc 1 1248 70 view .LVU483
 1671 0020 0160     		str	r1, [r0]
1249:Drivers/STM32L0xx_HAL_Driver/Src/stm32l0xx_hal_flash_ex.c **** }
 1672              		.loc 1 1249 1 view .LVU484
 1673              		@ sp needed
 1674 0022 10BD     		pop	{r4, pc}
 1675              	.L115:
 1676              		.align	2
 1677              	.L114:
 1678 0024 00000000 		.word	pFlash
 1679 0028 00200240 		.word	1073881088
 1680              		.cfi_endproc
 1681              	.LFE71:
 1683              		.section	.text.HAL_FLASHEx_Erase,"ax",%progbits
 1684              		.align	1
 1685              		.global	HAL_FLASHEx_Erase
 1686              		.syntax unified
 1687              		.code	16
 1688              		.thumb_func
 1690              	HAL_FLASHEx_Erase:
 1691              	.LVL157:
 1692              	.LFB47:
 167:Drivers/STM32L0xx_HAL_Driver/Src/stm32l0xx_hal_flash_ex.c ****   HAL_StatusTypeDef status;
 1693              		.loc 1 167 1 is_stmt 1 view -0
 1694              		.cfi_startproc
 1695              		@ args = 0, pretend = 0, frame = 0
 1696              		@ frame_needed = 0, uses_anonymous_args = 0
 167:Drivers/STM32L0xx_HAL_Driver/Src/stm32l0xx_hal_flash_ex.c ****   HAL_StatusTypeDef status;
 1697              		.loc 1 167 1 is_stmt 0 view .LVU486
 1698 0000 70B5     		push	{r4, r5, r6, lr}
 1699              	.LCFI13:
 1700              		.cfi_def_cfa_offset 16
 1701              		.cfi_offset 4, -16
 1702              		.cfi_offset 5, -12
 1703              		.cfi_offset 6, -8
 1704              		.cfi_offset 14, -4
 1705 0002 0500     		movs	r5, r0
 1706 0004 0E00     		movs	r6, r1
 168:Drivers/STM32L0xx_HAL_Driver/Src/stm32l0xx_hal_flash_ex.c ****   uint32_t address = 0U;
 1707              		.loc 1 168 3 is_stmt 1 view .LVU487
ARM GAS  /var/folders/d7/pb3dkhys6j3db_qtp_8v34p80000gn/T//cct8i6sf.s 			page 66


 169:Drivers/STM32L0xx_HAL_Driver/Src/stm32l0xx_hal_flash_ex.c ****   
 1708              		.loc 1 169 3 view .LVU488
 1709              	.LVL158:
 172:Drivers/STM32L0xx_HAL_Driver/Src/stm32l0xx_hal_flash_ex.c **** 
 1710              		.loc 1 172 3 view .LVU489
 172:Drivers/STM32L0xx_HAL_Driver/Src/stm32l0xx_hal_flash_ex.c **** 
 1711              		.loc 1 172 3 view .LVU490
 1712 0006 184B     		ldr	r3, .L123
 1713 0008 1B7C     		ldrb	r3, [r3, #16]
 1714 000a 012B     		cmp	r3, #1
 1715 000c 29D0     		beq	.L122
 172:Drivers/STM32L0xx_HAL_Driver/Src/stm32l0xx_hal_flash_ex.c **** 
 1716              		.loc 1 172 3 discriminator 2 view .LVU491
 1717 000e 164B     		ldr	r3, .L123
 1718 0010 0122     		movs	r2, #1
 1719 0012 1A74     		strb	r2, [r3, #16]
 172:Drivers/STM32L0xx_HAL_Driver/Src/stm32l0xx_hal_flash_ex.c **** 
 1720              		.loc 1 172 3 view .LVU492
 175:Drivers/STM32L0xx_HAL_Driver/Src/stm32l0xx_hal_flash_ex.c **** 
 1721              		.loc 1 175 3 view .LVU493
 175:Drivers/STM32L0xx_HAL_Driver/Src/stm32l0xx_hal_flash_ex.c **** 
 1722              		.loc 1 175 12 is_stmt 0 view .LVU494
 1723 0014 1548     		ldr	r0, .L123+4
 1724              	.LVL159:
 175:Drivers/STM32L0xx_HAL_Driver/Src/stm32l0xx_hal_flash_ex.c **** 
 1725              		.loc 1 175 12 view .LVU495
 1726 0016 FFF7FEFF 		bl	FLASH_WaitForLastOperation
 1727              	.LVL160:
 177:Drivers/STM32L0xx_HAL_Driver/Src/stm32l0xx_hal_flash_ex.c ****   {
 1728              		.loc 1 177 3 is_stmt 1 view .LVU496
 177:Drivers/STM32L0xx_HAL_Driver/Src/stm32l0xx_hal_flash_ex.c ****   {
 1729              		.loc 1 177 6 is_stmt 0 view .LVU497
 1730 001a 0028     		cmp	r0, #0
 1731 001c 1DD1     		bne	.L118
 180:Drivers/STM32L0xx_HAL_Driver/Src/stm32l0xx_hal_flash_ex.c **** 
 1732              		.loc 1 180 5 is_stmt 1 view .LVU498
 180:Drivers/STM32L0xx_HAL_Driver/Src/stm32l0xx_hal_flash_ex.c **** 
 1733              		.loc 1 180 16 is_stmt 0 view .LVU499
 1734 001e 0123     		movs	r3, #1
 1735 0020 5B42     		rsbs	r3, r3, #0
 1736 0022 3360     		str	r3, [r6]
 183:Drivers/STM32L0xx_HAL_Driver/Src/stm32l0xx_hal_flash_ex.c ****     assert_param(IS_FLASH_TYPEERASE(pEraseInit->TypeErase));
 1737              		.loc 1 183 5 is_stmt 1 view .LVU500
 184:Drivers/STM32L0xx_HAL_Driver/Src/stm32l0xx_hal_flash_ex.c ****     assert_param(IS_FLASH_PROGRAM_ADDRESS(pEraseInit->PageAddress));
 1738              		.loc 1 184 5 view .LVU501
 185:Drivers/STM32L0xx_HAL_Driver/Src/stm32l0xx_hal_flash_ex.c ****     assert_param(IS_FLASH_PROGRAM_ADDRESS((pEraseInit->PageAddress & ~(FLASH_PAGE_SIZE - 1U)) + pEr
 1739              		.loc 1 185 5 view .LVU502
 186:Drivers/STM32L0xx_HAL_Driver/Src/stm32l0xx_hal_flash_ex.c **** 
 1740              		.loc 1 186 5 view .LVU503
 189:Drivers/STM32L0xx_HAL_Driver/Src/stm32l0xx_hal_flash_ex.c ****         address < ((pEraseInit->NbPages * FLASH_PAGE_SIZE) + pEraseInit->PageAddress);
 1741              		.loc 1 189 5 view .LVU504
 189:Drivers/STM32L0xx_HAL_Driver/Src/stm32l0xx_hal_flash_ex.c ****         address < ((pEraseInit->NbPages * FLASH_PAGE_SIZE) + pEraseInit->PageAddress);
 1742              		.loc 1 189 17 is_stmt 0 view .LVU505
 1743 0024 6C68     		ldr	r4, [r5, #4]
 1744              	.LVL161:
 189:Drivers/STM32L0xx_HAL_Driver/Src/stm32l0xx_hal_flash_ex.c ****         address < ((pEraseInit->NbPages * FLASH_PAGE_SIZE) + pEraseInit->PageAddress);
 1745              		.loc 1 189 5 view .LVU506
ARM GAS  /var/folders/d7/pb3dkhys6j3db_qtp_8v34p80000gn/T//cct8i6sf.s 			page 67


 1746 0026 00E0     		b	.L119
 1747              	.L120:
 191:Drivers/STM32L0xx_HAL_Driver/Src/stm32l0xx_hal_flash_ex.c ****     {
 1748              		.loc 1 191 17 is_stmt 1 view .LVU507
 1749 0028 8034     		adds	r4, r4, #128
 1750              	.LVL162:
 1751              	.L119:
 190:Drivers/STM32L0xx_HAL_Driver/Src/stm32l0xx_hal_flash_ex.c ****         address += FLASH_PAGE_SIZE)
 1752              		.loc 1 190 17 view .LVU508
 190:Drivers/STM32L0xx_HAL_Driver/Src/stm32l0xx_hal_flash_ex.c ****         address += FLASH_PAGE_SIZE)
 1753              		.loc 1 190 31 is_stmt 0 view .LVU509
 1754 002a AB68     		ldr	r3, [r5, #8]
 190:Drivers/STM32L0xx_HAL_Driver/Src/stm32l0xx_hal_flash_ex.c ****         address += FLASH_PAGE_SIZE)
 1755              		.loc 1 190 41 view .LVU510
 1756 002c DB01     		lsls	r3, r3, #7
 190:Drivers/STM32L0xx_HAL_Driver/Src/stm32l0xx_hal_flash_ex.c ****         address += FLASH_PAGE_SIZE)
 1757              		.loc 1 190 72 view .LVU511
 1758 002e 6A68     		ldr	r2, [r5, #4]
 190:Drivers/STM32L0xx_HAL_Driver/Src/stm32l0xx_hal_flash_ex.c ****         address += FLASH_PAGE_SIZE)
 1759              		.loc 1 190 60 view .LVU512
 1760 0030 9B18     		adds	r3, r3, r2
 190:Drivers/STM32L0xx_HAL_Driver/Src/stm32l0xx_hal_flash_ex.c ****         address += FLASH_PAGE_SIZE)
 1761              		.loc 1 190 17 view .LVU513
 1762 0032 A342     		cmp	r3, r4
 1763 0034 11D9     		bls	.L118
 193:Drivers/STM32L0xx_HAL_Driver/Src/stm32l0xx_hal_flash_ex.c **** 
 1764              		.loc 1 193 7 is_stmt 1 view .LVU514
 1765 0036 2000     		movs	r0, r4
 1766              	.LVL163:
 193:Drivers/STM32L0xx_HAL_Driver/Src/stm32l0xx_hal_flash_ex.c **** 
 1767              		.loc 1 193 7 is_stmt 0 view .LVU515
 1768 0038 FFF7FEFF 		bl	FLASH_PageErase
 1769              	.LVL164:
 196:Drivers/STM32L0xx_HAL_Driver/Src/stm32l0xx_hal_flash_ex.c **** 
 1770              		.loc 1 196 7 is_stmt 1 view .LVU516
 196:Drivers/STM32L0xx_HAL_Driver/Src/stm32l0xx_hal_flash_ex.c **** 
 1771              		.loc 1 196 16 is_stmt 0 view .LVU517
 1772 003c 0B48     		ldr	r0, .L123+4
 1773 003e FFF7FEFF 		bl	FLASH_WaitForLastOperation
 1774              	.LVL165:
 199:Drivers/STM32L0xx_HAL_Driver/Src/stm32l0xx_hal_flash_ex.c ****       CLEAR_BIT(FLASH->PECR, FLASH_PECR_ERASE);
 1775              		.loc 1 199 7 is_stmt 1 view .LVU518
 1776 0042 0B4B     		ldr	r3, .L123+8
 1777 0044 5A68     		ldr	r2, [r3, #4]
 1778 0046 0821     		movs	r1, #8
 1779 0048 8A43     		bics	r2, r1
 1780 004a 5A60     		str	r2, [r3, #4]
 200:Drivers/STM32L0xx_HAL_Driver/Src/stm32l0xx_hal_flash_ex.c **** 
 1781              		.loc 1 200 7 view .LVU519
 1782 004c 5A68     		ldr	r2, [r3, #4]
 1783 004e 0949     		ldr	r1, .L123+12
 1784 0050 0A40     		ands	r2, r1
 1785 0052 5A60     		str	r2, [r3, #4]
 202:Drivers/STM32L0xx_HAL_Driver/Src/stm32l0xx_hal_flash_ex.c ****       {
 1786              		.loc 1 202 7 view .LVU520
 202:Drivers/STM32L0xx_HAL_Driver/Src/stm32l0xx_hal_flash_ex.c ****       {
 1787              		.loc 1 202 10 is_stmt 0 view .LVU521
ARM GAS  /var/folders/d7/pb3dkhys6j3db_qtp_8v34p80000gn/T//cct8i6sf.s 			page 68


 1788 0054 0028     		cmp	r0, #0
 1789 0056 E7D0     		beq	.L120
 205:Drivers/STM32L0xx_HAL_Driver/Src/stm32l0xx_hal_flash_ex.c ****         break;
 1790              		.loc 1 205 9 is_stmt 1 view .LVU522
 205:Drivers/STM32L0xx_HAL_Driver/Src/stm32l0xx_hal_flash_ex.c ****         break;
 1791              		.loc 1 205 20 is_stmt 0 view .LVU523
 1792 0058 3460     		str	r4, [r6]
 206:Drivers/STM32L0xx_HAL_Driver/Src/stm32l0xx_hal_flash_ex.c ****       }
 1793              		.loc 1 206 9 is_stmt 1 view .LVU524
 1794              	.LVL166:
 1795              	.L118:
 212:Drivers/STM32L0xx_HAL_Driver/Src/stm32l0xx_hal_flash_ex.c **** 
 1796              		.loc 1 212 3 view .LVU525
 212:Drivers/STM32L0xx_HAL_Driver/Src/stm32l0xx_hal_flash_ex.c **** 
 1797              		.loc 1 212 3 view .LVU526
 1798 005a 034B     		ldr	r3, .L123
 1799 005c 0022     		movs	r2, #0
 1800 005e 1A74     		strb	r2, [r3, #16]
 212:Drivers/STM32L0xx_HAL_Driver/Src/stm32l0xx_hal_flash_ex.c **** 
 1801              		.loc 1 212 3 view .LVU527
 214:Drivers/STM32L0xx_HAL_Driver/Src/stm32l0xx_hal_flash_ex.c **** }
 1802              		.loc 1 214 3 view .LVU528
 1803              	.LVL167:
 1804              	.L117:
 215:Drivers/STM32L0xx_HAL_Driver/Src/stm32l0xx_hal_flash_ex.c **** 
 1805              		.loc 1 215 1 is_stmt 0 view .LVU529
 1806              		@ sp needed
 1807              	.LVL168:
 1808              	.LVL169:
 215:Drivers/STM32L0xx_HAL_Driver/Src/stm32l0xx_hal_flash_ex.c **** 
 1809              		.loc 1 215 1 view .LVU530
 1810 0060 70BD     		pop	{r4, r5, r6, pc}
 1811              	.LVL170:
 1812              	.L122:
 172:Drivers/STM32L0xx_HAL_Driver/Src/stm32l0xx_hal_flash_ex.c **** 
 1813              		.loc 1 172 3 discriminator 1 view .LVU531
 1814 0062 0220     		movs	r0, #2
 1815              	.LVL171:
 172:Drivers/STM32L0xx_HAL_Driver/Src/stm32l0xx_hal_flash_ex.c **** 
 1816              		.loc 1 172 3 discriminator 1 view .LVU532
 1817 0064 FCE7     		b	.L117
 1818              	.L124:
 1819 0066 C046     		.align	2
 1820              	.L123:
 1821 0068 00000000 		.word	pFlash
 1822 006c 50C30000 		.word	50000
 1823 0070 00200240 		.word	1073881088
 1824 0074 FFFDFFFF 		.word	-513
 1825              		.cfi_endproc
 1826              	.LFE47:
 1828              		.section	.text.HAL_FLASHEx_Erase_IT,"ax",%progbits
 1829              		.align	1
 1830              		.global	HAL_FLASHEx_Erase_IT
 1831              		.syntax unified
 1832              		.code	16
 1833              		.thumb_func
 1835              	HAL_FLASHEx_Erase_IT:
ARM GAS  /var/folders/d7/pb3dkhys6j3db_qtp_8v34p80000gn/T//cct8i6sf.s 			page 69


 1836              	.LVL172:
 1837              	.LFB48:
 231:Drivers/STM32L0xx_HAL_Driver/Src/stm32l0xx_hal_flash_ex.c ****   HAL_StatusTypeDef status;
 1838              		.loc 1 231 1 is_stmt 1 view -0
 1839              		.cfi_startproc
 1840              		@ args = 0, pretend = 0, frame = 0
 1841              		@ frame_needed = 0, uses_anonymous_args = 0
 231:Drivers/STM32L0xx_HAL_Driver/Src/stm32l0xx_hal_flash_ex.c ****   HAL_StatusTypeDef status;
 1842              		.loc 1 231 1 is_stmt 0 view .LVU534
 1843 0000 70B5     		push	{r4, r5, r6, lr}
 1844              	.LCFI14:
 1845              		.cfi_def_cfa_offset 16
 1846              		.cfi_offset 4, -16
 1847              		.cfi_offset 5, -12
 1848              		.cfi_offset 6, -8
 1849              		.cfi_offset 14, -4
 1850 0002 0500     		movs	r5, r0
 232:Drivers/STM32L0xx_HAL_Driver/Src/stm32l0xx_hal_flash_ex.c **** 
 1851              		.loc 1 232 3 is_stmt 1 view .LVU535
 235:Drivers/STM32L0xx_HAL_Driver/Src/stm32l0xx_hal_flash_ex.c ****   {
 1852              		.loc 1 235 3 view .LVU536
 235:Drivers/STM32L0xx_HAL_Driver/Src/stm32l0xx_hal_flash_ex.c ****   {
 1853              		.loc 1 235 13 is_stmt 0 view .LVU537
 1854 0004 144B     		ldr	r3, .L131
 1855 0006 1B78     		ldrb	r3, [r3]
 235:Drivers/STM32L0xx_HAL_Driver/Src/stm32l0xx_hal_flash_ex.c ****   {
 1856              		.loc 1 235 6 view .LVU538
 1857 0008 002B     		cmp	r3, #0
 1858 000a 20D1     		bne	.L128
 241:Drivers/STM32L0xx_HAL_Driver/Src/stm32l0xx_hal_flash_ex.c ****   assert_param(IS_FLASH_TYPEERASE(pEraseInit->TypeErase));
 1859              		.loc 1 241 3 is_stmt 1 view .LVU539
 242:Drivers/STM32L0xx_HAL_Driver/Src/stm32l0xx_hal_flash_ex.c ****   assert_param(IS_FLASH_PROGRAM_ADDRESS(pEraseInit->PageAddress));
 1860              		.loc 1 242 3 view .LVU540
 243:Drivers/STM32L0xx_HAL_Driver/Src/stm32l0xx_hal_flash_ex.c ****   assert_param(IS_FLASH_PROGRAM_ADDRESS((pEraseInit->PageAddress & ~(FLASH_PAGE_SIZE - 1)) + pErase
 1861              		.loc 1 243 3 view .LVU541
 244:Drivers/STM32L0xx_HAL_Driver/Src/stm32l0xx_hal_flash_ex.c **** 
 1862              		.loc 1 244 3 view .LVU542
 247:Drivers/STM32L0xx_HAL_Driver/Src/stm32l0xx_hal_flash_ex.c **** 
 1863              		.loc 1 247 3 view .LVU543
 247:Drivers/STM32L0xx_HAL_Driver/Src/stm32l0xx_hal_flash_ex.c **** 
 1864              		.loc 1 247 3 view .LVU544
 1865 000c 124B     		ldr	r3, .L131
 1866 000e 1B7C     		ldrb	r3, [r3, #16]
 1867 0010 012B     		cmp	r3, #1
 1868 0012 1ED0     		beq	.L129
 247:Drivers/STM32L0xx_HAL_Driver/Src/stm32l0xx_hal_flash_ex.c **** 
 1869              		.loc 1 247 3 discriminator 2 view .LVU545
 1870 0014 104B     		ldr	r3, .L131
 1871 0016 0122     		movs	r2, #1
 1872 0018 1A74     		strb	r2, [r3, #16]
 247:Drivers/STM32L0xx_HAL_Driver/Src/stm32l0xx_hal_flash_ex.c **** 
 1873              		.loc 1 247 3 view .LVU546
 250:Drivers/STM32L0xx_HAL_Driver/Src/stm32l0xx_hal_flash_ex.c ****   
 1874              		.loc 1 250 3 view .LVU547
 250:Drivers/STM32L0xx_HAL_Driver/Src/stm32l0xx_hal_flash_ex.c ****   
 1875              		.loc 1 250 12 is_stmt 0 view .LVU548
 1876 001a 1048     		ldr	r0, .L131+4
ARM GAS  /var/folders/d7/pb3dkhys6j3db_qtp_8v34p80000gn/T//cct8i6sf.s 			page 70


 1877              	.LVL173:
 250:Drivers/STM32L0xx_HAL_Driver/Src/stm32l0xx_hal_flash_ex.c ****   
 1878              		.loc 1 250 12 view .LVU549
 1879 001c FFF7FEFF 		bl	FLASH_WaitForLastOperation
 1880              	.LVL174:
 1881 0020 041E     		subs	r4, r0, #0
 1882              	.LVL175:
 252:Drivers/STM32L0xx_HAL_Driver/Src/stm32l0xx_hal_flash_ex.c ****   {
 1883              		.loc 1 252 3 is_stmt 1 view .LVU550
 252:Drivers/STM32L0xx_HAL_Driver/Src/stm32l0xx_hal_flash_ex.c ****   {
 1884              		.loc 1 252 6 is_stmt 0 view .LVU551
 1885 0022 04D0     		beq	.L130
 267:Drivers/STM32L0xx_HAL_Driver/Src/stm32l0xx_hal_flash_ex.c ****   }
 1886              		.loc 1 267 5 is_stmt 1 view .LVU552
 267:Drivers/STM32L0xx_HAL_Driver/Src/stm32l0xx_hal_flash_ex.c ****   }
 1887              		.loc 1 267 5 view .LVU553
 1888 0024 0C4B     		ldr	r3, .L131
 1889 0026 0022     		movs	r2, #0
 1890 0028 1A74     		strb	r2, [r3, #16]
 1891              	.LVL176:
 1892              	.L126:
 271:Drivers/STM32L0xx_HAL_Driver/Src/stm32l0xx_hal_flash_ex.c **** 
 1893              		.loc 1 271 1 is_stmt 0 view .LVU554
 1894 002a 2000     		movs	r0, r4
 1895              		@ sp needed
 1896              	.LVL177:
 271:Drivers/STM32L0xx_HAL_Driver/Src/stm32l0xx_hal_flash_ex.c **** 
 1897              		.loc 1 271 1 view .LVU555
 1898 002c 70BD     		pop	{r4, r5, r6, pc}
 1899              	.LVL178:
 1900              	.L130:
 255:Drivers/STM32L0xx_HAL_Driver/Src/stm32l0xx_hal_flash_ex.c ****     
 1901              		.loc 1 255 5 is_stmt 1 view .LVU556
 1902 002e 0C4A     		ldr	r2, .L131+8
 1903 0030 5168     		ldr	r1, [r2, #4]
 1904 0032 C023     		movs	r3, #192
 1905 0034 9B02     		lsls	r3, r3, #10
 1906 0036 0B43     		orrs	r3, r1
 1907 0038 5360     		str	r3, [r2, #4]
 257:Drivers/STM32L0xx_HAL_Driver/Src/stm32l0xx_hal_flash_ex.c ****     pFlash.NbPagesToErase = pEraseInit->NbPages;
 1908              		.loc 1 257 5 view .LVU557
 257:Drivers/STM32L0xx_HAL_Driver/Src/stm32l0xx_hal_flash_ex.c ****     pFlash.NbPagesToErase = pEraseInit->NbPages;
 1909              		.loc 1 257 29 is_stmt 0 view .LVU558
 1910 003a 074B     		ldr	r3, .L131
 1911 003c 0122     		movs	r2, #1
 1912 003e 1A70     		strb	r2, [r3]
 258:Drivers/STM32L0xx_HAL_Driver/Src/stm32l0xx_hal_flash_ex.c ****     pFlash.Page = pEraseInit->PageAddress;
 1913              		.loc 1 258 5 is_stmt 1 view .LVU559
 258:Drivers/STM32L0xx_HAL_Driver/Src/stm32l0xx_hal_flash_ex.c ****     pFlash.Page = pEraseInit->PageAddress;
 1914              		.loc 1 258 39 is_stmt 0 view .LVU560
 1915 0040 AA68     		ldr	r2, [r5, #8]
 258:Drivers/STM32L0xx_HAL_Driver/Src/stm32l0xx_hal_flash_ex.c ****     pFlash.Page = pEraseInit->PageAddress;
 1916              		.loc 1 258 27 view .LVU561
 1917 0042 5A60     		str	r2, [r3, #4]
 259:Drivers/STM32L0xx_HAL_Driver/Src/stm32l0xx_hal_flash_ex.c **** 
 1918              		.loc 1 259 5 is_stmt 1 view .LVU562
 259:Drivers/STM32L0xx_HAL_Driver/Src/stm32l0xx_hal_flash_ex.c **** 
ARM GAS  /var/folders/d7/pb3dkhys6j3db_qtp_8v34p80000gn/T//cct8i6sf.s 			page 71


 1919              		.loc 1 259 29 is_stmt 0 view .LVU563
 1920 0044 6868     		ldr	r0, [r5, #4]
 1921              	.LVL179:
 259:Drivers/STM32L0xx_HAL_Driver/Src/stm32l0xx_hal_flash_ex.c **** 
 1922              		.loc 1 259 17 view .LVU564
 1923 0046 D860     		str	r0, [r3, #12]
 262:Drivers/STM32L0xx_HAL_Driver/Src/stm32l0xx_hal_flash_ex.c ****   }
 1924              		.loc 1 262 5 is_stmt 1 view .LVU565
 1925 0048 FFF7FEFF 		bl	FLASH_PageErase
 1926              	.LVL180:
 1927 004c EDE7     		b	.L126
 1928              	.LVL181:
 1929              	.L128:
 237:Drivers/STM32L0xx_HAL_Driver/Src/stm32l0xx_hal_flash_ex.c ****   }
 1930              		.loc 1 237 12 is_stmt 0 view .LVU566
 1931 004e 0124     		movs	r4, #1
 1932 0050 EBE7     		b	.L126
 1933              	.L129:
 247:Drivers/STM32L0xx_HAL_Driver/Src/stm32l0xx_hal_flash_ex.c **** 
 1934              		.loc 1 247 3 discriminator 1 view .LVU567
 1935 0052 0224     		movs	r4, #2
 1936 0054 E9E7     		b	.L126
 1937              	.L132:
 1938 0056 C046     		.align	2
 1939              	.L131:
 1940 0058 00000000 		.word	pFlash
 1941 005c 50C30000 		.word	50000
 1942 0060 00200240 		.word	1073881088
 1943              		.cfi_endproc
 1944              	.LFE48:
 1946              		.text
 1947              	.Letext0:
 1948              		.file 3 "/Applications/ArmGNUToolchain/14.3.rel1/arm-none-eabi/arm-none-eabi/include/machine/_defa
 1949              		.file 4 "/Applications/ArmGNUToolchain/14.3.rel1/arm-none-eabi/arm-none-eabi/include/sys/_stdint.h
 1950              		.file 5 "Drivers/CMSIS/Device/ST/STM32L0xx/Include/stm32l053xx.h"
 1951              		.file 6 "Drivers/CMSIS/Device/ST/STM32L0xx/Include/stm32l0xx.h"
 1952              		.file 7 "Drivers/STM32L0xx_HAL_Driver/Inc/stm32l0xx_hal_def.h"
 1953              		.file 8 "Drivers/STM32L0xx_HAL_Driver/Inc/stm32l0xx_hal_flash.h"
 1954              		.file 9 "Drivers/STM32L0xx_HAL_Driver/Inc/stm32l0xx_hal_flash_ex.h"
ARM GAS  /var/folders/d7/pb3dkhys6j3db_qtp_8v34p80000gn/T//cct8i6sf.s 			page 72


DEFINED SYMBOLS
                            *ABS*:00000000 stm32l0xx_hal_flash_ex.c
/var/folders/d7/pb3dkhys6j3db_qtp_8v34p80000gn/T//cct8i6sf.s:19     .text.FLASH_OB_GetUser:00000000 $t
/var/folders/d7/pb3dkhys6j3db_qtp_8v34p80000gn/T//cct8i6sf.s:24     .text.FLASH_OB_GetUser:00000000 FLASH_OB_GetUser
/var/folders/d7/pb3dkhys6j3db_qtp_8v34p80000gn/T//cct8i6sf.s:46     .text.FLASH_OB_GetUser:0000000c $d
/var/folders/d7/pb3dkhys6j3db_qtp_8v34p80000gn/T//cct8i6sf.s:51     .text.FLASH_OB_GetRDP:00000000 $t
/var/folders/d7/pb3dkhys6j3db_qtp_8v34p80000gn/T//cct8i6sf.s:56     .text.FLASH_OB_GetRDP:00000000 FLASH_OB_GetRDP
/var/folders/d7/pb3dkhys6j3db_qtp_8v34p80000gn/T//cct8i6sf.s:87     .text.FLASH_OB_GetRDP:00000014 $d
/var/folders/d7/pb3dkhys6j3db_qtp_8v34p80000gn/T//cct8i6sf.s:92     .text.FLASH_OB_GetBOR:00000000 $t
/var/folders/d7/pb3dkhys6j3db_qtp_8v34p80000gn/T//cct8i6sf.s:97     .text.FLASH_OB_GetBOR:00000000 FLASH_OB_GetBOR
/var/folders/d7/pb3dkhys6j3db_qtp_8v34p80000gn/T//cct8i6sf.s:119    .text.FLASH_OB_GetBOR:0000000c $d
/var/folders/d7/pb3dkhys6j3db_qtp_8v34p80000gn/T//cct8i6sf.s:124    .text.FLASH_OB_GetBOOTBit1:00000000 $t
/var/folders/d7/pb3dkhys6j3db_qtp_8v34p80000gn/T//cct8i6sf.s:129    .text.FLASH_OB_GetBOOTBit1:00000000 FLASH_OB_GetBOOTBit1
/var/folders/d7/pb3dkhys6j3db_qtp_8v34p80000gn/T//cct8i6sf.s:148    .text.FLASH_OB_GetBOOTBit1:00000008 $d
/var/folders/d7/pb3dkhys6j3db_qtp_8v34p80000gn/T//cct8i6sf.s:153    .text.FLASH_OB_GetWRP:00000000 $t
/var/folders/d7/pb3dkhys6j3db_qtp_8v34p80000gn/T//cct8i6sf.s:158    .text.FLASH_OB_GetWRP:00000000 FLASH_OB_GetWRP
/var/folders/d7/pb3dkhys6j3db_qtp_8v34p80000gn/T//cct8i6sf.s:175    .text.FLASH_OB_GetWRP:00000008 $d
/var/folders/d7/pb3dkhys6j3db_qtp_8v34p80000gn/T//cct8i6sf.s:180    .text.FLASH_OB_ProtectedSectorsConfig:00000000 $t
/var/folders/d7/pb3dkhys6j3db_qtp_8v34p80000gn/T//cct8i6sf.s:185    .text.FLASH_OB_ProtectedSectorsConfig:00000000 FLASH_OB_ProtectedSectorsConfig
/var/folders/d7/pb3dkhys6j3db_qtp_8v34p80000gn/T//cct8i6sf.s:293    .text.FLASH_OB_ProtectedSectorsConfig:0000004c $d
/var/folders/d7/pb3dkhys6j3db_qtp_8v34p80000gn/T//cct8i6sf.s:300    .text.FLASH_OB_RDPConfig:00000000 $t
/var/folders/d7/pb3dkhys6j3db_qtp_8v34p80000gn/T//cct8i6sf.s:305    .text.FLASH_OB_RDPConfig:00000000 FLASH_OB_RDPConfig
/var/folders/d7/pb3dkhys6j3db_qtp_8v34p80000gn/T//cct8i6sf.s:384    .text.FLASH_OB_RDPConfig:00000034 $d
/var/folders/d7/pb3dkhys6j3db_qtp_8v34p80000gn/T//cct8i6sf.s:391    .text.FLASH_OB_UserConfig:00000000 $t
/var/folders/d7/pb3dkhys6j3db_qtp_8v34p80000gn/T//cct8i6sf.s:396    .text.FLASH_OB_UserConfig:00000000 FLASH_OB_UserConfig
/var/folders/d7/pb3dkhys6j3db_qtp_8v34p80000gn/T//cct8i6sf.s:480    .text.FLASH_OB_UserConfig:00000034 $d
/var/folders/d7/pb3dkhys6j3db_qtp_8v34p80000gn/T//cct8i6sf.s:488    .text.FLASH_OB_BORConfig:00000000 $t
/var/folders/d7/pb3dkhys6j3db_qtp_8v34p80000gn/T//cct8i6sf.s:493    .text.FLASH_OB_BORConfig:00000000 FLASH_OB_BORConfig
/var/folders/d7/pb3dkhys6j3db_qtp_8v34p80000gn/T//cct8i6sf.s:570    .text.FLASH_OB_BORConfig:00000030 $d
/var/folders/d7/pb3dkhys6j3db_qtp_8v34p80000gn/T//cct8i6sf.s:578    .text.FLASH_OB_BOOTBit1Config:00000000 $t
/var/folders/d7/pb3dkhys6j3db_qtp_8v34p80000gn/T//cct8i6sf.s:583    .text.FLASH_OB_BOOTBit1Config:00000000 FLASH_OB_BOOTBit1Config
/var/folders/d7/pb3dkhys6j3db_qtp_8v34p80000gn/T//cct8i6sf.s:663    .text.FLASH_OB_BOOTBit1Config:00000034 $d
/var/folders/d7/pb3dkhys6j3db_qtp_8v34p80000gn/T//cct8i6sf.s:670    .text.HAL_FLASHEx_OBProgram:00000000 $t
/var/folders/d7/pb3dkhys6j3db_qtp_8v34p80000gn/T//cct8i6sf.s:676    .text.HAL_FLASHEx_OBProgram:00000000 HAL_FLASHEx_OBProgram
/var/folders/d7/pb3dkhys6j3db_qtp_8v34p80000gn/T//cct8i6sf.s:873    .text.HAL_FLASHEx_OBProgram:0000009c $d
/var/folders/d7/pb3dkhys6j3db_qtp_8v34p80000gn/T//cct8i6sf.s:878    .text.HAL_FLASHEx_OBGetConfig:00000000 $t
/var/folders/d7/pb3dkhys6j3db_qtp_8v34p80000gn/T//cct8i6sf.s:884    .text.HAL_FLASHEx_OBGetConfig:00000000 HAL_FLASHEx_OBGetConfig
/var/folders/d7/pb3dkhys6j3db_qtp_8v34p80000gn/T//cct8i6sf.s:941    .text.HAL_FLASHEx_AdvOBProgram:00000000 $t
/var/folders/d7/pb3dkhys6j3db_qtp_8v34p80000gn/T//cct8i6sf.s:947    .text.HAL_FLASHEx_AdvOBProgram:00000000 HAL_FLASHEx_AdvOBProgram
/var/folders/d7/pb3dkhys6j3db_qtp_8v34p80000gn/T//cct8i6sf.s:994    .text.HAL_FLASHEx_AdvOBGetConfig:00000000 $t
/var/folders/d7/pb3dkhys6j3db_qtp_8v34p80000gn/T//cct8i6sf.s:1000   .text.HAL_FLASHEx_AdvOBGetConfig:00000000 HAL_FLASHEx_AdvOBGetConfig
/var/folders/d7/pb3dkhys6j3db_qtp_8v34p80000gn/T//cct8i6sf.s:1036   .text.HAL_FLASHEx_AdvOBGetConfig:00000018 $d
/var/folders/d7/pb3dkhys6j3db_qtp_8v34p80000gn/T//cct8i6sf.s:1041   .text.HAL_FLASHEx_OB_SelectPCROP:00000000 $t
/var/folders/d7/pb3dkhys6j3db_qtp_8v34p80000gn/T//cct8i6sf.s:1047   .text.HAL_FLASHEx_OB_SelectPCROP:00000000 HAL_FLASHEx_OB_SelectPCROP
/var/folders/d7/pb3dkhys6j3db_qtp_8v34p80000gn/T//cct8i6sf.s:1126   .text.HAL_FLASHEx_OB_SelectPCROP:00000030 $d
/var/folders/d7/pb3dkhys6j3db_qtp_8v34p80000gn/T//cct8i6sf.s:1133   .text.HAL_FLASHEx_OB_DeSelectPCROP:00000000 $t
/var/folders/d7/pb3dkhys6j3db_qtp_8v34p80000gn/T//cct8i6sf.s:1139   .text.HAL_FLASHEx_OB_DeSelectPCROP:00000000 HAL_FLASHEx_OB_DeSelectPCROP
/var/folders/d7/pb3dkhys6j3db_qtp_8v34p80000gn/T//cct8i6sf.s:1211   .text.HAL_FLASHEx_OB_DeSelectPCROP:0000002c $d
/var/folders/d7/pb3dkhys6j3db_qtp_8v34p80000gn/T//cct8i6sf.s:1218   .text.HAL_FLASHEx_DATAEEPROM_Unlock:00000000 $t
/var/folders/d7/pb3dkhys6j3db_qtp_8v34p80000gn/T//cct8i6sf.s:1224   .text.HAL_FLASHEx_DATAEEPROM_Unlock:00000000 HAL_FLASHEx_DATAEEPROM_Unlock
/var/folders/d7/pb3dkhys6j3db_qtp_8v34p80000gn/T//cct8i6sf.s:1323   .text.HAL_FLASHEx_DATAEEPROM_Unlock:00000030 $d
/var/folders/d7/pb3dkhys6j3db_qtp_8v34p80000gn/T//cct8i6sf.s:1330   .text.HAL_FLASHEx_DATAEEPROM_Lock:00000000 $t
/var/folders/d7/pb3dkhys6j3db_qtp_8v34p80000gn/T//cct8i6sf.s:1336   .text.HAL_FLASHEx_DATAEEPROM_Lock:00000000 HAL_FLASHEx_DATAEEPROM_Lock
/var/folders/d7/pb3dkhys6j3db_qtp_8v34p80000gn/T//cct8i6sf.s:1357   .text.HAL_FLASHEx_DATAEEPROM_Lock:00000010 $d
/var/folders/d7/pb3dkhys6j3db_qtp_8v34p80000gn/T//cct8i6sf.s:1362   .text.HAL_FLASHEx_DATAEEPROM_Erase:00000000 $t
/var/folders/d7/pb3dkhys6j3db_qtp_8v34p80000gn/T//cct8i6sf.s:1368   .text.HAL_FLASHEx_DATAEEPROM_Erase:00000000 HAL_FLASHEx_DATAEEPROM_Erase
/var/folders/d7/pb3dkhys6j3db_qtp_8v34p80000gn/T//cct8i6sf.s:1425   .text.HAL_FLASHEx_DATAEEPROM_Erase:00000020 $d
ARM GAS  /var/folders/d7/pb3dkhys6j3db_qtp_8v34p80000gn/T//cct8i6sf.s 			page 73


/var/folders/d7/pb3dkhys6j3db_qtp_8v34p80000gn/T//cct8i6sf.s:1431   .text.HAL_FLASHEx_DATAEEPROM_Program:00000000 $t
/var/folders/d7/pb3dkhys6j3db_qtp_8v34p80000gn/T//cct8i6sf.s:1437   .text.HAL_FLASHEx_DATAEEPROM_Program:00000000 HAL_FLASHEx_DATAEEPROM_Program
/var/folders/d7/pb3dkhys6j3db_qtp_8v34p80000gn/T//cct8i6sf.s:1561   .text.HAL_FLASHEx_DATAEEPROM_Program:00000058 $d
/var/folders/d7/pb3dkhys6j3db_qtp_8v34p80000gn/T//cct8i6sf.s:1567   .text.HAL_FLASHEx_DATAEEPROM_EnableFixedTimeProgram:00000000 $t
/var/folders/d7/pb3dkhys6j3db_qtp_8v34p80000gn/T//cct8i6sf.s:1573   .text.HAL_FLASHEx_DATAEEPROM_EnableFixedTimeProgram:00000000 HAL_FLASHEx_DATAEEPROM_EnableFixedTimeProgram
/var/folders/d7/pb3dkhys6j3db_qtp_8v34p80000gn/T//cct8i6sf.s:1593   .text.HAL_FLASHEx_DATAEEPROM_EnableFixedTimeProgram:00000010 $d
/var/folders/d7/pb3dkhys6j3db_qtp_8v34p80000gn/T//cct8i6sf.s:1598   .text.HAL_FLASHEx_DATAEEPROM_DisableFixedTimeProgram:00000000 $t
/var/folders/d7/pb3dkhys6j3db_qtp_8v34p80000gn/T//cct8i6sf.s:1604   .text.HAL_FLASHEx_DATAEEPROM_DisableFixedTimeProgram:00000000 HAL_FLASHEx_DATAEEPROM_DisableFixedTimeProgram
/var/folders/d7/pb3dkhys6j3db_qtp_8v34p80000gn/T//cct8i6sf.s:1623   .text.HAL_FLASHEx_DATAEEPROM_DisableFixedTimeProgram:0000000c $d
/var/folders/d7/pb3dkhys6j3db_qtp_8v34p80000gn/T//cct8i6sf.s:1629   .text.FLASH_PageErase:00000000 $t
/var/folders/d7/pb3dkhys6j3db_qtp_8v34p80000gn/T//cct8i6sf.s:1635   .text.FLASH_PageErase:00000000 FLASH_PageErase
/var/folders/d7/pb3dkhys6j3db_qtp_8v34p80000gn/T//cct8i6sf.s:1678   .text.FLASH_PageErase:00000024 $d
/var/folders/d7/pb3dkhys6j3db_qtp_8v34p80000gn/T//cct8i6sf.s:1684   .text.HAL_FLASHEx_Erase:00000000 $t
/var/folders/d7/pb3dkhys6j3db_qtp_8v34p80000gn/T//cct8i6sf.s:1690   .text.HAL_FLASHEx_Erase:00000000 HAL_FLASHEx_Erase
/var/folders/d7/pb3dkhys6j3db_qtp_8v34p80000gn/T//cct8i6sf.s:1821   .text.HAL_FLASHEx_Erase:00000068 $d
/var/folders/d7/pb3dkhys6j3db_qtp_8v34p80000gn/T//cct8i6sf.s:1829   .text.HAL_FLASHEx_Erase_IT:00000000 $t
/var/folders/d7/pb3dkhys6j3db_qtp_8v34p80000gn/T//cct8i6sf.s:1835   .text.HAL_FLASHEx_Erase_IT:00000000 HAL_FLASHEx_Erase_IT
/var/folders/d7/pb3dkhys6j3db_qtp_8v34p80000gn/T//cct8i6sf.s:1940   .text.HAL_FLASHEx_Erase_IT:00000058 $d

UNDEFINED SYMBOLS
FLASH_WaitForLastOperation
pFlash
