ARM GAS  /var/folders/d7/pb3dkhys6j3db_qtp_8v34p80000gn/T//cc3FFJ2y.s 			page 1


   1              		.cpu cortex-m0plus
   2              		.arch armv6s-m
   3              		.fpu softvfp
   4              		.eabi_attribute 20, 1
   5              		.eabi_attribute 21, 1
   6              		.eabi_attribute 23, 3
   7              		.eabi_attribute 24, 1
   8              		.eabi_attribute 25, 1
   9              		.eabi_attribute 26, 1
  10              		.eabi_attribute 30, 1
  11              		.eabi_attribute 34, 0
  12              		.eabi_attribute 18, 4
  13              		.file	"stm32l0xx_hal_gpio.c"
  14              		.text
  15              	.Ltext0:
  16              		.cfi_sections	.debug_frame
  17              		.file 1 "Drivers/STM32L0xx_HAL_Driver/Src/stm32l0xx_hal_gpio.c"
  18              		.section	.text.HAL_GPIO_Init,"ax",%progbits
  19              		.align	1
  20              		.global	HAL_GPIO_Init
  21              		.syntax unified
  22              		.code	16
  23              		.thumb_func
  25              	HAL_GPIO_Init:
  26              	.LVL0:
  27              	.LFB47:
   1:Drivers/STM32L0xx_HAL_Driver/Src/stm32l0xx_hal_gpio.c **** /**
   2:Drivers/STM32L0xx_HAL_Driver/Src/stm32l0xx_hal_gpio.c ****   ******************************************************************************
   3:Drivers/STM32L0xx_HAL_Driver/Src/stm32l0xx_hal_gpio.c ****   * @file    stm32l0xx_hal_gpio.c
   4:Drivers/STM32L0xx_HAL_Driver/Src/stm32l0xx_hal_gpio.c ****   * @author  MCD Application Team
   5:Drivers/STM32L0xx_HAL_Driver/Src/stm32l0xx_hal_gpio.c ****   * @brief   GPIO HAL module driver.
   6:Drivers/STM32L0xx_HAL_Driver/Src/stm32l0xx_hal_gpio.c ****   *          This file provides firmware functions to manage the following
   7:Drivers/STM32L0xx_HAL_Driver/Src/stm32l0xx_hal_gpio.c ****   *          functionalities of the General Purpose Input/Output (GPIO) peripheral:
   8:Drivers/STM32L0xx_HAL_Driver/Src/stm32l0xx_hal_gpio.c ****   *           + Initialization and de-initialization functions
   9:Drivers/STM32L0xx_HAL_Driver/Src/stm32l0xx_hal_gpio.c ****   *           + IO operation functions
  10:Drivers/STM32L0xx_HAL_Driver/Src/stm32l0xx_hal_gpio.c ****   *
  11:Drivers/STM32L0xx_HAL_Driver/Src/stm32l0xx_hal_gpio.c ****   ******************************************************************************
  12:Drivers/STM32L0xx_HAL_Driver/Src/stm32l0xx_hal_gpio.c ****   * @attention
  13:Drivers/STM32L0xx_HAL_Driver/Src/stm32l0xx_hal_gpio.c ****   *
  14:Drivers/STM32L0xx_HAL_Driver/Src/stm32l0xx_hal_gpio.c ****   * Copyright (c) 2016 STMicroelectronics.
  15:Drivers/STM32L0xx_HAL_Driver/Src/stm32l0xx_hal_gpio.c ****   * All rights reserved.
  16:Drivers/STM32L0xx_HAL_Driver/Src/stm32l0xx_hal_gpio.c ****   *
  17:Drivers/STM32L0xx_HAL_Driver/Src/stm32l0xx_hal_gpio.c ****   * This software is licensed under terms that can be found in the LICENSE file
  18:Drivers/STM32L0xx_HAL_Driver/Src/stm32l0xx_hal_gpio.c ****   * in the root directory of this software component.
  19:Drivers/STM32L0xx_HAL_Driver/Src/stm32l0xx_hal_gpio.c ****   * If no LICENSE file comes with this software, it is provided AS-IS.
  20:Drivers/STM32L0xx_HAL_Driver/Src/stm32l0xx_hal_gpio.c ****   *
  21:Drivers/STM32L0xx_HAL_Driver/Src/stm32l0xx_hal_gpio.c ****   ******************************************************************************
  22:Drivers/STM32L0xx_HAL_Driver/Src/stm32l0xx_hal_gpio.c ****   @verbatim
  23:Drivers/STM32L0xx_HAL_Driver/Src/stm32l0xx_hal_gpio.c ****   ==============================================================================
  24:Drivers/STM32L0xx_HAL_Driver/Src/stm32l0xx_hal_gpio.c ****                     ##### GPIO Peripheral features #####
  25:Drivers/STM32L0xx_HAL_Driver/Src/stm32l0xx_hal_gpio.c ****   ==============================================================================
  26:Drivers/STM32L0xx_HAL_Driver/Src/stm32l0xx_hal_gpio.c ****   [..]
  27:Drivers/STM32L0xx_HAL_Driver/Src/stm32l0xx_hal_gpio.c ****     (+) Each port bit of the general-purpose I/O (GPIO) ports can be individually
  28:Drivers/STM32L0xx_HAL_Driver/Src/stm32l0xx_hal_gpio.c ****   configured by software in several modes:
  29:Drivers/STM32L0xx_HAL_Driver/Src/stm32l0xx_hal_gpio.c ****         (++) Input mode
  30:Drivers/STM32L0xx_HAL_Driver/Src/stm32l0xx_hal_gpio.c ****         (++) Analog mode
  31:Drivers/STM32L0xx_HAL_Driver/Src/stm32l0xx_hal_gpio.c ****         (++) Output mode
ARM GAS  /var/folders/d7/pb3dkhys6j3db_qtp_8v34p80000gn/T//cc3FFJ2y.s 			page 2


  32:Drivers/STM32L0xx_HAL_Driver/Src/stm32l0xx_hal_gpio.c ****         (++) Alternate function mode
  33:Drivers/STM32L0xx_HAL_Driver/Src/stm32l0xx_hal_gpio.c ****         (++) External interrupt/event lines
  34:Drivers/STM32L0xx_HAL_Driver/Src/stm32l0xx_hal_gpio.c **** 
  35:Drivers/STM32L0xx_HAL_Driver/Src/stm32l0xx_hal_gpio.c ****     (+) During and just after reset, the alternate functions and external interrupt
  36:Drivers/STM32L0xx_HAL_Driver/Src/stm32l0xx_hal_gpio.c ****   lines are not active and the I/O ports are configured in input floating mode.
  37:Drivers/STM32L0xx_HAL_Driver/Src/stm32l0xx_hal_gpio.c **** 
  38:Drivers/STM32L0xx_HAL_Driver/Src/stm32l0xx_hal_gpio.c ****     (+) All GPIO pins have weak internal pull-up and pull-down resistors, which can be
  39:Drivers/STM32L0xx_HAL_Driver/Src/stm32l0xx_hal_gpio.c ****   activated or not.
  40:Drivers/STM32L0xx_HAL_Driver/Src/stm32l0xx_hal_gpio.c **** 
  41:Drivers/STM32L0xx_HAL_Driver/Src/stm32l0xx_hal_gpio.c ****     (+) In Output or Alternate mode, each IO can be configured on open-drain or push-pull
  42:Drivers/STM32L0xx_HAL_Driver/Src/stm32l0xx_hal_gpio.c ****   type and the IO speed can be selected depending on the VDD value.
  43:Drivers/STM32L0xx_HAL_Driver/Src/stm32l0xx_hal_gpio.c **** 
  44:Drivers/STM32L0xx_HAL_Driver/Src/stm32l0xx_hal_gpio.c ****     (+) The microcontroller IO pins are connected to onboard peripherals/modules through a
  45:Drivers/STM32L0xx_HAL_Driver/Src/stm32l0xx_hal_gpio.c ****         multiplexer that allows only one peripheral alternate function (AF) connected
  46:Drivers/STM32L0xx_HAL_Driver/Src/stm32l0xx_hal_gpio.c ****   to an IO pin at a time. In this way, there can be no conflict between peripherals
  47:Drivers/STM32L0xx_HAL_Driver/Src/stm32l0xx_hal_gpio.c ****   sharing the same IO pin.
  48:Drivers/STM32L0xx_HAL_Driver/Src/stm32l0xx_hal_gpio.c **** 
  49:Drivers/STM32L0xx_HAL_Driver/Src/stm32l0xx_hal_gpio.c ****     (+) All ports have external interrupt/event capability. To use external interrupt
  50:Drivers/STM32L0xx_HAL_Driver/Src/stm32l0xx_hal_gpio.c ****   lines, the port must be configured in input mode. All available GPIO pins are
  51:Drivers/STM32L0xx_HAL_Driver/Src/stm32l0xx_hal_gpio.c ****   connected to the 16 external interrupt/event lines from EXTI0 to EXTI15.
  52:Drivers/STM32L0xx_HAL_Driver/Src/stm32l0xx_hal_gpio.c **** 
  53:Drivers/STM32L0xx_HAL_Driver/Src/stm32l0xx_hal_gpio.c ****     (+) The external interrupt/event controller consists of up to 28 edge detectors
  54:Drivers/STM32L0xx_HAL_Driver/Src/stm32l0xx_hal_gpio.c ****   (16 lines are connected to GPIO) for generating event/interrupt requests (each
  55:Drivers/STM32L0xx_HAL_Driver/Src/stm32l0xx_hal_gpio.c ****   input line can be independently configured to select the type (interrupt or event)
  56:Drivers/STM32L0xx_HAL_Driver/Src/stm32l0xx_hal_gpio.c ****   and the corresponding trigger event (rising or falling or both). Each line can
  57:Drivers/STM32L0xx_HAL_Driver/Src/stm32l0xx_hal_gpio.c ****   also be masked independently.
  58:Drivers/STM32L0xx_HAL_Driver/Src/stm32l0xx_hal_gpio.c **** 
  59:Drivers/STM32L0xx_HAL_Driver/Src/stm32l0xx_hal_gpio.c ****                      ##### How to use this driver #####
  60:Drivers/STM32L0xx_HAL_Driver/Src/stm32l0xx_hal_gpio.c ****   ==============================================================================
  61:Drivers/STM32L0xx_HAL_Driver/Src/stm32l0xx_hal_gpio.c ****   [..]
  62:Drivers/STM32L0xx_HAL_Driver/Src/stm32l0xx_hal_gpio.c ****     (#) Enable the GPIO IOPORT clock using the following function: __HAL_RCC_GPIOx_CLK_ENABLE().
  63:Drivers/STM32L0xx_HAL_Driver/Src/stm32l0xx_hal_gpio.c **** 
  64:Drivers/STM32L0xx_HAL_Driver/Src/stm32l0xx_hal_gpio.c ****     (#) Configure the GPIO pin(s) using HAL_GPIO_Init().
  65:Drivers/STM32L0xx_HAL_Driver/Src/stm32l0xx_hal_gpio.c ****         (++) Configure the IO mode using "Mode" member from GPIO_InitTypeDef structure
  66:Drivers/STM32L0xx_HAL_Driver/Src/stm32l0xx_hal_gpio.c ****         (++) Activate Pull-up, Pull-down resistor using "Pull" member from GPIO_InitTypeDef
  67:Drivers/STM32L0xx_HAL_Driver/Src/stm32l0xx_hal_gpio.c ****              structure.
  68:Drivers/STM32L0xx_HAL_Driver/Src/stm32l0xx_hal_gpio.c ****         (++) In case of Output or alternate function mode selection: the speed is
  69:Drivers/STM32L0xx_HAL_Driver/Src/stm32l0xx_hal_gpio.c ****              configured through "Speed" member from GPIO_InitTypeDef structure.
  70:Drivers/STM32L0xx_HAL_Driver/Src/stm32l0xx_hal_gpio.c ****         (++) In alternate mode is selection, the alternate function connected to the IO
  71:Drivers/STM32L0xx_HAL_Driver/Src/stm32l0xx_hal_gpio.c ****              is configured through "Alternate" member from GPIO_InitTypeDef structure.
  72:Drivers/STM32L0xx_HAL_Driver/Src/stm32l0xx_hal_gpio.c ****         (++) Analog mode is required when a pin is to be used as ADC channel
  73:Drivers/STM32L0xx_HAL_Driver/Src/stm32l0xx_hal_gpio.c ****              or DAC output.
  74:Drivers/STM32L0xx_HAL_Driver/Src/stm32l0xx_hal_gpio.c ****         (++) In case of external interrupt/event selection the "Mode" member from
  75:Drivers/STM32L0xx_HAL_Driver/Src/stm32l0xx_hal_gpio.c ****              GPIO_InitTypeDef structure select the type (interrupt or event) and
  76:Drivers/STM32L0xx_HAL_Driver/Src/stm32l0xx_hal_gpio.c ****              the corresponding trigger event (rising or falling or both).
  77:Drivers/STM32L0xx_HAL_Driver/Src/stm32l0xx_hal_gpio.c **** 
  78:Drivers/STM32L0xx_HAL_Driver/Src/stm32l0xx_hal_gpio.c ****     (#) In case of external interrupt/event mode selection, configure NVIC IRQ priority
  79:Drivers/STM32L0xx_HAL_Driver/Src/stm32l0xx_hal_gpio.c ****         mapped to the EXTI line using HAL_NVIC_SetPriority() and enable it using
  80:Drivers/STM32L0xx_HAL_Driver/Src/stm32l0xx_hal_gpio.c ****         HAL_NVIC_EnableIRQ().
  81:Drivers/STM32L0xx_HAL_Driver/Src/stm32l0xx_hal_gpio.c **** 
  82:Drivers/STM32L0xx_HAL_Driver/Src/stm32l0xx_hal_gpio.c ****    (#) HAL_GPIO_DeInit allows to set register values to their reset value. This function
  83:Drivers/STM32L0xx_HAL_Driver/Src/stm32l0xx_hal_gpio.c ****        is also to be used when unconfiguring pin which was used as an external interrupt
  84:Drivers/STM32L0xx_HAL_Driver/Src/stm32l0xx_hal_gpio.c ****        or in event mode. That is the only way to reset the corresponding bit in
  85:Drivers/STM32L0xx_HAL_Driver/Src/stm32l0xx_hal_gpio.c ****        EXTI & SYSCFG registers.
  86:Drivers/STM32L0xx_HAL_Driver/Src/stm32l0xx_hal_gpio.c **** 
  87:Drivers/STM32L0xx_HAL_Driver/Src/stm32l0xx_hal_gpio.c ****     (#) To get the level of a pin configured in input mode use HAL_GPIO_ReadPin().
  88:Drivers/STM32L0xx_HAL_Driver/Src/stm32l0xx_hal_gpio.c **** 
ARM GAS  /var/folders/d7/pb3dkhys6j3db_qtp_8v34p80000gn/T//cc3FFJ2y.s 			page 3


  89:Drivers/STM32L0xx_HAL_Driver/Src/stm32l0xx_hal_gpio.c ****     (#) To set/reset the level of a pin configured in output mode use
  90:Drivers/STM32L0xx_HAL_Driver/Src/stm32l0xx_hal_gpio.c ****         HAL_GPIO_WritePin()/HAL_GPIO_TogglePin().
  91:Drivers/STM32L0xx_HAL_Driver/Src/stm32l0xx_hal_gpio.c **** 
  92:Drivers/STM32L0xx_HAL_Driver/Src/stm32l0xx_hal_gpio.c ****     (#) To lock pin configuration until next reset use HAL_GPIO_LockPin().
  93:Drivers/STM32L0xx_HAL_Driver/Src/stm32l0xx_hal_gpio.c **** 
  94:Drivers/STM32L0xx_HAL_Driver/Src/stm32l0xx_hal_gpio.c ****     (#) During and just after reset, the alternate functions are not
  95:Drivers/STM32L0xx_HAL_Driver/Src/stm32l0xx_hal_gpio.c ****         active and the GPIO pins are configured in input floating mode (except JTAG
  96:Drivers/STM32L0xx_HAL_Driver/Src/stm32l0xx_hal_gpio.c ****         pins).
  97:Drivers/STM32L0xx_HAL_Driver/Src/stm32l0xx_hal_gpio.c **** 
  98:Drivers/STM32L0xx_HAL_Driver/Src/stm32l0xx_hal_gpio.c ****     (#) The LSE oscillator pins OSC32_IN and OSC32_OUT can be used as general purpose
  99:Drivers/STM32L0xx_HAL_Driver/Src/stm32l0xx_hal_gpio.c ****         (PC14 and PC15, respectively) when the LSE oscillator is off. The LSE has
 100:Drivers/STM32L0xx_HAL_Driver/Src/stm32l0xx_hal_gpio.c ****         priority over the GPIO function.
 101:Drivers/STM32L0xx_HAL_Driver/Src/stm32l0xx_hal_gpio.c **** 
 102:Drivers/STM32L0xx_HAL_Driver/Src/stm32l0xx_hal_gpio.c ****     (#) The HSE oscillator pins OSC_IN/OSC_OUT can be used as
 103:Drivers/STM32L0xx_HAL_Driver/Src/stm32l0xx_hal_gpio.c ****         general purpose PH0 and PH1, respectively, when the HSE oscillator is off.
 104:Drivers/STM32L0xx_HAL_Driver/Src/stm32l0xx_hal_gpio.c ****         The HSE has priority over the GPIO function.
 105:Drivers/STM32L0xx_HAL_Driver/Src/stm32l0xx_hal_gpio.c **** 
 106:Drivers/STM32L0xx_HAL_Driver/Src/stm32l0xx_hal_gpio.c ****   @endverbatim
 107:Drivers/STM32L0xx_HAL_Driver/Src/stm32l0xx_hal_gpio.c ****   ******************************************************************************
 108:Drivers/STM32L0xx_HAL_Driver/Src/stm32l0xx_hal_gpio.c ****   */
 109:Drivers/STM32L0xx_HAL_Driver/Src/stm32l0xx_hal_gpio.c **** 
 110:Drivers/STM32L0xx_HAL_Driver/Src/stm32l0xx_hal_gpio.c **** /* Includes ------------------------------------------------------------------*/
 111:Drivers/STM32L0xx_HAL_Driver/Src/stm32l0xx_hal_gpio.c **** #include "stm32l0xx_hal.h"
 112:Drivers/STM32L0xx_HAL_Driver/Src/stm32l0xx_hal_gpio.c **** 
 113:Drivers/STM32L0xx_HAL_Driver/Src/stm32l0xx_hal_gpio.c **** /** @addtogroup STM32L0xx_HAL_Driver
 114:Drivers/STM32L0xx_HAL_Driver/Src/stm32l0xx_hal_gpio.c ****   * @{
 115:Drivers/STM32L0xx_HAL_Driver/Src/stm32l0xx_hal_gpio.c ****   */
 116:Drivers/STM32L0xx_HAL_Driver/Src/stm32l0xx_hal_gpio.c **** 
 117:Drivers/STM32L0xx_HAL_Driver/Src/stm32l0xx_hal_gpio.c **** #ifdef HAL_GPIO_MODULE_ENABLED
 118:Drivers/STM32L0xx_HAL_Driver/Src/stm32l0xx_hal_gpio.c **** 
 119:Drivers/STM32L0xx_HAL_Driver/Src/stm32l0xx_hal_gpio.c **** /** @addtogroup GPIO
 120:Drivers/STM32L0xx_HAL_Driver/Src/stm32l0xx_hal_gpio.c ****   * @brief GPIO HAL module driver
 121:Drivers/STM32L0xx_HAL_Driver/Src/stm32l0xx_hal_gpio.c ****   * @{
 122:Drivers/STM32L0xx_HAL_Driver/Src/stm32l0xx_hal_gpio.c ****   */
 123:Drivers/STM32L0xx_HAL_Driver/Src/stm32l0xx_hal_gpio.c **** 
 124:Drivers/STM32L0xx_HAL_Driver/Src/stm32l0xx_hal_gpio.c **** /* Private define ------------------------------------------------------------*/
 125:Drivers/STM32L0xx_HAL_Driver/Src/stm32l0xx_hal_gpio.c **** /** @addtogroup GPIO_Private
 126:Drivers/STM32L0xx_HAL_Driver/Src/stm32l0xx_hal_gpio.c ****   * @{
 127:Drivers/STM32L0xx_HAL_Driver/Src/stm32l0xx_hal_gpio.c ****   */
 128:Drivers/STM32L0xx_HAL_Driver/Src/stm32l0xx_hal_gpio.c **** #define GPIO_NUMBER           (16U)
 129:Drivers/STM32L0xx_HAL_Driver/Src/stm32l0xx_hal_gpio.c **** /**
 130:Drivers/STM32L0xx_HAL_Driver/Src/stm32l0xx_hal_gpio.c ****   * @}
 131:Drivers/STM32L0xx_HAL_Driver/Src/stm32l0xx_hal_gpio.c ****   */
 132:Drivers/STM32L0xx_HAL_Driver/Src/stm32l0xx_hal_gpio.c **** /** @addtogroup GPIO_Exported_Functions
 133:Drivers/STM32L0xx_HAL_Driver/Src/stm32l0xx_hal_gpio.c ****   * @{
 134:Drivers/STM32L0xx_HAL_Driver/Src/stm32l0xx_hal_gpio.c ****   */
 135:Drivers/STM32L0xx_HAL_Driver/Src/stm32l0xx_hal_gpio.c **** 
 136:Drivers/STM32L0xx_HAL_Driver/Src/stm32l0xx_hal_gpio.c **** /** @addtogroup GPIO_Exported_Functions_Group1
 137:Drivers/STM32L0xx_HAL_Driver/Src/stm32l0xx_hal_gpio.c ****  *  @brief    Initialization and de-initialization functions
 138:Drivers/STM32L0xx_HAL_Driver/Src/stm32l0xx_hal_gpio.c ****  *
 139:Drivers/STM32L0xx_HAL_Driver/Src/stm32l0xx_hal_gpio.c **** @verbatim
 140:Drivers/STM32L0xx_HAL_Driver/Src/stm32l0xx_hal_gpio.c ****  ===============================================================================
 141:Drivers/STM32L0xx_HAL_Driver/Src/stm32l0xx_hal_gpio.c ****               ##### Initialization and de-initialization functions #####
 142:Drivers/STM32L0xx_HAL_Driver/Src/stm32l0xx_hal_gpio.c ****  ===============================================================================
 143:Drivers/STM32L0xx_HAL_Driver/Src/stm32l0xx_hal_gpio.c **** 
 144:Drivers/STM32L0xx_HAL_Driver/Src/stm32l0xx_hal_gpio.c **** @endverbatim
 145:Drivers/STM32L0xx_HAL_Driver/Src/stm32l0xx_hal_gpio.c ****   * @{
ARM GAS  /var/folders/d7/pb3dkhys6j3db_qtp_8v34p80000gn/T//cc3FFJ2y.s 			page 4


 146:Drivers/STM32L0xx_HAL_Driver/Src/stm32l0xx_hal_gpio.c ****   */
 147:Drivers/STM32L0xx_HAL_Driver/Src/stm32l0xx_hal_gpio.c **** 
 148:Drivers/STM32L0xx_HAL_Driver/Src/stm32l0xx_hal_gpio.c **** /**
 149:Drivers/STM32L0xx_HAL_Driver/Src/stm32l0xx_hal_gpio.c ****   * @brief  Initializes the GPIOx peripheral according to the specified parameters in the GPIO_Init
 150:Drivers/STM32L0xx_HAL_Driver/Src/stm32l0xx_hal_gpio.c ****   * @param  GPIOx where x can be (A..E and H) to select the GPIO peripheral for STM32L0XX family de
 151:Drivers/STM32L0xx_HAL_Driver/Src/stm32l0xx_hal_gpio.c ****   *                Note that GPIOE is not available on all devices.
 152:Drivers/STM32L0xx_HAL_Driver/Src/stm32l0xx_hal_gpio.c ****   * @param  GPIO_Init pointer to a GPIO_InitTypeDef structure that contains
 153:Drivers/STM32L0xx_HAL_Driver/Src/stm32l0xx_hal_gpio.c ****   *                    the configuration information for the specified GPIO peripheral.
 154:Drivers/STM32L0xx_HAL_Driver/Src/stm32l0xx_hal_gpio.c ****   * @retval None
 155:Drivers/STM32L0xx_HAL_Driver/Src/stm32l0xx_hal_gpio.c ****   */
 156:Drivers/STM32L0xx_HAL_Driver/Src/stm32l0xx_hal_gpio.c **** void HAL_GPIO_Init(GPIO_TypeDef  *GPIOx, GPIO_InitTypeDef *GPIO_Init)
 157:Drivers/STM32L0xx_HAL_Driver/Src/stm32l0xx_hal_gpio.c **** {
  28              		.loc 1 157 1 view -0
  29              		.cfi_startproc
  30              		@ args = 0, pretend = 0, frame = 0
  31              		@ frame_needed = 0, uses_anonymous_args = 0
  32              		.loc 1 157 1 is_stmt 0 view .LVU1
  33 0000 F0B5     		push	{r4, r5, r6, r7, lr}
  34              	.LCFI0:
  35              		.cfi_def_cfa_offset 20
  36              		.cfi_offset 4, -20
  37              		.cfi_offset 5, -16
  38              		.cfi_offset 6, -12
  39              		.cfi_offset 7, -8
  40              		.cfi_offset 14, -4
 158:Drivers/STM32L0xx_HAL_Driver/Src/stm32l0xx_hal_gpio.c ****   uint32_t position = 0x00U;
  41              		.loc 1 158 3 is_stmt 1 view .LVU2
  42              	.LVL1:
 159:Drivers/STM32L0xx_HAL_Driver/Src/stm32l0xx_hal_gpio.c ****   uint32_t iocurrent = 0x00U;
  43              		.loc 1 159 3 view .LVU3
 160:Drivers/STM32L0xx_HAL_Driver/Src/stm32l0xx_hal_gpio.c ****   uint32_t temp = 0x00U;
  44              		.loc 1 160 3 view .LVU4
 161:Drivers/STM32L0xx_HAL_Driver/Src/stm32l0xx_hal_gpio.c **** 
 162:Drivers/STM32L0xx_HAL_Driver/Src/stm32l0xx_hal_gpio.c ****   /* Check the parameters */
 163:Drivers/STM32L0xx_HAL_Driver/Src/stm32l0xx_hal_gpio.c ****   assert_param(IS_GPIO_MODE(GPIO_Init->Mode));
  45              		.loc 1 163 3 view .LVU5
 164:Drivers/STM32L0xx_HAL_Driver/Src/stm32l0xx_hal_gpio.c ****   assert_param(IS_GPIO_PIN_AVAILABLE(GPIOx, (GPIO_Init->Pin)));
  46              		.loc 1 164 3 view .LVU6
 165:Drivers/STM32L0xx_HAL_Driver/Src/stm32l0xx_hal_gpio.c **** 
 166:Drivers/STM32L0xx_HAL_Driver/Src/stm32l0xx_hal_gpio.c ****   /* Configure the port pins */
 167:Drivers/STM32L0xx_HAL_Driver/Src/stm32l0xx_hal_gpio.c ****   while (((GPIO_Init->Pin) >> position) != 0)
  47              		.loc 1 167 3 view .LVU7
 158:Drivers/STM32L0xx_HAL_Driver/Src/stm32l0xx_hal_gpio.c ****   uint32_t iocurrent = 0x00U;
  48              		.loc 1 158 12 is_stmt 0 view .LVU8
  49 0002 0023     		movs	r3, #0
  50              		.loc 1 167 9 view .LVU9
  51 0004 56E0     		b	.L2
  52              	.LVL2:
  53              	.L23:
 168:Drivers/STM32L0xx_HAL_Driver/Src/stm32l0xx_hal_gpio.c ****   {
 169:Drivers/STM32L0xx_HAL_Driver/Src/stm32l0xx_hal_gpio.c ****     /* Get the IO position */
 170:Drivers/STM32L0xx_HAL_Driver/Src/stm32l0xx_hal_gpio.c ****     iocurrent = (GPIO_Init->Pin) & (1U << position);
 171:Drivers/STM32L0xx_HAL_Driver/Src/stm32l0xx_hal_gpio.c **** 
 172:Drivers/STM32L0xx_HAL_Driver/Src/stm32l0xx_hal_gpio.c ****     if (iocurrent)
 173:Drivers/STM32L0xx_HAL_Driver/Src/stm32l0xx_hal_gpio.c ****     {
 174:Drivers/STM32L0xx_HAL_Driver/Src/stm32l0xx_hal_gpio.c ****       /*--------------------- GPIO Mode Configuration ------------------------*/
 175:Drivers/STM32L0xx_HAL_Driver/Src/stm32l0xx_hal_gpio.c ****       /* In case of Output or Alternate function mode selection */
ARM GAS  /var/folders/d7/pb3dkhys6j3db_qtp_8v34p80000gn/T//cc3FFJ2y.s 			page 5


 176:Drivers/STM32L0xx_HAL_Driver/Src/stm32l0xx_hal_gpio.c ****       if (((GPIO_Init->Mode & GPIO_MODE) == MODE_OUTPUT) ||
 177:Drivers/STM32L0xx_HAL_Driver/Src/stm32l0xx_hal_gpio.c ****           ((GPIO_Init->Mode & GPIO_MODE) == MODE_AF))
 178:Drivers/STM32L0xx_HAL_Driver/Src/stm32l0xx_hal_gpio.c ****       {
 179:Drivers/STM32L0xx_HAL_Driver/Src/stm32l0xx_hal_gpio.c ****         /* Check the Speed parameter */
 180:Drivers/STM32L0xx_HAL_Driver/Src/stm32l0xx_hal_gpio.c ****         assert_param(IS_GPIO_SPEED(GPIO_Init->Speed));
  54              		.loc 1 180 9 is_stmt 1 view .LVU10
 181:Drivers/STM32L0xx_HAL_Driver/Src/stm32l0xx_hal_gpio.c ****         /* Configure the IO Speed */
 182:Drivers/STM32L0xx_HAL_Driver/Src/stm32l0xx_hal_gpio.c ****         temp = GPIOx->OSPEEDR;
  55              		.loc 1 182 9 view .LVU11
  56              		.loc 1 182 14 is_stmt 0 view .LVU12
  57 0006 8668     		ldr	r6, [r0, #8]
  58              	.LVL3:
 183:Drivers/STM32L0xx_HAL_Driver/Src/stm32l0xx_hal_gpio.c ****         temp &= ~(GPIO_OSPEEDER_OSPEED0 << (position * 2U));
  59              		.loc 1 183 9 is_stmt 1 view .LVU13
  60              		.loc 1 183 54 is_stmt 0 view .LVU14
  61 0008 5F00     		lsls	r7, r3, #1
  62              		.loc 1 183 41 view .LVU15
  63 000a 0324     		movs	r4, #3
  64 000c BC40     		lsls	r4, r4, r7
  65              		.loc 1 183 14 view .LVU16
  66 000e A643     		bics	r6, r4
  67              	.LVL4:
 184:Drivers/STM32L0xx_HAL_Driver/Src/stm32l0xx_hal_gpio.c ****         temp |= (GPIO_Init->Speed << (position * 2U));
  68              		.loc 1 184 9 is_stmt 1 view .LVU17
  69              		.loc 1 184 27 is_stmt 0 view .LVU18
  70 0010 CC68     		ldr	r4, [r1, #12]
  71              		.loc 1 184 35 view .LVU19
  72 0012 BC40     		lsls	r4, r4, r7
  73              		.loc 1 184 14 view .LVU20
  74 0014 3443     		orrs	r4, r6
  75              	.LVL5:
 185:Drivers/STM32L0xx_HAL_Driver/Src/stm32l0xx_hal_gpio.c ****         GPIOx->OSPEEDR = temp;
  76              		.loc 1 185 9 is_stmt 1 view .LVU21
  77              		.loc 1 185 24 is_stmt 0 view .LVU22
  78 0016 8460     		str	r4, [r0, #8]
 186:Drivers/STM32L0xx_HAL_Driver/Src/stm32l0xx_hal_gpio.c **** 
 187:Drivers/STM32L0xx_HAL_Driver/Src/stm32l0xx_hal_gpio.c ****         /* Configure the IO Output Type */
 188:Drivers/STM32L0xx_HAL_Driver/Src/stm32l0xx_hal_gpio.c ****         temp = GPIOx->OTYPER;
  79              		.loc 1 188 9 is_stmt 1 view .LVU23
  80              		.loc 1 188 14 is_stmt 0 view .LVU24
  81 0018 4468     		ldr	r4, [r0, #4]
  82              	.LVL6:
 189:Drivers/STM32L0xx_HAL_Driver/Src/stm32l0xx_hal_gpio.c ****         temp &= ~(GPIO_OTYPER_OT_0 << position) ;
  83              		.loc 1 189 9 is_stmt 1 view .LVU25
  84              		.loc 1 189 14 is_stmt 0 view .LVU26
  85 001a 9443     		bics	r4, r2
  86              	.LVL7:
 190:Drivers/STM32L0xx_HAL_Driver/Src/stm32l0xx_hal_gpio.c ****         temp |= (((GPIO_Init->Mode & OUTPUT_TYPE) >> OUTPUT_TYPE_Pos) << position);
  87              		.loc 1 190 9 is_stmt 1 view .LVU27
  88              		.loc 1 190 29 is_stmt 0 view .LVU28
  89 001c 4E68     		ldr	r6, [r1, #4]
  90              		.loc 1 190 51 view .LVU29
  91 001e 3609     		lsrs	r6, r6, #4
  92 0020 0122     		movs	r2, #1
  93 0022 3240     		ands	r2, r6
  94              		.loc 1 190 71 view .LVU30
  95 0024 9A40     		lsls	r2, r2, r3
ARM GAS  /var/folders/d7/pb3dkhys6j3db_qtp_8v34p80000gn/T//cc3FFJ2y.s 			page 6


  96              		.loc 1 190 14 view .LVU31
  97 0026 2243     		orrs	r2, r4
  98              	.LVL8:
 191:Drivers/STM32L0xx_HAL_Driver/Src/stm32l0xx_hal_gpio.c ****         GPIOx->OTYPER = temp;
  99              		.loc 1 191 9 is_stmt 1 view .LVU32
 100              		.loc 1 191 23 is_stmt 0 view .LVU33
 101 0028 4260     		str	r2, [r0, #4]
 102 002a 53E0     		b	.L4
 103              	.LVL9:
 104              	.L24:
 192:Drivers/STM32L0xx_HAL_Driver/Src/stm32l0xx_hal_gpio.c ****       }
 193:Drivers/STM32L0xx_HAL_Driver/Src/stm32l0xx_hal_gpio.c **** 
 194:Drivers/STM32L0xx_HAL_Driver/Src/stm32l0xx_hal_gpio.c ****       if ((GPIO_Init->Mode & GPIO_MODE) != MODE_ANALOG)
 195:Drivers/STM32L0xx_HAL_Driver/Src/stm32l0xx_hal_gpio.c ****       {
 196:Drivers/STM32L0xx_HAL_Driver/Src/stm32l0xx_hal_gpio.c ****         /* Check the Pull parameter */
 197:Drivers/STM32L0xx_HAL_Driver/Src/stm32l0xx_hal_gpio.c ****         assert_param(IS_GPIO_PULL(GPIO_Init->Pull));
 198:Drivers/STM32L0xx_HAL_Driver/Src/stm32l0xx_hal_gpio.c **** 
 199:Drivers/STM32L0xx_HAL_Driver/Src/stm32l0xx_hal_gpio.c ****         /* Activate the Pull-up or Pull down resistor for the current IO */
 200:Drivers/STM32L0xx_HAL_Driver/Src/stm32l0xx_hal_gpio.c ****         temp = GPIOx->PUPDR;
 201:Drivers/STM32L0xx_HAL_Driver/Src/stm32l0xx_hal_gpio.c ****         temp &= ~(GPIO_PUPDR_PUPD0 << (position * 2U));
 202:Drivers/STM32L0xx_HAL_Driver/Src/stm32l0xx_hal_gpio.c ****         temp |= ((GPIO_Init->Pull) << (position * 2U));
 203:Drivers/STM32L0xx_HAL_Driver/Src/stm32l0xx_hal_gpio.c ****         GPIOx->PUPDR = temp;
 204:Drivers/STM32L0xx_HAL_Driver/Src/stm32l0xx_hal_gpio.c ****       }
 205:Drivers/STM32L0xx_HAL_Driver/Src/stm32l0xx_hal_gpio.c **** 
 206:Drivers/STM32L0xx_HAL_Driver/Src/stm32l0xx_hal_gpio.c ****       /* In case of Alternate function mode selection */
 207:Drivers/STM32L0xx_HAL_Driver/Src/stm32l0xx_hal_gpio.c ****       if ((GPIO_Init->Mode & GPIO_MODE) == MODE_AF)
 208:Drivers/STM32L0xx_HAL_Driver/Src/stm32l0xx_hal_gpio.c ****       {
 209:Drivers/STM32L0xx_HAL_Driver/Src/stm32l0xx_hal_gpio.c ****         /* Check the Alternate function parameters */
 210:Drivers/STM32L0xx_HAL_Driver/Src/stm32l0xx_hal_gpio.c ****         assert_param(IS_GPIO_AF_INSTANCE(GPIOx));
 105              		.loc 1 210 9 is_stmt 1 view .LVU34
 211:Drivers/STM32L0xx_HAL_Driver/Src/stm32l0xx_hal_gpio.c ****         assert_param(IS_GPIO_AF(GPIO_Init->Alternate));
 106              		.loc 1 211 9 view .LVU35
 212:Drivers/STM32L0xx_HAL_Driver/Src/stm32l0xx_hal_gpio.c **** 
 213:Drivers/STM32L0xx_HAL_Driver/Src/stm32l0xx_hal_gpio.c ****         /* Configure Alternate function mapped with the current IO */
 214:Drivers/STM32L0xx_HAL_Driver/Src/stm32l0xx_hal_gpio.c ****         temp = GPIOx->AFR[position >> 3U];
 107              		.loc 1 214 9 view .LVU36
 108              		.loc 1 214 36 is_stmt 0 view .LVU37
 109 002c DE08     		lsrs	r6, r3, #3
 110              		.loc 1 214 14 view .LVU38
 111 002e 0836     		adds	r6, r6, #8
 112 0030 B600     		lsls	r6, r6, #2
 113 0032 3758     		ldr	r7, [r6, r0]
 114              	.LVL10:
 215:Drivers/STM32L0xx_HAL_Driver/Src/stm32l0xx_hal_gpio.c ****         temp &= ~(0xFUL << ((uint32_t)(position & 0x07UL) * 4U));
 115              		.loc 1 215 9 is_stmt 1 view .LVU39
 116              		.loc 1 215 29 is_stmt 0 view .LVU40
 117 0034 0532     		adds	r2, r2, #5
 118 0036 1A40     		ands	r2, r3
 119              		.loc 1 215 59 view .LVU41
 120 0038 9200     		lsls	r2, r2, #2
 121              		.loc 1 215 25 view .LVU42
 122 003a 0F24     		movs	r4, #15
 123 003c 9440     		lsls	r4, r4, r2
 124              		.loc 1 215 14 view .LVU43
 125 003e A743     		bics	r7, r4
 126              	.LVL11:
 216:Drivers/STM32L0xx_HAL_Driver/Src/stm32l0xx_hal_gpio.c ****         temp |= ((uint32_t)(GPIO_Init->Alternate) << (((uint32_t)position & (uint32_t)0x07U) * 4U))
ARM GAS  /var/folders/d7/pb3dkhys6j3db_qtp_8v34p80000gn/T//cc3FFJ2y.s 			page 7


 127              		.loc 1 216 9 is_stmt 1 view .LVU44
 128              		.loc 1 216 38 is_stmt 0 view .LVU45
 129 0040 0C69     		ldr	r4, [r1, #16]
 130              		.loc 1 216 51 view .LVU46
 131 0042 9440     		lsls	r4, r4, r2
 132 0044 2200     		movs	r2, r4
 133              		.loc 1 216 14 view .LVU47
 134 0046 3A43     		orrs	r2, r7
 135              	.LVL12:
 217:Drivers/STM32L0xx_HAL_Driver/Src/stm32l0xx_hal_gpio.c ****         GPIOx->AFR[position >> 3U] = temp;
 136              		.loc 1 217 9 is_stmt 1 view .LVU48
 137              		.loc 1 217 36 is_stmt 0 view .LVU49
 138 0048 3250     		str	r2, [r6, r0]
 139 004a 56E0     		b	.L6
 140              	.LVL13:
 141              	.L25:
 218:Drivers/STM32L0xx_HAL_Driver/Src/stm32l0xx_hal_gpio.c ****       }
 219:Drivers/STM32L0xx_HAL_Driver/Src/stm32l0xx_hal_gpio.c **** 
 220:Drivers/STM32L0xx_HAL_Driver/Src/stm32l0xx_hal_gpio.c ****       /* Configure IO Direction mode (Input, Output, Alternate or Analog) */
 221:Drivers/STM32L0xx_HAL_Driver/Src/stm32l0xx_hal_gpio.c ****       temp = GPIOx->MODER;
 222:Drivers/STM32L0xx_HAL_Driver/Src/stm32l0xx_hal_gpio.c ****       temp &= ~(GPIO_MODER_MODE0 << (position * 2U));
 223:Drivers/STM32L0xx_HAL_Driver/Src/stm32l0xx_hal_gpio.c ****       temp |= ((GPIO_Init->Mode & GPIO_MODE) << (position * 2U));
 224:Drivers/STM32L0xx_HAL_Driver/Src/stm32l0xx_hal_gpio.c ****       GPIOx->MODER = temp;
 225:Drivers/STM32L0xx_HAL_Driver/Src/stm32l0xx_hal_gpio.c **** 
 226:Drivers/STM32L0xx_HAL_Driver/Src/stm32l0xx_hal_gpio.c ****       /*--------------------- EXTI Mode Configuration ------------------------*/
 227:Drivers/STM32L0xx_HAL_Driver/Src/stm32l0xx_hal_gpio.c ****       /* Configure the External Interrupt or event for the current IO */
 228:Drivers/STM32L0xx_HAL_Driver/Src/stm32l0xx_hal_gpio.c ****       if ((GPIO_Init->Mode & EXTI_MODE) != 0x00U)
 229:Drivers/STM32L0xx_HAL_Driver/Src/stm32l0xx_hal_gpio.c ****       {
 230:Drivers/STM32L0xx_HAL_Driver/Src/stm32l0xx_hal_gpio.c ****         /* Enable SYSCFG Clock */
 231:Drivers/STM32L0xx_HAL_Driver/Src/stm32l0xx_hal_gpio.c ****         __HAL_RCC_SYSCFG_CLK_ENABLE();
 232:Drivers/STM32L0xx_HAL_Driver/Src/stm32l0xx_hal_gpio.c **** 
 233:Drivers/STM32L0xx_HAL_Driver/Src/stm32l0xx_hal_gpio.c ****         temp = SYSCFG->EXTICR[position >> 2U];
 234:Drivers/STM32L0xx_HAL_Driver/Src/stm32l0xx_hal_gpio.c ****         CLEAR_BIT(temp, (0x0FUL) << (4U * (position & 0x03U)));
 235:Drivers/STM32L0xx_HAL_Driver/Src/stm32l0xx_hal_gpio.c ****         SET_BIT(temp, (GPIO_GET_INDEX(GPIOx)) << (4 * (position & 0x03U)));
 142              		.loc 1 235 9 discriminator 9 view .LVU50
 143 004c 0526     		movs	r6, #5
 144 004e 00E0     		b	.L7
 145              	.L13:
 146              		.loc 1 235 9 discriminator 2 view .LVU51
 147 0050 0026     		movs	r6, #0
 148              	.L7:
 149              		.loc 1 235 9 discriminator 20 view .LVU52
 150 0052 A640     		lsls	r6, r6, r4
 151 0054 3400     		movs	r4, r6
 152 0056 3C43     		orrs	r4, r7
 153              	.LVL14:
 236:Drivers/STM32L0xx_HAL_Driver/Src/stm32l0xx_hal_gpio.c ****         SYSCFG->EXTICR[position >> 2U] = temp;
 154              		.loc 1 236 9 is_stmt 1 view .LVU53
 155              		.loc 1 236 40 is_stmt 0 view .LVU54
 156 0058 0232     		adds	r2, r2, #2
 157 005a 9200     		lsls	r2, r2, #2
 158 005c 444E     		ldr	r6, .L26
 159 005e 9451     		str	r4, [r2, r6]
 237:Drivers/STM32L0xx_HAL_Driver/Src/stm32l0xx_hal_gpio.c **** 
 238:Drivers/STM32L0xx_HAL_Driver/Src/stm32l0xx_hal_gpio.c ****         /* Clear Rising Falling edge configuration */
 239:Drivers/STM32L0xx_HAL_Driver/Src/stm32l0xx_hal_gpio.c ****         temp = EXTI->RTSR;
 160              		.loc 1 239 9 is_stmt 1 view .LVU55
ARM GAS  /var/folders/d7/pb3dkhys6j3db_qtp_8v34p80000gn/T//cc3FFJ2y.s 			page 8


 161              		.loc 1 239 14 is_stmt 0 view .LVU56
 162 0060 444A     		ldr	r2, .L26+4
 163 0062 9768     		ldr	r7, [r2, #8]
 164              	.LVL15:
 240:Drivers/STM32L0xx_HAL_Driver/Src/stm32l0xx_hal_gpio.c ****         temp &= ~((uint32_t)iocurrent);
 165              		.loc 1 240 9 is_stmt 1 view .LVU57
 166              		.loc 1 240 17 is_stmt 0 view .LVU58
 167 0064 EA43     		mvns	r2, r5
 168              		.loc 1 240 14 view .LVU59
 169 0066 3E00     		movs	r6, r7
 170 0068 AE43     		bics	r6, r5
 171              	.LVL16:
 241:Drivers/STM32L0xx_HAL_Driver/Src/stm32l0xx_hal_gpio.c ****         if ((GPIO_Init->Mode & TRIGGER_RISING) != 0x00U)
 172              		.loc 1 241 9 is_stmt 1 view .LVU60
 173              		.loc 1 241 23 is_stmt 0 view .LVU61
 174 006a 4C68     		ldr	r4, [r1, #4]
 175              		.loc 1 241 12 view .LVU62
 176 006c E402     		lsls	r4, r4, #11
 177 006e 01D5     		bpl	.L8
 242:Drivers/STM32L0xx_HAL_Driver/Src/stm32l0xx_hal_gpio.c ****         {
 243:Drivers/STM32L0xx_HAL_Driver/Src/stm32l0xx_hal_gpio.c ****           temp |= iocurrent;
 178              		.loc 1 243 11 is_stmt 1 view .LVU63
 179              		.loc 1 243 16 is_stmt 0 view .LVU64
 180 0070 3E00     		movs	r6, r7
 181              	.LVL17:
 182              		.loc 1 243 16 view .LVU65
 183 0072 2E43     		orrs	r6, r5
 184              	.L8:
 185              	.LVL18:
 244:Drivers/STM32L0xx_HAL_Driver/Src/stm32l0xx_hal_gpio.c ****         }
 245:Drivers/STM32L0xx_HAL_Driver/Src/stm32l0xx_hal_gpio.c ****         EXTI->RTSR = temp;
 186              		.loc 1 245 9 is_stmt 1 view .LVU66
 187              		.loc 1 245 20 is_stmt 0 view .LVU67
 188 0074 3F4C     		ldr	r4, .L26+4
 189 0076 A660     		str	r6, [r4, #8]
 246:Drivers/STM32L0xx_HAL_Driver/Src/stm32l0xx_hal_gpio.c **** 
 247:Drivers/STM32L0xx_HAL_Driver/Src/stm32l0xx_hal_gpio.c ****         temp = EXTI->FTSR;
 190              		.loc 1 247 9 is_stmt 1 view .LVU68
 191              		.loc 1 247 14 is_stmt 0 view .LVU69
 192 0078 E768     		ldr	r7, [r4, #12]
 193              	.LVL19:
 248:Drivers/STM32L0xx_HAL_Driver/Src/stm32l0xx_hal_gpio.c ****         temp &= ~((uint32_t)iocurrent);
 194              		.loc 1 248 9 is_stmt 1 view .LVU70
 195              		.loc 1 248 14 is_stmt 0 view .LVU71
 196 007a 3E00     		movs	r6, r7
 197 007c 1640     		ands	r6, r2
 198              	.LVL20:
 249:Drivers/STM32L0xx_HAL_Driver/Src/stm32l0xx_hal_gpio.c ****         if ((GPIO_Init->Mode & TRIGGER_FALLING) != 0x00U)
 199              		.loc 1 249 9 is_stmt 1 view .LVU72
 200              		.loc 1 249 23 is_stmt 0 view .LVU73
 201 007e 4C68     		ldr	r4, [r1, #4]
 202              		.loc 1 249 12 view .LVU74
 203 0080 A402     		lsls	r4, r4, #10
 204 0082 01D5     		bpl	.L9
 250:Drivers/STM32L0xx_HAL_Driver/Src/stm32l0xx_hal_gpio.c ****         {
 251:Drivers/STM32L0xx_HAL_Driver/Src/stm32l0xx_hal_gpio.c ****           temp |= iocurrent;
 205              		.loc 1 251 11 is_stmt 1 view .LVU75
ARM GAS  /var/folders/d7/pb3dkhys6j3db_qtp_8v34p80000gn/T//cc3FFJ2y.s 			page 9


 206              		.loc 1 251 16 is_stmt 0 view .LVU76
 207 0084 3E00     		movs	r6, r7
 208              	.LVL21:
 209              		.loc 1 251 16 view .LVU77
 210 0086 2E43     		orrs	r6, r5
 211              	.L9:
 212              	.LVL22:
 252:Drivers/STM32L0xx_HAL_Driver/Src/stm32l0xx_hal_gpio.c ****         }
 253:Drivers/STM32L0xx_HAL_Driver/Src/stm32l0xx_hal_gpio.c ****         EXTI->FTSR = temp;
 213              		.loc 1 253 9 is_stmt 1 view .LVU78
 214              		.loc 1 253 20 is_stmt 0 view .LVU79
 215 0088 3A4C     		ldr	r4, .L26+4
 216 008a E660     		str	r6, [r4, #12]
 254:Drivers/STM32L0xx_HAL_Driver/Src/stm32l0xx_hal_gpio.c **** 
 255:Drivers/STM32L0xx_HAL_Driver/Src/stm32l0xx_hal_gpio.c ****         temp = EXTI->EMR;
 217              		.loc 1 255 9 is_stmt 1 view .LVU80
 218              		.loc 1 255 14 is_stmt 0 view .LVU81
 219 008c 6768     		ldr	r7, [r4, #4]
 220              	.LVL23:
 256:Drivers/STM32L0xx_HAL_Driver/Src/stm32l0xx_hal_gpio.c ****         temp &= ~((uint32_t)iocurrent);
 221              		.loc 1 256 9 is_stmt 1 view .LVU82
 222              		.loc 1 256 14 is_stmt 0 view .LVU83
 223 008e 3E00     		movs	r6, r7
 224 0090 1640     		ands	r6, r2
 225              	.LVL24:
 257:Drivers/STM32L0xx_HAL_Driver/Src/stm32l0xx_hal_gpio.c ****         if ((GPIO_Init->Mode & EXTI_EVT) != 0x00U)
 226              		.loc 1 257 9 is_stmt 1 view .LVU84
 227              		.loc 1 257 23 is_stmt 0 view .LVU85
 228 0092 4C68     		ldr	r4, [r1, #4]
 229              		.loc 1 257 12 view .LVU86
 230 0094 A403     		lsls	r4, r4, #14
 231 0096 01D5     		bpl	.L10
 258:Drivers/STM32L0xx_HAL_Driver/Src/stm32l0xx_hal_gpio.c ****         {
 259:Drivers/STM32L0xx_HAL_Driver/Src/stm32l0xx_hal_gpio.c ****           temp |= iocurrent;
 232              		.loc 1 259 11 is_stmt 1 view .LVU87
 233              		.loc 1 259 16 is_stmt 0 view .LVU88
 234 0098 3E00     		movs	r6, r7
 235              	.LVL25:
 236              		.loc 1 259 16 view .LVU89
 237 009a 2E43     		orrs	r6, r5
 238              	.L10:
 239              	.LVL26:
 260:Drivers/STM32L0xx_HAL_Driver/Src/stm32l0xx_hal_gpio.c ****         }
 261:Drivers/STM32L0xx_HAL_Driver/Src/stm32l0xx_hal_gpio.c ****         EXTI->EMR = temp;
 240              		.loc 1 261 9 is_stmt 1 view .LVU90
 241              		.loc 1 261 19 is_stmt 0 view .LVU91
 242 009c 354C     		ldr	r4, .L26+4
 243 009e 6660     		str	r6, [r4, #4]
 262:Drivers/STM32L0xx_HAL_Driver/Src/stm32l0xx_hal_gpio.c **** 
 263:Drivers/STM32L0xx_HAL_Driver/Src/stm32l0xx_hal_gpio.c ****         /* Clear EXTI line configuration */
 264:Drivers/STM32L0xx_HAL_Driver/Src/stm32l0xx_hal_gpio.c ****         temp = EXTI->IMR;
 244              		.loc 1 264 9 is_stmt 1 view .LVU92
 245              		.loc 1 264 14 is_stmt 0 view .LVU93
 246 00a0 2668     		ldr	r6, [r4]
 247              	.LVL27:
 265:Drivers/STM32L0xx_HAL_Driver/Src/stm32l0xx_hal_gpio.c ****         temp &= ~((uint32_t)iocurrent);
 248              		.loc 1 265 9 is_stmt 1 view .LVU94
ARM GAS  /var/folders/d7/pb3dkhys6j3db_qtp_8v34p80000gn/T//cc3FFJ2y.s 			page 10


 249              		.loc 1 265 14 is_stmt 0 view .LVU95
 250 00a2 3240     		ands	r2, r6
 251              	.LVL28:
 266:Drivers/STM32L0xx_HAL_Driver/Src/stm32l0xx_hal_gpio.c ****         if ((GPIO_Init->Mode & EXTI_IT) != 0x00U)
 252              		.loc 1 266 9 is_stmt 1 view .LVU96
 253              		.loc 1 266 23 is_stmt 0 view .LVU97
 254 00a4 4C68     		ldr	r4, [r1, #4]
 255              		.loc 1 266 12 view .LVU98
 256 00a6 E403     		lsls	r4, r4, #15
 257 00a8 01D5     		bpl	.L11
 267:Drivers/STM32L0xx_HAL_Driver/Src/stm32l0xx_hal_gpio.c ****         {
 268:Drivers/STM32L0xx_HAL_Driver/Src/stm32l0xx_hal_gpio.c ****           temp |= iocurrent;
 258              		.loc 1 268 11 is_stmt 1 view .LVU99
 259              		.loc 1 268 16 is_stmt 0 view .LVU100
 260 00aa 2A00     		movs	r2, r5
 261              	.LVL29:
 262              		.loc 1 268 16 view .LVU101
 263 00ac 3243     		orrs	r2, r6
 264              	.L11:
 265              	.LVL30:
 269:Drivers/STM32L0xx_HAL_Driver/Src/stm32l0xx_hal_gpio.c ****         }
 270:Drivers/STM32L0xx_HAL_Driver/Src/stm32l0xx_hal_gpio.c ****         EXTI->IMR = temp;
 266              		.loc 1 270 9 is_stmt 1 view .LVU102
 267              		.loc 1 270 19 is_stmt 0 view .LVU103
 268 00ae 314C     		ldr	r4, .L26+4
 269 00b0 2260     		str	r2, [r4]
 270              	.LVL31:
 271              	.L3:
 271:Drivers/STM32L0xx_HAL_Driver/Src/stm32l0xx_hal_gpio.c ****       }
 272:Drivers/STM32L0xx_HAL_Driver/Src/stm32l0xx_hal_gpio.c ****     }
 273:Drivers/STM32L0xx_HAL_Driver/Src/stm32l0xx_hal_gpio.c ****     position++;
 272              		.loc 1 273 5 is_stmt 1 view .LVU104
 273              		.loc 1 273 13 is_stmt 0 view .LVU105
 274 00b2 0133     		adds	r3, r3, #1
 275              	.LVL32:
 276              	.L2:
 167:Drivers/STM32L0xx_HAL_Driver/Src/stm32l0xx_hal_gpio.c ****   {
 277              		.loc 1 167 41 is_stmt 1 view .LVU106
 167:Drivers/STM32L0xx_HAL_Driver/Src/stm32l0xx_hal_gpio.c ****   {
 278              		.loc 1 167 21 is_stmt 0 view .LVU107
 279 00b4 0C68     		ldr	r4, [r1]
 167:Drivers/STM32L0xx_HAL_Driver/Src/stm32l0xx_hal_gpio.c ****   {
 280              		.loc 1 167 28 view .LVU108
 281 00b6 2200     		movs	r2, r4
 282 00b8 DA40     		lsrs	r2, r2, r3
 167:Drivers/STM32L0xx_HAL_Driver/Src/stm32l0xx_hal_gpio.c ****   {
 283              		.loc 1 167 41 view .LVU109
 284 00ba 57D0     		beq	.L22
 170:Drivers/STM32L0xx_HAL_Driver/Src/stm32l0xx_hal_gpio.c **** 
 285              		.loc 1 170 5 is_stmt 1 view .LVU110
 170:Drivers/STM32L0xx_HAL_Driver/Src/stm32l0xx_hal_gpio.c **** 
 286              		.loc 1 170 40 is_stmt 0 view .LVU111
 287 00bc 0122     		movs	r2, #1
 288 00be 9A40     		lsls	r2, r2, r3
 170:Drivers/STM32L0xx_HAL_Driver/Src/stm32l0xx_hal_gpio.c **** 
 289              		.loc 1 170 15 view .LVU112
 290 00c0 2500     		movs	r5, r4
ARM GAS  /var/folders/d7/pb3dkhys6j3db_qtp_8v34p80000gn/T//cc3FFJ2y.s 			page 11


 291 00c2 1540     		ands	r5, r2
 292              	.LVL33:
 172:Drivers/STM32L0xx_HAL_Driver/Src/stm32l0xx_hal_gpio.c ****     {
 293              		.loc 1 172 5 is_stmt 1 view .LVU113
 172:Drivers/STM32L0xx_HAL_Driver/Src/stm32l0xx_hal_gpio.c ****     {
 294              		.loc 1 172 8 is_stmt 0 view .LVU114
 295 00c4 1442     		tst	r4, r2
 296 00c6 F4D0     		beq	.L3
 176:Drivers/STM32L0xx_HAL_Driver/Src/stm32l0xx_hal_gpio.c ****           ((GPIO_Init->Mode & GPIO_MODE) == MODE_AF))
 297              		.loc 1 176 7 is_stmt 1 view .LVU115
 176:Drivers/STM32L0xx_HAL_Driver/Src/stm32l0xx_hal_gpio.c ****           ((GPIO_Init->Mode & GPIO_MODE) == MODE_AF))
 298              		.loc 1 176 22 is_stmt 0 view .LVU116
 299 00c8 4E68     		ldr	r6, [r1, #4]
 176:Drivers/STM32L0xx_HAL_Driver/Src/stm32l0xx_hal_gpio.c ****           ((GPIO_Init->Mode & GPIO_MODE) == MODE_AF))
 300              		.loc 1 176 29 view .LVU117
 301 00ca 0324     		movs	r4, #3
 302 00cc 3440     		ands	r4, r6
 176:Drivers/STM32L0xx_HAL_Driver/Src/stm32l0xx_hal_gpio.c ****           ((GPIO_Init->Mode & GPIO_MODE) == MODE_AF))
 303              		.loc 1 176 58 view .LVU118
 304 00ce 013C     		subs	r4, r4, #1
 176:Drivers/STM32L0xx_HAL_Driver/Src/stm32l0xx_hal_gpio.c ****           ((GPIO_Init->Mode & GPIO_MODE) == MODE_AF))
 305              		.loc 1 176 10 view .LVU119
 306 00d0 012C     		cmp	r4, #1
 307 00d2 98D9     		bls	.L23
 308              	.L4:
 194:Drivers/STM32L0xx_HAL_Driver/Src/stm32l0xx_hal_gpio.c ****       {
 309              		.loc 1 194 7 is_stmt 1 view .LVU120
 194:Drivers/STM32L0xx_HAL_Driver/Src/stm32l0xx_hal_gpio.c ****       {
 310              		.loc 1 194 21 is_stmt 0 view .LVU121
 311 00d4 4C68     		ldr	r4, [r1, #4]
 194:Drivers/STM32L0xx_HAL_Driver/Src/stm32l0xx_hal_gpio.c ****       {
 312              		.loc 1 194 28 view .LVU122
 313 00d6 0322     		movs	r2, #3
 314 00d8 2240     		ands	r2, r4
 194:Drivers/STM32L0xx_HAL_Driver/Src/stm32l0xx_hal_gpio.c ****       {
 315              		.loc 1 194 10 view .LVU123
 316 00da 032A     		cmp	r2, #3
 317 00dc 08D0     		beq	.L5
 197:Drivers/STM32L0xx_HAL_Driver/Src/stm32l0xx_hal_gpio.c **** 
 318              		.loc 1 197 9 is_stmt 1 view .LVU124
 200:Drivers/STM32L0xx_HAL_Driver/Src/stm32l0xx_hal_gpio.c ****         temp &= ~(GPIO_PUPDR_PUPD0 << (position * 2U));
 319              		.loc 1 200 9 view .LVU125
 200:Drivers/STM32L0xx_HAL_Driver/Src/stm32l0xx_hal_gpio.c ****         temp &= ~(GPIO_PUPDR_PUPD0 << (position * 2U));
 320              		.loc 1 200 14 is_stmt 0 view .LVU126
 321 00de C468     		ldr	r4, [r0, #12]
 322              	.LVL34:
 201:Drivers/STM32L0xx_HAL_Driver/Src/stm32l0xx_hal_gpio.c ****         temp |= ((GPIO_Init->Pull) << (position * 2U));
 323              		.loc 1 201 9 is_stmt 1 view .LVU127
 201:Drivers/STM32L0xx_HAL_Driver/Src/stm32l0xx_hal_gpio.c ****         temp |= ((GPIO_Init->Pull) << (position * 2U));
 324              		.loc 1 201 49 is_stmt 0 view .LVU128
 325 00e0 5E00     		lsls	r6, r3, #1
 201:Drivers/STM32L0xx_HAL_Driver/Src/stm32l0xx_hal_gpio.c ****         temp |= ((GPIO_Init->Pull) << (position * 2U));
 326              		.loc 1 201 36 view .LVU129
 327 00e2 0322     		movs	r2, #3
 328 00e4 B240     		lsls	r2, r2, r6
 201:Drivers/STM32L0xx_HAL_Driver/Src/stm32l0xx_hal_gpio.c ****         temp |= ((GPIO_Init->Pull) << (position * 2U));
 329              		.loc 1 201 14 view .LVU130
ARM GAS  /var/folders/d7/pb3dkhys6j3db_qtp_8v34p80000gn/T//cc3FFJ2y.s 			page 12


 330 00e6 9443     		bics	r4, r2
 331              	.LVL35:
 202:Drivers/STM32L0xx_HAL_Driver/Src/stm32l0xx_hal_gpio.c ****         GPIOx->PUPDR = temp;
 332              		.loc 1 202 9 is_stmt 1 view .LVU131
 202:Drivers/STM32L0xx_HAL_Driver/Src/stm32l0xx_hal_gpio.c ****         GPIOx->PUPDR = temp;
 333              		.loc 1 202 28 is_stmt 0 view .LVU132
 334 00e8 8A68     		ldr	r2, [r1, #8]
 202:Drivers/STM32L0xx_HAL_Driver/Src/stm32l0xx_hal_gpio.c ****         GPIOx->PUPDR = temp;
 335              		.loc 1 202 36 view .LVU133
 336 00ea B240     		lsls	r2, r2, r6
 202:Drivers/STM32L0xx_HAL_Driver/Src/stm32l0xx_hal_gpio.c ****         GPIOx->PUPDR = temp;
 337              		.loc 1 202 14 view .LVU134
 338 00ec 2243     		orrs	r2, r4
 339              	.LVL36:
 203:Drivers/STM32L0xx_HAL_Driver/Src/stm32l0xx_hal_gpio.c ****       }
 340              		.loc 1 203 9 is_stmt 1 view .LVU135
 203:Drivers/STM32L0xx_HAL_Driver/Src/stm32l0xx_hal_gpio.c ****       }
 341              		.loc 1 203 22 is_stmt 0 view .LVU136
 342 00ee C260     		str	r2, [r0, #12]
 343              	.LVL37:
 344              	.L5:
 207:Drivers/STM32L0xx_HAL_Driver/Src/stm32l0xx_hal_gpio.c ****       {
 345              		.loc 1 207 7 is_stmt 1 view .LVU137
 207:Drivers/STM32L0xx_HAL_Driver/Src/stm32l0xx_hal_gpio.c ****       {
 346              		.loc 1 207 21 is_stmt 0 view .LVU138
 347 00f0 4C68     		ldr	r4, [r1, #4]
 207:Drivers/STM32L0xx_HAL_Driver/Src/stm32l0xx_hal_gpio.c ****       {
 348              		.loc 1 207 28 view .LVU139
 349 00f2 0322     		movs	r2, #3
 350 00f4 2240     		ands	r2, r4
 207:Drivers/STM32L0xx_HAL_Driver/Src/stm32l0xx_hal_gpio.c ****       {
 351              		.loc 1 207 10 view .LVU140
 352 00f6 022A     		cmp	r2, #2
 353 00f8 98D0     		beq	.L24
 354              	.L6:
 221:Drivers/STM32L0xx_HAL_Driver/Src/stm32l0xx_hal_gpio.c ****       temp &= ~(GPIO_MODER_MODE0 << (position * 2U));
 355              		.loc 1 221 7 is_stmt 1 view .LVU141
 221:Drivers/STM32L0xx_HAL_Driver/Src/stm32l0xx_hal_gpio.c ****       temp &= ~(GPIO_MODER_MODE0 << (position * 2U));
 356              		.loc 1 221 12 is_stmt 0 view .LVU142
 357 00fa 0468     		ldr	r4, [r0]
 358              	.LVL38:
 222:Drivers/STM32L0xx_HAL_Driver/Src/stm32l0xx_hal_gpio.c ****       temp |= ((GPIO_Init->Mode & GPIO_MODE) << (position * 2U));
 359              		.loc 1 222 7 is_stmt 1 view .LVU143
 222:Drivers/STM32L0xx_HAL_Driver/Src/stm32l0xx_hal_gpio.c ****       temp |= ((GPIO_Init->Mode & GPIO_MODE) << (position * 2U));
 360              		.loc 1 222 47 is_stmt 0 view .LVU144
 361 00fc 5E00     		lsls	r6, r3, #1
 222:Drivers/STM32L0xx_HAL_Driver/Src/stm32l0xx_hal_gpio.c ****       temp |= ((GPIO_Init->Mode & GPIO_MODE) << (position * 2U));
 362              		.loc 1 222 34 view .LVU145
 363 00fe 0322     		movs	r2, #3
 364 0100 1700     		movs	r7, r2
 365 0102 B740     		lsls	r7, r7, r6
 222:Drivers/STM32L0xx_HAL_Driver/Src/stm32l0xx_hal_gpio.c ****       temp |= ((GPIO_Init->Mode & GPIO_MODE) << (position * 2U));
 366              		.loc 1 222 12 view .LVU146
 367 0104 BC43     		bics	r4, r7
 368              	.LVL39:
 223:Drivers/STM32L0xx_HAL_Driver/Src/stm32l0xx_hal_gpio.c ****       GPIOx->MODER = temp;
 369              		.loc 1 223 7 is_stmt 1 view .LVU147
ARM GAS  /var/folders/d7/pb3dkhys6j3db_qtp_8v34p80000gn/T//cc3FFJ2y.s 			page 13


 223:Drivers/STM32L0xx_HAL_Driver/Src/stm32l0xx_hal_gpio.c ****       GPIOx->MODER = temp;
 370              		.loc 1 223 26 is_stmt 0 view .LVU148
 371 0106 4F68     		ldr	r7, [r1, #4]
 223:Drivers/STM32L0xx_HAL_Driver/Src/stm32l0xx_hal_gpio.c ****       GPIOx->MODER = temp;
 372              		.loc 1 223 33 view .LVU149
 373 0108 3A40     		ands	r2, r7
 223:Drivers/STM32L0xx_HAL_Driver/Src/stm32l0xx_hal_gpio.c ****       GPIOx->MODER = temp;
 374              		.loc 1 223 46 view .LVU150
 375 010a B240     		lsls	r2, r2, r6
 223:Drivers/STM32L0xx_HAL_Driver/Src/stm32l0xx_hal_gpio.c ****       GPIOx->MODER = temp;
 376              		.loc 1 223 12 view .LVU151
 377 010c 2243     		orrs	r2, r4
 378              	.LVL40:
 224:Drivers/STM32L0xx_HAL_Driver/Src/stm32l0xx_hal_gpio.c **** 
 379              		.loc 1 224 7 is_stmt 1 view .LVU152
 224:Drivers/STM32L0xx_HAL_Driver/Src/stm32l0xx_hal_gpio.c **** 
 380              		.loc 1 224 20 is_stmt 0 view .LVU153
 381 010e 0260     		str	r2, [r0]
 228:Drivers/STM32L0xx_HAL_Driver/Src/stm32l0xx_hal_gpio.c ****       {
 382              		.loc 1 228 7 is_stmt 1 view .LVU154
 228:Drivers/STM32L0xx_HAL_Driver/Src/stm32l0xx_hal_gpio.c ****       {
 383              		.loc 1 228 21 is_stmt 0 view .LVU155
 384 0110 4C68     		ldr	r4, [r1, #4]
 228:Drivers/STM32L0xx_HAL_Driver/Src/stm32l0xx_hal_gpio.c ****       {
 385              		.loc 1 228 28 view .LVU156
 386 0112 C022     		movs	r2, #192
 387              	.LVL41:
 228:Drivers/STM32L0xx_HAL_Driver/Src/stm32l0xx_hal_gpio.c ****       {
 388              		.loc 1 228 28 view .LVU157
 389 0114 9202     		lsls	r2, r2, #10
 228:Drivers/STM32L0xx_HAL_Driver/Src/stm32l0xx_hal_gpio.c ****       {
 390              		.loc 1 228 10 view .LVU158
 391 0116 1442     		tst	r4, r2
 392 0118 CBD0     		beq	.L3
 231:Drivers/STM32L0xx_HAL_Driver/Src/stm32l0xx_hal_gpio.c **** 
 393              		.loc 1 231 9 is_stmt 1 view .LVU159
 394 011a 174C     		ldr	r4, .L26+8
 395 011c 626B     		ldr	r2, [r4, #52]
 396 011e 0126     		movs	r6, #1
 397 0120 3243     		orrs	r2, r6
 398 0122 6263     		str	r2, [r4, #52]
 399              	.LVL42:
 233:Drivers/STM32L0xx_HAL_Driver/Src/stm32l0xx_hal_gpio.c ****         CLEAR_BIT(temp, (0x0FUL) << (4U * (position & 0x03U)));
 400              		.loc 1 233 9 view .LVU160
 233:Drivers/STM32L0xx_HAL_Driver/Src/stm32l0xx_hal_gpio.c ****         CLEAR_BIT(temp, (0x0FUL) << (4U * (position & 0x03U)));
 401              		.loc 1 233 40 is_stmt 0 view .LVU161
 402 0124 9A08     		lsrs	r2, r3, #2
 233:Drivers/STM32L0xx_HAL_Driver/Src/stm32l0xx_hal_gpio.c ****         CLEAR_BIT(temp, (0x0FUL) << (4U * (position & 0x03U)));
 403              		.loc 1 233 14 view .LVU162
 404 0126 941C     		adds	r4, r2, #2
 405 0128 A400     		lsls	r4, r4, #2
 406 012a 114E     		ldr	r6, .L26
 407 012c A759     		ldr	r7, [r4, r6]
 408              	.LVL43:
 234:Drivers/STM32L0xx_HAL_Driver/Src/stm32l0xx_hal_gpio.c ****         SET_BIT(temp, (GPIO_GET_INDEX(GPIOx)) << (4 * (position & 0x03U)));
 409              		.loc 1 234 9 is_stmt 1 view .LVU163
 410 012e 0324     		movs	r4, #3
ARM GAS  /var/folders/d7/pb3dkhys6j3db_qtp_8v34p80000gn/T//cc3FFJ2y.s 			page 14


 411 0130 1C40     		ands	r4, r3
 412 0132 A400     		lsls	r4, r4, #2
 413 0134 0F26     		movs	r6, #15
 414 0136 A640     		lsls	r6, r6, r4
 415 0138 B743     		bics	r7, r6
 416              	.LVL44:
 235:Drivers/STM32L0xx_HAL_Driver/Src/stm32l0xx_hal_gpio.c ****         SYSCFG->EXTICR[position >> 2U] = temp;
 417              		.loc 1 235 9 view .LVU164
 418 013a A026     		movs	r6, #160
 419 013c F605     		lsls	r6, r6, #23
 420 013e B042     		cmp	r0, r6
 421 0140 86D0     		beq	.L13
 235:Drivers/STM32L0xx_HAL_Driver/Src/stm32l0xx_hal_gpio.c ****         SYSCFG->EXTICR[position >> 2U] = temp;
 422              		.loc 1 235 9 is_stmt 0 discriminator 1 view .LVU165
 423 0142 0E4E     		ldr	r6, .L26+12
 424 0144 B042     		cmp	r0, r6
 425 0146 0BD0     		beq	.L14
 235:Drivers/STM32L0xx_HAL_Driver/Src/stm32l0xx_hal_gpio.c ****         SYSCFG->EXTICR[position >> 2U] = temp;
 426              		.loc 1 235 9 discriminator 3 view .LVU166
 427 0148 0D4E     		ldr	r6, .L26+16
 428 014a B042     		cmp	r0, r6
 429 014c 0AD0     		beq	.L15
 235:Drivers/STM32L0xx_HAL_Driver/Src/stm32l0xx_hal_gpio.c ****         SYSCFG->EXTICR[position >> 2U] = temp;
 430              		.loc 1 235 9 discriminator 5 view .LVU167
 431 014e 0D4E     		ldr	r6, .L26+20
 432 0150 B042     		cmp	r0, r6
 433 0152 09D0     		beq	.L16
 235:Drivers/STM32L0xx_HAL_Driver/Src/stm32l0xx_hal_gpio.c ****         SYSCFG->EXTICR[position >> 2U] = temp;
 434              		.loc 1 235 9 discriminator 7 view .LVU168
 435 0154 0C4E     		ldr	r6, .L26+24
 436 0156 B042     		cmp	r0, r6
 437 0158 00D1     		bne	.LCB377
 438 015a 77E7     		b	.L25	@long jump
 439              	.LCB377:
 235:Drivers/STM32L0xx_HAL_Driver/Src/stm32l0xx_hal_gpio.c ****         SYSCFG->EXTICR[position >> 2U] = temp;
 440              		.loc 1 235 9 discriminator 10 view .LVU169
 441 015c 0626     		movs	r6, #6
 442 015e 78E7     		b	.L7
 443              	.L14:
 235:Drivers/STM32L0xx_HAL_Driver/Src/stm32l0xx_hal_gpio.c ****         SYSCFG->EXTICR[position >> 2U] = temp;
 444              		.loc 1 235 9 discriminator 4 view .LVU170
 445 0160 0126     		movs	r6, #1
 446 0162 76E7     		b	.L7
 447              	.L15:
 235:Drivers/STM32L0xx_HAL_Driver/Src/stm32l0xx_hal_gpio.c ****         SYSCFG->EXTICR[position >> 2U] = temp;
 448              		.loc 1 235 9 discriminator 6 view .LVU171
 449 0164 0226     		movs	r6, #2
 450 0166 74E7     		b	.L7
 451              	.L16:
 235:Drivers/STM32L0xx_HAL_Driver/Src/stm32l0xx_hal_gpio.c ****         SYSCFG->EXTICR[position >> 2U] = temp;
 452              		.loc 1 235 9 discriminator 8 view .LVU172
 453 0168 0326     		movs	r6, #3
 454 016a 72E7     		b	.L7
 455              	.LVL45:
 456              	.L22:
 274:Drivers/STM32L0xx_HAL_Driver/Src/stm32l0xx_hal_gpio.c ****   }
 275:Drivers/STM32L0xx_HAL_Driver/Src/stm32l0xx_hal_gpio.c **** }
ARM GAS  /var/folders/d7/pb3dkhys6j3db_qtp_8v34p80000gn/T//cc3FFJ2y.s 			page 15


 457              		.loc 1 275 1 view .LVU173
 458              		@ sp needed
 459 016c F0BD     		pop	{r4, r5, r6, r7, pc}
 460              	.L27:
 461 016e C046     		.align	2
 462              	.L26:
 463 0170 00000140 		.word	1073807360
 464 0174 00040140 		.word	1073808384
 465 0178 00100240 		.word	1073876992
 466 017c 00040050 		.word	1342178304
 467 0180 00080050 		.word	1342179328
 468 0184 000C0050 		.word	1342180352
 469 0188 001C0050 		.word	1342184448
 470              		.cfi_endproc
 471              	.LFE47:
 473              		.section	.text.HAL_GPIO_DeInit,"ax",%progbits
 474              		.align	1
 475              		.global	HAL_GPIO_DeInit
 476              		.syntax unified
 477              		.code	16
 478              		.thumb_func
 480              	HAL_GPIO_DeInit:
 481              	.LVL46:
 482              	.LFB48:
 276:Drivers/STM32L0xx_HAL_Driver/Src/stm32l0xx_hal_gpio.c **** 
 277:Drivers/STM32L0xx_HAL_Driver/Src/stm32l0xx_hal_gpio.c **** /**
 278:Drivers/STM32L0xx_HAL_Driver/Src/stm32l0xx_hal_gpio.c ****   * @brief  De-initializes the GPIOx peripheral registers to their default reset values.
 279:Drivers/STM32L0xx_HAL_Driver/Src/stm32l0xx_hal_gpio.c ****   * @param  GPIOx where x can be (A..E and H) to select the GPIO peripheral for STM32L0XX family de
 280:Drivers/STM32L0xx_HAL_Driver/Src/stm32l0xx_hal_gpio.c ****   *                Note that GPIOE is not available on all devices.
 281:Drivers/STM32L0xx_HAL_Driver/Src/stm32l0xx_hal_gpio.c ****   * @param  GPIO_Pin specifies the port bit to be written.
 282:Drivers/STM32L0xx_HAL_Driver/Src/stm32l0xx_hal_gpio.c ****   *                   This parameter can be one of GPIO_PIN_x where x can be (0..15).
 283:Drivers/STM32L0xx_HAL_Driver/Src/stm32l0xx_hal_gpio.c ****   *                   All port bits are not necessarily available on all GPIOs.
 284:Drivers/STM32L0xx_HAL_Driver/Src/stm32l0xx_hal_gpio.c ****   * @retval None
 285:Drivers/STM32L0xx_HAL_Driver/Src/stm32l0xx_hal_gpio.c ****   */
 286:Drivers/STM32L0xx_HAL_Driver/Src/stm32l0xx_hal_gpio.c **** void HAL_GPIO_DeInit(GPIO_TypeDef  *GPIOx, uint32_t GPIO_Pin)
 287:Drivers/STM32L0xx_HAL_Driver/Src/stm32l0xx_hal_gpio.c **** {
 483              		.loc 1 287 1 is_stmt 1 view -0
 484              		.cfi_startproc
 485              		@ args = 0, pretend = 0, frame = 0
 486              		@ frame_needed = 0, uses_anonymous_args = 0
 487              		.loc 1 287 1 is_stmt 0 view .LVU175
 488 0000 F0B5     		push	{r4, r5, r6, r7, lr}
 489              	.LCFI1:
 490              		.cfi_def_cfa_offset 20
 491              		.cfi_offset 4, -20
 492              		.cfi_offset 5, -16
 493              		.cfi_offset 6, -12
 494              		.cfi_offset 7, -8
 495              		.cfi_offset 14, -4
 496 0002 CE46     		mov	lr, r9
 497 0004 4746     		mov	r7, r8
 498 0006 80B5     		push	{r7, lr}
 499              	.LCFI2:
 500              		.cfi_def_cfa_offset 28
 501              		.cfi_offset 8, -28
 502              		.cfi_offset 9, -24
 503 0008 8946     		mov	r9, r1
ARM GAS  /var/folders/d7/pb3dkhys6j3db_qtp_8v34p80000gn/T//cc3FFJ2y.s 			page 16


 288:Drivers/STM32L0xx_HAL_Driver/Src/stm32l0xx_hal_gpio.c ****   uint32_t position = 0x00U;
 504              		.loc 1 288 3 is_stmt 1 view .LVU176
 505              	.LVL47:
 289:Drivers/STM32L0xx_HAL_Driver/Src/stm32l0xx_hal_gpio.c ****   uint32_t iocurrent = 0x00U;
 506              		.loc 1 289 3 view .LVU177
 290:Drivers/STM32L0xx_HAL_Driver/Src/stm32l0xx_hal_gpio.c ****   uint32_t tmp = 0x00U;
 507              		.loc 1 290 3 view .LVU178
 291:Drivers/STM32L0xx_HAL_Driver/Src/stm32l0xx_hal_gpio.c **** 
 292:Drivers/STM32L0xx_HAL_Driver/Src/stm32l0xx_hal_gpio.c ****   /* Check the parameters */
 293:Drivers/STM32L0xx_HAL_Driver/Src/stm32l0xx_hal_gpio.c ****   assert_param(IS_GPIO_PIN_AVAILABLE(GPIOx, GPIO_Pin));
 508              		.loc 1 293 3 view .LVU179
 294:Drivers/STM32L0xx_HAL_Driver/Src/stm32l0xx_hal_gpio.c **** 
 295:Drivers/STM32L0xx_HAL_Driver/Src/stm32l0xx_hal_gpio.c ****   /* Configure the port pins */
 296:Drivers/STM32L0xx_HAL_Driver/Src/stm32l0xx_hal_gpio.c ****   while ((GPIO_Pin >> position) != 0)
 509              		.loc 1 296 3 view .LVU180
 288:Drivers/STM32L0xx_HAL_Driver/Src/stm32l0xx_hal_gpio.c ****   uint32_t iocurrent = 0x00U;
 510              		.loc 1 288 12 is_stmt 0 view .LVU181
 511 000a 0023     		movs	r3, #0
 512              		.loc 1 296 9 view .LVU182
 513 000c 23E0     		b	.L29
 514              	.LVL48:
 515              	.L41:
 297:Drivers/STM32L0xx_HAL_Driver/Src/stm32l0xx_hal_gpio.c ****   {
 298:Drivers/STM32L0xx_HAL_Driver/Src/stm32l0xx_hal_gpio.c ****     /* Get the IO position */
 299:Drivers/STM32L0xx_HAL_Driver/Src/stm32l0xx_hal_gpio.c ****     iocurrent = (GPIO_Pin) & (1U << position);
 300:Drivers/STM32L0xx_HAL_Driver/Src/stm32l0xx_hal_gpio.c **** 
 301:Drivers/STM32L0xx_HAL_Driver/Src/stm32l0xx_hal_gpio.c ****     if (iocurrent)
 302:Drivers/STM32L0xx_HAL_Driver/Src/stm32l0xx_hal_gpio.c ****     {
 303:Drivers/STM32L0xx_HAL_Driver/Src/stm32l0xx_hal_gpio.c ****       /*------------------------- EXTI Mode Configuration --------------------*/
 304:Drivers/STM32L0xx_HAL_Driver/Src/stm32l0xx_hal_gpio.c ****       /* Clear the External Interrupt or Event for the current IO */
 305:Drivers/STM32L0xx_HAL_Driver/Src/stm32l0xx_hal_gpio.c **** 
 306:Drivers/STM32L0xx_HAL_Driver/Src/stm32l0xx_hal_gpio.c ****       tmp = SYSCFG->EXTICR[position >> 2U];
 307:Drivers/STM32L0xx_HAL_Driver/Src/stm32l0xx_hal_gpio.c ****       tmp &= ((0x0FUL) << (4U * (position & 0x03U)));
 308:Drivers/STM32L0xx_HAL_Driver/Src/stm32l0xx_hal_gpio.c ****       if (tmp == (GPIO_GET_INDEX(GPIOx) << (4U * (position & 0x03U))))
 516              		.loc 1 308 19 discriminator 9 view .LVU183
 517 000e 0521     		movs	r1, #5
 518 0010 8846     		mov	r8, r1
 519 0012 01E0     		b	.L31
 520              	.L34:
 521              		.loc 1 308 19 discriminator 2 view .LVU184
 522 0014 0021     		movs	r1, #0
 523 0016 8846     		mov	r8, r1
 524              	.L31:
 525              		.loc 1 308 41 discriminator 20 view .LVU185
 526 0018 4146     		mov	r1, r8
 527 001a A140     		lsls	r1, r1, r4
 528              		.loc 1 308 10 discriminator 20 view .LVU186
 529 001c A942     		cmp	r1, r5
 530 001e 4CD0     		beq	.L39
 531              	.LVL49:
 532              	.L32:
 309:Drivers/STM32L0xx_HAL_Driver/Src/stm32l0xx_hal_gpio.c ****       {
 310:Drivers/STM32L0xx_HAL_Driver/Src/stm32l0xx_hal_gpio.c ****         /* Clear EXTI line configuration */
 311:Drivers/STM32L0xx_HAL_Driver/Src/stm32l0xx_hal_gpio.c ****         EXTI->IMR &= ~((uint32_t)iocurrent);
 312:Drivers/STM32L0xx_HAL_Driver/Src/stm32l0xx_hal_gpio.c ****         EXTI->EMR &= ~((uint32_t)iocurrent);
 313:Drivers/STM32L0xx_HAL_Driver/Src/stm32l0xx_hal_gpio.c **** 
 314:Drivers/STM32L0xx_HAL_Driver/Src/stm32l0xx_hal_gpio.c ****         /* Clear Rising Falling edge configuration */
ARM GAS  /var/folders/d7/pb3dkhys6j3db_qtp_8v34p80000gn/T//cc3FFJ2y.s 			page 17


 315:Drivers/STM32L0xx_HAL_Driver/Src/stm32l0xx_hal_gpio.c ****         EXTI->FTSR &= ~((uint32_t)iocurrent);
 316:Drivers/STM32L0xx_HAL_Driver/Src/stm32l0xx_hal_gpio.c ****         EXTI->RTSR &= ~((uint32_t)iocurrent);
 317:Drivers/STM32L0xx_HAL_Driver/Src/stm32l0xx_hal_gpio.c **** 
 318:Drivers/STM32L0xx_HAL_Driver/Src/stm32l0xx_hal_gpio.c ****         tmp = (0x0FUL) << (4U * (position & 0x03U));
 319:Drivers/STM32L0xx_HAL_Driver/Src/stm32l0xx_hal_gpio.c ****         SYSCFG->EXTICR[position >> 2U] &= ~tmp;
 320:Drivers/STM32L0xx_HAL_Driver/Src/stm32l0xx_hal_gpio.c ****       }
 321:Drivers/STM32L0xx_HAL_Driver/Src/stm32l0xx_hal_gpio.c **** 
 322:Drivers/STM32L0xx_HAL_Driver/Src/stm32l0xx_hal_gpio.c ****       /*------------------------- GPIO Mode Configuration --------------------*/
 323:Drivers/STM32L0xx_HAL_Driver/Src/stm32l0xx_hal_gpio.c ****       /* Configure IO Direction in Analog Mode (reset state) */
 324:Drivers/STM32L0xx_HAL_Driver/Src/stm32l0xx_hal_gpio.c ****       GPIOx->MODER |= (GPIO_MODE_ANALOG << (position * 2U));
 533              		.loc 1 324 7 is_stmt 1 view .LVU187
 534              		.loc 1 324 12 is_stmt 0 view .LVU188
 535 0020 0468     		ldr	r4, [r0]
 536              		.loc 1 324 54 view .LVU189
 537 0022 5E00     		lsls	r6, r3, #1
 538              		.loc 1 324 41 view .LVU190
 539 0024 0325     		movs	r5, #3
 540 0026 B540     		lsls	r5, r5, r6
 541              		.loc 1 324 20 view .LVU191
 542 0028 2C43     		orrs	r4, r5
 543 002a 0460     		str	r4, [r0]
 325:Drivers/STM32L0xx_HAL_Driver/Src/stm32l0xx_hal_gpio.c **** 
 326:Drivers/STM32L0xx_HAL_Driver/Src/stm32l0xx_hal_gpio.c ****       /* Configure the default Alternate Function in current IO */
 327:Drivers/STM32L0xx_HAL_Driver/Src/stm32l0xx_hal_gpio.c ****       GPIOx->AFR[position >> 3U] &= ~(0xFUL << ((uint32_t)(position & 0x07UL) * 4U));
 544              		.loc 1 327 7 is_stmt 1 view .LVU192
 545              		.loc 1 327 17 is_stmt 0 view .LVU193
 546 002c DC08     		lsrs	r4, r3, #3
 547 002e 0834     		adds	r4, r4, #8
 548 0030 A400     		lsls	r4, r4, #2
 549 0032 2758     		ldr	r7, [r4, r0]
 550              		.loc 1 327 49 view .LVU194
 551 0034 0726     		movs	r6, #7
 552 0036 1E40     		ands	r6, r3
 553              		.loc 1 327 79 view .LVU195
 554 0038 B600     		lsls	r6, r6, #2
 555              		.loc 1 327 45 view .LVU196
 556 003a 0F21     		movs	r1, #15
 557 003c B140     		lsls	r1, r1, r6
 558              		.loc 1 327 34 view .LVU197
 559 003e 8F43     		bics	r7, r1
 560 0040 2750     		str	r7, [r4, r0]
 328:Drivers/STM32L0xx_HAL_Driver/Src/stm32l0xx_hal_gpio.c **** 
 329:Drivers/STM32L0xx_HAL_Driver/Src/stm32l0xx_hal_gpio.c ****       /* Deactivate the Pull-up oand Pull-down resistor for the current IO */
 330:Drivers/STM32L0xx_HAL_Driver/Src/stm32l0xx_hal_gpio.c ****       GPIOx->PUPDR &= ~(GPIO_PUPDR_PUPD0 << (position * 2U));
 561              		.loc 1 330 7 is_stmt 1 view .LVU198
 562              		.loc 1 330 12 is_stmt 0 view .LVU199
 563 0042 C468     		ldr	r4, [r0, #12]
 564              		.loc 1 330 20 view .LVU200
 565 0044 AC43     		bics	r4, r5
 566 0046 C460     		str	r4, [r0, #12]
 331:Drivers/STM32L0xx_HAL_Driver/Src/stm32l0xx_hal_gpio.c **** 
 332:Drivers/STM32L0xx_HAL_Driver/Src/stm32l0xx_hal_gpio.c ****       /* Configure the default value IO Output Type */
 333:Drivers/STM32L0xx_HAL_Driver/Src/stm32l0xx_hal_gpio.c ****       GPIOx->OTYPER  &= ~(GPIO_OTYPER_OT_0 << position);
 567              		.loc 1 333 7 is_stmt 1 view .LVU201
 568              		.loc 1 333 12 is_stmt 0 view .LVU202
 569 0048 4468     		ldr	r4, [r0, #4]
 570              		.loc 1 333 22 view .LVU203
ARM GAS  /var/folders/d7/pb3dkhys6j3db_qtp_8v34p80000gn/T//cc3FFJ2y.s 			page 18


 571 004a 9443     		bics	r4, r2
 572 004c 4460     		str	r4, [r0, #4]
 334:Drivers/STM32L0xx_HAL_Driver/Src/stm32l0xx_hal_gpio.c **** 
 335:Drivers/STM32L0xx_HAL_Driver/Src/stm32l0xx_hal_gpio.c ****       /* Configure the default value for IO Speed */
 336:Drivers/STM32L0xx_HAL_Driver/Src/stm32l0xx_hal_gpio.c ****       GPIOx->OSPEEDR &= ~(GPIO_OSPEEDER_OSPEED0 << (position * 2U));
 573              		.loc 1 336 7 is_stmt 1 view .LVU204
 574              		.loc 1 336 12 is_stmt 0 view .LVU205
 575 004e 8268     		ldr	r2, [r0, #8]
 576              		.loc 1 336 22 view .LVU206
 577 0050 AA43     		bics	r2, r5
 578 0052 8260     		str	r2, [r0, #8]
 579              	.L30:
 337:Drivers/STM32L0xx_HAL_Driver/Src/stm32l0xx_hal_gpio.c ****     }
 338:Drivers/STM32L0xx_HAL_Driver/Src/stm32l0xx_hal_gpio.c ****     position++;
 580              		.loc 1 338 5 is_stmt 1 view .LVU207
 581              		.loc 1 338 13 is_stmt 0 view .LVU208
 582 0054 0133     		adds	r3, r3, #1
 583              	.LVL50:
 584              	.L29:
 296:Drivers/STM32L0xx_HAL_Driver/Src/stm32l0xx_hal_gpio.c ****   {
 585              		.loc 1 296 33 is_stmt 1 view .LVU209
 296:Drivers/STM32L0xx_HAL_Driver/Src/stm32l0xx_hal_gpio.c ****   {
 586              		.loc 1 296 20 is_stmt 0 view .LVU210
 587 0056 4A46     		mov	r2, r9
 588 0058 DA40     		lsrs	r2, r2, r3
 296:Drivers/STM32L0xx_HAL_Driver/Src/stm32l0xx_hal_gpio.c ****   {
 589              		.loc 1 296 33 view .LVU211
 590 005a 43D0     		beq	.L40
 299:Drivers/STM32L0xx_HAL_Driver/Src/stm32l0xx_hal_gpio.c **** 
 591              		.loc 1 299 5 is_stmt 1 view .LVU212
 299:Drivers/STM32L0xx_HAL_Driver/Src/stm32l0xx_hal_gpio.c **** 
 592              		.loc 1 299 34 is_stmt 0 view .LVU213
 593 005c 0122     		movs	r2, #1
 594 005e 9A40     		lsls	r2, r2, r3
 299:Drivers/STM32L0xx_HAL_Driver/Src/stm32l0xx_hal_gpio.c **** 
 595              		.loc 1 299 15 view .LVU214
 596 0060 4C46     		mov	r4, r9
 597 0062 1440     		ands	r4, r2
 598 0064 A446     		mov	ip, r4
 599              	.LVL51:
 301:Drivers/STM32L0xx_HAL_Driver/Src/stm32l0xx_hal_gpio.c ****     {
 600              		.loc 1 301 5 is_stmt 1 view .LVU215
 301:Drivers/STM32L0xx_HAL_Driver/Src/stm32l0xx_hal_gpio.c ****     {
 601              		.loc 1 301 8 is_stmt 0 view .LVU216
 602 0066 4946     		mov	r1, r9
 603 0068 1142     		tst	r1, r2
 604 006a F3D0     		beq	.L30
 605              	.LVL52:
 306:Drivers/STM32L0xx_HAL_Driver/Src/stm32l0xx_hal_gpio.c ****       tmp &= ((0x0FUL) << (4U * (position & 0x03U)));
 606              		.loc 1 306 7 is_stmt 1 view .LVU217
 306:Drivers/STM32L0xx_HAL_Driver/Src/stm32l0xx_hal_gpio.c ****       tmp &= ((0x0FUL) << (4U * (position & 0x03U)));
 607              		.loc 1 306 37 is_stmt 0 view .LVU218
 608 006c 9F08     		lsrs	r7, r3, #2
 306:Drivers/STM32L0xx_HAL_Driver/Src/stm32l0xx_hal_gpio.c ****       tmp &= ((0x0FUL) << (4U * (position & 0x03U)));
 609              		.loc 1 306 11 view .LVU219
 610 006e BC1C     		adds	r4, r7, #2
 611              	.LVL53:
ARM GAS  /var/folders/d7/pb3dkhys6j3db_qtp_8v34p80000gn/T//cc3FFJ2y.s 			page 19


 306:Drivers/STM32L0xx_HAL_Driver/Src/stm32l0xx_hal_gpio.c ****       tmp &= ((0x0FUL) << (4U * (position & 0x03U)));
 612              		.loc 1 306 11 view .LVU220
 613 0070 A400     		lsls	r4, r4, #2
 614 0072 1E4D     		ldr	r5, .L42
 615 0074 6559     		ldr	r5, [r4, r5]
 616              	.LVL54:
 307:Drivers/STM32L0xx_HAL_Driver/Src/stm32l0xx_hal_gpio.c ****       if (tmp == (GPIO_GET_INDEX(GPIOx) << (4U * (position & 0x03U))))
 617              		.loc 1 307 7 is_stmt 1 view .LVU221
 307:Drivers/STM32L0xx_HAL_Driver/Src/stm32l0xx_hal_gpio.c ****       if (tmp == (GPIO_GET_INDEX(GPIOx) << (4U * (position & 0x03U))))
 618              		.loc 1 307 43 is_stmt 0 view .LVU222
 619 0076 0326     		movs	r6, #3
 620 0078 1E40     		ands	r6, r3
 307:Drivers/STM32L0xx_HAL_Driver/Src/stm32l0xx_hal_gpio.c ****       if (tmp == (GPIO_GET_INDEX(GPIOx) << (4U * (position & 0x03U))))
 621              		.loc 1 307 31 view .LVU223
 622 007a B400     		lsls	r4, r6, #2
 307:Drivers/STM32L0xx_HAL_Driver/Src/stm32l0xx_hal_gpio.c ****       if (tmp == (GPIO_GET_INDEX(GPIOx) << (4U * (position & 0x03U))))
 623              		.loc 1 307 24 view .LVU224
 624 007c 0F26     		movs	r6, #15
 625 007e A640     		lsls	r6, r6, r4
 307:Drivers/STM32L0xx_HAL_Driver/Src/stm32l0xx_hal_gpio.c ****       if (tmp == (GPIO_GET_INDEX(GPIOx) << (4U * (position & 0x03U))))
 626              		.loc 1 307 11 view .LVU225
 627 0080 3540     		ands	r5, r6
 628              	.LVL55:
 308:Drivers/STM32L0xx_HAL_Driver/Src/stm32l0xx_hal_gpio.c ****       {
 629              		.loc 1 308 7 is_stmt 1 view .LVU226
 308:Drivers/STM32L0xx_HAL_Driver/Src/stm32l0xx_hal_gpio.c ****       {
 630              		.loc 1 308 19 is_stmt 0 view .LVU227
 631 0082 A021     		movs	r1, #160
 632              	.LVL56:
 308:Drivers/STM32L0xx_HAL_Driver/Src/stm32l0xx_hal_gpio.c ****       {
 633              		.loc 1 308 19 view .LVU228
 634 0084 C905     		lsls	r1, r1, #23
 635 0086 8842     		cmp	r0, r1
 636 0088 C4D0     		beq	.L34
 308:Drivers/STM32L0xx_HAL_Driver/Src/stm32l0xx_hal_gpio.c ****       {
 637              		.loc 1 308 19 discriminator 1 view .LVU229
 638 008a 1949     		ldr	r1, .L42+4
 639 008c 8842     		cmp	r0, r1
 640 008e 0BD0     		beq	.L35
 308:Drivers/STM32L0xx_HAL_Driver/Src/stm32l0xx_hal_gpio.c ****       {
 641              		.loc 1 308 19 discriminator 3 view .LVU230
 642 0090 1849     		ldr	r1, .L42+8
 643 0092 8842     		cmp	r0, r1
 644 0094 0BD0     		beq	.L36
 308:Drivers/STM32L0xx_HAL_Driver/Src/stm32l0xx_hal_gpio.c ****       {
 645              		.loc 1 308 19 discriminator 5 view .LVU231
 646 0096 1849     		ldr	r1, .L42+12
 647 0098 8842     		cmp	r0, r1
 648 009a 0BD0     		beq	.L37
 308:Drivers/STM32L0xx_HAL_Driver/Src/stm32l0xx_hal_gpio.c ****       {
 649              		.loc 1 308 19 discriminator 7 view .LVU232
 650 009c 1749     		ldr	r1, .L42+16
 651 009e 8842     		cmp	r0, r1
 652 00a0 B5D0     		beq	.L41
 308:Drivers/STM32L0xx_HAL_Driver/Src/stm32l0xx_hal_gpio.c ****       {
 653              		.loc 1 308 19 discriminator 10 view .LVU233
 654 00a2 0621     		movs	r1, #6
ARM GAS  /var/folders/d7/pb3dkhys6j3db_qtp_8v34p80000gn/T//cc3FFJ2y.s 			page 20


 655 00a4 8846     		mov	r8, r1
 656 00a6 B7E7     		b	.L31
 657              	.L35:
 308:Drivers/STM32L0xx_HAL_Driver/Src/stm32l0xx_hal_gpio.c ****       {
 658              		.loc 1 308 19 discriminator 4 view .LVU234
 659 00a8 0121     		movs	r1, #1
 660 00aa 8846     		mov	r8, r1
 661 00ac B4E7     		b	.L31
 662              	.L36:
 308:Drivers/STM32L0xx_HAL_Driver/Src/stm32l0xx_hal_gpio.c ****       {
 663              		.loc 1 308 19 discriminator 6 view .LVU235
 664 00ae 0221     		movs	r1, #2
 665 00b0 8846     		mov	r8, r1
 666 00b2 B1E7     		b	.L31
 667              	.L37:
 308:Drivers/STM32L0xx_HAL_Driver/Src/stm32l0xx_hal_gpio.c ****       {
 668              		.loc 1 308 19 discriminator 8 view .LVU236
 669 00b4 0321     		movs	r1, #3
 670 00b6 8846     		mov	r8, r1
 671 00b8 AEE7     		b	.L31
 672              	.L39:
 311:Drivers/STM32L0xx_HAL_Driver/Src/stm32l0xx_hal_gpio.c ****         EXTI->EMR &= ~((uint32_t)iocurrent);
 673              		.loc 1 311 9 is_stmt 1 view .LVU237
 311:Drivers/STM32L0xx_HAL_Driver/Src/stm32l0xx_hal_gpio.c ****         EXTI->EMR &= ~((uint32_t)iocurrent);
 674              		.loc 1 311 13 is_stmt 0 view .LVU238
 675 00ba 114C     		ldr	r4, .L42+20
 676 00bc 2568     		ldr	r5, [r4]
 677              	.LVL57:
 311:Drivers/STM32L0xx_HAL_Driver/Src/stm32l0xx_hal_gpio.c ****         EXTI->EMR &= ~((uint32_t)iocurrent);
 678              		.loc 1 311 19 view .LVU239
 679 00be 6146     		mov	r1, ip
 680 00c0 8D43     		bics	r5, r1
 681 00c2 2560     		str	r5, [r4]
 312:Drivers/STM32L0xx_HAL_Driver/Src/stm32l0xx_hal_gpio.c **** 
 682              		.loc 1 312 9 is_stmt 1 view .LVU240
 312:Drivers/STM32L0xx_HAL_Driver/Src/stm32l0xx_hal_gpio.c **** 
 683              		.loc 1 312 13 is_stmt 0 view .LVU241
 684 00c4 6568     		ldr	r5, [r4, #4]
 312:Drivers/STM32L0xx_HAL_Driver/Src/stm32l0xx_hal_gpio.c **** 
 685              		.loc 1 312 19 view .LVU242
 686 00c6 8D43     		bics	r5, r1
 687 00c8 6560     		str	r5, [r4, #4]
 315:Drivers/STM32L0xx_HAL_Driver/Src/stm32l0xx_hal_gpio.c ****         EXTI->RTSR &= ~((uint32_t)iocurrent);
 688              		.loc 1 315 9 is_stmt 1 view .LVU243
 315:Drivers/STM32L0xx_HAL_Driver/Src/stm32l0xx_hal_gpio.c ****         EXTI->RTSR &= ~((uint32_t)iocurrent);
 689              		.loc 1 315 13 is_stmt 0 view .LVU244
 690 00ca E568     		ldr	r5, [r4, #12]
 315:Drivers/STM32L0xx_HAL_Driver/Src/stm32l0xx_hal_gpio.c ****         EXTI->RTSR &= ~((uint32_t)iocurrent);
 691              		.loc 1 315 20 view .LVU245
 692 00cc 8D43     		bics	r5, r1
 693 00ce E560     		str	r5, [r4, #12]
 316:Drivers/STM32L0xx_HAL_Driver/Src/stm32l0xx_hal_gpio.c **** 
 694              		.loc 1 316 9 is_stmt 1 view .LVU246
 316:Drivers/STM32L0xx_HAL_Driver/Src/stm32l0xx_hal_gpio.c **** 
 695              		.loc 1 316 13 is_stmt 0 view .LVU247
 696 00d0 A568     		ldr	r5, [r4, #8]
 316:Drivers/STM32L0xx_HAL_Driver/Src/stm32l0xx_hal_gpio.c **** 
ARM GAS  /var/folders/d7/pb3dkhys6j3db_qtp_8v34p80000gn/T//cc3FFJ2y.s 			page 21


 697              		.loc 1 316 20 view .LVU248
 698 00d2 8D43     		bics	r5, r1
 699 00d4 A560     		str	r5, [r4, #8]
 318:Drivers/STM32L0xx_HAL_Driver/Src/stm32l0xx_hal_gpio.c ****         SYSCFG->EXTICR[position >> 2U] &= ~tmp;
 700              		.loc 1 318 9 is_stmt 1 view .LVU249
 701              	.LVL58:
 319:Drivers/STM32L0xx_HAL_Driver/Src/stm32l0xx_hal_gpio.c ****       }
 702              		.loc 1 319 9 view .LVU250
 319:Drivers/STM32L0xx_HAL_Driver/Src/stm32l0xx_hal_gpio.c ****       }
 703              		.loc 1 319 23 is_stmt 0 view .LVU251
 704 00d6 0549     		ldr	r1, .L42
 705 00d8 0237     		adds	r7, r7, #2
 706 00da BC00     		lsls	r4, r7, #2
 707 00dc 6558     		ldr	r5, [r4, r1]
 319:Drivers/STM32L0xx_HAL_Driver/Src/stm32l0xx_hal_gpio.c ****       }
 708              		.loc 1 319 40 view .LVU252
 709 00de B543     		bics	r5, r6
 710 00e0 6550     		str	r5, [r4, r1]
 711 00e2 9DE7     		b	.L32
 712              	.LVL59:
 713              	.L40:
 339:Drivers/STM32L0xx_HAL_Driver/Src/stm32l0xx_hal_gpio.c ****   }
 340:Drivers/STM32L0xx_HAL_Driver/Src/stm32l0xx_hal_gpio.c **** }
 714              		.loc 1 340 1 view .LVU253
 715              		@ sp needed
 716              	.LVL60:
 717              		.loc 1 340 1 view .LVU254
 718 00e4 C0BC     		pop	{r6, r7}
 719 00e6 B946     		mov	r9, r7
 720 00e8 B046     		mov	r8, r6
 721 00ea F0BD     		pop	{r4, r5, r6, r7, pc}
 722              	.L43:
 723              		.align	2
 724              	.L42:
 725 00ec 00000140 		.word	1073807360
 726 00f0 00040050 		.word	1342178304
 727 00f4 00080050 		.word	1342179328
 728 00f8 000C0050 		.word	1342180352
 729 00fc 001C0050 		.word	1342184448
 730 0100 00040140 		.word	1073808384
 731              		.cfi_endproc
 732              	.LFE48:
 734              		.section	.text.HAL_GPIO_ReadPin,"ax",%progbits
 735              		.align	1
 736              		.global	HAL_GPIO_ReadPin
 737              		.syntax unified
 738              		.code	16
 739              		.thumb_func
 741              	HAL_GPIO_ReadPin:
 742              	.LVL61:
 743              	.LFB49:
 341:Drivers/STM32L0xx_HAL_Driver/Src/stm32l0xx_hal_gpio.c **** 
 342:Drivers/STM32L0xx_HAL_Driver/Src/stm32l0xx_hal_gpio.c **** /**
 343:Drivers/STM32L0xx_HAL_Driver/Src/stm32l0xx_hal_gpio.c ****   * @}
 344:Drivers/STM32L0xx_HAL_Driver/Src/stm32l0xx_hal_gpio.c ****   */
 345:Drivers/STM32L0xx_HAL_Driver/Src/stm32l0xx_hal_gpio.c **** 
 346:Drivers/STM32L0xx_HAL_Driver/Src/stm32l0xx_hal_gpio.c **** /** @addtogroup GPIO_Exported_Functions_Group2
ARM GAS  /var/folders/d7/pb3dkhys6j3db_qtp_8v34p80000gn/T//cc3FFJ2y.s 			page 22


 347:Drivers/STM32L0xx_HAL_Driver/Src/stm32l0xx_hal_gpio.c ****  *  @brief   GPIO Read and Write
 348:Drivers/STM32L0xx_HAL_Driver/Src/stm32l0xx_hal_gpio.c ****  *
 349:Drivers/STM32L0xx_HAL_Driver/Src/stm32l0xx_hal_gpio.c **** @verbatim
 350:Drivers/STM32L0xx_HAL_Driver/Src/stm32l0xx_hal_gpio.c ****  ===============================================================================
 351:Drivers/STM32L0xx_HAL_Driver/Src/stm32l0xx_hal_gpio.c ****                        ##### IO operation functions #####
 352:Drivers/STM32L0xx_HAL_Driver/Src/stm32l0xx_hal_gpio.c ****  ===============================================================================
 353:Drivers/STM32L0xx_HAL_Driver/Src/stm32l0xx_hal_gpio.c **** 
 354:Drivers/STM32L0xx_HAL_Driver/Src/stm32l0xx_hal_gpio.c **** @endverbatim
 355:Drivers/STM32L0xx_HAL_Driver/Src/stm32l0xx_hal_gpio.c ****   * @{
 356:Drivers/STM32L0xx_HAL_Driver/Src/stm32l0xx_hal_gpio.c ****   */
 357:Drivers/STM32L0xx_HAL_Driver/Src/stm32l0xx_hal_gpio.c **** 
 358:Drivers/STM32L0xx_HAL_Driver/Src/stm32l0xx_hal_gpio.c **** /**
 359:Drivers/STM32L0xx_HAL_Driver/Src/stm32l0xx_hal_gpio.c ****   * @brief  Reads the specified input port pin.
 360:Drivers/STM32L0xx_HAL_Driver/Src/stm32l0xx_hal_gpio.c ****   * @param  GPIOx where x can be (A..E and H) to select the GPIO peripheral for STM32L0xx family de
 361:Drivers/STM32L0xx_HAL_Driver/Src/stm32l0xx_hal_gpio.c ****   *                Note that GPIOE is not available on all devices.
 362:Drivers/STM32L0xx_HAL_Driver/Src/stm32l0xx_hal_gpio.c ****   * @param  GPIO_Pin specifies the port bit to read.
 363:Drivers/STM32L0xx_HAL_Driver/Src/stm32l0xx_hal_gpio.c ****   *                   This parameter can be GPIO_PIN_x where x can be (0..15).
 364:Drivers/STM32L0xx_HAL_Driver/Src/stm32l0xx_hal_gpio.c ****   *                   All port bits are not necessarily available on all GPIOs.
 365:Drivers/STM32L0xx_HAL_Driver/Src/stm32l0xx_hal_gpio.c ****   * @retval The input port pin value.
 366:Drivers/STM32L0xx_HAL_Driver/Src/stm32l0xx_hal_gpio.c ****   */
 367:Drivers/STM32L0xx_HAL_Driver/Src/stm32l0xx_hal_gpio.c **** GPIO_PinState HAL_GPIO_ReadPin(GPIO_TypeDef *GPIOx, uint16_t GPIO_Pin)
 368:Drivers/STM32L0xx_HAL_Driver/Src/stm32l0xx_hal_gpio.c **** {
 744              		.loc 1 368 1 is_stmt 1 view -0
 745              		.cfi_startproc
 746              		@ args = 0, pretend = 0, frame = 0
 747              		@ frame_needed = 0, uses_anonymous_args = 0
 748              		@ link register save eliminated.
 369:Drivers/STM32L0xx_HAL_Driver/Src/stm32l0xx_hal_gpio.c ****   GPIO_PinState bitstatus;
 749              		.loc 1 369 3 view .LVU256
 370:Drivers/STM32L0xx_HAL_Driver/Src/stm32l0xx_hal_gpio.c **** 
 371:Drivers/STM32L0xx_HAL_Driver/Src/stm32l0xx_hal_gpio.c ****   /* Check the parameters */
 372:Drivers/STM32L0xx_HAL_Driver/Src/stm32l0xx_hal_gpio.c ****   assert_param(IS_GPIO_PIN_AVAILABLE(GPIOx, GPIO_Pin));
 750              		.loc 1 372 3 view .LVU257
 373:Drivers/STM32L0xx_HAL_Driver/Src/stm32l0xx_hal_gpio.c **** 
 374:Drivers/STM32L0xx_HAL_Driver/Src/stm32l0xx_hal_gpio.c ****   if ((GPIOx->IDR & GPIO_Pin) != (uint32_t)GPIO_PIN_RESET)
 751              		.loc 1 374 3 view .LVU258
 752              		.loc 1 374 13 is_stmt 0 view .LVU259
 753 0000 0369     		ldr	r3, [r0, #16]
 754              		.loc 1 374 6 view .LVU260
 755 0002 0B42     		tst	r3, r1
 756 0004 01D0     		beq	.L46
 375:Drivers/STM32L0xx_HAL_Driver/Src/stm32l0xx_hal_gpio.c ****   {
 376:Drivers/STM32L0xx_HAL_Driver/Src/stm32l0xx_hal_gpio.c ****     bitstatus = GPIO_PIN_SET;
 757              		.loc 1 376 15 view .LVU261
 758 0006 0120     		movs	r0, #1
 759              	.LVL62:
 760              	.L45:
 377:Drivers/STM32L0xx_HAL_Driver/Src/stm32l0xx_hal_gpio.c ****   }
 378:Drivers/STM32L0xx_HAL_Driver/Src/stm32l0xx_hal_gpio.c ****   else
 379:Drivers/STM32L0xx_HAL_Driver/Src/stm32l0xx_hal_gpio.c ****   {
 380:Drivers/STM32L0xx_HAL_Driver/Src/stm32l0xx_hal_gpio.c ****     bitstatus = GPIO_PIN_RESET;
 381:Drivers/STM32L0xx_HAL_Driver/Src/stm32l0xx_hal_gpio.c ****   }
 382:Drivers/STM32L0xx_HAL_Driver/Src/stm32l0xx_hal_gpio.c ****   return bitstatus;
 761              		.loc 1 382 3 is_stmt 1 view .LVU262
 383:Drivers/STM32L0xx_HAL_Driver/Src/stm32l0xx_hal_gpio.c **** }
 762              		.loc 1 383 1 is_stmt 0 view .LVU263
 763              		@ sp needed
ARM GAS  /var/folders/d7/pb3dkhys6j3db_qtp_8v34p80000gn/T//cc3FFJ2y.s 			page 23


 764 0008 7047     		bx	lr
 765              	.LVL63:
 766              	.L46:
 380:Drivers/STM32L0xx_HAL_Driver/Src/stm32l0xx_hal_gpio.c ****   }
 767              		.loc 1 380 15 view .LVU264
 768 000a 0020     		movs	r0, #0
 769              	.LVL64:
 380:Drivers/STM32L0xx_HAL_Driver/Src/stm32l0xx_hal_gpio.c ****   }
 770              		.loc 1 380 15 view .LVU265
 771 000c FCE7     		b	.L45
 772              		.cfi_endproc
 773              	.LFE49:
 775              		.section	.text.HAL_GPIO_WritePin,"ax",%progbits
 776              		.align	1
 777              		.global	HAL_GPIO_WritePin
 778              		.syntax unified
 779              		.code	16
 780              		.thumb_func
 782              	HAL_GPIO_WritePin:
 783              	.LVL65:
 784              	.LFB50:
 384:Drivers/STM32L0xx_HAL_Driver/Src/stm32l0xx_hal_gpio.c **** 
 385:Drivers/STM32L0xx_HAL_Driver/Src/stm32l0xx_hal_gpio.c **** /**
 386:Drivers/STM32L0xx_HAL_Driver/Src/stm32l0xx_hal_gpio.c ****   * @brief  Sets or clears the selected data port bit.
 387:Drivers/STM32L0xx_HAL_Driver/Src/stm32l0xx_hal_gpio.c ****   *
 388:Drivers/STM32L0xx_HAL_Driver/Src/stm32l0xx_hal_gpio.c ****   * @note   This function uses GPIOx_BSRR register to allow atomic read/modify
 389:Drivers/STM32L0xx_HAL_Driver/Src/stm32l0xx_hal_gpio.c ****   *         accesses. In this way, there is no risk of an IRQ occurring between
 390:Drivers/STM32L0xx_HAL_Driver/Src/stm32l0xx_hal_gpio.c ****   *         the read and the modify access.
 391:Drivers/STM32L0xx_HAL_Driver/Src/stm32l0xx_hal_gpio.c ****   *
 392:Drivers/STM32L0xx_HAL_Driver/Src/stm32l0xx_hal_gpio.c ****   * @param  GPIOx where x can be (A..E and H) to select the GPIO peripheral for STM32L0xx family de
 393:Drivers/STM32L0xx_HAL_Driver/Src/stm32l0xx_hal_gpio.c ****   *                Note that GPIOE is not available on all devices.
 394:Drivers/STM32L0xx_HAL_Driver/Src/stm32l0xx_hal_gpio.c ****   * @param  GPIO_Pin specifies the port bit to be written.
 395:Drivers/STM32L0xx_HAL_Driver/Src/stm32l0xx_hal_gpio.c ****   *                   This parameter can be one of GPIO_PIN_x where x can be (0..15).
 396:Drivers/STM32L0xx_HAL_Driver/Src/stm32l0xx_hal_gpio.c ****   *                   All port bits are not necessarily available on all GPIOs.
 397:Drivers/STM32L0xx_HAL_Driver/Src/stm32l0xx_hal_gpio.c ****   * @param  PinState specifies the value to be written to the selected bit.
 398:Drivers/STM32L0xx_HAL_Driver/Src/stm32l0xx_hal_gpio.c ****   *                   This parameter can be one of the GPIO_PinState enum values:
 399:Drivers/STM32L0xx_HAL_Driver/Src/stm32l0xx_hal_gpio.c ****   *                        GPIO_PIN_RESET: to clear the port pin
 400:Drivers/STM32L0xx_HAL_Driver/Src/stm32l0xx_hal_gpio.c ****   *                        GPIO_PIN_SET: to set the port pin
 401:Drivers/STM32L0xx_HAL_Driver/Src/stm32l0xx_hal_gpio.c ****   * @retval None
 402:Drivers/STM32L0xx_HAL_Driver/Src/stm32l0xx_hal_gpio.c ****   */
 403:Drivers/STM32L0xx_HAL_Driver/Src/stm32l0xx_hal_gpio.c **** void HAL_GPIO_WritePin(GPIO_TypeDef *GPIOx, uint16_t GPIO_Pin, GPIO_PinState PinState)
 404:Drivers/STM32L0xx_HAL_Driver/Src/stm32l0xx_hal_gpio.c **** {
 785              		.loc 1 404 1 is_stmt 1 view -0
 786              		.cfi_startproc
 787              		@ args = 0, pretend = 0, frame = 0
 788              		@ frame_needed = 0, uses_anonymous_args = 0
 789              		@ link register save eliminated.
 405:Drivers/STM32L0xx_HAL_Driver/Src/stm32l0xx_hal_gpio.c ****   /* Check the parameters */
 406:Drivers/STM32L0xx_HAL_Driver/Src/stm32l0xx_hal_gpio.c ****   assert_param(IS_GPIO_PIN_AVAILABLE(GPIOx, GPIO_Pin));
 790              		.loc 1 406 3 view .LVU267
 407:Drivers/STM32L0xx_HAL_Driver/Src/stm32l0xx_hal_gpio.c ****   assert_param(IS_GPIO_PIN_ACTION(PinState));
 791              		.loc 1 407 3 view .LVU268
 408:Drivers/STM32L0xx_HAL_Driver/Src/stm32l0xx_hal_gpio.c **** 
 409:Drivers/STM32L0xx_HAL_Driver/Src/stm32l0xx_hal_gpio.c ****   if (PinState != GPIO_PIN_RESET)
 792              		.loc 1 409 3 view .LVU269
 793              		.loc 1 409 6 is_stmt 0 view .LVU270
 794 0000 002A     		cmp	r2, #0
ARM GAS  /var/folders/d7/pb3dkhys6j3db_qtp_8v34p80000gn/T//cc3FFJ2y.s 			page 24


 795 0002 01D0     		beq	.L48
 410:Drivers/STM32L0xx_HAL_Driver/Src/stm32l0xx_hal_gpio.c ****   {
 411:Drivers/STM32L0xx_HAL_Driver/Src/stm32l0xx_hal_gpio.c ****     GPIOx->BSRR = GPIO_Pin;
 796              		.loc 1 411 5 is_stmt 1 view .LVU271
 797              		.loc 1 411 17 is_stmt 0 view .LVU272
 798 0004 8161     		str	r1, [r0, #24]
 799              	.L47:
 412:Drivers/STM32L0xx_HAL_Driver/Src/stm32l0xx_hal_gpio.c ****   }
 413:Drivers/STM32L0xx_HAL_Driver/Src/stm32l0xx_hal_gpio.c ****   else
 414:Drivers/STM32L0xx_HAL_Driver/Src/stm32l0xx_hal_gpio.c ****   {
 415:Drivers/STM32L0xx_HAL_Driver/Src/stm32l0xx_hal_gpio.c ****     GPIOx->BRR = GPIO_Pin ;
 416:Drivers/STM32L0xx_HAL_Driver/Src/stm32l0xx_hal_gpio.c ****   }
 417:Drivers/STM32L0xx_HAL_Driver/Src/stm32l0xx_hal_gpio.c **** }
 800              		.loc 1 417 1 view .LVU273
 801              		@ sp needed
 802 0006 7047     		bx	lr
 803              	.L48:
 415:Drivers/STM32L0xx_HAL_Driver/Src/stm32l0xx_hal_gpio.c ****   }
 804              		.loc 1 415 5 is_stmt 1 view .LVU274
 415:Drivers/STM32L0xx_HAL_Driver/Src/stm32l0xx_hal_gpio.c ****   }
 805              		.loc 1 415 16 is_stmt 0 view .LVU275
 806 0008 8162     		str	r1, [r0, #40]
 807              		.loc 1 417 1 view .LVU276
 808 000a FCE7     		b	.L47
 809              		.cfi_endproc
 810              	.LFE50:
 812              		.section	.text.HAL_GPIO_TogglePin,"ax",%progbits
 813              		.align	1
 814              		.global	HAL_GPIO_TogglePin
 815              		.syntax unified
 816              		.code	16
 817              		.thumb_func
 819              	HAL_GPIO_TogglePin:
 820              	.LVL66:
 821              	.LFB51:
 418:Drivers/STM32L0xx_HAL_Driver/Src/stm32l0xx_hal_gpio.c **** 
 419:Drivers/STM32L0xx_HAL_Driver/Src/stm32l0xx_hal_gpio.c **** /**
 420:Drivers/STM32L0xx_HAL_Driver/Src/stm32l0xx_hal_gpio.c ****   * @brief  Toggles the specified GPIO pins.
 421:Drivers/STM32L0xx_HAL_Driver/Src/stm32l0xx_hal_gpio.c ****   * @param  GPIOx Where x can be (A..E and H) to select the GPIO peripheral for STM32L0xx family de
 422:Drivers/STM32L0xx_HAL_Driver/Src/stm32l0xx_hal_gpio.c ****   *                Note that GPIOE is not available on all devices.
 423:Drivers/STM32L0xx_HAL_Driver/Src/stm32l0xx_hal_gpio.c ****   *                All port bits are not necessarily available on all GPIOs.
 424:Drivers/STM32L0xx_HAL_Driver/Src/stm32l0xx_hal_gpio.c ****   * @param  GPIO_Pin Specifies the pins to be toggled.
 425:Drivers/STM32L0xx_HAL_Driver/Src/stm32l0xx_hal_gpio.c ****   * @retval None
 426:Drivers/STM32L0xx_HAL_Driver/Src/stm32l0xx_hal_gpio.c ****   */
 427:Drivers/STM32L0xx_HAL_Driver/Src/stm32l0xx_hal_gpio.c **** void HAL_GPIO_TogglePin(GPIO_TypeDef *GPIOx, uint16_t GPIO_Pin)
 428:Drivers/STM32L0xx_HAL_Driver/Src/stm32l0xx_hal_gpio.c **** {
 822              		.loc 1 428 1 is_stmt 1 view -0
 823              		.cfi_startproc
 824              		@ args = 0, pretend = 0, frame = 0
 825              		@ frame_needed = 0, uses_anonymous_args = 0
 826              		@ link register save eliminated.
 429:Drivers/STM32L0xx_HAL_Driver/Src/stm32l0xx_hal_gpio.c ****   uint32_t odr;
 827              		.loc 1 429 3 view .LVU278
 430:Drivers/STM32L0xx_HAL_Driver/Src/stm32l0xx_hal_gpio.c **** 
 431:Drivers/STM32L0xx_HAL_Driver/Src/stm32l0xx_hal_gpio.c ****   /* Check the parameters */
 432:Drivers/STM32L0xx_HAL_Driver/Src/stm32l0xx_hal_gpio.c ****   assert_param(IS_GPIO_PIN_AVAILABLE(GPIOx, GPIO_Pin));
 828              		.loc 1 432 3 view .LVU279
ARM GAS  /var/folders/d7/pb3dkhys6j3db_qtp_8v34p80000gn/T//cc3FFJ2y.s 			page 25


 433:Drivers/STM32L0xx_HAL_Driver/Src/stm32l0xx_hal_gpio.c **** 
 434:Drivers/STM32L0xx_HAL_Driver/Src/stm32l0xx_hal_gpio.c ****   /* get current Output Data Register value */
 435:Drivers/STM32L0xx_HAL_Driver/Src/stm32l0xx_hal_gpio.c ****   odr = GPIOx->ODR;
 829              		.loc 1 435 3 view .LVU280
 830              		.loc 1 435 7 is_stmt 0 view .LVU281
 831 0000 4269     		ldr	r2, [r0, #20]
 832              	.LVL67:
 436:Drivers/STM32L0xx_HAL_Driver/Src/stm32l0xx_hal_gpio.c **** 
 437:Drivers/STM32L0xx_HAL_Driver/Src/stm32l0xx_hal_gpio.c ****   /* Set selected pins that were at low level, and reset ones that were high */
 438:Drivers/STM32L0xx_HAL_Driver/Src/stm32l0xx_hal_gpio.c ****   GPIOx->BSRR = ((odr & GPIO_Pin) << GPIO_NUMBER) | (~odr & GPIO_Pin);
 833              		.loc 1 438 3 is_stmt 1 view .LVU282
 834              		.loc 1 438 23 is_stmt 0 view .LVU283
 835 0002 1300     		movs	r3, r2
 836 0004 0B40     		ands	r3, r1
 837              		.loc 1 438 35 view .LVU284
 838 0006 1B04     		lsls	r3, r3, #16
 839              		.loc 1 438 59 view .LVU285
 840 0008 9143     		bics	r1, r2
 841              	.LVL68:
 842              		.loc 1 438 51 view .LVU286
 843 000a 0B43     		orrs	r3, r1
 844              		.loc 1 438 15 view .LVU287
 845 000c 8361     		str	r3, [r0, #24]
 439:Drivers/STM32L0xx_HAL_Driver/Src/stm32l0xx_hal_gpio.c **** }
 846              		.loc 1 439 1 view .LVU288
 847              		@ sp needed
 848 000e 7047     		bx	lr
 849              		.cfi_endproc
 850              	.LFE51:
 852              		.section	.text.HAL_GPIO_LockPin,"ax",%progbits
 853              		.align	1
 854              		.global	HAL_GPIO_LockPin
 855              		.syntax unified
 856              		.code	16
 857              		.thumb_func
 859              	HAL_GPIO_LockPin:
 860              	.LVL69:
 861              	.LFB52:
 440:Drivers/STM32L0xx_HAL_Driver/Src/stm32l0xx_hal_gpio.c **** 
 441:Drivers/STM32L0xx_HAL_Driver/Src/stm32l0xx_hal_gpio.c **** /**
 442:Drivers/STM32L0xx_HAL_Driver/Src/stm32l0xx_hal_gpio.c **** * @brief  Locks GPIO Pins configuration registers.
 443:Drivers/STM32L0xx_HAL_Driver/Src/stm32l0xx_hal_gpio.c **** * @note   The locked registers are GPIOx_MODER, GPIOx_OTYPER, GPIOx_OSPEEDR,
 444:Drivers/STM32L0xx_HAL_Driver/Src/stm32l0xx_hal_gpio.c **** *         GPIOx_PUPDR, GPIOx_AFRL and GPIOx_AFRH.
 445:Drivers/STM32L0xx_HAL_Driver/Src/stm32l0xx_hal_gpio.c **** * @note   The configuration of the locked GPIO pins can no longer be modified
 446:Drivers/STM32L0xx_HAL_Driver/Src/stm32l0xx_hal_gpio.c **** *         until the next reset.
 447:Drivers/STM32L0xx_HAL_Driver/Src/stm32l0xx_hal_gpio.c **** * @param  GPIOx where x can be (A..E and H) to select the GPIO peripheral for STM32L0xx family.
 448:Drivers/STM32L0xx_HAL_Driver/Src/stm32l0xx_hal_gpio.c **** *                Note that GPIOE is not available on all devices.
 449:Drivers/STM32L0xx_HAL_Driver/Src/stm32l0xx_hal_gpio.c **** * @param  GPIO_Pin specifies the port bit to be locked.
 450:Drivers/STM32L0xx_HAL_Driver/Src/stm32l0xx_hal_gpio.c **** *         This parameter can be any combination of GPIO_PIN_x where x can be (0..15).
 451:Drivers/STM32L0xx_HAL_Driver/Src/stm32l0xx_hal_gpio.c **** *         All port bits are not necessarily available on all GPIOs.
 452:Drivers/STM32L0xx_HAL_Driver/Src/stm32l0xx_hal_gpio.c **** * @retval None
 453:Drivers/STM32L0xx_HAL_Driver/Src/stm32l0xx_hal_gpio.c **** */
 454:Drivers/STM32L0xx_HAL_Driver/Src/stm32l0xx_hal_gpio.c **** HAL_StatusTypeDef HAL_GPIO_LockPin(GPIO_TypeDef *GPIOx, uint16_t GPIO_Pin)
 455:Drivers/STM32L0xx_HAL_Driver/Src/stm32l0xx_hal_gpio.c **** {
 862              		.loc 1 455 1 is_stmt 1 view -0
 863              		.cfi_startproc
 864              		@ args = 0, pretend = 0, frame = 8
ARM GAS  /var/folders/d7/pb3dkhys6j3db_qtp_8v34p80000gn/T//cc3FFJ2y.s 			page 26


 865              		@ frame_needed = 0, uses_anonymous_args = 0
 866              		@ link register save eliminated.
 867              		.loc 1 455 1 is_stmt 0 view .LVU290
 868 0000 82B0     		sub	sp, sp, #8
 869              	.LCFI3:
 870              		.cfi_def_cfa_offset 8
 456:Drivers/STM32L0xx_HAL_Driver/Src/stm32l0xx_hal_gpio.c ****   __IO uint32_t tmp = GPIO_LCKR_LCKK;
 871              		.loc 1 456 3 is_stmt 1 view .LVU291
 872              		.loc 1 456 17 is_stmt 0 view .LVU292
 873 0002 8022     		movs	r2, #128
 874 0004 5202     		lsls	r2, r2, #9
 875 0006 0192     		str	r2, [sp, #4]
 457:Drivers/STM32L0xx_HAL_Driver/Src/stm32l0xx_hal_gpio.c **** 
 458:Drivers/STM32L0xx_HAL_Driver/Src/stm32l0xx_hal_gpio.c ****   /* Check the parameters */
 459:Drivers/STM32L0xx_HAL_Driver/Src/stm32l0xx_hal_gpio.c ****   assert_param(IS_GPIO_PIN_AVAILABLE(GPIOx, GPIO_Pin));
 876              		.loc 1 459 3 is_stmt 1 view .LVU293
 460:Drivers/STM32L0xx_HAL_Driver/Src/stm32l0xx_hal_gpio.c **** 
 461:Drivers/STM32L0xx_HAL_Driver/Src/stm32l0xx_hal_gpio.c ****   /* Apply lock key write sequence */
 462:Drivers/STM32L0xx_HAL_Driver/Src/stm32l0xx_hal_gpio.c ****   tmp |= GPIO_Pin;
 877              		.loc 1 462 3 view .LVU294
 878              		.loc 1 462 7 is_stmt 0 view .LVU295
 879 0008 019B     		ldr	r3, [sp, #4]
 880 000a 0B43     		orrs	r3, r1
 881 000c 0193     		str	r3, [sp, #4]
 463:Drivers/STM32L0xx_HAL_Driver/Src/stm32l0xx_hal_gpio.c ****   /* Set LCKx bit(s): LCKK='1' + LCK[15-0] */
 464:Drivers/STM32L0xx_HAL_Driver/Src/stm32l0xx_hal_gpio.c ****   GPIOx->LCKR = tmp;
 882              		.loc 1 464 3 is_stmt 1 view .LVU296
 883              		.loc 1 464 15 is_stmt 0 view .LVU297
 884 000e 019B     		ldr	r3, [sp, #4]
 885 0010 C361     		str	r3, [r0, #28]
 465:Drivers/STM32L0xx_HAL_Driver/Src/stm32l0xx_hal_gpio.c ****   /* Reset LCKx bit(s): LCKK='0' + LCK[15-0] */
 466:Drivers/STM32L0xx_HAL_Driver/Src/stm32l0xx_hal_gpio.c ****   GPIOx->LCKR = GPIO_Pin;
 886              		.loc 1 466 3 is_stmt 1 view .LVU298
 887              		.loc 1 466 15 is_stmt 0 view .LVU299
 888 0012 C161     		str	r1, [r0, #28]
 467:Drivers/STM32L0xx_HAL_Driver/Src/stm32l0xx_hal_gpio.c ****   /* Set LCKx bit(s): LCKK='1' + LCK[15-0] */
 468:Drivers/STM32L0xx_HAL_Driver/Src/stm32l0xx_hal_gpio.c ****   GPIOx->LCKR = tmp;
 889              		.loc 1 468 3 is_stmt 1 view .LVU300
 890              		.loc 1 468 15 is_stmt 0 view .LVU301
 891 0014 019B     		ldr	r3, [sp, #4]
 892 0016 C361     		str	r3, [r0, #28]
 469:Drivers/STM32L0xx_HAL_Driver/Src/stm32l0xx_hal_gpio.c ****   /* Read LCKK register. This read is mandatory to complete key lock sequence */
 470:Drivers/STM32L0xx_HAL_Driver/Src/stm32l0xx_hal_gpio.c ****   tmp = GPIOx->LCKR;
 893              		.loc 1 470 3 is_stmt 1 view .LVU302
 894              		.loc 1 470 14 is_stmt 0 view .LVU303
 895 0018 C369     		ldr	r3, [r0, #28]
 896              		.loc 1 470 7 view .LVU304
 897 001a 0193     		str	r3, [sp, #4]
 471:Drivers/STM32L0xx_HAL_Driver/Src/stm32l0xx_hal_gpio.c **** 
 472:Drivers/STM32L0xx_HAL_Driver/Src/stm32l0xx_hal_gpio.c ****   /* read again in order to confirm lock is active */
 473:Drivers/STM32L0xx_HAL_Driver/Src/stm32l0xx_hal_gpio.c ****   if ((GPIOx->LCKR & GPIO_LCKR_LCKK) != RESET)
 898              		.loc 1 473 3 is_stmt 1 view .LVU305
 899              		.loc 1 473 13 is_stmt 0 view .LVU306
 900 001c C369     		ldr	r3, [r0, #28]
 901              		.loc 1 473 6 view .LVU307
 902 001e 1342     		tst	r3, r2
 903 0020 02D0     		beq	.L53
ARM GAS  /var/folders/d7/pb3dkhys6j3db_qtp_8v34p80000gn/T//cc3FFJ2y.s 			page 27


 474:Drivers/STM32L0xx_HAL_Driver/Src/stm32l0xx_hal_gpio.c ****   {
 475:Drivers/STM32L0xx_HAL_Driver/Src/stm32l0xx_hal_gpio.c ****     return HAL_OK;
 904              		.loc 1 475 12 view .LVU308
 905 0022 0020     		movs	r0, #0
 906              	.LVL70:
 907              	.L52:
 476:Drivers/STM32L0xx_HAL_Driver/Src/stm32l0xx_hal_gpio.c ****   }
 477:Drivers/STM32L0xx_HAL_Driver/Src/stm32l0xx_hal_gpio.c ****   else
 478:Drivers/STM32L0xx_HAL_Driver/Src/stm32l0xx_hal_gpio.c ****   {
 479:Drivers/STM32L0xx_HAL_Driver/Src/stm32l0xx_hal_gpio.c ****     return HAL_ERROR;
 480:Drivers/STM32L0xx_HAL_Driver/Src/stm32l0xx_hal_gpio.c ****   }
 481:Drivers/STM32L0xx_HAL_Driver/Src/stm32l0xx_hal_gpio.c **** }
 908              		.loc 1 481 1 view .LVU309
 909 0024 02B0     		add	sp, sp, #8
 910              		@ sp needed
 911 0026 7047     		bx	lr
 912              	.LVL71:
 913              	.L53:
 479:Drivers/STM32L0xx_HAL_Driver/Src/stm32l0xx_hal_gpio.c ****   }
 914              		.loc 1 479 12 view .LVU310
 915 0028 0120     		movs	r0, #1
 916              	.LVL72:
 479:Drivers/STM32L0xx_HAL_Driver/Src/stm32l0xx_hal_gpio.c ****   }
 917              		.loc 1 479 12 view .LVU311
 918 002a FBE7     		b	.L52
 919              		.cfi_endproc
 920              	.LFE52:
 922              		.section	.text.HAL_GPIO_EXTI_Callback,"ax",%progbits
 923              		.align	1
 924              		.weak	HAL_GPIO_EXTI_Callback
 925              		.syntax unified
 926              		.code	16
 927              		.thumb_func
 929              	HAL_GPIO_EXTI_Callback:
 930              	.LVL73:
 931              	.LFB54:
 482:Drivers/STM32L0xx_HAL_Driver/Src/stm32l0xx_hal_gpio.c **** /**
 483:Drivers/STM32L0xx_HAL_Driver/Src/stm32l0xx_hal_gpio.c ****   * @brief  This function handles EXTI interrupt request.
 484:Drivers/STM32L0xx_HAL_Driver/Src/stm32l0xx_hal_gpio.c ****   * @param  GPIO_Pin Specifies the pins connected to the EXTI line.
 485:Drivers/STM32L0xx_HAL_Driver/Src/stm32l0xx_hal_gpio.c ****   * @retval None
 486:Drivers/STM32L0xx_HAL_Driver/Src/stm32l0xx_hal_gpio.c ****   */
 487:Drivers/STM32L0xx_HAL_Driver/Src/stm32l0xx_hal_gpio.c **** void HAL_GPIO_EXTI_IRQHandler(uint16_t GPIO_Pin)
 488:Drivers/STM32L0xx_HAL_Driver/Src/stm32l0xx_hal_gpio.c **** {
 489:Drivers/STM32L0xx_HAL_Driver/Src/stm32l0xx_hal_gpio.c ****   /* EXTI line interrupt detected */
 490:Drivers/STM32L0xx_HAL_Driver/Src/stm32l0xx_hal_gpio.c ****   if (__HAL_GPIO_EXTI_GET_IT(GPIO_Pin) != RESET)
 491:Drivers/STM32L0xx_HAL_Driver/Src/stm32l0xx_hal_gpio.c ****   {
 492:Drivers/STM32L0xx_HAL_Driver/Src/stm32l0xx_hal_gpio.c ****     __HAL_GPIO_EXTI_CLEAR_IT(GPIO_Pin);
 493:Drivers/STM32L0xx_HAL_Driver/Src/stm32l0xx_hal_gpio.c ****     HAL_GPIO_EXTI_Callback(GPIO_Pin);
 494:Drivers/STM32L0xx_HAL_Driver/Src/stm32l0xx_hal_gpio.c ****   }
 495:Drivers/STM32L0xx_HAL_Driver/Src/stm32l0xx_hal_gpio.c **** }
 496:Drivers/STM32L0xx_HAL_Driver/Src/stm32l0xx_hal_gpio.c **** 
 497:Drivers/STM32L0xx_HAL_Driver/Src/stm32l0xx_hal_gpio.c **** /**
 498:Drivers/STM32L0xx_HAL_Driver/Src/stm32l0xx_hal_gpio.c ****   * @brief  EXTI line detection callbacks.
 499:Drivers/STM32L0xx_HAL_Driver/Src/stm32l0xx_hal_gpio.c ****   * @param  GPIO_Pin Specifies the pins connected to the EXTI line.
 500:Drivers/STM32L0xx_HAL_Driver/Src/stm32l0xx_hal_gpio.c ****   * @retval None
 501:Drivers/STM32L0xx_HAL_Driver/Src/stm32l0xx_hal_gpio.c ****   */
 502:Drivers/STM32L0xx_HAL_Driver/Src/stm32l0xx_hal_gpio.c **** __weak void HAL_GPIO_EXTI_Callback(uint16_t GPIO_Pin)
ARM GAS  /var/folders/d7/pb3dkhys6j3db_qtp_8v34p80000gn/T//cc3FFJ2y.s 			page 28


 503:Drivers/STM32L0xx_HAL_Driver/Src/stm32l0xx_hal_gpio.c **** {
 932              		.loc 1 503 1 is_stmt 1 view -0
 933              		.cfi_startproc
 934              		@ args = 0, pretend = 0, frame = 0
 935              		@ frame_needed = 0, uses_anonymous_args = 0
 936              		@ link register save eliminated.
 504:Drivers/STM32L0xx_HAL_Driver/Src/stm32l0xx_hal_gpio.c ****   /* Prevent unused argument(s) compilation warning */
 505:Drivers/STM32L0xx_HAL_Driver/Src/stm32l0xx_hal_gpio.c ****   UNUSED(GPIO_Pin);
 937              		.loc 1 505 3 view .LVU313
 506:Drivers/STM32L0xx_HAL_Driver/Src/stm32l0xx_hal_gpio.c **** 
 507:Drivers/STM32L0xx_HAL_Driver/Src/stm32l0xx_hal_gpio.c ****   /* NOTE: This function Should not be modified, when the callback is needed,
 508:Drivers/STM32L0xx_HAL_Driver/Src/stm32l0xx_hal_gpio.c ****            the HAL_GPIO_EXTI_Callback could be implemented in the user file
 509:Drivers/STM32L0xx_HAL_Driver/Src/stm32l0xx_hal_gpio.c ****    */
 510:Drivers/STM32L0xx_HAL_Driver/Src/stm32l0xx_hal_gpio.c **** }
 938              		.loc 1 510 1 is_stmt 0 view .LVU314
 939              		@ sp needed
 940 0000 7047     		bx	lr
 941              		.cfi_endproc
 942              	.LFE54:
 944              		.section	.text.HAL_GPIO_EXTI_IRQHandler,"ax",%progbits
 945              		.align	1
 946              		.global	HAL_GPIO_EXTI_IRQHandler
 947              		.syntax unified
 948              		.code	16
 949              		.thumb_func
 951              	HAL_GPIO_EXTI_IRQHandler:
 952              	.LVL74:
 953              	.LFB53:
 488:Drivers/STM32L0xx_HAL_Driver/Src/stm32l0xx_hal_gpio.c ****   /* EXTI line interrupt detected */
 954              		.loc 1 488 1 is_stmt 1 view -0
 955              		.cfi_startproc
 956              		@ args = 0, pretend = 0, frame = 0
 957              		@ frame_needed = 0, uses_anonymous_args = 0
 488:Drivers/STM32L0xx_HAL_Driver/Src/stm32l0xx_hal_gpio.c ****   /* EXTI line interrupt detected */
 958              		.loc 1 488 1 is_stmt 0 view .LVU316
 959 0000 10B5     		push	{r4, lr}
 960              	.LCFI4:
 961              		.cfi_def_cfa_offset 8
 962              		.cfi_offset 4, -8
 963              		.cfi_offset 14, -4
 490:Drivers/STM32L0xx_HAL_Driver/Src/stm32l0xx_hal_gpio.c ****   {
 964              		.loc 1 490 3 is_stmt 1 view .LVU317
 490:Drivers/STM32L0xx_HAL_Driver/Src/stm32l0xx_hal_gpio.c ****   {
 965              		.loc 1 490 7 is_stmt 0 view .LVU318
 966 0002 054B     		ldr	r3, .L58
 967 0004 5B69     		ldr	r3, [r3, #20]
 490:Drivers/STM32L0xx_HAL_Driver/Src/stm32l0xx_hal_gpio.c ****   {
 968              		.loc 1 490 6 view .LVU319
 969 0006 1842     		tst	r0, r3
 970 0008 00D1     		bne	.L57
 971              	.LVL75:
 972              	.L55:
 495:Drivers/STM32L0xx_HAL_Driver/Src/stm32l0xx_hal_gpio.c **** 
 973              		.loc 1 495 1 view .LVU320
 974              		@ sp needed
 975 000a 10BD     		pop	{r4, pc}
 976              	.LVL76:
ARM GAS  /var/folders/d7/pb3dkhys6j3db_qtp_8v34p80000gn/T//cc3FFJ2y.s 			page 29


 977              	.L57:
 492:Drivers/STM32L0xx_HAL_Driver/Src/stm32l0xx_hal_gpio.c ****     HAL_GPIO_EXTI_Callback(GPIO_Pin);
 978              		.loc 1 492 5 is_stmt 1 view .LVU321
 979 000c 024B     		ldr	r3, .L58
 980 000e 5861     		str	r0, [r3, #20]
 493:Drivers/STM32L0xx_HAL_Driver/Src/stm32l0xx_hal_gpio.c ****   }
 981              		.loc 1 493 5 view .LVU322
 982 0010 FFF7FEFF 		bl	HAL_GPIO_EXTI_Callback
 983              	.LVL77:
 495:Drivers/STM32L0xx_HAL_Driver/Src/stm32l0xx_hal_gpio.c **** 
 984              		.loc 1 495 1 is_stmt 0 view .LVU323
 985 0014 F9E7     		b	.L55
 986              	.L59:
 987 0016 C046     		.align	2
 988              	.L58:
 989 0018 00040140 		.word	1073808384
 990              		.cfi_endproc
 991              	.LFE53:
 993              		.text
 994              	.Letext0:
 995              		.file 2 "/Applications/ArmGNUToolchain/14.3.rel1/arm-none-eabi/arm-none-eabi/include/machine/_defa
 996              		.file 3 "/Applications/ArmGNUToolchain/14.3.rel1/arm-none-eabi/arm-none-eabi/include/sys/_stdint.h
 997              		.file 4 "Drivers/CMSIS/Device/ST/STM32L0xx/Include/stm32l053xx.h"
 998              		.file 5 "Drivers/CMSIS/Device/ST/STM32L0xx/Include/stm32l0xx.h"
 999              		.file 6 "Drivers/STM32L0xx_HAL_Driver/Inc/stm32l0xx_hal_def.h"
 1000              		.file 7 "Drivers/STM32L0xx_HAL_Driver/Inc/stm32l0xx_hal_gpio.h"
ARM GAS  /var/folders/d7/pb3dkhys6j3db_qtp_8v34p80000gn/T//cc3FFJ2y.s 			page 30


DEFINED SYMBOLS
                            *ABS*:00000000 stm32l0xx_hal_gpio.c
/var/folders/d7/pb3dkhys6j3db_qtp_8v34p80000gn/T//cc3FFJ2y.s:19     .text.HAL_GPIO_Init:00000000 $t
/var/folders/d7/pb3dkhys6j3db_qtp_8v34p80000gn/T//cc3FFJ2y.s:25     .text.HAL_GPIO_Init:00000000 HAL_GPIO_Init
/var/folders/d7/pb3dkhys6j3db_qtp_8v34p80000gn/T//cc3FFJ2y.s:463    .text.HAL_GPIO_Init:00000170 $d
/var/folders/d7/pb3dkhys6j3db_qtp_8v34p80000gn/T//cc3FFJ2y.s:474    .text.HAL_GPIO_DeInit:00000000 $t
/var/folders/d7/pb3dkhys6j3db_qtp_8v34p80000gn/T//cc3FFJ2y.s:480    .text.HAL_GPIO_DeInit:00000000 HAL_GPIO_DeInit
/var/folders/d7/pb3dkhys6j3db_qtp_8v34p80000gn/T//cc3FFJ2y.s:725    .text.HAL_GPIO_DeInit:000000ec $d
/var/folders/d7/pb3dkhys6j3db_qtp_8v34p80000gn/T//cc3FFJ2y.s:735    .text.HAL_GPIO_ReadPin:00000000 $t
/var/folders/d7/pb3dkhys6j3db_qtp_8v34p80000gn/T//cc3FFJ2y.s:741    .text.HAL_GPIO_ReadPin:00000000 HAL_GPIO_ReadPin
/var/folders/d7/pb3dkhys6j3db_qtp_8v34p80000gn/T//cc3FFJ2y.s:776    .text.HAL_GPIO_WritePin:00000000 $t
/var/folders/d7/pb3dkhys6j3db_qtp_8v34p80000gn/T//cc3FFJ2y.s:782    .text.HAL_GPIO_WritePin:00000000 HAL_GPIO_WritePin
/var/folders/d7/pb3dkhys6j3db_qtp_8v34p80000gn/T//cc3FFJ2y.s:813    .text.HAL_GPIO_TogglePin:00000000 $t
/var/folders/d7/pb3dkhys6j3db_qtp_8v34p80000gn/T//cc3FFJ2y.s:819    .text.HAL_GPIO_TogglePin:00000000 HAL_GPIO_TogglePin
/var/folders/d7/pb3dkhys6j3db_qtp_8v34p80000gn/T//cc3FFJ2y.s:853    .text.HAL_GPIO_LockPin:00000000 $t
/var/folders/d7/pb3dkhys6j3db_qtp_8v34p80000gn/T//cc3FFJ2y.s:859    .text.HAL_GPIO_LockPin:00000000 HAL_GPIO_LockPin
/var/folders/d7/pb3dkhys6j3db_qtp_8v34p80000gn/T//cc3FFJ2y.s:923    .text.HAL_GPIO_EXTI_Callback:00000000 $t
/var/folders/d7/pb3dkhys6j3db_qtp_8v34p80000gn/T//cc3FFJ2y.s:929    .text.HAL_GPIO_EXTI_Callback:00000000 HAL_GPIO_EXTI_Callback
/var/folders/d7/pb3dkhys6j3db_qtp_8v34p80000gn/T//cc3FFJ2y.s:945    .text.HAL_GPIO_EXTI_IRQHandler:00000000 $t
/var/folders/d7/pb3dkhys6j3db_qtp_8v34p80000gn/T//cc3FFJ2y.s:951    .text.HAL_GPIO_EXTI_IRQHandler:00000000 HAL_GPIO_EXTI_IRQHandler
/var/folders/d7/pb3dkhys6j3db_qtp_8v34p80000gn/T//cc3FFJ2y.s:989    .text.HAL_GPIO_EXTI_IRQHandler:00000018 $d

NO UNDEFINED SYMBOLS
