ARM GAS  /var/folders/d7/pb3dkhys6j3db_qtp_8v34p80000gn/T//ccnF7AbK.s 			page 1


   1              		.cpu cortex-m0plus
   2              		.arch armv6s-m
   3              		.fpu softvfp
   4              		.eabi_attribute 20, 1
   5              		.eabi_attribute 21, 1
   6              		.eabi_attribute 23, 3
   7              		.eabi_attribute 24, 1
   8              		.eabi_attribute 25, 1
   9              		.eabi_attribute 26, 1
  10              		.eabi_attribute 30, 1
  11              		.eabi_attribute 34, 0
  12              		.eabi_attribute 18, 4
  13              		.file	"stm32l0xx_hal_rcc.c"
  14              		.text
  15              	.Ltext0:
  16              		.cfi_sections	.debug_frame
  17              		.file 1 "Drivers/STM32L0xx_HAL_Driver/Src/stm32l0xx_hal_rcc.c"
  18              		.section	.text.HAL_RCC_DeInit,"ax",%progbits
  19              		.align	1
  20              		.global	HAL_RCC_DeInit
  21              		.syntax unified
  22              		.code	16
  23              		.thumb_func
  25              	HAL_RCC_DeInit:
  26              	.LFB47:
   1:Drivers/STM32L0xx_HAL_Driver/Src/stm32l0xx_hal_rcc.c **** /**
   2:Drivers/STM32L0xx_HAL_Driver/Src/stm32l0xx_hal_rcc.c ****   ******************************************************************************
   3:Drivers/STM32L0xx_HAL_Driver/Src/stm32l0xx_hal_rcc.c ****   * @file    stm32l0xx_hal_rcc.c
   4:Drivers/STM32L0xx_HAL_Driver/Src/stm32l0xx_hal_rcc.c ****   * @author  MCD Application Team
   5:Drivers/STM32L0xx_HAL_Driver/Src/stm32l0xx_hal_rcc.c ****   * @brief   RCC HAL module driver.
   6:Drivers/STM32L0xx_HAL_Driver/Src/stm32l0xx_hal_rcc.c ****   *          This file provides firmware functions to manage the following
   7:Drivers/STM32L0xx_HAL_Driver/Src/stm32l0xx_hal_rcc.c ****   *          functionalities of the Reset and Clock Control (RCC) peripheral:
   8:Drivers/STM32L0xx_HAL_Driver/Src/stm32l0xx_hal_rcc.c ****   *           + Initialization and de-initialization functions
   9:Drivers/STM32L0xx_HAL_Driver/Src/stm32l0xx_hal_rcc.c ****   *           + Peripheral Control functions
  10:Drivers/STM32L0xx_HAL_Driver/Src/stm32l0xx_hal_rcc.c ****   *
  11:Drivers/STM32L0xx_HAL_Driver/Src/stm32l0xx_hal_rcc.c ****   @verbatim
  12:Drivers/STM32L0xx_HAL_Driver/Src/stm32l0xx_hal_rcc.c ****   ==============================================================================
  13:Drivers/STM32L0xx_HAL_Driver/Src/stm32l0xx_hal_rcc.c ****                       ##### RCC specific features #####
  14:Drivers/STM32L0xx_HAL_Driver/Src/stm32l0xx_hal_rcc.c ****   ==============================================================================
  15:Drivers/STM32L0xx_HAL_Driver/Src/stm32l0xx_hal_rcc.c ****     [..]
  16:Drivers/STM32L0xx_HAL_Driver/Src/stm32l0xx_hal_rcc.c ****       After reset the device is running from multispeed internal oscillator clock
  17:Drivers/STM32L0xx_HAL_Driver/Src/stm32l0xx_hal_rcc.c ****       (MSI 2.097MHz) with Flash 0 wait state and Flash prefetch buffer is disabled,
  18:Drivers/STM32L0xx_HAL_Driver/Src/stm32l0xx_hal_rcc.c ****       and all peripherals are off except internal SRAM, Flash and JTAG.
  19:Drivers/STM32L0xx_HAL_Driver/Src/stm32l0xx_hal_rcc.c ****       (+) There is no prescaler on High speed (AHB) and Low speed (APB) buses;
  20:Drivers/STM32L0xx_HAL_Driver/Src/stm32l0xx_hal_rcc.c ****           all peripherals mapped on these buses are running at MSI speed.
  21:Drivers/STM32L0xx_HAL_Driver/Src/stm32l0xx_hal_rcc.c ****       (+) The clock for all peripherals is switched off, except the SRAM and FLASH.
  22:Drivers/STM32L0xx_HAL_Driver/Src/stm32l0xx_hal_rcc.c ****       (+) All GPIOs are in input floating state, except the JTAG pins which
  23:Drivers/STM32L0xx_HAL_Driver/Src/stm32l0xx_hal_rcc.c ****           are assigned to be used for debug purpose.
  24:Drivers/STM32L0xx_HAL_Driver/Src/stm32l0xx_hal_rcc.c ****     [..] Once the device started from reset, the user application has to:
  25:Drivers/STM32L0xx_HAL_Driver/Src/stm32l0xx_hal_rcc.c ****       (+) Configure the clock source to be used to drive the System clock
  26:Drivers/STM32L0xx_HAL_Driver/Src/stm32l0xx_hal_rcc.c ****           (if the application needs higher frequency/performance)
  27:Drivers/STM32L0xx_HAL_Driver/Src/stm32l0xx_hal_rcc.c ****       (+) Configure the System clock frequency and Flash settings
  28:Drivers/STM32L0xx_HAL_Driver/Src/stm32l0xx_hal_rcc.c ****       (+) Configure the AHB and APB buses prescalers
  29:Drivers/STM32L0xx_HAL_Driver/Src/stm32l0xx_hal_rcc.c ****       (+) Enable the clock for the peripheral(s) to be used
  30:Drivers/STM32L0xx_HAL_Driver/Src/stm32l0xx_hal_rcc.c ****       (+) Configure the clock source(s) for peripherals whose clocks are not
  31:Drivers/STM32L0xx_HAL_Driver/Src/stm32l0xx_hal_rcc.c ****           derived from the System clock (I2S, RTC, ADC, USB OTG FS/SDIO/RNG)
  32:Drivers/STM32L0xx_HAL_Driver/Src/stm32l0xx_hal_rcc.c ****           (*) SDIO only for STM32L0xxxD devices
ARM GAS  /var/folders/d7/pb3dkhys6j3db_qtp_8v34p80000gn/T//ccnF7AbK.s 			page 2


  33:Drivers/STM32L0xx_HAL_Driver/Src/stm32l0xx_hal_rcc.c **** 
  34:Drivers/STM32L0xx_HAL_Driver/Src/stm32l0xx_hal_rcc.c ****                       ##### RCC Limitations #####
  35:Drivers/STM32L0xx_HAL_Driver/Src/stm32l0xx_hal_rcc.c ****   ==============================================================================
  36:Drivers/STM32L0xx_HAL_Driver/Src/stm32l0xx_hal_rcc.c ****     [..]
  37:Drivers/STM32L0xx_HAL_Driver/Src/stm32l0xx_hal_rcc.c ****       A delay between an RCC peripheral clock enable and the effective peripheral
  38:Drivers/STM32L0xx_HAL_Driver/Src/stm32l0xx_hal_rcc.c ****       enabling should be taken into account in order to manage the peripheral read/write
  39:Drivers/STM32L0xx_HAL_Driver/Src/stm32l0xx_hal_rcc.c ****       from/to registers.
  40:Drivers/STM32L0xx_HAL_Driver/Src/stm32l0xx_hal_rcc.c ****       (+) This delay depends on the peripheral mapping.
  41:Drivers/STM32L0xx_HAL_Driver/Src/stm32l0xx_hal_rcc.c ****         (++) AHB & APB peripherals, 1 dummy read is necessary
  42:Drivers/STM32L0xx_HAL_Driver/Src/stm32l0xx_hal_rcc.c **** 
  43:Drivers/STM32L0xx_HAL_Driver/Src/stm32l0xx_hal_rcc.c ****     [..]
  44:Drivers/STM32L0xx_HAL_Driver/Src/stm32l0xx_hal_rcc.c ****       Workarounds:
  45:Drivers/STM32L0xx_HAL_Driver/Src/stm32l0xx_hal_rcc.c ****       (#) For AHB & APB peripherals, a dummy read to the peripheral register has been
  46:Drivers/STM32L0xx_HAL_Driver/Src/stm32l0xx_hal_rcc.c ****           inserted in each __HAL_RCC_PPP_CLK_ENABLE() macro.
  47:Drivers/STM32L0xx_HAL_Driver/Src/stm32l0xx_hal_rcc.c **** 
  48:Drivers/STM32L0xx_HAL_Driver/Src/stm32l0xx_hal_rcc.c ****   @endverbatim
  49:Drivers/STM32L0xx_HAL_Driver/Src/stm32l0xx_hal_rcc.c ****   ******************************************************************************
  50:Drivers/STM32L0xx_HAL_Driver/Src/stm32l0xx_hal_rcc.c ****   * @attention
  51:Drivers/STM32L0xx_HAL_Driver/Src/stm32l0xx_hal_rcc.c ****   *
  52:Drivers/STM32L0xx_HAL_Driver/Src/stm32l0xx_hal_rcc.c ****   * Copyright (c) 2016 STMicroelectronics.
  53:Drivers/STM32L0xx_HAL_Driver/Src/stm32l0xx_hal_rcc.c ****   * All rights reserved.
  54:Drivers/STM32L0xx_HAL_Driver/Src/stm32l0xx_hal_rcc.c ****   *
  55:Drivers/STM32L0xx_HAL_Driver/Src/stm32l0xx_hal_rcc.c ****   * This software is licensed under terms that can be found in the LICENSE file in
  56:Drivers/STM32L0xx_HAL_Driver/Src/stm32l0xx_hal_rcc.c ****   * the root directory of this software component.
  57:Drivers/STM32L0xx_HAL_Driver/Src/stm32l0xx_hal_rcc.c ****   * If no LICENSE file comes with this software, it is provided AS-IS.
  58:Drivers/STM32L0xx_HAL_Driver/Src/stm32l0xx_hal_rcc.c ****   ******************************************************************************
  59:Drivers/STM32L0xx_HAL_Driver/Src/stm32l0xx_hal_rcc.c **** */
  60:Drivers/STM32L0xx_HAL_Driver/Src/stm32l0xx_hal_rcc.c **** 
  61:Drivers/STM32L0xx_HAL_Driver/Src/stm32l0xx_hal_rcc.c **** /* Includes ------------------------------------------------------------------*/
  62:Drivers/STM32L0xx_HAL_Driver/Src/stm32l0xx_hal_rcc.c **** #include "stm32l0xx_hal.h"
  63:Drivers/STM32L0xx_HAL_Driver/Src/stm32l0xx_hal_rcc.c **** 
  64:Drivers/STM32L0xx_HAL_Driver/Src/stm32l0xx_hal_rcc.c **** /** @addtogroup STM32L0xx_HAL_Driver
  65:Drivers/STM32L0xx_HAL_Driver/Src/stm32l0xx_hal_rcc.c ****   * @{
  66:Drivers/STM32L0xx_HAL_Driver/Src/stm32l0xx_hal_rcc.c ****   */
  67:Drivers/STM32L0xx_HAL_Driver/Src/stm32l0xx_hal_rcc.c **** 
  68:Drivers/STM32L0xx_HAL_Driver/Src/stm32l0xx_hal_rcc.c **** /** @defgroup RCC RCC
  69:Drivers/STM32L0xx_HAL_Driver/Src/stm32l0xx_hal_rcc.c **** * @brief RCC HAL module driver
  70:Drivers/STM32L0xx_HAL_Driver/Src/stm32l0xx_hal_rcc.c ****   * @{
  71:Drivers/STM32L0xx_HAL_Driver/Src/stm32l0xx_hal_rcc.c ****   */
  72:Drivers/STM32L0xx_HAL_Driver/Src/stm32l0xx_hal_rcc.c **** 
  73:Drivers/STM32L0xx_HAL_Driver/Src/stm32l0xx_hal_rcc.c **** #ifdef HAL_RCC_MODULE_ENABLED
  74:Drivers/STM32L0xx_HAL_Driver/Src/stm32l0xx_hal_rcc.c **** 
  75:Drivers/STM32L0xx_HAL_Driver/Src/stm32l0xx_hal_rcc.c **** /* Private typedef -----------------------------------------------------------*/
  76:Drivers/STM32L0xx_HAL_Driver/Src/stm32l0xx_hal_rcc.c **** /* Private define ------------------------------------------------------------*/
  77:Drivers/STM32L0xx_HAL_Driver/Src/stm32l0xx_hal_rcc.c **** /* Private macro -------------------------------------------------------------*/
  78:Drivers/STM32L0xx_HAL_Driver/Src/stm32l0xx_hal_rcc.c **** /** @defgroup RCC_Private_Macros RCC Private Macros
  79:Drivers/STM32L0xx_HAL_Driver/Src/stm32l0xx_hal_rcc.c ****   * @{
  80:Drivers/STM32L0xx_HAL_Driver/Src/stm32l0xx_hal_rcc.c ****   */
  81:Drivers/STM32L0xx_HAL_Driver/Src/stm32l0xx_hal_rcc.c **** 
  82:Drivers/STM32L0xx_HAL_Driver/Src/stm32l0xx_hal_rcc.c **** #define MCO1_CLK_ENABLE()     __HAL_RCC_GPIOA_CLK_ENABLE()
  83:Drivers/STM32L0xx_HAL_Driver/Src/stm32l0xx_hal_rcc.c **** #define MCO1_GPIO_PORT        GPIOA
  84:Drivers/STM32L0xx_HAL_Driver/Src/stm32l0xx_hal_rcc.c **** #define MCO1_PIN              GPIO_PIN_8
  85:Drivers/STM32L0xx_HAL_Driver/Src/stm32l0xx_hal_rcc.c **** 
  86:Drivers/STM32L0xx_HAL_Driver/Src/stm32l0xx_hal_rcc.c **** #define MCO2_CLK_ENABLE()     __HAL_RCC_GPIOA_CLK_ENABLE()
  87:Drivers/STM32L0xx_HAL_Driver/Src/stm32l0xx_hal_rcc.c **** #define MCO2_GPIO_PORT        GPIOA
  88:Drivers/STM32L0xx_HAL_Driver/Src/stm32l0xx_hal_rcc.c **** #define MCO2_PIN              GPIO_PIN_9
  89:Drivers/STM32L0xx_HAL_Driver/Src/stm32l0xx_hal_rcc.c **** 
ARM GAS  /var/folders/d7/pb3dkhys6j3db_qtp_8v34p80000gn/T//ccnF7AbK.s 			page 3


  90:Drivers/STM32L0xx_HAL_Driver/Src/stm32l0xx_hal_rcc.c **** #if defined(RCC_MCO3_SUPPORT)
  91:Drivers/STM32L0xx_HAL_Driver/Src/stm32l0xx_hal_rcc.c **** #define MCO3_CLK_ENABLE()     __HAL_RCC_GPIOB_CLK_ENABLE()
  92:Drivers/STM32L0xx_HAL_Driver/Src/stm32l0xx_hal_rcc.c **** #define MCO3_GPIO_PORT        GPIOB
  93:Drivers/STM32L0xx_HAL_Driver/Src/stm32l0xx_hal_rcc.c **** #define MCO3_PIN              GPIO_PIN_13
  94:Drivers/STM32L0xx_HAL_Driver/Src/stm32l0xx_hal_rcc.c **** #endif /* RCC_MCO3_SUPPORT */
  95:Drivers/STM32L0xx_HAL_Driver/Src/stm32l0xx_hal_rcc.c **** 
  96:Drivers/STM32L0xx_HAL_Driver/Src/stm32l0xx_hal_rcc.c **** /**
  97:Drivers/STM32L0xx_HAL_Driver/Src/stm32l0xx_hal_rcc.c ****   * @}
  98:Drivers/STM32L0xx_HAL_Driver/Src/stm32l0xx_hal_rcc.c ****   */
  99:Drivers/STM32L0xx_HAL_Driver/Src/stm32l0xx_hal_rcc.c **** 
 100:Drivers/STM32L0xx_HAL_Driver/Src/stm32l0xx_hal_rcc.c **** /* Private variables ---------------------------------------------------------*/
 101:Drivers/STM32L0xx_HAL_Driver/Src/stm32l0xx_hal_rcc.c **** /* Private function prototypes -----------------------------------------------*/
 102:Drivers/STM32L0xx_HAL_Driver/Src/stm32l0xx_hal_rcc.c **** /* Exported functions ---------------------------------------------------------*/
 103:Drivers/STM32L0xx_HAL_Driver/Src/stm32l0xx_hal_rcc.c **** 
 104:Drivers/STM32L0xx_HAL_Driver/Src/stm32l0xx_hal_rcc.c **** /** @defgroup RCC_Exported_Functions RCC Exported Functions
 105:Drivers/STM32L0xx_HAL_Driver/Src/stm32l0xx_hal_rcc.c ****   * @{
 106:Drivers/STM32L0xx_HAL_Driver/Src/stm32l0xx_hal_rcc.c ****   */
 107:Drivers/STM32L0xx_HAL_Driver/Src/stm32l0xx_hal_rcc.c **** 
 108:Drivers/STM32L0xx_HAL_Driver/Src/stm32l0xx_hal_rcc.c **** /** @defgroup RCC_Exported_Functions_Group1 Initialization and de-initialization functions
 109:Drivers/STM32L0xx_HAL_Driver/Src/stm32l0xx_hal_rcc.c ****   *  @brief    Initialization and Configuration functions
 110:Drivers/STM32L0xx_HAL_Driver/Src/stm32l0xx_hal_rcc.c ****   *
 111:Drivers/STM32L0xx_HAL_Driver/Src/stm32l0xx_hal_rcc.c ****   @verbatim
 112:Drivers/STM32L0xx_HAL_Driver/Src/stm32l0xx_hal_rcc.c ****   ===============================================================================
 113:Drivers/STM32L0xx_HAL_Driver/Src/stm32l0xx_hal_rcc.c ****            ##### Initialization and de-initialization functions #####
 114:Drivers/STM32L0xx_HAL_Driver/Src/stm32l0xx_hal_rcc.c ****   ===============================================================================
 115:Drivers/STM32L0xx_HAL_Driver/Src/stm32l0xx_hal_rcc.c ****     [..]
 116:Drivers/STM32L0xx_HAL_Driver/Src/stm32l0xx_hal_rcc.c ****       This section provides functions allowing to configure the internal/external oscillators
 117:Drivers/STM32L0xx_HAL_Driver/Src/stm32l0xx_hal_rcc.c ****       (MSI, HSE, HSI, LSE, LSI, PLL, CSS and MCO) and the System buses clocks (SYSCLK, AHB, APB1
 118:Drivers/STM32L0xx_HAL_Driver/Src/stm32l0xx_hal_rcc.c ****       and APB2).
 119:Drivers/STM32L0xx_HAL_Driver/Src/stm32l0xx_hal_rcc.c **** 
 120:Drivers/STM32L0xx_HAL_Driver/Src/stm32l0xx_hal_rcc.c ****     [..] Internal/external clock and PLL configuration
 121:Drivers/STM32L0xx_HAL_Driver/Src/stm32l0xx_hal_rcc.c ****       (#) MSI (Multispeed internal), Seven frequency ranges are available: 65.536 kHz,
 122:Drivers/STM32L0xx_HAL_Driver/Src/stm32l0xx_hal_rcc.c ****           131.072 kHz, 262.144 kHz, 524.288 kHz, 1.048 MHz, 2.097 MHz (default value) and 4.194 MHz
 123:Drivers/STM32L0xx_HAL_Driver/Src/stm32l0xx_hal_rcc.c **** 
 124:Drivers/STM32L0xx_HAL_Driver/Src/stm32l0xx_hal_rcc.c ****       (#) HSI (high-speed internal), 16 MHz factory-trimmed RC used directly or through
 125:Drivers/STM32L0xx_HAL_Driver/Src/stm32l0xx_hal_rcc.c ****           the PLL as System clock source.
 126:Drivers/STM32L0xx_HAL_Driver/Src/stm32l0xx_hal_rcc.c ****       (#) LSI (low-speed internal), ~37 KHz low consumption RC used as IWDG and/or RTC
 127:Drivers/STM32L0xx_HAL_Driver/Src/stm32l0xx_hal_rcc.c ****           clock source.
 128:Drivers/STM32L0xx_HAL_Driver/Src/stm32l0xx_hal_rcc.c **** 
 129:Drivers/STM32L0xx_HAL_Driver/Src/stm32l0xx_hal_rcc.c ****       (#) HSE (high-speed external), 1 to 24 MHz crystal oscillator used directly or
 130:Drivers/STM32L0xx_HAL_Driver/Src/stm32l0xx_hal_rcc.c ****           through the PLL as System clock source. Can be used also as RTC clock source.
 131:Drivers/STM32L0xx_HAL_Driver/Src/stm32l0xx_hal_rcc.c **** 
 132:Drivers/STM32L0xx_HAL_Driver/Src/stm32l0xx_hal_rcc.c ****       (#) LSE (low-speed external), 32 KHz oscillator used as RTC clock source.
 133:Drivers/STM32L0xx_HAL_Driver/Src/stm32l0xx_hal_rcc.c **** 
 134:Drivers/STM32L0xx_HAL_Driver/Src/stm32l0xx_hal_rcc.c ****       (#) PLL (clocked by HSI or HSE), featuring different output clocks:
 135:Drivers/STM32L0xx_HAL_Driver/Src/stm32l0xx_hal_rcc.c ****         (++) The first output is used to generate the high speed system clock (up to 32 MHz)
 136:Drivers/STM32L0xx_HAL_Driver/Src/stm32l0xx_hal_rcc.c ****         (++) The second output is used to generate the clock for the USB OTG FS (48 MHz)
 137:Drivers/STM32L0xx_HAL_Driver/Src/stm32l0xx_hal_rcc.c **** 
 138:Drivers/STM32L0xx_HAL_Driver/Src/stm32l0xx_hal_rcc.c ****       (#) CSS (Clock security system), once enable using the macro __HAL_RCC_CSS_ENABLE()
 139:Drivers/STM32L0xx_HAL_Driver/Src/stm32l0xx_hal_rcc.c ****           and if a HSE clock failure occurs(HSE used directly or through PLL as System
 140:Drivers/STM32L0xx_HAL_Driver/Src/stm32l0xx_hal_rcc.c ****           clock source), the System clocks automatically switched to MSI and an interrupt
 141:Drivers/STM32L0xx_HAL_Driver/Src/stm32l0xx_hal_rcc.c ****           is generated if enabled. The interrupt is linked to the Cortex-M0+ NMI
 142:Drivers/STM32L0xx_HAL_Driver/Src/stm32l0xx_hal_rcc.c ****           (Non-Maskable Interrupt) exception vector.
 143:Drivers/STM32L0xx_HAL_Driver/Src/stm32l0xx_hal_rcc.c **** 
 144:Drivers/STM32L0xx_HAL_Driver/Src/stm32l0xx_hal_rcc.c ****       (#) MCO1/MCO2/MCO3 (microcontroller clock output), used to output SYSCLK, HSI, LSI, MSI, LSE,
 145:Drivers/STM32L0xx_HAL_Driver/Src/stm32l0xx_hal_rcc.c ****           HSE, HSI48 or PLL clock (through a configurable prescaler) on PA8/PA9/PB13 pins.
 146:Drivers/STM32L0xx_HAL_Driver/Src/stm32l0xx_hal_rcc.c **** 
ARM GAS  /var/folders/d7/pb3dkhys6j3db_qtp_8v34p80000gn/T//ccnF7AbK.s 			page 4


 147:Drivers/STM32L0xx_HAL_Driver/Src/stm32l0xx_hal_rcc.c ****     [..] System, AHB and APB buses clocks configuration
 148:Drivers/STM32L0xx_HAL_Driver/Src/stm32l0xx_hal_rcc.c ****       (#) Several clock sources can be used to drive the System clock (SYSCLK): MSI, HSI,
 149:Drivers/STM32L0xx_HAL_Driver/Src/stm32l0xx_hal_rcc.c ****           HSE and PLL.
 150:Drivers/STM32L0xx_HAL_Driver/Src/stm32l0xx_hal_rcc.c ****           The AHB clock (HCLK) is derived from System clock through configurable
 151:Drivers/STM32L0xx_HAL_Driver/Src/stm32l0xx_hal_rcc.c ****           prescaler and used to clock the CPU, memory and peripherals mapped
 152:Drivers/STM32L0xx_HAL_Driver/Src/stm32l0xx_hal_rcc.c ****           on AHB bus (DMA, GPIO...). APB1 (PCLK1) and APB2 (PCLK2) clocks are derived
 153:Drivers/STM32L0xx_HAL_Driver/Src/stm32l0xx_hal_rcc.c ****           from AHB clock through configurable prescalers and used to clock
 154:Drivers/STM32L0xx_HAL_Driver/Src/stm32l0xx_hal_rcc.c ****           the peripherals mapped on these buses. You can use
 155:Drivers/STM32L0xx_HAL_Driver/Src/stm32l0xx_hal_rcc.c ****           "HAL_RCC_GetSysClockFreq()" function to retrieve the frequencies of these clocks.
 156:Drivers/STM32L0xx_HAL_Driver/Src/stm32l0xx_hal_rcc.c **** 
 157:Drivers/STM32L0xx_HAL_Driver/Src/stm32l0xx_hal_rcc.c ****       -@- All the peripheral clocks are derived from the System clock (SYSCLK) except:
 158:Drivers/STM32L0xx_HAL_Driver/Src/stm32l0xx_hal_rcc.c ****           (+@) RTC: RTC clock can be derived either from the LSI, LSE or HSE clock
 159:Drivers/STM32L0xx_HAL_Driver/Src/stm32l0xx_hal_rcc.c ****               divided by 2 to 16. You have to use __HAL_RCC_RTC_CONFIG() and __HAL_RCC_RTC_ENABLE()
 160:Drivers/STM32L0xx_HAL_Driver/Src/stm32l0xx_hal_rcc.c ****               macros to configure this clock.
 161:Drivers/STM32L0xx_HAL_Driver/Src/stm32l0xx_hal_rcc.c ****           (+@) LCD: LCD clock can be derived either from the LSI, LSE or HSE clock
 162:Drivers/STM32L0xx_HAL_Driver/Src/stm32l0xx_hal_rcc.c ****               divided by 2 to 16. You have to use __HAL_RCC_LCD_CONFIG()
 163:Drivers/STM32L0xx_HAL_Driver/Src/stm32l0xx_hal_rcc.c ****               macros to configure this clock.
 164:Drivers/STM32L0xx_HAL_Driver/Src/stm32l0xx_hal_rcc.c ****           (+@) USB FS and RNG: USB FS require a frequency equal to 48 MHz to work correctly.
 165:Drivers/STM32L0xx_HAL_Driver/Src/stm32l0xx_hal_rcc.c ****                This clock is derived of the main PLL through PLL Multiplier or HSI48 RC oscillator.
 166:Drivers/STM32L0xx_HAL_Driver/Src/stm32l0xx_hal_rcc.c **** 
 167:Drivers/STM32L0xx_HAL_Driver/Src/stm32l0xx_hal_rcc.c ****           (+@) IWDG clock which is always the LSI clock.
 168:Drivers/STM32L0xx_HAL_Driver/Src/stm32l0xx_hal_rcc.c **** 
 169:Drivers/STM32L0xx_HAL_Driver/Src/stm32l0xx_hal_rcc.c ****       (#) The maximum frequency of the SYSCLK and HCLK is 32 MHz, PCLK2 32 MHz
 170:Drivers/STM32L0xx_HAL_Driver/Src/stm32l0xx_hal_rcc.c ****           and PCLK1 32 MHz. Depending on the device voltage range, the maximum
 171:Drivers/STM32L0xx_HAL_Driver/Src/stm32l0xx_hal_rcc.c ****           frequency should be adapted accordingly.
 172:Drivers/STM32L0xx_HAL_Driver/Src/stm32l0xx_hal_rcc.c ****   @endverbatim
 173:Drivers/STM32L0xx_HAL_Driver/Src/stm32l0xx_hal_rcc.c ****   * @{
 174:Drivers/STM32L0xx_HAL_Driver/Src/stm32l0xx_hal_rcc.c ****   */
 175:Drivers/STM32L0xx_HAL_Driver/Src/stm32l0xx_hal_rcc.c **** 
 176:Drivers/STM32L0xx_HAL_Driver/Src/stm32l0xx_hal_rcc.c **** /*
 177:Drivers/STM32L0xx_HAL_Driver/Src/stm32l0xx_hal_rcc.c ****   Additional consideration on the HCLK based on Latency settings:
 178:Drivers/STM32L0xx_HAL_Driver/Src/stm32l0xx_hal_rcc.c ****   +----------------------------------------------------------------------+
 179:Drivers/STM32L0xx_HAL_Driver/Src/stm32l0xx_hal_rcc.c ****   | Latency       |                HCLK clock frequency (MHz)            |
 180:Drivers/STM32L0xx_HAL_Driver/Src/stm32l0xx_hal_rcc.c ****   |               |------------------------------------------------------|
 181:Drivers/STM32L0xx_HAL_Driver/Src/stm32l0xx_hal_rcc.c ****   |               | voltage range 1  | voltage range 2 | voltage range 3 |
 182:Drivers/STM32L0xx_HAL_Driver/Src/stm32l0xx_hal_rcc.c ****   |               |      1.8 V       |     1.5 V       |      1.2 V      |
 183:Drivers/STM32L0xx_HAL_Driver/Src/stm32l0xx_hal_rcc.c ****   |---------------|------------------|-----------------|-----------------|
 184:Drivers/STM32L0xx_HAL_Driver/Src/stm32l0xx_hal_rcc.c ****   |0WS(1CPU cycle)| 0 < HCLK <= 16   | 0 < HCLK <= 8   | 0 < HCLK <= 4.2 |
 185:Drivers/STM32L0xx_HAL_Driver/Src/stm32l0xx_hal_rcc.c ****   |---------------|------------------|-----------------|-----------------|
 186:Drivers/STM32L0xx_HAL_Driver/Src/stm32l0xx_hal_rcc.c ****   |1WS(2CPU cycle)| 16 < HCLK <= 32  | 8 < HCLK <= 16  |                 |
 187:Drivers/STM32L0xx_HAL_Driver/Src/stm32l0xx_hal_rcc.c ****   +----------------------------------------------------------------------+
 188:Drivers/STM32L0xx_HAL_Driver/Src/stm32l0xx_hal_rcc.c **** 
 189:Drivers/STM32L0xx_HAL_Driver/Src/stm32l0xx_hal_rcc.c ****   The following table gives the different clock source frequencies depending on the product
 190:Drivers/STM32L0xx_HAL_Driver/Src/stm32l0xx_hal_rcc.c ****   voltage range:
 191:Drivers/STM32L0xx_HAL_Driver/Src/stm32l0xx_hal_rcc.c ****   +------------------------------------------------------------------------------------------+
 192:Drivers/STM32L0xx_HAL_Driver/Src/stm32l0xx_hal_rcc.c ****   | Product voltage |                    Clock frequency                                     |
 193:Drivers/STM32L0xx_HAL_Driver/Src/stm32l0xx_hal_rcc.c ****   |                 |------------------|-----------------------------|-----------------------|
 194:Drivers/STM32L0xx_HAL_Driver/Src/stm32l0xx_hal_rcc.c ****   |      range      |   MSI   |   HSI  |              HSE            |          PLL          |
 195:Drivers/STM32L0xx_HAL_Driver/Src/stm32l0xx_hal_rcc.c ****   |-----------------|---------|--------|-----------------------------|-----------------------|
 196:Drivers/STM32L0xx_HAL_Driver/Src/stm32l0xx_hal_rcc.c ****   | Range 1 (1.8 V) | 4.2 MHz | 16 MHz | HSE 32 MHz (external clock) |         32 MHz        |
 197:Drivers/STM32L0xx_HAL_Driver/Src/stm32l0xx_hal_rcc.c ****   |                 |         |        |      or 24 MHz (crystal)    | (PLLVCO max = 96 MHz) |
 198:Drivers/STM32L0xx_HAL_Driver/Src/stm32l0xx_hal_rcc.c ****   |-----------------|---------|--------|-----------------------------|-----------------------|
 199:Drivers/STM32L0xx_HAL_Driver/Src/stm32l0xx_hal_rcc.c ****   | Range 2 (1.5 V) | 4.2 MHz | 16 MHz |         16 MHz              |         16 MHz        |
 200:Drivers/STM32L0xx_HAL_Driver/Src/stm32l0xx_hal_rcc.c ****   |                 |         |        |                             | (PLLVCO max = 48 MHz) |
 201:Drivers/STM32L0xx_HAL_Driver/Src/stm32l0xx_hal_rcc.c ****   |-----------------|---------|--------|-----------------------------|-----------------------|
 202:Drivers/STM32L0xx_HAL_Driver/Src/stm32l0xx_hal_rcc.c ****   | Range 3 (1.2 V) | 4.2 MHz |   NA   |         8 MHz               |           4 MHz       |
 203:Drivers/STM32L0xx_HAL_Driver/Src/stm32l0xx_hal_rcc.c ****   |                 |         |        |                             | (PLLVCO max = 24 MHz) |
ARM GAS  /var/folders/d7/pb3dkhys6j3db_qtp_8v34p80000gn/T//ccnF7AbK.s 			page 5


 204:Drivers/STM32L0xx_HAL_Driver/Src/stm32l0xx_hal_rcc.c ****   +------------------------------------------------------------------------------------------+
 205:Drivers/STM32L0xx_HAL_Driver/Src/stm32l0xx_hal_rcc.c ****   */
 206:Drivers/STM32L0xx_HAL_Driver/Src/stm32l0xx_hal_rcc.c **** 
 207:Drivers/STM32L0xx_HAL_Driver/Src/stm32l0xx_hal_rcc.c **** /**
 208:Drivers/STM32L0xx_HAL_Driver/Src/stm32l0xx_hal_rcc.c ****   * @brief  Resets the RCC clock configuration to the default reset state.
 209:Drivers/STM32L0xx_HAL_Driver/Src/stm32l0xx_hal_rcc.c ****   * @note   The default reset state of the clock configuration is given below:
 210:Drivers/STM32L0xx_HAL_Driver/Src/stm32l0xx_hal_rcc.c ****   *            - MSI ON and used as system clock source
 211:Drivers/STM32L0xx_HAL_Driver/Src/stm32l0xx_hal_rcc.c ****   *            - HSI, HSE and PLL  OFF
 212:Drivers/STM32L0xx_HAL_Driver/Src/stm32l0xx_hal_rcc.c ****   *            - AHB, APB1 and APB2 prescaler set to 1.
 213:Drivers/STM32L0xx_HAL_Driver/Src/stm32l0xx_hal_rcc.c ****   *            - CSS and MCO1/MCO2/MCO3 OFF
 214:Drivers/STM32L0xx_HAL_Driver/Src/stm32l0xx_hal_rcc.c ****   *            - All interrupts disabled
 215:Drivers/STM32L0xx_HAL_Driver/Src/stm32l0xx_hal_rcc.c ****   * @note   This function does not modify the configuration of the
 216:Drivers/STM32L0xx_HAL_Driver/Src/stm32l0xx_hal_rcc.c ****   *            - Peripheral clocks
 217:Drivers/STM32L0xx_HAL_Driver/Src/stm32l0xx_hal_rcc.c ****   *            - LSI, LSE and RTC clocks
 218:Drivers/STM32L0xx_HAL_Driver/Src/stm32l0xx_hal_rcc.c ****   *            - HSI48 clock
 219:Drivers/STM32L0xx_HAL_Driver/Src/stm32l0xx_hal_rcc.c ****   * @retval None
 220:Drivers/STM32L0xx_HAL_Driver/Src/stm32l0xx_hal_rcc.c ****   */
 221:Drivers/STM32L0xx_HAL_Driver/Src/stm32l0xx_hal_rcc.c **** HAL_StatusTypeDef HAL_RCC_DeInit(void)
 222:Drivers/STM32L0xx_HAL_Driver/Src/stm32l0xx_hal_rcc.c **** {
  27              		.loc 1 222 1 view -0
  28              		.cfi_startproc
  29              		@ args = 0, pretend = 0, frame = 8
  30              		@ frame_needed = 0, uses_anonymous_args = 0
  31 0000 30B5     		push	{r4, r5, lr}
  32              	.LCFI0:
  33              		.cfi_def_cfa_offset 12
  34              		.cfi_offset 4, -12
  35              		.cfi_offset 5, -8
  36              		.cfi_offset 14, -4
  37 0002 83B0     		sub	sp, sp, #12
  38              	.LCFI1:
  39              		.cfi_def_cfa_offset 24
 223:Drivers/STM32L0xx_HAL_Driver/Src/stm32l0xx_hal_rcc.c ****   __IO uint32_t tmpreg;
  40              		.loc 1 223 3 view .LVU1
 224:Drivers/STM32L0xx_HAL_Driver/Src/stm32l0xx_hal_rcc.c ****   uint32_t tickstart;
  41              		.loc 1 224 3 view .LVU2
 225:Drivers/STM32L0xx_HAL_Driver/Src/stm32l0xx_hal_rcc.c ****   uint32_t vl_mask;
  42              		.loc 1 225 3 view .LVU3
 226:Drivers/STM32L0xx_HAL_Driver/Src/stm32l0xx_hal_rcc.c ****   HAL_StatusTypeDef status;
  43              		.loc 1 226 3 view .LVU4
 227:Drivers/STM32L0xx_HAL_Driver/Src/stm32l0xx_hal_rcc.c **** 
 228:Drivers/STM32L0xx_HAL_Driver/Src/stm32l0xx_hal_rcc.c ****   /* Set MSIClockRange, HSITRIM and MSITRIM bits to the reset values */
 229:Drivers/STM32L0xx_HAL_Driver/Src/stm32l0xx_hal_rcc.c ****   MODIFY_REG(RCC->ICSCR, (RCC_ICSCR_MSITRIM | RCC_ICSCR_HSITRIM | RCC_ICSCR_MSIRANGE), \
  44              		.loc 1 229 3 view .LVU5
  45 0004 304B     		ldr	r3, .L15
  46 0006 5968     		ldr	r1, [r3, #4]
  47 0008 304A     		ldr	r2, .L15+4
  48 000a 1140     		ands	r1, r2
  49 000c B022     		movs	r2, #176
  50 000e 1202     		lsls	r2, r2, #8
  51 0010 0A43     		orrs	r2, r1
  52 0012 5A60     		str	r2, [r3, #4]
 230:Drivers/STM32L0xx_HAL_Driver/Src/stm32l0xx_hal_rcc.c ****             ((RCC_MSICALIBRATION_DEFAULT << RCC_ICSCR_MSITRIM_Pos) | (RCC_HSICALIBRATION_DEFAULT <<
 231:Drivers/STM32L0xx_HAL_Driver/Src/stm32l0xx_hal_rcc.c **** 
 232:Drivers/STM32L0xx_HAL_Driver/Src/stm32l0xx_hal_rcc.c ****   /* Set MSION bit */
 233:Drivers/STM32L0xx_HAL_Driver/Src/stm32l0xx_hal_rcc.c ****   SET_BIT(RCC->CR, RCC_CR_MSION);
  53              		.loc 1 233 3 view .LVU6
ARM GAS  /var/folders/d7/pb3dkhys6j3db_qtp_8v34p80000gn/T//ccnF7AbK.s 			page 6


  54 0014 1968     		ldr	r1, [r3]
  55 0016 8022     		movs	r2, #128
  56 0018 5200     		lsls	r2, r2, #1
  57 001a 0A43     		orrs	r2, r1
  58 001c 1A60     		str	r2, [r3]
 234:Drivers/STM32L0xx_HAL_Driver/Src/stm32l0xx_hal_rcc.c **** 
 235:Drivers/STM32L0xx_HAL_Driver/Src/stm32l0xx_hal_rcc.c ****   /* Get Start Tick*/
 236:Drivers/STM32L0xx_HAL_Driver/Src/stm32l0xx_hal_rcc.c ****   tickstart = HAL_GetTick();
  59              		.loc 1 236 3 view .LVU7
  60              		.loc 1 236 15 is_stmt 0 view .LVU8
  61 001e FFF7FEFF 		bl	HAL_GetTick
  62              	.LVL0:
  63 0022 0400     		movs	r4, r0
  64              	.LVL1:
 237:Drivers/STM32L0xx_HAL_Driver/Src/stm32l0xx_hal_rcc.c **** 
 238:Drivers/STM32L0xx_HAL_Driver/Src/stm32l0xx_hal_rcc.c ****   /* Wait till MSI is ready */
 239:Drivers/STM32L0xx_HAL_Driver/Src/stm32l0xx_hal_rcc.c ****   while (READ_BIT(RCC->CR, RCC_CR_MSIRDY) == 0U)
  65              		.loc 1 239 3 is_stmt 1 view .LVU9
  66              	.L2:
  67              		.loc 1 239 43 view .LVU10
  68              		.loc 1 239 10 is_stmt 0 view .LVU11
  69 0024 284B     		ldr	r3, .L15
  70 0026 1B68     		ldr	r3, [r3]
  71              		.loc 1 239 43 view .LVU12
  72 0028 9B05     		lsls	r3, r3, #22
  73 002a 08D4     		bmi	.L12
 240:Drivers/STM32L0xx_HAL_Driver/Src/stm32l0xx_hal_rcc.c ****   {
 241:Drivers/STM32L0xx_HAL_Driver/Src/stm32l0xx_hal_rcc.c ****     if ((HAL_GetTick() - tickstart) > MSI_TIMEOUT_VALUE)
  74              		.loc 1 241 5 is_stmt 1 view .LVU13
  75              		.loc 1 241 10 is_stmt 0 view .LVU14
  76 002c FFF7FEFF 		bl	HAL_GetTick
  77              	.LVL2:
  78              		.loc 1 241 24 discriminator 1 view .LVU15
  79 0030 001B     		subs	r0, r0, r4
  80              		.loc 1 241 8 discriminator 1 view .LVU16
  81 0032 0228     		cmp	r0, #2
  82 0034 F6D9     		bls	.L2
 242:Drivers/STM32L0xx_HAL_Driver/Src/stm32l0xx_hal_rcc.c ****     {
 243:Drivers/STM32L0xx_HAL_Driver/Src/stm32l0xx_hal_rcc.c ****       return HAL_TIMEOUT;
  83              		.loc 1 243 14 view .LVU17
  84 0036 0324     		movs	r4, #3
  85              	.LVL3:
  86              	.L3:
 244:Drivers/STM32L0xx_HAL_Driver/Src/stm32l0xx_hal_rcc.c ****     }
 245:Drivers/STM32L0xx_HAL_Driver/Src/stm32l0xx_hal_rcc.c ****   }
 246:Drivers/STM32L0xx_HAL_Driver/Src/stm32l0xx_hal_rcc.c **** 
 247:Drivers/STM32L0xx_HAL_Driver/Src/stm32l0xx_hal_rcc.c ****   /* Switch SYSCLK to MSI*/
 248:Drivers/STM32L0xx_HAL_Driver/Src/stm32l0xx_hal_rcc.c ****   CLEAR_BIT(RCC->CFGR, RCC_CFGR_SW);
 249:Drivers/STM32L0xx_HAL_Driver/Src/stm32l0xx_hal_rcc.c **** 
 250:Drivers/STM32L0xx_HAL_Driver/Src/stm32l0xx_hal_rcc.c ****   /* Wait till MSI as SYSCLK status is ready */
 251:Drivers/STM32L0xx_HAL_Driver/Src/stm32l0xx_hal_rcc.c ****   while (READ_BIT(RCC->CFGR, RCC_CFGR_SWS) != 0U)
 252:Drivers/STM32L0xx_HAL_Driver/Src/stm32l0xx_hal_rcc.c ****   {
 253:Drivers/STM32L0xx_HAL_Driver/Src/stm32l0xx_hal_rcc.c ****     if ((HAL_GetTick() - tickstart) > CLOCKSWITCH_TIMEOUT_VALUE)
 254:Drivers/STM32L0xx_HAL_Driver/Src/stm32l0xx_hal_rcc.c ****     {
 255:Drivers/STM32L0xx_HAL_Driver/Src/stm32l0xx_hal_rcc.c ****       return HAL_TIMEOUT;
 256:Drivers/STM32L0xx_HAL_Driver/Src/stm32l0xx_hal_rcc.c ****     }
 257:Drivers/STM32L0xx_HAL_Driver/Src/stm32l0xx_hal_rcc.c ****   }
ARM GAS  /var/folders/d7/pb3dkhys6j3db_qtp_8v34p80000gn/T//ccnF7AbK.s 			page 7


 258:Drivers/STM32L0xx_HAL_Driver/Src/stm32l0xx_hal_rcc.c **** 
 259:Drivers/STM32L0xx_HAL_Driver/Src/stm32l0xx_hal_rcc.c ****   /* Update the SystemCoreClock global variable for MSI as system clock source */
 260:Drivers/STM32L0xx_HAL_Driver/Src/stm32l0xx_hal_rcc.c ****   SystemCoreClock = MSI_VALUE;
 261:Drivers/STM32L0xx_HAL_Driver/Src/stm32l0xx_hal_rcc.c **** 
 262:Drivers/STM32L0xx_HAL_Driver/Src/stm32l0xx_hal_rcc.c ****   /* Configure the source of time base considering new system clock settings  */
 263:Drivers/STM32L0xx_HAL_Driver/Src/stm32l0xx_hal_rcc.c ****   status = HAL_InitTick(uwTickPrio);
 264:Drivers/STM32L0xx_HAL_Driver/Src/stm32l0xx_hal_rcc.c ****   if(status != HAL_OK)
 265:Drivers/STM32L0xx_HAL_Driver/Src/stm32l0xx_hal_rcc.c ****   {
 266:Drivers/STM32L0xx_HAL_Driver/Src/stm32l0xx_hal_rcc.c ****     return status;
 267:Drivers/STM32L0xx_HAL_Driver/Src/stm32l0xx_hal_rcc.c ****   }
 268:Drivers/STM32L0xx_HAL_Driver/Src/stm32l0xx_hal_rcc.c **** 
 269:Drivers/STM32L0xx_HAL_Driver/Src/stm32l0xx_hal_rcc.c ****   /* Reset HSE, HSI, CSS, PLL */
 270:Drivers/STM32L0xx_HAL_Driver/Src/stm32l0xx_hal_rcc.c **** #if defined(RCC_CR_CSSHSEON) && defined(RCC_CR_HSIOUTEN)
 271:Drivers/STM32L0xx_HAL_Driver/Src/stm32l0xx_hal_rcc.c ****   CLEAR_BIT(RCC->CR, RCC_CR_HSION| RCC_CR_HSIKERON| RCC_CR_HSIDIVEN | RCC_CR_HSIOUTEN | \
 272:Drivers/STM32L0xx_HAL_Driver/Src/stm32l0xx_hal_rcc.c ****                      RCC_CR_HSEON | RCC_CR_CSSHSEON | RCC_CR_PLLON);
 273:Drivers/STM32L0xx_HAL_Driver/Src/stm32l0xx_hal_rcc.c **** #elif !defined(RCC_CR_CSSHSEON) && defined(RCC_CR_HSIOUTEN)
 274:Drivers/STM32L0xx_HAL_Driver/Src/stm32l0xx_hal_rcc.c ****   CLEAR_BIT(RCC->CR, RCC_CR_HSION| RCC_CR_HSIKERON| RCC_CR_HSIDIVEN | RCC_CR_HSIOUTEN | \
 275:Drivers/STM32L0xx_HAL_Driver/Src/stm32l0xx_hal_rcc.c ****                      RCC_CR_HSEON | RCC_CR_PLLON);
 276:Drivers/STM32L0xx_HAL_Driver/Src/stm32l0xx_hal_rcc.c **** #elif defined(RCC_CR_CSSHSEON) && !defined(RCC_CR_HSIOUTEN)
 277:Drivers/STM32L0xx_HAL_Driver/Src/stm32l0xx_hal_rcc.c ****   CLEAR_BIT(RCC->CR, RCC_CR_HSION| RCC_CR_HSIKERON| RCC_CR_HSIDIVEN | \
 278:Drivers/STM32L0xx_HAL_Driver/Src/stm32l0xx_hal_rcc.c ****                      RCC_CR_HSEON | RCC_CR_CSSHSEON | RCC_CR_PLLON);
 279:Drivers/STM32L0xx_HAL_Driver/Src/stm32l0xx_hal_rcc.c **** #endif
 280:Drivers/STM32L0xx_HAL_Driver/Src/stm32l0xx_hal_rcc.c **** 
 281:Drivers/STM32L0xx_HAL_Driver/Src/stm32l0xx_hal_rcc.c ****   /* Delay after an RCC peripheral clock */ \
 282:Drivers/STM32L0xx_HAL_Driver/Src/stm32l0xx_hal_rcc.c ****   tmpreg = READ_BIT(RCC->CR, RCC_CR_HSEON);      \
 283:Drivers/STM32L0xx_HAL_Driver/Src/stm32l0xx_hal_rcc.c ****   UNUSED(tmpreg);
 284:Drivers/STM32L0xx_HAL_Driver/Src/stm32l0xx_hal_rcc.c **** 
 285:Drivers/STM32L0xx_HAL_Driver/Src/stm32l0xx_hal_rcc.c ****   /* Reset HSEBYP bit */
 286:Drivers/STM32L0xx_HAL_Driver/Src/stm32l0xx_hal_rcc.c ****   CLEAR_BIT(RCC->CR, RCC_CR_HSEBYP);
 287:Drivers/STM32L0xx_HAL_Driver/Src/stm32l0xx_hal_rcc.c **** 
 288:Drivers/STM32L0xx_HAL_Driver/Src/stm32l0xx_hal_rcc.c ****   /* Get Start Tick*/
 289:Drivers/STM32L0xx_HAL_Driver/Src/stm32l0xx_hal_rcc.c ****   tickstart = HAL_GetTick();
 290:Drivers/STM32L0xx_HAL_Driver/Src/stm32l0xx_hal_rcc.c **** 
 291:Drivers/STM32L0xx_HAL_Driver/Src/stm32l0xx_hal_rcc.c ****   /* Wait till PLL is not ready */
 292:Drivers/STM32L0xx_HAL_Driver/Src/stm32l0xx_hal_rcc.c ****   while (READ_BIT(RCC->CR, RCC_CR_PLLRDY) != 0U)
 293:Drivers/STM32L0xx_HAL_Driver/Src/stm32l0xx_hal_rcc.c ****   {
 294:Drivers/STM32L0xx_HAL_Driver/Src/stm32l0xx_hal_rcc.c ****     if ((HAL_GetTick() - tickstart) > PLL_TIMEOUT_VALUE)
 295:Drivers/STM32L0xx_HAL_Driver/Src/stm32l0xx_hal_rcc.c ****     {
 296:Drivers/STM32L0xx_HAL_Driver/Src/stm32l0xx_hal_rcc.c ****       return HAL_TIMEOUT;
 297:Drivers/STM32L0xx_HAL_Driver/Src/stm32l0xx_hal_rcc.c ****     }
 298:Drivers/STM32L0xx_HAL_Driver/Src/stm32l0xx_hal_rcc.c ****   }
 299:Drivers/STM32L0xx_HAL_Driver/Src/stm32l0xx_hal_rcc.c **** 
 300:Drivers/STM32L0xx_HAL_Driver/Src/stm32l0xx_hal_rcc.c ****   /* Reset CFGR register */
 301:Drivers/STM32L0xx_HAL_Driver/Src/stm32l0xx_hal_rcc.c ****   CLEAR_REG(RCC->CFGR);
 302:Drivers/STM32L0xx_HAL_Driver/Src/stm32l0xx_hal_rcc.c **** 
 303:Drivers/STM32L0xx_HAL_Driver/Src/stm32l0xx_hal_rcc.c ****   /* Disable all interrupts */
 304:Drivers/STM32L0xx_HAL_Driver/Src/stm32l0xx_hal_rcc.c ****   CLEAR_REG(RCC->CIER);
 305:Drivers/STM32L0xx_HAL_Driver/Src/stm32l0xx_hal_rcc.c **** 
 306:Drivers/STM32L0xx_HAL_Driver/Src/stm32l0xx_hal_rcc.c ****   /* Clear all flags */
 307:Drivers/STM32L0xx_HAL_Driver/Src/stm32l0xx_hal_rcc.c ****   vl_mask = RCC_CICR_LSIRDYC | RCC_CICR_LSERDYC | RCC_CICR_HSIRDYC | RCC_CICR_HSERDYC | RCC_CICR_PL
 308:Drivers/STM32L0xx_HAL_Driver/Src/stm32l0xx_hal_rcc.c **** #if defined(RCC_HSI48_SUPPORT)
 309:Drivers/STM32L0xx_HAL_Driver/Src/stm32l0xx_hal_rcc.c ****   vl_mask |= RCC_CICR_HSI48RDYC;
 310:Drivers/STM32L0xx_HAL_Driver/Src/stm32l0xx_hal_rcc.c **** #endif
 311:Drivers/STM32L0xx_HAL_Driver/Src/stm32l0xx_hal_rcc.c **** #if defined(RCC_HSECSS_SUPPORT)
 312:Drivers/STM32L0xx_HAL_Driver/Src/stm32l0xx_hal_rcc.c ****   vl_mask |= RCC_CICR_CSSHSEC;
 313:Drivers/STM32L0xx_HAL_Driver/Src/stm32l0xx_hal_rcc.c **** #endif
 314:Drivers/STM32L0xx_HAL_Driver/Src/stm32l0xx_hal_rcc.c ****   WRITE_REG(RCC->CICR, vl_mask);
ARM GAS  /var/folders/d7/pb3dkhys6j3db_qtp_8v34p80000gn/T//ccnF7AbK.s 			page 8


 315:Drivers/STM32L0xx_HAL_Driver/Src/stm32l0xx_hal_rcc.c **** 
 316:Drivers/STM32L0xx_HAL_Driver/Src/stm32l0xx_hal_rcc.c ****   /* Clear all reset flags */
 317:Drivers/STM32L0xx_HAL_Driver/Src/stm32l0xx_hal_rcc.c ****   SET_BIT(RCC->CSR, RCC_CSR_RMVF);
 318:Drivers/STM32L0xx_HAL_Driver/Src/stm32l0xx_hal_rcc.c **** 
 319:Drivers/STM32L0xx_HAL_Driver/Src/stm32l0xx_hal_rcc.c ****   return HAL_OK;
 320:Drivers/STM32L0xx_HAL_Driver/Src/stm32l0xx_hal_rcc.c **** }
  87              		.loc 1 320 1 view .LVU18
  88 0038 2000     		movs	r0, r4
  89 003a 03B0     		add	sp, sp, #12
  90              		@ sp needed
  91 003c 30BD     		pop	{r4, r5, pc}
  92              	.LVL4:
  93              	.L12:
 248:Drivers/STM32L0xx_HAL_Driver/Src/stm32l0xx_hal_rcc.c **** 
  94              		.loc 1 248 3 is_stmt 1 view .LVU19
  95 003e 224A     		ldr	r2, .L15
  96 0040 D368     		ldr	r3, [r2, #12]
  97 0042 0321     		movs	r1, #3
  98 0044 8B43     		bics	r3, r1
  99 0046 D360     		str	r3, [r2, #12]
 251:Drivers/STM32L0xx_HAL_Driver/Src/stm32l0xx_hal_rcc.c ****   {
 100              		.loc 1 251 3 view .LVU20
 101              	.L5:
 251:Drivers/STM32L0xx_HAL_Driver/Src/stm32l0xx_hal_rcc.c ****   {
 102              		.loc 1 251 44 view .LVU21
 251:Drivers/STM32L0xx_HAL_Driver/Src/stm32l0xx_hal_rcc.c ****   {
 103              		.loc 1 251 10 is_stmt 0 view .LVU22
 104 0048 1F4B     		ldr	r3, .L15
 105 004a DB68     		ldr	r3, [r3, #12]
 106 004c 0C22     		movs	r2, #12
 251:Drivers/STM32L0xx_HAL_Driver/Src/stm32l0xx_hal_rcc.c ****   {
 107              		.loc 1 251 44 view .LVU23
 108 004e 1A42     		tst	r2, r3
 109 0050 07D0     		beq	.L13
 253:Drivers/STM32L0xx_HAL_Driver/Src/stm32l0xx_hal_rcc.c ****     {
 110              		.loc 1 253 5 is_stmt 1 view .LVU24
 253:Drivers/STM32L0xx_HAL_Driver/Src/stm32l0xx_hal_rcc.c ****     {
 111              		.loc 1 253 10 is_stmt 0 view .LVU25
 112 0052 FFF7FEFF 		bl	HAL_GetTick
 113              	.LVL5:
 253:Drivers/STM32L0xx_HAL_Driver/Src/stm32l0xx_hal_rcc.c ****     {
 114              		.loc 1 253 24 discriminator 1 view .LVU26
 115 0056 001B     		subs	r0, r0, r4
 253:Drivers/STM32L0xx_HAL_Driver/Src/stm32l0xx_hal_rcc.c ****     {
 116              		.loc 1 253 8 discriminator 1 view .LVU27
 117 0058 1D4B     		ldr	r3, .L15+8
 118 005a 9842     		cmp	r0, r3
 119 005c F4D9     		bls	.L5
 255:Drivers/STM32L0xx_HAL_Driver/Src/stm32l0xx_hal_rcc.c ****     }
 120              		.loc 1 255 14 view .LVU28
 121 005e 0324     		movs	r4, #3
 122              	.LVL6:
 255:Drivers/STM32L0xx_HAL_Driver/Src/stm32l0xx_hal_rcc.c ****     }
 123              		.loc 1 255 14 view .LVU29
 124 0060 EAE7     		b	.L3
 125              	.LVL7:
 126              	.L13:
ARM GAS  /var/folders/d7/pb3dkhys6j3db_qtp_8v34p80000gn/T//ccnF7AbK.s 			page 9


 260:Drivers/STM32L0xx_HAL_Driver/Src/stm32l0xx_hal_rcc.c **** 
 127              		.loc 1 260 3 is_stmt 1 view .LVU30
 260:Drivers/STM32L0xx_HAL_Driver/Src/stm32l0xx_hal_rcc.c **** 
 128              		.loc 1 260 19 is_stmt 0 view .LVU31
 129 0062 1C4B     		ldr	r3, .L15+12
 130 0064 1C4A     		ldr	r2, .L15+16
 131 0066 1A60     		str	r2, [r3]
 263:Drivers/STM32L0xx_HAL_Driver/Src/stm32l0xx_hal_rcc.c ****   if(status != HAL_OK)
 132              		.loc 1 263 3 is_stmt 1 view .LVU32
 263:Drivers/STM32L0xx_HAL_Driver/Src/stm32l0xx_hal_rcc.c ****   if(status != HAL_OK)
 133              		.loc 1 263 12 is_stmt 0 view .LVU33
 134 0068 1C4B     		ldr	r3, .L15+20
 135 006a 1868     		ldr	r0, [r3]
 136 006c FFF7FEFF 		bl	HAL_InitTick
 137              	.LVL8:
 138 0070 041E     		subs	r4, r0, #0
 139              	.LVL9:
 264:Drivers/STM32L0xx_HAL_Driver/Src/stm32l0xx_hal_rcc.c ****   {
 140              		.loc 1 264 3 is_stmt 1 view .LVU34
 264:Drivers/STM32L0xx_HAL_Driver/Src/stm32l0xx_hal_rcc.c ****   {
 141              		.loc 1 264 5 is_stmt 0 view .LVU35
 142 0072 E1D1     		bne	.L3
 277:Drivers/STM32L0xx_HAL_Driver/Src/stm32l0xx_hal_rcc.c ****                      RCC_CR_HSEON | RCC_CR_CSSHSEON | RCC_CR_PLLON);
 143              		.loc 1 277 3 is_stmt 1 view .LVU36
 144 0074 144B     		ldr	r3, .L15
 145 0076 1A68     		ldr	r2, [r3]
 146 0078 1949     		ldr	r1, .L15+24
 147 007a 0A40     		ands	r2, r1
 148 007c 1A60     		str	r2, [r3]
 282:Drivers/STM32L0xx_HAL_Driver/Src/stm32l0xx_hal_rcc.c ****   UNUSED(tmpreg);
 149              		.loc 1 282 3 view .LVU37
 282:Drivers/STM32L0xx_HAL_Driver/Src/stm32l0xx_hal_rcc.c ****   UNUSED(tmpreg);
 150              		.loc 1 282 12 is_stmt 0 view .LVU38
 151 007e 1A68     		ldr	r2, [r3]
 152 0080 8021     		movs	r1, #128
 153 0082 4902     		lsls	r1, r1, #9
 154 0084 0A40     		ands	r2, r1
 282:Drivers/STM32L0xx_HAL_Driver/Src/stm32l0xx_hal_rcc.c ****   UNUSED(tmpreg);
 155              		.loc 1 282 10 view .LVU39
 156 0086 0192     		str	r2, [sp, #4]
 283:Drivers/STM32L0xx_HAL_Driver/Src/stm32l0xx_hal_rcc.c **** 
 157              		.loc 1 283 3 is_stmt 1 view .LVU40
 158 0088 019A     		ldr	r2, [sp, #4]
 286:Drivers/STM32L0xx_HAL_Driver/Src/stm32l0xx_hal_rcc.c **** 
 159              		.loc 1 286 3 view .LVU41
 160 008a 1A68     		ldr	r2, [r3]
 161 008c 1549     		ldr	r1, .L15+28
 162 008e 0A40     		ands	r2, r1
 163 0090 1A60     		str	r2, [r3]
 289:Drivers/STM32L0xx_HAL_Driver/Src/stm32l0xx_hal_rcc.c **** 
 164              		.loc 1 289 3 view .LVU42
 289:Drivers/STM32L0xx_HAL_Driver/Src/stm32l0xx_hal_rcc.c **** 
 165              		.loc 1 289 15 is_stmt 0 view .LVU43
 166 0092 FFF7FEFF 		bl	HAL_GetTick
 167              	.LVL10:
 289:Drivers/STM32L0xx_HAL_Driver/Src/stm32l0xx_hal_rcc.c **** 
 168              		.loc 1 289 15 view .LVU44
ARM GAS  /var/folders/d7/pb3dkhys6j3db_qtp_8v34p80000gn/T//ccnF7AbK.s 			page 10


 169 0096 0500     		movs	r5, r0
 170              	.LVL11:
 292:Drivers/STM32L0xx_HAL_Driver/Src/stm32l0xx_hal_rcc.c ****   {
 171              		.loc 1 292 3 is_stmt 1 view .LVU45
 172              	.L7:
 292:Drivers/STM32L0xx_HAL_Driver/Src/stm32l0xx_hal_rcc.c ****   {
 173              		.loc 1 292 43 view .LVU46
 292:Drivers/STM32L0xx_HAL_Driver/Src/stm32l0xx_hal_rcc.c ****   {
 174              		.loc 1 292 10 is_stmt 0 view .LVU47
 175 0098 0B4B     		ldr	r3, .L15
 176 009a 1B68     		ldr	r3, [r3]
 292:Drivers/STM32L0xx_HAL_Driver/Src/stm32l0xx_hal_rcc.c ****   {
 177              		.loc 1 292 43 view .LVU48
 178 009c 9B01     		lsls	r3, r3, #6
 179 009e 06D5     		bpl	.L14
 294:Drivers/STM32L0xx_HAL_Driver/Src/stm32l0xx_hal_rcc.c ****     {
 180              		.loc 1 294 5 is_stmt 1 view .LVU49
 294:Drivers/STM32L0xx_HAL_Driver/Src/stm32l0xx_hal_rcc.c ****     {
 181              		.loc 1 294 10 is_stmt 0 view .LVU50
 182 00a0 FFF7FEFF 		bl	HAL_GetTick
 183              	.LVL12:
 294:Drivers/STM32L0xx_HAL_Driver/Src/stm32l0xx_hal_rcc.c ****     {
 184              		.loc 1 294 24 discriminator 1 view .LVU51
 185 00a4 401B     		subs	r0, r0, r5
 294:Drivers/STM32L0xx_HAL_Driver/Src/stm32l0xx_hal_rcc.c ****     {
 186              		.loc 1 294 8 discriminator 1 view .LVU52
 187 00a6 0228     		cmp	r0, #2
 188 00a8 F6D9     		bls	.L7
 296:Drivers/STM32L0xx_HAL_Driver/Src/stm32l0xx_hal_rcc.c ****     }
 189              		.loc 1 296 14 view .LVU53
 190 00aa 0324     		movs	r4, #3
 191              	.LVL13:
 296:Drivers/STM32L0xx_HAL_Driver/Src/stm32l0xx_hal_rcc.c ****     }
 192              		.loc 1 296 14 view .LVU54
 193 00ac C4E7     		b	.L3
 194              	.LVL14:
 195              	.L14:
 301:Drivers/STM32L0xx_HAL_Driver/Src/stm32l0xx_hal_rcc.c **** 
 196              		.loc 1 301 3 is_stmt 1 view .LVU55
 197 00ae 064B     		ldr	r3, .L15
 198 00b0 0022     		movs	r2, #0
 199 00b2 DA60     		str	r2, [r3, #12]
 304:Drivers/STM32L0xx_HAL_Driver/Src/stm32l0xx_hal_rcc.c **** 
 200              		.loc 1 304 3 view .LVU56
 201 00b4 1A61     		str	r2, [r3, #16]
 307:Drivers/STM32L0xx_HAL_Driver/Src/stm32l0xx_hal_rcc.c **** #if defined(RCC_HSI48_SUPPORT)
 202              		.loc 1 307 3 view .LVU57
 203              	.LVL15:
 309:Drivers/STM32L0xx_HAL_Driver/Src/stm32l0xx_hal_rcc.c **** #endif
 204              		.loc 1 309 3 view .LVU58
 312:Drivers/STM32L0xx_HAL_Driver/Src/stm32l0xx_hal_rcc.c **** #endif
 205              		.loc 1 312 3 view .LVU59
 314:Drivers/STM32L0xx_HAL_Driver/Src/stm32l0xx_hal_rcc.c **** 
 206              		.loc 1 314 3 view .LVU60
 207 00b6 0C4A     		ldr	r2, .L15+32
 208 00b8 9A61     		str	r2, [r3, #24]
 317:Drivers/STM32L0xx_HAL_Driver/Src/stm32l0xx_hal_rcc.c **** 
ARM GAS  /var/folders/d7/pb3dkhys6j3db_qtp_8v34p80000gn/T//ccnF7AbK.s 			page 11


 209              		.loc 1 317 3 view .LVU61
 210 00ba 196D     		ldr	r1, [r3, #80]
 211 00bc 8022     		movs	r2, #128
 212 00be 1204     		lsls	r2, r2, #16
 213 00c0 0A43     		orrs	r2, r1
 214 00c2 1A65     		str	r2, [r3, #80]
 319:Drivers/STM32L0xx_HAL_Driver/Src/stm32l0xx_hal_rcc.c **** }
 215              		.loc 1 319 3 view .LVU62
 319:Drivers/STM32L0xx_HAL_Driver/Src/stm32l0xx_hal_rcc.c **** }
 216              		.loc 1 319 10 is_stmt 0 view .LVU63
 217 00c4 B8E7     		b	.L3
 218              	.L16:
 219 00c6 C046     		.align	2
 220              	.L15:
 221 00c8 00100240 		.word	1073876992
 222 00cc FF00FF00 		.word	16711935
 223 00d0 88130000 		.word	5000
 224 00d4 00000000 		.word	SystemCoreClock
 225 00d8 68FF1F00 		.word	2097000
 226 00dc 00000000 		.word	uwTickPrio
 227 00e0 F4FFF6FE 		.word	-17367052
 228 00e4 FFFFFBFF 		.word	-262145
 229 00e8 FF010000 		.word	511
 230              		.cfi_endproc
 231              	.LFE47:
 233              		.section	.text.HAL_RCC_MCOConfig,"ax",%progbits
 234              		.align	1
 235              		.global	HAL_RCC_MCOConfig
 236              		.syntax unified
 237              		.code	16
 238              		.thumb_func
 240              	HAL_RCC_MCOConfig:
 241              	.LVL16:
 242              	.LFB50:
 321:Drivers/STM32L0xx_HAL_Driver/Src/stm32l0xx_hal_rcc.c **** 
 322:Drivers/STM32L0xx_HAL_Driver/Src/stm32l0xx_hal_rcc.c **** /**
 323:Drivers/STM32L0xx_HAL_Driver/Src/stm32l0xx_hal_rcc.c ****   * @brief  Initializes the RCC Oscillators according to the specified parameters in the
 324:Drivers/STM32L0xx_HAL_Driver/Src/stm32l0xx_hal_rcc.c ****   *         RCC_OscInitTypeDef.
 325:Drivers/STM32L0xx_HAL_Driver/Src/stm32l0xx_hal_rcc.c ****   * @param  RCC_OscInitStruct pointer to an RCC_OscInitTypeDef structure that
 326:Drivers/STM32L0xx_HAL_Driver/Src/stm32l0xx_hal_rcc.c ****   *         contains the configuration information for the RCC Oscillators.
 327:Drivers/STM32L0xx_HAL_Driver/Src/stm32l0xx_hal_rcc.c ****   * @note   The PLL is not disabled when used as system clock.
 328:Drivers/STM32L0xx_HAL_Driver/Src/stm32l0xx_hal_rcc.c ****   * @note   Transitions LSE Bypass to LSE On and LSE On to LSE Bypass are not
 329:Drivers/STM32L0xx_HAL_Driver/Src/stm32l0xx_hal_rcc.c ****   *         supported by this macro. User should request a transition to LSE Off
 330:Drivers/STM32L0xx_HAL_Driver/Src/stm32l0xx_hal_rcc.c ****   *         first and then LSE On or LSE Bypass.
 331:Drivers/STM32L0xx_HAL_Driver/Src/stm32l0xx_hal_rcc.c ****   * @note   Transition HSE Bypass to HSE On and HSE On to HSE Bypass are not
 332:Drivers/STM32L0xx_HAL_Driver/Src/stm32l0xx_hal_rcc.c ****   *         supported by this macro. User should request a transition to HSE Off
 333:Drivers/STM32L0xx_HAL_Driver/Src/stm32l0xx_hal_rcc.c ****   *         first and then HSE On or HSE Bypass.
 334:Drivers/STM32L0xx_HAL_Driver/Src/stm32l0xx_hal_rcc.c ****   * @retval HAL status
 335:Drivers/STM32L0xx_HAL_Driver/Src/stm32l0xx_hal_rcc.c ****   */
 336:Drivers/STM32L0xx_HAL_Driver/Src/stm32l0xx_hal_rcc.c **** HAL_StatusTypeDef HAL_RCC_OscConfig(const RCC_OscInitTypeDef  *RCC_OscInitStruct)
 337:Drivers/STM32L0xx_HAL_Driver/Src/stm32l0xx_hal_rcc.c **** {
 338:Drivers/STM32L0xx_HAL_Driver/Src/stm32l0xx_hal_rcc.c ****   uint32_t tickstart;
 339:Drivers/STM32L0xx_HAL_Driver/Src/stm32l0xx_hal_rcc.c ****   uint32_t hsi_state;
 340:Drivers/STM32L0xx_HAL_Driver/Src/stm32l0xx_hal_rcc.c ****   HAL_StatusTypeDef status;
 341:Drivers/STM32L0xx_HAL_Driver/Src/stm32l0xx_hal_rcc.c ****   uint32_t sysclk_source, pll_config;
 342:Drivers/STM32L0xx_HAL_Driver/Src/stm32l0xx_hal_rcc.c **** 
 343:Drivers/STM32L0xx_HAL_Driver/Src/stm32l0xx_hal_rcc.c ****   /* Check Null pointer */
ARM GAS  /var/folders/d7/pb3dkhys6j3db_qtp_8v34p80000gn/T//ccnF7AbK.s 			page 12


 344:Drivers/STM32L0xx_HAL_Driver/Src/stm32l0xx_hal_rcc.c ****   if(RCC_OscInitStruct == NULL)
 345:Drivers/STM32L0xx_HAL_Driver/Src/stm32l0xx_hal_rcc.c ****   {
 346:Drivers/STM32L0xx_HAL_Driver/Src/stm32l0xx_hal_rcc.c ****     return HAL_ERROR;
 347:Drivers/STM32L0xx_HAL_Driver/Src/stm32l0xx_hal_rcc.c ****   }
 348:Drivers/STM32L0xx_HAL_Driver/Src/stm32l0xx_hal_rcc.c **** 
 349:Drivers/STM32L0xx_HAL_Driver/Src/stm32l0xx_hal_rcc.c ****   /* Check the parameters */
 350:Drivers/STM32L0xx_HAL_Driver/Src/stm32l0xx_hal_rcc.c ****   assert_param(IS_RCC_OSCILLATORTYPE(RCC_OscInitStruct->OscillatorType));
 351:Drivers/STM32L0xx_HAL_Driver/Src/stm32l0xx_hal_rcc.c **** 
 352:Drivers/STM32L0xx_HAL_Driver/Src/stm32l0xx_hal_rcc.c ****   sysclk_source = __HAL_RCC_GET_SYSCLK_SOURCE();
 353:Drivers/STM32L0xx_HAL_Driver/Src/stm32l0xx_hal_rcc.c ****   pll_config = __HAL_RCC_GET_PLL_OSCSOURCE();
 354:Drivers/STM32L0xx_HAL_Driver/Src/stm32l0xx_hal_rcc.c **** 
 355:Drivers/STM32L0xx_HAL_Driver/Src/stm32l0xx_hal_rcc.c ****   /*------------------------------- HSE Configuration ------------------------*/
 356:Drivers/STM32L0xx_HAL_Driver/Src/stm32l0xx_hal_rcc.c ****   if(((RCC_OscInitStruct->OscillatorType) & RCC_OSCILLATORTYPE_HSE) == RCC_OSCILLATORTYPE_HSE)
 357:Drivers/STM32L0xx_HAL_Driver/Src/stm32l0xx_hal_rcc.c ****   {
 358:Drivers/STM32L0xx_HAL_Driver/Src/stm32l0xx_hal_rcc.c ****     /* Check the parameters */
 359:Drivers/STM32L0xx_HAL_Driver/Src/stm32l0xx_hal_rcc.c ****     assert_param(IS_RCC_HSE(RCC_OscInitStruct->HSEState));
 360:Drivers/STM32L0xx_HAL_Driver/Src/stm32l0xx_hal_rcc.c **** 
 361:Drivers/STM32L0xx_HAL_Driver/Src/stm32l0xx_hal_rcc.c ****     /* When the HSE is used as system clock or clock source for PLL in these cases it is not allowe
 362:Drivers/STM32L0xx_HAL_Driver/Src/stm32l0xx_hal_rcc.c ****     if((sysclk_source == RCC_SYSCLKSOURCE_STATUS_HSE)
 363:Drivers/STM32L0xx_HAL_Driver/Src/stm32l0xx_hal_rcc.c ****        || ((sysclk_source == RCC_SYSCLKSOURCE_STATUS_PLLCLK) && (pll_config == RCC_PLLSOURCE_HSE)))
 364:Drivers/STM32L0xx_HAL_Driver/Src/stm32l0xx_hal_rcc.c ****     {
 365:Drivers/STM32L0xx_HAL_Driver/Src/stm32l0xx_hal_rcc.c ****       if((__HAL_RCC_GET_FLAG(RCC_FLAG_HSERDY) != 0U) && (RCC_OscInitStruct->HSEState == RCC_HSE_OFF
 366:Drivers/STM32L0xx_HAL_Driver/Src/stm32l0xx_hal_rcc.c ****       {
 367:Drivers/STM32L0xx_HAL_Driver/Src/stm32l0xx_hal_rcc.c ****         return HAL_ERROR;
 368:Drivers/STM32L0xx_HAL_Driver/Src/stm32l0xx_hal_rcc.c ****       }
 369:Drivers/STM32L0xx_HAL_Driver/Src/stm32l0xx_hal_rcc.c ****     }
 370:Drivers/STM32L0xx_HAL_Driver/Src/stm32l0xx_hal_rcc.c ****     else
 371:Drivers/STM32L0xx_HAL_Driver/Src/stm32l0xx_hal_rcc.c ****     {
 372:Drivers/STM32L0xx_HAL_Driver/Src/stm32l0xx_hal_rcc.c ****       /* Set the new HSE configuration ---------------------------------------*/
 373:Drivers/STM32L0xx_HAL_Driver/Src/stm32l0xx_hal_rcc.c ****       __HAL_RCC_HSE_CONFIG(RCC_OscInitStruct->HSEState);
 374:Drivers/STM32L0xx_HAL_Driver/Src/stm32l0xx_hal_rcc.c **** 
 375:Drivers/STM32L0xx_HAL_Driver/Src/stm32l0xx_hal_rcc.c ****       /* Check the HSE State */
 376:Drivers/STM32L0xx_HAL_Driver/Src/stm32l0xx_hal_rcc.c ****       if(RCC_OscInitStruct->HSEState != RCC_HSE_OFF)
 377:Drivers/STM32L0xx_HAL_Driver/Src/stm32l0xx_hal_rcc.c ****       {
 378:Drivers/STM32L0xx_HAL_Driver/Src/stm32l0xx_hal_rcc.c ****         /* Get Start Tick */
 379:Drivers/STM32L0xx_HAL_Driver/Src/stm32l0xx_hal_rcc.c ****         tickstart = HAL_GetTick();
 380:Drivers/STM32L0xx_HAL_Driver/Src/stm32l0xx_hal_rcc.c **** 
 381:Drivers/STM32L0xx_HAL_Driver/Src/stm32l0xx_hal_rcc.c ****         /* Wait till HSE is ready */
 382:Drivers/STM32L0xx_HAL_Driver/Src/stm32l0xx_hal_rcc.c ****         while(__HAL_RCC_GET_FLAG(RCC_FLAG_HSERDY) == 0U)
 383:Drivers/STM32L0xx_HAL_Driver/Src/stm32l0xx_hal_rcc.c ****         {
 384:Drivers/STM32L0xx_HAL_Driver/Src/stm32l0xx_hal_rcc.c ****           if((HAL_GetTick() - tickstart ) > HSE_TIMEOUT_VALUE)
 385:Drivers/STM32L0xx_HAL_Driver/Src/stm32l0xx_hal_rcc.c ****           {
 386:Drivers/STM32L0xx_HAL_Driver/Src/stm32l0xx_hal_rcc.c ****             return HAL_TIMEOUT;
 387:Drivers/STM32L0xx_HAL_Driver/Src/stm32l0xx_hal_rcc.c ****           }
 388:Drivers/STM32L0xx_HAL_Driver/Src/stm32l0xx_hal_rcc.c ****         }
 389:Drivers/STM32L0xx_HAL_Driver/Src/stm32l0xx_hal_rcc.c ****       }
 390:Drivers/STM32L0xx_HAL_Driver/Src/stm32l0xx_hal_rcc.c ****       else
 391:Drivers/STM32L0xx_HAL_Driver/Src/stm32l0xx_hal_rcc.c ****       {
 392:Drivers/STM32L0xx_HAL_Driver/Src/stm32l0xx_hal_rcc.c ****         /* Get Start Tick */
 393:Drivers/STM32L0xx_HAL_Driver/Src/stm32l0xx_hal_rcc.c ****         tickstart = HAL_GetTick();
 394:Drivers/STM32L0xx_HAL_Driver/Src/stm32l0xx_hal_rcc.c **** 
 395:Drivers/STM32L0xx_HAL_Driver/Src/stm32l0xx_hal_rcc.c ****         /* Wait till HSE is disabled */
 396:Drivers/STM32L0xx_HAL_Driver/Src/stm32l0xx_hal_rcc.c ****         while(__HAL_RCC_GET_FLAG(RCC_FLAG_HSERDY) != 0U)
 397:Drivers/STM32L0xx_HAL_Driver/Src/stm32l0xx_hal_rcc.c ****         {
 398:Drivers/STM32L0xx_HAL_Driver/Src/stm32l0xx_hal_rcc.c ****            if((HAL_GetTick() - tickstart ) > HSE_TIMEOUT_VALUE)
 399:Drivers/STM32L0xx_HAL_Driver/Src/stm32l0xx_hal_rcc.c ****           {
 400:Drivers/STM32L0xx_HAL_Driver/Src/stm32l0xx_hal_rcc.c ****             return HAL_TIMEOUT;
ARM GAS  /var/folders/d7/pb3dkhys6j3db_qtp_8v34p80000gn/T//ccnF7AbK.s 			page 13


 401:Drivers/STM32L0xx_HAL_Driver/Src/stm32l0xx_hal_rcc.c ****           }
 402:Drivers/STM32L0xx_HAL_Driver/Src/stm32l0xx_hal_rcc.c ****         }
 403:Drivers/STM32L0xx_HAL_Driver/Src/stm32l0xx_hal_rcc.c ****       }
 404:Drivers/STM32L0xx_HAL_Driver/Src/stm32l0xx_hal_rcc.c ****     }
 405:Drivers/STM32L0xx_HAL_Driver/Src/stm32l0xx_hal_rcc.c ****   }
 406:Drivers/STM32L0xx_HAL_Driver/Src/stm32l0xx_hal_rcc.c ****   /*----------------------------- HSI Configuration --------------------------*/
 407:Drivers/STM32L0xx_HAL_Driver/Src/stm32l0xx_hal_rcc.c ****   if(((RCC_OscInitStruct->OscillatorType) & RCC_OSCILLATORTYPE_HSI) == RCC_OSCILLATORTYPE_HSI)
 408:Drivers/STM32L0xx_HAL_Driver/Src/stm32l0xx_hal_rcc.c ****   {
 409:Drivers/STM32L0xx_HAL_Driver/Src/stm32l0xx_hal_rcc.c ****     /* Check the parameters */
 410:Drivers/STM32L0xx_HAL_Driver/Src/stm32l0xx_hal_rcc.c ****     assert_param(IS_RCC_HSI(RCC_OscInitStruct->HSIState));
 411:Drivers/STM32L0xx_HAL_Driver/Src/stm32l0xx_hal_rcc.c ****     assert_param(IS_RCC_CALIBRATION_VALUE(RCC_OscInitStruct->HSICalibrationValue));
 412:Drivers/STM32L0xx_HAL_Driver/Src/stm32l0xx_hal_rcc.c **** 
 413:Drivers/STM32L0xx_HAL_Driver/Src/stm32l0xx_hal_rcc.c ****     hsi_state = RCC_OscInitStruct->HSIState;
 414:Drivers/STM32L0xx_HAL_Driver/Src/stm32l0xx_hal_rcc.c **** 
 415:Drivers/STM32L0xx_HAL_Driver/Src/stm32l0xx_hal_rcc.c **** #if defined(RCC_CR_HSIOUTEN)
 416:Drivers/STM32L0xx_HAL_Driver/Src/stm32l0xx_hal_rcc.c ****     if((hsi_state & RCC_HSI_OUTEN) != 0U)
 417:Drivers/STM32L0xx_HAL_Driver/Src/stm32l0xx_hal_rcc.c ****     {
 418:Drivers/STM32L0xx_HAL_Driver/Src/stm32l0xx_hal_rcc.c ****       /* HSI Output enable for timer requested */
 419:Drivers/STM32L0xx_HAL_Driver/Src/stm32l0xx_hal_rcc.c ****       SET_BIT(RCC->CR, RCC_CR_HSIOUTEN);
 420:Drivers/STM32L0xx_HAL_Driver/Src/stm32l0xx_hal_rcc.c **** 
 421:Drivers/STM32L0xx_HAL_Driver/Src/stm32l0xx_hal_rcc.c ****       hsi_state &= ~RCC_CR_HSIOUTEN;
 422:Drivers/STM32L0xx_HAL_Driver/Src/stm32l0xx_hal_rcc.c ****     }
 423:Drivers/STM32L0xx_HAL_Driver/Src/stm32l0xx_hal_rcc.c **** #endif
 424:Drivers/STM32L0xx_HAL_Driver/Src/stm32l0xx_hal_rcc.c **** 
 425:Drivers/STM32L0xx_HAL_Driver/Src/stm32l0xx_hal_rcc.c ****     /* Check if HSI is used as system clock or as PLL source when PLL is selected as system clock *
 426:Drivers/STM32L0xx_HAL_Driver/Src/stm32l0xx_hal_rcc.c ****     if((sysclk_source == RCC_SYSCLKSOURCE_STATUS_HSI)
 427:Drivers/STM32L0xx_HAL_Driver/Src/stm32l0xx_hal_rcc.c ****        || ((sysclk_source == RCC_SYSCLKSOURCE_STATUS_PLLCLK) && (pll_config == RCC_PLLSOURCE_HSI)))
 428:Drivers/STM32L0xx_HAL_Driver/Src/stm32l0xx_hal_rcc.c ****     {
 429:Drivers/STM32L0xx_HAL_Driver/Src/stm32l0xx_hal_rcc.c ****       /* When HSI is used as system clock it will not disabled */
 430:Drivers/STM32L0xx_HAL_Driver/Src/stm32l0xx_hal_rcc.c ****       if((__HAL_RCC_GET_FLAG(RCC_FLAG_HSIRDY) != 0U) && (hsi_state == RCC_HSI_OFF))
 431:Drivers/STM32L0xx_HAL_Driver/Src/stm32l0xx_hal_rcc.c ****       {
 432:Drivers/STM32L0xx_HAL_Driver/Src/stm32l0xx_hal_rcc.c ****         return HAL_ERROR;
 433:Drivers/STM32L0xx_HAL_Driver/Src/stm32l0xx_hal_rcc.c ****       }
 434:Drivers/STM32L0xx_HAL_Driver/Src/stm32l0xx_hal_rcc.c ****       /* Otherwise, just the calibration and HSI or HSIdiv4 are allowed */
 435:Drivers/STM32L0xx_HAL_Driver/Src/stm32l0xx_hal_rcc.c ****       else
 436:Drivers/STM32L0xx_HAL_Driver/Src/stm32l0xx_hal_rcc.c ****       {
 437:Drivers/STM32L0xx_HAL_Driver/Src/stm32l0xx_hal_rcc.c ****         /* Adjusts the Internal High Speed oscillator (HSI) calibration value.*/
 438:Drivers/STM32L0xx_HAL_Driver/Src/stm32l0xx_hal_rcc.c ****         __HAL_RCC_HSI_CALIBRATIONVALUE_ADJUST(RCC_OscInitStruct->HSICalibrationValue);
 439:Drivers/STM32L0xx_HAL_Driver/Src/stm32l0xx_hal_rcc.c **** 
 440:Drivers/STM32L0xx_HAL_Driver/Src/stm32l0xx_hal_rcc.c ****         /* Enable the Internal High Speed oscillator (HSI or HSIdiv4) */
 441:Drivers/STM32L0xx_HAL_Driver/Src/stm32l0xx_hal_rcc.c ****         __HAL_RCC_HSI_CONFIG(hsi_state);
 442:Drivers/STM32L0xx_HAL_Driver/Src/stm32l0xx_hal_rcc.c ****       }
 443:Drivers/STM32L0xx_HAL_Driver/Src/stm32l0xx_hal_rcc.c **** 
 444:Drivers/STM32L0xx_HAL_Driver/Src/stm32l0xx_hal_rcc.c ****       /* Update the SystemCoreClock global variable */
 445:Drivers/STM32L0xx_HAL_Driver/Src/stm32l0xx_hal_rcc.c ****       SystemCoreClock = HAL_RCC_GetSysClockFreq() >> AHBPrescTable[(RCC->CFGR & RCC_CFGR_HPRE)>> RC
 446:Drivers/STM32L0xx_HAL_Driver/Src/stm32l0xx_hal_rcc.c **** 
 447:Drivers/STM32L0xx_HAL_Driver/Src/stm32l0xx_hal_rcc.c ****       /* Configure the source of time base considering new system clocks settings*/
 448:Drivers/STM32L0xx_HAL_Driver/Src/stm32l0xx_hal_rcc.c ****       status = HAL_InitTick (uwTickPrio);
 449:Drivers/STM32L0xx_HAL_Driver/Src/stm32l0xx_hal_rcc.c ****       if(status != HAL_OK)
 450:Drivers/STM32L0xx_HAL_Driver/Src/stm32l0xx_hal_rcc.c ****       {
 451:Drivers/STM32L0xx_HAL_Driver/Src/stm32l0xx_hal_rcc.c ****         return status;
 452:Drivers/STM32L0xx_HAL_Driver/Src/stm32l0xx_hal_rcc.c ****       }
 453:Drivers/STM32L0xx_HAL_Driver/Src/stm32l0xx_hal_rcc.c ****     }
 454:Drivers/STM32L0xx_HAL_Driver/Src/stm32l0xx_hal_rcc.c ****     else
 455:Drivers/STM32L0xx_HAL_Driver/Src/stm32l0xx_hal_rcc.c ****     {
 456:Drivers/STM32L0xx_HAL_Driver/Src/stm32l0xx_hal_rcc.c ****       /* Check the HSI State */
 457:Drivers/STM32L0xx_HAL_Driver/Src/stm32l0xx_hal_rcc.c ****       if(hsi_state != RCC_HSI_OFF)
ARM GAS  /var/folders/d7/pb3dkhys6j3db_qtp_8v34p80000gn/T//ccnF7AbK.s 			page 14


 458:Drivers/STM32L0xx_HAL_Driver/Src/stm32l0xx_hal_rcc.c ****       {
 459:Drivers/STM32L0xx_HAL_Driver/Src/stm32l0xx_hal_rcc.c ****         /* Enable the Internal High Speed oscillator (HSI or HSIdiv4) */
 460:Drivers/STM32L0xx_HAL_Driver/Src/stm32l0xx_hal_rcc.c ****         __HAL_RCC_HSI_CONFIG(hsi_state);
 461:Drivers/STM32L0xx_HAL_Driver/Src/stm32l0xx_hal_rcc.c **** 
 462:Drivers/STM32L0xx_HAL_Driver/Src/stm32l0xx_hal_rcc.c ****         /* Get Start Tick */
 463:Drivers/STM32L0xx_HAL_Driver/Src/stm32l0xx_hal_rcc.c ****         tickstart = HAL_GetTick();
 464:Drivers/STM32L0xx_HAL_Driver/Src/stm32l0xx_hal_rcc.c **** 
 465:Drivers/STM32L0xx_HAL_Driver/Src/stm32l0xx_hal_rcc.c ****         /* Wait till HSI is ready */
 466:Drivers/STM32L0xx_HAL_Driver/Src/stm32l0xx_hal_rcc.c ****         while(__HAL_RCC_GET_FLAG(RCC_FLAG_HSIRDY) == 0U)
 467:Drivers/STM32L0xx_HAL_Driver/Src/stm32l0xx_hal_rcc.c ****         {
 468:Drivers/STM32L0xx_HAL_Driver/Src/stm32l0xx_hal_rcc.c ****           if((HAL_GetTick() - tickstart ) > HSI_TIMEOUT_VALUE)
 469:Drivers/STM32L0xx_HAL_Driver/Src/stm32l0xx_hal_rcc.c ****           {
 470:Drivers/STM32L0xx_HAL_Driver/Src/stm32l0xx_hal_rcc.c ****             return HAL_TIMEOUT;
 471:Drivers/STM32L0xx_HAL_Driver/Src/stm32l0xx_hal_rcc.c ****           }
 472:Drivers/STM32L0xx_HAL_Driver/Src/stm32l0xx_hal_rcc.c ****         }
 473:Drivers/STM32L0xx_HAL_Driver/Src/stm32l0xx_hal_rcc.c **** 
 474:Drivers/STM32L0xx_HAL_Driver/Src/stm32l0xx_hal_rcc.c ****         /* Adjusts the Internal High Speed oscillator (HSI) calibration value.*/
 475:Drivers/STM32L0xx_HAL_Driver/Src/stm32l0xx_hal_rcc.c ****         __HAL_RCC_HSI_CALIBRATIONVALUE_ADJUST(RCC_OscInitStruct->HSICalibrationValue);
 476:Drivers/STM32L0xx_HAL_Driver/Src/stm32l0xx_hal_rcc.c ****       }
 477:Drivers/STM32L0xx_HAL_Driver/Src/stm32l0xx_hal_rcc.c ****       else
 478:Drivers/STM32L0xx_HAL_Driver/Src/stm32l0xx_hal_rcc.c ****       {
 479:Drivers/STM32L0xx_HAL_Driver/Src/stm32l0xx_hal_rcc.c ****         /* Disable the Internal High Speed oscillator (HSI). */
 480:Drivers/STM32L0xx_HAL_Driver/Src/stm32l0xx_hal_rcc.c ****         __HAL_RCC_HSI_DISABLE();
 481:Drivers/STM32L0xx_HAL_Driver/Src/stm32l0xx_hal_rcc.c **** 
 482:Drivers/STM32L0xx_HAL_Driver/Src/stm32l0xx_hal_rcc.c ****         /* Get Start Tick */
 483:Drivers/STM32L0xx_HAL_Driver/Src/stm32l0xx_hal_rcc.c ****         tickstart = HAL_GetTick();
 484:Drivers/STM32L0xx_HAL_Driver/Src/stm32l0xx_hal_rcc.c **** 
 485:Drivers/STM32L0xx_HAL_Driver/Src/stm32l0xx_hal_rcc.c ****         /* Wait till HSI is disabled */
 486:Drivers/STM32L0xx_HAL_Driver/Src/stm32l0xx_hal_rcc.c ****         while(__HAL_RCC_GET_FLAG(RCC_FLAG_HSIRDY) != 0U)
 487:Drivers/STM32L0xx_HAL_Driver/Src/stm32l0xx_hal_rcc.c ****         {
 488:Drivers/STM32L0xx_HAL_Driver/Src/stm32l0xx_hal_rcc.c ****           if((HAL_GetTick() - tickstart ) > HSI_TIMEOUT_VALUE)
 489:Drivers/STM32L0xx_HAL_Driver/Src/stm32l0xx_hal_rcc.c ****           {
 490:Drivers/STM32L0xx_HAL_Driver/Src/stm32l0xx_hal_rcc.c ****             return HAL_TIMEOUT;
 491:Drivers/STM32L0xx_HAL_Driver/Src/stm32l0xx_hal_rcc.c ****           }
 492:Drivers/STM32L0xx_HAL_Driver/Src/stm32l0xx_hal_rcc.c ****         }
 493:Drivers/STM32L0xx_HAL_Driver/Src/stm32l0xx_hal_rcc.c ****       }
 494:Drivers/STM32L0xx_HAL_Driver/Src/stm32l0xx_hal_rcc.c ****     }
 495:Drivers/STM32L0xx_HAL_Driver/Src/stm32l0xx_hal_rcc.c ****   }
 496:Drivers/STM32L0xx_HAL_Driver/Src/stm32l0xx_hal_rcc.c ****   /*----------------------------- MSI Configuration --------------------------*/
 497:Drivers/STM32L0xx_HAL_Driver/Src/stm32l0xx_hal_rcc.c ****   if(((RCC_OscInitStruct->OscillatorType) & RCC_OSCILLATORTYPE_MSI) == RCC_OSCILLATORTYPE_MSI)
 498:Drivers/STM32L0xx_HAL_Driver/Src/stm32l0xx_hal_rcc.c ****   {
 499:Drivers/STM32L0xx_HAL_Driver/Src/stm32l0xx_hal_rcc.c ****     /* When the MSI is used as system clock it will not be disabled */
 500:Drivers/STM32L0xx_HAL_Driver/Src/stm32l0xx_hal_rcc.c ****     if(sysclk_source == RCC_CFGR_SWS_MSI)
 501:Drivers/STM32L0xx_HAL_Driver/Src/stm32l0xx_hal_rcc.c ****     {
 502:Drivers/STM32L0xx_HAL_Driver/Src/stm32l0xx_hal_rcc.c ****       if((__HAL_RCC_GET_FLAG(RCC_FLAG_MSIRDY) != 0U) && (RCC_OscInitStruct->MSIState == RCC_MSI_OFF
 503:Drivers/STM32L0xx_HAL_Driver/Src/stm32l0xx_hal_rcc.c ****       {
 504:Drivers/STM32L0xx_HAL_Driver/Src/stm32l0xx_hal_rcc.c ****         return HAL_ERROR;
 505:Drivers/STM32L0xx_HAL_Driver/Src/stm32l0xx_hal_rcc.c ****       }
 506:Drivers/STM32L0xx_HAL_Driver/Src/stm32l0xx_hal_rcc.c ****       /* Otherwise, just the calibration and MSI range change are allowed */
 507:Drivers/STM32L0xx_HAL_Driver/Src/stm32l0xx_hal_rcc.c ****       else
 508:Drivers/STM32L0xx_HAL_Driver/Src/stm32l0xx_hal_rcc.c ****       {
 509:Drivers/STM32L0xx_HAL_Driver/Src/stm32l0xx_hal_rcc.c ****         /* Check MSICalibrationValue and MSIClockRange input parameters */
 510:Drivers/STM32L0xx_HAL_Driver/Src/stm32l0xx_hal_rcc.c ****         assert_param(IS_RCC_MSICALIBRATION_VALUE(RCC_OscInitStruct->MSICalibrationValue));
 511:Drivers/STM32L0xx_HAL_Driver/Src/stm32l0xx_hal_rcc.c ****         assert_param(IS_RCC_MSI_CLOCK_RANGE(RCC_OscInitStruct->MSIClockRange));
 512:Drivers/STM32L0xx_HAL_Driver/Src/stm32l0xx_hal_rcc.c **** 
 513:Drivers/STM32L0xx_HAL_Driver/Src/stm32l0xx_hal_rcc.c ****         /* Selects the Multiple Speed oscillator (MSI) clock range .*/
 514:Drivers/STM32L0xx_HAL_Driver/Src/stm32l0xx_hal_rcc.c ****         __HAL_RCC_MSI_RANGE_CONFIG(RCC_OscInitStruct->MSIClockRange);
ARM GAS  /var/folders/d7/pb3dkhys6j3db_qtp_8v34p80000gn/T//ccnF7AbK.s 			page 15


 515:Drivers/STM32L0xx_HAL_Driver/Src/stm32l0xx_hal_rcc.c ****         /* Adjusts the Multiple Speed oscillator (MSI) calibration value.*/
 516:Drivers/STM32L0xx_HAL_Driver/Src/stm32l0xx_hal_rcc.c ****         __HAL_RCC_MSI_CALIBRATIONVALUE_ADJUST(RCC_OscInitStruct->MSICalibrationValue);
 517:Drivers/STM32L0xx_HAL_Driver/Src/stm32l0xx_hal_rcc.c **** 
 518:Drivers/STM32L0xx_HAL_Driver/Src/stm32l0xx_hal_rcc.c **** 
 519:Drivers/STM32L0xx_HAL_Driver/Src/stm32l0xx_hal_rcc.c ****         /* Update the SystemCoreClock global variable */
 520:Drivers/STM32L0xx_HAL_Driver/Src/stm32l0xx_hal_rcc.c ****         SystemCoreClock =  (32768U * (1UL << ((RCC_OscInitStruct->MSIClockRange >> RCC_ICSCR_MSIRAN
 521:Drivers/STM32L0xx_HAL_Driver/Src/stm32l0xx_hal_rcc.c ****                            >> AHBPrescTable[((RCC->CFGR & RCC_CFGR_HPRE) >> RCC_CFGR_HPRE_Pos)];
 522:Drivers/STM32L0xx_HAL_Driver/Src/stm32l0xx_hal_rcc.c **** 
 523:Drivers/STM32L0xx_HAL_Driver/Src/stm32l0xx_hal_rcc.c ****         /* Configure the source of time base considering new system clocks settings*/
 524:Drivers/STM32L0xx_HAL_Driver/Src/stm32l0xx_hal_rcc.c ****         status = HAL_InitTick (uwTickPrio);
 525:Drivers/STM32L0xx_HAL_Driver/Src/stm32l0xx_hal_rcc.c ****         if(status != HAL_OK)
 526:Drivers/STM32L0xx_HAL_Driver/Src/stm32l0xx_hal_rcc.c ****         {
 527:Drivers/STM32L0xx_HAL_Driver/Src/stm32l0xx_hal_rcc.c ****           return status;
 528:Drivers/STM32L0xx_HAL_Driver/Src/stm32l0xx_hal_rcc.c ****         }
 529:Drivers/STM32L0xx_HAL_Driver/Src/stm32l0xx_hal_rcc.c ****       }
 530:Drivers/STM32L0xx_HAL_Driver/Src/stm32l0xx_hal_rcc.c ****     }
 531:Drivers/STM32L0xx_HAL_Driver/Src/stm32l0xx_hal_rcc.c ****     else
 532:Drivers/STM32L0xx_HAL_Driver/Src/stm32l0xx_hal_rcc.c ****     {
 533:Drivers/STM32L0xx_HAL_Driver/Src/stm32l0xx_hal_rcc.c ****       /* Check MSI State */
 534:Drivers/STM32L0xx_HAL_Driver/Src/stm32l0xx_hal_rcc.c ****       assert_param(IS_RCC_MSI(RCC_OscInitStruct->MSIState));
 535:Drivers/STM32L0xx_HAL_Driver/Src/stm32l0xx_hal_rcc.c **** 
 536:Drivers/STM32L0xx_HAL_Driver/Src/stm32l0xx_hal_rcc.c ****       /* Check the MSI State */
 537:Drivers/STM32L0xx_HAL_Driver/Src/stm32l0xx_hal_rcc.c ****       if(RCC_OscInitStruct->MSIState != RCC_MSI_OFF)
 538:Drivers/STM32L0xx_HAL_Driver/Src/stm32l0xx_hal_rcc.c ****       {
 539:Drivers/STM32L0xx_HAL_Driver/Src/stm32l0xx_hal_rcc.c ****         /* Enable the Multi Speed oscillator (MSI). */
 540:Drivers/STM32L0xx_HAL_Driver/Src/stm32l0xx_hal_rcc.c ****         __HAL_RCC_MSI_ENABLE();
 541:Drivers/STM32L0xx_HAL_Driver/Src/stm32l0xx_hal_rcc.c **** 
 542:Drivers/STM32L0xx_HAL_Driver/Src/stm32l0xx_hal_rcc.c ****         /* Get Start Tick */
 543:Drivers/STM32L0xx_HAL_Driver/Src/stm32l0xx_hal_rcc.c ****         tickstart = HAL_GetTick();
 544:Drivers/STM32L0xx_HAL_Driver/Src/stm32l0xx_hal_rcc.c **** 
 545:Drivers/STM32L0xx_HAL_Driver/Src/stm32l0xx_hal_rcc.c ****         /* Wait till MSI is ready */
 546:Drivers/STM32L0xx_HAL_Driver/Src/stm32l0xx_hal_rcc.c ****         while(__HAL_RCC_GET_FLAG(RCC_FLAG_MSIRDY) == 0U)
 547:Drivers/STM32L0xx_HAL_Driver/Src/stm32l0xx_hal_rcc.c ****         {
 548:Drivers/STM32L0xx_HAL_Driver/Src/stm32l0xx_hal_rcc.c ****           if((HAL_GetTick() - tickstart) > MSI_TIMEOUT_VALUE)
 549:Drivers/STM32L0xx_HAL_Driver/Src/stm32l0xx_hal_rcc.c ****           {
 550:Drivers/STM32L0xx_HAL_Driver/Src/stm32l0xx_hal_rcc.c ****             return HAL_TIMEOUT;
 551:Drivers/STM32L0xx_HAL_Driver/Src/stm32l0xx_hal_rcc.c ****           }
 552:Drivers/STM32L0xx_HAL_Driver/Src/stm32l0xx_hal_rcc.c ****         }
 553:Drivers/STM32L0xx_HAL_Driver/Src/stm32l0xx_hal_rcc.c ****         /* Check MSICalibrationValue and MSIClockRange input parameters */
 554:Drivers/STM32L0xx_HAL_Driver/Src/stm32l0xx_hal_rcc.c ****         assert_param(IS_RCC_MSICALIBRATION_VALUE(RCC_OscInitStruct->MSICalibrationValue));
 555:Drivers/STM32L0xx_HAL_Driver/Src/stm32l0xx_hal_rcc.c ****         assert_param(IS_RCC_MSI_CLOCK_RANGE(RCC_OscInitStruct->MSIClockRange));
 556:Drivers/STM32L0xx_HAL_Driver/Src/stm32l0xx_hal_rcc.c **** 
 557:Drivers/STM32L0xx_HAL_Driver/Src/stm32l0xx_hal_rcc.c ****         /* Selects the Multiple Speed oscillator (MSI) clock range .*/
 558:Drivers/STM32L0xx_HAL_Driver/Src/stm32l0xx_hal_rcc.c ****         __HAL_RCC_MSI_RANGE_CONFIG(RCC_OscInitStruct->MSIClockRange);
 559:Drivers/STM32L0xx_HAL_Driver/Src/stm32l0xx_hal_rcc.c ****          /* Adjusts the Multiple Speed oscillator (MSI) calibration value.*/
 560:Drivers/STM32L0xx_HAL_Driver/Src/stm32l0xx_hal_rcc.c ****         __HAL_RCC_MSI_CALIBRATIONVALUE_ADJUST(RCC_OscInitStruct->MSICalibrationValue);
 561:Drivers/STM32L0xx_HAL_Driver/Src/stm32l0xx_hal_rcc.c ****       }
 562:Drivers/STM32L0xx_HAL_Driver/Src/stm32l0xx_hal_rcc.c ****       else
 563:Drivers/STM32L0xx_HAL_Driver/Src/stm32l0xx_hal_rcc.c ****       {
 564:Drivers/STM32L0xx_HAL_Driver/Src/stm32l0xx_hal_rcc.c ****         /* Disable the Multi Speed oscillator (MSI). */
 565:Drivers/STM32L0xx_HAL_Driver/Src/stm32l0xx_hal_rcc.c ****         __HAL_RCC_MSI_DISABLE();
 566:Drivers/STM32L0xx_HAL_Driver/Src/stm32l0xx_hal_rcc.c **** 
 567:Drivers/STM32L0xx_HAL_Driver/Src/stm32l0xx_hal_rcc.c ****         /* Get Start Tick */
 568:Drivers/STM32L0xx_HAL_Driver/Src/stm32l0xx_hal_rcc.c ****         tickstart = HAL_GetTick();
 569:Drivers/STM32L0xx_HAL_Driver/Src/stm32l0xx_hal_rcc.c **** 
 570:Drivers/STM32L0xx_HAL_Driver/Src/stm32l0xx_hal_rcc.c ****         /* Wait till MSI is ready */
 571:Drivers/STM32L0xx_HAL_Driver/Src/stm32l0xx_hal_rcc.c ****         while(__HAL_RCC_GET_FLAG(RCC_FLAG_MSIRDY) != 0U)
ARM GAS  /var/folders/d7/pb3dkhys6j3db_qtp_8v34p80000gn/T//ccnF7AbK.s 			page 16


 572:Drivers/STM32L0xx_HAL_Driver/Src/stm32l0xx_hal_rcc.c ****         {
 573:Drivers/STM32L0xx_HAL_Driver/Src/stm32l0xx_hal_rcc.c ****           if((HAL_GetTick() - tickstart) > MSI_TIMEOUT_VALUE)
 574:Drivers/STM32L0xx_HAL_Driver/Src/stm32l0xx_hal_rcc.c ****           {
 575:Drivers/STM32L0xx_HAL_Driver/Src/stm32l0xx_hal_rcc.c ****             return HAL_TIMEOUT;
 576:Drivers/STM32L0xx_HAL_Driver/Src/stm32l0xx_hal_rcc.c ****           }
 577:Drivers/STM32L0xx_HAL_Driver/Src/stm32l0xx_hal_rcc.c ****         }
 578:Drivers/STM32L0xx_HAL_Driver/Src/stm32l0xx_hal_rcc.c ****       }
 579:Drivers/STM32L0xx_HAL_Driver/Src/stm32l0xx_hal_rcc.c ****     }
 580:Drivers/STM32L0xx_HAL_Driver/Src/stm32l0xx_hal_rcc.c ****   }
 581:Drivers/STM32L0xx_HAL_Driver/Src/stm32l0xx_hal_rcc.c ****   /*------------------------------ LSI Configuration -------------------------*/
 582:Drivers/STM32L0xx_HAL_Driver/Src/stm32l0xx_hal_rcc.c ****   if(((RCC_OscInitStruct->OscillatorType) & RCC_OSCILLATORTYPE_LSI) == RCC_OSCILLATORTYPE_LSI)
 583:Drivers/STM32L0xx_HAL_Driver/Src/stm32l0xx_hal_rcc.c ****   {
 584:Drivers/STM32L0xx_HAL_Driver/Src/stm32l0xx_hal_rcc.c ****     /* Check the parameters */
 585:Drivers/STM32L0xx_HAL_Driver/Src/stm32l0xx_hal_rcc.c ****     assert_param(IS_RCC_LSI(RCC_OscInitStruct->LSIState));
 586:Drivers/STM32L0xx_HAL_Driver/Src/stm32l0xx_hal_rcc.c **** 
 587:Drivers/STM32L0xx_HAL_Driver/Src/stm32l0xx_hal_rcc.c ****     /* Check the LSI State */
 588:Drivers/STM32L0xx_HAL_Driver/Src/stm32l0xx_hal_rcc.c ****     if(RCC_OscInitStruct->LSIState != RCC_LSI_OFF)
 589:Drivers/STM32L0xx_HAL_Driver/Src/stm32l0xx_hal_rcc.c ****     {
 590:Drivers/STM32L0xx_HAL_Driver/Src/stm32l0xx_hal_rcc.c ****       /* Enable the Internal Low Speed oscillator (LSI). */
 591:Drivers/STM32L0xx_HAL_Driver/Src/stm32l0xx_hal_rcc.c ****       __HAL_RCC_LSI_ENABLE();
 592:Drivers/STM32L0xx_HAL_Driver/Src/stm32l0xx_hal_rcc.c **** 
 593:Drivers/STM32L0xx_HAL_Driver/Src/stm32l0xx_hal_rcc.c ****       /* Get Start Tick */
 594:Drivers/STM32L0xx_HAL_Driver/Src/stm32l0xx_hal_rcc.c ****       tickstart = HAL_GetTick();
 595:Drivers/STM32L0xx_HAL_Driver/Src/stm32l0xx_hal_rcc.c **** 
 596:Drivers/STM32L0xx_HAL_Driver/Src/stm32l0xx_hal_rcc.c ****       /* Wait till LSI is ready */
 597:Drivers/STM32L0xx_HAL_Driver/Src/stm32l0xx_hal_rcc.c ****       while(__HAL_RCC_GET_FLAG(RCC_FLAG_LSIRDY) == 0U)
 598:Drivers/STM32L0xx_HAL_Driver/Src/stm32l0xx_hal_rcc.c ****       {
 599:Drivers/STM32L0xx_HAL_Driver/Src/stm32l0xx_hal_rcc.c ****         if((HAL_GetTick() - tickstart ) > LSI_TIMEOUT_VALUE)
 600:Drivers/STM32L0xx_HAL_Driver/Src/stm32l0xx_hal_rcc.c ****         {
 601:Drivers/STM32L0xx_HAL_Driver/Src/stm32l0xx_hal_rcc.c ****           return HAL_TIMEOUT;
 602:Drivers/STM32L0xx_HAL_Driver/Src/stm32l0xx_hal_rcc.c ****         }
 603:Drivers/STM32L0xx_HAL_Driver/Src/stm32l0xx_hal_rcc.c ****       }
 604:Drivers/STM32L0xx_HAL_Driver/Src/stm32l0xx_hal_rcc.c ****     }
 605:Drivers/STM32L0xx_HAL_Driver/Src/stm32l0xx_hal_rcc.c ****     else
 606:Drivers/STM32L0xx_HAL_Driver/Src/stm32l0xx_hal_rcc.c ****     {
 607:Drivers/STM32L0xx_HAL_Driver/Src/stm32l0xx_hal_rcc.c ****       /* Disable the Internal Low Speed oscillator (LSI). */
 608:Drivers/STM32L0xx_HAL_Driver/Src/stm32l0xx_hal_rcc.c ****       __HAL_RCC_LSI_DISABLE();
 609:Drivers/STM32L0xx_HAL_Driver/Src/stm32l0xx_hal_rcc.c **** 
 610:Drivers/STM32L0xx_HAL_Driver/Src/stm32l0xx_hal_rcc.c ****       /* Get Start Tick */
 611:Drivers/STM32L0xx_HAL_Driver/Src/stm32l0xx_hal_rcc.c ****       tickstart = HAL_GetTick();
 612:Drivers/STM32L0xx_HAL_Driver/Src/stm32l0xx_hal_rcc.c **** 
 613:Drivers/STM32L0xx_HAL_Driver/Src/stm32l0xx_hal_rcc.c ****       /* Wait till LSI is disabled */
 614:Drivers/STM32L0xx_HAL_Driver/Src/stm32l0xx_hal_rcc.c ****       while(__HAL_RCC_GET_FLAG(RCC_FLAG_LSIRDY) != 0U)
 615:Drivers/STM32L0xx_HAL_Driver/Src/stm32l0xx_hal_rcc.c ****       {
 616:Drivers/STM32L0xx_HAL_Driver/Src/stm32l0xx_hal_rcc.c ****         if((HAL_GetTick() - tickstart ) > LSI_TIMEOUT_VALUE)
 617:Drivers/STM32L0xx_HAL_Driver/Src/stm32l0xx_hal_rcc.c ****         {
 618:Drivers/STM32L0xx_HAL_Driver/Src/stm32l0xx_hal_rcc.c ****           return HAL_TIMEOUT;
 619:Drivers/STM32L0xx_HAL_Driver/Src/stm32l0xx_hal_rcc.c ****         }
 620:Drivers/STM32L0xx_HAL_Driver/Src/stm32l0xx_hal_rcc.c ****       }
 621:Drivers/STM32L0xx_HAL_Driver/Src/stm32l0xx_hal_rcc.c ****     }
 622:Drivers/STM32L0xx_HAL_Driver/Src/stm32l0xx_hal_rcc.c ****   }
 623:Drivers/STM32L0xx_HAL_Driver/Src/stm32l0xx_hal_rcc.c ****   /*------------------------------ LSE Configuration -------------------------*/
 624:Drivers/STM32L0xx_HAL_Driver/Src/stm32l0xx_hal_rcc.c ****   if(((RCC_OscInitStruct->OscillatorType) & RCC_OSCILLATORTYPE_LSE) == RCC_OSCILLATORTYPE_LSE)
 625:Drivers/STM32L0xx_HAL_Driver/Src/stm32l0xx_hal_rcc.c ****   {
 626:Drivers/STM32L0xx_HAL_Driver/Src/stm32l0xx_hal_rcc.c ****     FlagStatus       pwrclkchanged = RESET;
 627:Drivers/STM32L0xx_HAL_Driver/Src/stm32l0xx_hal_rcc.c **** 
 628:Drivers/STM32L0xx_HAL_Driver/Src/stm32l0xx_hal_rcc.c ****     /* Check the parameters */
ARM GAS  /var/folders/d7/pb3dkhys6j3db_qtp_8v34p80000gn/T//ccnF7AbK.s 			page 17


 629:Drivers/STM32L0xx_HAL_Driver/Src/stm32l0xx_hal_rcc.c ****     assert_param(IS_RCC_LSE(RCC_OscInitStruct->LSEState));
 630:Drivers/STM32L0xx_HAL_Driver/Src/stm32l0xx_hal_rcc.c **** 
 631:Drivers/STM32L0xx_HAL_Driver/Src/stm32l0xx_hal_rcc.c ****     /* Update LSE configuration in Backup Domain control register    */
 632:Drivers/STM32L0xx_HAL_Driver/Src/stm32l0xx_hal_rcc.c ****     /* Requires to enable write access to Backup Domain of necessary */
 633:Drivers/STM32L0xx_HAL_Driver/Src/stm32l0xx_hal_rcc.c ****     if(__HAL_RCC_PWR_IS_CLK_DISABLED())
 634:Drivers/STM32L0xx_HAL_Driver/Src/stm32l0xx_hal_rcc.c ****     {
 635:Drivers/STM32L0xx_HAL_Driver/Src/stm32l0xx_hal_rcc.c ****       __HAL_RCC_PWR_CLK_ENABLE();
 636:Drivers/STM32L0xx_HAL_Driver/Src/stm32l0xx_hal_rcc.c ****       pwrclkchanged = SET;
 637:Drivers/STM32L0xx_HAL_Driver/Src/stm32l0xx_hal_rcc.c ****     }
 638:Drivers/STM32L0xx_HAL_Driver/Src/stm32l0xx_hal_rcc.c **** 
 639:Drivers/STM32L0xx_HAL_Driver/Src/stm32l0xx_hal_rcc.c ****     if(HAL_IS_BIT_CLR(PWR->CR, PWR_CR_DBP))
 640:Drivers/STM32L0xx_HAL_Driver/Src/stm32l0xx_hal_rcc.c ****     {
 641:Drivers/STM32L0xx_HAL_Driver/Src/stm32l0xx_hal_rcc.c ****       /* Enable write access to Backup domain */
 642:Drivers/STM32L0xx_HAL_Driver/Src/stm32l0xx_hal_rcc.c ****       SET_BIT(PWR->CR, PWR_CR_DBP);
 643:Drivers/STM32L0xx_HAL_Driver/Src/stm32l0xx_hal_rcc.c **** 
 644:Drivers/STM32L0xx_HAL_Driver/Src/stm32l0xx_hal_rcc.c ****       /* Wait for Backup domain Write protection disable */
 645:Drivers/STM32L0xx_HAL_Driver/Src/stm32l0xx_hal_rcc.c ****       tickstart = HAL_GetTick();
 646:Drivers/STM32L0xx_HAL_Driver/Src/stm32l0xx_hal_rcc.c **** 
 647:Drivers/STM32L0xx_HAL_Driver/Src/stm32l0xx_hal_rcc.c ****       while(HAL_IS_BIT_CLR(PWR->CR, PWR_CR_DBP))
 648:Drivers/STM32L0xx_HAL_Driver/Src/stm32l0xx_hal_rcc.c ****       {
 649:Drivers/STM32L0xx_HAL_Driver/Src/stm32l0xx_hal_rcc.c ****         if((HAL_GetTick() - tickstart) > RCC_DBP_TIMEOUT_VALUE)
 650:Drivers/STM32L0xx_HAL_Driver/Src/stm32l0xx_hal_rcc.c ****         {
 651:Drivers/STM32L0xx_HAL_Driver/Src/stm32l0xx_hal_rcc.c ****           return HAL_TIMEOUT;
 652:Drivers/STM32L0xx_HAL_Driver/Src/stm32l0xx_hal_rcc.c ****         }
 653:Drivers/STM32L0xx_HAL_Driver/Src/stm32l0xx_hal_rcc.c ****       }
 654:Drivers/STM32L0xx_HAL_Driver/Src/stm32l0xx_hal_rcc.c ****     }
 655:Drivers/STM32L0xx_HAL_Driver/Src/stm32l0xx_hal_rcc.c **** 
 656:Drivers/STM32L0xx_HAL_Driver/Src/stm32l0xx_hal_rcc.c ****     /* Set the new LSE configuration -----------------------------------------*/
 657:Drivers/STM32L0xx_HAL_Driver/Src/stm32l0xx_hal_rcc.c ****     __HAL_RCC_LSE_CONFIG(RCC_OscInitStruct->LSEState);
 658:Drivers/STM32L0xx_HAL_Driver/Src/stm32l0xx_hal_rcc.c **** 
 659:Drivers/STM32L0xx_HAL_Driver/Src/stm32l0xx_hal_rcc.c ****     /* Check the LSE State */
 660:Drivers/STM32L0xx_HAL_Driver/Src/stm32l0xx_hal_rcc.c ****     if(RCC_OscInitStruct->LSEState != RCC_LSE_OFF)
 661:Drivers/STM32L0xx_HAL_Driver/Src/stm32l0xx_hal_rcc.c ****     {
 662:Drivers/STM32L0xx_HAL_Driver/Src/stm32l0xx_hal_rcc.c ****       /* Get Start Tick */
 663:Drivers/STM32L0xx_HAL_Driver/Src/stm32l0xx_hal_rcc.c ****       tickstart = HAL_GetTick();
 664:Drivers/STM32L0xx_HAL_Driver/Src/stm32l0xx_hal_rcc.c **** 
 665:Drivers/STM32L0xx_HAL_Driver/Src/stm32l0xx_hal_rcc.c ****       /* Wait till LSE is ready */
 666:Drivers/STM32L0xx_HAL_Driver/Src/stm32l0xx_hal_rcc.c ****       while(__HAL_RCC_GET_FLAG(RCC_FLAG_LSERDY) == 0U)
 667:Drivers/STM32L0xx_HAL_Driver/Src/stm32l0xx_hal_rcc.c ****       {
 668:Drivers/STM32L0xx_HAL_Driver/Src/stm32l0xx_hal_rcc.c ****         if((HAL_GetTick() - tickstart ) > RCC_LSE_TIMEOUT_VALUE)
 669:Drivers/STM32L0xx_HAL_Driver/Src/stm32l0xx_hal_rcc.c ****         {
 670:Drivers/STM32L0xx_HAL_Driver/Src/stm32l0xx_hal_rcc.c ****           return HAL_TIMEOUT;
 671:Drivers/STM32L0xx_HAL_Driver/Src/stm32l0xx_hal_rcc.c ****         }
 672:Drivers/STM32L0xx_HAL_Driver/Src/stm32l0xx_hal_rcc.c ****       }
 673:Drivers/STM32L0xx_HAL_Driver/Src/stm32l0xx_hal_rcc.c ****     }
 674:Drivers/STM32L0xx_HAL_Driver/Src/stm32l0xx_hal_rcc.c ****     else
 675:Drivers/STM32L0xx_HAL_Driver/Src/stm32l0xx_hal_rcc.c ****     {
 676:Drivers/STM32L0xx_HAL_Driver/Src/stm32l0xx_hal_rcc.c ****       /* Get Start Tick */
 677:Drivers/STM32L0xx_HAL_Driver/Src/stm32l0xx_hal_rcc.c ****       tickstart = HAL_GetTick();
 678:Drivers/STM32L0xx_HAL_Driver/Src/stm32l0xx_hal_rcc.c **** 
 679:Drivers/STM32L0xx_HAL_Driver/Src/stm32l0xx_hal_rcc.c ****       /* Wait till LSE is disabled */
 680:Drivers/STM32L0xx_HAL_Driver/Src/stm32l0xx_hal_rcc.c ****       while(__HAL_RCC_GET_FLAG(RCC_FLAG_LSERDY) != 0U)
 681:Drivers/STM32L0xx_HAL_Driver/Src/stm32l0xx_hal_rcc.c ****       {
 682:Drivers/STM32L0xx_HAL_Driver/Src/stm32l0xx_hal_rcc.c ****         if((HAL_GetTick() - tickstart ) > RCC_LSE_TIMEOUT_VALUE)
 683:Drivers/STM32L0xx_HAL_Driver/Src/stm32l0xx_hal_rcc.c ****         {
 684:Drivers/STM32L0xx_HAL_Driver/Src/stm32l0xx_hal_rcc.c ****           return HAL_TIMEOUT;
 685:Drivers/STM32L0xx_HAL_Driver/Src/stm32l0xx_hal_rcc.c ****         }
ARM GAS  /var/folders/d7/pb3dkhys6j3db_qtp_8v34p80000gn/T//ccnF7AbK.s 			page 18


 686:Drivers/STM32L0xx_HAL_Driver/Src/stm32l0xx_hal_rcc.c ****       }
 687:Drivers/STM32L0xx_HAL_Driver/Src/stm32l0xx_hal_rcc.c ****     }
 688:Drivers/STM32L0xx_HAL_Driver/Src/stm32l0xx_hal_rcc.c **** 
 689:Drivers/STM32L0xx_HAL_Driver/Src/stm32l0xx_hal_rcc.c ****     /* Require to disable power clock if necessary */
 690:Drivers/STM32L0xx_HAL_Driver/Src/stm32l0xx_hal_rcc.c ****     if(pwrclkchanged == SET)
 691:Drivers/STM32L0xx_HAL_Driver/Src/stm32l0xx_hal_rcc.c ****     {
 692:Drivers/STM32L0xx_HAL_Driver/Src/stm32l0xx_hal_rcc.c ****       __HAL_RCC_PWR_CLK_DISABLE();
 693:Drivers/STM32L0xx_HAL_Driver/Src/stm32l0xx_hal_rcc.c ****     }
 694:Drivers/STM32L0xx_HAL_Driver/Src/stm32l0xx_hal_rcc.c ****   }
 695:Drivers/STM32L0xx_HAL_Driver/Src/stm32l0xx_hal_rcc.c **** 
 696:Drivers/STM32L0xx_HAL_Driver/Src/stm32l0xx_hal_rcc.c **** #if defined(RCC_HSI48_SUPPORT)
 697:Drivers/STM32L0xx_HAL_Driver/Src/stm32l0xx_hal_rcc.c ****   /*----------------------------- HSI48 Configuration --------------------------*/
 698:Drivers/STM32L0xx_HAL_Driver/Src/stm32l0xx_hal_rcc.c ****   if(((RCC_OscInitStruct->OscillatorType) & RCC_OSCILLATORTYPE_HSI48) == RCC_OSCILLATORTYPE_HSI48)
 699:Drivers/STM32L0xx_HAL_Driver/Src/stm32l0xx_hal_rcc.c ****   {
 700:Drivers/STM32L0xx_HAL_Driver/Src/stm32l0xx_hal_rcc.c ****     /* Check the parameters */
 701:Drivers/STM32L0xx_HAL_Driver/Src/stm32l0xx_hal_rcc.c ****     assert_param(IS_RCC_HSI48(RCC_OscInitStruct->HSI48State));
 702:Drivers/STM32L0xx_HAL_Driver/Src/stm32l0xx_hal_rcc.c **** 
 703:Drivers/STM32L0xx_HAL_Driver/Src/stm32l0xx_hal_rcc.c ****       /* Check the HSI48 State */
 704:Drivers/STM32L0xx_HAL_Driver/Src/stm32l0xx_hal_rcc.c ****       if(RCC_OscInitStruct->HSI48State != RCC_HSI48_OFF)
 705:Drivers/STM32L0xx_HAL_Driver/Src/stm32l0xx_hal_rcc.c ****       {
 706:Drivers/STM32L0xx_HAL_Driver/Src/stm32l0xx_hal_rcc.c ****         /* Enable the Internal High Speed oscillator (HSI48). */
 707:Drivers/STM32L0xx_HAL_Driver/Src/stm32l0xx_hal_rcc.c ****         __HAL_RCC_HSI48_ENABLE();
 708:Drivers/STM32L0xx_HAL_Driver/Src/stm32l0xx_hal_rcc.c **** 
 709:Drivers/STM32L0xx_HAL_Driver/Src/stm32l0xx_hal_rcc.c ****         /* Get Start Tick */
 710:Drivers/STM32L0xx_HAL_Driver/Src/stm32l0xx_hal_rcc.c ****         tickstart = HAL_GetTick();
 711:Drivers/STM32L0xx_HAL_Driver/Src/stm32l0xx_hal_rcc.c **** 
 712:Drivers/STM32L0xx_HAL_Driver/Src/stm32l0xx_hal_rcc.c ****         /* Wait till HSI48 is ready */
 713:Drivers/STM32L0xx_HAL_Driver/Src/stm32l0xx_hal_rcc.c ****         while(__HAL_RCC_GET_FLAG(RCC_FLAG_HSI48RDY) == 0U)
 714:Drivers/STM32L0xx_HAL_Driver/Src/stm32l0xx_hal_rcc.c ****         {
 715:Drivers/STM32L0xx_HAL_Driver/Src/stm32l0xx_hal_rcc.c ****           if((HAL_GetTick() - tickstart) > HSI48_TIMEOUT_VALUE)
 716:Drivers/STM32L0xx_HAL_Driver/Src/stm32l0xx_hal_rcc.c ****           {
 717:Drivers/STM32L0xx_HAL_Driver/Src/stm32l0xx_hal_rcc.c ****             return HAL_TIMEOUT;
 718:Drivers/STM32L0xx_HAL_Driver/Src/stm32l0xx_hal_rcc.c ****           }
 719:Drivers/STM32L0xx_HAL_Driver/Src/stm32l0xx_hal_rcc.c ****         }
 720:Drivers/STM32L0xx_HAL_Driver/Src/stm32l0xx_hal_rcc.c ****       }
 721:Drivers/STM32L0xx_HAL_Driver/Src/stm32l0xx_hal_rcc.c ****       else
 722:Drivers/STM32L0xx_HAL_Driver/Src/stm32l0xx_hal_rcc.c ****       {
 723:Drivers/STM32L0xx_HAL_Driver/Src/stm32l0xx_hal_rcc.c ****         /* Disable the Internal High Speed oscillator (HSI48). */
 724:Drivers/STM32L0xx_HAL_Driver/Src/stm32l0xx_hal_rcc.c ****         __HAL_RCC_HSI48_DISABLE();
 725:Drivers/STM32L0xx_HAL_Driver/Src/stm32l0xx_hal_rcc.c **** 
 726:Drivers/STM32L0xx_HAL_Driver/Src/stm32l0xx_hal_rcc.c ****         /* Get Start Tick */
 727:Drivers/STM32L0xx_HAL_Driver/Src/stm32l0xx_hal_rcc.c ****         tickstart = HAL_GetTick();
 728:Drivers/STM32L0xx_HAL_Driver/Src/stm32l0xx_hal_rcc.c **** 
 729:Drivers/STM32L0xx_HAL_Driver/Src/stm32l0xx_hal_rcc.c ****         /* Wait till HSI48 is ready */
 730:Drivers/STM32L0xx_HAL_Driver/Src/stm32l0xx_hal_rcc.c ****         while(__HAL_RCC_GET_FLAG(RCC_FLAG_HSI48RDY) != 0U)
 731:Drivers/STM32L0xx_HAL_Driver/Src/stm32l0xx_hal_rcc.c ****         {
 732:Drivers/STM32L0xx_HAL_Driver/Src/stm32l0xx_hal_rcc.c ****           if((HAL_GetTick() - tickstart) > HSI48_TIMEOUT_VALUE)
 733:Drivers/STM32L0xx_HAL_Driver/Src/stm32l0xx_hal_rcc.c ****           {
 734:Drivers/STM32L0xx_HAL_Driver/Src/stm32l0xx_hal_rcc.c ****             return HAL_TIMEOUT;
 735:Drivers/STM32L0xx_HAL_Driver/Src/stm32l0xx_hal_rcc.c ****           }
 736:Drivers/STM32L0xx_HAL_Driver/Src/stm32l0xx_hal_rcc.c ****         }
 737:Drivers/STM32L0xx_HAL_Driver/Src/stm32l0xx_hal_rcc.c ****       }
 738:Drivers/STM32L0xx_HAL_Driver/Src/stm32l0xx_hal_rcc.c ****   }
 739:Drivers/STM32L0xx_HAL_Driver/Src/stm32l0xx_hal_rcc.c **** #endif /* RCC_HSI48_SUPPORT */
 740:Drivers/STM32L0xx_HAL_Driver/Src/stm32l0xx_hal_rcc.c **** 
 741:Drivers/STM32L0xx_HAL_Driver/Src/stm32l0xx_hal_rcc.c ****   /*-------------------------------- PLL Configuration -----------------------*/
 742:Drivers/STM32L0xx_HAL_Driver/Src/stm32l0xx_hal_rcc.c ****   /* Check the parameters */
ARM GAS  /var/folders/d7/pb3dkhys6j3db_qtp_8v34p80000gn/T//ccnF7AbK.s 			page 19


 743:Drivers/STM32L0xx_HAL_Driver/Src/stm32l0xx_hal_rcc.c ****   assert_param(IS_RCC_PLL(RCC_OscInitStruct->PLL.PLLState));
 744:Drivers/STM32L0xx_HAL_Driver/Src/stm32l0xx_hal_rcc.c ****   if ((RCC_OscInitStruct->PLL.PLLState) != RCC_PLL_NONE)
 745:Drivers/STM32L0xx_HAL_Driver/Src/stm32l0xx_hal_rcc.c ****   {
 746:Drivers/STM32L0xx_HAL_Driver/Src/stm32l0xx_hal_rcc.c ****     /* Check if the PLL is used as system clock or not */
 747:Drivers/STM32L0xx_HAL_Driver/Src/stm32l0xx_hal_rcc.c ****     if(sysclk_source != RCC_SYSCLKSOURCE_STATUS_PLLCLK)
 748:Drivers/STM32L0xx_HAL_Driver/Src/stm32l0xx_hal_rcc.c ****     {
 749:Drivers/STM32L0xx_HAL_Driver/Src/stm32l0xx_hal_rcc.c ****       if((RCC_OscInitStruct->PLL.PLLState) == RCC_PLL_ON)
 750:Drivers/STM32L0xx_HAL_Driver/Src/stm32l0xx_hal_rcc.c ****       {
 751:Drivers/STM32L0xx_HAL_Driver/Src/stm32l0xx_hal_rcc.c ****         /* Check the parameters */
 752:Drivers/STM32L0xx_HAL_Driver/Src/stm32l0xx_hal_rcc.c ****         assert_param(IS_RCC_PLLSOURCE(RCC_OscInitStruct->PLL.PLLSource));
 753:Drivers/STM32L0xx_HAL_Driver/Src/stm32l0xx_hal_rcc.c ****         assert_param(IS_RCC_PLL_MUL(RCC_OscInitStruct->PLL.PLLMUL));
 754:Drivers/STM32L0xx_HAL_Driver/Src/stm32l0xx_hal_rcc.c ****         assert_param(IS_RCC_PLL_DIV(RCC_OscInitStruct->PLL.PLLDIV));
 755:Drivers/STM32L0xx_HAL_Driver/Src/stm32l0xx_hal_rcc.c **** 
 756:Drivers/STM32L0xx_HAL_Driver/Src/stm32l0xx_hal_rcc.c ****         /* Disable the main PLL. */
 757:Drivers/STM32L0xx_HAL_Driver/Src/stm32l0xx_hal_rcc.c ****         __HAL_RCC_PLL_DISABLE();
 758:Drivers/STM32L0xx_HAL_Driver/Src/stm32l0xx_hal_rcc.c **** 
 759:Drivers/STM32L0xx_HAL_Driver/Src/stm32l0xx_hal_rcc.c ****         /* Get Start Tick */
 760:Drivers/STM32L0xx_HAL_Driver/Src/stm32l0xx_hal_rcc.c ****         tickstart = HAL_GetTick();
 761:Drivers/STM32L0xx_HAL_Driver/Src/stm32l0xx_hal_rcc.c **** 
 762:Drivers/STM32L0xx_HAL_Driver/Src/stm32l0xx_hal_rcc.c ****         /* Wait till PLL is ready */
 763:Drivers/STM32L0xx_HAL_Driver/Src/stm32l0xx_hal_rcc.c ****         while(__HAL_RCC_GET_FLAG(RCC_FLAG_PLLRDY)  != 0U)
 764:Drivers/STM32L0xx_HAL_Driver/Src/stm32l0xx_hal_rcc.c ****         {
 765:Drivers/STM32L0xx_HAL_Driver/Src/stm32l0xx_hal_rcc.c ****           if((HAL_GetTick() - tickstart ) > PLL_TIMEOUT_VALUE)
 766:Drivers/STM32L0xx_HAL_Driver/Src/stm32l0xx_hal_rcc.c ****           {
 767:Drivers/STM32L0xx_HAL_Driver/Src/stm32l0xx_hal_rcc.c ****             return HAL_TIMEOUT;
 768:Drivers/STM32L0xx_HAL_Driver/Src/stm32l0xx_hal_rcc.c ****           }
 769:Drivers/STM32L0xx_HAL_Driver/Src/stm32l0xx_hal_rcc.c ****         }
 770:Drivers/STM32L0xx_HAL_Driver/Src/stm32l0xx_hal_rcc.c **** 
 771:Drivers/STM32L0xx_HAL_Driver/Src/stm32l0xx_hal_rcc.c ****         /* Configure the main PLL clock source, multiplication and division factors. */
 772:Drivers/STM32L0xx_HAL_Driver/Src/stm32l0xx_hal_rcc.c ****         __HAL_RCC_PLL_CONFIG(RCC_OscInitStruct->PLL.PLLSource,
 773:Drivers/STM32L0xx_HAL_Driver/Src/stm32l0xx_hal_rcc.c ****                              RCC_OscInitStruct->PLL.PLLMUL,
 774:Drivers/STM32L0xx_HAL_Driver/Src/stm32l0xx_hal_rcc.c ****                              RCC_OscInitStruct->PLL.PLLDIV);
 775:Drivers/STM32L0xx_HAL_Driver/Src/stm32l0xx_hal_rcc.c ****         /* Enable the main PLL. */
 776:Drivers/STM32L0xx_HAL_Driver/Src/stm32l0xx_hal_rcc.c ****         __HAL_RCC_PLL_ENABLE();
 777:Drivers/STM32L0xx_HAL_Driver/Src/stm32l0xx_hal_rcc.c **** 
 778:Drivers/STM32L0xx_HAL_Driver/Src/stm32l0xx_hal_rcc.c ****         /* Get Start Tick */
 779:Drivers/STM32L0xx_HAL_Driver/Src/stm32l0xx_hal_rcc.c ****         tickstart = HAL_GetTick();
 780:Drivers/STM32L0xx_HAL_Driver/Src/stm32l0xx_hal_rcc.c **** 
 781:Drivers/STM32L0xx_HAL_Driver/Src/stm32l0xx_hal_rcc.c ****         /* Wait till PLL is ready */
 782:Drivers/STM32L0xx_HAL_Driver/Src/stm32l0xx_hal_rcc.c ****         while(__HAL_RCC_GET_FLAG(RCC_FLAG_PLLRDY)  == 0U)
 783:Drivers/STM32L0xx_HAL_Driver/Src/stm32l0xx_hal_rcc.c ****         {
 784:Drivers/STM32L0xx_HAL_Driver/Src/stm32l0xx_hal_rcc.c ****           if((HAL_GetTick() - tickstart ) > PLL_TIMEOUT_VALUE)
 785:Drivers/STM32L0xx_HAL_Driver/Src/stm32l0xx_hal_rcc.c ****           {
 786:Drivers/STM32L0xx_HAL_Driver/Src/stm32l0xx_hal_rcc.c ****             return HAL_TIMEOUT;
 787:Drivers/STM32L0xx_HAL_Driver/Src/stm32l0xx_hal_rcc.c ****           }
 788:Drivers/STM32L0xx_HAL_Driver/Src/stm32l0xx_hal_rcc.c ****         }
 789:Drivers/STM32L0xx_HAL_Driver/Src/stm32l0xx_hal_rcc.c ****       }
 790:Drivers/STM32L0xx_HAL_Driver/Src/stm32l0xx_hal_rcc.c ****       else
 791:Drivers/STM32L0xx_HAL_Driver/Src/stm32l0xx_hal_rcc.c ****       {
 792:Drivers/STM32L0xx_HAL_Driver/Src/stm32l0xx_hal_rcc.c ****         /* Disable the main PLL. */
 793:Drivers/STM32L0xx_HAL_Driver/Src/stm32l0xx_hal_rcc.c ****         __HAL_RCC_PLL_DISABLE();
 794:Drivers/STM32L0xx_HAL_Driver/Src/stm32l0xx_hal_rcc.c **** 
 795:Drivers/STM32L0xx_HAL_Driver/Src/stm32l0xx_hal_rcc.c ****         /* Get Start Tick */
 796:Drivers/STM32L0xx_HAL_Driver/Src/stm32l0xx_hal_rcc.c ****         tickstart = HAL_GetTick();
 797:Drivers/STM32L0xx_HAL_Driver/Src/stm32l0xx_hal_rcc.c **** 
 798:Drivers/STM32L0xx_HAL_Driver/Src/stm32l0xx_hal_rcc.c ****         /* Wait till PLL is disabled */
 799:Drivers/STM32L0xx_HAL_Driver/Src/stm32l0xx_hal_rcc.c ****         while(__HAL_RCC_GET_FLAG(RCC_FLAG_PLLRDY)  != 0U)
ARM GAS  /var/folders/d7/pb3dkhys6j3db_qtp_8v34p80000gn/T//ccnF7AbK.s 			page 20


 800:Drivers/STM32L0xx_HAL_Driver/Src/stm32l0xx_hal_rcc.c ****         {
 801:Drivers/STM32L0xx_HAL_Driver/Src/stm32l0xx_hal_rcc.c ****           if((HAL_GetTick() - tickstart ) > PLL_TIMEOUT_VALUE)
 802:Drivers/STM32L0xx_HAL_Driver/Src/stm32l0xx_hal_rcc.c ****           {
 803:Drivers/STM32L0xx_HAL_Driver/Src/stm32l0xx_hal_rcc.c ****             return HAL_TIMEOUT;
 804:Drivers/STM32L0xx_HAL_Driver/Src/stm32l0xx_hal_rcc.c ****           }
 805:Drivers/STM32L0xx_HAL_Driver/Src/stm32l0xx_hal_rcc.c ****         }
 806:Drivers/STM32L0xx_HAL_Driver/Src/stm32l0xx_hal_rcc.c ****       }
 807:Drivers/STM32L0xx_HAL_Driver/Src/stm32l0xx_hal_rcc.c ****     }
 808:Drivers/STM32L0xx_HAL_Driver/Src/stm32l0xx_hal_rcc.c ****     else
 809:Drivers/STM32L0xx_HAL_Driver/Src/stm32l0xx_hal_rcc.c ****     {
 810:Drivers/STM32L0xx_HAL_Driver/Src/stm32l0xx_hal_rcc.c ****       /* Check if there is a request to disable the PLL used as System clock source */
 811:Drivers/STM32L0xx_HAL_Driver/Src/stm32l0xx_hal_rcc.c ****       if((RCC_OscInitStruct->PLL.PLLState) == RCC_PLL_OFF)
 812:Drivers/STM32L0xx_HAL_Driver/Src/stm32l0xx_hal_rcc.c ****       {
 813:Drivers/STM32L0xx_HAL_Driver/Src/stm32l0xx_hal_rcc.c ****         return HAL_ERROR;
 814:Drivers/STM32L0xx_HAL_Driver/Src/stm32l0xx_hal_rcc.c ****       }
 815:Drivers/STM32L0xx_HAL_Driver/Src/stm32l0xx_hal_rcc.c ****       else
 816:Drivers/STM32L0xx_HAL_Driver/Src/stm32l0xx_hal_rcc.c ****       {
 817:Drivers/STM32L0xx_HAL_Driver/Src/stm32l0xx_hal_rcc.c ****         /* Do not return HAL_ERROR if request repeats the current configuration */
 818:Drivers/STM32L0xx_HAL_Driver/Src/stm32l0xx_hal_rcc.c ****         pll_config = RCC->CFGR;
 819:Drivers/STM32L0xx_HAL_Driver/Src/stm32l0xx_hal_rcc.c ****         if((READ_BIT(pll_config, RCC_CFGR_PLLSRC) != RCC_OscInitStruct->PLL.PLLSource) ||
 820:Drivers/STM32L0xx_HAL_Driver/Src/stm32l0xx_hal_rcc.c ****            (READ_BIT(pll_config, RCC_CFGR_PLLMUL) != RCC_OscInitStruct->PLL.PLLMUL) ||
 821:Drivers/STM32L0xx_HAL_Driver/Src/stm32l0xx_hal_rcc.c ****            (READ_BIT(pll_config, RCC_CFGR_PLLDIV) != RCC_OscInitStruct->PLL.PLLDIV))
 822:Drivers/STM32L0xx_HAL_Driver/Src/stm32l0xx_hal_rcc.c ****         {
 823:Drivers/STM32L0xx_HAL_Driver/Src/stm32l0xx_hal_rcc.c ****           return HAL_ERROR;
 824:Drivers/STM32L0xx_HAL_Driver/Src/stm32l0xx_hal_rcc.c ****         }
 825:Drivers/STM32L0xx_HAL_Driver/Src/stm32l0xx_hal_rcc.c ****       }
 826:Drivers/STM32L0xx_HAL_Driver/Src/stm32l0xx_hal_rcc.c ****     }
 827:Drivers/STM32L0xx_HAL_Driver/Src/stm32l0xx_hal_rcc.c ****   }
 828:Drivers/STM32L0xx_HAL_Driver/Src/stm32l0xx_hal_rcc.c ****   return HAL_OK;
 829:Drivers/STM32L0xx_HAL_Driver/Src/stm32l0xx_hal_rcc.c **** }
 830:Drivers/STM32L0xx_HAL_Driver/Src/stm32l0xx_hal_rcc.c **** 
 831:Drivers/STM32L0xx_HAL_Driver/Src/stm32l0xx_hal_rcc.c **** /**
 832:Drivers/STM32L0xx_HAL_Driver/Src/stm32l0xx_hal_rcc.c ****   * @brief  Initializes the CPU, AHB and APB buses clocks according to the specified
 833:Drivers/STM32L0xx_HAL_Driver/Src/stm32l0xx_hal_rcc.c ****   *         parameters in the RCC_ClkInitStruct.
 834:Drivers/STM32L0xx_HAL_Driver/Src/stm32l0xx_hal_rcc.c ****   * @param  RCC_ClkInitStruct pointer to an RCC_OscInitTypeDef structure that
 835:Drivers/STM32L0xx_HAL_Driver/Src/stm32l0xx_hal_rcc.c ****   *         contains the configuration information for the RCC peripheral.
 836:Drivers/STM32L0xx_HAL_Driver/Src/stm32l0xx_hal_rcc.c ****   * @param  FLatency FLASH Latency
 837:Drivers/STM32L0xx_HAL_Driver/Src/stm32l0xx_hal_rcc.c ****   *          The value of this parameter depend on device used within the same series
 838:Drivers/STM32L0xx_HAL_Driver/Src/stm32l0xx_hal_rcc.c ****   * @note   The SystemCoreClock CMSIS variable is used to store System Clock Frequency
 839:Drivers/STM32L0xx_HAL_Driver/Src/stm32l0xx_hal_rcc.c ****   *         and updated by @ref HAL_RCC_GetHCLKFreq() function called within this function
 840:Drivers/STM32L0xx_HAL_Driver/Src/stm32l0xx_hal_rcc.c ****   *
 841:Drivers/STM32L0xx_HAL_Driver/Src/stm32l0xx_hal_rcc.c ****   * @note   The MSI is used (enabled by hardware) as system clock source after
 842:Drivers/STM32L0xx_HAL_Driver/Src/stm32l0xx_hal_rcc.c ****   *         start-up from Reset, wake-up from STOP and STANDBY mode, or in case
 843:Drivers/STM32L0xx_HAL_Driver/Src/stm32l0xx_hal_rcc.c ****   *         of failure of the HSE used directly or indirectly as system clock
 844:Drivers/STM32L0xx_HAL_Driver/Src/stm32l0xx_hal_rcc.c ****   *         (if the Clock Security System CSS is enabled).
 845:Drivers/STM32L0xx_HAL_Driver/Src/stm32l0xx_hal_rcc.c ****   *
 846:Drivers/STM32L0xx_HAL_Driver/Src/stm32l0xx_hal_rcc.c ****   * @note   A switch from one clock source to another occurs only if the target
 847:Drivers/STM32L0xx_HAL_Driver/Src/stm32l0xx_hal_rcc.c ****   *         clock source is ready (clock stable after start-up delay or PLL locked).
 848:Drivers/STM32L0xx_HAL_Driver/Src/stm32l0xx_hal_rcc.c ****   *         If a clock source which is not yet ready is selected, the switch will
 849:Drivers/STM32L0xx_HAL_Driver/Src/stm32l0xx_hal_rcc.c ****   *         occur when the clock source will be ready.
 850:Drivers/STM32L0xx_HAL_Driver/Src/stm32l0xx_hal_rcc.c ****   *         You can use @ref HAL_RCC_GetClockConfig() function to know which clock is
 851:Drivers/STM32L0xx_HAL_Driver/Src/stm32l0xx_hal_rcc.c ****   *         currently used as system clock source.
 852:Drivers/STM32L0xx_HAL_Driver/Src/stm32l0xx_hal_rcc.c ****   * @note   Depending on the device voltage range, the software has to set correctly
 853:Drivers/STM32L0xx_HAL_Driver/Src/stm32l0xx_hal_rcc.c ****   *         HPRE[3:0] bits to ensure that HCLK not exceed the maximum allowed frequency
 854:Drivers/STM32L0xx_HAL_Driver/Src/stm32l0xx_hal_rcc.c ****   *         (for more details refer to section above "Initialization/de-initialization functions")
 855:Drivers/STM32L0xx_HAL_Driver/Src/stm32l0xx_hal_rcc.c ****   * @retval HAL status
 856:Drivers/STM32L0xx_HAL_Driver/Src/stm32l0xx_hal_rcc.c ****   */
ARM GAS  /var/folders/d7/pb3dkhys6j3db_qtp_8v34p80000gn/T//ccnF7AbK.s 			page 21


 857:Drivers/STM32L0xx_HAL_Driver/Src/stm32l0xx_hal_rcc.c **** HAL_StatusTypeDef HAL_RCC_ClockConfig(const RCC_ClkInitTypeDef  *RCC_ClkInitStruct, uint32_t FLaten
 858:Drivers/STM32L0xx_HAL_Driver/Src/stm32l0xx_hal_rcc.c **** {
 859:Drivers/STM32L0xx_HAL_Driver/Src/stm32l0xx_hal_rcc.c ****   uint32_t tickstart;
 860:Drivers/STM32L0xx_HAL_Driver/Src/stm32l0xx_hal_rcc.c ****   HAL_StatusTypeDef status;
 861:Drivers/STM32L0xx_HAL_Driver/Src/stm32l0xx_hal_rcc.c **** 
 862:Drivers/STM32L0xx_HAL_Driver/Src/stm32l0xx_hal_rcc.c ****   /* Check Null pointer */
 863:Drivers/STM32L0xx_HAL_Driver/Src/stm32l0xx_hal_rcc.c ****   if(RCC_ClkInitStruct == NULL)
 864:Drivers/STM32L0xx_HAL_Driver/Src/stm32l0xx_hal_rcc.c ****   {
 865:Drivers/STM32L0xx_HAL_Driver/Src/stm32l0xx_hal_rcc.c ****     return HAL_ERROR;
 866:Drivers/STM32L0xx_HAL_Driver/Src/stm32l0xx_hal_rcc.c ****   }
 867:Drivers/STM32L0xx_HAL_Driver/Src/stm32l0xx_hal_rcc.c **** 
 868:Drivers/STM32L0xx_HAL_Driver/Src/stm32l0xx_hal_rcc.c ****   /* Check the parameters */
 869:Drivers/STM32L0xx_HAL_Driver/Src/stm32l0xx_hal_rcc.c ****   assert_param(IS_RCC_CLOCKTYPE(RCC_ClkInitStruct->ClockType));
 870:Drivers/STM32L0xx_HAL_Driver/Src/stm32l0xx_hal_rcc.c ****   assert_param(IS_FLASH_LATENCY(FLatency));
 871:Drivers/STM32L0xx_HAL_Driver/Src/stm32l0xx_hal_rcc.c **** 
 872:Drivers/STM32L0xx_HAL_Driver/Src/stm32l0xx_hal_rcc.c ****   /* To correctly read data from FLASH memory, the number of wait states (LATENCY)
 873:Drivers/STM32L0xx_HAL_Driver/Src/stm32l0xx_hal_rcc.c ****   must be correctly programmed according to the frequency of the CPU clock
 874:Drivers/STM32L0xx_HAL_Driver/Src/stm32l0xx_hal_rcc.c ****   (HCLK) and the supply voltage of the device. */
 875:Drivers/STM32L0xx_HAL_Driver/Src/stm32l0xx_hal_rcc.c **** 
 876:Drivers/STM32L0xx_HAL_Driver/Src/stm32l0xx_hal_rcc.c ****   /* Increasing the number of wait states because of higher CPU frequency */
 877:Drivers/STM32L0xx_HAL_Driver/Src/stm32l0xx_hal_rcc.c ****   if(FLatency > __HAL_FLASH_GET_LATENCY())
 878:Drivers/STM32L0xx_HAL_Driver/Src/stm32l0xx_hal_rcc.c ****   {
 879:Drivers/STM32L0xx_HAL_Driver/Src/stm32l0xx_hal_rcc.c ****     /* Program the new number of wait states to the LATENCY bits in the FLASH_ACR register */
 880:Drivers/STM32L0xx_HAL_Driver/Src/stm32l0xx_hal_rcc.c ****     __HAL_FLASH_SET_LATENCY(FLatency);
 881:Drivers/STM32L0xx_HAL_Driver/Src/stm32l0xx_hal_rcc.c **** 
 882:Drivers/STM32L0xx_HAL_Driver/Src/stm32l0xx_hal_rcc.c ****     /* Check that the new number of wait states is taken into account to access the Flash
 883:Drivers/STM32L0xx_HAL_Driver/Src/stm32l0xx_hal_rcc.c ****     memory by polling the FLASH_ACR register */
 884:Drivers/STM32L0xx_HAL_Driver/Src/stm32l0xx_hal_rcc.c ****     tickstart = HAL_GetTick();
 885:Drivers/STM32L0xx_HAL_Driver/Src/stm32l0xx_hal_rcc.c **** 
 886:Drivers/STM32L0xx_HAL_Driver/Src/stm32l0xx_hal_rcc.c ****     while (__HAL_FLASH_GET_LATENCY() != FLatency)
 887:Drivers/STM32L0xx_HAL_Driver/Src/stm32l0xx_hal_rcc.c ****     {
 888:Drivers/STM32L0xx_HAL_Driver/Src/stm32l0xx_hal_rcc.c ****       if ((HAL_GetTick() - tickstart) > CLOCKSWITCH_TIMEOUT_VALUE)
 889:Drivers/STM32L0xx_HAL_Driver/Src/stm32l0xx_hal_rcc.c ****       {
 890:Drivers/STM32L0xx_HAL_Driver/Src/stm32l0xx_hal_rcc.c ****         return HAL_TIMEOUT;
 891:Drivers/STM32L0xx_HAL_Driver/Src/stm32l0xx_hal_rcc.c ****       }
 892:Drivers/STM32L0xx_HAL_Driver/Src/stm32l0xx_hal_rcc.c ****     }
 893:Drivers/STM32L0xx_HAL_Driver/Src/stm32l0xx_hal_rcc.c ****   }
 894:Drivers/STM32L0xx_HAL_Driver/Src/stm32l0xx_hal_rcc.c **** 
 895:Drivers/STM32L0xx_HAL_Driver/Src/stm32l0xx_hal_rcc.c ****   /*-------------------------- HCLK Configuration --------------------------*/
 896:Drivers/STM32L0xx_HAL_Driver/Src/stm32l0xx_hal_rcc.c ****   if(((RCC_ClkInitStruct->ClockType) & RCC_CLOCKTYPE_HCLK) == RCC_CLOCKTYPE_HCLK)
 897:Drivers/STM32L0xx_HAL_Driver/Src/stm32l0xx_hal_rcc.c ****   {
 898:Drivers/STM32L0xx_HAL_Driver/Src/stm32l0xx_hal_rcc.c ****     assert_param(IS_RCC_HCLK(RCC_ClkInitStruct->AHBCLKDivider));
 899:Drivers/STM32L0xx_HAL_Driver/Src/stm32l0xx_hal_rcc.c ****     MODIFY_REG(RCC->CFGR, RCC_CFGR_HPRE, RCC_ClkInitStruct->AHBCLKDivider);
 900:Drivers/STM32L0xx_HAL_Driver/Src/stm32l0xx_hal_rcc.c ****   }
 901:Drivers/STM32L0xx_HAL_Driver/Src/stm32l0xx_hal_rcc.c **** 
 902:Drivers/STM32L0xx_HAL_Driver/Src/stm32l0xx_hal_rcc.c ****   /*------------------------- SYSCLK Configuration ---------------------------*/
 903:Drivers/STM32L0xx_HAL_Driver/Src/stm32l0xx_hal_rcc.c ****   if(((RCC_ClkInitStruct->ClockType) & RCC_CLOCKTYPE_SYSCLK) == RCC_CLOCKTYPE_SYSCLK)
 904:Drivers/STM32L0xx_HAL_Driver/Src/stm32l0xx_hal_rcc.c ****   {
 905:Drivers/STM32L0xx_HAL_Driver/Src/stm32l0xx_hal_rcc.c ****     assert_param(IS_RCC_SYSCLKSOURCE(RCC_ClkInitStruct->SYSCLKSource));
 906:Drivers/STM32L0xx_HAL_Driver/Src/stm32l0xx_hal_rcc.c **** 
 907:Drivers/STM32L0xx_HAL_Driver/Src/stm32l0xx_hal_rcc.c ****     /* HSE is selected as System Clock Source */
 908:Drivers/STM32L0xx_HAL_Driver/Src/stm32l0xx_hal_rcc.c ****     if(RCC_ClkInitStruct->SYSCLKSource == RCC_SYSCLKSOURCE_HSE)
 909:Drivers/STM32L0xx_HAL_Driver/Src/stm32l0xx_hal_rcc.c ****     {
 910:Drivers/STM32L0xx_HAL_Driver/Src/stm32l0xx_hal_rcc.c ****       /* Check the HSE ready flag */
 911:Drivers/STM32L0xx_HAL_Driver/Src/stm32l0xx_hal_rcc.c ****       if(__HAL_RCC_GET_FLAG(RCC_FLAG_HSERDY) == 0U)
 912:Drivers/STM32L0xx_HAL_Driver/Src/stm32l0xx_hal_rcc.c ****       {
 913:Drivers/STM32L0xx_HAL_Driver/Src/stm32l0xx_hal_rcc.c ****         return HAL_ERROR;
ARM GAS  /var/folders/d7/pb3dkhys6j3db_qtp_8v34p80000gn/T//ccnF7AbK.s 			page 22


 914:Drivers/STM32L0xx_HAL_Driver/Src/stm32l0xx_hal_rcc.c ****       }
 915:Drivers/STM32L0xx_HAL_Driver/Src/stm32l0xx_hal_rcc.c ****     }
 916:Drivers/STM32L0xx_HAL_Driver/Src/stm32l0xx_hal_rcc.c ****     /* PLL is selected as System Clock Source */
 917:Drivers/STM32L0xx_HAL_Driver/Src/stm32l0xx_hal_rcc.c ****     else if(RCC_ClkInitStruct->SYSCLKSource == RCC_SYSCLKSOURCE_PLLCLK)
 918:Drivers/STM32L0xx_HAL_Driver/Src/stm32l0xx_hal_rcc.c ****     {
 919:Drivers/STM32L0xx_HAL_Driver/Src/stm32l0xx_hal_rcc.c ****       /* Check the PLL ready flag */
 920:Drivers/STM32L0xx_HAL_Driver/Src/stm32l0xx_hal_rcc.c ****       if(__HAL_RCC_GET_FLAG(RCC_FLAG_PLLRDY) == 0U)
 921:Drivers/STM32L0xx_HAL_Driver/Src/stm32l0xx_hal_rcc.c ****       {
 922:Drivers/STM32L0xx_HAL_Driver/Src/stm32l0xx_hal_rcc.c ****         return HAL_ERROR;
 923:Drivers/STM32L0xx_HAL_Driver/Src/stm32l0xx_hal_rcc.c ****       }
 924:Drivers/STM32L0xx_HAL_Driver/Src/stm32l0xx_hal_rcc.c ****     }
 925:Drivers/STM32L0xx_HAL_Driver/Src/stm32l0xx_hal_rcc.c ****     /* HSI is selected as System Clock Source */
 926:Drivers/STM32L0xx_HAL_Driver/Src/stm32l0xx_hal_rcc.c ****     else if(RCC_ClkInitStruct->SYSCLKSource == RCC_SYSCLKSOURCE_HSI)
 927:Drivers/STM32L0xx_HAL_Driver/Src/stm32l0xx_hal_rcc.c ****     {
 928:Drivers/STM32L0xx_HAL_Driver/Src/stm32l0xx_hal_rcc.c ****       /* Check the HSI ready flag */
 929:Drivers/STM32L0xx_HAL_Driver/Src/stm32l0xx_hal_rcc.c ****       if(__HAL_RCC_GET_FLAG(RCC_FLAG_HSIRDY) == 0U)
 930:Drivers/STM32L0xx_HAL_Driver/Src/stm32l0xx_hal_rcc.c ****       {
 931:Drivers/STM32L0xx_HAL_Driver/Src/stm32l0xx_hal_rcc.c ****         return HAL_ERROR;
 932:Drivers/STM32L0xx_HAL_Driver/Src/stm32l0xx_hal_rcc.c ****       }
 933:Drivers/STM32L0xx_HAL_Driver/Src/stm32l0xx_hal_rcc.c ****     }
 934:Drivers/STM32L0xx_HAL_Driver/Src/stm32l0xx_hal_rcc.c ****     /* MSI is selected as System Clock Source */
 935:Drivers/STM32L0xx_HAL_Driver/Src/stm32l0xx_hal_rcc.c ****     else
 936:Drivers/STM32L0xx_HAL_Driver/Src/stm32l0xx_hal_rcc.c ****     {
 937:Drivers/STM32L0xx_HAL_Driver/Src/stm32l0xx_hal_rcc.c ****       /* Check the MSI ready flag */
 938:Drivers/STM32L0xx_HAL_Driver/Src/stm32l0xx_hal_rcc.c ****       if(__HAL_RCC_GET_FLAG(RCC_FLAG_MSIRDY) == 0U)
 939:Drivers/STM32L0xx_HAL_Driver/Src/stm32l0xx_hal_rcc.c ****       {
 940:Drivers/STM32L0xx_HAL_Driver/Src/stm32l0xx_hal_rcc.c ****         return HAL_ERROR;
 941:Drivers/STM32L0xx_HAL_Driver/Src/stm32l0xx_hal_rcc.c ****       }
 942:Drivers/STM32L0xx_HAL_Driver/Src/stm32l0xx_hal_rcc.c ****     }
 943:Drivers/STM32L0xx_HAL_Driver/Src/stm32l0xx_hal_rcc.c ****     __HAL_RCC_SYSCLK_CONFIG(RCC_ClkInitStruct->SYSCLKSource);
 944:Drivers/STM32L0xx_HAL_Driver/Src/stm32l0xx_hal_rcc.c **** 
 945:Drivers/STM32L0xx_HAL_Driver/Src/stm32l0xx_hal_rcc.c ****     /* Get Start Tick */
 946:Drivers/STM32L0xx_HAL_Driver/Src/stm32l0xx_hal_rcc.c ****     tickstart = HAL_GetTick();
 947:Drivers/STM32L0xx_HAL_Driver/Src/stm32l0xx_hal_rcc.c **** 
 948:Drivers/STM32L0xx_HAL_Driver/Src/stm32l0xx_hal_rcc.c ****     if(RCC_ClkInitStruct->SYSCLKSource == RCC_SYSCLKSOURCE_HSE)
 949:Drivers/STM32L0xx_HAL_Driver/Src/stm32l0xx_hal_rcc.c ****     {
 950:Drivers/STM32L0xx_HAL_Driver/Src/stm32l0xx_hal_rcc.c ****       while (__HAL_RCC_GET_SYSCLK_SOURCE() != RCC_SYSCLKSOURCE_STATUS_HSE)
 951:Drivers/STM32L0xx_HAL_Driver/Src/stm32l0xx_hal_rcc.c ****       {
 952:Drivers/STM32L0xx_HAL_Driver/Src/stm32l0xx_hal_rcc.c ****         if((HAL_GetTick() - tickstart ) > CLOCKSWITCH_TIMEOUT_VALUE)
 953:Drivers/STM32L0xx_HAL_Driver/Src/stm32l0xx_hal_rcc.c ****         {
 954:Drivers/STM32L0xx_HAL_Driver/Src/stm32l0xx_hal_rcc.c ****           return HAL_TIMEOUT;
 955:Drivers/STM32L0xx_HAL_Driver/Src/stm32l0xx_hal_rcc.c ****         }
 956:Drivers/STM32L0xx_HAL_Driver/Src/stm32l0xx_hal_rcc.c ****       }
 957:Drivers/STM32L0xx_HAL_Driver/Src/stm32l0xx_hal_rcc.c ****     }
 958:Drivers/STM32L0xx_HAL_Driver/Src/stm32l0xx_hal_rcc.c ****     else if(RCC_ClkInitStruct->SYSCLKSource == RCC_SYSCLKSOURCE_PLLCLK)
 959:Drivers/STM32L0xx_HAL_Driver/Src/stm32l0xx_hal_rcc.c ****     {
 960:Drivers/STM32L0xx_HAL_Driver/Src/stm32l0xx_hal_rcc.c ****       while (__HAL_RCC_GET_SYSCLK_SOURCE() != RCC_SYSCLKSOURCE_STATUS_PLLCLK)
 961:Drivers/STM32L0xx_HAL_Driver/Src/stm32l0xx_hal_rcc.c ****       {
 962:Drivers/STM32L0xx_HAL_Driver/Src/stm32l0xx_hal_rcc.c ****         if((HAL_GetTick() - tickstart ) > CLOCKSWITCH_TIMEOUT_VALUE)
 963:Drivers/STM32L0xx_HAL_Driver/Src/stm32l0xx_hal_rcc.c ****         {
 964:Drivers/STM32L0xx_HAL_Driver/Src/stm32l0xx_hal_rcc.c ****           return HAL_TIMEOUT;
 965:Drivers/STM32L0xx_HAL_Driver/Src/stm32l0xx_hal_rcc.c ****         }
 966:Drivers/STM32L0xx_HAL_Driver/Src/stm32l0xx_hal_rcc.c ****       }
 967:Drivers/STM32L0xx_HAL_Driver/Src/stm32l0xx_hal_rcc.c ****     }
 968:Drivers/STM32L0xx_HAL_Driver/Src/stm32l0xx_hal_rcc.c ****     else if(RCC_ClkInitStruct->SYSCLKSource == RCC_SYSCLKSOURCE_HSI)
 969:Drivers/STM32L0xx_HAL_Driver/Src/stm32l0xx_hal_rcc.c ****     {
 970:Drivers/STM32L0xx_HAL_Driver/Src/stm32l0xx_hal_rcc.c ****       while (__HAL_RCC_GET_SYSCLK_SOURCE() != RCC_SYSCLKSOURCE_STATUS_HSI)
ARM GAS  /var/folders/d7/pb3dkhys6j3db_qtp_8v34p80000gn/T//ccnF7AbK.s 			page 23


 971:Drivers/STM32L0xx_HAL_Driver/Src/stm32l0xx_hal_rcc.c ****       {
 972:Drivers/STM32L0xx_HAL_Driver/Src/stm32l0xx_hal_rcc.c ****         if((HAL_GetTick() - tickstart ) > CLOCKSWITCH_TIMEOUT_VALUE)
 973:Drivers/STM32L0xx_HAL_Driver/Src/stm32l0xx_hal_rcc.c ****         {
 974:Drivers/STM32L0xx_HAL_Driver/Src/stm32l0xx_hal_rcc.c ****           return HAL_TIMEOUT;
 975:Drivers/STM32L0xx_HAL_Driver/Src/stm32l0xx_hal_rcc.c ****         }
 976:Drivers/STM32L0xx_HAL_Driver/Src/stm32l0xx_hal_rcc.c ****       }
 977:Drivers/STM32L0xx_HAL_Driver/Src/stm32l0xx_hal_rcc.c ****     }
 978:Drivers/STM32L0xx_HAL_Driver/Src/stm32l0xx_hal_rcc.c ****     else
 979:Drivers/STM32L0xx_HAL_Driver/Src/stm32l0xx_hal_rcc.c ****     {
 980:Drivers/STM32L0xx_HAL_Driver/Src/stm32l0xx_hal_rcc.c ****       while(__HAL_RCC_GET_SYSCLK_SOURCE() != RCC_SYSCLKSOURCE_STATUS_MSI)
 981:Drivers/STM32L0xx_HAL_Driver/Src/stm32l0xx_hal_rcc.c ****       {
 982:Drivers/STM32L0xx_HAL_Driver/Src/stm32l0xx_hal_rcc.c ****         if((HAL_GetTick() - tickstart ) > CLOCKSWITCH_TIMEOUT_VALUE)
 983:Drivers/STM32L0xx_HAL_Driver/Src/stm32l0xx_hal_rcc.c ****         {
 984:Drivers/STM32L0xx_HAL_Driver/Src/stm32l0xx_hal_rcc.c ****           return HAL_TIMEOUT;
 985:Drivers/STM32L0xx_HAL_Driver/Src/stm32l0xx_hal_rcc.c ****         }
 986:Drivers/STM32L0xx_HAL_Driver/Src/stm32l0xx_hal_rcc.c ****       }
 987:Drivers/STM32L0xx_HAL_Driver/Src/stm32l0xx_hal_rcc.c ****     }
 988:Drivers/STM32L0xx_HAL_Driver/Src/stm32l0xx_hal_rcc.c ****   }
 989:Drivers/STM32L0xx_HAL_Driver/Src/stm32l0xx_hal_rcc.c ****   /* Decreasing the number of wait states because of lower CPU frequency */
 990:Drivers/STM32L0xx_HAL_Driver/Src/stm32l0xx_hal_rcc.c ****   if(FLatency < __HAL_FLASH_GET_LATENCY())
 991:Drivers/STM32L0xx_HAL_Driver/Src/stm32l0xx_hal_rcc.c ****   {
 992:Drivers/STM32L0xx_HAL_Driver/Src/stm32l0xx_hal_rcc.c ****     /* Program the new number of wait states to the LATENCY bits in the FLASH_ACR register */
 993:Drivers/STM32L0xx_HAL_Driver/Src/stm32l0xx_hal_rcc.c ****     __HAL_FLASH_SET_LATENCY(FLatency);
 994:Drivers/STM32L0xx_HAL_Driver/Src/stm32l0xx_hal_rcc.c **** 
 995:Drivers/STM32L0xx_HAL_Driver/Src/stm32l0xx_hal_rcc.c ****     /* Check that the new number of wait states is taken into account to access the Flash
 996:Drivers/STM32L0xx_HAL_Driver/Src/stm32l0xx_hal_rcc.c ****     memory by polling the FLASH_ACR register */
 997:Drivers/STM32L0xx_HAL_Driver/Src/stm32l0xx_hal_rcc.c ****     tickstart = HAL_GetTick();
 998:Drivers/STM32L0xx_HAL_Driver/Src/stm32l0xx_hal_rcc.c **** 
 999:Drivers/STM32L0xx_HAL_Driver/Src/stm32l0xx_hal_rcc.c ****     while (__HAL_FLASH_GET_LATENCY() != FLatency)
1000:Drivers/STM32L0xx_HAL_Driver/Src/stm32l0xx_hal_rcc.c ****     {
1001:Drivers/STM32L0xx_HAL_Driver/Src/stm32l0xx_hal_rcc.c ****       if ((HAL_GetTick() - tickstart) > CLOCKSWITCH_TIMEOUT_VALUE)
1002:Drivers/STM32L0xx_HAL_Driver/Src/stm32l0xx_hal_rcc.c ****       {
1003:Drivers/STM32L0xx_HAL_Driver/Src/stm32l0xx_hal_rcc.c ****         return HAL_TIMEOUT;
1004:Drivers/STM32L0xx_HAL_Driver/Src/stm32l0xx_hal_rcc.c ****       }
1005:Drivers/STM32L0xx_HAL_Driver/Src/stm32l0xx_hal_rcc.c ****     }
1006:Drivers/STM32L0xx_HAL_Driver/Src/stm32l0xx_hal_rcc.c ****   }
1007:Drivers/STM32L0xx_HAL_Driver/Src/stm32l0xx_hal_rcc.c **** 
1008:Drivers/STM32L0xx_HAL_Driver/Src/stm32l0xx_hal_rcc.c ****   /*-------------------------- PCLK1 Configuration ---------------------------*/
1009:Drivers/STM32L0xx_HAL_Driver/Src/stm32l0xx_hal_rcc.c ****   if(((RCC_ClkInitStruct->ClockType) & RCC_CLOCKTYPE_PCLK1) == RCC_CLOCKTYPE_PCLK1)
1010:Drivers/STM32L0xx_HAL_Driver/Src/stm32l0xx_hal_rcc.c ****   {
1011:Drivers/STM32L0xx_HAL_Driver/Src/stm32l0xx_hal_rcc.c ****     assert_param(IS_RCC_PCLK(RCC_ClkInitStruct->APB1CLKDivider));
1012:Drivers/STM32L0xx_HAL_Driver/Src/stm32l0xx_hal_rcc.c ****     MODIFY_REG(RCC->CFGR, RCC_CFGR_PPRE1, RCC_ClkInitStruct->APB1CLKDivider);
1013:Drivers/STM32L0xx_HAL_Driver/Src/stm32l0xx_hal_rcc.c ****   }
1014:Drivers/STM32L0xx_HAL_Driver/Src/stm32l0xx_hal_rcc.c **** 
1015:Drivers/STM32L0xx_HAL_Driver/Src/stm32l0xx_hal_rcc.c ****   /*-------------------------- PCLK2 Configuration ---------------------------*/
1016:Drivers/STM32L0xx_HAL_Driver/Src/stm32l0xx_hal_rcc.c ****   if(((RCC_ClkInitStruct->ClockType) & RCC_CLOCKTYPE_PCLK2) == RCC_CLOCKTYPE_PCLK2)
1017:Drivers/STM32L0xx_HAL_Driver/Src/stm32l0xx_hal_rcc.c ****   {
1018:Drivers/STM32L0xx_HAL_Driver/Src/stm32l0xx_hal_rcc.c ****     assert_param(IS_RCC_PCLK(RCC_ClkInitStruct->APB2CLKDivider));
1019:Drivers/STM32L0xx_HAL_Driver/Src/stm32l0xx_hal_rcc.c ****     MODIFY_REG(RCC->CFGR, RCC_CFGR_PPRE2, ((RCC_ClkInitStruct->APB2CLKDivider) << 3));
1020:Drivers/STM32L0xx_HAL_Driver/Src/stm32l0xx_hal_rcc.c ****   }
1021:Drivers/STM32L0xx_HAL_Driver/Src/stm32l0xx_hal_rcc.c **** 
1022:Drivers/STM32L0xx_HAL_Driver/Src/stm32l0xx_hal_rcc.c ****   /* Update the SystemCoreClock global variable */
1023:Drivers/STM32L0xx_HAL_Driver/Src/stm32l0xx_hal_rcc.c ****   SystemCoreClock = HAL_RCC_GetSysClockFreq() >> AHBPrescTable[(RCC->CFGR & RCC_CFGR_HPRE)>> RCC_CF
1024:Drivers/STM32L0xx_HAL_Driver/Src/stm32l0xx_hal_rcc.c **** 
1025:Drivers/STM32L0xx_HAL_Driver/Src/stm32l0xx_hal_rcc.c ****   /* Configure the source of time base considering new system clocks settings*/
1026:Drivers/STM32L0xx_HAL_Driver/Src/stm32l0xx_hal_rcc.c ****   status = HAL_InitTick(uwTickPrio);
1027:Drivers/STM32L0xx_HAL_Driver/Src/stm32l0xx_hal_rcc.c ****   if(status != HAL_OK)
ARM GAS  /var/folders/d7/pb3dkhys6j3db_qtp_8v34p80000gn/T//ccnF7AbK.s 			page 24


1028:Drivers/STM32L0xx_HAL_Driver/Src/stm32l0xx_hal_rcc.c ****   {
1029:Drivers/STM32L0xx_HAL_Driver/Src/stm32l0xx_hal_rcc.c ****     return status;
1030:Drivers/STM32L0xx_HAL_Driver/Src/stm32l0xx_hal_rcc.c ****   }
1031:Drivers/STM32L0xx_HAL_Driver/Src/stm32l0xx_hal_rcc.c **** 
1032:Drivers/STM32L0xx_HAL_Driver/Src/stm32l0xx_hal_rcc.c ****   return HAL_OK;
1033:Drivers/STM32L0xx_HAL_Driver/Src/stm32l0xx_hal_rcc.c **** }
1034:Drivers/STM32L0xx_HAL_Driver/Src/stm32l0xx_hal_rcc.c **** 
1035:Drivers/STM32L0xx_HAL_Driver/Src/stm32l0xx_hal_rcc.c **** /**
1036:Drivers/STM32L0xx_HAL_Driver/Src/stm32l0xx_hal_rcc.c ****   * @}
1037:Drivers/STM32L0xx_HAL_Driver/Src/stm32l0xx_hal_rcc.c ****   */
1038:Drivers/STM32L0xx_HAL_Driver/Src/stm32l0xx_hal_rcc.c **** 
1039:Drivers/STM32L0xx_HAL_Driver/Src/stm32l0xx_hal_rcc.c **** /** @defgroup RCC_Exported_Functions_Group2 Peripheral Control functions
1040:Drivers/STM32L0xx_HAL_Driver/Src/stm32l0xx_hal_rcc.c ****   *  @brief   RCC clocks control functions
1041:Drivers/STM32L0xx_HAL_Driver/Src/stm32l0xx_hal_rcc.c ****   *
1042:Drivers/STM32L0xx_HAL_Driver/Src/stm32l0xx_hal_rcc.c ****   @verbatim
1043:Drivers/STM32L0xx_HAL_Driver/Src/stm32l0xx_hal_rcc.c ****   ===============================================================================
1044:Drivers/STM32L0xx_HAL_Driver/Src/stm32l0xx_hal_rcc.c ****                   ##### Peripheral Control functions #####
1045:Drivers/STM32L0xx_HAL_Driver/Src/stm32l0xx_hal_rcc.c ****   ===============================================================================
1046:Drivers/STM32L0xx_HAL_Driver/Src/stm32l0xx_hal_rcc.c ****     [..]
1047:Drivers/STM32L0xx_HAL_Driver/Src/stm32l0xx_hal_rcc.c ****     This subsection provides a set of functions allowing to control the RCC Clocks
1048:Drivers/STM32L0xx_HAL_Driver/Src/stm32l0xx_hal_rcc.c ****     frequencies.
1049:Drivers/STM32L0xx_HAL_Driver/Src/stm32l0xx_hal_rcc.c **** 
1050:Drivers/STM32L0xx_HAL_Driver/Src/stm32l0xx_hal_rcc.c ****   @endverbatim
1051:Drivers/STM32L0xx_HAL_Driver/Src/stm32l0xx_hal_rcc.c ****   * @{
1052:Drivers/STM32L0xx_HAL_Driver/Src/stm32l0xx_hal_rcc.c ****   */
1053:Drivers/STM32L0xx_HAL_Driver/Src/stm32l0xx_hal_rcc.c **** 
1054:Drivers/STM32L0xx_HAL_Driver/Src/stm32l0xx_hal_rcc.c **** /**
1055:Drivers/STM32L0xx_HAL_Driver/Src/stm32l0xx_hal_rcc.c ****   * @brief  Selects the clock source to output on MCO pin.
1056:Drivers/STM32L0xx_HAL_Driver/Src/stm32l0xx_hal_rcc.c ****   * @note   MCO pin should be configured in alternate function mode.
1057:Drivers/STM32L0xx_HAL_Driver/Src/stm32l0xx_hal_rcc.c ****   * @param  RCC_MCOx specifies the output direction for the clock source.
1058:Drivers/STM32L0xx_HAL_Driver/Src/stm32l0xx_hal_rcc.c ****   *          This parameter can be one of the following values:
1059:Drivers/STM32L0xx_HAL_Driver/Src/stm32l0xx_hal_rcc.c ****   *            @arg @ref RCC_MCO1 Clock source to output on MCO1 pin(PA8).
1060:Drivers/STM32L0xx_HAL_Driver/Src/stm32l0xx_hal_rcc.c ****   *            @arg @ref RCC_MCO2 Clock source to output on MCO2 pin(PA9).
1061:Drivers/STM32L0xx_HAL_Driver/Src/stm32l0xx_hal_rcc.c ****   @if STM32L031xx
1062:Drivers/STM32L0xx_HAL_Driver/Src/stm32l0xx_hal_rcc.c ****   *            @arg @ref RCC_MCO3 Clock source to output on MCO3 pin(PB13)
1063:Drivers/STM32L0xx_HAL_Driver/Src/stm32l0xx_hal_rcc.c ****   @elseif STM32L041xx
1064:Drivers/STM32L0xx_HAL_Driver/Src/stm32l0xx_hal_rcc.c ****   *            @arg @ref RCC_MCO3 Clock source to output on MCO3 pin(PB13)
1065:Drivers/STM32L0xx_HAL_Driver/Src/stm32l0xx_hal_rcc.c ****   @elseif STM32L073xx
1066:Drivers/STM32L0xx_HAL_Driver/Src/stm32l0xx_hal_rcc.c ****   *            @arg @ref RCC_MCO3 Clock source to output on MCO3 pin(PB13)
1067:Drivers/STM32L0xx_HAL_Driver/Src/stm32l0xx_hal_rcc.c ****   @elseif STM32L083xx
1068:Drivers/STM32L0xx_HAL_Driver/Src/stm32l0xx_hal_rcc.c ****   *            @arg @ref RCC_MCO3 Clock source to output on MCO3 pin(PB13)
1069:Drivers/STM32L0xx_HAL_Driver/Src/stm32l0xx_hal_rcc.c ****   @elseif STM32L072xx
1070:Drivers/STM32L0xx_HAL_Driver/Src/stm32l0xx_hal_rcc.c ****   *            @arg @ref RCC_MCO3 Clock source to output on MCO3 pin(PB13)
1071:Drivers/STM32L0xx_HAL_Driver/Src/stm32l0xx_hal_rcc.c ****   @elseif STM32L082xx
1072:Drivers/STM32L0xx_HAL_Driver/Src/stm32l0xx_hal_rcc.c ****   *            @arg @ref RCC_MCO3 Clock source to output on MCO3 pin(PB13)
1073:Drivers/STM32L0xx_HAL_Driver/Src/stm32l0xx_hal_rcc.c ****   @elseif STM32L071xx
1074:Drivers/STM32L0xx_HAL_Driver/Src/stm32l0xx_hal_rcc.c ****   *            @arg @ref RCC_MCO3 Clock source to output on MCO3 pin(PB13)
1075:Drivers/STM32L0xx_HAL_Driver/Src/stm32l0xx_hal_rcc.c ****   @elseif STM32L081xx
1076:Drivers/STM32L0xx_HAL_Driver/Src/stm32l0xx_hal_rcc.c ****   *            @arg @ref RCC_MCO3 Clock source to output on MCO3 pin(PB13)
1077:Drivers/STM32L0xx_HAL_Driver/Src/stm32l0xx_hal_rcc.c ****   @elseif STM32L051xx
1078:Drivers/STM32L0xx_HAL_Driver/Src/stm32l0xx_hal_rcc.c ****   *            @arg @ref RCC_MCO3 Clock source to output on MCO3 pin(PB13)
1079:Drivers/STM32L0xx_HAL_Driver/Src/stm32l0xx_hal_rcc.c ****   @elseif STM32L053xx
1080:Drivers/STM32L0xx_HAL_Driver/Src/stm32l0xx_hal_rcc.c ****   *            @arg @ref RCC_MCO3 Clock source to output on MCO3 pin(PB13)
1081:Drivers/STM32L0xx_HAL_Driver/Src/stm32l0xx_hal_rcc.c ****   @endif
1082:Drivers/STM32L0xx_HAL_Driver/Src/stm32l0xx_hal_rcc.c ****   * @param  RCC_MCOSource specifies the clock source to output.
1083:Drivers/STM32L0xx_HAL_Driver/Src/stm32l0xx_hal_rcc.c ****   *          This parameter can be one of the following values:
1084:Drivers/STM32L0xx_HAL_Driver/Src/stm32l0xx_hal_rcc.c ****   *            @arg @ref RCC_MCO1SOURCE_NOCLOCK     No clock selected as MCO clock
ARM GAS  /var/folders/d7/pb3dkhys6j3db_qtp_8v34p80000gn/T//ccnF7AbK.s 			page 25


1085:Drivers/STM32L0xx_HAL_Driver/Src/stm32l0xx_hal_rcc.c ****   *            @arg @ref RCC_MCO1SOURCE_SYSCLK      System clock selected as MCO clock
1086:Drivers/STM32L0xx_HAL_Driver/Src/stm32l0xx_hal_rcc.c ****   *            @arg @ref RCC_MCO1SOURCE_HSI         HSI selected as MCO clock
1087:Drivers/STM32L0xx_HAL_Driver/Src/stm32l0xx_hal_rcc.c ****   *            @arg @ref RCC_MCO1SOURCE_HSE         HSE selected as MCO clock
1088:Drivers/STM32L0xx_HAL_Driver/Src/stm32l0xx_hal_rcc.c ****   *            @arg @ref RCC_MCO1SOURCE_MSI         MSI oscillator clock selected as MCO clock
1089:Drivers/STM32L0xx_HAL_Driver/Src/stm32l0xx_hal_rcc.c ****   *            @arg @ref RCC_MCO1SOURCE_PLLCLK      PLL clock selected as MCO clock
1090:Drivers/STM32L0xx_HAL_Driver/Src/stm32l0xx_hal_rcc.c ****   *            @arg @ref RCC_MCO1SOURCE_LSI         LSI clock selected as MCO clock
1091:Drivers/STM32L0xx_HAL_Driver/Src/stm32l0xx_hal_rcc.c ****   *            @arg @ref RCC_MCO1SOURCE_LSE         LSE clock selected as MCO clock
1092:Drivers/STM32L0xx_HAL_Driver/Src/stm32l0xx_hal_rcc.c ****   @if STM32L052xx
1093:Drivers/STM32L0xx_HAL_Driver/Src/stm32l0xx_hal_rcc.c ****   *            @arg @ref RCC_MCO1SOURCE_HSI48       HSI48 clock selected as MCO clock
1094:Drivers/STM32L0xx_HAL_Driver/Src/stm32l0xx_hal_rcc.c ****   @elseif STM32L053xx
1095:Drivers/STM32L0xx_HAL_Driver/Src/stm32l0xx_hal_rcc.c ****   *            @arg @ref RCC_MCO1SOURCE_HSI48       HSI48 clock selected as MCO clock
1096:Drivers/STM32L0xx_HAL_Driver/Src/stm32l0xx_hal_rcc.c ****   @elseif STM32L062xx
1097:Drivers/STM32L0xx_HAL_Driver/Src/stm32l0xx_hal_rcc.c ****   *            @arg @ref RCC_MCO1SOURCE_HSI48       HSI48 clock selected as MCO clock
1098:Drivers/STM32L0xx_HAL_Driver/Src/stm32l0xx_hal_rcc.c ****   @elseif STM32L063xx
1099:Drivers/STM32L0xx_HAL_Driver/Src/stm32l0xx_hal_rcc.c ****   *            @arg @ref RCC_MCO1SOURCE_HSI48       HSI48 clock selected as MCO clock
1100:Drivers/STM32L0xx_HAL_Driver/Src/stm32l0xx_hal_rcc.c ****   @elseif STM32L072xx
1101:Drivers/STM32L0xx_HAL_Driver/Src/stm32l0xx_hal_rcc.c ****   *            @arg @ref RCC_MCO1SOURCE_HSI48       HSI48 clock selected as MCO clock
1102:Drivers/STM32L0xx_HAL_Driver/Src/stm32l0xx_hal_rcc.c ****   @elseif STM32L073xx
1103:Drivers/STM32L0xx_HAL_Driver/Src/stm32l0xx_hal_rcc.c ****   *            @arg @ref RCC_MCO1SOURCE_HSI48       HSI48 clock selected as MCO clock
1104:Drivers/STM32L0xx_HAL_Driver/Src/stm32l0xx_hal_rcc.c ****   @elseif STM32L082xx
1105:Drivers/STM32L0xx_HAL_Driver/Src/stm32l0xx_hal_rcc.c ****   *            @arg @ref RCC_MCO1SOURCE_HSI48       HSI48 clock selected as MCO clock
1106:Drivers/STM32L0xx_HAL_Driver/Src/stm32l0xx_hal_rcc.c ****   @elseif STM32L083xx
1107:Drivers/STM32L0xx_HAL_Driver/Src/stm32l0xx_hal_rcc.c ****   *            @arg @ref RCC_MCO1SOURCE_HSI48       HSI48 clock selected as MCO clock
1108:Drivers/STM32L0xx_HAL_Driver/Src/stm32l0xx_hal_rcc.c ****   @endif
1109:Drivers/STM32L0xx_HAL_Driver/Src/stm32l0xx_hal_rcc.c ****   * @param  RCC_MCODiv specifies the MCO DIV.
1110:Drivers/STM32L0xx_HAL_Driver/Src/stm32l0xx_hal_rcc.c ****   *          This parameter can be one of the following values:
1111:Drivers/STM32L0xx_HAL_Driver/Src/stm32l0xx_hal_rcc.c ****   *            @arg @ref RCC_MCODIV_1 no division applied to MCO clock
1112:Drivers/STM32L0xx_HAL_Driver/Src/stm32l0xx_hal_rcc.c ****   *            @arg @ref RCC_MCODIV_2  division by 2 applied to MCO clock
1113:Drivers/STM32L0xx_HAL_Driver/Src/stm32l0xx_hal_rcc.c ****   *            @arg @ref RCC_MCODIV_4  division by 4 applied to MCO clock
1114:Drivers/STM32L0xx_HAL_Driver/Src/stm32l0xx_hal_rcc.c ****   *            @arg @ref RCC_MCODIV_8  division by 8 applied to MCO clock
1115:Drivers/STM32L0xx_HAL_Driver/Src/stm32l0xx_hal_rcc.c ****   *            @arg @ref RCC_MCODIV_16 division by 16 applied to MCO clock
1116:Drivers/STM32L0xx_HAL_Driver/Src/stm32l0xx_hal_rcc.c ****   * @retval None
1117:Drivers/STM32L0xx_HAL_Driver/Src/stm32l0xx_hal_rcc.c ****   */
1118:Drivers/STM32L0xx_HAL_Driver/Src/stm32l0xx_hal_rcc.c **** void HAL_RCC_MCOConfig(uint32_t RCC_MCOx, uint32_t RCC_MCOSource, uint32_t RCC_MCODiv)
1119:Drivers/STM32L0xx_HAL_Driver/Src/stm32l0xx_hal_rcc.c **** {
 243              		.loc 1 1119 1 is_stmt 1 view -0
 244              		.cfi_startproc
 245              		@ args = 0, pretend = 0, frame = 32
 246              		@ frame_needed = 0, uses_anonymous_args = 0
 247              		.loc 1 1119 1 is_stmt 0 view .LVU65
 248 0000 F0B5     		push	{r4, r5, r6, r7, lr}
 249              	.LCFI2:
 250              		.cfi_def_cfa_offset 20
 251              		.cfi_offset 4, -20
 252              		.cfi_offset 5, -16
 253              		.cfi_offset 6, -12
 254              		.cfi_offset 7, -8
 255              		.cfi_offset 14, -4
 256 0002 89B0     		sub	sp, sp, #36
 257              	.LCFI3:
 258              		.cfi_def_cfa_offset 56
 259 0004 0500     		movs	r5, r0
 260 0006 0C00     		movs	r4, r1
 261 0008 1600     		movs	r6, r2
1120:Drivers/STM32L0xx_HAL_Driver/Src/stm32l0xx_hal_rcc.c ****   GPIO_InitTypeDef gpio = {0};
 262              		.loc 1 1120 3 is_stmt 1 view .LVU66
 263              		.loc 1 1120 20 is_stmt 0 view .LVU67
ARM GAS  /var/folders/d7/pb3dkhys6j3db_qtp_8v34p80000gn/T//ccnF7AbK.s 			page 26


 264 000a 03AF     		add	r7, sp, #12
 265 000c 1422     		movs	r2, #20
 266              	.LVL17:
 267              		.loc 1 1120 20 view .LVU68
 268 000e 0021     		movs	r1, #0
 269              	.LVL18:
 270              		.loc 1 1120 20 view .LVU69
 271 0010 3800     		movs	r0, r7
 272              	.LVL19:
 273              		.loc 1 1120 20 view .LVU70
 274 0012 FFF7FEFF 		bl	memset
 275              	.LVL20:
1121:Drivers/STM32L0xx_HAL_Driver/Src/stm32l0xx_hal_rcc.c **** 
1122:Drivers/STM32L0xx_HAL_Driver/Src/stm32l0xx_hal_rcc.c ****   /* Check the parameters */
1123:Drivers/STM32L0xx_HAL_Driver/Src/stm32l0xx_hal_rcc.c ****   assert_param(IS_RCC_MCO(RCC_MCOx));
 276              		.loc 1 1123 3 is_stmt 1 view .LVU71
1124:Drivers/STM32L0xx_HAL_Driver/Src/stm32l0xx_hal_rcc.c ****   assert_param(IS_RCC_MCODIV(RCC_MCODiv));
 277              		.loc 1 1124 3 view .LVU72
1125:Drivers/STM32L0xx_HAL_Driver/Src/stm32l0xx_hal_rcc.c ****   assert_param(IS_RCC_MCO1SOURCE(RCC_MCOSource));
 278              		.loc 1 1125 3 view .LVU73
1126:Drivers/STM32L0xx_HAL_Driver/Src/stm32l0xx_hal_rcc.c **** 
1127:Drivers/STM32L0xx_HAL_Driver/Src/stm32l0xx_hal_rcc.c ****   /* Configure the MCO1 pin in alternate function mode */
1128:Drivers/STM32L0xx_HAL_Driver/Src/stm32l0xx_hal_rcc.c ****   gpio.Mode      = GPIO_MODE_AF_PP;
 279              		.loc 1 1128 3 view .LVU74
 280              		.loc 1 1128 18 is_stmt 0 view .LVU75
 281 0016 0223     		movs	r3, #2
 282 0018 0493     		str	r3, [sp, #16]
1129:Drivers/STM32L0xx_HAL_Driver/Src/stm32l0xx_hal_rcc.c ****   gpio.Speed     = GPIO_SPEED_FREQ_HIGH;
 283              		.loc 1 1129 3 is_stmt 1 view .LVU76
 284              		.loc 1 1129 18 is_stmt 0 view .LVU77
 285 001a 0693     		str	r3, [sp, #24]
1130:Drivers/STM32L0xx_HAL_Driver/Src/stm32l0xx_hal_rcc.c ****   gpio.Pull      = GPIO_NOPULL;
 286              		.loc 1 1130 3 is_stmt 1 view .LVU78
1131:Drivers/STM32L0xx_HAL_Driver/Src/stm32l0xx_hal_rcc.c ****   if(RCC_MCOx == RCC_MCO1)
 287              		.loc 1 1131 3 view .LVU79
 288              		.loc 1 1131 5 is_stmt 0 view .LVU80
 289 001c 002D     		cmp	r5, #0
 290 001e 1BD0     		beq	.L21
1132:Drivers/STM32L0xx_HAL_Driver/Src/stm32l0xx_hal_rcc.c ****   {
1133:Drivers/STM32L0xx_HAL_Driver/Src/stm32l0xx_hal_rcc.c ****     gpio.Pin       = MCO1_PIN;
1134:Drivers/STM32L0xx_HAL_Driver/Src/stm32l0xx_hal_rcc.c ****     gpio.Alternate = GPIO_AF0_MCO;
1135:Drivers/STM32L0xx_HAL_Driver/Src/stm32l0xx_hal_rcc.c **** 
1136:Drivers/STM32L0xx_HAL_Driver/Src/stm32l0xx_hal_rcc.c ****     /* MCO1 Clock Enable */
1137:Drivers/STM32L0xx_HAL_Driver/Src/stm32l0xx_hal_rcc.c ****     MCO1_CLK_ENABLE();
1138:Drivers/STM32L0xx_HAL_Driver/Src/stm32l0xx_hal_rcc.c ****     HAL_GPIO_Init(MCO1_GPIO_PORT, &gpio);
1139:Drivers/STM32L0xx_HAL_Driver/Src/stm32l0xx_hal_rcc.c ****   }
1140:Drivers/STM32L0xx_HAL_Driver/Src/stm32l0xx_hal_rcc.c **** #if defined(RCC_MCO3_SUPPORT)
1141:Drivers/STM32L0xx_HAL_Driver/Src/stm32l0xx_hal_rcc.c ****   else if (RCC_MCOx == RCC_MCO3)
 291              		.loc 1 1141 8 is_stmt 1 view .LVU81
 292              		.loc 1 1141 11 is_stmt 0 view .LVU82
 293 0020 022D     		cmp	r5, #2
 294 0022 2AD0     		beq	.L22
1142:Drivers/STM32L0xx_HAL_Driver/Src/stm32l0xx_hal_rcc.c ****   {
1143:Drivers/STM32L0xx_HAL_Driver/Src/stm32l0xx_hal_rcc.c ****     gpio.Pin       = MCO3_PIN;
1144:Drivers/STM32L0xx_HAL_Driver/Src/stm32l0xx_hal_rcc.c ****     gpio.Alternate = MCO3_GPIO_AF;
1145:Drivers/STM32L0xx_HAL_Driver/Src/stm32l0xx_hal_rcc.c **** 
1146:Drivers/STM32L0xx_HAL_Driver/Src/stm32l0xx_hal_rcc.c ****     /* MCO3 Clock Enable */
ARM GAS  /var/folders/d7/pb3dkhys6j3db_qtp_8v34p80000gn/T//ccnF7AbK.s 			page 27


1147:Drivers/STM32L0xx_HAL_Driver/Src/stm32l0xx_hal_rcc.c ****     MCO3_CLK_ENABLE();
1148:Drivers/STM32L0xx_HAL_Driver/Src/stm32l0xx_hal_rcc.c ****     HAL_GPIO_Init(MCO3_GPIO_PORT, &gpio);
1149:Drivers/STM32L0xx_HAL_Driver/Src/stm32l0xx_hal_rcc.c ****   }
1150:Drivers/STM32L0xx_HAL_Driver/Src/stm32l0xx_hal_rcc.c **** #endif /* RCC_MCO3_SUPPORT */
1151:Drivers/STM32L0xx_HAL_Driver/Src/stm32l0xx_hal_rcc.c ****   else
1152:Drivers/STM32L0xx_HAL_Driver/Src/stm32l0xx_hal_rcc.c ****   {
1153:Drivers/STM32L0xx_HAL_Driver/Src/stm32l0xx_hal_rcc.c ****     gpio.Pin       = MCO2_PIN;
 295              		.loc 1 1153 5 is_stmt 1 view .LVU83
 296              		.loc 1 1153 20 is_stmt 0 view .LVU84
 297 0024 8023     		movs	r3, #128
 298 0026 9B00     		lsls	r3, r3, #2
 299 0028 0393     		str	r3, [sp, #12]
1154:Drivers/STM32L0xx_HAL_Driver/Src/stm32l0xx_hal_rcc.c ****     gpio.Alternate = GPIO_AF0_MCO;
 300              		.loc 1 1154 5 is_stmt 1 view .LVU85
1155:Drivers/STM32L0xx_HAL_Driver/Src/stm32l0xx_hal_rcc.c **** 
1156:Drivers/STM32L0xx_HAL_Driver/Src/stm32l0xx_hal_rcc.c ****     /* MCO2 Clock Enable */
1157:Drivers/STM32L0xx_HAL_Driver/Src/stm32l0xx_hal_rcc.c ****     MCO2_CLK_ENABLE();
 301              		.loc 1 1157 5 view .LVU86
 302              	.LBB2:
 303              		.loc 1 1157 5 view .LVU87
 304              		.loc 1 1157 5 view .LVU88
 305 002a 1C4A     		ldr	r2, .L23
 306 002c D16A     		ldr	r1, [r2, #44]
 307 002e 0123     		movs	r3, #1
 308 0030 1943     		orrs	r1, r3
 309 0032 D162     		str	r1, [r2, #44]
 310              		.loc 1 1157 5 view .LVU89
 311 0034 D26A     		ldr	r2, [r2, #44]
 312 0036 1340     		ands	r3, r2
 313 0038 0293     		str	r3, [sp, #8]
 314              		.loc 1 1157 5 view .LVU90
 315 003a 029B     		ldr	r3, [sp, #8]
 316              	.LBE2:
 317              		.loc 1 1157 5 view .LVU91
1158:Drivers/STM32L0xx_HAL_Driver/Src/stm32l0xx_hal_rcc.c ****     HAL_GPIO_Init(MCO2_GPIO_PORT, &gpio);
 318              		.loc 1 1158 5 view .LVU92
 319 003c A020     		movs	r0, #160
 320 003e 03A9     		add	r1, sp, #12
 321 0040 C005     		lsls	r0, r0, #23
 322 0042 FFF7FEFF 		bl	HAL_GPIO_Init
 323              	.LVL21:
 324              	.L19:
1159:Drivers/STM32L0xx_HAL_Driver/Src/stm32l0xx_hal_rcc.c ****   }
1160:Drivers/STM32L0xx_HAL_Driver/Src/stm32l0xx_hal_rcc.c **** 
1161:Drivers/STM32L0xx_HAL_Driver/Src/stm32l0xx_hal_rcc.c ****   /* Configure the MCO clock source */
1162:Drivers/STM32L0xx_HAL_Driver/Src/stm32l0xx_hal_rcc.c ****   __HAL_RCC_MCO1_CONFIG(RCC_MCOSource, RCC_MCODiv);
 325              		.loc 1 1162 3 view .LVU93
 326 0046 154B     		ldr	r3, .L23
 327 0048 DA68     		ldr	r2, [r3, #12]
 328 004a 1549     		ldr	r1, .L23+4
 329 004c 0A40     		ands	r2, r1
 330 004e 3443     		orrs	r4, r6
 331              	.LVL22:
 332              		.loc 1 1162 3 is_stmt 0 view .LVU94
 333 0050 2243     		orrs	r2, r4
 334 0052 DA60     		str	r2, [r3, #12]
1163:Drivers/STM32L0xx_HAL_Driver/Src/stm32l0xx_hal_rcc.c **** }
ARM GAS  /var/folders/d7/pb3dkhys6j3db_qtp_8v34p80000gn/T//ccnF7AbK.s 			page 28


 335              		.loc 1 1163 1 view .LVU95
 336 0054 09B0     		add	sp, sp, #36
 337              		@ sp needed
 338              	.LVL23:
 339              	.LVL24:
 340              		.loc 1 1163 1 view .LVU96
 341 0056 F0BD     		pop	{r4, r5, r6, r7, pc}
 342              	.LVL25:
 343              	.L21:
1133:Drivers/STM32L0xx_HAL_Driver/Src/stm32l0xx_hal_rcc.c ****     gpio.Alternate = GPIO_AF0_MCO;
 344              		.loc 1 1133 5 is_stmt 1 view .LVU97
1133:Drivers/STM32L0xx_HAL_Driver/Src/stm32l0xx_hal_rcc.c ****     gpio.Alternate = GPIO_AF0_MCO;
 345              		.loc 1 1133 20 is_stmt 0 view .LVU98
 346 0058 FE33     		adds	r3, r3, #254
 347 005a 0393     		str	r3, [sp, #12]
1134:Drivers/STM32L0xx_HAL_Driver/Src/stm32l0xx_hal_rcc.c **** 
 348              		.loc 1 1134 5 is_stmt 1 view .LVU99
1137:Drivers/STM32L0xx_HAL_Driver/Src/stm32l0xx_hal_rcc.c ****     HAL_GPIO_Init(MCO1_GPIO_PORT, &gpio);
 349              		.loc 1 1137 5 view .LVU100
 350              	.LBB3:
1137:Drivers/STM32L0xx_HAL_Driver/Src/stm32l0xx_hal_rcc.c ****     HAL_GPIO_Init(MCO1_GPIO_PORT, &gpio);
 351              		.loc 1 1137 5 view .LVU101
1137:Drivers/STM32L0xx_HAL_Driver/Src/stm32l0xx_hal_rcc.c ****     HAL_GPIO_Init(MCO1_GPIO_PORT, &gpio);
 352              		.loc 1 1137 5 view .LVU102
 353 005c 0F4A     		ldr	r2, .L23
 354 005e D16A     		ldr	r1, [r2, #44]
 355 0060 FF3B     		subs	r3, r3, #255
 356 0062 1943     		orrs	r1, r3
 357 0064 D162     		str	r1, [r2, #44]
1137:Drivers/STM32L0xx_HAL_Driver/Src/stm32l0xx_hal_rcc.c ****     HAL_GPIO_Init(MCO1_GPIO_PORT, &gpio);
 358              		.loc 1 1137 5 view .LVU103
 359 0066 D26A     		ldr	r2, [r2, #44]
 360 0068 1340     		ands	r3, r2
 361 006a 0093     		str	r3, [sp]
1137:Drivers/STM32L0xx_HAL_Driver/Src/stm32l0xx_hal_rcc.c ****     HAL_GPIO_Init(MCO1_GPIO_PORT, &gpio);
 362              		.loc 1 1137 5 view .LVU104
 363 006c 009B     		ldr	r3, [sp]
 364              	.LBE3:
1137:Drivers/STM32L0xx_HAL_Driver/Src/stm32l0xx_hal_rcc.c ****     HAL_GPIO_Init(MCO1_GPIO_PORT, &gpio);
 365              		.loc 1 1137 5 view .LVU105
1138:Drivers/STM32L0xx_HAL_Driver/Src/stm32l0xx_hal_rcc.c ****   }
 366              		.loc 1 1138 5 view .LVU106
 367 006e A020     		movs	r0, #160
 368 0070 3900     		movs	r1, r7
 369 0072 C005     		lsls	r0, r0, #23
 370 0074 FFF7FEFF 		bl	HAL_GPIO_Init
 371              	.LVL26:
 372 0078 E5E7     		b	.L19
 373              	.L22:
1143:Drivers/STM32L0xx_HAL_Driver/Src/stm32l0xx_hal_rcc.c ****     gpio.Alternate = MCO3_GPIO_AF;
 374              		.loc 1 1143 5 view .LVU107
1143:Drivers/STM32L0xx_HAL_Driver/Src/stm32l0xx_hal_rcc.c ****     gpio.Alternate = MCO3_GPIO_AF;
 375              		.loc 1 1143 20 is_stmt 0 view .LVU108
 376 007a 8023     		movs	r3, #128
 377 007c 9B01     		lsls	r3, r3, #6
 378 007e 0393     		str	r3, [sp, #12]
1144:Drivers/STM32L0xx_HAL_Driver/Src/stm32l0xx_hal_rcc.c **** 
ARM GAS  /var/folders/d7/pb3dkhys6j3db_qtp_8v34p80000gn/T//ccnF7AbK.s 			page 29


 379              		.loc 1 1144 5 is_stmt 1 view .LVU109
1147:Drivers/STM32L0xx_HAL_Driver/Src/stm32l0xx_hal_rcc.c ****     HAL_GPIO_Init(MCO3_GPIO_PORT, &gpio);
 380              		.loc 1 1147 5 view .LVU110
 381              	.LBB4:
1147:Drivers/STM32L0xx_HAL_Driver/Src/stm32l0xx_hal_rcc.c ****     HAL_GPIO_Init(MCO3_GPIO_PORT, &gpio);
 382              		.loc 1 1147 5 view .LVU111
1147:Drivers/STM32L0xx_HAL_Driver/Src/stm32l0xx_hal_rcc.c ****     HAL_GPIO_Init(MCO3_GPIO_PORT, &gpio);
 383              		.loc 1 1147 5 view .LVU112
 384 0080 064A     		ldr	r2, .L23
 385 0082 D16A     		ldr	r1, [r2, #44]
 386 0084 0223     		movs	r3, #2
 387 0086 1943     		orrs	r1, r3
 388 0088 D162     		str	r1, [r2, #44]
1147:Drivers/STM32L0xx_HAL_Driver/Src/stm32l0xx_hal_rcc.c ****     HAL_GPIO_Init(MCO3_GPIO_PORT, &gpio);
 389              		.loc 1 1147 5 view .LVU113
 390 008a D26A     		ldr	r2, [r2, #44]
 391 008c 1340     		ands	r3, r2
 392 008e 0193     		str	r3, [sp, #4]
1147:Drivers/STM32L0xx_HAL_Driver/Src/stm32l0xx_hal_rcc.c ****     HAL_GPIO_Init(MCO3_GPIO_PORT, &gpio);
 393              		.loc 1 1147 5 view .LVU114
 394 0090 019B     		ldr	r3, [sp, #4]
 395              	.LBE4:
1147:Drivers/STM32L0xx_HAL_Driver/Src/stm32l0xx_hal_rcc.c ****     HAL_GPIO_Init(MCO3_GPIO_PORT, &gpio);
 396              		.loc 1 1147 5 view .LVU115
1148:Drivers/STM32L0xx_HAL_Driver/Src/stm32l0xx_hal_rcc.c ****   }
 397              		.loc 1 1148 5 view .LVU116
 398 0092 03A9     		add	r1, sp, #12
 399 0094 0348     		ldr	r0, .L23+8
 400 0096 FFF7FEFF 		bl	HAL_GPIO_Init
 401              	.LVL27:
 402 009a D4E7     		b	.L19
 403              	.L24:
 404              		.align	2
 405              	.L23:
 406 009c 00100240 		.word	1073876992
 407 00a0 FFFFFF80 		.word	-2130706433
 408 00a4 00040050 		.word	1342178304
 409              		.cfi_endproc
 410              	.LFE50:
 412              		.section	.text.HAL_RCC_EnableCSS,"ax",%progbits
 413              		.align	1
 414              		.global	HAL_RCC_EnableCSS
 415              		.syntax unified
 416              		.code	16
 417              		.thumb_func
 419              	HAL_RCC_EnableCSS:
 420              	.LFB51:
1164:Drivers/STM32L0xx_HAL_Driver/Src/stm32l0xx_hal_rcc.c **** 
1165:Drivers/STM32L0xx_HAL_Driver/Src/stm32l0xx_hal_rcc.c **** #if defined(RCC_HSECSS_SUPPORT)
1166:Drivers/STM32L0xx_HAL_Driver/Src/stm32l0xx_hal_rcc.c **** /**
1167:Drivers/STM32L0xx_HAL_Driver/Src/stm32l0xx_hal_rcc.c ****   * @brief  Enables the Clock Security System.
1168:Drivers/STM32L0xx_HAL_Driver/Src/stm32l0xx_hal_rcc.c ****   * @note   If a failure is detected on the HSE oscillator clock, this oscillator
1169:Drivers/STM32L0xx_HAL_Driver/Src/stm32l0xx_hal_rcc.c ****   *         is automatically disabled and an interrupt is generated to inform the
1170:Drivers/STM32L0xx_HAL_Driver/Src/stm32l0xx_hal_rcc.c ****   *         software about the failure (Clock Security System Interrupt, CSSI),
1171:Drivers/STM32L0xx_HAL_Driver/Src/stm32l0xx_hal_rcc.c ****   *         allowing the MCU to perform rescue operations. The CSSI is linked to
1172:Drivers/STM32L0xx_HAL_Driver/Src/stm32l0xx_hal_rcc.c ****   *         the Cortex-M0+ NMI (Non-Maskable Interrupt) exception vector.
1173:Drivers/STM32L0xx_HAL_Driver/Src/stm32l0xx_hal_rcc.c ****   * @retval None
ARM GAS  /var/folders/d7/pb3dkhys6j3db_qtp_8v34p80000gn/T//ccnF7AbK.s 			page 30


1174:Drivers/STM32L0xx_HAL_Driver/Src/stm32l0xx_hal_rcc.c ****   */
1175:Drivers/STM32L0xx_HAL_Driver/Src/stm32l0xx_hal_rcc.c **** void HAL_RCC_EnableCSS(void)
1176:Drivers/STM32L0xx_HAL_Driver/Src/stm32l0xx_hal_rcc.c **** {
 421              		.loc 1 1176 1 view -0
 422              		.cfi_startproc
 423              		@ args = 0, pretend = 0, frame = 0
 424              		@ frame_needed = 0, uses_anonymous_args = 0
 425              		@ link register save eliminated.
1177:Drivers/STM32L0xx_HAL_Driver/Src/stm32l0xx_hal_rcc.c ****   SET_BIT(RCC->CR, RCC_CR_CSSON) ;
 426              		.loc 1 1177 3 view .LVU118
 427 0000 034A     		ldr	r2, .L26
 428 0002 1168     		ldr	r1, [r2]
 429 0004 8023     		movs	r3, #128
 430 0006 1B03     		lsls	r3, r3, #12
 431 0008 0B43     		orrs	r3, r1
 432 000a 1360     		str	r3, [r2]
1178:Drivers/STM32L0xx_HAL_Driver/Src/stm32l0xx_hal_rcc.c **** }
 433              		.loc 1 1178 1 is_stmt 0 view .LVU119
 434              		@ sp needed
 435 000c 7047     		bx	lr
 436              	.L27:
 437 000e C046     		.align	2
 438              	.L26:
 439 0010 00100240 		.word	1073876992
 440              		.cfi_endproc
 441              	.LFE51:
 443              		.section	.text.HAL_RCC_GetSysClockFreq,"ax",%progbits
 444              		.align	1
 445              		.global	HAL_RCC_GetSysClockFreq
 446              		.syntax unified
 447              		.code	16
 448              		.thumb_func
 450              	HAL_RCC_GetSysClockFreq:
 451              	.LFB52:
1179:Drivers/STM32L0xx_HAL_Driver/Src/stm32l0xx_hal_rcc.c **** 
1180:Drivers/STM32L0xx_HAL_Driver/Src/stm32l0xx_hal_rcc.c **** #endif /* RCC_HSECSS_SUPPORT */
1181:Drivers/STM32L0xx_HAL_Driver/Src/stm32l0xx_hal_rcc.c **** /**
1182:Drivers/STM32L0xx_HAL_Driver/Src/stm32l0xx_hal_rcc.c ****   * @brief  Returns the SYSCLK frequency
1183:Drivers/STM32L0xx_HAL_Driver/Src/stm32l0xx_hal_rcc.c ****   * @note   The system frequency computed by this function is not the real
1184:Drivers/STM32L0xx_HAL_Driver/Src/stm32l0xx_hal_rcc.c ****   *         frequency in the chip. It is calculated based on the predefined
1185:Drivers/STM32L0xx_HAL_Driver/Src/stm32l0xx_hal_rcc.c ****   *         constant and the selected clock source:
1186:Drivers/STM32L0xx_HAL_Driver/Src/stm32l0xx_hal_rcc.c ****   * @note     If SYSCLK source is MSI, function returns a value based on MSI
1187:Drivers/STM32L0xx_HAL_Driver/Src/stm32l0xx_hal_rcc.c ****   *             Value as defined by the MSI range.
1188:Drivers/STM32L0xx_HAL_Driver/Src/stm32l0xx_hal_rcc.c ****   * @note     If SYSCLK source is HSI, function returns values based on HSI_VALUE(*)
1189:Drivers/STM32L0xx_HAL_Driver/Src/stm32l0xx_hal_rcc.c ****   * @note     If SYSCLK source is HSE, function returns a value based on HSE_VALUE(**)
1190:Drivers/STM32L0xx_HAL_Driver/Src/stm32l0xx_hal_rcc.c ****   * @note     If SYSCLK source is PLL, function returns a value based on HSE_VALUE(**)
1191:Drivers/STM32L0xx_HAL_Driver/Src/stm32l0xx_hal_rcc.c ****   *           or HSI_VALUE(*) multiplied/divided by the PLL factors.
1192:Drivers/STM32L0xx_HAL_Driver/Src/stm32l0xx_hal_rcc.c ****   * @note     (*) HSI_VALUE is a constant defined in stm32l0xx_hal_conf.h file (default value
1193:Drivers/STM32L0xx_HAL_Driver/Src/stm32l0xx_hal_rcc.c ****   *               16 MHz) but the real value may vary depending on the variations
1194:Drivers/STM32L0xx_HAL_Driver/Src/stm32l0xx_hal_rcc.c ****   *               in voltage and temperature.
1195:Drivers/STM32L0xx_HAL_Driver/Src/stm32l0xx_hal_rcc.c ****   * @note     (**) HSE_VALUE is a constant defined in stm32l0xx_hal_conf.h file (default value
1196:Drivers/STM32L0xx_HAL_Driver/Src/stm32l0xx_hal_rcc.c ****   *                8 MHz), user has to ensure that HSE_VALUE is same as the real
1197:Drivers/STM32L0xx_HAL_Driver/Src/stm32l0xx_hal_rcc.c ****   *                frequency of the crystal used. Otherwise, this function may
1198:Drivers/STM32L0xx_HAL_Driver/Src/stm32l0xx_hal_rcc.c ****   *                have wrong result.
1199:Drivers/STM32L0xx_HAL_Driver/Src/stm32l0xx_hal_rcc.c ****   *
1200:Drivers/STM32L0xx_HAL_Driver/Src/stm32l0xx_hal_rcc.c ****   * @note   The result of this function could be not correct when using fractional
1201:Drivers/STM32L0xx_HAL_Driver/Src/stm32l0xx_hal_rcc.c ****   *         value for HSE crystal.
ARM GAS  /var/folders/d7/pb3dkhys6j3db_qtp_8v34p80000gn/T//ccnF7AbK.s 			page 31


1202:Drivers/STM32L0xx_HAL_Driver/Src/stm32l0xx_hal_rcc.c ****   *
1203:Drivers/STM32L0xx_HAL_Driver/Src/stm32l0xx_hal_rcc.c ****   * @note   This function can be used by the user application to compute the
1204:Drivers/STM32L0xx_HAL_Driver/Src/stm32l0xx_hal_rcc.c ****   *         baud-rate for the communication peripherals or configure other parameters.
1205:Drivers/STM32L0xx_HAL_Driver/Src/stm32l0xx_hal_rcc.c ****   *
1206:Drivers/STM32L0xx_HAL_Driver/Src/stm32l0xx_hal_rcc.c ****   * @note   Each time SYSCLK changes, this function must be called to update the
1207:Drivers/STM32L0xx_HAL_Driver/Src/stm32l0xx_hal_rcc.c ****   *         right SYSCLK value. Otherwise, any configuration based on this function will be incorre
1208:Drivers/STM32L0xx_HAL_Driver/Src/stm32l0xx_hal_rcc.c ****   *
1209:Drivers/STM32L0xx_HAL_Driver/Src/stm32l0xx_hal_rcc.c ****   * @retval SYSCLK frequency
1210:Drivers/STM32L0xx_HAL_Driver/Src/stm32l0xx_hal_rcc.c ****   */
1211:Drivers/STM32L0xx_HAL_Driver/Src/stm32l0xx_hal_rcc.c **** uint32_t HAL_RCC_GetSysClockFreq(void)
1212:Drivers/STM32L0xx_HAL_Driver/Src/stm32l0xx_hal_rcc.c **** {
 452              		.loc 1 1212 1 is_stmt 1 view -0
 453              		.cfi_startproc
 454              		@ args = 0, pretend = 0, frame = 0
 455              		@ frame_needed = 0, uses_anonymous_args = 0
 456 0000 10B5     		push	{r4, lr}
 457              	.LCFI4:
 458              		.cfi_def_cfa_offset 8
 459              		.cfi_offset 4, -8
 460              		.cfi_offset 14, -4
1213:Drivers/STM32L0xx_HAL_Driver/Src/stm32l0xx_hal_rcc.c ****   uint32_t tmpreg, pllm, plld, pllvco, msiclkrange;    /* no init needed */
 461              		.loc 1 1213 3 view .LVU121
1214:Drivers/STM32L0xx_HAL_Driver/Src/stm32l0xx_hal_rcc.c ****   uint32_t sysclockfreq;
 462              		.loc 1 1214 3 view .LVU122
1215:Drivers/STM32L0xx_HAL_Driver/Src/stm32l0xx_hal_rcc.c **** 
1216:Drivers/STM32L0xx_HAL_Driver/Src/stm32l0xx_hal_rcc.c ****   tmpreg = RCC->CFGR;
 463              		.loc 1 1216 3 view .LVU123
 464              		.loc 1 1216 10 is_stmt 0 view .LVU124
 465 0002 264B     		ldr	r3, .L36
 466 0004 D968     		ldr	r1, [r3, #12]
 467              	.LVL28:
1217:Drivers/STM32L0xx_HAL_Driver/Src/stm32l0xx_hal_rcc.c **** 
1218:Drivers/STM32L0xx_HAL_Driver/Src/stm32l0xx_hal_rcc.c ****   /* Get SYSCLK source -------------------------------------------------------*/
1219:Drivers/STM32L0xx_HAL_Driver/Src/stm32l0xx_hal_rcc.c ****   switch (tmpreg & RCC_CFGR_SWS)
 468              		.loc 1 1219 3 is_stmt 1 view .LVU125
 469              		.loc 1 1219 18 is_stmt 0 view .LVU126
 470 0006 0C23     		movs	r3, #12
 471 0008 0B40     		ands	r3, r1
 472              		.loc 1 1219 3 view .LVU127
 473 000a 082B     		cmp	r3, #8
 474 000c 42D0     		beq	.L34
 475 000e 0C2B     		cmp	r3, #12
 476 0010 07D0     		beq	.L30
 477 0012 042B     		cmp	r3, #4
 478 0014 34D1     		bne	.L31
1220:Drivers/STM32L0xx_HAL_Driver/Src/stm32l0xx_hal_rcc.c ****   {
1221:Drivers/STM32L0xx_HAL_Driver/Src/stm32l0xx_hal_rcc.c ****     case RCC_SYSCLKSOURCE_STATUS_HSI:  /* HSI used as system clock source */
1222:Drivers/STM32L0xx_HAL_Driver/Src/stm32l0xx_hal_rcc.c ****     {
1223:Drivers/STM32L0xx_HAL_Driver/Src/stm32l0xx_hal_rcc.c ****       if ((RCC->CR & RCC_CR_HSIDIVF) != 0U)
 479              		.loc 1 1223 7 is_stmt 1 view .LVU128
 480              		.loc 1 1223 15 is_stmt 0 view .LVU129
 481 0016 214B     		ldr	r3, .L36
 482 0018 1B68     		ldr	r3, [r3]
 483              		.loc 1 1223 10 view .LVU130
 484 001a DB06     		lsls	r3, r3, #27
 485 001c 3CD5     		bpl	.L35
1224:Drivers/STM32L0xx_HAL_Driver/Src/stm32l0xx_hal_rcc.c ****       {
ARM GAS  /var/folders/d7/pb3dkhys6j3db_qtp_8v34p80000gn/T//ccnF7AbK.s 			page 32


1225:Drivers/STM32L0xx_HAL_Driver/Src/stm32l0xx_hal_rcc.c ****         sysclockfreq =  (HSI_VALUE >> 2);
 486              		.loc 1 1225 22 view .LVU131
 487 001e 2048     		ldr	r0, .L36+4
 488 0020 37E0     		b	.L28
 489              	.L30:
1226:Drivers/STM32L0xx_HAL_Driver/Src/stm32l0xx_hal_rcc.c ****       }
1227:Drivers/STM32L0xx_HAL_Driver/Src/stm32l0xx_hal_rcc.c ****       else
1228:Drivers/STM32L0xx_HAL_Driver/Src/stm32l0xx_hal_rcc.c ****       {
1229:Drivers/STM32L0xx_HAL_Driver/Src/stm32l0xx_hal_rcc.c ****         sysclockfreq =  HSI_VALUE;
1230:Drivers/STM32L0xx_HAL_Driver/Src/stm32l0xx_hal_rcc.c ****       }
1231:Drivers/STM32L0xx_HAL_Driver/Src/stm32l0xx_hal_rcc.c ****       break;
1232:Drivers/STM32L0xx_HAL_Driver/Src/stm32l0xx_hal_rcc.c ****     }
1233:Drivers/STM32L0xx_HAL_Driver/Src/stm32l0xx_hal_rcc.c ****     case RCC_SYSCLKSOURCE_STATUS_HSE:  /* HSE used as system clock */
1234:Drivers/STM32L0xx_HAL_Driver/Src/stm32l0xx_hal_rcc.c ****     {
1235:Drivers/STM32L0xx_HAL_Driver/Src/stm32l0xx_hal_rcc.c ****       sysclockfreq = HSE_VALUE;
1236:Drivers/STM32L0xx_HAL_Driver/Src/stm32l0xx_hal_rcc.c ****       break;
1237:Drivers/STM32L0xx_HAL_Driver/Src/stm32l0xx_hal_rcc.c ****     }
1238:Drivers/STM32L0xx_HAL_Driver/Src/stm32l0xx_hal_rcc.c ****     case RCC_SYSCLKSOURCE_STATUS_PLLCLK:  /* PLL used as system clock */
1239:Drivers/STM32L0xx_HAL_Driver/Src/stm32l0xx_hal_rcc.c ****     {
1240:Drivers/STM32L0xx_HAL_Driver/Src/stm32l0xx_hal_rcc.c ****       pllm = PLLMulTable[(uint32_t)(tmpreg & RCC_CFGR_PLLMUL) >> RCC_CFGR_PLLMUL_Pos];
 490              		.loc 1 1240 7 is_stmt 1 view .LVU132
 491              		.loc 1 1240 63 is_stmt 0 view .LVU133
 492 0022 8A0C     		lsrs	r2, r1, #18
 493 0024 0F23     		movs	r3, #15
 494 0026 1340     		ands	r3, r2
 495              		.loc 1 1240 25 view .LVU134
 496 0028 1E4A     		ldr	r2, .L36+8
 497 002a D25C     		ldrb	r2, [r2, r3]
 498              	.LVL29:
1241:Drivers/STM32L0xx_HAL_Driver/Src/stm32l0xx_hal_rcc.c ****       plld = ((uint32_t)(tmpreg & RCC_CFGR_PLLDIV) >> RCC_CFGR_PLLDIV_Pos) + 1U;
 499              		.loc 1 1241 7 is_stmt 1 view .LVU135
 500              		.loc 1 1241 52 is_stmt 0 view .LVU136
 501 002c 890D     		lsrs	r1, r1, #22
 502              	.LVL30:
 503              		.loc 1 1241 52 view .LVU137
 504 002e 0323     		movs	r3, #3
 505 0030 1940     		ands	r1, r3
 506              		.loc 1 1241 12 view .LVU138
 507 0032 0131     		adds	r1, r1, #1
 508              	.LVL31:
1242:Drivers/STM32L0xx_HAL_Driver/Src/stm32l0xx_hal_rcc.c ****       if (__HAL_RCC_GET_PLL_OSCSOURCE() != RCC_PLLSOURCE_HSI)
 509              		.loc 1 1242 7 is_stmt 1 view .LVU139
 510              		.loc 1 1242 11 is_stmt 0 view .LVU140
 511 0034 194B     		ldr	r3, .L36
 512 0036 DB68     		ldr	r3, [r3, #12]
 513              		.loc 1 1242 10 view .LVU141
 514 0038 DB03     		lsls	r3, r3, #15
 515 003a 09D5     		bpl	.L32
1243:Drivers/STM32L0xx_HAL_Driver/Src/stm32l0xx_hal_rcc.c ****       {
1244:Drivers/STM32L0xx_HAL_Driver/Src/stm32l0xx_hal_rcc.c ****         /* HSE used as PLL clock source */
1245:Drivers/STM32L0xx_HAL_Driver/Src/stm32l0xx_hal_rcc.c ****         pllvco = (uint32_t)((HSE_VALUE * pllm) / plld);
 516              		.loc 1 1245 9 is_stmt 1 view .LVU142
 517              		.loc 1 1245 40 is_stmt 0 view .LVU143
 518 003c 5301     		lsls	r3, r2, #5
 519 003e 9B1A     		subs	r3, r3, r2
 520 0040 9801     		lsls	r0, r3, #6
 521 0042 C01A     		subs	r0, r0, r3
ARM GAS  /var/folders/d7/pb3dkhys6j3db_qtp_8v34p80000gn/T//ccnF7AbK.s 			page 33


 522 0044 C000     		lsls	r0, r0, #3
 523 0046 8018     		adds	r0, r0, r2
 524 0048 4002     		lsls	r0, r0, #9
 525              		.loc 1 1245 16 view .LVU144
 526 004a FFF7FEFF 		bl	__aeabi_uidiv
 527              	.LVL32:
 528              		.loc 1 1245 16 view .LVU145
 529 004e 20E0     		b	.L28
 530              	.LVL33:
 531              	.L32:
1246:Drivers/STM32L0xx_HAL_Driver/Src/stm32l0xx_hal_rcc.c ****       }
1247:Drivers/STM32L0xx_HAL_Driver/Src/stm32l0xx_hal_rcc.c ****       else
1248:Drivers/STM32L0xx_HAL_Driver/Src/stm32l0xx_hal_rcc.c ****       {
1249:Drivers/STM32L0xx_HAL_Driver/Src/stm32l0xx_hal_rcc.c ****         if ((RCC->CR & RCC_CR_HSIDIVF) != 0U)
 532              		.loc 1 1249 9 is_stmt 1 view .LVU146
 533              		.loc 1 1249 17 is_stmt 0 view .LVU147
 534 0050 124B     		ldr	r3, .L36
 535 0052 1B68     		ldr	r3, [r3]
 536              		.loc 1 1249 12 view .LVU148
 537 0054 DB06     		lsls	r3, r3, #27
 538 0056 09D5     		bpl	.L33
1250:Drivers/STM32L0xx_HAL_Driver/Src/stm32l0xx_hal_rcc.c ****         {
1251:Drivers/STM32L0xx_HAL_Driver/Src/stm32l0xx_hal_rcc.c ****           pllvco = (uint32_t)((((HSI_VALUE >> 2)) * pllm) / plld);
 539              		.loc 1 1251 11 is_stmt 1 view .LVU149
 540              		.loc 1 1251 51 is_stmt 0 view .LVU150
 541 0058 5301     		lsls	r3, r2, #5
 542 005a 9B1A     		subs	r3, r3, r2
 543 005c 9801     		lsls	r0, r3, #6
 544 005e C01A     		subs	r0, r0, r3
 545 0060 C000     		lsls	r0, r0, #3
 546 0062 8018     		adds	r0, r0, r2
 547 0064 0002     		lsls	r0, r0, #8
 548              		.loc 1 1251 18 view .LVU151
 549 0066 FFF7FEFF 		bl	__aeabi_uidiv
 550              	.LVL34:
 551              		.loc 1 1251 18 view .LVU152
 552 006a 12E0     		b	.L28
 553              	.LVL35:
 554              	.L33:
1252:Drivers/STM32L0xx_HAL_Driver/Src/stm32l0xx_hal_rcc.c ****         }
1253:Drivers/STM32L0xx_HAL_Driver/Src/stm32l0xx_hal_rcc.c ****         else
1254:Drivers/STM32L0xx_HAL_Driver/Src/stm32l0xx_hal_rcc.c ****         {
1255:Drivers/STM32L0xx_HAL_Driver/Src/stm32l0xx_hal_rcc.c ****          pllvco = (uint32_t)((HSI_VALUE * pllm) / plld);
 555              		.loc 1 1255 10 is_stmt 1 view .LVU153
 556              		.loc 1 1255 41 is_stmt 0 view .LVU154
 557 006c 5301     		lsls	r3, r2, #5
 558 006e 9B1A     		subs	r3, r3, r2
 559 0070 9801     		lsls	r0, r3, #6
 560 0072 C01A     		subs	r0, r0, r3
 561 0074 C000     		lsls	r0, r0, #3
 562 0076 8018     		adds	r0, r0, r2
 563 0078 8002     		lsls	r0, r0, #10
 564              		.loc 1 1255 17 view .LVU155
 565 007a FFF7FEFF 		bl	__aeabi_uidiv
 566              	.LVL36:
 567              		.loc 1 1255 17 view .LVU156
 568 007e 08E0     		b	.L28
ARM GAS  /var/folders/d7/pb3dkhys6j3db_qtp_8v34p80000gn/T//ccnF7AbK.s 			page 34


 569              	.LVL37:
 570              	.L31:
1256:Drivers/STM32L0xx_HAL_Driver/Src/stm32l0xx_hal_rcc.c ****         }
1257:Drivers/STM32L0xx_HAL_Driver/Src/stm32l0xx_hal_rcc.c ****       }
1258:Drivers/STM32L0xx_HAL_Driver/Src/stm32l0xx_hal_rcc.c ****       sysclockfreq = pllvco;
1259:Drivers/STM32L0xx_HAL_Driver/Src/stm32l0xx_hal_rcc.c ****       break;
1260:Drivers/STM32L0xx_HAL_Driver/Src/stm32l0xx_hal_rcc.c ****     }
1261:Drivers/STM32L0xx_HAL_Driver/Src/stm32l0xx_hal_rcc.c ****     case RCC_SYSCLKSOURCE_STATUS_MSI:  /* MSI used as system clock source */
1262:Drivers/STM32L0xx_HAL_Driver/Src/stm32l0xx_hal_rcc.c ****     default: /* MSI used as system clock */
1263:Drivers/STM32L0xx_HAL_Driver/Src/stm32l0xx_hal_rcc.c ****     {
1264:Drivers/STM32L0xx_HAL_Driver/Src/stm32l0xx_hal_rcc.c ****       msiclkrange = (RCC->ICSCR & RCC_ICSCR_MSIRANGE ) >> RCC_ICSCR_MSIRANGE_Pos;
 571              		.loc 1 1264 7 is_stmt 1 view .LVU157
 572              		.loc 1 1264 25 is_stmt 0 view .LVU158
 573 0080 064B     		ldr	r3, .L36
 574 0082 5A68     		ldr	r2, [r3, #4]
 575              		.loc 1 1264 56 view .LVU159
 576 0084 520B     		lsrs	r2, r2, #13
 577              		.loc 1 1264 19 view .LVU160
 578 0086 0723     		movs	r3, #7
 579 0088 1340     		ands	r3, r2
 580              	.LVL38:
1265:Drivers/STM32L0xx_HAL_Driver/Src/stm32l0xx_hal_rcc.c ****       sysclockfreq = (32768U * (1UL << (msiclkrange + 1U)));
 581              		.loc 1 1265 7 is_stmt 1 view .LVU161
 582              		.loc 1 1265 53 is_stmt 0 view .LVU162
 583 008a 0133     		adds	r3, r3, #1
 584              	.LVL39:
 585              		.loc 1 1265 20 view .LVU163
 586 008c 8020     		movs	r0, #128
 587 008e 0002     		lsls	r0, r0, #8
 588 0090 9840     		lsls	r0, r0, r3
 589              	.LVL40:
1266:Drivers/STM32L0xx_HAL_Driver/Src/stm32l0xx_hal_rcc.c ****       break;
 590              		.loc 1 1266 7 is_stmt 1 view .LVU164
 591              	.L28:
1267:Drivers/STM32L0xx_HAL_Driver/Src/stm32l0xx_hal_rcc.c ****     }
1268:Drivers/STM32L0xx_HAL_Driver/Src/stm32l0xx_hal_rcc.c ****   }
1269:Drivers/STM32L0xx_HAL_Driver/Src/stm32l0xx_hal_rcc.c ****   return sysclockfreq;
1270:Drivers/STM32L0xx_HAL_Driver/Src/stm32l0xx_hal_rcc.c **** }
 592              		.loc 1 1270 1 is_stmt 0 view .LVU165
 593              		@ sp needed
 594 0092 10BD     		pop	{r4, pc}
 595              	.LVL41:
 596              	.L34:
1219:Drivers/STM32L0xx_HAL_Driver/Src/stm32l0xx_hal_rcc.c ****   {
 597              		.loc 1 1219 3 view .LVU166
 598 0094 0448     		ldr	r0, .L36+12
 599 0096 FCE7     		b	.L28
 600              	.L35:
1229:Drivers/STM32L0xx_HAL_Driver/Src/stm32l0xx_hal_rcc.c ****       }
 601              		.loc 1 1229 22 view .LVU167
 602 0098 0448     		ldr	r0, .L36+16
 603              	.LVL42:
1269:Drivers/STM32L0xx_HAL_Driver/Src/stm32l0xx_hal_rcc.c **** }
 604              		.loc 1 1269 3 is_stmt 1 view .LVU168
1269:Drivers/STM32L0xx_HAL_Driver/Src/stm32l0xx_hal_rcc.c **** }
 605              		.loc 1 1269 10 is_stmt 0 view .LVU169
 606 009a FAE7     		b	.L28
ARM GAS  /var/folders/d7/pb3dkhys6j3db_qtp_8v34p80000gn/T//ccnF7AbK.s 			page 35


 607              	.L37:
 608              		.align	2
 609              	.L36:
 610 009c 00100240 		.word	1073876992
 611 00a0 00093D00 		.word	4000000
 612 00a4 00000000 		.word	PLLMulTable
 613 00a8 00127A00 		.word	8000000
 614 00ac 0024F400 		.word	16000000
 615              		.cfi_endproc
 616              	.LFE52:
 618              		.section	.text.HAL_RCC_OscConfig,"ax",%progbits
 619              		.align	1
 620              		.global	HAL_RCC_OscConfig
 621              		.syntax unified
 622              		.code	16
 623              		.thumb_func
 625              	HAL_RCC_OscConfig:
 626              	.LVL43:
 627              	.LFB48:
 337:Drivers/STM32L0xx_HAL_Driver/Src/stm32l0xx_hal_rcc.c ****   uint32_t tickstart;
 628              		.loc 1 337 1 is_stmt 1 view -0
 629              		.cfi_startproc
 630              		@ args = 0, pretend = 0, frame = 8
 631              		@ frame_needed = 0, uses_anonymous_args = 0
 337:Drivers/STM32L0xx_HAL_Driver/Src/stm32l0xx_hal_rcc.c ****   uint32_t tickstart;
 632              		.loc 1 337 1 is_stmt 0 view .LVU171
 633 0000 F0B5     		push	{r4, r5, r6, r7, lr}
 634              	.LCFI5:
 635              		.cfi_def_cfa_offset 20
 636              		.cfi_offset 4, -20
 637              		.cfi_offset 5, -16
 638              		.cfi_offset 6, -12
 639              		.cfi_offset 7, -8
 640              		.cfi_offset 14, -4
 641 0002 83B0     		sub	sp, sp, #12
 642              	.LCFI6:
 643              		.cfi_def_cfa_offset 32
 644 0004 041E     		subs	r4, r0, #0
 338:Drivers/STM32L0xx_HAL_Driver/Src/stm32l0xx_hal_rcc.c ****   uint32_t hsi_state;
 645              		.loc 1 338 3 is_stmt 1 view .LVU172
 339:Drivers/STM32L0xx_HAL_Driver/Src/stm32l0xx_hal_rcc.c ****   HAL_StatusTypeDef status;
 646              		.loc 1 339 3 view .LVU173
 340:Drivers/STM32L0xx_HAL_Driver/Src/stm32l0xx_hal_rcc.c ****   uint32_t sysclk_source, pll_config;
 647              		.loc 1 340 3 view .LVU174
 341:Drivers/STM32L0xx_HAL_Driver/Src/stm32l0xx_hal_rcc.c **** 
 648              		.loc 1 341 3 view .LVU175
 344:Drivers/STM32L0xx_HAL_Driver/Src/stm32l0xx_hal_rcc.c ****   {
 649              		.loc 1 344 3 view .LVU176
 344:Drivers/STM32L0xx_HAL_Driver/Src/stm32l0xx_hal_rcc.c ****   {
 650              		.loc 1 344 5 is_stmt 0 view .LVU177
 651 0006 00D1     		bne	.LCB588
 652 0008 97E2     		b	.L103	@long jump
 653              	.LCB588:
 350:Drivers/STM32L0xx_HAL_Driver/Src/stm32l0xx_hal_rcc.c **** 
 654              		.loc 1 350 3 is_stmt 1 view .LVU178
 352:Drivers/STM32L0xx_HAL_Driver/Src/stm32l0xx_hal_rcc.c ****   pll_config = __HAL_RCC_GET_PLL_OSCSOURCE();
 655              		.loc 1 352 3 view .LVU179
ARM GAS  /var/folders/d7/pb3dkhys6j3db_qtp_8v34p80000gn/T//ccnF7AbK.s 			page 36


 352:Drivers/STM32L0xx_HAL_Driver/Src/stm32l0xx_hal_rcc.c ****   pll_config = __HAL_RCC_GET_PLL_OSCSOURCE();
 656              		.loc 1 352 19 is_stmt 0 view .LVU180
 657 000a C14B     		ldr	r3, .L154
 658 000c DA68     		ldr	r2, [r3, #12]
 352:Drivers/STM32L0xx_HAL_Driver/Src/stm32l0xx_hal_rcc.c ****   pll_config = __HAL_RCC_GET_PLL_OSCSOURCE();
 659              		.loc 1 352 17 view .LVU181
 660 000e 0C25     		movs	r5, #12
 661 0010 1540     		ands	r5, r2
 662              	.LVL44:
 353:Drivers/STM32L0xx_HAL_Driver/Src/stm32l0xx_hal_rcc.c **** 
 663              		.loc 1 353 3 is_stmt 1 view .LVU182
 353:Drivers/STM32L0xx_HAL_Driver/Src/stm32l0xx_hal_rcc.c **** 
 664              		.loc 1 353 16 is_stmt 0 view .LVU183
 665 0012 DE68     		ldr	r6, [r3, #12]
 353:Drivers/STM32L0xx_HAL_Driver/Src/stm32l0xx_hal_rcc.c **** 
 666              		.loc 1 353 14 view .LVU184
 667 0014 8023     		movs	r3, #128
 668 0016 5B02     		lsls	r3, r3, #9
 669 0018 1E40     		ands	r6, r3
 670              	.LVL45:
 356:Drivers/STM32L0xx_HAL_Driver/Src/stm32l0xx_hal_rcc.c ****   {
 671              		.loc 1 356 3 is_stmt 1 view .LVU185
 356:Drivers/STM32L0xx_HAL_Driver/Src/stm32l0xx_hal_rcc.c ****   {
 672              		.loc 1 356 25 is_stmt 0 view .LVU186
 673 001a 0368     		ldr	r3, [r0]
 356:Drivers/STM32L0xx_HAL_Driver/Src/stm32l0xx_hal_rcc.c ****   {
 674              		.loc 1 356 5 view .LVU187
 675 001c DB07     		lsls	r3, r3, #31
 676 001e 36D5     		bpl	.L40
 359:Drivers/STM32L0xx_HAL_Driver/Src/stm32l0xx_hal_rcc.c **** 
 677              		.loc 1 359 5 is_stmt 1 view .LVU188
 362:Drivers/STM32L0xx_HAL_Driver/Src/stm32l0xx_hal_rcc.c ****        || ((sysclk_source == RCC_SYSCLKSOURCE_STATUS_PLLCLK) && (pll_config == RCC_PLLSOURCE_HSE)))
 678              		.loc 1 362 5 view .LVU189
 362:Drivers/STM32L0xx_HAL_Driver/Src/stm32l0xx_hal_rcc.c ****        || ((sysclk_source == RCC_SYSCLKSOURCE_STATUS_PLLCLK) && (pll_config == RCC_PLLSOURCE_HSE)))
 679              		.loc 1 362 7 is_stmt 0 view .LVU190
 680 0020 082D     		cmp	r5, #8
 681 0022 2CD0     		beq	.L41
 363:Drivers/STM32L0xx_HAL_Driver/Src/stm32l0xx_hal_rcc.c ****     {
 682              		.loc 1 363 8 view .LVU191
 683 0024 0C2D     		cmp	r5, #12
 684 0026 28D0     		beq	.L139
 685              	.L42:
 373:Drivers/STM32L0xx_HAL_Driver/Src/stm32l0xx_hal_rcc.c **** 
 686              		.loc 1 373 7 is_stmt 1 view .LVU192
 687              	.LBB5:
 373:Drivers/STM32L0xx_HAL_Driver/Src/stm32l0xx_hal_rcc.c **** 
 688              		.loc 1 373 7 view .LVU193
 373:Drivers/STM32L0xx_HAL_Driver/Src/stm32l0xx_hal_rcc.c **** 
 689              		.loc 1 373 7 view .LVU194
 690 0028 6368     		ldr	r3, [r4, #4]
 691 002a 8022     		movs	r2, #128
 692 002c 5202     		lsls	r2, r2, #9
 693 002e 9342     		cmp	r3, r2
 694 0030 4DD0     		beq	.L140
 373:Drivers/STM32L0xx_HAL_Driver/Src/stm32l0xx_hal_rcc.c **** 
 695              		.loc 1 373 7 discriminator 2 view .LVU195
 696 0032 A022     		movs	r2, #160
ARM GAS  /var/folders/d7/pb3dkhys6j3db_qtp_8v34p80000gn/T//ccnF7AbK.s 			page 37


 697 0034 D202     		lsls	r2, r2, #11
 698 0036 9342     		cmp	r3, r2
 699 0038 50D0     		beq	.L141
 373:Drivers/STM32L0xx_HAL_Driver/Src/stm32l0xx_hal_rcc.c **** 
 700              		.loc 1 373 7 discriminator 4 view .LVU196
 701 003a B54B     		ldr	r3, .L154
 702 003c 1A68     		ldr	r2, [r3]
 703 003e B549     		ldr	r1, .L154+4
 704 0040 0A40     		ands	r2, r1
 705 0042 1A60     		str	r2, [r3]
 373:Drivers/STM32L0xx_HAL_Driver/Src/stm32l0xx_hal_rcc.c **** 
 706              		.loc 1 373 7 view .LVU197
 373:Drivers/STM32L0xx_HAL_Driver/Src/stm32l0xx_hal_rcc.c **** 
 707              		.loc 1 373 7 is_stmt 0 discriminator 4 view .LVU198
 708 0044 1A68     		ldr	r2, [r3]
 709 0046 8021     		movs	r1, #128
 710 0048 4902     		lsls	r1, r1, #9
 711 004a 0A40     		ands	r2, r1
 712 004c 0192     		str	r2, [sp, #4]
 373:Drivers/STM32L0xx_HAL_Driver/Src/stm32l0xx_hal_rcc.c **** 
 713              		.loc 1 373 7 is_stmt 1 view .LVU199
 373:Drivers/STM32L0xx_HAL_Driver/Src/stm32l0xx_hal_rcc.c **** 
 714              		.loc 1 373 7 is_stmt 0 discriminator 4 view .LVU200
 715 004e 019A     		ldr	r2, [sp, #4]
 373:Drivers/STM32L0xx_HAL_Driver/Src/stm32l0xx_hal_rcc.c **** 
 716              		.loc 1 373 7 is_stmt 1 view .LVU201
 373:Drivers/STM32L0xx_HAL_Driver/Src/stm32l0xx_hal_rcc.c **** 
 717              		.loc 1 373 7 is_stmt 0 discriminator 4 view .LVU202
 718 0050 1A68     		ldr	r2, [r3]
 719 0052 B149     		ldr	r1, .L154+8
 720 0054 0A40     		ands	r2, r1
 721 0056 1A60     		str	r2, [r3]
 722              	.L44:
 723              	.LBE5:
 373:Drivers/STM32L0xx_HAL_Driver/Src/stm32l0xx_hal_rcc.c **** 
 724              		.loc 1 373 7 is_stmt 1 view .LVU203
 376:Drivers/STM32L0xx_HAL_Driver/Src/stm32l0xx_hal_rcc.c ****       {
 725              		.loc 1 376 7 view .LVU204
 376:Drivers/STM32L0xx_HAL_Driver/Src/stm32l0xx_hal_rcc.c ****       {
 726              		.loc 1 376 27 is_stmt 0 view .LVU205
 727 0058 6368     		ldr	r3, [r4, #4]
 376:Drivers/STM32L0xx_HAL_Driver/Src/stm32l0xx_hal_rcc.c ****       {
 728              		.loc 1 376 9 view .LVU206
 729 005a 002B     		cmp	r3, #0
 730 005c 4AD0     		beq	.L46
 379:Drivers/STM32L0xx_HAL_Driver/Src/stm32l0xx_hal_rcc.c **** 
 731              		.loc 1 379 9 is_stmt 1 view .LVU207
 379:Drivers/STM32L0xx_HAL_Driver/Src/stm32l0xx_hal_rcc.c **** 
 732              		.loc 1 379 21 is_stmt 0 view .LVU208
 733 005e FFF7FEFF 		bl	HAL_GetTick
 734              	.LVL46:
 379:Drivers/STM32L0xx_HAL_Driver/Src/stm32l0xx_hal_rcc.c **** 
 735              		.loc 1 379 21 view .LVU209
 736 0062 0700     		movs	r7, r0
 737              	.LVL47:
 382:Drivers/STM32L0xx_HAL_Driver/Src/stm32l0xx_hal_rcc.c ****         {
 738              		.loc 1 382 9 is_stmt 1 view .LVU210
ARM GAS  /var/folders/d7/pb3dkhys6j3db_qtp_8v34p80000gn/T//ccnF7AbK.s 			page 38


 739              	.L47:
 382:Drivers/STM32L0xx_HAL_Driver/Src/stm32l0xx_hal_rcc.c ****         {
 740              		.loc 1 382 51 view .LVU211
 382:Drivers/STM32L0xx_HAL_Driver/Src/stm32l0xx_hal_rcc.c ****         {
 741              		.loc 1 382 15 is_stmt 0 view .LVU212
 742 0064 AA4B     		ldr	r3, .L154
 743 0066 1B68     		ldr	r3, [r3]
 382:Drivers/STM32L0xx_HAL_Driver/Src/stm32l0xx_hal_rcc.c ****         {
 744              		.loc 1 382 51 view .LVU213
 745 0068 9B03     		lsls	r3, r3, #14
 746 006a 10D4     		bmi	.L40
 384:Drivers/STM32L0xx_HAL_Driver/Src/stm32l0xx_hal_rcc.c ****           {
 747              		.loc 1 384 11 is_stmt 1 view .LVU214
 384:Drivers/STM32L0xx_HAL_Driver/Src/stm32l0xx_hal_rcc.c ****           {
 748              		.loc 1 384 15 is_stmt 0 view .LVU215
 749 006c FFF7FEFF 		bl	HAL_GetTick
 750              	.LVL48:
 384:Drivers/STM32L0xx_HAL_Driver/Src/stm32l0xx_hal_rcc.c ****           {
 751              		.loc 1 384 29 discriminator 1 view .LVU216
 752 0070 C01B     		subs	r0, r0, r7
 384:Drivers/STM32L0xx_HAL_Driver/Src/stm32l0xx_hal_rcc.c ****           {
 753              		.loc 1 384 13 discriminator 1 view .LVU217
 754 0072 6428     		cmp	r0, #100
 755 0074 F6D9     		bls	.L47
 386:Drivers/STM32L0xx_HAL_Driver/Src/stm32l0xx_hal_rcc.c ****           }
 756              		.loc 1 386 20 view .LVU218
 757 0076 0320     		movs	r0, #3
 758 0078 60E2     		b	.L39
 759              	.LVL49:
 760              	.L139:
 363:Drivers/STM32L0xx_HAL_Driver/Src/stm32l0xx_hal_rcc.c ****     {
 761              		.loc 1 363 62 discriminator 1 view .LVU219
 762 007a 002E     		cmp	r6, #0
 763 007c D4D0     		beq	.L42
 764              	.L41:
 365:Drivers/STM32L0xx_HAL_Driver/Src/stm32l0xx_hal_rcc.c ****       {
 765              		.loc 1 365 7 is_stmt 1 view .LVU220
 365:Drivers/STM32L0xx_HAL_Driver/Src/stm32l0xx_hal_rcc.c ****       {
 766              		.loc 1 365 11 is_stmt 0 view .LVU221
 767 007e A44B     		ldr	r3, .L154
 768 0080 1B68     		ldr	r3, [r3]
 365:Drivers/STM32L0xx_HAL_Driver/Src/stm32l0xx_hal_rcc.c ****       {
 769              		.loc 1 365 9 view .LVU222
 770 0082 9B03     		lsls	r3, r3, #14
 771 0084 03D5     		bpl	.L40
 365:Drivers/STM32L0xx_HAL_Driver/Src/stm32l0xx_hal_rcc.c ****       {
 772              		.loc 1 365 75 discriminator 1 view .LVU223
 773 0086 6368     		ldr	r3, [r4, #4]
 365:Drivers/STM32L0xx_HAL_Driver/Src/stm32l0xx_hal_rcc.c ****       {
 774              		.loc 1 365 54 discriminator 1 view .LVU224
 775 0088 002B     		cmp	r3, #0
 776 008a 00D1     		bne	.LCB697
 777 008c 58E2     		b	.L142	@long jump
 778              	.LCB697:
 779              	.LVL50:
 780              	.L40:
 407:Drivers/STM32L0xx_HAL_Driver/Src/stm32l0xx_hal_rcc.c ****   {
ARM GAS  /var/folders/d7/pb3dkhys6j3db_qtp_8v34p80000gn/T//ccnF7AbK.s 			page 39


 781              		.loc 1 407 3 is_stmt 1 view .LVU225
 407:Drivers/STM32L0xx_HAL_Driver/Src/stm32l0xx_hal_rcc.c ****   {
 782              		.loc 1 407 25 is_stmt 0 view .LVU226
 783 008e 2368     		ldr	r3, [r4]
 407:Drivers/STM32L0xx_HAL_Driver/Src/stm32l0xx_hal_rcc.c ****   {
 784              		.loc 1 407 5 view .LVU227
 785 0090 9B07     		lsls	r3, r3, #30
 786 0092 65D5     		bpl	.L51
 410:Drivers/STM32L0xx_HAL_Driver/Src/stm32l0xx_hal_rcc.c ****     assert_param(IS_RCC_CALIBRATION_VALUE(RCC_OscInitStruct->HSICalibrationValue));
 787              		.loc 1 410 5 is_stmt 1 view .LVU228
 411:Drivers/STM32L0xx_HAL_Driver/Src/stm32l0xx_hal_rcc.c **** 
 788              		.loc 1 411 5 view .LVU229
 413:Drivers/STM32L0xx_HAL_Driver/Src/stm32l0xx_hal_rcc.c **** 
 789              		.loc 1 413 5 view .LVU230
 413:Drivers/STM32L0xx_HAL_Driver/Src/stm32l0xx_hal_rcc.c **** 
 790              		.loc 1 413 15 is_stmt 0 view .LVU231
 791 0094 E368     		ldr	r3, [r4, #12]
 792              	.LVL51:
 426:Drivers/STM32L0xx_HAL_Driver/Src/stm32l0xx_hal_rcc.c ****        || ((sysclk_source == RCC_SYSCLKSOURCE_STATUS_PLLCLK) && (pll_config == RCC_PLLSOURCE_HSI)))
 793              		.loc 1 426 5 is_stmt 1 view .LVU232
 426:Drivers/STM32L0xx_HAL_Driver/Src/stm32l0xx_hal_rcc.c ****        || ((sysclk_source == RCC_SYSCLKSOURCE_STATUS_PLLCLK) && (pll_config == RCC_PLLSOURCE_HSI)))
 794              		.loc 1 426 7 is_stmt 0 view .LVU233
 795 0096 042D     		cmp	r5, #4
 796 0098 3CD0     		beq	.L52
 427:Drivers/STM32L0xx_HAL_Driver/Src/stm32l0xx_hal_rcc.c ****     {
 797              		.loc 1 427 8 view .LVU234
 798 009a 0C2D     		cmp	r5, #12
 799 009c 38D0     		beq	.L143
 800              	.L53:
 457:Drivers/STM32L0xx_HAL_Driver/Src/stm32l0xx_hal_rcc.c ****       {
 801              		.loc 1 457 7 is_stmt 1 view .LVU235
 457:Drivers/STM32L0xx_HAL_Driver/Src/stm32l0xx_hal_rcc.c ****       {
 802              		.loc 1 457 9 is_stmt 0 view .LVU236
 803 009e 002B     		cmp	r3, #0
 804 00a0 00D1     		bne	.LCB719
 805 00a2 B0E0     		b	.L55	@long jump
 806              	.LCB719:
 460:Drivers/STM32L0xx_HAL_Driver/Src/stm32l0xx_hal_rcc.c **** 
 807              		.loc 1 460 9 is_stmt 1 view .LVU237
 808 00a4 9A49     		ldr	r1, .L154
 809 00a6 0A68     		ldr	r2, [r1]
 810 00a8 0920     		movs	r0, #9
 811 00aa 8243     		bics	r2, r0
 812 00ac 1343     		orrs	r3, r2
 813              	.LVL52:
 460:Drivers/STM32L0xx_HAL_Driver/Src/stm32l0xx_hal_rcc.c **** 
 814              		.loc 1 460 9 is_stmt 0 view .LVU238
 815 00ae 0B60     		str	r3, [r1]
 816              	.LVL53:
 463:Drivers/STM32L0xx_HAL_Driver/Src/stm32l0xx_hal_rcc.c **** 
 817              		.loc 1 463 9 is_stmt 1 view .LVU239
 463:Drivers/STM32L0xx_HAL_Driver/Src/stm32l0xx_hal_rcc.c **** 
 818              		.loc 1 463 21 is_stmt 0 view .LVU240
 819 00b0 FFF7FEFF 		bl	HAL_GetTick
 820              	.LVL54:
 821 00b4 0600     		movs	r6, r0
 822              	.LVL55:
ARM GAS  /var/folders/d7/pb3dkhys6j3db_qtp_8v34p80000gn/T//ccnF7AbK.s 			page 40


 466:Drivers/STM32L0xx_HAL_Driver/Src/stm32l0xx_hal_rcc.c ****         {
 823              		.loc 1 466 9 is_stmt 1 view .LVU241
 824              	.L56:
 466:Drivers/STM32L0xx_HAL_Driver/Src/stm32l0xx_hal_rcc.c ****         {
 825              		.loc 1 466 51 view .LVU242
 466:Drivers/STM32L0xx_HAL_Driver/Src/stm32l0xx_hal_rcc.c ****         {
 826              		.loc 1 466 15 is_stmt 0 view .LVU243
 827 00b6 964B     		ldr	r3, .L154
 828 00b8 1B68     		ldr	r3, [r3]
 466:Drivers/STM32L0xx_HAL_Driver/Src/stm32l0xx_hal_rcc.c ****         {
 829              		.loc 1 466 51 view .LVU244
 830 00ba 5B07     		lsls	r3, r3, #29
 831 00bc 00D5     		bpl	.LCB744
 832 00be 99E0     		b	.L144	@long jump
 833              	.LCB744:
 468:Drivers/STM32L0xx_HAL_Driver/Src/stm32l0xx_hal_rcc.c ****           {
 834              		.loc 1 468 11 is_stmt 1 view .LVU245
 468:Drivers/STM32L0xx_HAL_Driver/Src/stm32l0xx_hal_rcc.c ****           {
 835              		.loc 1 468 15 is_stmt 0 view .LVU246
 836 00c0 FFF7FEFF 		bl	HAL_GetTick
 837              	.LVL56:
 468:Drivers/STM32L0xx_HAL_Driver/Src/stm32l0xx_hal_rcc.c ****           {
 838              		.loc 1 468 29 discriminator 1 view .LVU247
 839 00c4 801B     		subs	r0, r0, r6
 468:Drivers/STM32L0xx_HAL_Driver/Src/stm32l0xx_hal_rcc.c ****           {
 840              		.loc 1 468 13 discriminator 1 view .LVU248
 841 00c6 0228     		cmp	r0, #2
 842 00c8 F5D9     		bls	.L56
 470:Drivers/STM32L0xx_HAL_Driver/Src/stm32l0xx_hal_rcc.c ****           }
 843              		.loc 1 470 20 view .LVU249
 844 00ca 0320     		movs	r0, #3
 845 00cc 36E2     		b	.L39
 846              	.LVL57:
 847              	.L140:
 848              	.LBB6:
 373:Drivers/STM32L0xx_HAL_Driver/Src/stm32l0xx_hal_rcc.c **** 
 849              		.loc 1 373 7 is_stmt 1 discriminator 1 view .LVU250
 850 00ce 904A     		ldr	r2, .L154
 851 00d0 1168     		ldr	r1, [r2]
 852 00d2 8023     		movs	r3, #128
 853 00d4 5B02     		lsls	r3, r3, #9
 854 00d6 0B43     		orrs	r3, r1
 855 00d8 1360     		str	r3, [r2]
 856 00da BDE7     		b	.L44
 857              	.L141:
 373:Drivers/STM32L0xx_HAL_Driver/Src/stm32l0xx_hal_rcc.c **** 
 858              		.loc 1 373 7 discriminator 3 view .LVU251
 859 00dc 8C4B     		ldr	r3, .L154
 860 00de 1968     		ldr	r1, [r3]
 861 00e0 8022     		movs	r2, #128
 862 00e2 D202     		lsls	r2, r2, #11
 863 00e4 0A43     		orrs	r2, r1
 864 00e6 1A60     		str	r2, [r3]
 373:Drivers/STM32L0xx_HAL_Driver/Src/stm32l0xx_hal_rcc.c **** 
 865              		.loc 1 373 7 view .LVU252
 373:Drivers/STM32L0xx_HAL_Driver/Src/stm32l0xx_hal_rcc.c **** 
 866              		.loc 1 373 7 is_stmt 0 discriminator 3 view .LVU253
ARM GAS  /var/folders/d7/pb3dkhys6j3db_qtp_8v34p80000gn/T//ccnF7AbK.s 			page 41


 867 00e8 1968     		ldr	r1, [r3]
 868 00ea 8022     		movs	r2, #128
 869 00ec 5202     		lsls	r2, r2, #9
 870 00ee 0A43     		orrs	r2, r1
 871 00f0 1A60     		str	r2, [r3]
 872 00f2 B1E7     		b	.L44
 873              	.L46:
 373:Drivers/STM32L0xx_HAL_Driver/Src/stm32l0xx_hal_rcc.c **** 
 874              		.loc 1 373 7 discriminator 3 view .LVU254
 875              	.LBE6:
 393:Drivers/STM32L0xx_HAL_Driver/Src/stm32l0xx_hal_rcc.c **** 
 876              		.loc 1 393 9 is_stmt 1 view .LVU255
 393:Drivers/STM32L0xx_HAL_Driver/Src/stm32l0xx_hal_rcc.c **** 
 877              		.loc 1 393 21 is_stmt 0 view .LVU256
 878 00f4 FFF7FEFF 		bl	HAL_GetTick
 879              	.LVL58:
 393:Drivers/STM32L0xx_HAL_Driver/Src/stm32l0xx_hal_rcc.c **** 
 880              		.loc 1 393 21 view .LVU257
 881 00f8 0700     		movs	r7, r0
 882              	.LVL59:
 396:Drivers/STM32L0xx_HAL_Driver/Src/stm32l0xx_hal_rcc.c ****         {
 883              		.loc 1 396 9 is_stmt 1 view .LVU258
 884              	.L49:
 396:Drivers/STM32L0xx_HAL_Driver/Src/stm32l0xx_hal_rcc.c ****         {
 885              		.loc 1 396 51 view .LVU259
 396:Drivers/STM32L0xx_HAL_Driver/Src/stm32l0xx_hal_rcc.c ****         {
 886              		.loc 1 396 15 is_stmt 0 view .LVU260
 887 00fa 854B     		ldr	r3, .L154
 888 00fc 1B68     		ldr	r3, [r3]
 396:Drivers/STM32L0xx_HAL_Driver/Src/stm32l0xx_hal_rcc.c ****         {
 889              		.loc 1 396 51 view .LVU261
 890 00fe 9B03     		lsls	r3, r3, #14
 891 0100 C5D5     		bpl	.L40
 398:Drivers/STM32L0xx_HAL_Driver/Src/stm32l0xx_hal_rcc.c ****           {
 892              		.loc 1 398 12 is_stmt 1 view .LVU262
 398:Drivers/STM32L0xx_HAL_Driver/Src/stm32l0xx_hal_rcc.c ****           {
 893              		.loc 1 398 16 is_stmt 0 view .LVU263
 894 0102 FFF7FEFF 		bl	HAL_GetTick
 895              	.LVL60:
 398:Drivers/STM32L0xx_HAL_Driver/Src/stm32l0xx_hal_rcc.c ****           {
 896              		.loc 1 398 30 discriminator 1 view .LVU264
 897 0106 C01B     		subs	r0, r0, r7
 398:Drivers/STM32L0xx_HAL_Driver/Src/stm32l0xx_hal_rcc.c ****           {
 898              		.loc 1 398 14 discriminator 1 view .LVU265
 899 0108 6428     		cmp	r0, #100
 900 010a F6D9     		bls	.L49
 400:Drivers/STM32L0xx_HAL_Driver/Src/stm32l0xx_hal_rcc.c ****           }
 901              		.loc 1 400 20 view .LVU266
 902 010c 0320     		movs	r0, #3
 903 010e 15E2     		b	.L39
 904              	.LVL61:
 905              	.L143:
 427:Drivers/STM32L0xx_HAL_Driver/Src/stm32l0xx_hal_rcc.c ****     {
 906              		.loc 1 427 62 discriminator 1 view .LVU267
 907 0110 002E     		cmp	r6, #0
 908 0112 C4D1     		bne	.L53
 909              	.L52:
ARM GAS  /var/folders/d7/pb3dkhys6j3db_qtp_8v34p80000gn/T//ccnF7AbK.s 			page 42


 430:Drivers/STM32L0xx_HAL_Driver/Src/stm32l0xx_hal_rcc.c ****       {
 910              		.loc 1 430 7 is_stmt 1 view .LVU268
 430:Drivers/STM32L0xx_HAL_Driver/Src/stm32l0xx_hal_rcc.c ****       {
 911              		.loc 1 430 11 is_stmt 0 view .LVU269
 912 0114 7E4A     		ldr	r2, .L154
 913 0116 1268     		ldr	r2, [r2]
 430:Drivers/STM32L0xx_HAL_Driver/Src/stm32l0xx_hal_rcc.c ****       {
 914              		.loc 1 430 9 view .LVU270
 915 0118 5207     		lsls	r2, r2, #29
 916 011a 02D5     		bpl	.L54
 430:Drivers/STM32L0xx_HAL_Driver/Src/stm32l0xx_hal_rcc.c ****       {
 917              		.loc 1 430 54 discriminator 1 view .LVU271
 918 011c 002B     		cmp	r3, #0
 919 011e 00D1     		bne	.LCB832
 920 0120 10E2     		b	.L107	@long jump
 921              	.LCB832:
 922              	.L54:
 438:Drivers/STM32L0xx_HAL_Driver/Src/stm32l0xx_hal_rcc.c **** 
 923              		.loc 1 438 9 is_stmt 1 view .LVU272
 924 0122 7B4E     		ldr	r6, .L154
 925              	.LVL62:
 438:Drivers/STM32L0xx_HAL_Driver/Src/stm32l0xx_hal_rcc.c **** 
 926              		.loc 1 438 9 is_stmt 0 view .LVU273
 927 0124 7268     		ldr	r2, [r6, #4]
 928 0126 7D49     		ldr	r1, .L154+12
 929 0128 0A40     		ands	r2, r1
 930 012a 2169     		ldr	r1, [r4, #16]
 931 012c 0902     		lsls	r1, r1, #8
 932 012e 0A43     		orrs	r2, r1
 933 0130 7260     		str	r2, [r6, #4]
 441:Drivers/STM32L0xx_HAL_Driver/Src/stm32l0xx_hal_rcc.c ****       }
 934              		.loc 1 441 9 is_stmt 1 view .LVU274
 935 0132 3268     		ldr	r2, [r6]
 936 0134 0921     		movs	r1, #9
 937 0136 8A43     		bics	r2, r1
 938 0138 1343     		orrs	r3, r2
 939              	.LVL63:
 441:Drivers/STM32L0xx_HAL_Driver/Src/stm32l0xx_hal_rcc.c ****       }
 940              		.loc 1 441 9 is_stmt 0 view .LVU275
 941 013a 3360     		str	r3, [r6]
 445:Drivers/STM32L0xx_HAL_Driver/Src/stm32l0xx_hal_rcc.c **** 
 942              		.loc 1 445 7 is_stmt 1 view .LVU276
 445:Drivers/STM32L0xx_HAL_Driver/Src/stm32l0xx_hal_rcc.c **** 
 943              		.loc 1 445 25 is_stmt 0 view .LVU277
 944 013c FFF7FEFF 		bl	HAL_RCC_GetSysClockFreq
 945              	.LVL64:
 445:Drivers/STM32L0xx_HAL_Driver/Src/stm32l0xx_hal_rcc.c **** 
 946              		.loc 1 445 72 discriminator 1 view .LVU278
 947 0140 F268     		ldr	r2, [r6, #12]
 445:Drivers/STM32L0xx_HAL_Driver/Src/stm32l0xx_hal_rcc.c **** 
 948              		.loc 1 445 95 discriminator 1 view .LVU279
 949 0142 1209     		lsrs	r2, r2, #4
 950 0144 0F23     		movs	r3, #15
 951 0146 1340     		ands	r3, r2
 445:Drivers/STM32L0xx_HAL_Driver/Src/stm32l0xx_hal_rcc.c **** 
 952              		.loc 1 445 67 discriminator 1 view .LVU280
 953 0148 754A     		ldr	r2, .L154+16
ARM GAS  /var/folders/d7/pb3dkhys6j3db_qtp_8v34p80000gn/T//ccnF7AbK.s 			page 43


 954 014a D35C     		ldrb	r3, [r2, r3]
 445:Drivers/STM32L0xx_HAL_Driver/Src/stm32l0xx_hal_rcc.c **** 
 955              		.loc 1 445 51 discriminator 1 view .LVU281
 956 014c D840     		lsrs	r0, r0, r3
 445:Drivers/STM32L0xx_HAL_Driver/Src/stm32l0xx_hal_rcc.c **** 
 957              		.loc 1 445 23 discriminator 1 view .LVU282
 958 014e 754B     		ldr	r3, .L154+20
 959 0150 1860     		str	r0, [r3]
 448:Drivers/STM32L0xx_HAL_Driver/Src/stm32l0xx_hal_rcc.c ****       if(status != HAL_OK)
 960              		.loc 1 448 7 is_stmt 1 view .LVU283
 448:Drivers/STM32L0xx_HAL_Driver/Src/stm32l0xx_hal_rcc.c ****       if(status != HAL_OK)
 961              		.loc 1 448 16 is_stmt 0 view .LVU284
 962 0152 754B     		ldr	r3, .L154+24
 963 0154 1868     		ldr	r0, [r3]
 964 0156 FFF7FEFF 		bl	HAL_InitTick
 965              	.LVL65:
 449:Drivers/STM32L0xx_HAL_Driver/Src/stm32l0xx_hal_rcc.c ****       {
 966              		.loc 1 449 7 is_stmt 1 view .LVU285
 449:Drivers/STM32L0xx_HAL_Driver/Src/stm32l0xx_hal_rcc.c ****       {
 967              		.loc 1 449 9 is_stmt 0 view .LVU286
 968 015a 0028     		cmp	r0, #0
 969 015c 00D0     		beq	.LCB871
 970 015e EDE1     		b	.L39	@long jump
 971              	.LCB871:
 972              	.LVL66:
 973              	.L51:
 497:Drivers/STM32L0xx_HAL_Driver/Src/stm32l0xx_hal_rcc.c ****   {
 974              		.loc 1 497 3 is_stmt 1 view .LVU287
 497:Drivers/STM32L0xx_HAL_Driver/Src/stm32l0xx_hal_rcc.c ****   {
 975              		.loc 1 497 25 is_stmt 0 view .LVU288
 976 0160 2368     		ldr	r3, [r4]
 497:Drivers/STM32L0xx_HAL_Driver/Src/stm32l0xx_hal_rcc.c ****   {
 977              		.loc 1 497 5 view .LVU289
 978 0162 DB06     		lsls	r3, r3, #27
 979 0164 2DD5     		bpl	.L60
 500:Drivers/STM32L0xx_HAL_Driver/Src/stm32l0xx_hal_rcc.c ****     {
 980              		.loc 1 500 5 is_stmt 1 view .LVU290
 500:Drivers/STM32L0xx_HAL_Driver/Src/stm32l0xx_hal_rcc.c ****     {
 981              		.loc 1 500 7 is_stmt 0 view .LVU291
 982 0166 002D     		cmp	r5, #0
 983 0168 60D1     		bne	.L61
 502:Drivers/STM32L0xx_HAL_Driver/Src/stm32l0xx_hal_rcc.c ****       {
 984              		.loc 1 502 7 is_stmt 1 view .LVU292
 502:Drivers/STM32L0xx_HAL_Driver/Src/stm32l0xx_hal_rcc.c ****       {
 985              		.loc 1 502 11 is_stmt 0 view .LVU293
 986 016a 694B     		ldr	r3, .L154
 987 016c 1B68     		ldr	r3, [r3]
 502:Drivers/STM32L0xx_HAL_Driver/Src/stm32l0xx_hal_rcc.c ****       {
 988              		.loc 1 502 9 view .LVU294
 989 016e 9B05     		lsls	r3, r3, #22
 990 0170 03D5     		bpl	.L62
 502:Drivers/STM32L0xx_HAL_Driver/Src/stm32l0xx_hal_rcc.c ****       {
 991              		.loc 1 502 75 discriminator 1 view .LVU295
 992 0172 E369     		ldr	r3, [r4, #28]
 502:Drivers/STM32L0xx_HAL_Driver/Src/stm32l0xx_hal_rcc.c ****       {
 993              		.loc 1 502 54 discriminator 1 view .LVU296
 994 0174 002B     		cmp	r3, #0
ARM GAS  /var/folders/d7/pb3dkhys6j3db_qtp_8v34p80000gn/T//ccnF7AbK.s 			page 44


 995 0176 00D1     		bne	.LCB894
 996 0178 E6E1     		b	.L110	@long jump
 997              	.LCB894:
 998              	.L62:
 510:Drivers/STM32L0xx_HAL_Driver/Src/stm32l0xx_hal_rcc.c ****         assert_param(IS_RCC_MSI_CLOCK_RANGE(RCC_OscInitStruct->MSIClockRange));
 999              		.loc 1 510 9 is_stmt 1 view .LVU297
 511:Drivers/STM32L0xx_HAL_Driver/Src/stm32l0xx_hal_rcc.c **** 
 1000              		.loc 1 511 9 view .LVU298
 514:Drivers/STM32L0xx_HAL_Driver/Src/stm32l0xx_hal_rcc.c ****         /* Adjusts the Multiple Speed oscillator (MSI) calibration value.*/
 1001              		.loc 1 514 9 view .LVU299
 1002 017a 654A     		ldr	r2, .L154
 1003 017c 5368     		ldr	r3, [r2, #4]
 1004 017e 6B49     		ldr	r1, .L154+28
 1005 0180 0B40     		ands	r3, r1
 1006 0182 616A     		ldr	r1, [r4, #36]
 1007 0184 0B43     		orrs	r3, r1
 1008 0186 5360     		str	r3, [r2, #4]
 516:Drivers/STM32L0xx_HAL_Driver/Src/stm32l0xx_hal_rcc.c **** 
 1009              		.loc 1 516 9 view .LVU300
 1010 0188 5368     		ldr	r3, [r2, #4]
 1011 018a 1B02     		lsls	r3, r3, #8
 1012 018c 1B0A     		lsrs	r3, r3, #8
 1013 018e 216A     		ldr	r1, [r4, #32]
 1014 0190 0906     		lsls	r1, r1, #24
 1015 0192 0B43     		orrs	r3, r1
 1016 0194 5360     		str	r3, [r2, #4]
 520:Drivers/STM32L0xx_HAL_Driver/Src/stm32l0xx_hal_rcc.c ****                            >> AHBPrescTable[((RCC->CFGR & RCC_CFGR_HPRE) >> RCC_CFGR_HPRE_Pos)];
 1017              		.loc 1 520 9 view .LVU301
 520:Drivers/STM32L0xx_HAL_Driver/Src/stm32l0xx_hal_rcc.c ****                            >> AHBPrescTable[((RCC->CFGR & RCC_CFGR_HPRE) >> RCC_CFGR_HPRE_Pos)];
 1018              		.loc 1 520 65 is_stmt 0 view .LVU302
 1019 0196 616A     		ldr	r1, [r4, #36]
 520:Drivers/STM32L0xx_HAL_Driver/Src/stm32l0xx_hal_rcc.c ****                            >> AHBPrescTable[((RCC->CFGR & RCC_CFGR_HPRE) >> RCC_CFGR_HPRE_Pos)];
 1020              		.loc 1 520 81 view .LVU303
 1021 0198 490B     		lsrs	r1, r1, #13
 520:Drivers/STM32L0xx_HAL_Driver/Src/stm32l0xx_hal_rcc.c ****                            >> AHBPrescTable[((RCC->CFGR & RCC_CFGR_HPRE) >> RCC_CFGR_HPRE_Pos)];
 1022              		.loc 1 520 108 view .LVU304
 1023 019a 0131     		adds	r1, r1, #1
 520:Drivers/STM32L0xx_HAL_Driver/Src/stm32l0xx_hal_rcc.c ****                            >> AHBPrescTable[((RCC->CFGR & RCC_CFGR_HPRE) >> RCC_CFGR_HPRE_Pos)];
 1024              		.loc 1 520 36 view .LVU305
 1025 019c 8023     		movs	r3, #128
 1026 019e 1B02     		lsls	r3, r3, #8
 1027 01a0 8B40     		lsls	r3, r3, r1
 521:Drivers/STM32L0xx_HAL_Driver/Src/stm32l0xx_hal_rcc.c **** 
 1028              		.loc 1 521 50 view .LVU306
 1029 01a2 D168     		ldr	r1, [r2, #12]
 521:Drivers/STM32L0xx_HAL_Driver/Src/stm32l0xx_hal_rcc.c **** 
 1030              		.loc 1 521 74 view .LVU307
 1031 01a4 0909     		lsrs	r1, r1, #4
 1032 01a6 0F22     		movs	r2, #15
 1033 01a8 0A40     		ands	r2, r1
 521:Drivers/STM32L0xx_HAL_Driver/Src/stm32l0xx_hal_rcc.c **** 
 1034              		.loc 1 521 44 view .LVU308
 1035 01aa 5D49     		ldr	r1, .L154+16
 1036 01ac 8A5C     		ldrb	r2, [r1, r2]
 521:Drivers/STM32L0xx_HAL_Driver/Src/stm32l0xx_hal_rcc.c **** 
 1037              		.loc 1 521 28 view .LVU309
 1038 01ae D340     		lsrs	r3, r3, r2
ARM GAS  /var/folders/d7/pb3dkhys6j3db_qtp_8v34p80000gn/T//ccnF7AbK.s 			page 45


 520:Drivers/STM32L0xx_HAL_Driver/Src/stm32l0xx_hal_rcc.c ****                            >> AHBPrescTable[((RCC->CFGR & RCC_CFGR_HPRE) >> RCC_CFGR_HPRE_Pos)];
 1039              		.loc 1 520 25 view .LVU310
 1040 01b0 5C4A     		ldr	r2, .L154+20
 1041 01b2 1360     		str	r3, [r2]
 524:Drivers/STM32L0xx_HAL_Driver/Src/stm32l0xx_hal_rcc.c ****         if(status != HAL_OK)
 1042              		.loc 1 524 9 is_stmt 1 view .LVU311
 524:Drivers/STM32L0xx_HAL_Driver/Src/stm32l0xx_hal_rcc.c ****         if(status != HAL_OK)
 1043              		.loc 1 524 18 is_stmt 0 view .LVU312
 1044 01b4 5C4B     		ldr	r3, .L154+24
 1045 01b6 1868     		ldr	r0, [r3]
 1046 01b8 FFF7FEFF 		bl	HAL_InitTick
 1047              	.LVL67:
 525:Drivers/STM32L0xx_HAL_Driver/Src/stm32l0xx_hal_rcc.c ****         {
 1048              		.loc 1 525 9 is_stmt 1 view .LVU313
 525:Drivers/STM32L0xx_HAL_Driver/Src/stm32l0xx_hal_rcc.c ****         {
 1049              		.loc 1 525 11 is_stmt 0 view .LVU314
 1050 01bc 0028     		cmp	r0, #0
 1051 01be 00D0     		beq	.LCB938
 1052 01c0 BCE1     		b	.L39	@long jump
 1053              	.LCB938:
 1054              	.LVL68:
 1055              	.L60:
 582:Drivers/STM32L0xx_HAL_Driver/Src/stm32l0xx_hal_rcc.c ****   {
 1056              		.loc 1 582 3 is_stmt 1 view .LVU315
 582:Drivers/STM32L0xx_HAL_Driver/Src/stm32l0xx_hal_rcc.c ****   {
 1057              		.loc 1 582 25 is_stmt 0 view .LVU316
 1058 01c2 2368     		ldr	r3, [r4]
 582:Drivers/STM32L0xx_HAL_Driver/Src/stm32l0xx_hal_rcc.c ****   {
 1059              		.loc 1 582 5 view .LVU317
 1060 01c4 1B07     		lsls	r3, r3, #28
 1061 01c6 7DD5     		bpl	.L68
 585:Drivers/STM32L0xx_HAL_Driver/Src/stm32l0xx_hal_rcc.c **** 
 1062              		.loc 1 585 5 is_stmt 1 view .LVU318
 588:Drivers/STM32L0xx_HAL_Driver/Src/stm32l0xx_hal_rcc.c ****     {
 1063              		.loc 1 588 5 view .LVU319
 588:Drivers/STM32L0xx_HAL_Driver/Src/stm32l0xx_hal_rcc.c ****     {
 1064              		.loc 1 588 25 is_stmt 0 view .LVU320
 1065 01c8 6369     		ldr	r3, [r4, #20]
 588:Drivers/STM32L0xx_HAL_Driver/Src/stm32l0xx_hal_rcc.c ****     {
 1066              		.loc 1 588 7 view .LVU321
 1067 01ca 002B     		cmp	r3, #0
 1068 01cc 67D0     		beq	.L69
 591:Drivers/STM32L0xx_HAL_Driver/Src/stm32l0xx_hal_rcc.c **** 
 1069              		.loc 1 591 7 is_stmt 1 view .LVU322
 1070 01ce 504A     		ldr	r2, .L154
 1071 01d0 136D     		ldr	r3, [r2, #80]
 1072 01d2 0121     		movs	r1, #1
 1073 01d4 0B43     		orrs	r3, r1
 1074 01d6 1365     		str	r3, [r2, #80]
 594:Drivers/STM32L0xx_HAL_Driver/Src/stm32l0xx_hal_rcc.c **** 
 1075              		.loc 1 594 7 view .LVU323
 594:Drivers/STM32L0xx_HAL_Driver/Src/stm32l0xx_hal_rcc.c **** 
 1076              		.loc 1 594 19 is_stmt 0 view .LVU324
 1077 01d8 FFF7FEFF 		bl	HAL_GetTick
 1078              	.LVL69:
 1079 01dc 0600     		movs	r6, r0
 1080              	.LVL70:
ARM GAS  /var/folders/d7/pb3dkhys6j3db_qtp_8v34p80000gn/T//ccnF7AbK.s 			page 46


 597:Drivers/STM32L0xx_HAL_Driver/Src/stm32l0xx_hal_rcc.c ****       {
 1081              		.loc 1 597 7 is_stmt 1 view .LVU325
 1082              	.L70:
 597:Drivers/STM32L0xx_HAL_Driver/Src/stm32l0xx_hal_rcc.c ****       {
 1083              		.loc 1 597 49 view .LVU326
 597:Drivers/STM32L0xx_HAL_Driver/Src/stm32l0xx_hal_rcc.c ****       {
 1084              		.loc 1 597 13 is_stmt 0 view .LVU327
 1085 01de 4C4B     		ldr	r3, .L154
 1086 01e0 1B6D     		ldr	r3, [r3, #80]
 597:Drivers/STM32L0xx_HAL_Driver/Src/stm32l0xx_hal_rcc.c ****       {
 1087              		.loc 1 597 49 view .LVU328
 1088 01e2 9B07     		lsls	r3, r3, #30
 1089 01e4 6ED4     		bmi	.L68
 599:Drivers/STM32L0xx_HAL_Driver/Src/stm32l0xx_hal_rcc.c ****         {
 1090              		.loc 1 599 9 is_stmt 1 view .LVU329
 599:Drivers/STM32L0xx_HAL_Driver/Src/stm32l0xx_hal_rcc.c ****         {
 1091              		.loc 1 599 13 is_stmt 0 view .LVU330
 1092 01e6 FFF7FEFF 		bl	HAL_GetTick
 1093              	.LVL71:
 599:Drivers/STM32L0xx_HAL_Driver/Src/stm32l0xx_hal_rcc.c ****         {
 1094              		.loc 1 599 27 discriminator 1 view .LVU331
 1095 01ea 801B     		subs	r0, r0, r6
 599:Drivers/STM32L0xx_HAL_Driver/Src/stm32l0xx_hal_rcc.c ****         {
 1096              		.loc 1 599 11 discriminator 1 view .LVU332
 1097 01ec 0228     		cmp	r0, #2
 1098 01ee F6D9     		bls	.L70
 601:Drivers/STM32L0xx_HAL_Driver/Src/stm32l0xx_hal_rcc.c ****         }
 1099              		.loc 1 601 18 view .LVU333
 1100 01f0 0320     		movs	r0, #3
 1101 01f2 A3E1     		b	.L39
 1102              	.LVL72:
 1103              	.L144:
 475:Drivers/STM32L0xx_HAL_Driver/Src/stm32l0xx_hal_rcc.c ****       }
 1104              		.loc 1 475 9 is_stmt 1 view .LVU334
 1105 01f4 4649     		ldr	r1, .L154
 1106 01f6 4B68     		ldr	r3, [r1, #4]
 1107 01f8 484A     		ldr	r2, .L154+12
 1108 01fa 1340     		ands	r3, r2
 1109 01fc 2269     		ldr	r2, [r4, #16]
 1110 01fe 1202     		lsls	r2, r2, #8
 1111 0200 1343     		orrs	r3, r2
 1112 0202 4B60     		str	r3, [r1, #4]
 1113 0204 ACE7     		b	.L51
 1114              	.LVL73:
 1115              	.L55:
 480:Drivers/STM32L0xx_HAL_Driver/Src/stm32l0xx_hal_rcc.c **** 
 1116              		.loc 1 480 9 view .LVU335
 1117 0206 424A     		ldr	r2, .L154
 1118 0208 1368     		ldr	r3, [r2]
 1119              	.LVL74:
 480:Drivers/STM32L0xx_HAL_Driver/Src/stm32l0xx_hal_rcc.c **** 
 1120              		.loc 1 480 9 is_stmt 0 view .LVU336
 1121 020a 0121     		movs	r1, #1
 1122 020c 8B43     		bics	r3, r1
 1123 020e 1360     		str	r3, [r2]
 1124              	.LVL75:
 483:Drivers/STM32L0xx_HAL_Driver/Src/stm32l0xx_hal_rcc.c **** 
ARM GAS  /var/folders/d7/pb3dkhys6j3db_qtp_8v34p80000gn/T//ccnF7AbK.s 			page 47


 1125              		.loc 1 483 9 is_stmt 1 view .LVU337
 483:Drivers/STM32L0xx_HAL_Driver/Src/stm32l0xx_hal_rcc.c **** 
 1126              		.loc 1 483 21 is_stmt 0 view .LVU338
 1127 0210 FFF7FEFF 		bl	HAL_GetTick
 1128              	.LVL76:
 1129 0214 0600     		movs	r6, r0
 1130              	.LVL77:
 486:Drivers/STM32L0xx_HAL_Driver/Src/stm32l0xx_hal_rcc.c ****         {
 1131              		.loc 1 486 9 is_stmt 1 view .LVU339
 1132              	.L58:
 486:Drivers/STM32L0xx_HAL_Driver/Src/stm32l0xx_hal_rcc.c ****         {
 1133              		.loc 1 486 51 view .LVU340
 486:Drivers/STM32L0xx_HAL_Driver/Src/stm32l0xx_hal_rcc.c ****         {
 1134              		.loc 1 486 15 is_stmt 0 view .LVU341
 1135 0216 3E4B     		ldr	r3, .L154
 1136 0218 1B68     		ldr	r3, [r3]
 486:Drivers/STM32L0xx_HAL_Driver/Src/stm32l0xx_hal_rcc.c ****         {
 1137              		.loc 1 486 51 view .LVU342
 1138 021a 5B07     		lsls	r3, r3, #29
 1139 021c A0D5     		bpl	.L51
 488:Drivers/STM32L0xx_HAL_Driver/Src/stm32l0xx_hal_rcc.c ****           {
 1140              		.loc 1 488 11 is_stmt 1 view .LVU343
 488:Drivers/STM32L0xx_HAL_Driver/Src/stm32l0xx_hal_rcc.c ****           {
 1141              		.loc 1 488 15 is_stmt 0 view .LVU344
 1142 021e FFF7FEFF 		bl	HAL_GetTick
 1143              	.LVL78:
 488:Drivers/STM32L0xx_HAL_Driver/Src/stm32l0xx_hal_rcc.c ****           {
 1144              		.loc 1 488 29 discriminator 1 view .LVU345
 1145 0222 801B     		subs	r0, r0, r6
 488:Drivers/STM32L0xx_HAL_Driver/Src/stm32l0xx_hal_rcc.c ****           {
 1146              		.loc 1 488 13 discriminator 1 view .LVU346
 1147 0224 0228     		cmp	r0, #2
 1148 0226 F6D9     		bls	.L58
 490:Drivers/STM32L0xx_HAL_Driver/Src/stm32l0xx_hal_rcc.c ****           }
 1149              		.loc 1 490 20 view .LVU347
 1150 0228 0320     		movs	r0, #3
 1151 022a 87E1     		b	.L39
 1152              	.LVL79:
 1153              	.L61:
 534:Drivers/STM32L0xx_HAL_Driver/Src/stm32l0xx_hal_rcc.c **** 
 1154              		.loc 1 534 7 is_stmt 1 view .LVU348
 537:Drivers/STM32L0xx_HAL_Driver/Src/stm32l0xx_hal_rcc.c ****       {
 1155              		.loc 1 537 7 view .LVU349
 537:Drivers/STM32L0xx_HAL_Driver/Src/stm32l0xx_hal_rcc.c ****       {
 1156              		.loc 1 537 27 is_stmt 0 view .LVU350
 1157 022c E369     		ldr	r3, [r4, #28]
 537:Drivers/STM32L0xx_HAL_Driver/Src/stm32l0xx_hal_rcc.c ****       {
 1158              		.loc 1 537 9 view .LVU351
 1159 022e 002B     		cmp	r3, #0
 1160 0230 22D0     		beq	.L63
 540:Drivers/STM32L0xx_HAL_Driver/Src/stm32l0xx_hal_rcc.c **** 
 1161              		.loc 1 540 9 is_stmt 1 view .LVU352
 1162 0232 374A     		ldr	r2, .L154
 1163 0234 1168     		ldr	r1, [r2]
 1164 0236 8023     		movs	r3, #128
 1165 0238 5B00     		lsls	r3, r3, #1
 1166 023a 0B43     		orrs	r3, r1
ARM GAS  /var/folders/d7/pb3dkhys6j3db_qtp_8v34p80000gn/T//ccnF7AbK.s 			page 48


 1167 023c 1360     		str	r3, [r2]
 543:Drivers/STM32L0xx_HAL_Driver/Src/stm32l0xx_hal_rcc.c **** 
 1168              		.loc 1 543 9 view .LVU353
 543:Drivers/STM32L0xx_HAL_Driver/Src/stm32l0xx_hal_rcc.c **** 
 1169              		.loc 1 543 21 is_stmt 0 view .LVU354
 1170 023e FFF7FEFF 		bl	HAL_GetTick
 1171              	.LVL80:
 1172 0242 0600     		movs	r6, r0
 1173              	.LVL81:
 546:Drivers/STM32L0xx_HAL_Driver/Src/stm32l0xx_hal_rcc.c ****         {
 1174              		.loc 1 546 9 is_stmt 1 view .LVU355
 1175              	.L64:
 546:Drivers/STM32L0xx_HAL_Driver/Src/stm32l0xx_hal_rcc.c ****         {
 1176              		.loc 1 546 51 view .LVU356
 546:Drivers/STM32L0xx_HAL_Driver/Src/stm32l0xx_hal_rcc.c ****         {
 1177              		.loc 1 546 15 is_stmt 0 view .LVU357
 1178 0244 324B     		ldr	r3, .L154
 1179 0246 1B68     		ldr	r3, [r3]
 546:Drivers/STM32L0xx_HAL_Driver/Src/stm32l0xx_hal_rcc.c ****         {
 1180              		.loc 1 546 51 view .LVU358
 1181 0248 9B05     		lsls	r3, r3, #22
 1182 024a 06D4     		bmi	.L145
 548:Drivers/STM32L0xx_HAL_Driver/Src/stm32l0xx_hal_rcc.c ****           {
 1183              		.loc 1 548 11 is_stmt 1 view .LVU359
 548:Drivers/STM32L0xx_HAL_Driver/Src/stm32l0xx_hal_rcc.c ****           {
 1184              		.loc 1 548 15 is_stmt 0 view .LVU360
 1185 024c FFF7FEFF 		bl	HAL_GetTick
 1186              	.LVL82:
 548:Drivers/STM32L0xx_HAL_Driver/Src/stm32l0xx_hal_rcc.c ****           {
 1187              		.loc 1 548 29 discriminator 1 view .LVU361
 1188 0250 801B     		subs	r0, r0, r6
 548:Drivers/STM32L0xx_HAL_Driver/Src/stm32l0xx_hal_rcc.c ****           {
 1189              		.loc 1 548 13 discriminator 1 view .LVU362
 1190 0252 0228     		cmp	r0, #2
 1191 0254 F6D9     		bls	.L64
 550:Drivers/STM32L0xx_HAL_Driver/Src/stm32l0xx_hal_rcc.c ****           }
 1192              		.loc 1 550 20 view .LVU363
 1193 0256 0320     		movs	r0, #3
 1194 0258 70E1     		b	.L39
 1195              	.L145:
 554:Drivers/STM32L0xx_HAL_Driver/Src/stm32l0xx_hal_rcc.c ****         assert_param(IS_RCC_MSI_CLOCK_RANGE(RCC_OscInitStruct->MSIClockRange));
 1196              		.loc 1 554 9 is_stmt 1 view .LVU364
 555:Drivers/STM32L0xx_HAL_Driver/Src/stm32l0xx_hal_rcc.c **** 
 1197              		.loc 1 555 9 view .LVU365
 558:Drivers/STM32L0xx_HAL_Driver/Src/stm32l0xx_hal_rcc.c ****          /* Adjusts the Multiple Speed oscillator (MSI) calibration value.*/
 1198              		.loc 1 558 9 view .LVU366
 1199 025a 2D4A     		ldr	r2, .L154
 1200 025c 5368     		ldr	r3, [r2, #4]
 1201 025e 3349     		ldr	r1, .L154+28
 1202 0260 0B40     		ands	r3, r1
 1203 0262 616A     		ldr	r1, [r4, #36]
 1204 0264 0B43     		orrs	r3, r1
 1205 0266 5360     		str	r3, [r2, #4]
 560:Drivers/STM32L0xx_HAL_Driver/Src/stm32l0xx_hal_rcc.c ****       }
 1206              		.loc 1 560 9 view .LVU367
 1207 0268 5368     		ldr	r3, [r2, #4]
 1208 026a 1B02     		lsls	r3, r3, #8
ARM GAS  /var/folders/d7/pb3dkhys6j3db_qtp_8v34p80000gn/T//ccnF7AbK.s 			page 49


 1209 026c 1B0A     		lsrs	r3, r3, #8
 1210 026e 216A     		ldr	r1, [r4, #32]
 1211 0270 0906     		lsls	r1, r1, #24
 1212 0272 0B43     		orrs	r3, r1
 1213 0274 5360     		str	r3, [r2, #4]
 1214 0276 A4E7     		b	.L60
 1215              	.LVL83:
 1216              	.L63:
 565:Drivers/STM32L0xx_HAL_Driver/Src/stm32l0xx_hal_rcc.c **** 
 1217              		.loc 1 565 9 view .LVU368
 1218 0278 254A     		ldr	r2, .L154
 1219 027a 1368     		ldr	r3, [r2]
 1220 027c 2C49     		ldr	r1, .L154+32
 1221 027e 0B40     		ands	r3, r1
 1222 0280 1360     		str	r3, [r2]
 568:Drivers/STM32L0xx_HAL_Driver/Src/stm32l0xx_hal_rcc.c **** 
 1223              		.loc 1 568 9 view .LVU369
 568:Drivers/STM32L0xx_HAL_Driver/Src/stm32l0xx_hal_rcc.c **** 
 1224              		.loc 1 568 21 is_stmt 0 view .LVU370
 1225 0282 FFF7FEFF 		bl	HAL_GetTick
 1226              	.LVL84:
 1227 0286 0600     		movs	r6, r0
 1228              	.LVL85:
 571:Drivers/STM32L0xx_HAL_Driver/Src/stm32l0xx_hal_rcc.c ****         {
 1229              		.loc 1 571 9 is_stmt 1 view .LVU371
 1230              	.L66:
 571:Drivers/STM32L0xx_HAL_Driver/Src/stm32l0xx_hal_rcc.c ****         {
 1231              		.loc 1 571 51 view .LVU372
 571:Drivers/STM32L0xx_HAL_Driver/Src/stm32l0xx_hal_rcc.c ****         {
 1232              		.loc 1 571 15 is_stmt 0 view .LVU373
 1233 0288 214B     		ldr	r3, .L154
 1234 028a 1B68     		ldr	r3, [r3]
 571:Drivers/STM32L0xx_HAL_Driver/Src/stm32l0xx_hal_rcc.c ****         {
 1235              		.loc 1 571 51 view .LVU374
 1236 028c 9B05     		lsls	r3, r3, #22
 1237 028e 98D5     		bpl	.L60
 573:Drivers/STM32L0xx_HAL_Driver/Src/stm32l0xx_hal_rcc.c ****           {
 1238              		.loc 1 573 11 is_stmt 1 view .LVU375
 573:Drivers/STM32L0xx_HAL_Driver/Src/stm32l0xx_hal_rcc.c ****           {
 1239              		.loc 1 573 15 is_stmt 0 view .LVU376
 1240 0290 FFF7FEFF 		bl	HAL_GetTick
 1241              	.LVL86:
 573:Drivers/STM32L0xx_HAL_Driver/Src/stm32l0xx_hal_rcc.c ****           {
 1242              		.loc 1 573 29 discriminator 1 view .LVU377
 1243 0294 801B     		subs	r0, r0, r6
 573:Drivers/STM32L0xx_HAL_Driver/Src/stm32l0xx_hal_rcc.c ****           {
 1244              		.loc 1 573 13 discriminator 1 view .LVU378
 1245 0296 0228     		cmp	r0, #2
 1246 0298 F6D9     		bls	.L66
 575:Drivers/STM32L0xx_HAL_Driver/Src/stm32l0xx_hal_rcc.c ****           }
 1247              		.loc 1 575 20 view .LVU379
 1248 029a 0320     		movs	r0, #3
 1249 029c 4EE1     		b	.L39
 1250              	.LVL87:
 1251              	.L69:
 608:Drivers/STM32L0xx_HAL_Driver/Src/stm32l0xx_hal_rcc.c **** 
 1252              		.loc 1 608 7 is_stmt 1 view .LVU380
ARM GAS  /var/folders/d7/pb3dkhys6j3db_qtp_8v34p80000gn/T//ccnF7AbK.s 			page 50


 1253 029e 1C4A     		ldr	r2, .L154
 1254 02a0 136D     		ldr	r3, [r2, #80]
 1255 02a2 0121     		movs	r1, #1
 1256 02a4 8B43     		bics	r3, r1
 1257 02a6 1365     		str	r3, [r2, #80]
 611:Drivers/STM32L0xx_HAL_Driver/Src/stm32l0xx_hal_rcc.c **** 
 1258              		.loc 1 611 7 view .LVU381
 611:Drivers/STM32L0xx_HAL_Driver/Src/stm32l0xx_hal_rcc.c **** 
 1259              		.loc 1 611 19 is_stmt 0 view .LVU382
 1260 02a8 FFF7FEFF 		bl	HAL_GetTick
 1261              	.LVL88:
 1262 02ac 0600     		movs	r6, r0
 1263              	.LVL89:
 614:Drivers/STM32L0xx_HAL_Driver/Src/stm32l0xx_hal_rcc.c ****       {
 1264              		.loc 1 614 7 is_stmt 1 view .LVU383
 1265              	.L72:
 614:Drivers/STM32L0xx_HAL_Driver/Src/stm32l0xx_hal_rcc.c ****       {
 1266              		.loc 1 614 49 view .LVU384
 614:Drivers/STM32L0xx_HAL_Driver/Src/stm32l0xx_hal_rcc.c ****       {
 1267              		.loc 1 614 13 is_stmt 0 view .LVU385
 1268 02ae 184B     		ldr	r3, .L154
 1269 02b0 1B6D     		ldr	r3, [r3, #80]
 614:Drivers/STM32L0xx_HAL_Driver/Src/stm32l0xx_hal_rcc.c ****       {
 1270              		.loc 1 614 49 view .LVU386
 1271 02b2 9B07     		lsls	r3, r3, #30
 1272 02b4 06D5     		bpl	.L68
 616:Drivers/STM32L0xx_HAL_Driver/Src/stm32l0xx_hal_rcc.c ****         {
 1273              		.loc 1 616 9 is_stmt 1 view .LVU387
 616:Drivers/STM32L0xx_HAL_Driver/Src/stm32l0xx_hal_rcc.c ****         {
 1274              		.loc 1 616 13 is_stmt 0 view .LVU388
 1275 02b6 FFF7FEFF 		bl	HAL_GetTick
 1276              	.LVL90:
 616:Drivers/STM32L0xx_HAL_Driver/Src/stm32l0xx_hal_rcc.c ****         {
 1277              		.loc 1 616 27 discriminator 1 view .LVU389
 1278 02ba 801B     		subs	r0, r0, r6
 616:Drivers/STM32L0xx_HAL_Driver/Src/stm32l0xx_hal_rcc.c ****         {
 1279              		.loc 1 616 11 discriminator 1 view .LVU390
 1280 02bc 0228     		cmp	r0, #2
 1281 02be F6D9     		bls	.L72
 618:Drivers/STM32L0xx_HAL_Driver/Src/stm32l0xx_hal_rcc.c ****         }
 1282              		.loc 1 618 18 view .LVU391
 1283 02c0 0320     		movs	r0, #3
 1284 02c2 3BE1     		b	.L39
 1285              	.LVL91:
 1286              	.L68:
 624:Drivers/STM32L0xx_HAL_Driver/Src/stm32l0xx_hal_rcc.c ****   {
 1287              		.loc 1 624 3 is_stmt 1 view .LVU392
 624:Drivers/STM32L0xx_HAL_Driver/Src/stm32l0xx_hal_rcc.c ****   {
 1288              		.loc 1 624 25 is_stmt 0 view .LVU393
 1289 02c4 2368     		ldr	r3, [r4]
 624:Drivers/STM32L0xx_HAL_Driver/Src/stm32l0xx_hal_rcc.c ****   {
 1290              		.loc 1 624 5 view .LVU394
 1291 02c6 5B07     		lsls	r3, r3, #29
 1292 02c8 00D4     		bmi	.LCB1178
 1293 02ca 8EE0     		b	.L74	@long jump
 1294              	.LCB1178:
 1295              	.LBB7:
ARM GAS  /var/folders/d7/pb3dkhys6j3db_qtp_8v34p80000gn/T//ccnF7AbK.s 			page 51


 626:Drivers/STM32L0xx_HAL_Driver/Src/stm32l0xx_hal_rcc.c **** 
 1296              		.loc 1 626 5 is_stmt 1 view .LVU395
 1297              	.LVL92:
 629:Drivers/STM32L0xx_HAL_Driver/Src/stm32l0xx_hal_rcc.c **** 
 1298              		.loc 1 629 5 view .LVU396
 633:Drivers/STM32L0xx_HAL_Driver/Src/stm32l0xx_hal_rcc.c ****     {
 1299              		.loc 1 633 5 view .LVU397
 633:Drivers/STM32L0xx_HAL_Driver/Src/stm32l0xx_hal_rcc.c ****     {
 1300              		.loc 1 633 8 is_stmt 0 view .LVU398
 1301 02cc 104B     		ldr	r3, .L154
 1302 02ce 9B6B     		ldr	r3, [r3, #56]
 633:Drivers/STM32L0xx_HAL_Driver/Src/stm32l0xx_hal_rcc.c ****     {
 1303              		.loc 1 633 7 view .LVU399
 1304 02d0 DB00     		lsls	r3, r3, #3
 1305 02d2 1BD4     		bmi	.L115
 635:Drivers/STM32L0xx_HAL_Driver/Src/stm32l0xx_hal_rcc.c ****       pwrclkchanged = SET;
 1306              		.loc 1 635 7 is_stmt 1 view .LVU400
 1307 02d4 0E4A     		ldr	r2, .L154
 1308 02d6 916B     		ldr	r1, [r2, #56]
 1309 02d8 8023     		movs	r3, #128
 1310 02da 5B05     		lsls	r3, r3, #21
 1311 02dc 0B43     		orrs	r3, r1
 1312 02de 9363     		str	r3, [r2, #56]
 636:Drivers/STM32L0xx_HAL_Driver/Src/stm32l0xx_hal_rcc.c ****     }
 1313              		.loc 1 636 7 view .LVU401
 1314              	.LVL93:
 636:Drivers/STM32L0xx_HAL_Driver/Src/stm32l0xx_hal_rcc.c ****     }
 1315              		.loc 1 636 21 is_stmt 0 view .LVU402
 1316 02e0 0126     		movs	r6, #1
 1317              	.LVL94:
 1318              	.L75:
 639:Drivers/STM32L0xx_HAL_Driver/Src/stm32l0xx_hal_rcc.c ****     {
 1319              		.loc 1 639 5 is_stmt 1 view .LVU403
 639:Drivers/STM32L0xx_HAL_Driver/Src/stm32l0xx_hal_rcc.c ****     {
 1320              		.loc 1 639 8 is_stmt 0 view .LVU404
 1321 02e2 144B     		ldr	r3, .L154+36
 1322 02e4 1B68     		ldr	r3, [r3]
 639:Drivers/STM32L0xx_HAL_Driver/Src/stm32l0xx_hal_rcc.c ****     {
 1323              		.loc 1 639 7 view .LVU405
 1324 02e6 DB05     		lsls	r3, r3, #23
 1325 02e8 28D5     		bpl	.L146
 1326              	.L76:
 657:Drivers/STM32L0xx_HAL_Driver/Src/stm32l0xx_hal_rcc.c **** 
 1327              		.loc 1 657 5 is_stmt 1 view .LVU406
 657:Drivers/STM32L0xx_HAL_Driver/Src/stm32l0xx_hal_rcc.c **** 
 1328              		.loc 1 657 5 view .LVU407
 1329 02ea A368     		ldr	r3, [r4, #8]
 1330 02ec 8022     		movs	r2, #128
 1331 02ee 5200     		lsls	r2, r2, #1
 1332 02f0 9342     		cmp	r3, r2
 1333 02f2 37D0     		beq	.L147
 657:Drivers/STM32L0xx_HAL_Driver/Src/stm32l0xx_hal_rcc.c **** 
 1334              		.loc 1 657 5 discriminator 2 view .LVU408
 1335 02f4 002B     		cmp	r3, #0
 1336 02f6 4DD1     		bne	.L81
 657:Drivers/STM32L0xx_HAL_Driver/Src/stm32l0xx_hal_rcc.c **** 
 1337              		.loc 1 657 5 discriminator 3 view .LVU409
ARM GAS  /var/folders/d7/pb3dkhys6j3db_qtp_8v34p80000gn/T//ccnF7AbK.s 			page 52


 1338 02f8 054B     		ldr	r3, .L154
 1339 02fa 1A6D     		ldr	r2, [r3, #80]
 1340 02fc 0C49     		ldr	r1, .L154+32
 1341 02fe 0A40     		ands	r2, r1
 1342 0300 1A65     		str	r2, [r3, #80]
 657:Drivers/STM32L0xx_HAL_Driver/Src/stm32l0xx_hal_rcc.c **** 
 1343              		.loc 1 657 5 view .LVU410
 657:Drivers/STM32L0xx_HAL_Driver/Src/stm32l0xx_hal_rcc.c **** 
 1344              		.loc 1 657 5 is_stmt 0 discriminator 3 view .LVU411
 1345 0302 1A6D     		ldr	r2, [r3, #80]
 1346 0304 0C49     		ldr	r1, .L154+40
 1347 0306 0A40     		ands	r2, r1
 1348 0308 1A65     		str	r2, [r3, #80]
 1349 030a 31E0     		b	.L80
 1350              	.LVL95:
 1351              	.L115:
 626:Drivers/STM32L0xx_HAL_Driver/Src/stm32l0xx_hal_rcc.c **** 
 1352              		.loc 1 626 22 view .LVU412
 1353 030c 0026     		movs	r6, #0
 1354 030e E8E7     		b	.L75
 1355              	.L155:
 1356              		.align	2
 1357              	.L154:
 1358 0310 00100240 		.word	1073876992
 1359 0314 FFFFFEFF 		.word	-65537
 1360 0318 FFFFFBFF 		.word	-262145
 1361 031c FFE0FFFF 		.word	-7937
 1362 0320 00000000 		.word	AHBPrescTable
 1363 0324 00000000 		.word	SystemCoreClock
 1364 0328 00000000 		.word	uwTickPrio
 1365 032c FF1FFFFF 		.word	-57345
 1366 0330 FFFEFFFF 		.word	-257
 1367 0334 00700040 		.word	1073770496
 1368 0338 FFFBFFFF 		.word	-1025
 1369              	.LVL96:
 1370              	.L146:
 642:Drivers/STM32L0xx_HAL_Driver/Src/stm32l0xx_hal_rcc.c **** 
 1371              		.loc 1 642 7 is_stmt 1 view .LVU413
 1372 033c 884A     		ldr	r2, .L156
 1373 033e 1168     		ldr	r1, [r2]
 1374 0340 8023     		movs	r3, #128
 1375 0342 5B00     		lsls	r3, r3, #1
 1376 0344 0B43     		orrs	r3, r1
 1377 0346 1360     		str	r3, [r2]
 645:Drivers/STM32L0xx_HAL_Driver/Src/stm32l0xx_hal_rcc.c **** 
 1378              		.loc 1 645 7 view .LVU414
 645:Drivers/STM32L0xx_HAL_Driver/Src/stm32l0xx_hal_rcc.c **** 
 1379              		.loc 1 645 19 is_stmt 0 view .LVU415
 1380 0348 FFF7FEFF 		bl	HAL_GetTick
 1381              	.LVL97:
 1382 034c 0700     		movs	r7, r0
 1383              	.LVL98:
 647:Drivers/STM32L0xx_HAL_Driver/Src/stm32l0xx_hal_rcc.c ****       {
 1384              		.loc 1 647 7 is_stmt 1 view .LVU416
 1385              	.L77:
 647:Drivers/STM32L0xx_HAL_Driver/Src/stm32l0xx_hal_rcc.c ****       {
 1386              		.loc 1 647 13 view .LVU417
ARM GAS  /var/folders/d7/pb3dkhys6j3db_qtp_8v34p80000gn/T//ccnF7AbK.s 			page 53


 1387 034e 844B     		ldr	r3, .L156
 1388 0350 1B68     		ldr	r3, [r3]
 1389 0352 DB05     		lsls	r3, r3, #23
 1390 0354 C9D4     		bmi	.L76
 649:Drivers/STM32L0xx_HAL_Driver/Src/stm32l0xx_hal_rcc.c ****         {
 1391              		.loc 1 649 9 view .LVU418
 649:Drivers/STM32L0xx_HAL_Driver/Src/stm32l0xx_hal_rcc.c ****         {
 1392              		.loc 1 649 13 is_stmt 0 view .LVU419
 1393 0356 FFF7FEFF 		bl	HAL_GetTick
 1394              	.LVL99:
 649:Drivers/STM32L0xx_HAL_Driver/Src/stm32l0xx_hal_rcc.c ****         {
 1395              		.loc 1 649 27 discriminator 1 view .LVU420
 1396 035a C01B     		subs	r0, r0, r7
 649:Drivers/STM32L0xx_HAL_Driver/Src/stm32l0xx_hal_rcc.c ****         {
 1397              		.loc 1 649 11 discriminator 1 view .LVU421
 1398 035c 6428     		cmp	r0, #100
 1399 035e F6D9     		bls	.L77
 651:Drivers/STM32L0xx_HAL_Driver/Src/stm32l0xx_hal_rcc.c ****         }
 1400              		.loc 1 651 18 view .LVU422
 1401 0360 0320     		movs	r0, #3
 1402 0362 EBE0     		b	.L39
 1403              	.LVL100:
 1404              	.L147:
 657:Drivers/STM32L0xx_HAL_Driver/Src/stm32l0xx_hal_rcc.c **** 
 1405              		.loc 1 657 5 is_stmt 1 discriminator 1 view .LVU423
 1406 0364 7F4A     		ldr	r2, .L156+4
 1407 0366 116D     		ldr	r1, [r2, #80]
 1408 0368 8023     		movs	r3, #128
 1409 036a 5B00     		lsls	r3, r3, #1
 1410 036c 0B43     		orrs	r3, r1
 1411 036e 1365     		str	r3, [r2, #80]
 1412              	.L80:
 657:Drivers/STM32L0xx_HAL_Driver/Src/stm32l0xx_hal_rcc.c **** 
 1413              		.loc 1 657 5 view .LVU424
 660:Drivers/STM32L0xx_HAL_Driver/Src/stm32l0xx_hal_rcc.c ****     {
 1414              		.loc 1 660 5 view .LVU425
 660:Drivers/STM32L0xx_HAL_Driver/Src/stm32l0xx_hal_rcc.c ****     {
 1415              		.loc 1 660 25 is_stmt 0 view .LVU426
 1416 0370 A368     		ldr	r3, [r4, #8]
 660:Drivers/STM32L0xx_HAL_Driver/Src/stm32l0xx_hal_rcc.c ****     {
 1417              		.loc 1 660 7 view .LVU427
 1418 0372 002B     		cmp	r3, #0
 1419 0374 28D0     		beq	.L83
 663:Drivers/STM32L0xx_HAL_Driver/Src/stm32l0xx_hal_rcc.c **** 
 1420              		.loc 1 663 7 is_stmt 1 view .LVU428
 663:Drivers/STM32L0xx_HAL_Driver/Src/stm32l0xx_hal_rcc.c **** 
 1421              		.loc 1 663 19 is_stmt 0 view .LVU429
 1422 0376 FFF7FEFF 		bl	HAL_GetTick
 1423              	.LVL101:
 1424 037a 0700     		movs	r7, r0
 1425              	.LVL102:
 666:Drivers/STM32L0xx_HAL_Driver/Src/stm32l0xx_hal_rcc.c ****       {
 1426              		.loc 1 666 7 is_stmt 1 view .LVU430
 1427              	.L84:
 666:Drivers/STM32L0xx_HAL_Driver/Src/stm32l0xx_hal_rcc.c ****       {
 1428              		.loc 1 666 49 view .LVU431
 666:Drivers/STM32L0xx_HAL_Driver/Src/stm32l0xx_hal_rcc.c ****       {
ARM GAS  /var/folders/d7/pb3dkhys6j3db_qtp_8v34p80000gn/T//ccnF7AbK.s 			page 54


 1429              		.loc 1 666 13 is_stmt 0 view .LVU432
 1430 037c 794B     		ldr	r3, .L156+4
 1431 037e 1B6D     		ldr	r3, [r3, #80]
 666:Drivers/STM32L0xx_HAL_Driver/Src/stm32l0xx_hal_rcc.c ****       {
 1432              		.loc 1 666 49 view .LVU433
 1433 0380 9B05     		lsls	r3, r3, #22
 1434 0382 30D4     		bmi	.L86
 668:Drivers/STM32L0xx_HAL_Driver/Src/stm32l0xx_hal_rcc.c ****         {
 1435              		.loc 1 668 9 is_stmt 1 view .LVU434
 668:Drivers/STM32L0xx_HAL_Driver/Src/stm32l0xx_hal_rcc.c ****         {
 1436              		.loc 1 668 13 is_stmt 0 view .LVU435
 1437 0384 FFF7FEFF 		bl	HAL_GetTick
 1438              	.LVL103:
 668:Drivers/STM32L0xx_HAL_Driver/Src/stm32l0xx_hal_rcc.c ****         {
 1439              		.loc 1 668 27 discriminator 1 view .LVU436
 1440 0388 C01B     		subs	r0, r0, r7
 668:Drivers/STM32L0xx_HAL_Driver/Src/stm32l0xx_hal_rcc.c ****         {
 1441              		.loc 1 668 11 discriminator 1 view .LVU437
 1442 038a 774B     		ldr	r3, .L156+8
 1443 038c 9842     		cmp	r0, r3
 1444 038e F5D9     		bls	.L84
 670:Drivers/STM32L0xx_HAL_Driver/Src/stm32l0xx_hal_rcc.c ****         }
 1445              		.loc 1 670 18 view .LVU438
 1446 0390 0320     		movs	r0, #3
 1447 0392 D3E0     		b	.L39
 1448              	.LVL104:
 1449              	.L81:
 657:Drivers/STM32L0xx_HAL_Driver/Src/stm32l0xx_hal_rcc.c **** 
 1450              		.loc 1 657 5 is_stmt 1 discriminator 4 view .LVU439
 1451 0394 A022     		movs	r2, #160
 1452 0396 D200     		lsls	r2, r2, #3
 1453 0398 9342     		cmp	r3, r2
 1454 039a 09D0     		beq	.L148
 657:Drivers/STM32L0xx_HAL_Driver/Src/stm32l0xx_hal_rcc.c **** 
 1455              		.loc 1 657 5 discriminator 6 view .LVU440
 1456 039c 714B     		ldr	r3, .L156+4
 1457 039e 1A6D     		ldr	r2, [r3, #80]
 1458 03a0 7249     		ldr	r1, .L156+12
 1459 03a2 0A40     		ands	r2, r1
 1460 03a4 1A65     		str	r2, [r3, #80]
 657:Drivers/STM32L0xx_HAL_Driver/Src/stm32l0xx_hal_rcc.c **** 
 1461              		.loc 1 657 5 view .LVU441
 657:Drivers/STM32L0xx_HAL_Driver/Src/stm32l0xx_hal_rcc.c **** 
 1462              		.loc 1 657 5 is_stmt 0 discriminator 6 view .LVU442
 1463 03a6 1A6D     		ldr	r2, [r3, #80]
 1464 03a8 7149     		ldr	r1, .L156+16
 1465 03aa 0A40     		ands	r2, r1
 1466 03ac 1A65     		str	r2, [r3, #80]
 1467 03ae DFE7     		b	.L80
 1468              	.L148:
 657:Drivers/STM32L0xx_HAL_Driver/Src/stm32l0xx_hal_rcc.c **** 
 1469              		.loc 1 657 5 is_stmt 1 discriminator 5 view .LVU443
 1470 03b0 6C4B     		ldr	r3, .L156+4
 1471 03b2 196D     		ldr	r1, [r3, #80]
 1472 03b4 013A     		subs	r2, r2, #1
 1473 03b6 FF3A     		subs	r2, r2, #255
 1474 03b8 0A43     		orrs	r2, r1
ARM GAS  /var/folders/d7/pb3dkhys6j3db_qtp_8v34p80000gn/T//ccnF7AbK.s 			page 55


 1475 03ba 1A65     		str	r2, [r3, #80]
 657:Drivers/STM32L0xx_HAL_Driver/Src/stm32l0xx_hal_rcc.c **** 
 1476              		.loc 1 657 5 view .LVU444
 657:Drivers/STM32L0xx_HAL_Driver/Src/stm32l0xx_hal_rcc.c **** 
 1477              		.loc 1 657 5 is_stmt 0 discriminator 5 view .LVU445
 1478 03bc 196D     		ldr	r1, [r3, #80]
 1479 03be 8022     		movs	r2, #128
 1480 03c0 5200     		lsls	r2, r2, #1
 1481 03c2 0A43     		orrs	r2, r1
 1482 03c4 1A65     		str	r2, [r3, #80]
 1483 03c6 D3E7     		b	.L80
 1484              	.L83:
 677:Drivers/STM32L0xx_HAL_Driver/Src/stm32l0xx_hal_rcc.c **** 
 1485              		.loc 1 677 7 is_stmt 1 view .LVU446
 677:Drivers/STM32L0xx_HAL_Driver/Src/stm32l0xx_hal_rcc.c **** 
 1486              		.loc 1 677 19 is_stmt 0 view .LVU447
 1487 03c8 FFF7FEFF 		bl	HAL_GetTick
 1488              	.LVL105:
 1489 03cc 0700     		movs	r7, r0
 1490              	.LVL106:
 680:Drivers/STM32L0xx_HAL_Driver/Src/stm32l0xx_hal_rcc.c ****       {
 1491              		.loc 1 680 7 is_stmt 1 view .LVU448
 1492              	.L87:
 680:Drivers/STM32L0xx_HAL_Driver/Src/stm32l0xx_hal_rcc.c ****       {
 1493              		.loc 1 680 49 view .LVU449
 680:Drivers/STM32L0xx_HAL_Driver/Src/stm32l0xx_hal_rcc.c ****       {
 1494              		.loc 1 680 13 is_stmt 0 view .LVU450
 1495 03ce 654B     		ldr	r3, .L156+4
 1496 03d0 1B6D     		ldr	r3, [r3, #80]
 680:Drivers/STM32L0xx_HAL_Driver/Src/stm32l0xx_hal_rcc.c ****       {
 1497              		.loc 1 680 49 view .LVU451
 1498 03d2 9B05     		lsls	r3, r3, #22
 1499 03d4 07D5     		bpl	.L86
 682:Drivers/STM32L0xx_HAL_Driver/Src/stm32l0xx_hal_rcc.c ****         {
 1500              		.loc 1 682 9 is_stmt 1 view .LVU452
 682:Drivers/STM32L0xx_HAL_Driver/Src/stm32l0xx_hal_rcc.c ****         {
 1501              		.loc 1 682 13 is_stmt 0 view .LVU453
 1502 03d6 FFF7FEFF 		bl	HAL_GetTick
 1503              	.LVL107:
 682:Drivers/STM32L0xx_HAL_Driver/Src/stm32l0xx_hal_rcc.c ****         {
 1504              		.loc 1 682 27 discriminator 1 view .LVU454
 1505 03da C01B     		subs	r0, r0, r7
 682:Drivers/STM32L0xx_HAL_Driver/Src/stm32l0xx_hal_rcc.c ****         {
 1506              		.loc 1 682 11 discriminator 1 view .LVU455
 1507 03dc 624B     		ldr	r3, .L156+8
 1508 03de 9842     		cmp	r0, r3
 1509 03e0 F5D9     		bls	.L87
 684:Drivers/STM32L0xx_HAL_Driver/Src/stm32l0xx_hal_rcc.c ****         }
 1510              		.loc 1 684 18 view .LVU456
 1511 03e2 0320     		movs	r0, #3
 1512 03e4 AAE0     		b	.L39
 1513              	.L86:
 690:Drivers/STM32L0xx_HAL_Driver/Src/stm32l0xx_hal_rcc.c ****     {
 1514              		.loc 1 690 5 is_stmt 1 view .LVU457
 690:Drivers/STM32L0xx_HAL_Driver/Src/stm32l0xx_hal_rcc.c ****     {
 1515              		.loc 1 690 7 is_stmt 0 view .LVU458
 1516 03e6 012E     		cmp	r6, #1
ARM GAS  /var/folders/d7/pb3dkhys6j3db_qtp_8v34p80000gn/T//ccnF7AbK.s 			page 56


 1517 03e8 21D0     		beq	.L149
 1518              	.LVL108:
 1519              	.L74:
 690:Drivers/STM32L0xx_HAL_Driver/Src/stm32l0xx_hal_rcc.c ****     {
 1520              		.loc 1 690 7 view .LVU459
 1521              	.LBE7:
 698:Drivers/STM32L0xx_HAL_Driver/Src/stm32l0xx_hal_rcc.c ****   {
 1522              		.loc 1 698 3 is_stmt 1 view .LVU460
 698:Drivers/STM32L0xx_HAL_Driver/Src/stm32l0xx_hal_rcc.c ****   {
 1523              		.loc 1 698 25 is_stmt 0 view .LVU461
 1524 03ea 2368     		ldr	r3, [r4]
 698:Drivers/STM32L0xx_HAL_Driver/Src/stm32l0xx_hal_rcc.c ****   {
 1525              		.loc 1 698 5 view .LVU462
 1526 03ec 9B06     		lsls	r3, r3, #26
 1527 03ee 3CD5     		bpl	.L89
 701:Drivers/STM32L0xx_HAL_Driver/Src/stm32l0xx_hal_rcc.c **** 
 1528              		.loc 1 701 5 is_stmt 1 view .LVU463
 704:Drivers/STM32L0xx_HAL_Driver/Src/stm32l0xx_hal_rcc.c ****       {
 1529              		.loc 1 704 7 view .LVU464
 704:Drivers/STM32L0xx_HAL_Driver/Src/stm32l0xx_hal_rcc.c ****       {
 1530              		.loc 1 704 27 is_stmt 0 view .LVU465
 1531 03f0 A369     		ldr	r3, [r4, #24]
 704:Drivers/STM32L0xx_HAL_Driver/Src/stm32l0xx_hal_rcc.c ****       {
 1532              		.loc 1 704 9 view .LVU466
 1533 03f2 002B     		cmp	r3, #0
 1534 03f4 21D0     		beq	.L90
 707:Drivers/STM32L0xx_HAL_Driver/Src/stm32l0xx_hal_rcc.c **** 
 1535              		.loc 1 707 9 is_stmt 1 view .LVU467
 707:Drivers/STM32L0xx_HAL_Driver/Src/stm32l0xx_hal_rcc.c **** 
 1536              		.loc 1 707 9 view .LVU468
 1537 03f6 5B4B     		ldr	r3, .L156+4
 1538 03f8 9A68     		ldr	r2, [r3, #8]
 1539 03fa 0121     		movs	r1, #1
 1540 03fc 0A43     		orrs	r2, r1
 1541 03fe 9A60     		str	r2, [r3, #8]
 707:Drivers/STM32L0xx_HAL_Driver/Src/stm32l0xx_hal_rcc.c **** 
 1542              		.loc 1 707 9 view .LVU469
 1543 0400 5A6B     		ldr	r2, [r3, #52]
 1544 0402 0A43     		orrs	r2, r1
 1545 0404 5A63     		str	r2, [r3, #52]
 707:Drivers/STM32L0xx_HAL_Driver/Src/stm32l0xx_hal_rcc.c **** 
 1546              		.loc 1 707 9 view .LVU470
 1547 0406 5B4A     		ldr	r2, .L156+20
 1548 0408 116A     		ldr	r1, [r2, #32]
 1549 040a 8023     		movs	r3, #128
 1550 040c 9B01     		lsls	r3, r3, #6
 1551 040e 0B43     		orrs	r3, r1
 1552 0410 1362     		str	r3, [r2, #32]
 707:Drivers/STM32L0xx_HAL_Driver/Src/stm32l0xx_hal_rcc.c **** 
 1553              		.loc 1 707 9 view .LVU471
 710:Drivers/STM32L0xx_HAL_Driver/Src/stm32l0xx_hal_rcc.c **** 
 1554              		.loc 1 710 9 view .LVU472
 710:Drivers/STM32L0xx_HAL_Driver/Src/stm32l0xx_hal_rcc.c **** 
 1555              		.loc 1 710 21 is_stmt 0 view .LVU473
 1556 0412 FFF7FEFF 		bl	HAL_GetTick
 1557              	.LVL109:
 1558 0416 0600     		movs	r6, r0
ARM GAS  /var/folders/d7/pb3dkhys6j3db_qtp_8v34p80000gn/T//ccnF7AbK.s 			page 57


 1559              	.LVL110:
 713:Drivers/STM32L0xx_HAL_Driver/Src/stm32l0xx_hal_rcc.c ****         {
 1560              		.loc 1 713 9 is_stmt 1 view .LVU474
 1561              	.L91:
 713:Drivers/STM32L0xx_HAL_Driver/Src/stm32l0xx_hal_rcc.c ****         {
 1562              		.loc 1 713 53 view .LVU475
 713:Drivers/STM32L0xx_HAL_Driver/Src/stm32l0xx_hal_rcc.c ****         {
 1563              		.loc 1 713 15 is_stmt 0 view .LVU476
 1564 0418 524B     		ldr	r3, .L156+4
 1565 041a 9B68     		ldr	r3, [r3, #8]
 713:Drivers/STM32L0xx_HAL_Driver/Src/stm32l0xx_hal_rcc.c ****         {
 1566              		.loc 1 713 53 view .LVU477
 1567 041c 9B07     		lsls	r3, r3, #30
 1568 041e 24D4     		bmi	.L89
 715:Drivers/STM32L0xx_HAL_Driver/Src/stm32l0xx_hal_rcc.c ****           {
 1569              		.loc 1 715 11 is_stmt 1 view .LVU478
 715:Drivers/STM32L0xx_HAL_Driver/Src/stm32l0xx_hal_rcc.c ****           {
 1570              		.loc 1 715 15 is_stmt 0 view .LVU479
 1571 0420 FFF7FEFF 		bl	HAL_GetTick
 1572              	.LVL111:
 715:Drivers/STM32L0xx_HAL_Driver/Src/stm32l0xx_hal_rcc.c ****           {
 1573              		.loc 1 715 29 discriminator 1 view .LVU480
 1574 0424 801B     		subs	r0, r0, r6
 715:Drivers/STM32L0xx_HAL_Driver/Src/stm32l0xx_hal_rcc.c ****           {
 1575              		.loc 1 715 13 discriminator 1 view .LVU481
 1576 0426 0228     		cmp	r0, #2
 1577 0428 F6D9     		bls	.L91
 717:Drivers/STM32L0xx_HAL_Driver/Src/stm32l0xx_hal_rcc.c ****           }
 1578              		.loc 1 717 20 view .LVU482
 1579 042a 0320     		movs	r0, #3
 1580 042c 86E0     		b	.L39
 1581              	.LVL112:
 1582              	.L149:
 1583              	.LBB8:
 692:Drivers/STM32L0xx_HAL_Driver/Src/stm32l0xx_hal_rcc.c ****     }
 1584              		.loc 1 692 7 is_stmt 1 view .LVU483
 1585 042e 4D4A     		ldr	r2, .L156+4
 1586 0430 936B     		ldr	r3, [r2, #56]
 1587 0432 5149     		ldr	r1, .L156+24
 1588 0434 0B40     		ands	r3, r1
 1589 0436 9363     		str	r3, [r2, #56]
 1590 0438 D7E7     		b	.L74
 1591              	.LVL113:
 1592              	.L90:
 692:Drivers/STM32L0xx_HAL_Driver/Src/stm32l0xx_hal_rcc.c ****     }
 1593              		.loc 1 692 7 is_stmt 0 view .LVU484
 1594              	.LBE8:
 724:Drivers/STM32L0xx_HAL_Driver/Src/stm32l0xx_hal_rcc.c **** 
 1595              		.loc 1 724 9 is_stmt 1 view .LVU485
 724:Drivers/STM32L0xx_HAL_Driver/Src/stm32l0xx_hal_rcc.c **** 
 1596              		.loc 1 724 9 view .LVU486
 1597 043a 4A4A     		ldr	r2, .L156+4
 1598 043c 9368     		ldr	r3, [r2, #8]
 1599 043e 0121     		movs	r1, #1
 1600 0440 8B43     		bics	r3, r1
 1601 0442 9360     		str	r3, [r2, #8]
 724:Drivers/STM32L0xx_HAL_Driver/Src/stm32l0xx_hal_rcc.c **** 
ARM GAS  /var/folders/d7/pb3dkhys6j3db_qtp_8v34p80000gn/T//ccnF7AbK.s 			page 58


 1602              		.loc 1 724 9 view .LVU487
 1603 0444 4B4A     		ldr	r2, .L156+20
 1604 0446 136A     		ldr	r3, [r2, #32]
 1605 0448 4C49     		ldr	r1, .L156+28
 1606 044a 0B40     		ands	r3, r1
 1607 044c 1362     		str	r3, [r2, #32]
 724:Drivers/STM32L0xx_HAL_Driver/Src/stm32l0xx_hal_rcc.c **** 
 1608              		.loc 1 724 9 view .LVU488
 727:Drivers/STM32L0xx_HAL_Driver/Src/stm32l0xx_hal_rcc.c **** 
 1609              		.loc 1 727 9 view .LVU489
 727:Drivers/STM32L0xx_HAL_Driver/Src/stm32l0xx_hal_rcc.c **** 
 1610              		.loc 1 727 21 is_stmt 0 view .LVU490
 1611 044e FFF7FEFF 		bl	HAL_GetTick
 1612              	.LVL114:
 1613 0452 0600     		movs	r6, r0
 1614              	.LVL115:
 730:Drivers/STM32L0xx_HAL_Driver/Src/stm32l0xx_hal_rcc.c ****         {
 1615              		.loc 1 730 9 is_stmt 1 view .LVU491
 1616              	.L93:
 730:Drivers/STM32L0xx_HAL_Driver/Src/stm32l0xx_hal_rcc.c ****         {
 1617              		.loc 1 730 53 view .LVU492
 730:Drivers/STM32L0xx_HAL_Driver/Src/stm32l0xx_hal_rcc.c ****         {
 1618              		.loc 1 730 15 is_stmt 0 view .LVU493
 1619 0454 434B     		ldr	r3, .L156+4
 1620 0456 9B68     		ldr	r3, [r3, #8]
 730:Drivers/STM32L0xx_HAL_Driver/Src/stm32l0xx_hal_rcc.c ****         {
 1621              		.loc 1 730 53 view .LVU494
 1622 0458 9B07     		lsls	r3, r3, #30
 1623 045a 06D5     		bpl	.L89
 732:Drivers/STM32L0xx_HAL_Driver/Src/stm32l0xx_hal_rcc.c ****           {
 1624              		.loc 1 732 11 is_stmt 1 view .LVU495
 732:Drivers/STM32L0xx_HAL_Driver/Src/stm32l0xx_hal_rcc.c ****           {
 1625              		.loc 1 732 15 is_stmt 0 view .LVU496
 1626 045c FFF7FEFF 		bl	HAL_GetTick
 1627              	.LVL116:
 732:Drivers/STM32L0xx_HAL_Driver/Src/stm32l0xx_hal_rcc.c ****           {
 1628              		.loc 1 732 29 discriminator 1 view .LVU497
 1629 0460 801B     		subs	r0, r0, r6
 732:Drivers/STM32L0xx_HAL_Driver/Src/stm32l0xx_hal_rcc.c ****           {
 1630              		.loc 1 732 13 discriminator 1 view .LVU498
 1631 0462 0228     		cmp	r0, #2
 1632 0464 F6D9     		bls	.L93
 734:Drivers/STM32L0xx_HAL_Driver/Src/stm32l0xx_hal_rcc.c ****           }
 1633              		.loc 1 734 20 view .LVU499
 1634 0466 0320     		movs	r0, #3
 1635 0468 68E0     		b	.L39
 1636              	.LVL117:
 1637              	.L89:
 743:Drivers/STM32L0xx_HAL_Driver/Src/stm32l0xx_hal_rcc.c ****   if ((RCC_OscInitStruct->PLL.PLLState) != RCC_PLL_NONE)
 1638              		.loc 1 743 3 is_stmt 1 view .LVU500
 744:Drivers/STM32L0xx_HAL_Driver/Src/stm32l0xx_hal_rcc.c ****   {
 1639              		.loc 1 744 3 view .LVU501
 744:Drivers/STM32L0xx_HAL_Driver/Src/stm32l0xx_hal_rcc.c ****   {
 1640              		.loc 1 744 30 is_stmt 0 view .LVU502
 1641 046a A36A     		ldr	r3, [r4, #40]
 744:Drivers/STM32L0xx_HAL_Driver/Src/stm32l0xx_hal_rcc.c ****   {
 1642              		.loc 1 744 6 view .LVU503
ARM GAS  /var/folders/d7/pb3dkhys6j3db_qtp_8v34p80000gn/T//ccnF7AbK.s 			page 59


 1643 046c 002B     		cmp	r3, #0
 1644 046e 00D1     		bne	.LCB1532
 1645 0470 6CE0     		b	.L121	@long jump
 1646              	.LCB1532:
 747:Drivers/STM32L0xx_HAL_Driver/Src/stm32l0xx_hal_rcc.c ****     {
 1647              		.loc 1 747 5 is_stmt 1 view .LVU504
 747:Drivers/STM32L0xx_HAL_Driver/Src/stm32l0xx_hal_rcc.c ****     {
 1648              		.loc 1 747 7 is_stmt 0 view .LVU505
 1649 0472 0C2D     		cmp	r5, #12
 1650 0474 49D0     		beq	.L95
 749:Drivers/STM32L0xx_HAL_Driver/Src/stm32l0xx_hal_rcc.c ****       {
 1651              		.loc 1 749 7 is_stmt 1 view .LVU506
 749:Drivers/STM32L0xx_HAL_Driver/Src/stm32l0xx_hal_rcc.c ****       {
 1652              		.loc 1 749 9 is_stmt 0 view .LVU507
 1653 0476 022B     		cmp	r3, #2
 1654 0478 12D0     		beq	.L150
 793:Drivers/STM32L0xx_HAL_Driver/Src/stm32l0xx_hal_rcc.c **** 
 1655              		.loc 1 793 9 is_stmt 1 view .LVU508
 1656 047a 3A4A     		ldr	r2, .L156+4
 1657 047c 1368     		ldr	r3, [r2]
 1658 047e 4049     		ldr	r1, .L156+32
 1659 0480 0B40     		ands	r3, r1
 1660 0482 1360     		str	r3, [r2]
 796:Drivers/STM32L0xx_HAL_Driver/Src/stm32l0xx_hal_rcc.c **** 
 1661              		.loc 1 796 9 view .LVU509
 796:Drivers/STM32L0xx_HAL_Driver/Src/stm32l0xx_hal_rcc.c **** 
 1662              		.loc 1 796 21 is_stmt 0 view .LVU510
 1663 0484 FFF7FEFF 		bl	HAL_GetTick
 1664              	.LVL118:
 1665 0488 0400     		movs	r4, r0
 1666              	.LVL119:
 799:Drivers/STM32L0xx_HAL_Driver/Src/stm32l0xx_hal_rcc.c ****         {
 1667              		.loc 1 799 9 is_stmt 1 view .LVU511
 1668              	.L101:
 799:Drivers/STM32L0xx_HAL_Driver/Src/stm32l0xx_hal_rcc.c ****         {
 1669              		.loc 1 799 52 view .LVU512
 799:Drivers/STM32L0xx_HAL_Driver/Src/stm32l0xx_hal_rcc.c ****         {
 1670              		.loc 1 799 15 is_stmt 0 view .LVU513
 1671 048a 364B     		ldr	r3, .L156+4
 1672 048c 1B68     		ldr	r3, [r3]
 799:Drivers/STM32L0xx_HAL_Driver/Src/stm32l0xx_hal_rcc.c ****         {
 1673              		.loc 1 799 52 view .LVU514
 1674 048e 9B01     		lsls	r3, r3, #6
 1675 0490 39D5     		bpl	.L151
 801:Drivers/STM32L0xx_HAL_Driver/Src/stm32l0xx_hal_rcc.c ****           {
 1676              		.loc 1 801 11 is_stmt 1 view .LVU515
 801:Drivers/STM32L0xx_HAL_Driver/Src/stm32l0xx_hal_rcc.c ****           {
 1677              		.loc 1 801 15 is_stmt 0 view .LVU516
 1678 0492 FFF7FEFF 		bl	HAL_GetTick
 1679              	.LVL120:
 801:Drivers/STM32L0xx_HAL_Driver/Src/stm32l0xx_hal_rcc.c ****           {
 1680              		.loc 1 801 29 discriminator 1 view .LVU517
 1681 0496 001B     		subs	r0, r0, r4
 801:Drivers/STM32L0xx_HAL_Driver/Src/stm32l0xx_hal_rcc.c ****           {
 1682              		.loc 1 801 13 discriminator 1 view .LVU518
 1683 0498 0228     		cmp	r0, #2
 1684 049a F6D9     		bls	.L101
ARM GAS  /var/folders/d7/pb3dkhys6j3db_qtp_8v34p80000gn/T//ccnF7AbK.s 			page 60


 803:Drivers/STM32L0xx_HAL_Driver/Src/stm32l0xx_hal_rcc.c ****           }
 1685              		.loc 1 803 20 view .LVU519
 1686 049c 0320     		movs	r0, #3
 1687 049e 4DE0     		b	.L39
 1688              	.LVL121:
 1689              	.L150:
 752:Drivers/STM32L0xx_HAL_Driver/Src/stm32l0xx_hal_rcc.c ****         assert_param(IS_RCC_PLL_MUL(RCC_OscInitStruct->PLL.PLLMUL));
 1690              		.loc 1 752 9 is_stmt 1 view .LVU520
 753:Drivers/STM32L0xx_HAL_Driver/Src/stm32l0xx_hal_rcc.c ****         assert_param(IS_RCC_PLL_DIV(RCC_OscInitStruct->PLL.PLLDIV));
 1691              		.loc 1 753 9 view .LVU521
 754:Drivers/STM32L0xx_HAL_Driver/Src/stm32l0xx_hal_rcc.c **** 
 1692              		.loc 1 754 9 view .LVU522
 757:Drivers/STM32L0xx_HAL_Driver/Src/stm32l0xx_hal_rcc.c **** 
 1693              		.loc 1 757 9 view .LVU523
 1694 04a0 304A     		ldr	r2, .L156+4
 1695 04a2 1368     		ldr	r3, [r2]
 1696 04a4 3649     		ldr	r1, .L156+32
 1697 04a6 0B40     		ands	r3, r1
 1698 04a8 1360     		str	r3, [r2]
 760:Drivers/STM32L0xx_HAL_Driver/Src/stm32l0xx_hal_rcc.c **** 
 1699              		.loc 1 760 9 view .LVU524
 760:Drivers/STM32L0xx_HAL_Driver/Src/stm32l0xx_hal_rcc.c **** 
 1700              		.loc 1 760 21 is_stmt 0 view .LVU525
 1701 04aa FFF7FEFF 		bl	HAL_GetTick
 1702              	.LVL122:
 1703 04ae 0500     		movs	r5, r0
 1704              	.LVL123:
 763:Drivers/STM32L0xx_HAL_Driver/Src/stm32l0xx_hal_rcc.c ****         {
 1705              		.loc 1 763 9 is_stmt 1 view .LVU526
 1706              	.L97:
 763:Drivers/STM32L0xx_HAL_Driver/Src/stm32l0xx_hal_rcc.c ****         {
 1707              		.loc 1 763 52 view .LVU527
 763:Drivers/STM32L0xx_HAL_Driver/Src/stm32l0xx_hal_rcc.c ****         {
 1708              		.loc 1 763 15 is_stmt 0 view .LVU528
 1709 04b0 2C4B     		ldr	r3, .L156+4
 1710 04b2 1B68     		ldr	r3, [r3]
 763:Drivers/STM32L0xx_HAL_Driver/Src/stm32l0xx_hal_rcc.c ****         {
 1711              		.loc 1 763 52 view .LVU529
 1712 04b4 9B01     		lsls	r3, r3, #6
 1713 04b6 06D5     		bpl	.L152
 765:Drivers/STM32L0xx_HAL_Driver/Src/stm32l0xx_hal_rcc.c ****           {
 1714              		.loc 1 765 11 is_stmt 1 view .LVU530
 765:Drivers/STM32L0xx_HAL_Driver/Src/stm32l0xx_hal_rcc.c ****           {
 1715              		.loc 1 765 15 is_stmt 0 view .LVU531
 1716 04b8 FFF7FEFF 		bl	HAL_GetTick
 1717              	.LVL124:
 765:Drivers/STM32L0xx_HAL_Driver/Src/stm32l0xx_hal_rcc.c ****           {
 1718              		.loc 1 765 29 discriminator 1 view .LVU532
 1719 04bc 401B     		subs	r0, r0, r5
 765:Drivers/STM32L0xx_HAL_Driver/Src/stm32l0xx_hal_rcc.c ****           {
 1720              		.loc 1 765 13 discriminator 1 view .LVU533
 1721 04be 0228     		cmp	r0, #2
 1722 04c0 F6D9     		bls	.L97
 767:Drivers/STM32L0xx_HAL_Driver/Src/stm32l0xx_hal_rcc.c ****           }
 1723              		.loc 1 767 20 view .LVU534
 1724 04c2 0320     		movs	r0, #3
 1725 04c4 3AE0     		b	.L39
ARM GAS  /var/folders/d7/pb3dkhys6j3db_qtp_8v34p80000gn/T//ccnF7AbK.s 			page 61


 1726              	.L152:
 772:Drivers/STM32L0xx_HAL_Driver/Src/stm32l0xx_hal_rcc.c ****                              RCC_OscInitStruct->PLL.PLLMUL,
 1727              		.loc 1 772 9 is_stmt 1 view .LVU535
 1728 04c6 2749     		ldr	r1, .L156+4
 1729 04c8 CB68     		ldr	r3, [r1, #12]
 1730 04ca 2E4A     		ldr	r2, .L156+36
 1731 04cc 1340     		ands	r3, r2
 1732 04ce E26A     		ldr	r2, [r4, #44]
 1733 04d0 206B     		ldr	r0, [r4, #48]
 1734 04d2 0243     		orrs	r2, r0
 1735 04d4 606B     		ldr	r0, [r4, #52]
 1736 04d6 0243     		orrs	r2, r0
 1737 04d8 1343     		orrs	r3, r2
 1738 04da CB60     		str	r3, [r1, #12]
 776:Drivers/STM32L0xx_HAL_Driver/Src/stm32l0xx_hal_rcc.c **** 
 1739              		.loc 1 776 9 view .LVU536
 1740 04dc 0A68     		ldr	r2, [r1]
 1741 04de 8023     		movs	r3, #128
 1742 04e0 5B04     		lsls	r3, r3, #17
 1743 04e2 1343     		orrs	r3, r2
 1744 04e4 0B60     		str	r3, [r1]
 779:Drivers/STM32L0xx_HAL_Driver/Src/stm32l0xx_hal_rcc.c **** 
 1745              		.loc 1 779 9 view .LVU537
 779:Drivers/STM32L0xx_HAL_Driver/Src/stm32l0xx_hal_rcc.c **** 
 1746              		.loc 1 779 21 is_stmt 0 view .LVU538
 1747 04e6 FFF7FEFF 		bl	HAL_GetTick
 1748              	.LVL125:
 1749 04ea 0400     		movs	r4, r0
 1750              	.LVL126:
 782:Drivers/STM32L0xx_HAL_Driver/Src/stm32l0xx_hal_rcc.c ****         {
 1751              		.loc 1 782 9 is_stmt 1 view .LVU539
 1752              	.L99:
 782:Drivers/STM32L0xx_HAL_Driver/Src/stm32l0xx_hal_rcc.c ****         {
 1753              		.loc 1 782 52 view .LVU540
 782:Drivers/STM32L0xx_HAL_Driver/Src/stm32l0xx_hal_rcc.c ****         {
 1754              		.loc 1 782 15 is_stmt 0 view .LVU541
 1755 04ec 1D4B     		ldr	r3, .L156+4
 1756 04ee 1B68     		ldr	r3, [r3]
 782:Drivers/STM32L0xx_HAL_Driver/Src/stm32l0xx_hal_rcc.c ****         {
 1757              		.loc 1 782 52 view .LVU542
 1758 04f0 9B01     		lsls	r3, r3, #6
 1759 04f2 06D4     		bmi	.L153
 784:Drivers/STM32L0xx_HAL_Driver/Src/stm32l0xx_hal_rcc.c ****           {
 1760              		.loc 1 784 11 is_stmt 1 view .LVU543
 784:Drivers/STM32L0xx_HAL_Driver/Src/stm32l0xx_hal_rcc.c ****           {
 1761              		.loc 1 784 15 is_stmt 0 view .LVU544
 1762 04f4 FFF7FEFF 		bl	HAL_GetTick
 1763              	.LVL127:
 784:Drivers/STM32L0xx_HAL_Driver/Src/stm32l0xx_hal_rcc.c ****           {
 1764              		.loc 1 784 29 discriminator 1 view .LVU545
 1765 04f8 001B     		subs	r0, r0, r4
 784:Drivers/STM32L0xx_HAL_Driver/Src/stm32l0xx_hal_rcc.c ****           {
 1766              		.loc 1 784 13 discriminator 1 view .LVU546
 1767 04fa 0228     		cmp	r0, #2
 1768 04fc F6D9     		bls	.L99
 786:Drivers/STM32L0xx_HAL_Driver/Src/stm32l0xx_hal_rcc.c ****           }
 1769              		.loc 1 786 20 view .LVU547
ARM GAS  /var/folders/d7/pb3dkhys6j3db_qtp_8v34p80000gn/T//ccnF7AbK.s 			page 62


 1770 04fe 0320     		movs	r0, #3
 1771 0500 1CE0     		b	.L39
 1772              	.L153:
 828:Drivers/STM32L0xx_HAL_Driver/Src/stm32l0xx_hal_rcc.c **** }
 1773              		.loc 1 828 10 view .LVU548
 1774 0502 0020     		movs	r0, #0
 1775 0504 1AE0     		b	.L39
 1776              	.LVL128:
 1777              	.L151:
 828:Drivers/STM32L0xx_HAL_Driver/Src/stm32l0xx_hal_rcc.c **** }
 1778              		.loc 1 828 10 view .LVU549
 1779 0506 0020     		movs	r0, #0
 1780 0508 18E0     		b	.L39
 1781              	.LVL129:
 1782              	.L95:
 811:Drivers/STM32L0xx_HAL_Driver/Src/stm32l0xx_hal_rcc.c ****       {
 1783              		.loc 1 811 7 is_stmt 1 view .LVU550
 811:Drivers/STM32L0xx_HAL_Driver/Src/stm32l0xx_hal_rcc.c ****       {
 1784              		.loc 1 811 9 is_stmt 0 view .LVU551
 1785 050a 012B     		cmp	r3, #1
 1786 050c 20D0     		beq	.L125
 818:Drivers/STM32L0xx_HAL_Driver/Src/stm32l0xx_hal_rcc.c ****         if((READ_BIT(pll_config, RCC_CFGR_PLLSRC) != RCC_OscInitStruct->PLL.PLLSource) ||
 1787              		.loc 1 818 9 is_stmt 1 view .LVU552
 818:Drivers/STM32L0xx_HAL_Driver/Src/stm32l0xx_hal_rcc.c ****         if((READ_BIT(pll_config, RCC_CFGR_PLLSRC) != RCC_OscInitStruct->PLL.PLLSource) ||
 1788              		.loc 1 818 20 is_stmt 0 view .LVU553
 1789 050e 154B     		ldr	r3, .L156+4
 1790 0510 DA68     		ldr	r2, [r3, #12]
 1791              	.LVL130:
 819:Drivers/STM32L0xx_HAL_Driver/Src/stm32l0xx_hal_rcc.c ****            (READ_BIT(pll_config, RCC_CFGR_PLLMUL) != RCC_OscInitStruct->PLL.PLLMUL) ||
 1792              		.loc 1 819 9 is_stmt 1 view .LVU554
 819:Drivers/STM32L0xx_HAL_Driver/Src/stm32l0xx_hal_rcc.c ****            (READ_BIT(pll_config, RCC_CFGR_PLLMUL) != RCC_OscInitStruct->PLL.PLLMUL) ||
 1793              		.loc 1 819 13 is_stmt 0 view .LVU555
 1794 0512 8023     		movs	r3, #128
 1795 0514 5B02     		lsls	r3, r3, #9
 1796 0516 1340     		ands	r3, r2
 819:Drivers/STM32L0xx_HAL_Driver/Src/stm32l0xx_hal_rcc.c ****            (READ_BIT(pll_config, RCC_CFGR_PLLMUL) != RCC_OscInitStruct->PLL.PLLMUL) ||
 1797              		.loc 1 819 76 view .LVU556
 1798 0518 E16A     		ldr	r1, [r4, #44]
 819:Drivers/STM32L0xx_HAL_Driver/Src/stm32l0xx_hal_rcc.c ****            (READ_BIT(pll_config, RCC_CFGR_PLLMUL) != RCC_OscInitStruct->PLL.PLLMUL) ||
 1799              		.loc 1 819 11 view .LVU557
 1800 051a 8B42     		cmp	r3, r1
 1801 051c 1AD1     		bne	.L126
 820:Drivers/STM32L0xx_HAL_Driver/Src/stm32l0xx_hal_rcc.c ****            (READ_BIT(pll_config, RCC_CFGR_PLLDIV) != RCC_OscInitStruct->PLL.PLLDIV))
 1802              		.loc 1 820 13 view .LVU558
 1803 051e F023     		movs	r3, #240
 1804 0520 9B03     		lsls	r3, r3, #14
 1805 0522 1340     		ands	r3, r2
 820:Drivers/STM32L0xx_HAL_Driver/Src/stm32l0xx_hal_rcc.c ****            (READ_BIT(pll_config, RCC_CFGR_PLLDIV) != RCC_OscInitStruct->PLL.PLLDIV))
 1806              		.loc 1 820 76 view .LVU559
 1807 0524 216B     		ldr	r1, [r4, #48]
 819:Drivers/STM32L0xx_HAL_Driver/Src/stm32l0xx_hal_rcc.c ****            (READ_BIT(pll_config, RCC_CFGR_PLLMUL) != RCC_OscInitStruct->PLL.PLLMUL) ||
 1808              		.loc 1 819 88 discriminator 1 view .LVU560
 1809 0526 8B42     		cmp	r3, r1
 1810 0528 16D1     		bne	.L127
 821:Drivers/STM32L0xx_HAL_Driver/Src/stm32l0xx_hal_rcc.c ****         {
 1811              		.loc 1 821 13 view .LVU561
 1812 052a C023     		movs	r3, #192
ARM GAS  /var/folders/d7/pb3dkhys6j3db_qtp_8v34p80000gn/T//ccnF7AbK.s 			page 63


 1813 052c 1B04     		lsls	r3, r3, #16
 1814 052e 1A40     		ands	r2, r3
 1815              	.LVL131:
 821:Drivers/STM32L0xx_HAL_Driver/Src/stm32l0xx_hal_rcc.c ****         {
 1816              		.loc 1 821 76 view .LVU562
 1817 0530 636B     		ldr	r3, [r4, #52]
 820:Drivers/STM32L0xx_HAL_Driver/Src/stm32l0xx_hal_rcc.c ****            (READ_BIT(pll_config, RCC_CFGR_PLLDIV) != RCC_OscInitStruct->PLL.PLLDIV))
 1818              		.loc 1 820 85 view .LVU563
 1819 0532 9A42     		cmp	r2, r3
 1820 0534 12D1     		bne	.L128
 828:Drivers/STM32L0xx_HAL_Driver/Src/stm32l0xx_hal_rcc.c **** }
 1821              		.loc 1 828 10 view .LVU564
 1822 0536 0020     		movs	r0, #0
 1823 0538 00E0     		b	.L39
 1824              	.LVL132:
 1825              	.L103:
 346:Drivers/STM32L0xx_HAL_Driver/Src/stm32l0xx_hal_rcc.c ****   }
 1826              		.loc 1 346 12 view .LVU565
 1827 053a 0120     		movs	r0, #1
 1828              	.LVL133:
 1829              	.L39:
 829:Drivers/STM32L0xx_HAL_Driver/Src/stm32l0xx_hal_rcc.c **** 
 1830              		.loc 1 829 1 view .LVU566
 1831 053c 03B0     		add	sp, sp, #12
 1832              		@ sp needed
 1833 053e F0BD     		pop	{r4, r5, r6, r7, pc}
 1834              	.LVL134:
 1835              	.L142:
 367:Drivers/STM32L0xx_HAL_Driver/Src/stm32l0xx_hal_rcc.c ****       }
 1836              		.loc 1 367 16 view .LVU567
 1837 0540 0120     		movs	r0, #1
 1838              	.LVL135:
 367:Drivers/STM32L0xx_HAL_Driver/Src/stm32l0xx_hal_rcc.c ****       }
 1839              		.loc 1 367 16 view .LVU568
 1840 0542 FBE7     		b	.L39
 1841              	.LVL136:
 1842              	.L107:
 432:Drivers/STM32L0xx_HAL_Driver/Src/stm32l0xx_hal_rcc.c ****       }
 1843              		.loc 1 432 16 view .LVU569
 1844 0544 0120     		movs	r0, #1
 1845 0546 F9E7     		b	.L39
 1846              	.LVL137:
 1847              	.L110:
 504:Drivers/STM32L0xx_HAL_Driver/Src/stm32l0xx_hal_rcc.c ****       }
 1848              		.loc 1 504 16 view .LVU570
 1849 0548 0120     		movs	r0, #1
 1850 054a F7E7     		b	.L39
 1851              	.L121:
 828:Drivers/STM32L0xx_HAL_Driver/Src/stm32l0xx_hal_rcc.c **** }
 1852              		.loc 1 828 10 view .LVU571
 1853 054c 0020     		movs	r0, #0
 1854 054e F5E7     		b	.L39
 1855              	.L125:
 813:Drivers/STM32L0xx_HAL_Driver/Src/stm32l0xx_hal_rcc.c ****       }
 1856              		.loc 1 813 16 view .LVU572
 1857 0550 0120     		movs	r0, #1
 1858 0552 F3E7     		b	.L39
ARM GAS  /var/folders/d7/pb3dkhys6j3db_qtp_8v34p80000gn/T//ccnF7AbK.s 			page 64


 1859              	.LVL138:
 1860              	.L126:
 823:Drivers/STM32L0xx_HAL_Driver/Src/stm32l0xx_hal_rcc.c ****         }
 1861              		.loc 1 823 18 view .LVU573
 1862 0554 0120     		movs	r0, #1
 1863 0556 F1E7     		b	.L39
 1864              	.L127:
 1865 0558 0120     		movs	r0, #1
 1866 055a EFE7     		b	.L39
 1867              	.LVL139:
 1868              	.L128:
 823:Drivers/STM32L0xx_HAL_Driver/Src/stm32l0xx_hal_rcc.c ****         }
 1869              		.loc 1 823 18 view .LVU574
 1870 055c 0120     		movs	r0, #1
 1871 055e EDE7     		b	.L39
 1872              	.L157:
 1873              		.align	2
 1874              	.L156:
 1875 0560 00700040 		.word	1073770496
 1876 0564 00100240 		.word	1073876992
 1877 0568 88130000 		.word	5000
 1878 056c FFFEFFFF 		.word	-257
 1879 0570 FFFBFFFF 		.word	-1025
 1880 0574 00000140 		.word	1073807360
 1881 0578 FFFFFFEF 		.word	-268435457
 1882 057c FFDFFFFF 		.word	-8193
 1883 0580 FFFFFFFE 		.word	-16777217
 1884 0584 FFFF02FF 		.word	-16580609
 1885              		.cfi_endproc
 1886              	.LFE48:
 1888              		.section	.text.HAL_RCC_ClockConfig,"ax",%progbits
 1889              		.align	1
 1890              		.global	HAL_RCC_ClockConfig
 1891              		.syntax unified
 1892              		.code	16
 1893              		.thumb_func
 1895              	HAL_RCC_ClockConfig:
 1896              	.LVL140:
 1897              	.LFB49:
 858:Drivers/STM32L0xx_HAL_Driver/Src/stm32l0xx_hal_rcc.c ****   uint32_t tickstart;
 1898              		.loc 1 858 1 is_stmt 1 view -0
 1899              		.cfi_startproc
 1900              		@ args = 0, pretend = 0, frame = 0
 1901              		@ frame_needed = 0, uses_anonymous_args = 0
 858:Drivers/STM32L0xx_HAL_Driver/Src/stm32l0xx_hal_rcc.c ****   uint32_t tickstart;
 1902              		.loc 1 858 1 is_stmt 0 view .LVU576
 1903 0000 70B5     		push	{r4, r5, r6, lr}
 1904              	.LCFI7:
 1905              		.cfi_def_cfa_offset 16
 1906              		.cfi_offset 4, -16
 1907              		.cfi_offset 5, -12
 1908              		.cfi_offset 6, -8
 1909              		.cfi_offset 14, -4
 1910 0002 0500     		movs	r5, r0
 1911 0004 0C00     		movs	r4, r1
 859:Drivers/STM32L0xx_HAL_Driver/Src/stm32l0xx_hal_rcc.c ****   HAL_StatusTypeDef status;
 1912              		.loc 1 859 3 is_stmt 1 view .LVU577
ARM GAS  /var/folders/d7/pb3dkhys6j3db_qtp_8v34p80000gn/T//ccnF7AbK.s 			page 65


 860:Drivers/STM32L0xx_HAL_Driver/Src/stm32l0xx_hal_rcc.c **** 
 1913              		.loc 1 860 3 view .LVU578
 863:Drivers/STM32L0xx_HAL_Driver/Src/stm32l0xx_hal_rcc.c ****   {
 1914              		.loc 1 863 3 view .LVU579
 863:Drivers/STM32L0xx_HAL_Driver/Src/stm32l0xx_hal_rcc.c ****   {
 1915              		.loc 1 863 5 is_stmt 0 view .LVU580
 1916 0006 0028     		cmp	r0, #0
 1917 0008 00D1     		bne	.LCB1812
 1918 000a D1E0     		b	.L184	@long jump
 1919              	.LCB1812:
 869:Drivers/STM32L0xx_HAL_Driver/Src/stm32l0xx_hal_rcc.c ****   assert_param(IS_FLASH_LATENCY(FLatency));
 1920              		.loc 1 869 3 is_stmt 1 view .LVU581
 870:Drivers/STM32L0xx_HAL_Driver/Src/stm32l0xx_hal_rcc.c **** 
 1921              		.loc 1 870 3 view .LVU582
 877:Drivers/STM32L0xx_HAL_Driver/Src/stm32l0xx_hal_rcc.c ****   {
 1922              		.loc 1 877 3 view .LVU583
 877:Drivers/STM32L0xx_HAL_Driver/Src/stm32l0xx_hal_rcc.c ****   {
 1923              		.loc 1 877 17 is_stmt 0 view .LVU584
 1924 000c 6A4B     		ldr	r3, .L210
 1925 000e 1A68     		ldr	r2, [r3]
 1926 0010 0123     		movs	r3, #1
 1927 0012 1340     		ands	r3, r2
 877:Drivers/STM32L0xx_HAL_Driver/Src/stm32l0xx_hal_rcc.c ****   {
 1928              		.loc 1 877 5 view .LVU585
 1929 0014 8B42     		cmp	r3, r1
 1930 0016 19D3     		bcc	.L204
 1931              	.LVL141:
 1932              	.L160:
 896:Drivers/STM32L0xx_HAL_Driver/Src/stm32l0xx_hal_rcc.c ****   {
 1933              		.loc 1 896 3 is_stmt 1 view .LVU586
 896:Drivers/STM32L0xx_HAL_Driver/Src/stm32l0xx_hal_rcc.c ****   {
 1934              		.loc 1 896 25 is_stmt 0 view .LVU587
 1935 0018 2B68     		ldr	r3, [r5]
 896:Drivers/STM32L0xx_HAL_Driver/Src/stm32l0xx_hal_rcc.c ****   {
 1936              		.loc 1 896 5 view .LVU588
 1937 001a 9B07     		lsls	r3, r3, #30
 1938 001c 06D5     		bpl	.L163
 898:Drivers/STM32L0xx_HAL_Driver/Src/stm32l0xx_hal_rcc.c ****     MODIFY_REG(RCC->CFGR, RCC_CFGR_HPRE, RCC_ClkInitStruct->AHBCLKDivider);
 1939              		.loc 1 898 5 is_stmt 1 view .LVU589
 899:Drivers/STM32L0xx_HAL_Driver/Src/stm32l0xx_hal_rcc.c ****   }
 1940              		.loc 1 899 5 view .LVU590
 1941 001e 674A     		ldr	r2, .L210+4
 1942 0020 D368     		ldr	r3, [r2, #12]
 1943 0022 F021     		movs	r1, #240
 1944 0024 8B43     		bics	r3, r1
 1945 0026 A968     		ldr	r1, [r5, #8]
 1946 0028 0B43     		orrs	r3, r1
 1947 002a D360     		str	r3, [r2, #12]
 1948              	.L163:
 903:Drivers/STM32L0xx_HAL_Driver/Src/stm32l0xx_hal_rcc.c ****   {
 1949              		.loc 1 903 3 view .LVU591
 903:Drivers/STM32L0xx_HAL_Driver/Src/stm32l0xx_hal_rcc.c ****   {
 1950              		.loc 1 903 25 is_stmt 0 view .LVU592
 1951 002c 2B68     		ldr	r3, [r5]
 903:Drivers/STM32L0xx_HAL_Driver/Src/stm32l0xx_hal_rcc.c ****   {
 1952              		.loc 1 903 5 view .LVU593
 1953 002e DB07     		lsls	r3, r3, #31
ARM GAS  /var/folders/d7/pb3dkhys6j3db_qtp_8v34p80000gn/T//ccnF7AbK.s 			page 66


 1954 0030 7BD5     		bpl	.L164
 905:Drivers/STM32L0xx_HAL_Driver/Src/stm32l0xx_hal_rcc.c **** 
 1955              		.loc 1 905 5 is_stmt 1 view .LVU594
 908:Drivers/STM32L0xx_HAL_Driver/Src/stm32l0xx_hal_rcc.c ****     {
 1956              		.loc 1 908 5 view .LVU595
 908:Drivers/STM32L0xx_HAL_Driver/Src/stm32l0xx_hal_rcc.c ****     {
 1957              		.loc 1 908 25 is_stmt 0 view .LVU596
 1958 0032 6B68     		ldr	r3, [r5, #4]
 908:Drivers/STM32L0xx_HAL_Driver/Src/stm32l0xx_hal_rcc.c ****     {
 1959              		.loc 1 908 7 view .LVU597
 1960 0034 022B     		cmp	r3, #2
 1961 0036 20D0     		beq	.L205
 917:Drivers/STM32L0xx_HAL_Driver/Src/stm32l0xx_hal_rcc.c ****     {
 1962              		.loc 1 917 10 is_stmt 1 view .LVU598
 917:Drivers/STM32L0xx_HAL_Driver/Src/stm32l0xx_hal_rcc.c ****     {
 1963              		.loc 1 917 12 is_stmt 0 view .LVU599
 1964 0038 032B     		cmp	r3, #3
 1965 003a 40D0     		beq	.L206
 926:Drivers/STM32L0xx_HAL_Driver/Src/stm32l0xx_hal_rcc.c ****     {
 1966              		.loc 1 926 10 is_stmt 1 view .LVU600
 926:Drivers/STM32L0xx_HAL_Driver/Src/stm32l0xx_hal_rcc.c ****     {
 1967              		.loc 1 926 12 is_stmt 0 view .LVU601
 1968 003c 012B     		cmp	r3, #1
 1969 003e 44D0     		beq	.L207
 938:Drivers/STM32L0xx_HAL_Driver/Src/stm32l0xx_hal_rcc.c ****       {
 1970              		.loc 1 938 7 is_stmt 1 view .LVU602
 938:Drivers/STM32L0xx_HAL_Driver/Src/stm32l0xx_hal_rcc.c ****       {
 1971              		.loc 1 938 10 is_stmt 0 view .LVU603
 1972 0040 5E4A     		ldr	r2, .L210+4
 1973 0042 1268     		ldr	r2, [r2]
 938:Drivers/STM32L0xx_HAL_Driver/Src/stm32l0xx_hal_rcc.c ****       {
 1974              		.loc 1 938 9 view .LVU604
 1975 0044 9205     		lsls	r2, r2, #22
 1976 0046 1DD4     		bmi	.L166
 940:Drivers/STM32L0xx_HAL_Driver/Src/stm32l0xx_hal_rcc.c ****       }
 1977              		.loc 1 940 16 view .LVU605
 1978 0048 0120     		movs	r0, #1
 1979 004a 99E0     		b	.L159
 1980              	.LVL142:
 1981              	.L204:
 880:Drivers/STM32L0xx_HAL_Driver/Src/stm32l0xx_hal_rcc.c **** 
 1982              		.loc 1 880 5 is_stmt 1 view .LVU606
 1983 004c 5A4A     		ldr	r2, .L210
 1984 004e 1368     		ldr	r3, [r2]
 1985 0050 0121     		movs	r1, #1
 1986              	.LVL143:
 880:Drivers/STM32L0xx_HAL_Driver/Src/stm32l0xx_hal_rcc.c **** 
 1987              		.loc 1 880 5 is_stmt 0 view .LVU607
 1988 0052 8B43     		bics	r3, r1
 1989 0054 2343     		orrs	r3, r4
 1990 0056 1360     		str	r3, [r2]
 884:Drivers/STM32L0xx_HAL_Driver/Src/stm32l0xx_hal_rcc.c **** 
 1991              		.loc 1 884 5 is_stmt 1 view .LVU608
 884:Drivers/STM32L0xx_HAL_Driver/Src/stm32l0xx_hal_rcc.c **** 
 1992              		.loc 1 884 17 is_stmt 0 view .LVU609
 1993 0058 FFF7FEFF 		bl	HAL_GetTick
 1994              	.LVL144:
ARM GAS  /var/folders/d7/pb3dkhys6j3db_qtp_8v34p80000gn/T//ccnF7AbK.s 			page 67


 884:Drivers/STM32L0xx_HAL_Driver/Src/stm32l0xx_hal_rcc.c **** 
 1995              		.loc 1 884 17 view .LVU610
 1996 005c 0600     		movs	r6, r0
 1997              	.LVL145:
 886:Drivers/STM32L0xx_HAL_Driver/Src/stm32l0xx_hal_rcc.c ****     {
 1998              		.loc 1 886 5 is_stmt 1 view .LVU611
 1999              	.L161:
 886:Drivers/STM32L0xx_HAL_Driver/Src/stm32l0xx_hal_rcc.c ****     {
 2000              		.loc 1 886 38 view .LVU612
 886:Drivers/STM32L0xx_HAL_Driver/Src/stm32l0xx_hal_rcc.c ****     {
 2001              		.loc 1 886 12 is_stmt 0 view .LVU613
 2002 005e 564B     		ldr	r3, .L210
 2003 0060 1A68     		ldr	r2, [r3]
 2004 0062 0123     		movs	r3, #1
 2005 0064 1340     		ands	r3, r2
 886:Drivers/STM32L0xx_HAL_Driver/Src/stm32l0xx_hal_rcc.c ****     {
 2006              		.loc 1 886 38 view .LVU614
 2007 0066 A342     		cmp	r3, r4
 2008 0068 D6D0     		beq	.L160
 888:Drivers/STM32L0xx_HAL_Driver/Src/stm32l0xx_hal_rcc.c ****       {
 2009              		.loc 1 888 7 is_stmt 1 view .LVU615
 888:Drivers/STM32L0xx_HAL_Driver/Src/stm32l0xx_hal_rcc.c ****       {
 2010              		.loc 1 888 12 is_stmt 0 view .LVU616
 2011 006a FFF7FEFF 		bl	HAL_GetTick
 2012              	.LVL146:
 888:Drivers/STM32L0xx_HAL_Driver/Src/stm32l0xx_hal_rcc.c ****       {
 2013              		.loc 1 888 26 discriminator 1 view .LVU617
 2014 006e 801B     		subs	r0, r0, r6
 888:Drivers/STM32L0xx_HAL_Driver/Src/stm32l0xx_hal_rcc.c ****       {
 2015              		.loc 1 888 10 discriminator 1 view .LVU618
 2016 0070 534A     		ldr	r2, .L210+8
 2017 0072 9042     		cmp	r0, r2
 2018 0074 F3D9     		bls	.L161
 890:Drivers/STM32L0xx_HAL_Driver/Src/stm32l0xx_hal_rcc.c ****       }
 2019              		.loc 1 890 16 view .LVU619
 2020 0076 0320     		movs	r0, #3
 2021 0078 82E0     		b	.L159
 2022              	.LVL147:
 2023              	.L205:
 911:Drivers/STM32L0xx_HAL_Driver/Src/stm32l0xx_hal_rcc.c ****       {
 2024              		.loc 1 911 7 is_stmt 1 view .LVU620
 911:Drivers/STM32L0xx_HAL_Driver/Src/stm32l0xx_hal_rcc.c ****       {
 2025              		.loc 1 911 10 is_stmt 0 view .LVU621
 2026 007a 504A     		ldr	r2, .L210+4
 2027 007c 1268     		ldr	r2, [r2]
 911:Drivers/STM32L0xx_HAL_Driver/Src/stm32l0xx_hal_rcc.c ****       {
 2028              		.loc 1 911 9 view .LVU622
 2029 007e 9203     		lsls	r2, r2, #14
 2030 0080 00D4     		bmi	.LCB1918
 2031 0082 97E0     		b	.L208	@long jump
 2032              	.LCB1918:
 2033              	.L166:
 943:Drivers/STM32L0xx_HAL_Driver/Src/stm32l0xx_hal_rcc.c **** 
 2034              		.loc 1 943 5 is_stmt 1 view .LVU623
 2035 0084 4D49     		ldr	r1, .L210+4
 2036 0086 CA68     		ldr	r2, [r1, #12]
 2037 0088 0320     		movs	r0, #3
ARM GAS  /var/folders/d7/pb3dkhys6j3db_qtp_8v34p80000gn/T//ccnF7AbK.s 			page 68


 2038 008a 8243     		bics	r2, r0
 2039 008c 1343     		orrs	r3, r2
 2040 008e CB60     		str	r3, [r1, #12]
 946:Drivers/STM32L0xx_HAL_Driver/Src/stm32l0xx_hal_rcc.c **** 
 2041              		.loc 1 946 5 view .LVU624
 946:Drivers/STM32L0xx_HAL_Driver/Src/stm32l0xx_hal_rcc.c **** 
 2042              		.loc 1 946 17 is_stmt 0 view .LVU625
 2043 0090 FFF7FEFF 		bl	HAL_GetTick
 2044              	.LVL148:
 2045 0094 0600     		movs	r6, r0
 2046              	.LVL149:
 948:Drivers/STM32L0xx_HAL_Driver/Src/stm32l0xx_hal_rcc.c ****     {
 2047              		.loc 1 948 5 is_stmt 1 view .LVU626
 948:Drivers/STM32L0xx_HAL_Driver/Src/stm32l0xx_hal_rcc.c ****     {
 2048              		.loc 1 948 25 is_stmt 0 view .LVU627
 2049 0096 6B68     		ldr	r3, [r5, #4]
 948:Drivers/STM32L0xx_HAL_Driver/Src/stm32l0xx_hal_rcc.c ****     {
 2050              		.loc 1 948 7 view .LVU628
 2051 0098 022B     		cmp	r3, #2
 2052 009a 1CD0     		beq	.L169
 958:Drivers/STM32L0xx_HAL_Driver/Src/stm32l0xx_hal_rcc.c ****     {
 2053              		.loc 1 958 10 is_stmt 1 view .LVU629
 958:Drivers/STM32L0xx_HAL_Driver/Src/stm32l0xx_hal_rcc.c ****     {
 2054              		.loc 1 958 12 is_stmt 0 view .LVU630
 2055 009c 032B     		cmp	r3, #3
 2056 009e 28D0     		beq	.L172
 968:Drivers/STM32L0xx_HAL_Driver/Src/stm32l0xx_hal_rcc.c ****     {
 2057              		.loc 1 968 10 is_stmt 1 view .LVU631
 968:Drivers/STM32L0xx_HAL_Driver/Src/stm32l0xx_hal_rcc.c ****     {
 2058              		.loc 1 968 12 is_stmt 0 view .LVU632
 2059 00a0 012B     		cmp	r3, #1
 2060 00a2 34D0     		beq	.L175
 2061              	.LVL150:
 2062              	.L176:
 980:Drivers/STM32L0xx_HAL_Driver/Src/stm32l0xx_hal_rcc.c ****       {
 2063              		.loc 1 980 43 is_stmt 1 view .LVU633
 980:Drivers/STM32L0xx_HAL_Driver/Src/stm32l0xx_hal_rcc.c ****       {
 2064              		.loc 1 980 13 is_stmt 0 view .LVU634
 2065 00a4 454B     		ldr	r3, .L210+4
 2066 00a6 DB68     		ldr	r3, [r3, #12]
 2067 00a8 0C22     		movs	r2, #12
 980:Drivers/STM32L0xx_HAL_Driver/Src/stm32l0xx_hal_rcc.c ****       {
 2068              		.loc 1 980 43 view .LVU635
 2069 00aa 1A42     		tst	r2, r3
 2070 00ac 3DD0     		beq	.L164
 982:Drivers/STM32L0xx_HAL_Driver/Src/stm32l0xx_hal_rcc.c ****         {
 2071              		.loc 1 982 9 is_stmt 1 view .LVU636
 982:Drivers/STM32L0xx_HAL_Driver/Src/stm32l0xx_hal_rcc.c ****         {
 2072              		.loc 1 982 13 is_stmt 0 view .LVU637
 2073 00ae FFF7FEFF 		bl	HAL_GetTick
 2074              	.LVL151:
 982:Drivers/STM32L0xx_HAL_Driver/Src/stm32l0xx_hal_rcc.c ****         {
 2075              		.loc 1 982 27 discriminator 1 view .LVU638
 2076 00b2 801B     		subs	r0, r0, r6
 982:Drivers/STM32L0xx_HAL_Driver/Src/stm32l0xx_hal_rcc.c ****         {
 2077              		.loc 1 982 11 discriminator 1 view .LVU639
 2078 00b4 424B     		ldr	r3, .L210+8
ARM GAS  /var/folders/d7/pb3dkhys6j3db_qtp_8v34p80000gn/T//ccnF7AbK.s 			page 69


 2079 00b6 9842     		cmp	r0, r3
 2080 00b8 F4D9     		bls	.L176
 984:Drivers/STM32L0xx_HAL_Driver/Src/stm32l0xx_hal_rcc.c ****         }
 2081              		.loc 1 984 18 view .LVU640
 2082 00ba 0320     		movs	r0, #3
 2083 00bc 60E0     		b	.L159
 2084              	.LVL152:
 2085              	.L206:
 920:Drivers/STM32L0xx_HAL_Driver/Src/stm32l0xx_hal_rcc.c ****       {
 2086              		.loc 1 920 7 is_stmt 1 view .LVU641
 920:Drivers/STM32L0xx_HAL_Driver/Src/stm32l0xx_hal_rcc.c ****       {
 2087              		.loc 1 920 10 is_stmt 0 view .LVU642
 2088 00be 3F4A     		ldr	r2, .L210+4
 2089 00c0 1268     		ldr	r2, [r2]
 920:Drivers/STM32L0xx_HAL_Driver/Src/stm32l0xx_hal_rcc.c ****       {
 2090              		.loc 1 920 9 view .LVU643
 2091 00c2 9201     		lsls	r2, r2, #6
 2092 00c4 DED4     		bmi	.L166
 922:Drivers/STM32L0xx_HAL_Driver/Src/stm32l0xx_hal_rcc.c ****       }
 2093              		.loc 1 922 16 view .LVU644
 2094 00c6 0120     		movs	r0, #1
 2095 00c8 5AE0     		b	.L159
 2096              	.L207:
 929:Drivers/STM32L0xx_HAL_Driver/Src/stm32l0xx_hal_rcc.c ****       {
 2097              		.loc 1 929 7 is_stmt 1 view .LVU645
 929:Drivers/STM32L0xx_HAL_Driver/Src/stm32l0xx_hal_rcc.c ****       {
 2098              		.loc 1 929 10 is_stmt 0 view .LVU646
 2099 00ca 3C4A     		ldr	r2, .L210+4
 2100 00cc 1268     		ldr	r2, [r2]
 929:Drivers/STM32L0xx_HAL_Driver/Src/stm32l0xx_hal_rcc.c ****       {
 2101              		.loc 1 929 9 view .LVU647
 2102 00ce 5207     		lsls	r2, r2, #29
 2103 00d0 D8D4     		bmi	.L166
 931:Drivers/STM32L0xx_HAL_Driver/Src/stm32l0xx_hal_rcc.c ****       }
 2104              		.loc 1 931 16 view .LVU648
 2105 00d2 0120     		movs	r0, #1
 2106 00d4 54E0     		b	.L159
 2107              	.LVL153:
 2108              	.L169:
 950:Drivers/STM32L0xx_HAL_Driver/Src/stm32l0xx_hal_rcc.c ****       {
 2109              		.loc 1 950 44 is_stmt 1 view .LVU649
 950:Drivers/STM32L0xx_HAL_Driver/Src/stm32l0xx_hal_rcc.c ****       {
 2110              		.loc 1 950 14 is_stmt 0 view .LVU650
 2111 00d6 394B     		ldr	r3, .L210+4
 2112 00d8 DA68     		ldr	r2, [r3, #12]
 2113 00da 0C23     		movs	r3, #12
 2114 00dc 1340     		ands	r3, r2
 950:Drivers/STM32L0xx_HAL_Driver/Src/stm32l0xx_hal_rcc.c ****       {
 2115              		.loc 1 950 44 view .LVU651
 2116 00de 082B     		cmp	r3, #8
 2117 00e0 23D0     		beq	.L164
 952:Drivers/STM32L0xx_HAL_Driver/Src/stm32l0xx_hal_rcc.c ****         {
 2118              		.loc 1 952 9 is_stmt 1 view .LVU652
 952:Drivers/STM32L0xx_HAL_Driver/Src/stm32l0xx_hal_rcc.c ****         {
 2119              		.loc 1 952 13 is_stmt 0 view .LVU653
 2120 00e2 FFF7FEFF 		bl	HAL_GetTick
 2121              	.LVL154:
ARM GAS  /var/folders/d7/pb3dkhys6j3db_qtp_8v34p80000gn/T//ccnF7AbK.s 			page 70


 952:Drivers/STM32L0xx_HAL_Driver/Src/stm32l0xx_hal_rcc.c ****         {
 2122              		.loc 1 952 27 discriminator 1 view .LVU654
 2123 00e6 801B     		subs	r0, r0, r6
 952:Drivers/STM32L0xx_HAL_Driver/Src/stm32l0xx_hal_rcc.c ****         {
 2124              		.loc 1 952 11 discriminator 1 view .LVU655
 2125 00e8 354A     		ldr	r2, .L210+8
 2126 00ea 9042     		cmp	r0, r2
 2127 00ec F3D9     		bls	.L169
 954:Drivers/STM32L0xx_HAL_Driver/Src/stm32l0xx_hal_rcc.c ****         }
 2128              		.loc 1 954 18 view .LVU656
 2129 00ee 0320     		movs	r0, #3
 2130 00f0 46E0     		b	.L159
 2131              	.L172:
 960:Drivers/STM32L0xx_HAL_Driver/Src/stm32l0xx_hal_rcc.c ****       {
 2132              		.loc 1 960 44 is_stmt 1 view .LVU657
 960:Drivers/STM32L0xx_HAL_Driver/Src/stm32l0xx_hal_rcc.c ****       {
 2133              		.loc 1 960 14 is_stmt 0 view .LVU658
 2134 00f2 324B     		ldr	r3, .L210+4
 2135 00f4 DA68     		ldr	r2, [r3, #12]
 2136 00f6 0C23     		movs	r3, #12
 2137 00f8 1340     		ands	r3, r2
 960:Drivers/STM32L0xx_HAL_Driver/Src/stm32l0xx_hal_rcc.c ****       {
 2138              		.loc 1 960 44 view .LVU659
 2139 00fa 0C2B     		cmp	r3, #12
 2140 00fc 15D0     		beq	.L164
 962:Drivers/STM32L0xx_HAL_Driver/Src/stm32l0xx_hal_rcc.c ****         {
 2141              		.loc 1 962 9 is_stmt 1 view .LVU660
 962:Drivers/STM32L0xx_HAL_Driver/Src/stm32l0xx_hal_rcc.c ****         {
 2142              		.loc 1 962 13 is_stmt 0 view .LVU661
 2143 00fe FFF7FEFF 		bl	HAL_GetTick
 2144              	.LVL155:
 962:Drivers/STM32L0xx_HAL_Driver/Src/stm32l0xx_hal_rcc.c ****         {
 2145              		.loc 1 962 27 discriminator 1 view .LVU662
 2146 0102 801B     		subs	r0, r0, r6
 962:Drivers/STM32L0xx_HAL_Driver/Src/stm32l0xx_hal_rcc.c ****         {
 2147              		.loc 1 962 11 discriminator 1 view .LVU663
 2148 0104 2E4B     		ldr	r3, .L210+8
 2149 0106 9842     		cmp	r0, r3
 2150 0108 F3D9     		bls	.L172
 964:Drivers/STM32L0xx_HAL_Driver/Src/stm32l0xx_hal_rcc.c ****         }
 2151              		.loc 1 964 18 view .LVU664
 2152 010a 0320     		movs	r0, #3
 2153 010c 38E0     		b	.L159
 2154              	.L175:
 970:Drivers/STM32L0xx_HAL_Driver/Src/stm32l0xx_hal_rcc.c ****       {
 2155              		.loc 1 970 44 is_stmt 1 view .LVU665
 970:Drivers/STM32L0xx_HAL_Driver/Src/stm32l0xx_hal_rcc.c ****       {
 2156              		.loc 1 970 14 is_stmt 0 view .LVU666
 2157 010e 2B4B     		ldr	r3, .L210+4
 2158 0110 DA68     		ldr	r2, [r3, #12]
 2159 0112 0C23     		movs	r3, #12
 2160 0114 1340     		ands	r3, r2
 970:Drivers/STM32L0xx_HAL_Driver/Src/stm32l0xx_hal_rcc.c ****       {
 2161              		.loc 1 970 44 view .LVU667
 2162 0116 042B     		cmp	r3, #4
 2163 0118 07D0     		beq	.L164
 972:Drivers/STM32L0xx_HAL_Driver/Src/stm32l0xx_hal_rcc.c ****         {
ARM GAS  /var/folders/d7/pb3dkhys6j3db_qtp_8v34p80000gn/T//ccnF7AbK.s 			page 71


 2164              		.loc 1 972 9 is_stmt 1 view .LVU668
 972:Drivers/STM32L0xx_HAL_Driver/Src/stm32l0xx_hal_rcc.c ****         {
 2165              		.loc 1 972 13 is_stmt 0 view .LVU669
 2166 011a FFF7FEFF 		bl	HAL_GetTick
 2167              	.LVL156:
 972:Drivers/STM32L0xx_HAL_Driver/Src/stm32l0xx_hal_rcc.c ****         {
 2168              		.loc 1 972 27 discriminator 1 view .LVU670
 2169 011e 801B     		subs	r0, r0, r6
 972:Drivers/STM32L0xx_HAL_Driver/Src/stm32l0xx_hal_rcc.c ****         {
 2170              		.loc 1 972 11 discriminator 1 view .LVU671
 2171 0120 274B     		ldr	r3, .L210+8
 2172 0122 9842     		cmp	r0, r3
 2173 0124 F3D9     		bls	.L175
 974:Drivers/STM32L0xx_HAL_Driver/Src/stm32l0xx_hal_rcc.c ****         }
 2174              		.loc 1 974 18 view .LVU672
 2175 0126 0320     		movs	r0, #3
 2176 0128 2AE0     		b	.L159
 2177              	.LVL157:
 2178              	.L164:
 990:Drivers/STM32L0xx_HAL_Driver/Src/stm32l0xx_hal_rcc.c ****   {
 2179              		.loc 1 990 3 is_stmt 1 view .LVU673
 990:Drivers/STM32L0xx_HAL_Driver/Src/stm32l0xx_hal_rcc.c ****   {
 2180              		.loc 1 990 17 is_stmt 0 view .LVU674
 2181 012a 234B     		ldr	r3, .L210
 2182 012c 1A68     		ldr	r2, [r3]
 2183 012e 0123     		movs	r3, #1
 2184 0130 1340     		ands	r3, r2
 990:Drivers/STM32L0xx_HAL_Driver/Src/stm32l0xx_hal_rcc.c ****   {
 2185              		.loc 1 990 5 view .LVU675
 2186 0132 A342     		cmp	r3, r4
 2187 0134 25D8     		bhi	.L209
 2188              	.L179:
1009:Drivers/STM32L0xx_HAL_Driver/Src/stm32l0xx_hal_rcc.c ****   {
 2189              		.loc 1 1009 3 is_stmt 1 view .LVU676
1009:Drivers/STM32L0xx_HAL_Driver/Src/stm32l0xx_hal_rcc.c ****   {
 2190              		.loc 1 1009 25 is_stmt 0 view .LVU677
 2191 0136 2B68     		ldr	r3, [r5]
1009:Drivers/STM32L0xx_HAL_Driver/Src/stm32l0xx_hal_rcc.c ****   {
 2192              		.loc 1 1009 5 view .LVU678
 2193 0138 5B07     		lsls	r3, r3, #29
 2194 013a 06D5     		bpl	.L182
1011:Drivers/STM32L0xx_HAL_Driver/Src/stm32l0xx_hal_rcc.c ****     MODIFY_REG(RCC->CFGR, RCC_CFGR_PPRE1, RCC_ClkInitStruct->APB1CLKDivider);
 2195              		.loc 1 1011 5 is_stmt 1 view .LVU679
1012:Drivers/STM32L0xx_HAL_Driver/Src/stm32l0xx_hal_rcc.c ****   }
 2196              		.loc 1 1012 5 view .LVU680
 2197 013c 1F4A     		ldr	r2, .L210+4
 2198 013e D368     		ldr	r3, [r2, #12]
 2199 0140 2049     		ldr	r1, .L210+12
 2200 0142 0B40     		ands	r3, r1
 2201 0144 E968     		ldr	r1, [r5, #12]
 2202 0146 0B43     		orrs	r3, r1
 2203 0148 D360     		str	r3, [r2, #12]
 2204              	.L182:
1016:Drivers/STM32L0xx_HAL_Driver/Src/stm32l0xx_hal_rcc.c ****   {
 2205              		.loc 1 1016 3 view .LVU681
1016:Drivers/STM32L0xx_HAL_Driver/Src/stm32l0xx_hal_rcc.c ****   {
 2206              		.loc 1 1016 25 is_stmt 0 view .LVU682
ARM GAS  /var/folders/d7/pb3dkhys6j3db_qtp_8v34p80000gn/T//ccnF7AbK.s 			page 72


 2207 014a 2B68     		ldr	r3, [r5]
1016:Drivers/STM32L0xx_HAL_Driver/Src/stm32l0xx_hal_rcc.c ****   {
 2208              		.loc 1 1016 5 view .LVU683
 2209 014c 1B07     		lsls	r3, r3, #28
 2210 014e 07D5     		bpl	.L183
1018:Drivers/STM32L0xx_HAL_Driver/Src/stm32l0xx_hal_rcc.c ****     MODIFY_REG(RCC->CFGR, RCC_CFGR_PPRE2, ((RCC_ClkInitStruct->APB2CLKDivider) << 3));
 2211              		.loc 1 1018 5 is_stmt 1 view .LVU684
1019:Drivers/STM32L0xx_HAL_Driver/Src/stm32l0xx_hal_rcc.c ****   }
 2212              		.loc 1 1019 5 view .LVU685
 2213 0150 1A49     		ldr	r1, .L210+4
 2214 0152 CB68     		ldr	r3, [r1, #12]
 2215 0154 1C4A     		ldr	r2, .L210+16
 2216 0156 1340     		ands	r3, r2
 2217 0158 2A69     		ldr	r2, [r5, #16]
 2218 015a D200     		lsls	r2, r2, #3
 2219 015c 1343     		orrs	r3, r2
 2220 015e CB60     		str	r3, [r1, #12]
 2221              	.L183:
1023:Drivers/STM32L0xx_HAL_Driver/Src/stm32l0xx_hal_rcc.c **** 
 2222              		.loc 1 1023 3 view .LVU686
1023:Drivers/STM32L0xx_HAL_Driver/Src/stm32l0xx_hal_rcc.c **** 
 2223              		.loc 1 1023 21 is_stmt 0 view .LVU687
 2224 0160 FFF7FEFF 		bl	HAL_RCC_GetSysClockFreq
 2225              	.LVL158:
1023:Drivers/STM32L0xx_HAL_Driver/Src/stm32l0xx_hal_rcc.c **** 
 2226              		.loc 1 1023 68 discriminator 1 view .LVU688
 2227 0164 154B     		ldr	r3, .L210+4
 2228 0166 DA68     		ldr	r2, [r3, #12]
1023:Drivers/STM32L0xx_HAL_Driver/Src/stm32l0xx_hal_rcc.c **** 
 2229              		.loc 1 1023 91 discriminator 1 view .LVU689
 2230 0168 1209     		lsrs	r2, r2, #4
 2231 016a 0F23     		movs	r3, #15
 2232 016c 1340     		ands	r3, r2
1023:Drivers/STM32L0xx_HAL_Driver/Src/stm32l0xx_hal_rcc.c **** 
 2233              		.loc 1 1023 63 discriminator 1 view .LVU690
 2234 016e 174A     		ldr	r2, .L210+20
 2235 0170 D35C     		ldrb	r3, [r2, r3]
1023:Drivers/STM32L0xx_HAL_Driver/Src/stm32l0xx_hal_rcc.c **** 
 2236              		.loc 1 1023 47 discriminator 1 view .LVU691
 2237 0172 D840     		lsrs	r0, r0, r3
1023:Drivers/STM32L0xx_HAL_Driver/Src/stm32l0xx_hal_rcc.c **** 
 2238              		.loc 1 1023 19 discriminator 1 view .LVU692
 2239 0174 164B     		ldr	r3, .L210+24
 2240 0176 1860     		str	r0, [r3]
1026:Drivers/STM32L0xx_HAL_Driver/Src/stm32l0xx_hal_rcc.c ****   if(status != HAL_OK)
 2241              		.loc 1 1026 3 is_stmt 1 view .LVU693
1026:Drivers/STM32L0xx_HAL_Driver/Src/stm32l0xx_hal_rcc.c ****   if(status != HAL_OK)
 2242              		.loc 1 1026 12 is_stmt 0 view .LVU694
 2243 0178 164B     		ldr	r3, .L210+28
 2244 017a 1868     		ldr	r0, [r3]
 2245 017c FFF7FEFF 		bl	HAL_InitTick
 2246              	.LVL159:
1027:Drivers/STM32L0xx_HAL_Driver/Src/stm32l0xx_hal_rcc.c ****   {
 2247              		.loc 1 1027 3 is_stmt 1 view .LVU695
 2248              	.L159:
1033:Drivers/STM32L0xx_HAL_Driver/Src/stm32l0xx_hal_rcc.c **** 
 2249              		.loc 1 1033 1 is_stmt 0 view .LVU696
ARM GAS  /var/folders/d7/pb3dkhys6j3db_qtp_8v34p80000gn/T//ccnF7AbK.s 			page 73


 2250              		@ sp needed
 2251              	.LVL160:
 2252              	.LVL161:
1033:Drivers/STM32L0xx_HAL_Driver/Src/stm32l0xx_hal_rcc.c **** 
 2253              		.loc 1 1033 1 view .LVU697
 2254 0180 70BD     		pop	{r4, r5, r6, pc}
 2255              	.LVL162:
 2256              	.L209:
 993:Drivers/STM32L0xx_HAL_Driver/Src/stm32l0xx_hal_rcc.c **** 
 2257              		.loc 1 993 5 is_stmt 1 view .LVU698
 2258 0182 0D4A     		ldr	r2, .L210
 2259 0184 1368     		ldr	r3, [r2]
 2260 0186 0121     		movs	r1, #1
 2261 0188 8B43     		bics	r3, r1
 2262 018a 2343     		orrs	r3, r4
 2263 018c 1360     		str	r3, [r2]
 997:Drivers/STM32L0xx_HAL_Driver/Src/stm32l0xx_hal_rcc.c **** 
 2264              		.loc 1 997 5 view .LVU699
 997:Drivers/STM32L0xx_HAL_Driver/Src/stm32l0xx_hal_rcc.c **** 
 2265              		.loc 1 997 17 is_stmt 0 view .LVU700
 2266 018e FFF7FEFF 		bl	HAL_GetTick
 2267              	.LVL163:
 2268 0192 0600     		movs	r6, r0
 2269              	.LVL164:
 999:Drivers/STM32L0xx_HAL_Driver/Src/stm32l0xx_hal_rcc.c ****     {
 2270              		.loc 1 999 5 is_stmt 1 view .LVU701
 2271              	.L180:
 999:Drivers/STM32L0xx_HAL_Driver/Src/stm32l0xx_hal_rcc.c ****     {
 2272              		.loc 1 999 38 view .LVU702
 999:Drivers/STM32L0xx_HAL_Driver/Src/stm32l0xx_hal_rcc.c ****     {
 2273              		.loc 1 999 12 is_stmt 0 view .LVU703
 2274 0194 084B     		ldr	r3, .L210
 2275 0196 1A68     		ldr	r2, [r3]
 2276 0198 0123     		movs	r3, #1
 2277 019a 1340     		ands	r3, r2
 999:Drivers/STM32L0xx_HAL_Driver/Src/stm32l0xx_hal_rcc.c ****     {
 2278              		.loc 1 999 38 view .LVU704
 2279 019c A342     		cmp	r3, r4
 2280 019e CAD0     		beq	.L179
1001:Drivers/STM32L0xx_HAL_Driver/Src/stm32l0xx_hal_rcc.c ****       {
 2281              		.loc 1 1001 7 is_stmt 1 view .LVU705
1001:Drivers/STM32L0xx_HAL_Driver/Src/stm32l0xx_hal_rcc.c ****       {
 2282              		.loc 1 1001 12 is_stmt 0 view .LVU706
 2283 01a0 FFF7FEFF 		bl	HAL_GetTick
 2284              	.LVL165:
1001:Drivers/STM32L0xx_HAL_Driver/Src/stm32l0xx_hal_rcc.c ****       {
 2285              		.loc 1 1001 26 discriminator 1 view .LVU707
 2286 01a4 801B     		subs	r0, r0, r6
1001:Drivers/STM32L0xx_HAL_Driver/Src/stm32l0xx_hal_rcc.c ****       {
 2287              		.loc 1 1001 10 discriminator 1 view .LVU708
 2288 01a6 064B     		ldr	r3, .L210+8
 2289 01a8 9842     		cmp	r0, r3
 2290 01aa F3D9     		bls	.L180
1003:Drivers/STM32L0xx_HAL_Driver/Src/stm32l0xx_hal_rcc.c ****       }
 2291              		.loc 1 1003 16 view .LVU709
 2292 01ac 0320     		movs	r0, #3
 2293 01ae E7E7     		b	.L159
ARM GAS  /var/folders/d7/pb3dkhys6j3db_qtp_8v34p80000gn/T//ccnF7AbK.s 			page 74


 2294              	.LVL166:
 2295              	.L184:
 865:Drivers/STM32L0xx_HAL_Driver/Src/stm32l0xx_hal_rcc.c ****   }
 2296              		.loc 1 865 12 view .LVU710
 2297 01b0 0120     		movs	r0, #1
 2298              	.LVL167:
 865:Drivers/STM32L0xx_HAL_Driver/Src/stm32l0xx_hal_rcc.c ****   }
 2299              		.loc 1 865 12 view .LVU711
 2300 01b2 E5E7     		b	.L159
 2301              	.LVL168:
 2302              	.L208:
 913:Drivers/STM32L0xx_HAL_Driver/Src/stm32l0xx_hal_rcc.c ****       }
 2303              		.loc 1 913 16 view .LVU712
 2304 01b4 0120     		movs	r0, #1
 2305 01b6 E3E7     		b	.L159
 2306              	.L211:
 2307              		.align	2
 2308              	.L210:
 2309 01b8 00200240 		.word	1073881088
 2310 01bc 00100240 		.word	1073876992
 2311 01c0 88130000 		.word	5000
 2312 01c4 FFF8FFFF 		.word	-1793
 2313 01c8 FFC7FFFF 		.word	-14337
 2314 01cc 00000000 		.word	AHBPrescTable
 2315 01d0 00000000 		.word	SystemCoreClock
 2316 01d4 00000000 		.word	uwTickPrio
 2317              		.cfi_endproc
 2318              	.LFE49:
 2320              		.section	.text.HAL_RCC_GetHCLKFreq,"ax",%progbits
 2321              		.align	1
 2322              		.global	HAL_RCC_GetHCLKFreq
 2323              		.syntax unified
 2324              		.code	16
 2325              		.thumb_func
 2327              	HAL_RCC_GetHCLKFreq:
 2328              	.LFB53:
1271:Drivers/STM32L0xx_HAL_Driver/Src/stm32l0xx_hal_rcc.c **** 
1272:Drivers/STM32L0xx_HAL_Driver/Src/stm32l0xx_hal_rcc.c **** /**
1273:Drivers/STM32L0xx_HAL_Driver/Src/stm32l0xx_hal_rcc.c ****   * @brief  Returns the HCLK frequency
1274:Drivers/STM32L0xx_HAL_Driver/Src/stm32l0xx_hal_rcc.c ****   * @note   Each time HCLK changes, this function must be called to update the
1275:Drivers/STM32L0xx_HAL_Driver/Src/stm32l0xx_hal_rcc.c ****   *         right HCLK value. Otherwise, any configuration based on this function will be incorrect
1276:Drivers/STM32L0xx_HAL_Driver/Src/stm32l0xx_hal_rcc.c ****   *
1277:Drivers/STM32L0xx_HAL_Driver/Src/stm32l0xx_hal_rcc.c ****   * @note   The SystemCoreClock CMSIS variable is used to store System Clock Frequency
1278:Drivers/STM32L0xx_HAL_Driver/Src/stm32l0xx_hal_rcc.c ****   *         and updated within this function
1279:Drivers/STM32L0xx_HAL_Driver/Src/stm32l0xx_hal_rcc.c ****   * @retval HCLK frequency
1280:Drivers/STM32L0xx_HAL_Driver/Src/stm32l0xx_hal_rcc.c ****   */
1281:Drivers/STM32L0xx_HAL_Driver/Src/stm32l0xx_hal_rcc.c **** uint32_t HAL_RCC_GetHCLKFreq(void)
1282:Drivers/STM32L0xx_HAL_Driver/Src/stm32l0xx_hal_rcc.c **** {
 2329              		.loc 1 1282 1 is_stmt 1 view -0
 2330              		.cfi_startproc
 2331              		@ args = 0, pretend = 0, frame = 0
 2332              		@ frame_needed = 0, uses_anonymous_args = 0
 2333              		@ link register save eliminated.
1283:Drivers/STM32L0xx_HAL_Driver/Src/stm32l0xx_hal_rcc.c ****   return SystemCoreClock;
 2334              		.loc 1 1283 3 view .LVU714
 2335              		.loc 1 1283 10 is_stmt 0 view .LVU715
 2336 0000 014B     		ldr	r3, .L213
ARM GAS  /var/folders/d7/pb3dkhys6j3db_qtp_8v34p80000gn/T//ccnF7AbK.s 			page 75


 2337              		.loc 1 1283 10 discriminator 1 view .LVU716
 2338 0002 1868     		ldr	r0, [r3]
1284:Drivers/STM32L0xx_HAL_Driver/Src/stm32l0xx_hal_rcc.c **** }
 2339              		.loc 1 1284 1 view .LVU717
 2340              		@ sp needed
 2341 0004 7047     		bx	lr
 2342              	.L214:
 2343 0006 C046     		.align	2
 2344              	.L213:
 2345 0008 00000000 		.word	SystemCoreClock
 2346              		.cfi_endproc
 2347              	.LFE53:
 2349              		.section	.text.HAL_RCC_GetPCLK1Freq,"ax",%progbits
 2350              		.align	1
 2351              		.global	HAL_RCC_GetPCLK1Freq
 2352              		.syntax unified
 2353              		.code	16
 2354              		.thumb_func
 2356              	HAL_RCC_GetPCLK1Freq:
 2357              	.LFB54:
1285:Drivers/STM32L0xx_HAL_Driver/Src/stm32l0xx_hal_rcc.c **** 
1286:Drivers/STM32L0xx_HAL_Driver/Src/stm32l0xx_hal_rcc.c **** /**
1287:Drivers/STM32L0xx_HAL_Driver/Src/stm32l0xx_hal_rcc.c ****   * @brief  Returns the PCLK1 frequency
1288:Drivers/STM32L0xx_HAL_Driver/Src/stm32l0xx_hal_rcc.c ****   * @note   Each time PCLK1 changes, this function must be called to update the
1289:Drivers/STM32L0xx_HAL_Driver/Src/stm32l0xx_hal_rcc.c ****   *         right PCLK1 value. Otherwise, any configuration based on this function will be incorrec
1290:Drivers/STM32L0xx_HAL_Driver/Src/stm32l0xx_hal_rcc.c ****   * @retval PCLK1 frequency
1291:Drivers/STM32L0xx_HAL_Driver/Src/stm32l0xx_hal_rcc.c ****   */
1292:Drivers/STM32L0xx_HAL_Driver/Src/stm32l0xx_hal_rcc.c **** uint32_t HAL_RCC_GetPCLK1Freq(void)
1293:Drivers/STM32L0xx_HAL_Driver/Src/stm32l0xx_hal_rcc.c **** {
 2358              		.loc 1 1293 1 is_stmt 1 view -0
 2359              		.cfi_startproc
 2360              		@ args = 0, pretend = 0, frame = 0
 2361              		@ frame_needed = 0, uses_anonymous_args = 0
 2362 0000 10B5     		push	{r4, lr}
 2363              	.LCFI8:
 2364              		.cfi_def_cfa_offset 8
 2365              		.cfi_offset 4, -8
 2366              		.cfi_offset 14, -4
1294:Drivers/STM32L0xx_HAL_Driver/Src/stm32l0xx_hal_rcc.c ****   /* Get HCLK source and Compute PCLK1 frequency ---------------------------*/
1295:Drivers/STM32L0xx_HAL_Driver/Src/stm32l0xx_hal_rcc.c ****   return (HAL_RCC_GetHCLKFreq() >> APBPrescTable[(RCC->CFGR & RCC_CFGR_PPRE1) >> RCC_CFGR_PPRE1_Pos
 2367              		.loc 1 1295 3 view .LVU719
 2368              		.loc 1 1295 11 is_stmt 0 view .LVU720
 2369 0002 FFF7FEFF 		bl	HAL_RCC_GetHCLKFreq
 2370              	.LVL169:
 2371              		.loc 1 1295 54 discriminator 1 view .LVU721
 2372 0006 044B     		ldr	r3, .L216
 2373 0008 DA68     		ldr	r2, [r3, #12]
 2374              		.loc 1 1295 79 discriminator 1 view .LVU722
 2375 000a 120A     		lsrs	r2, r2, #8
 2376 000c 0723     		movs	r3, #7
 2377 000e 1340     		ands	r3, r2
 2378              		.loc 1 1295 49 discriminator 1 view .LVU723
 2379 0010 024A     		ldr	r2, .L216+4
 2380 0012 D35C     		ldrb	r3, [r2, r3]
 2381              		.loc 1 1295 33 discriminator 1 view .LVU724
 2382 0014 D840     		lsrs	r0, r0, r3
1296:Drivers/STM32L0xx_HAL_Driver/Src/stm32l0xx_hal_rcc.c **** }
ARM GAS  /var/folders/d7/pb3dkhys6j3db_qtp_8v34p80000gn/T//ccnF7AbK.s 			page 76


 2383              		.loc 1 1296 1 view .LVU725
 2384              		@ sp needed
 2385 0016 10BD     		pop	{r4, pc}
 2386              	.L217:
 2387              		.align	2
 2388              	.L216:
 2389 0018 00100240 		.word	1073876992
 2390 001c 00000000 		.word	APBPrescTable
 2391              		.cfi_endproc
 2392              	.LFE54:
 2394              		.section	.text.HAL_RCC_GetPCLK2Freq,"ax",%progbits
 2395              		.align	1
 2396              		.global	HAL_RCC_GetPCLK2Freq
 2397              		.syntax unified
 2398              		.code	16
 2399              		.thumb_func
 2401              	HAL_RCC_GetPCLK2Freq:
 2402              	.LFB55:
1297:Drivers/STM32L0xx_HAL_Driver/Src/stm32l0xx_hal_rcc.c **** 
1298:Drivers/STM32L0xx_HAL_Driver/Src/stm32l0xx_hal_rcc.c **** /**
1299:Drivers/STM32L0xx_HAL_Driver/Src/stm32l0xx_hal_rcc.c ****   * @brief  Returns the PCLK2 frequency
1300:Drivers/STM32L0xx_HAL_Driver/Src/stm32l0xx_hal_rcc.c ****   * @note   Each time PCLK2 changes, this function must be called to update the
1301:Drivers/STM32L0xx_HAL_Driver/Src/stm32l0xx_hal_rcc.c ****   *         right PCLK2 value. Otherwise, any configuration based on this function will be incorrec
1302:Drivers/STM32L0xx_HAL_Driver/Src/stm32l0xx_hal_rcc.c ****   * @retval PCLK2 frequency
1303:Drivers/STM32L0xx_HAL_Driver/Src/stm32l0xx_hal_rcc.c ****   */
1304:Drivers/STM32L0xx_HAL_Driver/Src/stm32l0xx_hal_rcc.c **** uint32_t HAL_RCC_GetPCLK2Freq(void)
1305:Drivers/STM32L0xx_HAL_Driver/Src/stm32l0xx_hal_rcc.c **** {
 2403              		.loc 1 1305 1 is_stmt 1 view -0
 2404              		.cfi_startproc
 2405              		@ args = 0, pretend = 0, frame = 0
 2406              		@ frame_needed = 0, uses_anonymous_args = 0
 2407 0000 10B5     		push	{r4, lr}
 2408              	.LCFI9:
 2409              		.cfi_def_cfa_offset 8
 2410              		.cfi_offset 4, -8
 2411              		.cfi_offset 14, -4
1306:Drivers/STM32L0xx_HAL_Driver/Src/stm32l0xx_hal_rcc.c ****   /* Get HCLK source and Compute PCLK2 frequency ---------------------------*/
1307:Drivers/STM32L0xx_HAL_Driver/Src/stm32l0xx_hal_rcc.c ****   return (HAL_RCC_GetHCLKFreq()>> APBPrescTable[(RCC->CFGR & RCC_CFGR_PPRE2) >> RCC_CFGR_PPRE2_Pos]
 2412              		.loc 1 1307 3 view .LVU727
 2413              		.loc 1 1307 11 is_stmt 0 view .LVU728
 2414 0002 FFF7FEFF 		bl	HAL_RCC_GetHCLKFreq
 2415              	.LVL170:
 2416              		.loc 1 1307 53 discriminator 1 view .LVU729
 2417 0006 044B     		ldr	r3, .L219
 2418 0008 DA68     		ldr	r2, [r3, #12]
 2419              		.loc 1 1307 78 discriminator 1 view .LVU730
 2420 000a D20A     		lsrs	r2, r2, #11
 2421 000c 0723     		movs	r3, #7
 2422 000e 1340     		ands	r3, r2
 2423              		.loc 1 1307 48 discriminator 1 view .LVU731
 2424 0010 024A     		ldr	r2, .L219+4
 2425 0012 D35C     		ldrb	r3, [r2, r3]
 2426              		.loc 1 1307 32 discriminator 1 view .LVU732
 2427 0014 D840     		lsrs	r0, r0, r3
1308:Drivers/STM32L0xx_HAL_Driver/Src/stm32l0xx_hal_rcc.c **** }
 2428              		.loc 1 1308 1 view .LVU733
 2429              		@ sp needed
ARM GAS  /var/folders/d7/pb3dkhys6j3db_qtp_8v34p80000gn/T//ccnF7AbK.s 			page 77


 2430 0016 10BD     		pop	{r4, pc}
 2431              	.L220:
 2432              		.align	2
 2433              	.L219:
 2434 0018 00100240 		.word	1073876992
 2435 001c 00000000 		.word	APBPrescTable
 2436              		.cfi_endproc
 2437              	.LFE55:
 2439              		.section	.text.HAL_RCC_GetOscConfig,"ax",%progbits
 2440              		.align	1
 2441              		.global	HAL_RCC_GetOscConfig
 2442              		.syntax unified
 2443              		.code	16
 2444              		.thumb_func
 2446              	HAL_RCC_GetOscConfig:
 2447              	.LVL171:
 2448              	.LFB56:
1309:Drivers/STM32L0xx_HAL_Driver/Src/stm32l0xx_hal_rcc.c **** 
1310:Drivers/STM32L0xx_HAL_Driver/Src/stm32l0xx_hal_rcc.c **** /**
1311:Drivers/STM32L0xx_HAL_Driver/Src/stm32l0xx_hal_rcc.c ****   * @brief  Configures the RCC_OscInitStruct according to the internal
1312:Drivers/STM32L0xx_HAL_Driver/Src/stm32l0xx_hal_rcc.c ****   * RCC configuration registers.
1313:Drivers/STM32L0xx_HAL_Driver/Src/stm32l0xx_hal_rcc.c ****   * @param  RCC_OscInitStruct pointer to an RCC_OscInitTypeDef structure that
1314:Drivers/STM32L0xx_HAL_Driver/Src/stm32l0xx_hal_rcc.c ****   * will be configured.
1315:Drivers/STM32L0xx_HAL_Driver/Src/stm32l0xx_hal_rcc.c ****   * @retval None
1316:Drivers/STM32L0xx_HAL_Driver/Src/stm32l0xx_hal_rcc.c ****   */
1317:Drivers/STM32L0xx_HAL_Driver/Src/stm32l0xx_hal_rcc.c **** void HAL_RCC_GetOscConfig(RCC_OscInitTypeDef  *RCC_OscInitStruct)
1318:Drivers/STM32L0xx_HAL_Driver/Src/stm32l0xx_hal_rcc.c **** {
 2449              		.loc 1 1318 1 is_stmt 1 view -0
 2450              		.cfi_startproc
 2451              		@ args = 0, pretend = 0, frame = 0
 2452              		@ frame_needed = 0, uses_anonymous_args = 0
 2453              		@ link register save eliminated.
1319:Drivers/STM32L0xx_HAL_Driver/Src/stm32l0xx_hal_rcc.c ****   /* Check the parameters */
1320:Drivers/STM32L0xx_HAL_Driver/Src/stm32l0xx_hal_rcc.c ****   assert_param(RCC_OscInitStruct != (void *)NULL);
 2454              		.loc 1 1320 3 view .LVU735
1321:Drivers/STM32L0xx_HAL_Driver/Src/stm32l0xx_hal_rcc.c **** 
1322:Drivers/STM32L0xx_HAL_Driver/Src/stm32l0xx_hal_rcc.c ****   /* Set all possible values for the Oscillator type parameter ---------------*/
1323:Drivers/STM32L0xx_HAL_Driver/Src/stm32l0xx_hal_rcc.c ****   RCC_OscInitStruct->OscillatorType = RCC_OSCILLATORTYPE_HSE | RCC_OSCILLATORTYPE_HSI  \
 2455              		.loc 1 1323 3 view .LVU736
 2456              		.loc 1 1323 37 is_stmt 0 view .LVU737
 2457 0000 1F23     		movs	r3, #31
 2458 0002 0360     		str	r3, [r0]
1324:Drivers/STM32L0xx_HAL_Driver/Src/stm32l0xx_hal_rcc.c ****                   | RCC_OSCILLATORTYPE_LSE | RCC_OSCILLATORTYPE_LSI | RCC_OSCILLATORTYPE_MSI;
1325:Drivers/STM32L0xx_HAL_Driver/Src/stm32l0xx_hal_rcc.c **** #if defined(RCC_HSI48_SUPPORT)
1326:Drivers/STM32L0xx_HAL_Driver/Src/stm32l0xx_hal_rcc.c ****   RCC_OscInitStruct->OscillatorType |= RCC_OSCILLATORTYPE_HSI48;
 2459              		.loc 1 1326 3 is_stmt 1 view .LVU738
 2460              		.loc 1 1326 37 is_stmt 0 view .LVU739
 2461 0004 2033     		adds	r3, r3, #32
 2462 0006 0360     		str	r3, [r0]
1327:Drivers/STM32L0xx_HAL_Driver/Src/stm32l0xx_hal_rcc.c **** #endif /* RCC_HSI48_SUPPORT */
1328:Drivers/STM32L0xx_HAL_Driver/Src/stm32l0xx_hal_rcc.c **** 
1329:Drivers/STM32L0xx_HAL_Driver/Src/stm32l0xx_hal_rcc.c **** 
1330:Drivers/STM32L0xx_HAL_Driver/Src/stm32l0xx_hal_rcc.c ****   /* Get the HSE configuration -----------------------------------------------*/
1331:Drivers/STM32L0xx_HAL_Driver/Src/stm32l0xx_hal_rcc.c ****   if((RCC->CR &RCC_CR_HSEBYP) == RCC_CR_HSEBYP)
 2463              		.loc 1 1331 3 is_stmt 1 view .LVU740
 2464              		.loc 1 1331 10 is_stmt 0 view .LVU741
 2465 0008 344B     		ldr	r3, .L236
ARM GAS  /var/folders/d7/pb3dkhys6j3db_qtp_8v34p80000gn/T//ccnF7AbK.s 			page 78


 2466 000a 1B68     		ldr	r3, [r3]
 2467              		.loc 1 1331 5 view .LVU742
 2468 000c 5B03     		lsls	r3, r3, #13
 2469 000e 43D5     		bpl	.L222
1332:Drivers/STM32L0xx_HAL_Driver/Src/stm32l0xx_hal_rcc.c ****   {
1333:Drivers/STM32L0xx_HAL_Driver/Src/stm32l0xx_hal_rcc.c ****     RCC_OscInitStruct->HSEState = RCC_HSE_BYPASS;
 2470              		.loc 1 1333 5 is_stmt 1 view .LVU743
 2471              		.loc 1 1333 33 is_stmt 0 view .LVU744
 2472 0010 A023     		movs	r3, #160
 2473 0012 DB02     		lsls	r3, r3, #11
 2474 0014 4360     		str	r3, [r0, #4]
 2475              	.L223:
1334:Drivers/STM32L0xx_HAL_Driver/Src/stm32l0xx_hal_rcc.c ****   }
1335:Drivers/STM32L0xx_HAL_Driver/Src/stm32l0xx_hal_rcc.c ****   else if((RCC->CR &RCC_CR_HSEON) == RCC_CR_HSEON)
1336:Drivers/STM32L0xx_HAL_Driver/Src/stm32l0xx_hal_rcc.c ****   {
1337:Drivers/STM32L0xx_HAL_Driver/Src/stm32l0xx_hal_rcc.c ****     RCC_OscInitStruct->HSEState = RCC_HSE_ON;
1338:Drivers/STM32L0xx_HAL_Driver/Src/stm32l0xx_hal_rcc.c ****   }
1339:Drivers/STM32L0xx_HAL_Driver/Src/stm32l0xx_hal_rcc.c ****   else
1340:Drivers/STM32L0xx_HAL_Driver/Src/stm32l0xx_hal_rcc.c ****   {
1341:Drivers/STM32L0xx_HAL_Driver/Src/stm32l0xx_hal_rcc.c ****     RCC_OscInitStruct->HSEState = RCC_HSE_OFF;
1342:Drivers/STM32L0xx_HAL_Driver/Src/stm32l0xx_hal_rcc.c ****   }
1343:Drivers/STM32L0xx_HAL_Driver/Src/stm32l0xx_hal_rcc.c **** 
1344:Drivers/STM32L0xx_HAL_Driver/Src/stm32l0xx_hal_rcc.c ****   /* Get the HSI configuration -----------------------------------------------*/
1345:Drivers/STM32L0xx_HAL_Driver/Src/stm32l0xx_hal_rcc.c ****   if((RCC->CR &RCC_CR_HSION) == RCC_CR_HSION)
 2476              		.loc 1 1345 3 is_stmt 1 view .LVU745
 2477              		.loc 1 1345 10 is_stmt 0 view .LVU746
 2478 0016 314B     		ldr	r3, .L236
 2479 0018 1B68     		ldr	r3, [r3]
 2480              		.loc 1 1345 5 view .LVU747
 2481 001a DB07     		lsls	r3, r3, #31
 2482 001c 47D5     		bpl	.L225
1346:Drivers/STM32L0xx_HAL_Driver/Src/stm32l0xx_hal_rcc.c ****   {
1347:Drivers/STM32L0xx_HAL_Driver/Src/stm32l0xx_hal_rcc.c ****     RCC_OscInitStruct->HSIState = RCC_HSI_ON;
 2483              		.loc 1 1347 5 is_stmt 1 view .LVU748
 2484              		.loc 1 1347 33 is_stmt 0 view .LVU749
 2485 001e 0123     		movs	r3, #1
 2486 0020 C360     		str	r3, [r0, #12]
 2487              	.L226:
1348:Drivers/STM32L0xx_HAL_Driver/Src/stm32l0xx_hal_rcc.c ****   }
1349:Drivers/STM32L0xx_HAL_Driver/Src/stm32l0xx_hal_rcc.c ****   else
1350:Drivers/STM32L0xx_HAL_Driver/Src/stm32l0xx_hal_rcc.c ****   {
1351:Drivers/STM32L0xx_HAL_Driver/Src/stm32l0xx_hal_rcc.c ****     RCC_OscInitStruct->HSIState = RCC_HSI_OFF;
1352:Drivers/STM32L0xx_HAL_Driver/Src/stm32l0xx_hal_rcc.c ****   }
1353:Drivers/STM32L0xx_HAL_Driver/Src/stm32l0xx_hal_rcc.c **** 
1354:Drivers/STM32L0xx_HAL_Driver/Src/stm32l0xx_hal_rcc.c ****   RCC_OscInitStruct->HSICalibrationValue = (uint32_t)((RCC->ICSCR & RCC_ICSCR_HSITRIM) >> 8);
 2488              		.loc 1 1354 3 is_stmt 1 view .LVU750
 2489              		.loc 1 1354 59 is_stmt 0 view .LVU751
 2490 0022 2E49     		ldr	r1, .L236
 2491 0024 4A68     		ldr	r2, [r1, #4]
 2492              		.loc 1 1354 44 view .LVU752
 2493 0026 120A     		lsrs	r2, r2, #8
 2494 0028 1F23     		movs	r3, #31
 2495 002a 1340     		ands	r3, r2
 2496              		.loc 1 1354 42 view .LVU753
 2497 002c 0361     		str	r3, [r0, #16]
1355:Drivers/STM32L0xx_HAL_Driver/Src/stm32l0xx_hal_rcc.c **** 
1356:Drivers/STM32L0xx_HAL_Driver/Src/stm32l0xx_hal_rcc.c ****   /* Get the MSI configuration -----------------------------------------------*/
ARM GAS  /var/folders/d7/pb3dkhys6j3db_qtp_8v34p80000gn/T//ccnF7AbK.s 			page 79


1357:Drivers/STM32L0xx_HAL_Driver/Src/stm32l0xx_hal_rcc.c ****   if((RCC->CR &RCC_CR_MSION) == RCC_CR_MSION)
 2498              		.loc 1 1357 3 is_stmt 1 view .LVU754
 2499              		.loc 1 1357 10 is_stmt 0 view .LVU755
 2500 002e 0B68     		ldr	r3, [r1]
 2501              		.loc 1 1357 5 view .LVU756
 2502 0030 DB05     		lsls	r3, r3, #23
 2503 0032 3FD5     		bpl	.L227
1358:Drivers/STM32L0xx_HAL_Driver/Src/stm32l0xx_hal_rcc.c ****   {
1359:Drivers/STM32L0xx_HAL_Driver/Src/stm32l0xx_hal_rcc.c ****     RCC_OscInitStruct->MSIState = RCC_MSI_ON;
 2504              		.loc 1 1359 5 is_stmt 1 view .LVU757
 2505              		.loc 1 1359 33 is_stmt 0 view .LVU758
 2506 0034 0123     		movs	r3, #1
 2507 0036 C361     		str	r3, [r0, #28]
 2508              	.L228:
1360:Drivers/STM32L0xx_HAL_Driver/Src/stm32l0xx_hal_rcc.c ****   }
1361:Drivers/STM32L0xx_HAL_Driver/Src/stm32l0xx_hal_rcc.c ****   else
1362:Drivers/STM32L0xx_HAL_Driver/Src/stm32l0xx_hal_rcc.c ****   {
1363:Drivers/STM32L0xx_HAL_Driver/Src/stm32l0xx_hal_rcc.c ****     RCC_OscInitStruct->MSIState = RCC_MSI_OFF;
1364:Drivers/STM32L0xx_HAL_Driver/Src/stm32l0xx_hal_rcc.c ****   }
1365:Drivers/STM32L0xx_HAL_Driver/Src/stm32l0xx_hal_rcc.c **** 
1366:Drivers/STM32L0xx_HAL_Driver/Src/stm32l0xx_hal_rcc.c ****   RCC_OscInitStruct->MSICalibrationValue = (uint32_t)((RCC->ICSCR & RCC_ICSCR_MSITRIM) >> RCC_ICSCR
 2509              		.loc 1 1366 3 is_stmt 1 view .LVU759
 2510              		.loc 1 1366 59 is_stmt 0 view .LVU760
 2511 0038 284B     		ldr	r3, .L236
 2512 003a 5A68     		ldr	r2, [r3, #4]
 2513              		.loc 1 1366 44 view .LVU761
 2514 003c 120E     		lsrs	r2, r2, #24
 2515              		.loc 1 1366 42 view .LVU762
 2516 003e 0262     		str	r2, [r0, #32]
1367:Drivers/STM32L0xx_HAL_Driver/Src/stm32l0xx_hal_rcc.c ****   RCC_OscInitStruct->MSIClockRange = (uint32_t)((RCC->ICSCR & RCC_ICSCR_MSIRANGE));
 2517              		.loc 1 1367 3 is_stmt 1 view .LVU763
 2518              		.loc 1 1367 53 is_stmt 0 view .LVU764
 2519 0040 5A68     		ldr	r2, [r3, #4]
 2520              		.loc 1 1367 38 view .LVU765
 2521 0042 E021     		movs	r1, #224
 2522 0044 0902     		lsls	r1, r1, #8
 2523 0046 0A40     		ands	r2, r1
 2524              		.loc 1 1367 36 view .LVU766
 2525 0048 4262     		str	r2, [r0, #36]
1368:Drivers/STM32L0xx_HAL_Driver/Src/stm32l0xx_hal_rcc.c **** 
1369:Drivers/STM32L0xx_HAL_Driver/Src/stm32l0xx_hal_rcc.c ****   /* Get the LSE configuration -----------------------------------------------*/
1370:Drivers/STM32L0xx_HAL_Driver/Src/stm32l0xx_hal_rcc.c ****   if((RCC->CSR &RCC_CSR_LSEBYP) == RCC_CSR_LSEBYP)
 2526              		.loc 1 1370 3 is_stmt 1 view .LVU767
 2527              		.loc 1 1370 10 is_stmt 0 view .LVU768
 2528 004a 1B6D     		ldr	r3, [r3, #80]
 2529              		.loc 1 1370 5 view .LVU769
 2530 004c 5B05     		lsls	r3, r3, #21
 2531 004e 34D5     		bpl	.L229
1371:Drivers/STM32L0xx_HAL_Driver/Src/stm32l0xx_hal_rcc.c ****   {
1372:Drivers/STM32L0xx_HAL_Driver/Src/stm32l0xx_hal_rcc.c ****     RCC_OscInitStruct->LSEState = RCC_LSE_BYPASS;
 2532              		.loc 1 1372 5 is_stmt 1 view .LVU770
 2533              		.loc 1 1372 33 is_stmt 0 view .LVU771
 2534 0050 A023     		movs	r3, #160
 2535 0052 DB00     		lsls	r3, r3, #3
 2536 0054 8360     		str	r3, [r0, #8]
 2537              	.L230:
1373:Drivers/STM32L0xx_HAL_Driver/Src/stm32l0xx_hal_rcc.c ****   }
ARM GAS  /var/folders/d7/pb3dkhys6j3db_qtp_8v34p80000gn/T//ccnF7AbK.s 			page 80


1374:Drivers/STM32L0xx_HAL_Driver/Src/stm32l0xx_hal_rcc.c ****   else if((RCC->CSR &RCC_CSR_LSEON) == RCC_CSR_LSEON)
1375:Drivers/STM32L0xx_HAL_Driver/Src/stm32l0xx_hal_rcc.c ****   {
1376:Drivers/STM32L0xx_HAL_Driver/Src/stm32l0xx_hal_rcc.c ****     RCC_OscInitStruct->LSEState = RCC_LSE_ON;
1377:Drivers/STM32L0xx_HAL_Driver/Src/stm32l0xx_hal_rcc.c ****   }
1378:Drivers/STM32L0xx_HAL_Driver/Src/stm32l0xx_hal_rcc.c ****   else
1379:Drivers/STM32L0xx_HAL_Driver/Src/stm32l0xx_hal_rcc.c ****   {
1380:Drivers/STM32L0xx_HAL_Driver/Src/stm32l0xx_hal_rcc.c ****     RCC_OscInitStruct->LSEState = RCC_LSE_OFF;
1381:Drivers/STM32L0xx_HAL_Driver/Src/stm32l0xx_hal_rcc.c ****   }
1382:Drivers/STM32L0xx_HAL_Driver/Src/stm32l0xx_hal_rcc.c **** 
1383:Drivers/STM32L0xx_HAL_Driver/Src/stm32l0xx_hal_rcc.c ****   /* Get the LSI configuration -----------------------------------------------*/
1384:Drivers/STM32L0xx_HAL_Driver/Src/stm32l0xx_hal_rcc.c ****   if((RCC->CSR &RCC_CSR_LSION) == RCC_CSR_LSION)
 2538              		.loc 1 1384 3 is_stmt 1 view .LVU772
 2539              		.loc 1 1384 10 is_stmt 0 view .LVU773
 2540 0056 214B     		ldr	r3, .L236
 2541 0058 1B6D     		ldr	r3, [r3, #80]
 2542              		.loc 1 1384 5 view .LVU774
 2543 005a DB07     		lsls	r3, r3, #31
 2544 005c 38D5     		bpl	.L232
1385:Drivers/STM32L0xx_HAL_Driver/Src/stm32l0xx_hal_rcc.c ****   {
1386:Drivers/STM32L0xx_HAL_Driver/Src/stm32l0xx_hal_rcc.c ****     RCC_OscInitStruct->LSIState = RCC_LSI_ON;
 2545              		.loc 1 1386 5 is_stmt 1 view .LVU775
 2546              		.loc 1 1386 33 is_stmt 0 view .LVU776
 2547 005e 0123     		movs	r3, #1
 2548 0060 4361     		str	r3, [r0, #20]
 2549              	.L233:
1387:Drivers/STM32L0xx_HAL_Driver/Src/stm32l0xx_hal_rcc.c ****   }
1388:Drivers/STM32L0xx_HAL_Driver/Src/stm32l0xx_hal_rcc.c ****   else
1389:Drivers/STM32L0xx_HAL_Driver/Src/stm32l0xx_hal_rcc.c ****   {
1390:Drivers/STM32L0xx_HAL_Driver/Src/stm32l0xx_hal_rcc.c ****     RCC_OscInitStruct->LSIState = RCC_LSI_OFF;
1391:Drivers/STM32L0xx_HAL_Driver/Src/stm32l0xx_hal_rcc.c ****   }
1392:Drivers/STM32L0xx_HAL_Driver/Src/stm32l0xx_hal_rcc.c **** 
1393:Drivers/STM32L0xx_HAL_Driver/Src/stm32l0xx_hal_rcc.c **** #if defined(RCC_HSI48_SUPPORT)
1394:Drivers/STM32L0xx_HAL_Driver/Src/stm32l0xx_hal_rcc.c ****   /* Get the HSI48 configuration if any-----------------------------------------*/
1395:Drivers/STM32L0xx_HAL_Driver/Src/stm32l0xx_hal_rcc.c ****   RCC_OscInitStruct->HSI48State = __HAL_RCC_GET_HSI48_STATE();
 2550              		.loc 1 1395 3 is_stmt 1 view .LVU777
 2551              		.loc 1 1395 35 is_stmt 0 view .LVU778
 2552 0062 1E4A     		ldr	r2, .L236
 2553 0064 9168     		ldr	r1, [r2, #8]
 2554 0066 0123     		movs	r3, #1
 2555 0068 0B40     		ands	r3, r1
 2556              		.loc 1 1395 33 view .LVU779
 2557 006a 8361     		str	r3, [r0, #24]
1396:Drivers/STM32L0xx_HAL_Driver/Src/stm32l0xx_hal_rcc.c **** #endif /* RCC_HSI48_SUPPORT */
1397:Drivers/STM32L0xx_HAL_Driver/Src/stm32l0xx_hal_rcc.c **** 
1398:Drivers/STM32L0xx_HAL_Driver/Src/stm32l0xx_hal_rcc.c ****   /* Get the PLL configuration -----------------------------------------------*/
1399:Drivers/STM32L0xx_HAL_Driver/Src/stm32l0xx_hal_rcc.c ****   if((RCC->CR &RCC_CR_PLLON) == RCC_CR_PLLON)
 2558              		.loc 1 1399 3 is_stmt 1 view .LVU780
 2559              		.loc 1 1399 10 is_stmt 0 view .LVU781
 2560 006c 1368     		ldr	r3, [r2]
 2561              		.loc 1 1399 5 view .LVU782
 2562 006e DB01     		lsls	r3, r3, #7
 2563 0070 31D5     		bpl	.L234
1400:Drivers/STM32L0xx_HAL_Driver/Src/stm32l0xx_hal_rcc.c ****   {
1401:Drivers/STM32L0xx_HAL_Driver/Src/stm32l0xx_hal_rcc.c ****     RCC_OscInitStruct->PLL.PLLState = RCC_PLL_ON;
 2564              		.loc 1 1401 5 is_stmt 1 view .LVU783
 2565              		.loc 1 1401 37 is_stmt 0 view .LVU784
 2566 0072 0223     		movs	r3, #2
ARM GAS  /var/folders/d7/pb3dkhys6j3db_qtp_8v34p80000gn/T//ccnF7AbK.s 			page 81


 2567 0074 8362     		str	r3, [r0, #40]
 2568              	.L235:
1402:Drivers/STM32L0xx_HAL_Driver/Src/stm32l0xx_hal_rcc.c ****   }
1403:Drivers/STM32L0xx_HAL_Driver/Src/stm32l0xx_hal_rcc.c ****   else
1404:Drivers/STM32L0xx_HAL_Driver/Src/stm32l0xx_hal_rcc.c ****   {
1405:Drivers/STM32L0xx_HAL_Driver/Src/stm32l0xx_hal_rcc.c ****     RCC_OscInitStruct->PLL.PLLState = RCC_PLL_OFF;
1406:Drivers/STM32L0xx_HAL_Driver/Src/stm32l0xx_hal_rcc.c ****   }
1407:Drivers/STM32L0xx_HAL_Driver/Src/stm32l0xx_hal_rcc.c ****   RCC_OscInitStruct->PLL.PLLSource = (uint32_t)(RCC->CFGR & RCC_CFGR_PLLSRC);
 2569              		.loc 1 1407 3 is_stmt 1 view .LVU785
 2570              		.loc 1 1407 52 is_stmt 0 view .LVU786
 2571 0076 194B     		ldr	r3, .L236
 2572 0078 DA68     		ldr	r2, [r3, #12]
 2573              		.loc 1 1407 38 view .LVU787
 2574 007a 8021     		movs	r1, #128
 2575 007c 4902     		lsls	r1, r1, #9
 2576 007e 0A40     		ands	r2, r1
 2577              		.loc 1 1407 36 view .LVU788
 2578 0080 C262     		str	r2, [r0, #44]
1408:Drivers/STM32L0xx_HAL_Driver/Src/stm32l0xx_hal_rcc.c ****   RCC_OscInitStruct->PLL.PLLMUL = (uint32_t)(RCC->CFGR & RCC_CFGR_PLLMUL);
 2579              		.loc 1 1408 3 is_stmt 1 view .LVU789
 2580              		.loc 1 1408 49 is_stmt 0 view .LVU790
 2581 0082 DA68     		ldr	r2, [r3, #12]
 2582              		.loc 1 1408 35 view .LVU791
 2583 0084 F021     		movs	r1, #240
 2584 0086 8903     		lsls	r1, r1, #14
 2585 0088 0A40     		ands	r2, r1
 2586              		.loc 1 1408 33 view .LVU792
 2587 008a 0263     		str	r2, [r0, #48]
1409:Drivers/STM32L0xx_HAL_Driver/Src/stm32l0xx_hal_rcc.c ****   RCC_OscInitStruct->PLL.PLLDIV = (uint32_t)(RCC->CFGR & RCC_CFGR_PLLDIV);
 2588              		.loc 1 1409 3 is_stmt 1 view .LVU793
 2589              		.loc 1 1409 49 is_stmt 0 view .LVU794
 2590 008c DB68     		ldr	r3, [r3, #12]
 2591              		.loc 1 1409 35 view .LVU795
 2592 008e C022     		movs	r2, #192
 2593 0090 1204     		lsls	r2, r2, #16
 2594 0092 1340     		ands	r3, r2
 2595              		.loc 1 1409 33 view .LVU796
 2596 0094 4363     		str	r3, [r0, #52]
1410:Drivers/STM32L0xx_HAL_Driver/Src/stm32l0xx_hal_rcc.c **** }
 2597              		.loc 1 1410 1 view .LVU797
 2598              		@ sp needed
 2599 0096 7047     		bx	lr
 2600              	.L222:
1335:Drivers/STM32L0xx_HAL_Driver/Src/stm32l0xx_hal_rcc.c ****   {
 2601              		.loc 1 1335 8 is_stmt 1 view .LVU798
1335:Drivers/STM32L0xx_HAL_Driver/Src/stm32l0xx_hal_rcc.c ****   {
 2602              		.loc 1 1335 15 is_stmt 0 view .LVU799
 2603 0098 104B     		ldr	r3, .L236
 2604 009a 1B68     		ldr	r3, [r3]
1335:Drivers/STM32L0xx_HAL_Driver/Src/stm32l0xx_hal_rcc.c ****   {
 2605              		.loc 1 1335 10 view .LVU800
 2606 009c DB03     		lsls	r3, r3, #15
 2607 009e 03D5     		bpl	.L224
1337:Drivers/STM32L0xx_HAL_Driver/Src/stm32l0xx_hal_rcc.c ****   }
 2608              		.loc 1 1337 5 is_stmt 1 view .LVU801
1337:Drivers/STM32L0xx_HAL_Driver/Src/stm32l0xx_hal_rcc.c ****   }
 2609              		.loc 1 1337 33 is_stmt 0 view .LVU802
ARM GAS  /var/folders/d7/pb3dkhys6j3db_qtp_8v34p80000gn/T//ccnF7AbK.s 			page 82


 2610 00a0 8023     		movs	r3, #128
 2611 00a2 5B02     		lsls	r3, r3, #9
 2612 00a4 4360     		str	r3, [r0, #4]
 2613 00a6 B6E7     		b	.L223
 2614              	.L224:
1341:Drivers/STM32L0xx_HAL_Driver/Src/stm32l0xx_hal_rcc.c ****   }
 2615              		.loc 1 1341 5 is_stmt 1 view .LVU803
1341:Drivers/STM32L0xx_HAL_Driver/Src/stm32l0xx_hal_rcc.c ****   }
 2616              		.loc 1 1341 33 is_stmt 0 view .LVU804
 2617 00a8 0023     		movs	r3, #0
 2618 00aa 4360     		str	r3, [r0, #4]
 2619 00ac B3E7     		b	.L223
 2620              	.L225:
1351:Drivers/STM32L0xx_HAL_Driver/Src/stm32l0xx_hal_rcc.c ****   }
 2621              		.loc 1 1351 5 is_stmt 1 view .LVU805
1351:Drivers/STM32L0xx_HAL_Driver/Src/stm32l0xx_hal_rcc.c ****   }
 2622              		.loc 1 1351 33 is_stmt 0 view .LVU806
 2623 00ae 0023     		movs	r3, #0
 2624 00b0 C360     		str	r3, [r0, #12]
 2625 00b2 B6E7     		b	.L226
 2626              	.L227:
1363:Drivers/STM32L0xx_HAL_Driver/Src/stm32l0xx_hal_rcc.c ****   }
 2627              		.loc 1 1363 5 is_stmt 1 view .LVU807
1363:Drivers/STM32L0xx_HAL_Driver/Src/stm32l0xx_hal_rcc.c ****   }
 2628              		.loc 1 1363 33 is_stmt 0 view .LVU808
 2629 00b4 0023     		movs	r3, #0
 2630 00b6 C361     		str	r3, [r0, #28]
 2631 00b8 BEE7     		b	.L228
 2632              	.L229:
1374:Drivers/STM32L0xx_HAL_Driver/Src/stm32l0xx_hal_rcc.c ****   {
 2633              		.loc 1 1374 8 is_stmt 1 view .LVU809
1374:Drivers/STM32L0xx_HAL_Driver/Src/stm32l0xx_hal_rcc.c ****   {
 2634              		.loc 1 1374 15 is_stmt 0 view .LVU810
 2635 00ba 084B     		ldr	r3, .L236
 2636 00bc 1B6D     		ldr	r3, [r3, #80]
1374:Drivers/STM32L0xx_HAL_Driver/Src/stm32l0xx_hal_rcc.c ****   {
 2637              		.loc 1 1374 10 view .LVU811
 2638 00be DB05     		lsls	r3, r3, #23
 2639 00c0 03D5     		bpl	.L231
1376:Drivers/STM32L0xx_HAL_Driver/Src/stm32l0xx_hal_rcc.c ****   }
 2640              		.loc 1 1376 5 is_stmt 1 view .LVU812
1376:Drivers/STM32L0xx_HAL_Driver/Src/stm32l0xx_hal_rcc.c ****   }
 2641              		.loc 1 1376 33 is_stmt 0 view .LVU813
 2642 00c2 8023     		movs	r3, #128
 2643 00c4 5B00     		lsls	r3, r3, #1
 2644 00c6 8360     		str	r3, [r0, #8]
 2645 00c8 C5E7     		b	.L230
 2646              	.L231:
1380:Drivers/STM32L0xx_HAL_Driver/Src/stm32l0xx_hal_rcc.c ****   }
 2647              		.loc 1 1380 5 is_stmt 1 view .LVU814
1380:Drivers/STM32L0xx_HAL_Driver/Src/stm32l0xx_hal_rcc.c ****   }
 2648              		.loc 1 1380 33 is_stmt 0 view .LVU815
 2649 00ca 0023     		movs	r3, #0
 2650 00cc 8360     		str	r3, [r0, #8]
 2651 00ce C2E7     		b	.L230
 2652              	.L232:
1390:Drivers/STM32L0xx_HAL_Driver/Src/stm32l0xx_hal_rcc.c ****   }
ARM GAS  /var/folders/d7/pb3dkhys6j3db_qtp_8v34p80000gn/T//ccnF7AbK.s 			page 83


 2653              		.loc 1 1390 5 is_stmt 1 view .LVU816
1390:Drivers/STM32L0xx_HAL_Driver/Src/stm32l0xx_hal_rcc.c ****   }
 2654              		.loc 1 1390 33 is_stmt 0 view .LVU817
 2655 00d0 0023     		movs	r3, #0
 2656 00d2 4361     		str	r3, [r0, #20]
 2657 00d4 C5E7     		b	.L233
 2658              	.L234:
1405:Drivers/STM32L0xx_HAL_Driver/Src/stm32l0xx_hal_rcc.c ****   }
 2659              		.loc 1 1405 5 is_stmt 1 view .LVU818
1405:Drivers/STM32L0xx_HAL_Driver/Src/stm32l0xx_hal_rcc.c ****   }
 2660              		.loc 1 1405 37 is_stmt 0 view .LVU819
 2661 00d6 0123     		movs	r3, #1
 2662 00d8 8362     		str	r3, [r0, #40]
 2663 00da CCE7     		b	.L235
 2664              	.L237:
 2665              		.align	2
 2666              	.L236:
 2667 00dc 00100240 		.word	1073876992
 2668              		.cfi_endproc
 2669              	.LFE56:
 2671              		.section	.text.HAL_RCC_GetClockConfig,"ax",%progbits
 2672              		.align	1
 2673              		.global	HAL_RCC_GetClockConfig
 2674              		.syntax unified
 2675              		.code	16
 2676              		.thumb_func
 2678              	HAL_RCC_GetClockConfig:
 2679              	.LVL172:
 2680              	.LFB57:
1411:Drivers/STM32L0xx_HAL_Driver/Src/stm32l0xx_hal_rcc.c **** 
1412:Drivers/STM32L0xx_HAL_Driver/Src/stm32l0xx_hal_rcc.c **** /**
1413:Drivers/STM32L0xx_HAL_Driver/Src/stm32l0xx_hal_rcc.c ****   * @brief  Get the RCC_ClkInitStruct according to the internal
1414:Drivers/STM32L0xx_HAL_Driver/Src/stm32l0xx_hal_rcc.c ****   * RCC configuration registers.
1415:Drivers/STM32L0xx_HAL_Driver/Src/stm32l0xx_hal_rcc.c ****   * @param  RCC_ClkInitStruct pointer to an RCC_ClkInitTypeDef structure that
1416:Drivers/STM32L0xx_HAL_Driver/Src/stm32l0xx_hal_rcc.c ****   * contains the current clock configuration.
1417:Drivers/STM32L0xx_HAL_Driver/Src/stm32l0xx_hal_rcc.c ****   * @param  pFLatency Pointer on the Flash Latency.
1418:Drivers/STM32L0xx_HAL_Driver/Src/stm32l0xx_hal_rcc.c ****   * @retval None
1419:Drivers/STM32L0xx_HAL_Driver/Src/stm32l0xx_hal_rcc.c ****   */
1420:Drivers/STM32L0xx_HAL_Driver/Src/stm32l0xx_hal_rcc.c **** void HAL_RCC_GetClockConfig(RCC_ClkInitTypeDef  *RCC_ClkInitStruct, uint32_t *pFLatency)
1421:Drivers/STM32L0xx_HAL_Driver/Src/stm32l0xx_hal_rcc.c **** {
 2681              		.loc 1 1421 1 is_stmt 1 view -0
 2682              		.cfi_startproc
 2683              		@ args = 0, pretend = 0, frame = 0
 2684              		@ frame_needed = 0, uses_anonymous_args = 0
 2685              		.loc 1 1421 1 is_stmt 0 view .LVU821
 2686 0000 10B5     		push	{r4, lr}
 2687              	.LCFI10:
 2688              		.cfi_def_cfa_offset 8
 2689              		.cfi_offset 4, -8
 2690              		.cfi_offset 14, -4
1422:Drivers/STM32L0xx_HAL_Driver/Src/stm32l0xx_hal_rcc.c ****   /* Check the parameters */
1423:Drivers/STM32L0xx_HAL_Driver/Src/stm32l0xx_hal_rcc.c ****   assert_param(RCC_ClkInitStruct != (void *)NULL);
 2691              		.loc 1 1423 3 is_stmt 1 view .LVU822
1424:Drivers/STM32L0xx_HAL_Driver/Src/stm32l0xx_hal_rcc.c ****   assert_param(pFLatency != (void *)NULL);
 2692              		.loc 1 1424 3 view .LVU823
1425:Drivers/STM32L0xx_HAL_Driver/Src/stm32l0xx_hal_rcc.c **** 
1426:Drivers/STM32L0xx_HAL_Driver/Src/stm32l0xx_hal_rcc.c ****   /* Set all possible values for the Clock type parameter --------------------*/
ARM GAS  /var/folders/d7/pb3dkhys6j3db_qtp_8v34p80000gn/T//ccnF7AbK.s 			page 84


1427:Drivers/STM32L0xx_HAL_Driver/Src/stm32l0xx_hal_rcc.c ****   RCC_ClkInitStruct->ClockType = RCC_CLOCKTYPE_SYSCLK | RCC_CLOCKTYPE_HCLK | RCC_CLOCKTYPE_PCLK1 | 
 2693              		.loc 1 1427 3 view .LVU824
 2694              		.loc 1 1427 32 is_stmt 0 view .LVU825
 2695 0002 0F23     		movs	r3, #15
 2696 0004 0360     		str	r3, [r0]
1428:Drivers/STM32L0xx_HAL_Driver/Src/stm32l0xx_hal_rcc.c **** 
1429:Drivers/STM32L0xx_HAL_Driver/Src/stm32l0xx_hal_rcc.c ****   /* Get the SYSCLK configuration --------------------------------------------*/
1430:Drivers/STM32L0xx_HAL_Driver/Src/stm32l0xx_hal_rcc.c ****   RCC_ClkInitStruct->SYSCLKSource = (uint32_t)(RCC->CFGR & RCC_CFGR_SW);
 2697              		.loc 1 1430 3 is_stmt 1 view .LVU826
 2698              		.loc 1 1430 51 is_stmt 0 view .LVU827
 2699 0006 0C4B     		ldr	r3, .L239
 2700 0008 DC68     		ldr	r4, [r3, #12]
 2701              		.loc 1 1430 37 view .LVU828
 2702 000a 0322     		movs	r2, #3
 2703 000c 2240     		ands	r2, r4
 2704              		.loc 1 1430 35 view .LVU829
 2705 000e 4260     		str	r2, [r0, #4]
1431:Drivers/STM32L0xx_HAL_Driver/Src/stm32l0xx_hal_rcc.c **** 
1432:Drivers/STM32L0xx_HAL_Driver/Src/stm32l0xx_hal_rcc.c ****   /* Get the HCLK configuration ----------------------------------------------*/
1433:Drivers/STM32L0xx_HAL_Driver/Src/stm32l0xx_hal_rcc.c ****   RCC_ClkInitStruct->AHBCLKDivider = (uint32_t)(RCC->CFGR & RCC_CFGR_HPRE);
 2706              		.loc 1 1433 3 is_stmt 1 view .LVU830
 2707              		.loc 1 1433 52 is_stmt 0 view .LVU831
 2708 0010 DC68     		ldr	r4, [r3, #12]
 2709              		.loc 1 1433 38 view .LVU832
 2710 0012 F022     		movs	r2, #240
 2711 0014 2240     		ands	r2, r4
 2712              		.loc 1 1433 36 view .LVU833
 2713 0016 8260     		str	r2, [r0, #8]
1434:Drivers/STM32L0xx_HAL_Driver/Src/stm32l0xx_hal_rcc.c **** 
1435:Drivers/STM32L0xx_HAL_Driver/Src/stm32l0xx_hal_rcc.c ****   /* Get the APB1 configuration ----------------------------------------------*/
1436:Drivers/STM32L0xx_HAL_Driver/Src/stm32l0xx_hal_rcc.c ****   RCC_ClkInitStruct->APB1CLKDivider = (uint32_t)(RCC->CFGR & RCC_CFGR_PPRE1);
 2714              		.loc 1 1436 3 is_stmt 1 view .LVU834
 2715              		.loc 1 1436 53 is_stmt 0 view .LVU835
 2716 0018 DA68     		ldr	r2, [r3, #12]
 2717              		.loc 1 1436 39 view .LVU836
 2718 001a E024     		movs	r4, #224
 2719 001c E400     		lsls	r4, r4, #3
 2720 001e 2240     		ands	r2, r4
 2721              		.loc 1 1436 37 view .LVU837
 2722 0020 C260     		str	r2, [r0, #12]
1437:Drivers/STM32L0xx_HAL_Driver/Src/stm32l0xx_hal_rcc.c **** 
1438:Drivers/STM32L0xx_HAL_Driver/Src/stm32l0xx_hal_rcc.c ****   /* Get the APB2 configuration ----------------------------------------------*/
1439:Drivers/STM32L0xx_HAL_Driver/Src/stm32l0xx_hal_rcc.c ****   RCC_ClkInitStruct->APB2CLKDivider = (uint32_t)((RCC->CFGR & RCC_CFGR_PPRE2) >> 3);
 2723              		.loc 1 1439 3 is_stmt 1 view .LVU838
 2724              		.loc 1 1439 54 is_stmt 0 view .LVU839
 2725 0022 DB68     		ldr	r3, [r3, #12]
 2726              		.loc 1 1439 39 view .LVU840
 2727 0024 DB08     		lsrs	r3, r3, #3
 2728 0026 2340     		ands	r3, r4
 2729              		.loc 1 1439 37 view .LVU841
 2730 0028 0361     		str	r3, [r0, #16]
1440:Drivers/STM32L0xx_HAL_Driver/Src/stm32l0xx_hal_rcc.c **** 
1441:Drivers/STM32L0xx_HAL_Driver/Src/stm32l0xx_hal_rcc.c ****   /* Get the Flash Wait State (Latency) configuration ------------------------*/
1442:Drivers/STM32L0xx_HAL_Driver/Src/stm32l0xx_hal_rcc.c ****   *pFLatency = __HAL_FLASH_GET_LATENCY();
 2731              		.loc 1 1442 3 is_stmt 1 view .LVU842
 2732              		.loc 1 1442 16 is_stmt 0 view .LVU843
 2733 002a 044B     		ldr	r3, .L239+4
ARM GAS  /var/folders/d7/pb3dkhys6j3db_qtp_8v34p80000gn/T//ccnF7AbK.s 			page 85


 2734 002c 1A68     		ldr	r2, [r3]
 2735 002e 0123     		movs	r3, #1
 2736 0030 1340     		ands	r3, r2
 2737              		.loc 1 1442 14 view .LVU844
 2738 0032 0B60     		str	r3, [r1]
1443:Drivers/STM32L0xx_HAL_Driver/Src/stm32l0xx_hal_rcc.c **** }
 2739              		.loc 1 1443 1 view .LVU845
 2740              		@ sp needed
 2741 0034 10BD     		pop	{r4, pc}
 2742              	.L240:
 2743 0036 C046     		.align	2
 2744              	.L239:
 2745 0038 00100240 		.word	1073876992
 2746 003c 00200240 		.word	1073881088
 2747              		.cfi_endproc
 2748              	.LFE57:
 2750              		.section	.text.HAL_RCC_CSSCallback,"ax",%progbits
 2751              		.align	1
 2752              		.weak	HAL_RCC_CSSCallback
 2753              		.syntax unified
 2754              		.code	16
 2755              		.thumb_func
 2757              	HAL_RCC_CSSCallback:
 2758              	.LFB59:
1444:Drivers/STM32L0xx_HAL_Driver/Src/stm32l0xx_hal_rcc.c **** 
1445:Drivers/STM32L0xx_HAL_Driver/Src/stm32l0xx_hal_rcc.c **** #if defined(RCC_HSECSS_SUPPORT)
1446:Drivers/STM32L0xx_HAL_Driver/Src/stm32l0xx_hal_rcc.c **** /**
1447:Drivers/STM32L0xx_HAL_Driver/Src/stm32l0xx_hal_rcc.c ****   * @brief This function handles the RCC CSS interrupt request.
1448:Drivers/STM32L0xx_HAL_Driver/Src/stm32l0xx_hal_rcc.c ****   * @note This API should be called under the NMI_Handler().
1449:Drivers/STM32L0xx_HAL_Driver/Src/stm32l0xx_hal_rcc.c ****   * @retval None
1450:Drivers/STM32L0xx_HAL_Driver/Src/stm32l0xx_hal_rcc.c ****   */
1451:Drivers/STM32L0xx_HAL_Driver/Src/stm32l0xx_hal_rcc.c **** void HAL_RCC_NMI_IRQHandler(void)
1452:Drivers/STM32L0xx_HAL_Driver/Src/stm32l0xx_hal_rcc.c **** {
1453:Drivers/STM32L0xx_HAL_Driver/Src/stm32l0xx_hal_rcc.c ****   /* Check RCC CSSF flag  */
1454:Drivers/STM32L0xx_HAL_Driver/Src/stm32l0xx_hal_rcc.c ****   if(__HAL_RCC_GET_IT(RCC_IT_CSS))
1455:Drivers/STM32L0xx_HAL_Driver/Src/stm32l0xx_hal_rcc.c ****   {
1456:Drivers/STM32L0xx_HAL_Driver/Src/stm32l0xx_hal_rcc.c ****     /* RCC Clock Security System interrupt user callback */
1457:Drivers/STM32L0xx_HAL_Driver/Src/stm32l0xx_hal_rcc.c ****     HAL_RCC_CSSCallback();
1458:Drivers/STM32L0xx_HAL_Driver/Src/stm32l0xx_hal_rcc.c **** 
1459:Drivers/STM32L0xx_HAL_Driver/Src/stm32l0xx_hal_rcc.c ****     /* Clear RCC CSS pending bit */
1460:Drivers/STM32L0xx_HAL_Driver/Src/stm32l0xx_hal_rcc.c ****     __HAL_RCC_CLEAR_IT(RCC_IT_CSS);
1461:Drivers/STM32L0xx_HAL_Driver/Src/stm32l0xx_hal_rcc.c ****   }
1462:Drivers/STM32L0xx_HAL_Driver/Src/stm32l0xx_hal_rcc.c **** }
1463:Drivers/STM32L0xx_HAL_Driver/Src/stm32l0xx_hal_rcc.c **** 
1464:Drivers/STM32L0xx_HAL_Driver/Src/stm32l0xx_hal_rcc.c **** /**
1465:Drivers/STM32L0xx_HAL_Driver/Src/stm32l0xx_hal_rcc.c ****   * @brief  RCC Clock Security System interrupt callback
1466:Drivers/STM32L0xx_HAL_Driver/Src/stm32l0xx_hal_rcc.c ****   * @retval none
1467:Drivers/STM32L0xx_HAL_Driver/Src/stm32l0xx_hal_rcc.c ****   */
1468:Drivers/STM32L0xx_HAL_Driver/Src/stm32l0xx_hal_rcc.c **** __weak void HAL_RCC_CSSCallback(void)
1469:Drivers/STM32L0xx_HAL_Driver/Src/stm32l0xx_hal_rcc.c **** {
 2759              		.loc 1 1469 1 is_stmt 1 view -0
 2760              		.cfi_startproc
 2761              		@ args = 0, pretend = 0, frame = 0
 2762              		@ frame_needed = 0, uses_anonymous_args = 0
 2763              		@ link register save eliminated.
1470:Drivers/STM32L0xx_HAL_Driver/Src/stm32l0xx_hal_rcc.c ****   /* NOTE : This function Should not be modified, when the callback is needed,
1471:Drivers/STM32L0xx_HAL_Driver/Src/stm32l0xx_hal_rcc.c ****     the HAL_RCC_CSSCallback could be implemented in the user file
ARM GAS  /var/folders/d7/pb3dkhys6j3db_qtp_8v34p80000gn/T//ccnF7AbK.s 			page 86


1472:Drivers/STM32L0xx_HAL_Driver/Src/stm32l0xx_hal_rcc.c ****     */
1473:Drivers/STM32L0xx_HAL_Driver/Src/stm32l0xx_hal_rcc.c **** }
 2764              		.loc 1 1473 1 view .LVU847
 2765              		@ sp needed
 2766 0000 7047     		bx	lr
 2767              		.cfi_endproc
 2768              	.LFE59:
 2770              		.section	.text.HAL_RCC_NMI_IRQHandler,"ax",%progbits
 2771              		.align	1
 2772              		.global	HAL_RCC_NMI_IRQHandler
 2773              		.syntax unified
 2774              		.code	16
 2775              		.thumb_func
 2777              	HAL_RCC_NMI_IRQHandler:
 2778              	.LFB58:
1452:Drivers/STM32L0xx_HAL_Driver/Src/stm32l0xx_hal_rcc.c ****   /* Check RCC CSSF flag  */
 2779              		.loc 1 1452 1 view -0
 2780              		.cfi_startproc
 2781              		@ args = 0, pretend = 0, frame = 0
 2782              		@ frame_needed = 0, uses_anonymous_args = 0
 2783 0000 10B5     		push	{r4, lr}
 2784              	.LCFI11:
 2785              		.cfi_def_cfa_offset 8
 2786              		.cfi_offset 4, -8
 2787              		.cfi_offset 14, -4
1454:Drivers/STM32L0xx_HAL_Driver/Src/stm32l0xx_hal_rcc.c ****   {
 2788              		.loc 1 1454 3 view .LVU849
1454:Drivers/STM32L0xx_HAL_Driver/Src/stm32l0xx_hal_rcc.c ****   {
 2789              		.loc 1 1454 6 is_stmt 0 view .LVU850
 2790 0002 064B     		ldr	r3, .L246
 2791 0004 5B69     		ldr	r3, [r3, #20]
1454:Drivers/STM32L0xx_HAL_Driver/Src/stm32l0xx_hal_rcc.c ****   {
 2792              		.loc 1 1454 5 view .LVU851
 2793 0006 DB05     		lsls	r3, r3, #23
 2794 0008 00D4     		bmi	.L245
 2795              	.L242:
1462:Drivers/STM32L0xx_HAL_Driver/Src/stm32l0xx_hal_rcc.c **** 
 2796              		.loc 1 1462 1 view .LVU852
 2797              		@ sp needed
 2798 000a 10BD     		pop	{r4, pc}
 2799              	.L245:
1457:Drivers/STM32L0xx_HAL_Driver/Src/stm32l0xx_hal_rcc.c **** 
 2800              		.loc 1 1457 5 is_stmt 1 view .LVU853
 2801 000c FFF7FEFF 		bl	HAL_RCC_CSSCallback
 2802              	.LVL173:
1460:Drivers/STM32L0xx_HAL_Driver/Src/stm32l0xx_hal_rcc.c ****   }
 2803              		.loc 1 1460 5 view .LVU854
 2804 0010 024B     		ldr	r3, .L246
 2805 0012 8022     		movs	r2, #128
 2806 0014 5200     		lsls	r2, r2, #1
 2807 0016 9A61     		str	r2, [r3, #24]
1462:Drivers/STM32L0xx_HAL_Driver/Src/stm32l0xx_hal_rcc.c **** 
 2808              		.loc 1 1462 1 is_stmt 0 view .LVU855
 2809 0018 F7E7     		b	.L242
 2810              	.L247:
 2811 001a C046     		.align	2
 2812              	.L246:
ARM GAS  /var/folders/d7/pb3dkhys6j3db_qtp_8v34p80000gn/T//ccnF7AbK.s 			page 87


 2813 001c 00100240 		.word	1073876992
 2814              		.cfi_endproc
 2815              	.LFE58:
 2817              		.text
 2818              	.Letext0:
 2819              		.file 2 "/Applications/ArmGNUToolchain/14.3.rel1/arm-none-eabi/arm-none-eabi/include/machine/_defa
 2820              		.file 3 "/Applications/ArmGNUToolchain/14.3.rel1/arm-none-eabi/arm-none-eabi/include/sys/_stdint.h
 2821              		.file 4 "Drivers/CMSIS/Device/ST/STM32L0xx/Include/system_stm32l0xx.h"
 2822              		.file 5 "Drivers/CMSIS/Device/ST/STM32L0xx/Include/stm32l053xx.h"
 2823              		.file 6 "Drivers/CMSIS/Device/ST/STM32L0xx/Include/stm32l0xx.h"
 2824              		.file 7 "Drivers/STM32L0xx_HAL_Driver/Inc/stm32l0xx_hal_def.h"
 2825              		.file 8 "Drivers/STM32L0xx_HAL_Driver/Inc/stm32l0xx_hal_rcc.h"
 2826              		.file 9 "Drivers/STM32L0xx_HAL_Driver/Inc/stm32l0xx_hal_gpio.h"
 2827              		.file 10 "Drivers/STM32L0xx_HAL_Driver/Inc/stm32l0xx_hal.h"
 2828              		.file 11 "<built-in>"
ARM GAS  /var/folders/d7/pb3dkhys6j3db_qtp_8v34p80000gn/T//ccnF7AbK.s 			page 88


DEFINED SYMBOLS
                            *ABS*:00000000 stm32l0xx_hal_rcc.c
/var/folders/d7/pb3dkhys6j3db_qtp_8v34p80000gn/T//ccnF7AbK.s:19     .text.HAL_RCC_DeInit:00000000 $t
/var/folders/d7/pb3dkhys6j3db_qtp_8v34p80000gn/T//ccnF7AbK.s:25     .text.HAL_RCC_DeInit:00000000 HAL_RCC_DeInit
/var/folders/d7/pb3dkhys6j3db_qtp_8v34p80000gn/T//ccnF7AbK.s:221    .text.HAL_RCC_DeInit:000000c8 $d
/var/folders/d7/pb3dkhys6j3db_qtp_8v34p80000gn/T//ccnF7AbK.s:234    .text.HAL_RCC_MCOConfig:00000000 $t
/var/folders/d7/pb3dkhys6j3db_qtp_8v34p80000gn/T//ccnF7AbK.s:240    .text.HAL_RCC_MCOConfig:00000000 HAL_RCC_MCOConfig
/var/folders/d7/pb3dkhys6j3db_qtp_8v34p80000gn/T//ccnF7AbK.s:406    .text.HAL_RCC_MCOConfig:0000009c $d
/var/folders/d7/pb3dkhys6j3db_qtp_8v34p80000gn/T//ccnF7AbK.s:413    .text.HAL_RCC_EnableCSS:00000000 $t
/var/folders/d7/pb3dkhys6j3db_qtp_8v34p80000gn/T//ccnF7AbK.s:419    .text.HAL_RCC_EnableCSS:00000000 HAL_RCC_EnableCSS
/var/folders/d7/pb3dkhys6j3db_qtp_8v34p80000gn/T//ccnF7AbK.s:439    .text.HAL_RCC_EnableCSS:00000010 $d
/var/folders/d7/pb3dkhys6j3db_qtp_8v34p80000gn/T//ccnF7AbK.s:444    .text.HAL_RCC_GetSysClockFreq:00000000 $t
/var/folders/d7/pb3dkhys6j3db_qtp_8v34p80000gn/T//ccnF7AbK.s:450    .text.HAL_RCC_GetSysClockFreq:00000000 HAL_RCC_GetSysClockFreq
/var/folders/d7/pb3dkhys6j3db_qtp_8v34p80000gn/T//ccnF7AbK.s:610    .text.HAL_RCC_GetSysClockFreq:0000009c $d
/var/folders/d7/pb3dkhys6j3db_qtp_8v34p80000gn/T//ccnF7AbK.s:619    .text.HAL_RCC_OscConfig:00000000 $t
/var/folders/d7/pb3dkhys6j3db_qtp_8v34p80000gn/T//ccnF7AbK.s:625    .text.HAL_RCC_OscConfig:00000000 HAL_RCC_OscConfig
/var/folders/d7/pb3dkhys6j3db_qtp_8v34p80000gn/T//ccnF7AbK.s:1358   .text.HAL_RCC_OscConfig:00000310 $d
/var/folders/d7/pb3dkhys6j3db_qtp_8v34p80000gn/T//ccnF7AbK.s:1372   .text.HAL_RCC_OscConfig:0000033c $t
/var/folders/d7/pb3dkhys6j3db_qtp_8v34p80000gn/T//ccnF7AbK.s:1875   .text.HAL_RCC_OscConfig:00000560 $d
/var/folders/d7/pb3dkhys6j3db_qtp_8v34p80000gn/T//ccnF7AbK.s:1889   .text.HAL_RCC_ClockConfig:00000000 $t
/var/folders/d7/pb3dkhys6j3db_qtp_8v34p80000gn/T//ccnF7AbK.s:1895   .text.HAL_RCC_ClockConfig:00000000 HAL_RCC_ClockConfig
/var/folders/d7/pb3dkhys6j3db_qtp_8v34p80000gn/T//ccnF7AbK.s:2309   .text.HAL_RCC_ClockConfig:000001b8 $d
/var/folders/d7/pb3dkhys6j3db_qtp_8v34p80000gn/T//ccnF7AbK.s:2321   .text.HAL_RCC_GetHCLKFreq:00000000 $t
/var/folders/d7/pb3dkhys6j3db_qtp_8v34p80000gn/T//ccnF7AbK.s:2327   .text.HAL_RCC_GetHCLKFreq:00000000 HAL_RCC_GetHCLKFreq
/var/folders/d7/pb3dkhys6j3db_qtp_8v34p80000gn/T//ccnF7AbK.s:2345   .text.HAL_RCC_GetHCLKFreq:00000008 $d
/var/folders/d7/pb3dkhys6j3db_qtp_8v34p80000gn/T//ccnF7AbK.s:2350   .text.HAL_RCC_GetPCLK1Freq:00000000 $t
/var/folders/d7/pb3dkhys6j3db_qtp_8v34p80000gn/T//ccnF7AbK.s:2356   .text.HAL_RCC_GetPCLK1Freq:00000000 HAL_RCC_GetPCLK1Freq
/var/folders/d7/pb3dkhys6j3db_qtp_8v34p80000gn/T//ccnF7AbK.s:2389   .text.HAL_RCC_GetPCLK1Freq:00000018 $d
/var/folders/d7/pb3dkhys6j3db_qtp_8v34p80000gn/T//ccnF7AbK.s:2395   .text.HAL_RCC_GetPCLK2Freq:00000000 $t
/var/folders/d7/pb3dkhys6j3db_qtp_8v34p80000gn/T//ccnF7AbK.s:2401   .text.HAL_RCC_GetPCLK2Freq:00000000 HAL_RCC_GetPCLK2Freq
/var/folders/d7/pb3dkhys6j3db_qtp_8v34p80000gn/T//ccnF7AbK.s:2434   .text.HAL_RCC_GetPCLK2Freq:00000018 $d
/var/folders/d7/pb3dkhys6j3db_qtp_8v34p80000gn/T//ccnF7AbK.s:2440   .text.HAL_RCC_GetOscConfig:00000000 $t
/var/folders/d7/pb3dkhys6j3db_qtp_8v34p80000gn/T//ccnF7AbK.s:2446   .text.HAL_RCC_GetOscConfig:00000000 HAL_RCC_GetOscConfig
/var/folders/d7/pb3dkhys6j3db_qtp_8v34p80000gn/T//ccnF7AbK.s:2667   .text.HAL_RCC_GetOscConfig:000000dc $d
/var/folders/d7/pb3dkhys6j3db_qtp_8v34p80000gn/T//ccnF7AbK.s:2672   .text.HAL_RCC_GetClockConfig:00000000 $t
/var/folders/d7/pb3dkhys6j3db_qtp_8v34p80000gn/T//ccnF7AbK.s:2678   .text.HAL_RCC_GetClockConfig:00000000 HAL_RCC_GetClockConfig
/var/folders/d7/pb3dkhys6j3db_qtp_8v34p80000gn/T//ccnF7AbK.s:2745   .text.HAL_RCC_GetClockConfig:00000038 $d
/var/folders/d7/pb3dkhys6j3db_qtp_8v34p80000gn/T//ccnF7AbK.s:2751   .text.HAL_RCC_CSSCallback:00000000 $t
/var/folders/d7/pb3dkhys6j3db_qtp_8v34p80000gn/T//ccnF7AbK.s:2757   .text.HAL_RCC_CSSCallback:00000000 HAL_RCC_CSSCallback
/var/folders/d7/pb3dkhys6j3db_qtp_8v34p80000gn/T//ccnF7AbK.s:2771   .text.HAL_RCC_NMI_IRQHandler:00000000 $t
/var/folders/d7/pb3dkhys6j3db_qtp_8v34p80000gn/T//ccnF7AbK.s:2777   .text.HAL_RCC_NMI_IRQHandler:00000000 HAL_RCC_NMI_IRQHandler
/var/folders/d7/pb3dkhys6j3db_qtp_8v34p80000gn/T//ccnF7AbK.s:2813   .text.HAL_RCC_NMI_IRQHandler:0000001c $d

UNDEFINED SYMBOLS
HAL_GetTick
HAL_InitTick
SystemCoreClock
uwTickPrio
memset
HAL_GPIO_Init
__aeabi_uidiv
PLLMulTable
AHBPrescTable
APBPrescTable
