ARM GAS  /var/folders/d7/pb3dkhys6j3db_qtp_8v34p80000gn/T//cc56OpCZ.s 			page 1


   1              		.cpu cortex-m0plus
   2              		.arch armv6s-m
   3              		.fpu softvfp
   4              		.eabi_attribute 20, 1
   5              		.eabi_attribute 21, 1
   6              		.eabi_attribute 23, 3
   7              		.eabi_attribute 24, 1
   8              		.eabi_attribute 25, 1
   9              		.eabi_attribute 26, 1
  10              		.eabi_attribute 30, 1
  11              		.eabi_attribute 34, 0
  12              		.eabi_attribute 18, 4
  13              		.file	"stm32l0xx_hal_dac.c"
  14              		.text
  15              	.Ltext0:
  16              		.cfi_sections	.debug_frame
  17              		.file 1 "Drivers/STM32L0xx_HAL_Driver/Src/stm32l0xx_hal_dac.c"
  18              		.section	.text.HAL_DAC_MspInit,"ax",%progbits
  19              		.align	1
  20              		.weak	HAL_DAC_MspInit
  21              		.syntax unified
  22              		.code	16
  23              		.thumb_func
  25              	HAL_DAC_MspInit:
  26              	.LVL0:
  27              	.LFB49:
   1:Drivers/STM32L0xx_HAL_Driver/Src/stm32l0xx_hal_dac.c **** /**
   2:Drivers/STM32L0xx_HAL_Driver/Src/stm32l0xx_hal_dac.c ****   ******************************************************************************
   3:Drivers/STM32L0xx_HAL_Driver/Src/stm32l0xx_hal_dac.c ****   * @file    stm32l0xx_hal_dac.c
   4:Drivers/STM32L0xx_HAL_Driver/Src/stm32l0xx_hal_dac.c ****   * @author  MCD Application Team
   5:Drivers/STM32L0xx_HAL_Driver/Src/stm32l0xx_hal_dac.c ****   * @brief   DAC HAL module driver.
   6:Drivers/STM32L0xx_HAL_Driver/Src/stm32l0xx_hal_dac.c ****   *         This file provides firmware functions to manage the following
   7:Drivers/STM32L0xx_HAL_Driver/Src/stm32l0xx_hal_dac.c ****   *         functionalities of the Digital to Analog Converter (DAC) peripheral:
   8:Drivers/STM32L0xx_HAL_Driver/Src/stm32l0xx_hal_dac.c ****   *           + Initialization and de-initialization functions
   9:Drivers/STM32L0xx_HAL_Driver/Src/stm32l0xx_hal_dac.c ****   *           + Peripheral Control functions
  10:Drivers/STM32L0xx_HAL_Driver/Src/stm32l0xx_hal_dac.c ****   *           + Peripheral State and Errors functions
  11:Drivers/STM32L0xx_HAL_Driver/Src/stm32l0xx_hal_dac.c ****   *
  12:Drivers/STM32L0xx_HAL_Driver/Src/stm32l0xx_hal_dac.c ****   *
  13:Drivers/STM32L0xx_HAL_Driver/Src/stm32l0xx_hal_dac.c ****   ******************************************************************************
  14:Drivers/STM32L0xx_HAL_Driver/Src/stm32l0xx_hal_dac.c ****   * @attention
  15:Drivers/STM32L0xx_HAL_Driver/Src/stm32l0xx_hal_dac.c ****   *
  16:Drivers/STM32L0xx_HAL_Driver/Src/stm32l0xx_hal_dac.c ****   * Copyright (c) 2016 STMicroelectronics.
  17:Drivers/STM32L0xx_HAL_Driver/Src/stm32l0xx_hal_dac.c ****   * All rights reserved.
  18:Drivers/STM32L0xx_HAL_Driver/Src/stm32l0xx_hal_dac.c ****   *
  19:Drivers/STM32L0xx_HAL_Driver/Src/stm32l0xx_hal_dac.c ****   * This software is licensed under terms that can be found in the LICENSE file
  20:Drivers/STM32L0xx_HAL_Driver/Src/stm32l0xx_hal_dac.c ****   * in the root directory of this software component.
  21:Drivers/STM32L0xx_HAL_Driver/Src/stm32l0xx_hal_dac.c ****   * If no LICENSE file comes with this software, it is provided AS-IS.
  22:Drivers/STM32L0xx_HAL_Driver/Src/stm32l0xx_hal_dac.c ****   *
  23:Drivers/STM32L0xx_HAL_Driver/Src/stm32l0xx_hal_dac.c ****   ******************************************************************************
  24:Drivers/STM32L0xx_HAL_Driver/Src/stm32l0xx_hal_dac.c ****   @verbatim
  25:Drivers/STM32L0xx_HAL_Driver/Src/stm32l0xx_hal_dac.c ****   ==============================================================================
  26:Drivers/STM32L0xx_HAL_Driver/Src/stm32l0xx_hal_dac.c ****                       ##### DAC Peripheral features #####
  27:Drivers/STM32L0xx_HAL_Driver/Src/stm32l0xx_hal_dac.c ****   ==============================================================================
  28:Drivers/STM32L0xx_HAL_Driver/Src/stm32l0xx_hal_dac.c ****     [..]
  29:Drivers/STM32L0xx_HAL_Driver/Src/stm32l0xx_hal_dac.c ****       *** DAC Channels ***
  30:Drivers/STM32L0xx_HAL_Driver/Src/stm32l0xx_hal_dac.c ****       ====================
  31:Drivers/STM32L0xx_HAL_Driver/Src/stm32l0xx_hal_dac.c ****     [..]
ARM GAS  /var/folders/d7/pb3dkhys6j3db_qtp_8v34p80000gn/T//cc56OpCZ.s 			page 2


  32:Drivers/STM32L0xx_HAL_Driver/Src/stm32l0xx_hal_dac.c ****     STM32L0 devices integrate one or two 12-bit Digital Analog Converters
  33:Drivers/STM32L0xx_HAL_Driver/Src/stm32l0xx_hal_dac.c ****     (i.e. one or 2 channel(s))
  34:Drivers/STM32L0xx_HAL_Driver/Src/stm32l0xx_hal_dac.c ****     1 channel : STM32L05x STM32L06x devices
  35:Drivers/STM32L0xx_HAL_Driver/Src/stm32l0xx_hal_dac.c ****     2 channels: STM32L07x STM32L08x devices
  36:Drivers/STM32L0xx_HAL_Driver/Src/stm32l0xx_hal_dac.c **** 
  37:Drivers/STM32L0xx_HAL_Driver/Src/stm32l0xx_hal_dac.c ****     When 2 channels are available, the 2 converters (i.e. channel1 & channel2)
  38:Drivers/STM32L0xx_HAL_Driver/Src/stm32l0xx_hal_dac.c ****     can be used independently or simultaneously (dual mode):
  39:Drivers/STM32L0xx_HAL_Driver/Src/stm32l0xx_hal_dac.c ****       (#) DAC channel1 with DAC_OUT1 (PA4) as output
  40:Drivers/STM32L0xx_HAL_Driver/Src/stm32l0xx_hal_dac.c ****       (#) DAC channel2 with DAC_OUT2 (PA5) as output (STM32L07x/STM32L08x only)
  41:Drivers/STM32L0xx_HAL_Driver/Src/stm32l0xx_hal_dac.c ****       (#) Channel1 & channel2 can be used independently or simultaneously in dual mode (STM32L07x/S
  42:Drivers/STM32L0xx_HAL_Driver/Src/stm32l0xx_hal_dac.c **** 
  43:Drivers/STM32L0xx_HAL_Driver/Src/stm32l0xx_hal_dac.c ****       *** DAC Triggers ***
  44:Drivers/STM32L0xx_HAL_Driver/Src/stm32l0xx_hal_dac.c ****       ====================
  45:Drivers/STM32L0xx_HAL_Driver/Src/stm32l0xx_hal_dac.c ****     [..]
  46:Drivers/STM32L0xx_HAL_Driver/Src/stm32l0xx_hal_dac.c ****     Digital to Analog conversion can be non-triggered using DAC_TRIGGER_NONE
  47:Drivers/STM32L0xx_HAL_Driver/Src/stm32l0xx_hal_dac.c ****     and DAC_OUT1/DAC_OUT2 is available once writing to DHRx register.
  48:Drivers/STM32L0xx_HAL_Driver/Src/stm32l0xx_hal_dac.c ****     [..]
  49:Drivers/STM32L0xx_HAL_Driver/Src/stm32l0xx_hal_dac.c ****     Digital to Analog conversion can be triggered by:
  50:Drivers/STM32L0xx_HAL_Driver/Src/stm32l0xx_hal_dac.c ****       (#) External event: EXTI Line 9 (any GPIOx_PIN_9) using DAC_TRIGGER_EXT_IT9.
  51:Drivers/STM32L0xx_HAL_Driver/Src/stm32l0xx_hal_dac.c ****           The used pin (GPIOx_PIN_9) must be configured in input mode.
  52:Drivers/STM32L0xx_HAL_Driver/Src/stm32l0xx_hal_dac.c **** 
  53:Drivers/STM32L0xx_HAL_Driver/Src/stm32l0xx_hal_dac.c ****       (#) Timers TRGO:
  54:Drivers/STM32L0xx_HAL_Driver/Src/stm32l0xx_hal_dac.c ****           STM32L05x/STM32L06x : TIM2, TIM6 and TIM21
  55:Drivers/STM32L0xx_HAL_Driver/Src/stm32l0xx_hal_dac.c ****           STM32L07x/STM32L08x : TIM2, TIM3, TIM6, TIM7 and TIM21
  56:Drivers/STM32L0xx_HAL_Driver/Src/stm32l0xx_hal_dac.c ****           (DAC_TRIGGER_T2_TRGO, DAC_TRIGGER_T6_TRGO...)
  57:Drivers/STM32L0xx_HAL_Driver/Src/stm32l0xx_hal_dac.c **** 
  58:Drivers/STM32L0xx_HAL_Driver/Src/stm32l0xx_hal_dac.c ****       (#) Software using DAC_TRIGGER_SOFTWARE
  59:Drivers/STM32L0xx_HAL_Driver/Src/stm32l0xx_hal_dac.c **** 
  60:Drivers/STM32L0xx_HAL_Driver/Src/stm32l0xx_hal_dac.c ****       *** DAC Buffer mode feature ***
  61:Drivers/STM32L0xx_HAL_Driver/Src/stm32l0xx_hal_dac.c ****       ===============================
  62:Drivers/STM32L0xx_HAL_Driver/Src/stm32l0xx_hal_dac.c ****       [..]
  63:Drivers/STM32L0xx_HAL_Driver/Src/stm32l0xx_hal_dac.c ****       Each DAC channel integrates an output buffer that can be used to
  64:Drivers/STM32L0xx_HAL_Driver/Src/stm32l0xx_hal_dac.c ****       reduce the output impedance, and to drive external loads directly
  65:Drivers/STM32L0xx_HAL_Driver/Src/stm32l0xx_hal_dac.c ****       without having to add an external operational amplifier.
  66:Drivers/STM32L0xx_HAL_Driver/Src/stm32l0xx_hal_dac.c ****       To enable, the output buffer use
  67:Drivers/STM32L0xx_HAL_Driver/Src/stm32l0xx_hal_dac.c ****       sConfig.DAC_OutputBuffer = DAC_OUTPUTBUFFER_ENABLE;
  68:Drivers/STM32L0xx_HAL_Driver/Src/stm32l0xx_hal_dac.c ****       [..]
  69:Drivers/STM32L0xx_HAL_Driver/Src/stm32l0xx_hal_dac.c ****       (@) Refer to the device datasheet for more details about output
  70:Drivers/STM32L0xx_HAL_Driver/Src/stm32l0xx_hal_dac.c ****           impedance value with and without output buffer.
  71:Drivers/STM32L0xx_HAL_Driver/Src/stm32l0xx_hal_dac.c **** 
  72:Drivers/STM32L0xx_HAL_Driver/Src/stm32l0xx_hal_dac.c ****        *** DAC wave generation feature ***
  73:Drivers/STM32L0xx_HAL_Driver/Src/stm32l0xx_hal_dac.c ****        ===================================
  74:Drivers/STM32L0xx_HAL_Driver/Src/stm32l0xx_hal_dac.c ****        [..]
  75:Drivers/STM32L0xx_HAL_Driver/Src/stm32l0xx_hal_dac.c ****        Both DAC channels can be used to generate
  76:Drivers/STM32L0xx_HAL_Driver/Src/stm32l0xx_hal_dac.c ****          (#) Noise wave using HAL_DACEx_NoiseWaveGenerate()
  77:Drivers/STM32L0xx_HAL_Driver/Src/stm32l0xx_hal_dac.c ****          (#) Triangle wave using HAL_DACEx_TriangleWaveGenerate()
  78:Drivers/STM32L0xx_HAL_Driver/Src/stm32l0xx_hal_dac.c **** 
  79:Drivers/STM32L0xx_HAL_Driver/Src/stm32l0xx_hal_dac.c ****        *** DAC data format ***
  80:Drivers/STM32L0xx_HAL_Driver/Src/stm32l0xx_hal_dac.c ****        =======================
  81:Drivers/STM32L0xx_HAL_Driver/Src/stm32l0xx_hal_dac.c ****        [..]
  82:Drivers/STM32L0xx_HAL_Driver/Src/stm32l0xx_hal_dac.c ****        The DAC data format can be:
  83:Drivers/STM32L0xx_HAL_Driver/Src/stm32l0xx_hal_dac.c ****          (#) 8-bit right alignment using DAC_ALIGN_8B_R
  84:Drivers/STM32L0xx_HAL_Driver/Src/stm32l0xx_hal_dac.c ****          (#) 12-bit left alignment using DAC_ALIGN_12B_L
  85:Drivers/STM32L0xx_HAL_Driver/Src/stm32l0xx_hal_dac.c ****          (#) 12-bit right alignment using DAC_ALIGN_12B_R
  86:Drivers/STM32L0xx_HAL_Driver/Src/stm32l0xx_hal_dac.c **** 
  87:Drivers/STM32L0xx_HAL_Driver/Src/stm32l0xx_hal_dac.c ****        *** DAC data value to voltage correspondence ***
  88:Drivers/STM32L0xx_HAL_Driver/Src/stm32l0xx_hal_dac.c ****        ================================================
ARM GAS  /var/folders/d7/pb3dkhys6j3db_qtp_8v34p80000gn/T//cc56OpCZ.s 			page 3


  89:Drivers/STM32L0xx_HAL_Driver/Src/stm32l0xx_hal_dac.c ****        [..]
  90:Drivers/STM32L0xx_HAL_Driver/Src/stm32l0xx_hal_dac.c ****        The analog output voltage on each DAC channel pin is determined
  91:Drivers/STM32L0xx_HAL_Driver/Src/stm32l0xx_hal_dac.c ****        by the following equation:
  92:Drivers/STM32L0xx_HAL_Driver/Src/stm32l0xx_hal_dac.c ****        [..]
  93:Drivers/STM32L0xx_HAL_Driver/Src/stm32l0xx_hal_dac.c ****        DAC_OUTx = VREF+ * DOR / 4095
  94:Drivers/STM32L0xx_HAL_Driver/Src/stm32l0xx_hal_dac.c ****        (+) with  DOR is the Data Output Register
  95:Drivers/STM32L0xx_HAL_Driver/Src/stm32l0xx_hal_dac.c ****        [..]
  96:Drivers/STM32L0xx_HAL_Driver/Src/stm32l0xx_hal_dac.c ****           VEF+ is the input voltage reference (refer to the device datasheet)
  97:Drivers/STM32L0xx_HAL_Driver/Src/stm32l0xx_hal_dac.c ****        [..]
  98:Drivers/STM32L0xx_HAL_Driver/Src/stm32l0xx_hal_dac.c ****         e.g. To set DAC_OUT1 to 0.7V, use
  99:Drivers/STM32L0xx_HAL_Driver/Src/stm32l0xx_hal_dac.c ****        (+) Assuming that VREF+ = 3.3V, DAC_OUT1 = (3.3 * 868) / 4095 = 0.7V
 100:Drivers/STM32L0xx_HAL_Driver/Src/stm32l0xx_hal_dac.c **** 
 101:Drivers/STM32L0xx_HAL_Driver/Src/stm32l0xx_hal_dac.c ****        *** DMA requests  ***
 102:Drivers/STM32L0xx_HAL_Driver/Src/stm32l0xx_hal_dac.c ****        =====================
 103:Drivers/STM32L0xx_HAL_Driver/Src/stm32l0xx_hal_dac.c ****        [..]
 104:Drivers/STM32L0xx_HAL_Driver/Src/stm32l0xx_hal_dac.c ****        A DMA1 request can be generated when an external trigger (but not a software trigger)
 105:Drivers/STM32L0xx_HAL_Driver/Src/stm32l0xx_hal_dac.c ****        occurs if DMA1 requests are enabled using HAL_DAC_Start_DMA().
 106:Drivers/STM32L0xx_HAL_Driver/Src/stm32l0xx_hal_dac.c ****        DMA1 requests are mapped as following:
 107:Drivers/STM32L0xx_HAL_Driver/Src/stm32l0xx_hal_dac.c ****          (#) DAC channel1 : mapped on DMA1 Request9 channel2 which must be
 108:Drivers/STM32L0xx_HAL_Driver/Src/stm32l0xx_hal_dac.c ****              already configured
 109:Drivers/STM32L0xx_HAL_Driver/Src/stm32l0xx_hal_dac.c ****          (#) DAC channel2 : mapped on DMA1 Request15 channel4 which must be
 110:Drivers/STM32L0xx_HAL_Driver/Src/stm32l0xx_hal_dac.c ****              already configured (STM32L07x/STM32L08x only)
 111:Drivers/STM32L0xx_HAL_Driver/Src/stm32l0xx_hal_dac.c **** 
 112:Drivers/STM32L0xx_HAL_Driver/Src/stm32l0xx_hal_dac.c ****     -@- For Dual mode (STM32L07x/STM32L08x only) and specific signal (Triangle and noise) generatio
 113:Drivers/STM32L0xx_HAL_Driver/Src/stm32l0xx_hal_dac.c ****         refer to Extension Features Driver description
 114:Drivers/STM32L0xx_HAL_Driver/Src/stm32l0xx_hal_dac.c **** 
 115:Drivers/STM32L0xx_HAL_Driver/Src/stm32l0xx_hal_dac.c **** 
 116:Drivers/STM32L0xx_HAL_Driver/Src/stm32l0xx_hal_dac.c ****                       ##### How to use this driver #####
 117:Drivers/STM32L0xx_HAL_Driver/Src/stm32l0xx_hal_dac.c ****   ==============================================================================
 118:Drivers/STM32L0xx_HAL_Driver/Src/stm32l0xx_hal_dac.c ****     [..]
 119:Drivers/STM32L0xx_HAL_Driver/Src/stm32l0xx_hal_dac.c ****       (+) DAC APB clock must be enabled to get write access to DAC
 120:Drivers/STM32L0xx_HAL_Driver/Src/stm32l0xx_hal_dac.c ****           registers using HAL_DAC_Init()
 121:Drivers/STM32L0xx_HAL_Driver/Src/stm32l0xx_hal_dac.c ****       (+) Configure DAC_OUT1: PA4 in analog mode.
 122:Drivers/STM32L0xx_HAL_Driver/Src/stm32l0xx_hal_dac.c ****       (+) Configure DAC_OUT2: PA5 in analog mode (STM32L07x/STM32L08x only).
 123:Drivers/STM32L0xx_HAL_Driver/Src/stm32l0xx_hal_dac.c ****       (+) Configure the DAC channel using HAL_DAC_ConfigChannel() function.
 124:Drivers/STM32L0xx_HAL_Driver/Src/stm32l0xx_hal_dac.c ****       (+) Enable the DAC channel using HAL_DAC_Start() or HAL_DAC_Start_DMA functions
 125:Drivers/STM32L0xx_HAL_Driver/Src/stm32l0xx_hal_dac.c **** 
 126:Drivers/STM32L0xx_HAL_Driver/Src/stm32l0xx_hal_dac.c ****      *** Polling mode IO operation ***
 127:Drivers/STM32L0xx_HAL_Driver/Src/stm32l0xx_hal_dac.c ****      =================================
 128:Drivers/STM32L0xx_HAL_Driver/Src/stm32l0xx_hal_dac.c ****      [..]
 129:Drivers/STM32L0xx_HAL_Driver/Src/stm32l0xx_hal_dac.c ****        (+) Start the DAC peripheral using HAL_DAC_Start()
 130:Drivers/STM32L0xx_HAL_Driver/Src/stm32l0xx_hal_dac.c ****        (+) To read the DAC last data output value, use the HAL_DAC_GetValue() function.
 131:Drivers/STM32L0xx_HAL_Driver/Src/stm32l0xx_hal_dac.c ****        (+) Stop the DAC peripheral using HAL_DAC_Stop()
 132:Drivers/STM32L0xx_HAL_Driver/Src/stm32l0xx_hal_dac.c **** 
 133:Drivers/STM32L0xx_HAL_Driver/Src/stm32l0xx_hal_dac.c ****      *** DMA mode IO operation ***
 134:Drivers/STM32L0xx_HAL_Driver/Src/stm32l0xx_hal_dac.c ****      ==============================
 135:Drivers/STM32L0xx_HAL_Driver/Src/stm32l0xx_hal_dac.c ****      [..]
 136:Drivers/STM32L0xx_HAL_Driver/Src/stm32l0xx_hal_dac.c ****        (+) Start the DAC peripheral using HAL_DAC_Start_DMA(), at this stage the user specify the l
 137:Drivers/STM32L0xx_HAL_Driver/Src/stm32l0xx_hal_dac.c ****            of data to be transferred at each end of conversion
 138:Drivers/STM32L0xx_HAL_Driver/Src/stm32l0xx_hal_dac.c ****        (+) At the middle of data transfer HAL_DAC_ConvHalfCpltCallbackCh1()or HAL_DAC_ConvHalfCpltC
 139:Drivers/STM32L0xx_HAL_Driver/Src/stm32l0xx_hal_dac.c ****            function is executed and user can add his own code by customization of function pointer
 140:Drivers/STM32L0xx_HAL_Driver/Src/stm32l0xx_hal_dac.c ****            HAL_DAC_ConvHalfCpltCallbackCh1 or HAL_DAC_ConvHalfCpltCallbackCh2
 141:Drivers/STM32L0xx_HAL_Driver/Src/stm32l0xx_hal_dac.c ****        (+) At The end of data transfer HAL_DAC_ConvCpltCallbackCh1()or HAL_DAC_ConvCpltCallbackCh2(
 142:Drivers/STM32L0xx_HAL_Driver/Src/stm32l0xx_hal_dac.c ****            function is executed and user can add his own code by customization of function pointer
 143:Drivers/STM32L0xx_HAL_Driver/Src/stm32l0xx_hal_dac.c ****            HAL_DAC_ConvCpltCallbackCh1 or HAL_DAC_ConvCpltCallbackCh2
 144:Drivers/STM32L0xx_HAL_Driver/Src/stm32l0xx_hal_dac.c ****        (+) In case of transfer Error, HAL_DAC_ErrorCallbackCh1() function is executed and user can
 145:Drivers/STM32L0xx_HAL_Driver/Src/stm32l0xx_hal_dac.c ****            add his own code by customization of function pointer HAL_DAC_ErrorCallbackCh1
ARM GAS  /var/folders/d7/pb3dkhys6j3db_qtp_8v34p80000gn/T//cc56OpCZ.s 			page 4


 146:Drivers/STM32L0xx_HAL_Driver/Src/stm32l0xx_hal_dac.c ****        (+) In case of DMA underrun, DAC interruption triggers and execute internal function HAL_DAC
 147:Drivers/STM32L0xx_HAL_Driver/Src/stm32l0xx_hal_dac.c ****            HAL_DAC_DMAUnderrunCallbackCh1()or HAL_DAC_DMAUnderrunCallbackCh2()
 148:Drivers/STM32L0xx_HAL_Driver/Src/stm32l0xx_hal_dac.c ****            function is executed and user can add his own code by customization of function pointer
 149:Drivers/STM32L0xx_HAL_Driver/Src/stm32l0xx_hal_dac.c ****            HAL_DAC_DMAUnderrunCallbackCh1 or HAL_DAC_DMAUnderrunCallbackCh2
 150:Drivers/STM32L0xx_HAL_Driver/Src/stm32l0xx_hal_dac.c ****            add his own code by customization of function pointer HAL_DAC_ErrorCallbackCh1
 151:Drivers/STM32L0xx_HAL_Driver/Src/stm32l0xx_hal_dac.c ****        (+) Stop the DAC peripheral using HAL_DAC_Stop_DMA()
 152:Drivers/STM32L0xx_HAL_Driver/Src/stm32l0xx_hal_dac.c **** 
 153:Drivers/STM32L0xx_HAL_Driver/Src/stm32l0xx_hal_dac.c ****     *** Callback registration ***
 154:Drivers/STM32L0xx_HAL_Driver/Src/stm32l0xx_hal_dac.c ****     =============================================
 155:Drivers/STM32L0xx_HAL_Driver/Src/stm32l0xx_hal_dac.c ****     [..]
 156:Drivers/STM32L0xx_HAL_Driver/Src/stm32l0xx_hal_dac.c ****       The compilation define  USE_HAL_DAC_REGISTER_CALLBACKS when set to 1
 157:Drivers/STM32L0xx_HAL_Driver/Src/stm32l0xx_hal_dac.c ****       allows the user to configure dynamically the driver callbacks.
 158:Drivers/STM32L0xx_HAL_Driver/Src/stm32l0xx_hal_dac.c **** 
 159:Drivers/STM32L0xx_HAL_Driver/Src/stm32l0xx_hal_dac.c ****     Use Functions HAL_DAC_RegisterCallback() to register a user callback,
 160:Drivers/STM32L0xx_HAL_Driver/Src/stm32l0xx_hal_dac.c ****       it allows to register following callbacks:
 161:Drivers/STM32L0xx_HAL_Driver/Src/stm32l0xx_hal_dac.c ****       (+) ConvCpltCallbackCh1     : callback when a half transfer is completed on Ch1.
 162:Drivers/STM32L0xx_HAL_Driver/Src/stm32l0xx_hal_dac.c ****       (+) ConvHalfCpltCallbackCh1 : callback when a transfer is completed on Ch1.
 163:Drivers/STM32L0xx_HAL_Driver/Src/stm32l0xx_hal_dac.c ****       (+) ErrorCallbackCh1        : callback when an error occurs on Ch1.
 164:Drivers/STM32L0xx_HAL_Driver/Src/stm32l0xx_hal_dac.c ****       (+) DMAUnderrunCallbackCh1  : callback when an underrun error occurs on Ch1.
 165:Drivers/STM32L0xx_HAL_Driver/Src/stm32l0xx_hal_dac.c ****       (+) ConvCpltCallbackCh2     : callback when a half transfer is completed on Ch2.
 166:Drivers/STM32L0xx_HAL_Driver/Src/stm32l0xx_hal_dac.c ****       (+) ConvHalfCpltCallbackCh2 : callback when a transfer is completed on Ch2.
 167:Drivers/STM32L0xx_HAL_Driver/Src/stm32l0xx_hal_dac.c ****       (+) ErrorCallbackCh2        : callback when an error occurs on Ch2.
 168:Drivers/STM32L0xx_HAL_Driver/Src/stm32l0xx_hal_dac.c ****       (+) DMAUnderrunCallbackCh2  : callback when an underrun error occurs on Ch2.
 169:Drivers/STM32L0xx_HAL_Driver/Src/stm32l0xx_hal_dac.c ****       (+) MspInitCallback         : DAC MspInit.
 170:Drivers/STM32L0xx_HAL_Driver/Src/stm32l0xx_hal_dac.c ****       (+) MspDeInitCallback       : DAC MspdeInit.
 171:Drivers/STM32L0xx_HAL_Driver/Src/stm32l0xx_hal_dac.c ****       This function takes as parameters the HAL peripheral handle, the Callback ID
 172:Drivers/STM32L0xx_HAL_Driver/Src/stm32l0xx_hal_dac.c ****       and a pointer to the user callback function.
 173:Drivers/STM32L0xx_HAL_Driver/Src/stm32l0xx_hal_dac.c **** 
 174:Drivers/STM32L0xx_HAL_Driver/Src/stm32l0xx_hal_dac.c ****     Use function HAL_DAC_UnRegisterCallback() to reset a callback to the default
 175:Drivers/STM32L0xx_HAL_Driver/Src/stm32l0xx_hal_dac.c ****       weak (overridden) function. It allows to reset following callbacks:
 176:Drivers/STM32L0xx_HAL_Driver/Src/stm32l0xx_hal_dac.c ****       (+) ConvCpltCallbackCh1     : callback when a half transfer is completed on Ch1.
 177:Drivers/STM32L0xx_HAL_Driver/Src/stm32l0xx_hal_dac.c ****       (+) ConvHalfCpltCallbackCh1 : callback when a transfer is completed on Ch1.
 178:Drivers/STM32L0xx_HAL_Driver/Src/stm32l0xx_hal_dac.c ****       (+) ErrorCallbackCh1        : callback when an error occurs on Ch1.
 179:Drivers/STM32L0xx_HAL_Driver/Src/stm32l0xx_hal_dac.c ****       (+) DMAUnderrunCallbackCh1  : callback when an underrun error occurs on Ch1.
 180:Drivers/STM32L0xx_HAL_Driver/Src/stm32l0xx_hal_dac.c ****       (+) ConvCpltCallbackCh2     : callback when a half transfer is completed on Ch2.
 181:Drivers/STM32L0xx_HAL_Driver/Src/stm32l0xx_hal_dac.c ****       (+) ConvHalfCpltCallbackCh2 : callback when a transfer is completed on Ch2.
 182:Drivers/STM32L0xx_HAL_Driver/Src/stm32l0xx_hal_dac.c ****       (+) ErrorCallbackCh2        : callback when an error occurs on Ch2.
 183:Drivers/STM32L0xx_HAL_Driver/Src/stm32l0xx_hal_dac.c ****       (+) DMAUnderrunCallbackCh2  : callback when an underrun error occurs on Ch2.
 184:Drivers/STM32L0xx_HAL_Driver/Src/stm32l0xx_hal_dac.c ****       (+) MspInitCallback         : DAC MspInit.
 185:Drivers/STM32L0xx_HAL_Driver/Src/stm32l0xx_hal_dac.c ****       (+) MspDeInitCallback       : DAC MspdeInit.
 186:Drivers/STM32L0xx_HAL_Driver/Src/stm32l0xx_hal_dac.c ****       (+) All Callbacks
 187:Drivers/STM32L0xx_HAL_Driver/Src/stm32l0xx_hal_dac.c ****       This function) takes as parameters the HAL peripheral handle and the Callback ID.
 188:Drivers/STM32L0xx_HAL_Driver/Src/stm32l0xx_hal_dac.c **** 
 189:Drivers/STM32L0xx_HAL_Driver/Src/stm32l0xx_hal_dac.c ****       By default, after the HAL_DAC_Init and if the state is HAL_DAC_STATE_RESET
 190:Drivers/STM32L0xx_HAL_Driver/Src/stm32l0xx_hal_dac.c ****       all callbacks are reset to the corresponding legacy weak (overridden) functions.
 191:Drivers/STM32L0xx_HAL_Driver/Src/stm32l0xx_hal_dac.c ****       Exception done for MspInit and MspDeInit callbacks that are respectively
 192:Drivers/STM32L0xx_HAL_Driver/Src/stm32l0xx_hal_dac.c ****       reset to the legacy weak (overridden) functions in the HAL_DAC_Init
 193:Drivers/STM32L0xx_HAL_Driver/Src/stm32l0xx_hal_dac.c ****       and  HAL_DAC_DeInit only when these callbacks are null (not registered beforehand).
 194:Drivers/STM32L0xx_HAL_Driver/Src/stm32l0xx_hal_dac.c ****       If not, MspInit or MspDeInit are not null, the HAL_DAC_Init and HAL_DAC_DeInit
 195:Drivers/STM32L0xx_HAL_Driver/Src/stm32l0xx_hal_dac.c ****       keep and use the user MspInit/MspDeInit callbacks (registered beforehand)
 196:Drivers/STM32L0xx_HAL_Driver/Src/stm32l0xx_hal_dac.c **** 
 197:Drivers/STM32L0xx_HAL_Driver/Src/stm32l0xx_hal_dac.c ****       Callbacks can be registered/unregistered in READY state only.
 198:Drivers/STM32L0xx_HAL_Driver/Src/stm32l0xx_hal_dac.c ****       Exception done for MspInit/MspDeInit callbacks that can be registered/unregistered
 199:Drivers/STM32L0xx_HAL_Driver/Src/stm32l0xx_hal_dac.c ****       in READY or RESET state, thus registered (user) MspInit/DeInit callbacks can be used
 200:Drivers/STM32L0xx_HAL_Driver/Src/stm32l0xx_hal_dac.c ****       during the Init/DeInit.
 201:Drivers/STM32L0xx_HAL_Driver/Src/stm32l0xx_hal_dac.c ****       In that case first register the MspInit/MspDeInit user callbacks
 202:Drivers/STM32L0xx_HAL_Driver/Src/stm32l0xx_hal_dac.c ****       using HAL_DAC_RegisterCallback before calling HAL_DAC_DeInit
ARM GAS  /var/folders/d7/pb3dkhys6j3db_qtp_8v34p80000gn/T//cc56OpCZ.s 			page 5


 203:Drivers/STM32L0xx_HAL_Driver/Src/stm32l0xx_hal_dac.c ****       or HAL_DAC_Init function.
 204:Drivers/STM32L0xx_HAL_Driver/Src/stm32l0xx_hal_dac.c **** 
 205:Drivers/STM32L0xx_HAL_Driver/Src/stm32l0xx_hal_dac.c ****       When The compilation define USE_HAL_DAC_REGISTER_CALLBACKS is set to 0 or
 206:Drivers/STM32L0xx_HAL_Driver/Src/stm32l0xx_hal_dac.c ****       not defined, the callback registering feature is not available
 207:Drivers/STM32L0xx_HAL_Driver/Src/stm32l0xx_hal_dac.c ****       and weak (overridden) callbacks are used.
 208:Drivers/STM32L0xx_HAL_Driver/Src/stm32l0xx_hal_dac.c **** 
 209:Drivers/STM32L0xx_HAL_Driver/Src/stm32l0xx_hal_dac.c ****      *** DAC HAL driver macros list ***
 210:Drivers/STM32L0xx_HAL_Driver/Src/stm32l0xx_hal_dac.c ****      =============================================
 211:Drivers/STM32L0xx_HAL_Driver/Src/stm32l0xx_hal_dac.c ****      [..]
 212:Drivers/STM32L0xx_HAL_Driver/Src/stm32l0xx_hal_dac.c ****        Below the list of most used macros in DAC HAL driver.
 213:Drivers/STM32L0xx_HAL_Driver/Src/stm32l0xx_hal_dac.c **** 
 214:Drivers/STM32L0xx_HAL_Driver/Src/stm32l0xx_hal_dac.c ****       (+) __HAL_DAC_ENABLE : Enable the DAC peripheral
 215:Drivers/STM32L0xx_HAL_Driver/Src/stm32l0xx_hal_dac.c ****       (+) __HAL_DAC_DISABLE : Disable the DAC peripheral
 216:Drivers/STM32L0xx_HAL_Driver/Src/stm32l0xx_hal_dac.c ****       (+) __HAL_DAC_CLEAR_FLAG: Clear the DAC's pending flags
 217:Drivers/STM32L0xx_HAL_Driver/Src/stm32l0xx_hal_dac.c ****       (+) __HAL_DAC_GET_FLAG: Get the selected DAC's flag status
 218:Drivers/STM32L0xx_HAL_Driver/Src/stm32l0xx_hal_dac.c **** 
 219:Drivers/STM32L0xx_HAL_Driver/Src/stm32l0xx_hal_dac.c ****      [..]
 220:Drivers/STM32L0xx_HAL_Driver/Src/stm32l0xx_hal_dac.c ****       (@) You can refer to the DAC HAL driver header file for more useful macros
 221:Drivers/STM32L0xx_HAL_Driver/Src/stm32l0xx_hal_dac.c **** 
 222:Drivers/STM32L0xx_HAL_Driver/Src/stm32l0xx_hal_dac.c ****  @endverbatim
 223:Drivers/STM32L0xx_HAL_Driver/Src/stm32l0xx_hal_dac.c ****   ******************************************************************************
 224:Drivers/STM32L0xx_HAL_Driver/Src/stm32l0xx_hal_dac.c ****   */
 225:Drivers/STM32L0xx_HAL_Driver/Src/stm32l0xx_hal_dac.c **** 
 226:Drivers/STM32L0xx_HAL_Driver/Src/stm32l0xx_hal_dac.c **** 
 227:Drivers/STM32L0xx_HAL_Driver/Src/stm32l0xx_hal_dac.c **** #if !defined (STM32L010xB) && !defined (STM32L010x8) && !defined (STM32L010x6) && !defined (STM32L0
 228:Drivers/STM32L0xx_HAL_Driver/Src/stm32l0xx_hal_dac.c **** /* Includes ------------------------------------------------------------------*/
 229:Drivers/STM32L0xx_HAL_Driver/Src/stm32l0xx_hal_dac.c **** #include "stm32l0xx_hal.h"
 230:Drivers/STM32L0xx_HAL_Driver/Src/stm32l0xx_hal_dac.c **** 
 231:Drivers/STM32L0xx_HAL_Driver/Src/stm32l0xx_hal_dac.c **** #ifdef HAL_DAC_MODULE_ENABLED
 232:Drivers/STM32L0xx_HAL_Driver/Src/stm32l0xx_hal_dac.c **** /** @addtogroup STM32L0xx_HAL_Driver
 233:Drivers/STM32L0xx_HAL_Driver/Src/stm32l0xx_hal_dac.c ****   * @{
 234:Drivers/STM32L0xx_HAL_Driver/Src/stm32l0xx_hal_dac.c ****   */
 235:Drivers/STM32L0xx_HAL_Driver/Src/stm32l0xx_hal_dac.c **** 
 236:Drivers/STM32L0xx_HAL_Driver/Src/stm32l0xx_hal_dac.c **** /** @addtogroup DAC
 237:Drivers/STM32L0xx_HAL_Driver/Src/stm32l0xx_hal_dac.c ****   * @brief DAC driver modules
 238:Drivers/STM32L0xx_HAL_Driver/Src/stm32l0xx_hal_dac.c ****   * @{
 239:Drivers/STM32L0xx_HAL_Driver/Src/stm32l0xx_hal_dac.c ****   */
 240:Drivers/STM32L0xx_HAL_Driver/Src/stm32l0xx_hal_dac.c **** 
 241:Drivers/STM32L0xx_HAL_Driver/Src/stm32l0xx_hal_dac.c **** 
 242:Drivers/STM32L0xx_HAL_Driver/Src/stm32l0xx_hal_dac.c **** /* Private typedef -----------------------------------------------------------*/
 243:Drivers/STM32L0xx_HAL_Driver/Src/stm32l0xx_hal_dac.c **** /* Private define ------------------------------------------------------------*/
 244:Drivers/STM32L0xx_HAL_Driver/Src/stm32l0xx_hal_dac.c **** /* Private macro -------------------------------------------------------------*/
 245:Drivers/STM32L0xx_HAL_Driver/Src/stm32l0xx_hal_dac.c **** /* Private variables ---------------------------------------------------------*/
 246:Drivers/STM32L0xx_HAL_Driver/Src/stm32l0xx_hal_dac.c **** /* Private function prototypes -----------------------------------------------*/
 247:Drivers/STM32L0xx_HAL_Driver/Src/stm32l0xx_hal_dac.c **** 
 248:Drivers/STM32L0xx_HAL_Driver/Src/stm32l0xx_hal_dac.c **** /* Private functions ---------------------------------------------------------*/
 249:Drivers/STM32L0xx_HAL_Driver/Src/stm32l0xx_hal_dac.c **** 
 250:Drivers/STM32L0xx_HAL_Driver/Src/stm32l0xx_hal_dac.c **** /** @addtogroup DAC_Exported_Functions
 251:Drivers/STM32L0xx_HAL_Driver/Src/stm32l0xx_hal_dac.c ****   * @{
 252:Drivers/STM32L0xx_HAL_Driver/Src/stm32l0xx_hal_dac.c ****   */
 253:Drivers/STM32L0xx_HAL_Driver/Src/stm32l0xx_hal_dac.c **** 
 254:Drivers/STM32L0xx_HAL_Driver/Src/stm32l0xx_hal_dac.c **** /** @addtogroup DAC_Exported_Functions_Group1
 255:Drivers/STM32L0xx_HAL_Driver/Src/stm32l0xx_hal_dac.c ****  *  @brief    Initialization and Configuration functions
 256:Drivers/STM32L0xx_HAL_Driver/Src/stm32l0xx_hal_dac.c ****  *
 257:Drivers/STM32L0xx_HAL_Driver/Src/stm32l0xx_hal_dac.c **** @verbatim
 258:Drivers/STM32L0xx_HAL_Driver/Src/stm32l0xx_hal_dac.c ****   ==============================================================================
 259:Drivers/STM32L0xx_HAL_Driver/Src/stm32l0xx_hal_dac.c ****               ##### Initialization and de-initialization functions #####
ARM GAS  /var/folders/d7/pb3dkhys6j3db_qtp_8v34p80000gn/T//cc56OpCZ.s 			page 6


 260:Drivers/STM32L0xx_HAL_Driver/Src/stm32l0xx_hal_dac.c ****   ==============================================================================
 261:Drivers/STM32L0xx_HAL_Driver/Src/stm32l0xx_hal_dac.c ****     [..]  This section provides functions allowing to:
 262:Drivers/STM32L0xx_HAL_Driver/Src/stm32l0xx_hal_dac.c ****       (+) Initialize and configure the DAC.
 263:Drivers/STM32L0xx_HAL_Driver/Src/stm32l0xx_hal_dac.c ****       (+) De-initialize the DAC.
 264:Drivers/STM32L0xx_HAL_Driver/Src/stm32l0xx_hal_dac.c **** 
 265:Drivers/STM32L0xx_HAL_Driver/Src/stm32l0xx_hal_dac.c **** @endverbatim
 266:Drivers/STM32L0xx_HAL_Driver/Src/stm32l0xx_hal_dac.c ****   * @{
 267:Drivers/STM32L0xx_HAL_Driver/Src/stm32l0xx_hal_dac.c ****   */
 268:Drivers/STM32L0xx_HAL_Driver/Src/stm32l0xx_hal_dac.c **** 
 269:Drivers/STM32L0xx_HAL_Driver/Src/stm32l0xx_hal_dac.c **** /**
 270:Drivers/STM32L0xx_HAL_Driver/Src/stm32l0xx_hal_dac.c ****   * @brief  Initialize the DAC peripheral according to the specified parameters
 271:Drivers/STM32L0xx_HAL_Driver/Src/stm32l0xx_hal_dac.c ****   *         in the DAC_InitStruct and initialize the associated handle.
 272:Drivers/STM32L0xx_HAL_Driver/Src/stm32l0xx_hal_dac.c ****   * @param  hdac pointer to a DAC_HandleTypeDef structure that contains
 273:Drivers/STM32L0xx_HAL_Driver/Src/stm32l0xx_hal_dac.c ****   *         the configuration information for the specified DAC.
 274:Drivers/STM32L0xx_HAL_Driver/Src/stm32l0xx_hal_dac.c ****   * @retval HAL status
 275:Drivers/STM32L0xx_HAL_Driver/Src/stm32l0xx_hal_dac.c ****   */
 276:Drivers/STM32L0xx_HAL_Driver/Src/stm32l0xx_hal_dac.c **** HAL_StatusTypeDef HAL_DAC_Init(DAC_HandleTypeDef* hdac)
 277:Drivers/STM32L0xx_HAL_Driver/Src/stm32l0xx_hal_dac.c **** {
 278:Drivers/STM32L0xx_HAL_Driver/Src/stm32l0xx_hal_dac.c ****   /* Check DAC handle */
 279:Drivers/STM32L0xx_HAL_Driver/Src/stm32l0xx_hal_dac.c ****   if(hdac == NULL)
 280:Drivers/STM32L0xx_HAL_Driver/Src/stm32l0xx_hal_dac.c ****   {
 281:Drivers/STM32L0xx_HAL_Driver/Src/stm32l0xx_hal_dac.c ****      return HAL_ERROR;
 282:Drivers/STM32L0xx_HAL_Driver/Src/stm32l0xx_hal_dac.c ****   }
 283:Drivers/STM32L0xx_HAL_Driver/Src/stm32l0xx_hal_dac.c ****   /* Check the parameters */
 284:Drivers/STM32L0xx_HAL_Driver/Src/stm32l0xx_hal_dac.c ****   assert_param(IS_DAC_ALL_INSTANCE(hdac->Instance));
 285:Drivers/STM32L0xx_HAL_Driver/Src/stm32l0xx_hal_dac.c **** 
 286:Drivers/STM32L0xx_HAL_Driver/Src/stm32l0xx_hal_dac.c ****   if(hdac->State == HAL_DAC_STATE_RESET)
 287:Drivers/STM32L0xx_HAL_Driver/Src/stm32l0xx_hal_dac.c ****   {
 288:Drivers/STM32L0xx_HAL_Driver/Src/stm32l0xx_hal_dac.c **** #if (USE_HAL_DAC_REGISTER_CALLBACKS == 1)
 289:Drivers/STM32L0xx_HAL_Driver/Src/stm32l0xx_hal_dac.c ****     /* Init the DAC Callback settings */
 290:Drivers/STM32L0xx_HAL_Driver/Src/stm32l0xx_hal_dac.c ****     hdac->ConvCpltCallbackCh1           = HAL_DAC_ConvCpltCallbackCh1;
 291:Drivers/STM32L0xx_HAL_Driver/Src/stm32l0xx_hal_dac.c ****     hdac->ConvHalfCpltCallbackCh1       = HAL_DAC_ConvHalfCpltCallbackCh1;
 292:Drivers/STM32L0xx_HAL_Driver/Src/stm32l0xx_hal_dac.c ****     hdac->ErrorCallbackCh1              = HAL_DAC_ErrorCallbackCh1;
 293:Drivers/STM32L0xx_HAL_Driver/Src/stm32l0xx_hal_dac.c ****     hdac->DMAUnderrunCallbackCh1        = HAL_DAC_DMAUnderrunCallbackCh1;
 294:Drivers/STM32L0xx_HAL_Driver/Src/stm32l0xx_hal_dac.c **** 
 295:Drivers/STM32L0xx_HAL_Driver/Src/stm32l0xx_hal_dac.c **** #if defined (DAC_CHANNEL2_SUPPORT)
 296:Drivers/STM32L0xx_HAL_Driver/Src/stm32l0xx_hal_dac.c ****     hdac->ConvCpltCallbackCh2           = HAL_DACEx_ConvCpltCallbackCh2;
 297:Drivers/STM32L0xx_HAL_Driver/Src/stm32l0xx_hal_dac.c ****     hdac->ConvHalfCpltCallbackCh2       = HAL_DACEx_ConvHalfCpltCallbackCh2;
 298:Drivers/STM32L0xx_HAL_Driver/Src/stm32l0xx_hal_dac.c ****     hdac->ErrorCallbackCh2              = HAL_DACEx_ErrorCallbackCh2;
 299:Drivers/STM32L0xx_HAL_Driver/Src/stm32l0xx_hal_dac.c ****     hdac->DMAUnderrunCallbackCh2        = HAL_DACEx_DMAUnderrunCallbackCh2;
 300:Drivers/STM32L0xx_HAL_Driver/Src/stm32l0xx_hal_dac.c **** #endif /* DAC_CHANNEL2_SUPPORT */
 301:Drivers/STM32L0xx_HAL_Driver/Src/stm32l0xx_hal_dac.c **** 
 302:Drivers/STM32L0xx_HAL_Driver/Src/stm32l0xx_hal_dac.c ****     if(hdac->MspInitCallback == NULL)
 303:Drivers/STM32L0xx_HAL_Driver/Src/stm32l0xx_hal_dac.c ****     {
 304:Drivers/STM32L0xx_HAL_Driver/Src/stm32l0xx_hal_dac.c ****       hdac->MspInitCallback               = HAL_DAC_MspInit;
 305:Drivers/STM32L0xx_HAL_Driver/Src/stm32l0xx_hal_dac.c ****     }
 306:Drivers/STM32L0xx_HAL_Driver/Src/stm32l0xx_hal_dac.c **** #endif /* USE_HAL_DAC_REGISTER_CALLBACKS */
 307:Drivers/STM32L0xx_HAL_Driver/Src/stm32l0xx_hal_dac.c **** 
 308:Drivers/STM32L0xx_HAL_Driver/Src/stm32l0xx_hal_dac.c ****     /* Allocate lock resource and initialize it */
 309:Drivers/STM32L0xx_HAL_Driver/Src/stm32l0xx_hal_dac.c ****     hdac->Lock = HAL_UNLOCKED;
 310:Drivers/STM32L0xx_HAL_Driver/Src/stm32l0xx_hal_dac.c **** 
 311:Drivers/STM32L0xx_HAL_Driver/Src/stm32l0xx_hal_dac.c **** #if (USE_HAL_DAC_REGISTER_CALLBACKS == 1)
 312:Drivers/STM32L0xx_HAL_Driver/Src/stm32l0xx_hal_dac.c ****     /* Init the low level hardware */
 313:Drivers/STM32L0xx_HAL_Driver/Src/stm32l0xx_hal_dac.c ****     hdac->MspInitCallback(hdac);
 314:Drivers/STM32L0xx_HAL_Driver/Src/stm32l0xx_hal_dac.c **** #else
 315:Drivers/STM32L0xx_HAL_Driver/Src/stm32l0xx_hal_dac.c ****     /* Init the low level hardware */
 316:Drivers/STM32L0xx_HAL_Driver/Src/stm32l0xx_hal_dac.c ****     HAL_DAC_MspInit(hdac);
ARM GAS  /var/folders/d7/pb3dkhys6j3db_qtp_8v34p80000gn/T//cc56OpCZ.s 			page 7


 317:Drivers/STM32L0xx_HAL_Driver/Src/stm32l0xx_hal_dac.c **** #endif /* USE_HAL_DAC_REGISTER_CALLBACKS */
 318:Drivers/STM32L0xx_HAL_Driver/Src/stm32l0xx_hal_dac.c ****   }
 319:Drivers/STM32L0xx_HAL_Driver/Src/stm32l0xx_hal_dac.c **** 
 320:Drivers/STM32L0xx_HAL_Driver/Src/stm32l0xx_hal_dac.c ****   /* Initialize the DAC state*/
 321:Drivers/STM32L0xx_HAL_Driver/Src/stm32l0xx_hal_dac.c ****   hdac->State = HAL_DAC_STATE_BUSY;
 322:Drivers/STM32L0xx_HAL_Driver/Src/stm32l0xx_hal_dac.c **** 
 323:Drivers/STM32L0xx_HAL_Driver/Src/stm32l0xx_hal_dac.c ****   /* Set DAC error code to none */
 324:Drivers/STM32L0xx_HAL_Driver/Src/stm32l0xx_hal_dac.c ****   hdac->ErrorCode = HAL_DAC_ERROR_NONE;
 325:Drivers/STM32L0xx_HAL_Driver/Src/stm32l0xx_hal_dac.c **** 
 326:Drivers/STM32L0xx_HAL_Driver/Src/stm32l0xx_hal_dac.c ****   /* Initialize the DAC state*/
 327:Drivers/STM32L0xx_HAL_Driver/Src/stm32l0xx_hal_dac.c ****   hdac->State = HAL_DAC_STATE_READY;
 328:Drivers/STM32L0xx_HAL_Driver/Src/stm32l0xx_hal_dac.c **** 
 329:Drivers/STM32L0xx_HAL_Driver/Src/stm32l0xx_hal_dac.c ****   /* Return function status */
 330:Drivers/STM32L0xx_HAL_Driver/Src/stm32l0xx_hal_dac.c ****   return HAL_OK;
 331:Drivers/STM32L0xx_HAL_Driver/Src/stm32l0xx_hal_dac.c **** }
 332:Drivers/STM32L0xx_HAL_Driver/Src/stm32l0xx_hal_dac.c **** 
 333:Drivers/STM32L0xx_HAL_Driver/Src/stm32l0xx_hal_dac.c **** /**
 334:Drivers/STM32L0xx_HAL_Driver/Src/stm32l0xx_hal_dac.c ****   * @brief  Deinitialize the DAC peripheral registers to their default reset values.
 335:Drivers/STM32L0xx_HAL_Driver/Src/stm32l0xx_hal_dac.c ****   * @param  hdac pointer to a DAC_HandleTypeDef structure that contains
 336:Drivers/STM32L0xx_HAL_Driver/Src/stm32l0xx_hal_dac.c ****   *         the configuration information for the specified DAC.
 337:Drivers/STM32L0xx_HAL_Driver/Src/stm32l0xx_hal_dac.c ****   * @retval HAL status
 338:Drivers/STM32L0xx_HAL_Driver/Src/stm32l0xx_hal_dac.c ****   */
 339:Drivers/STM32L0xx_HAL_Driver/Src/stm32l0xx_hal_dac.c **** HAL_StatusTypeDef HAL_DAC_DeInit(DAC_HandleTypeDef* hdac)
 340:Drivers/STM32L0xx_HAL_Driver/Src/stm32l0xx_hal_dac.c **** {
 341:Drivers/STM32L0xx_HAL_Driver/Src/stm32l0xx_hal_dac.c ****   /* Check DAC handle */
 342:Drivers/STM32L0xx_HAL_Driver/Src/stm32l0xx_hal_dac.c ****   if(hdac == NULL)
 343:Drivers/STM32L0xx_HAL_Driver/Src/stm32l0xx_hal_dac.c ****   {
 344:Drivers/STM32L0xx_HAL_Driver/Src/stm32l0xx_hal_dac.c ****      return HAL_ERROR;
 345:Drivers/STM32L0xx_HAL_Driver/Src/stm32l0xx_hal_dac.c ****   }
 346:Drivers/STM32L0xx_HAL_Driver/Src/stm32l0xx_hal_dac.c **** 
 347:Drivers/STM32L0xx_HAL_Driver/Src/stm32l0xx_hal_dac.c ****   /* Check the parameters */
 348:Drivers/STM32L0xx_HAL_Driver/Src/stm32l0xx_hal_dac.c ****   assert_param(IS_DAC_ALL_INSTANCE(hdac->Instance));
 349:Drivers/STM32L0xx_HAL_Driver/Src/stm32l0xx_hal_dac.c **** 
 350:Drivers/STM32L0xx_HAL_Driver/Src/stm32l0xx_hal_dac.c ****   /* Change DAC state */
 351:Drivers/STM32L0xx_HAL_Driver/Src/stm32l0xx_hal_dac.c ****   hdac->State = HAL_DAC_STATE_BUSY;
 352:Drivers/STM32L0xx_HAL_Driver/Src/stm32l0xx_hal_dac.c **** 
 353:Drivers/STM32L0xx_HAL_Driver/Src/stm32l0xx_hal_dac.c **** #if (USE_HAL_DAC_REGISTER_CALLBACKS == 1)
 354:Drivers/STM32L0xx_HAL_Driver/Src/stm32l0xx_hal_dac.c ****   if(hdac->MspDeInitCallback == NULL)
 355:Drivers/STM32L0xx_HAL_Driver/Src/stm32l0xx_hal_dac.c ****   {
 356:Drivers/STM32L0xx_HAL_Driver/Src/stm32l0xx_hal_dac.c ****     hdac->MspDeInitCallback = HAL_DAC_MspDeInit;
 357:Drivers/STM32L0xx_HAL_Driver/Src/stm32l0xx_hal_dac.c ****   }
 358:Drivers/STM32L0xx_HAL_Driver/Src/stm32l0xx_hal_dac.c ****   /* DeInit the low level hardware */
 359:Drivers/STM32L0xx_HAL_Driver/Src/stm32l0xx_hal_dac.c ****   hdac->MspDeInitCallback(hdac);
 360:Drivers/STM32L0xx_HAL_Driver/Src/stm32l0xx_hal_dac.c **** #else
 361:Drivers/STM32L0xx_HAL_Driver/Src/stm32l0xx_hal_dac.c ****   /* DeInit the low level hardware */
 362:Drivers/STM32L0xx_HAL_Driver/Src/stm32l0xx_hal_dac.c ****   HAL_DAC_MspDeInit(hdac);
 363:Drivers/STM32L0xx_HAL_Driver/Src/stm32l0xx_hal_dac.c **** #endif /* USE_HAL_DAC_REGISTER_CALLBACKS */
 364:Drivers/STM32L0xx_HAL_Driver/Src/stm32l0xx_hal_dac.c **** 
 365:Drivers/STM32L0xx_HAL_Driver/Src/stm32l0xx_hal_dac.c ****   /* Set DAC error code to none */
 366:Drivers/STM32L0xx_HAL_Driver/Src/stm32l0xx_hal_dac.c ****   hdac->ErrorCode = HAL_DAC_ERROR_NONE;
 367:Drivers/STM32L0xx_HAL_Driver/Src/stm32l0xx_hal_dac.c **** 
 368:Drivers/STM32L0xx_HAL_Driver/Src/stm32l0xx_hal_dac.c ****   /* Change DAC state */
 369:Drivers/STM32L0xx_HAL_Driver/Src/stm32l0xx_hal_dac.c ****   hdac->State = HAL_DAC_STATE_RESET;
 370:Drivers/STM32L0xx_HAL_Driver/Src/stm32l0xx_hal_dac.c **** 
 371:Drivers/STM32L0xx_HAL_Driver/Src/stm32l0xx_hal_dac.c ****   /* Release Lock */
 372:Drivers/STM32L0xx_HAL_Driver/Src/stm32l0xx_hal_dac.c ****   __HAL_UNLOCK(hdac);
 373:Drivers/STM32L0xx_HAL_Driver/Src/stm32l0xx_hal_dac.c **** 
ARM GAS  /var/folders/d7/pb3dkhys6j3db_qtp_8v34p80000gn/T//cc56OpCZ.s 			page 8


 374:Drivers/STM32L0xx_HAL_Driver/Src/stm32l0xx_hal_dac.c ****   /* Return function status */
 375:Drivers/STM32L0xx_HAL_Driver/Src/stm32l0xx_hal_dac.c ****   return HAL_OK;
 376:Drivers/STM32L0xx_HAL_Driver/Src/stm32l0xx_hal_dac.c **** }
 377:Drivers/STM32L0xx_HAL_Driver/Src/stm32l0xx_hal_dac.c **** 
 378:Drivers/STM32L0xx_HAL_Driver/Src/stm32l0xx_hal_dac.c **** /**
 379:Drivers/STM32L0xx_HAL_Driver/Src/stm32l0xx_hal_dac.c ****   * @brief  Initialize the DAC MSP.
 380:Drivers/STM32L0xx_HAL_Driver/Src/stm32l0xx_hal_dac.c ****   * @param  hdac pointer to a DAC_HandleTypeDef structure that contains
 381:Drivers/STM32L0xx_HAL_Driver/Src/stm32l0xx_hal_dac.c ****   *         the configuration information for the specified DAC.
 382:Drivers/STM32L0xx_HAL_Driver/Src/stm32l0xx_hal_dac.c ****   * @retval None
 383:Drivers/STM32L0xx_HAL_Driver/Src/stm32l0xx_hal_dac.c ****   */
 384:Drivers/STM32L0xx_HAL_Driver/Src/stm32l0xx_hal_dac.c **** __weak void HAL_DAC_MspInit(DAC_HandleTypeDef* hdac)
 385:Drivers/STM32L0xx_HAL_Driver/Src/stm32l0xx_hal_dac.c **** {
  28              		.loc 1 385 1 view -0
  29              		.cfi_startproc
  30              		@ args = 0, pretend = 0, frame = 0
  31              		@ frame_needed = 0, uses_anonymous_args = 0
  32              		@ link register save eliminated.
 386:Drivers/STM32L0xx_HAL_Driver/Src/stm32l0xx_hal_dac.c ****   /* Prevent unused argument(s) compilation warning */
 387:Drivers/STM32L0xx_HAL_Driver/Src/stm32l0xx_hal_dac.c ****   UNUSED(hdac);
  33              		.loc 1 387 3 view .LVU1
 388:Drivers/STM32L0xx_HAL_Driver/Src/stm32l0xx_hal_dac.c **** 
 389:Drivers/STM32L0xx_HAL_Driver/Src/stm32l0xx_hal_dac.c ****   /* NOTE : This function should not be modified, when the callback is needed,
 390:Drivers/STM32L0xx_HAL_Driver/Src/stm32l0xx_hal_dac.c ****             the HAL_DAC_MspInit could be implemented in the user file
 391:Drivers/STM32L0xx_HAL_Driver/Src/stm32l0xx_hal_dac.c ****    */
 392:Drivers/STM32L0xx_HAL_Driver/Src/stm32l0xx_hal_dac.c **** }
  34              		.loc 1 392 1 is_stmt 0 view .LVU2
  35              		@ sp needed
  36 0000 7047     		bx	lr
  37              		.cfi_endproc
  38              	.LFE49:
  40              		.section	.text.HAL_DAC_Init,"ax",%progbits
  41              		.align	1
  42              		.global	HAL_DAC_Init
  43              		.syntax unified
  44              		.code	16
  45              		.thumb_func
  47              	HAL_DAC_Init:
  48              	.LVL1:
  49              	.LFB47:
 277:Drivers/STM32L0xx_HAL_Driver/Src/stm32l0xx_hal_dac.c ****   /* Check DAC handle */
  50              		.loc 1 277 1 is_stmt 1 view -0
  51              		.cfi_startproc
  52              		@ args = 0, pretend = 0, frame = 0
  53              		@ frame_needed = 0, uses_anonymous_args = 0
 277:Drivers/STM32L0xx_HAL_Driver/Src/stm32l0xx_hal_dac.c ****   /* Check DAC handle */
  54              		.loc 1 277 1 is_stmt 0 view .LVU4
  55 0000 10B5     		push	{r4, lr}
  56              	.LCFI0:
  57              		.cfi_def_cfa_offset 8
  58              		.cfi_offset 4, -8
  59              		.cfi_offset 14, -4
  60 0002 041E     		subs	r4, r0, #0
 279:Drivers/STM32L0xx_HAL_Driver/Src/stm32l0xx_hal_dac.c ****   {
  61              		.loc 1 279 3 is_stmt 1 view .LVU5
 279:Drivers/STM32L0xx_HAL_Driver/Src/stm32l0xx_hal_dac.c ****   {
  62              		.loc 1 279 5 is_stmt 0 view .LVU6
  63 0004 0ED0     		beq	.L5
ARM GAS  /var/folders/d7/pb3dkhys6j3db_qtp_8v34p80000gn/T//cc56OpCZ.s 			page 9


 284:Drivers/STM32L0xx_HAL_Driver/Src/stm32l0xx_hal_dac.c **** 
  64              		.loc 1 284 3 is_stmt 1 view .LVU7
 286:Drivers/STM32L0xx_HAL_Driver/Src/stm32l0xx_hal_dac.c ****   {
  65              		.loc 1 286 3 view .LVU8
 286:Drivers/STM32L0xx_HAL_Driver/Src/stm32l0xx_hal_dac.c ****   {
  66              		.loc 1 286 10 is_stmt 0 view .LVU9
  67 0006 0379     		ldrb	r3, [r0, #4]
 286:Drivers/STM32L0xx_HAL_Driver/Src/stm32l0xx_hal_dac.c ****   {
  68              		.loc 1 286 5 view .LVU10
  69 0008 002B     		cmp	r3, #0
  70 000a 07D0     		beq	.L6
  71              	.LVL2:
  72              	.L4:
 321:Drivers/STM32L0xx_HAL_Driver/Src/stm32l0xx_hal_dac.c **** 
  73              		.loc 1 321 3 is_stmt 1 view .LVU11
 321:Drivers/STM32L0xx_HAL_Driver/Src/stm32l0xx_hal_dac.c **** 
  74              		.loc 1 321 15 is_stmt 0 view .LVU12
  75 000c 0223     		movs	r3, #2
  76 000e 2371     		strb	r3, [r4, #4]
 324:Drivers/STM32L0xx_HAL_Driver/Src/stm32l0xx_hal_dac.c **** 
  77              		.loc 1 324 3 is_stmt 1 view .LVU13
 324:Drivers/STM32L0xx_HAL_Driver/Src/stm32l0xx_hal_dac.c **** 
  78              		.loc 1 324 19 is_stmt 0 view .LVU14
  79 0010 0023     		movs	r3, #0
  80 0012 E360     		str	r3, [r4, #12]
 327:Drivers/STM32L0xx_HAL_Driver/Src/stm32l0xx_hal_dac.c **** 
  81              		.loc 1 327 3 is_stmt 1 view .LVU15
 327:Drivers/STM32L0xx_HAL_Driver/Src/stm32l0xx_hal_dac.c **** 
  82              		.loc 1 327 15 is_stmt 0 view .LVU16
  83 0014 0133     		adds	r3, r3, #1
  84 0016 2371     		strb	r3, [r4, #4]
 330:Drivers/STM32L0xx_HAL_Driver/Src/stm32l0xx_hal_dac.c **** }
  85              		.loc 1 330 3 is_stmt 1 view .LVU17
 330:Drivers/STM32L0xx_HAL_Driver/Src/stm32l0xx_hal_dac.c **** }
  86              		.loc 1 330 10 is_stmt 0 view .LVU18
  87 0018 0020     		movs	r0, #0
  88              	.L3:
 331:Drivers/STM32L0xx_HAL_Driver/Src/stm32l0xx_hal_dac.c **** 
  89              		.loc 1 331 1 view .LVU19
  90              		@ sp needed
  91              	.LVL3:
 331:Drivers/STM32L0xx_HAL_Driver/Src/stm32l0xx_hal_dac.c **** 
  92              		.loc 1 331 1 view .LVU20
  93 001a 10BD     		pop	{r4, pc}
  94              	.LVL4:
  95              	.L6:
 309:Drivers/STM32L0xx_HAL_Driver/Src/stm32l0xx_hal_dac.c **** 
  96              		.loc 1 309 5 is_stmt 1 view .LVU21
 309:Drivers/STM32L0xx_HAL_Driver/Src/stm32l0xx_hal_dac.c **** 
  97              		.loc 1 309 16 is_stmt 0 view .LVU22
  98 001c 4371     		strb	r3, [r0, #5]
 316:Drivers/STM32L0xx_HAL_Driver/Src/stm32l0xx_hal_dac.c **** #endif /* USE_HAL_DAC_REGISTER_CALLBACKS */
  99              		.loc 1 316 5 is_stmt 1 view .LVU23
 100 001e FFF7FEFF 		bl	HAL_DAC_MspInit
 101              	.LVL5:
 316:Drivers/STM32L0xx_HAL_Driver/Src/stm32l0xx_hal_dac.c **** #endif /* USE_HAL_DAC_REGISTER_CALLBACKS */
 102              		.loc 1 316 5 is_stmt 0 view .LVU24
ARM GAS  /var/folders/d7/pb3dkhys6j3db_qtp_8v34p80000gn/T//cc56OpCZ.s 			page 10


 103 0022 F3E7     		b	.L4
 104              	.LVL6:
 105              	.L5:
 281:Drivers/STM32L0xx_HAL_Driver/Src/stm32l0xx_hal_dac.c ****   }
 106              		.loc 1 281 13 view .LVU25
 107 0024 0120     		movs	r0, #1
 108              	.LVL7:
 281:Drivers/STM32L0xx_HAL_Driver/Src/stm32l0xx_hal_dac.c ****   }
 109              		.loc 1 281 13 view .LVU26
 110 0026 F8E7     		b	.L3
 111              		.cfi_endproc
 112              	.LFE47:
 114              		.section	.text.HAL_DAC_MspDeInit,"ax",%progbits
 115              		.align	1
 116              		.weak	HAL_DAC_MspDeInit
 117              		.syntax unified
 118              		.code	16
 119              		.thumb_func
 121              	HAL_DAC_MspDeInit:
 122              	.LVL8:
 123              	.LFB50:
 393:Drivers/STM32L0xx_HAL_Driver/Src/stm32l0xx_hal_dac.c **** 
 394:Drivers/STM32L0xx_HAL_Driver/Src/stm32l0xx_hal_dac.c **** /**
 395:Drivers/STM32L0xx_HAL_Driver/Src/stm32l0xx_hal_dac.c ****   * @brief  DeInitialize the DAC MSP.
 396:Drivers/STM32L0xx_HAL_Driver/Src/stm32l0xx_hal_dac.c ****   * @param  hdac pointer to a DAC_HandleTypeDef structure that contains
 397:Drivers/STM32L0xx_HAL_Driver/Src/stm32l0xx_hal_dac.c ****   *         the configuration information for the specified DAC.
 398:Drivers/STM32L0xx_HAL_Driver/Src/stm32l0xx_hal_dac.c ****   * @retval None
 399:Drivers/STM32L0xx_HAL_Driver/Src/stm32l0xx_hal_dac.c ****   */
 400:Drivers/STM32L0xx_HAL_Driver/Src/stm32l0xx_hal_dac.c **** __weak void HAL_DAC_MspDeInit(DAC_HandleTypeDef* hdac)
 401:Drivers/STM32L0xx_HAL_Driver/Src/stm32l0xx_hal_dac.c **** {
 124              		.loc 1 401 1 is_stmt 1 view -0
 125              		.cfi_startproc
 126              		@ args = 0, pretend = 0, frame = 0
 127              		@ frame_needed = 0, uses_anonymous_args = 0
 128              		@ link register save eliminated.
 402:Drivers/STM32L0xx_HAL_Driver/Src/stm32l0xx_hal_dac.c ****   /* Prevent unused argument(s) compilation warning */
 403:Drivers/STM32L0xx_HAL_Driver/Src/stm32l0xx_hal_dac.c ****   UNUSED(hdac);
 129              		.loc 1 403 3 view .LVU28
 404:Drivers/STM32L0xx_HAL_Driver/Src/stm32l0xx_hal_dac.c **** 
 405:Drivers/STM32L0xx_HAL_Driver/Src/stm32l0xx_hal_dac.c ****   /* NOTE : This function should not be modified, when the callback is needed,
 406:Drivers/STM32L0xx_HAL_Driver/Src/stm32l0xx_hal_dac.c ****             the HAL_DAC_MspDeInit could be implemented in the user file
 407:Drivers/STM32L0xx_HAL_Driver/Src/stm32l0xx_hal_dac.c ****    */
 408:Drivers/STM32L0xx_HAL_Driver/Src/stm32l0xx_hal_dac.c **** }
 130              		.loc 1 408 1 is_stmt 0 view .LVU29
 131              		@ sp needed
 132 0000 7047     		bx	lr
 133              		.cfi_endproc
 134              	.LFE50:
 136              		.section	.text.HAL_DAC_DeInit,"ax",%progbits
 137              		.align	1
 138              		.global	HAL_DAC_DeInit
 139              		.syntax unified
 140              		.code	16
 141              		.thumb_func
 143              	HAL_DAC_DeInit:
 144              	.LVL9:
 145              	.LFB48:
ARM GAS  /var/folders/d7/pb3dkhys6j3db_qtp_8v34p80000gn/T//cc56OpCZ.s 			page 11


 340:Drivers/STM32L0xx_HAL_Driver/Src/stm32l0xx_hal_dac.c ****   /* Check DAC handle */
 146              		.loc 1 340 1 is_stmt 1 view -0
 147              		.cfi_startproc
 148              		@ args = 0, pretend = 0, frame = 0
 149              		@ frame_needed = 0, uses_anonymous_args = 0
 340:Drivers/STM32L0xx_HAL_Driver/Src/stm32l0xx_hal_dac.c ****   /* Check DAC handle */
 150              		.loc 1 340 1 is_stmt 0 view .LVU31
 151 0000 10B5     		push	{r4, lr}
 152              	.LCFI1:
 153              		.cfi_def_cfa_offset 8
 154              		.cfi_offset 4, -8
 155              		.cfi_offset 14, -4
 156 0002 041E     		subs	r4, r0, #0
 342:Drivers/STM32L0xx_HAL_Driver/Src/stm32l0xx_hal_dac.c ****   {
 157              		.loc 1 342 3 is_stmt 1 view .LVU32
 342:Drivers/STM32L0xx_HAL_Driver/Src/stm32l0xx_hal_dac.c ****   {
 158              		.loc 1 342 5 is_stmt 0 view .LVU33
 159 0004 09D0     		beq	.L10
 348:Drivers/STM32L0xx_HAL_Driver/Src/stm32l0xx_hal_dac.c **** 
 160              		.loc 1 348 3 is_stmt 1 view .LVU34
 351:Drivers/STM32L0xx_HAL_Driver/Src/stm32l0xx_hal_dac.c **** 
 161              		.loc 1 351 3 view .LVU35
 351:Drivers/STM32L0xx_HAL_Driver/Src/stm32l0xx_hal_dac.c **** 
 162              		.loc 1 351 15 is_stmt 0 view .LVU36
 163 0006 0223     		movs	r3, #2
 164 0008 0371     		strb	r3, [r0, #4]
 362:Drivers/STM32L0xx_HAL_Driver/Src/stm32l0xx_hal_dac.c **** #endif /* USE_HAL_DAC_REGISTER_CALLBACKS */
 165              		.loc 1 362 3 is_stmt 1 view .LVU37
 166 000a FFF7FEFF 		bl	HAL_DAC_MspDeInit
 167              	.LVL10:
 366:Drivers/STM32L0xx_HAL_Driver/Src/stm32l0xx_hal_dac.c **** 
 168              		.loc 1 366 3 view .LVU38
 366:Drivers/STM32L0xx_HAL_Driver/Src/stm32l0xx_hal_dac.c **** 
 169              		.loc 1 366 19 is_stmt 0 view .LVU39
 170 000e 0023     		movs	r3, #0
 171 0010 E360     		str	r3, [r4, #12]
 369:Drivers/STM32L0xx_HAL_Driver/Src/stm32l0xx_hal_dac.c **** 
 172              		.loc 1 369 3 is_stmt 1 view .LVU40
 369:Drivers/STM32L0xx_HAL_Driver/Src/stm32l0xx_hal_dac.c **** 
 173              		.loc 1 369 15 is_stmt 0 view .LVU41
 174 0012 2371     		strb	r3, [r4, #4]
 372:Drivers/STM32L0xx_HAL_Driver/Src/stm32l0xx_hal_dac.c **** 
 175              		.loc 1 372 3 is_stmt 1 view .LVU42
 372:Drivers/STM32L0xx_HAL_Driver/Src/stm32l0xx_hal_dac.c **** 
 176              		.loc 1 372 3 view .LVU43
 177 0014 6371     		strb	r3, [r4, #5]
 372:Drivers/STM32L0xx_HAL_Driver/Src/stm32l0xx_hal_dac.c **** 
 178              		.loc 1 372 3 view .LVU44
 375:Drivers/STM32L0xx_HAL_Driver/Src/stm32l0xx_hal_dac.c **** }
 179              		.loc 1 375 3 view .LVU45
 375:Drivers/STM32L0xx_HAL_Driver/Src/stm32l0xx_hal_dac.c **** }
 180              		.loc 1 375 10 is_stmt 0 view .LVU46
 181 0016 0020     		movs	r0, #0
 182              	.L9:
 376:Drivers/STM32L0xx_HAL_Driver/Src/stm32l0xx_hal_dac.c **** 
 183              		.loc 1 376 1 view .LVU47
 184              		@ sp needed
ARM GAS  /var/folders/d7/pb3dkhys6j3db_qtp_8v34p80000gn/T//cc56OpCZ.s 			page 12


 185              	.LVL11:
 376:Drivers/STM32L0xx_HAL_Driver/Src/stm32l0xx_hal_dac.c **** 
 186              		.loc 1 376 1 view .LVU48
 187 0018 10BD     		pop	{r4, pc}
 188              	.LVL12:
 189              	.L10:
 344:Drivers/STM32L0xx_HAL_Driver/Src/stm32l0xx_hal_dac.c ****   }
 190              		.loc 1 344 13 view .LVU49
 191 001a 0120     		movs	r0, #1
 192              	.LVL13:
 344:Drivers/STM32L0xx_HAL_Driver/Src/stm32l0xx_hal_dac.c ****   }
 193              		.loc 1 344 13 view .LVU50
 194 001c FCE7     		b	.L9
 195              		.cfi_endproc
 196              	.LFE48:
 198              		.section	.text.HAL_DAC_Start,"ax",%progbits
 199              		.align	1
 200              		.weak	HAL_DAC_Start
 201              		.syntax unified
 202              		.code	16
 203              		.thumb_func
 205              	HAL_DAC_Start:
 206              	.LVL14:
 207              	.LFB51:
 409:Drivers/STM32L0xx_HAL_Driver/Src/stm32l0xx_hal_dac.c **** 
 410:Drivers/STM32L0xx_HAL_Driver/Src/stm32l0xx_hal_dac.c **** /**
 411:Drivers/STM32L0xx_HAL_Driver/Src/stm32l0xx_hal_dac.c ****   * @}
 412:Drivers/STM32L0xx_HAL_Driver/Src/stm32l0xx_hal_dac.c ****   */
 413:Drivers/STM32L0xx_HAL_Driver/Src/stm32l0xx_hal_dac.c **** 
 414:Drivers/STM32L0xx_HAL_Driver/Src/stm32l0xx_hal_dac.c **** /** @addtogroup DAC_Exported_Functions_Group2
 415:Drivers/STM32L0xx_HAL_Driver/Src/stm32l0xx_hal_dac.c ****  *  @brief    IO operation functions
 416:Drivers/STM32L0xx_HAL_Driver/Src/stm32l0xx_hal_dac.c ****  *
 417:Drivers/STM32L0xx_HAL_Driver/Src/stm32l0xx_hal_dac.c **** @verbatim
 418:Drivers/STM32L0xx_HAL_Driver/Src/stm32l0xx_hal_dac.c ****   ==============================================================================
 419:Drivers/STM32L0xx_HAL_Driver/Src/stm32l0xx_hal_dac.c ****              ##### IO operation functions #####
 420:Drivers/STM32L0xx_HAL_Driver/Src/stm32l0xx_hal_dac.c ****   ==============================================================================
 421:Drivers/STM32L0xx_HAL_Driver/Src/stm32l0xx_hal_dac.c ****     [..]  This section provides functions allowing to:
 422:Drivers/STM32L0xx_HAL_Driver/Src/stm32l0xx_hal_dac.c ****       (+) Start conversion.
 423:Drivers/STM32L0xx_HAL_Driver/Src/stm32l0xx_hal_dac.c ****       (+) Stop conversion.
 424:Drivers/STM32L0xx_HAL_Driver/Src/stm32l0xx_hal_dac.c ****       (+) Start conversion and enable DMA transfer.
 425:Drivers/STM32L0xx_HAL_Driver/Src/stm32l0xx_hal_dac.c ****       (+) Stop conversion and disable DMA transfer.
 426:Drivers/STM32L0xx_HAL_Driver/Src/stm32l0xx_hal_dac.c ****       (+) Get result of conversion.
 427:Drivers/STM32L0xx_HAL_Driver/Src/stm32l0xx_hal_dac.c ****       (+) Get result of dual mode conversion (STM32L07xx/STM32L08xx only)
 428:Drivers/STM32L0xx_HAL_Driver/Src/stm32l0xx_hal_dac.c **** 
 429:Drivers/STM32L0xx_HAL_Driver/Src/stm32l0xx_hal_dac.c **** @endverbatim
 430:Drivers/STM32L0xx_HAL_Driver/Src/stm32l0xx_hal_dac.c ****   * @{
 431:Drivers/STM32L0xx_HAL_Driver/Src/stm32l0xx_hal_dac.c ****   */
 432:Drivers/STM32L0xx_HAL_Driver/Src/stm32l0xx_hal_dac.c **** 
 433:Drivers/STM32L0xx_HAL_Driver/Src/stm32l0xx_hal_dac.c **** /**
 434:Drivers/STM32L0xx_HAL_Driver/Src/stm32l0xx_hal_dac.c ****   * @brief  Enables DAC and starts conversion of channel.
 435:Drivers/STM32L0xx_HAL_Driver/Src/stm32l0xx_hal_dac.c ****   * @param  hdac pointer to a DAC_HandleTypeDef structure that contains
 436:Drivers/STM32L0xx_HAL_Driver/Src/stm32l0xx_hal_dac.c ****   *         the configuration information for the specified DAC.
 437:Drivers/STM32L0xx_HAL_Driver/Src/stm32l0xx_hal_dac.c ****   * @param  Channel The selected DAC channel.
 438:Drivers/STM32L0xx_HAL_Driver/Src/stm32l0xx_hal_dac.c ****   *          This parameter can be one of the following values:
 439:Drivers/STM32L0xx_HAL_Driver/Src/stm32l0xx_hal_dac.c ****   *            @arg DAC_CHANNEL_1: DAC Channel1 selected
 440:Drivers/STM32L0xx_HAL_Driver/Src/stm32l0xx_hal_dac.c ****   *            @arg DAC_CHANNEL_2: DAC Channel2 selected
 441:Drivers/STM32L0xx_HAL_Driver/Src/stm32l0xx_hal_dac.c ****   * @retval HAL status
ARM GAS  /var/folders/d7/pb3dkhys6j3db_qtp_8v34p80000gn/T//cc56OpCZ.s 			page 13


 442:Drivers/STM32L0xx_HAL_Driver/Src/stm32l0xx_hal_dac.c ****   */
 443:Drivers/STM32L0xx_HAL_Driver/Src/stm32l0xx_hal_dac.c **** __weak HAL_StatusTypeDef HAL_DAC_Start(DAC_HandleTypeDef* hdac, uint32_t Channel)
 444:Drivers/STM32L0xx_HAL_Driver/Src/stm32l0xx_hal_dac.c **** {
 208              		.loc 1 444 1 is_stmt 1 view -0
 209              		.cfi_startproc
 210              		@ args = 0, pretend = 0, frame = 0
 211              		@ frame_needed = 0, uses_anonymous_args = 0
 212              		@ link register save eliminated.
 445:Drivers/STM32L0xx_HAL_Driver/Src/stm32l0xx_hal_dac.c ****   /* Prevent unused argument(s) compilation warning */
 446:Drivers/STM32L0xx_HAL_Driver/Src/stm32l0xx_hal_dac.c ****   UNUSED(hdac);
 213              		.loc 1 446 3 view .LVU52
 447:Drivers/STM32L0xx_HAL_Driver/Src/stm32l0xx_hal_dac.c ****   UNUSED(Channel);
 214              		.loc 1 447 3 view .LVU53
 448:Drivers/STM32L0xx_HAL_Driver/Src/stm32l0xx_hal_dac.c **** 
 449:Drivers/STM32L0xx_HAL_Driver/Src/stm32l0xx_hal_dac.c ****   /* Note : This function is defined into this file for library reference. */
 450:Drivers/STM32L0xx_HAL_Driver/Src/stm32l0xx_hal_dac.c ****   /*        Function content is located into file stm32l0xx_hal_dac_ex.c   */
 451:Drivers/STM32L0xx_HAL_Driver/Src/stm32l0xx_hal_dac.c **** 
 452:Drivers/STM32L0xx_HAL_Driver/Src/stm32l0xx_hal_dac.c ****   /* Return function status */
 453:Drivers/STM32L0xx_HAL_Driver/Src/stm32l0xx_hal_dac.c ****   return HAL_OK;
 215              		.loc 1 453 3 view .LVU54
 454:Drivers/STM32L0xx_HAL_Driver/Src/stm32l0xx_hal_dac.c **** }
 216              		.loc 1 454 1 is_stmt 0 view .LVU55
 217 0000 0020     		movs	r0, #0
 218              	.LVL15:
 219              		.loc 1 454 1 view .LVU56
 220              		@ sp needed
 221 0002 7047     		bx	lr
 222              		.cfi_endproc
 223              	.LFE51:
 225              		.section	.text.HAL_DAC_Stop,"ax",%progbits
 226              		.align	1
 227              		.global	HAL_DAC_Stop
 228              		.syntax unified
 229              		.code	16
 230              		.thumb_func
 232              	HAL_DAC_Stop:
 233              	.LVL16:
 234              	.LFB52:
 455:Drivers/STM32L0xx_HAL_Driver/Src/stm32l0xx_hal_dac.c **** 
 456:Drivers/STM32L0xx_HAL_Driver/Src/stm32l0xx_hal_dac.c **** /**
 457:Drivers/STM32L0xx_HAL_Driver/Src/stm32l0xx_hal_dac.c ****   * @brief  Disables DAC and stop conversion of channel.
 458:Drivers/STM32L0xx_HAL_Driver/Src/stm32l0xx_hal_dac.c ****   * @param  hdac pointer to a DAC_HandleTypeDef structure that contains
 459:Drivers/STM32L0xx_HAL_Driver/Src/stm32l0xx_hal_dac.c ****   *         the configuration information for the specified DAC.
 460:Drivers/STM32L0xx_HAL_Driver/Src/stm32l0xx_hal_dac.c ****   * @param  Channel The selected DAC channel.
 461:Drivers/STM32L0xx_HAL_Driver/Src/stm32l0xx_hal_dac.c ****   *          This parameter can be one of the following values:
 462:Drivers/STM32L0xx_HAL_Driver/Src/stm32l0xx_hal_dac.c ****   *            @arg DAC_CHANNEL_1: DAC Channel1 selected
 463:Drivers/STM32L0xx_HAL_Driver/Src/stm32l0xx_hal_dac.c ****   *            @arg DAC_CHANNEL_2: DAC Channel2 selected (STM32L07x/STM32L08x only)
 464:Drivers/STM32L0xx_HAL_Driver/Src/stm32l0xx_hal_dac.c ****   * @retval HAL status
 465:Drivers/STM32L0xx_HAL_Driver/Src/stm32l0xx_hal_dac.c ****   */
 466:Drivers/STM32L0xx_HAL_Driver/Src/stm32l0xx_hal_dac.c **** HAL_StatusTypeDef HAL_DAC_Stop(DAC_HandleTypeDef* hdac, uint32_t Channel)
 467:Drivers/STM32L0xx_HAL_Driver/Src/stm32l0xx_hal_dac.c **** {
 235              		.loc 1 467 1 is_stmt 1 view -0
 236              		.cfi_startproc
 237              		@ args = 0, pretend = 0, frame = 0
 238              		@ frame_needed = 0, uses_anonymous_args = 0
 239              		.loc 1 467 1 is_stmt 0 view .LVU58
 240 0000 30B5     		push	{r4, r5, lr}
ARM GAS  /var/folders/d7/pb3dkhys6j3db_qtp_8v34p80000gn/T//cc56OpCZ.s 			page 14


 241              	.LCFI2:
 242              		.cfi_def_cfa_offset 12
 243              		.cfi_offset 4, -12
 244              		.cfi_offset 5, -8
 245              		.cfi_offset 14, -4
 468:Drivers/STM32L0xx_HAL_Driver/Src/stm32l0xx_hal_dac.c ****   /* Check the parameters */
 469:Drivers/STM32L0xx_HAL_Driver/Src/stm32l0xx_hal_dac.c ****   assert_param(IS_DAC_CHANNEL(Channel));
 246              		.loc 1 469 3 is_stmt 1 view .LVU59
 470:Drivers/STM32L0xx_HAL_Driver/Src/stm32l0xx_hal_dac.c **** 
 471:Drivers/STM32L0xx_HAL_Driver/Src/stm32l0xx_hal_dac.c ****   /* Disable the Peripheral */
 472:Drivers/STM32L0xx_HAL_Driver/Src/stm32l0xx_hal_dac.c ****   __HAL_DAC_DISABLE(hdac, Channel);
 247              		.loc 1 472 3 view .LVU60
 248 0002 0468     		ldr	r4, [r0]
 249 0004 2368     		ldr	r3, [r4]
 250 0006 0122     		movs	r2, #1
 251 0008 1500     		movs	r5, r2
 252 000a 8D40     		lsls	r5, r5, r1
 253 000c AB43     		bics	r3, r5
 254 000e 2360     		str	r3, [r4]
 473:Drivers/STM32L0xx_HAL_Driver/Src/stm32l0xx_hal_dac.c **** 
 474:Drivers/STM32L0xx_HAL_Driver/Src/stm32l0xx_hal_dac.c ****   /* Change DAC state */
 475:Drivers/STM32L0xx_HAL_Driver/Src/stm32l0xx_hal_dac.c ****   hdac->State = HAL_DAC_STATE_READY;
 255              		.loc 1 475 3 view .LVU61
 256              		.loc 1 475 15 is_stmt 0 view .LVU62
 257 0010 0271     		strb	r2, [r0, #4]
 476:Drivers/STM32L0xx_HAL_Driver/Src/stm32l0xx_hal_dac.c **** 
 477:Drivers/STM32L0xx_HAL_Driver/Src/stm32l0xx_hal_dac.c ****   /* Return function status */
 478:Drivers/STM32L0xx_HAL_Driver/Src/stm32l0xx_hal_dac.c ****   return HAL_OK;
 258              		.loc 1 478 3 is_stmt 1 view .LVU63
 479:Drivers/STM32L0xx_HAL_Driver/Src/stm32l0xx_hal_dac.c **** }
 259              		.loc 1 479 1 is_stmt 0 view .LVU64
 260 0012 0020     		movs	r0, #0
 261              	.LVL17:
 262              		.loc 1 479 1 view .LVU65
 263              		@ sp needed
 264 0014 30BD     		pop	{r4, r5, pc}
 265              		.cfi_endproc
 266              	.LFE52:
 268              		.section	.text.HAL_DAC_Start_DMA,"ax",%progbits
 269              		.align	1
 270              		.weak	HAL_DAC_Start_DMA
 271              		.syntax unified
 272              		.code	16
 273              		.thumb_func
 275              	HAL_DAC_Start_DMA:
 276              	.LVL18:
 277              	.LFB53:
 480:Drivers/STM32L0xx_HAL_Driver/Src/stm32l0xx_hal_dac.c **** 
 481:Drivers/STM32L0xx_HAL_Driver/Src/stm32l0xx_hal_dac.c **** /**
 482:Drivers/STM32L0xx_HAL_Driver/Src/stm32l0xx_hal_dac.c ****   * @brief  Enables DAC and starts conversion of channel using DMA.
 483:Drivers/STM32L0xx_HAL_Driver/Src/stm32l0xx_hal_dac.c ****   * @param  hdac pointer to a DAC_HandleTypeDef structure that contains
 484:Drivers/STM32L0xx_HAL_Driver/Src/stm32l0xx_hal_dac.c ****   *         the configuration information for the specified DAC.
 485:Drivers/STM32L0xx_HAL_Driver/Src/stm32l0xx_hal_dac.c ****   * @param  Channel The selected DAC channel.
 486:Drivers/STM32L0xx_HAL_Driver/Src/stm32l0xx_hal_dac.c ****   *          This parameter can be one of the following values:
 487:Drivers/STM32L0xx_HAL_Driver/Src/stm32l0xx_hal_dac.c ****   *            @arg DAC_CHANNEL_1: DAC Channel1 selected
 488:Drivers/STM32L0xx_HAL_Driver/Src/stm32l0xx_hal_dac.c ****   *            @arg DAC_CHANNEL_2: DAC Channel2 selected (STM32L07x/STM32L08x only)
 489:Drivers/STM32L0xx_HAL_Driver/Src/stm32l0xx_hal_dac.c ****   * @param  pData The destination peripheral Buffer address.
ARM GAS  /var/folders/d7/pb3dkhys6j3db_qtp_8v34p80000gn/T//cc56OpCZ.s 			page 15


 490:Drivers/STM32L0xx_HAL_Driver/Src/stm32l0xx_hal_dac.c ****   * @param  Length The length of data to be transferred from memory to DAC peripheral
 491:Drivers/STM32L0xx_HAL_Driver/Src/stm32l0xx_hal_dac.c ****   * @param  Alignment Specifies the data alignment for DAC channel.
 492:Drivers/STM32L0xx_HAL_Driver/Src/stm32l0xx_hal_dac.c ****   *          This parameter can be one of the following values:
 493:Drivers/STM32L0xx_HAL_Driver/Src/stm32l0xx_hal_dac.c ****   *            @arg DAC_ALIGN_8B_R: 8bit right data alignment selected
 494:Drivers/STM32L0xx_HAL_Driver/Src/stm32l0xx_hal_dac.c ****   *            @arg DAC_ALIGN_12B_L: 12bit left data alignment selected
 495:Drivers/STM32L0xx_HAL_Driver/Src/stm32l0xx_hal_dac.c ****   *            @arg DAC_ALIGN_12B_R: 12bit right data alignment selected
 496:Drivers/STM32L0xx_HAL_Driver/Src/stm32l0xx_hal_dac.c ****   * @retval HAL status
 497:Drivers/STM32L0xx_HAL_Driver/Src/stm32l0xx_hal_dac.c ****   */
 498:Drivers/STM32L0xx_HAL_Driver/Src/stm32l0xx_hal_dac.c **** __weak HAL_StatusTypeDef HAL_DAC_Start_DMA(DAC_HandleTypeDef* hdac, uint32_t Channel, uint32_t* pDa
 499:Drivers/STM32L0xx_HAL_Driver/Src/stm32l0xx_hal_dac.c **** {
 278              		.loc 1 499 1 is_stmt 1 view -0
 279              		.cfi_startproc
 280              		@ args = 4, pretend = 0, frame = 0
 281              		@ frame_needed = 0, uses_anonymous_args = 0
 282              		@ link register save eliminated.
 500:Drivers/STM32L0xx_HAL_Driver/Src/stm32l0xx_hal_dac.c ****   /* Prevent unused argument(s) compilation warning */
 501:Drivers/STM32L0xx_HAL_Driver/Src/stm32l0xx_hal_dac.c ****   UNUSED(hdac);
 283              		.loc 1 501 3 view .LVU67
 502:Drivers/STM32L0xx_HAL_Driver/Src/stm32l0xx_hal_dac.c ****   UNUSED(Channel);
 284              		.loc 1 502 3 view .LVU68
 503:Drivers/STM32L0xx_HAL_Driver/Src/stm32l0xx_hal_dac.c ****   UNUSED(pData);
 285              		.loc 1 503 3 view .LVU69
 504:Drivers/STM32L0xx_HAL_Driver/Src/stm32l0xx_hal_dac.c ****   UNUSED(Length);
 286              		.loc 1 504 3 view .LVU70
 505:Drivers/STM32L0xx_HAL_Driver/Src/stm32l0xx_hal_dac.c ****   UNUSED(Alignment);
 287              		.loc 1 505 3 view .LVU71
 506:Drivers/STM32L0xx_HAL_Driver/Src/stm32l0xx_hal_dac.c **** 
 507:Drivers/STM32L0xx_HAL_Driver/Src/stm32l0xx_hal_dac.c ****   /* Note : This function is defined into this file for library reference. */
 508:Drivers/STM32L0xx_HAL_Driver/Src/stm32l0xx_hal_dac.c ****   /*        Function content is located into file stm32l0xx_hal_dac_ex.c   */
 509:Drivers/STM32L0xx_HAL_Driver/Src/stm32l0xx_hal_dac.c **** 
 510:Drivers/STM32L0xx_HAL_Driver/Src/stm32l0xx_hal_dac.c ****   /* Return function status */
 511:Drivers/STM32L0xx_HAL_Driver/Src/stm32l0xx_hal_dac.c ****   return HAL_OK;
 288              		.loc 1 511 3 view .LVU72
 512:Drivers/STM32L0xx_HAL_Driver/Src/stm32l0xx_hal_dac.c **** }
 289              		.loc 1 512 1 is_stmt 0 view .LVU73
 290 0000 0020     		movs	r0, #0
 291              	.LVL19:
 292              		.loc 1 512 1 view .LVU74
 293              		@ sp needed
 294 0002 7047     		bx	lr
 295              		.cfi_endproc
 296              	.LFE53:
 298              		.section	.text.HAL_DAC_Stop_DMA,"ax",%progbits
 299              		.align	1
 300              		.weak	HAL_DAC_Stop_DMA
 301              		.syntax unified
 302              		.code	16
 303              		.thumb_func
 305              	HAL_DAC_Stop_DMA:
 306              	.LVL20:
 307              	.LFB54:
 513:Drivers/STM32L0xx_HAL_Driver/Src/stm32l0xx_hal_dac.c **** 
 514:Drivers/STM32L0xx_HAL_Driver/Src/stm32l0xx_hal_dac.c **** /**
 515:Drivers/STM32L0xx_HAL_Driver/Src/stm32l0xx_hal_dac.c ****   * @brief  Disables DAC and stop conversion of channel.
 516:Drivers/STM32L0xx_HAL_Driver/Src/stm32l0xx_hal_dac.c ****   * @param  hdac pointer to a DAC_HandleTypeDef structure that contains
 517:Drivers/STM32L0xx_HAL_Driver/Src/stm32l0xx_hal_dac.c ****   *         the configuration information for the specified DAC.
 518:Drivers/STM32L0xx_HAL_Driver/Src/stm32l0xx_hal_dac.c ****   * @param  Channel The selected DAC channel.
ARM GAS  /var/folders/d7/pb3dkhys6j3db_qtp_8v34p80000gn/T//cc56OpCZ.s 			page 16


 519:Drivers/STM32L0xx_HAL_Driver/Src/stm32l0xx_hal_dac.c ****   *          This parameter can be one of the following values:
 520:Drivers/STM32L0xx_HAL_Driver/Src/stm32l0xx_hal_dac.c ****   *            @arg DAC_CHANNEL_1: DAC Channel1 selected
 521:Drivers/STM32L0xx_HAL_Driver/Src/stm32l0xx_hal_dac.c ****   *            @arg DAC_CHANNEL_2: DAC Channel2 selected (STM32L07x/STM32L08x only)
 522:Drivers/STM32L0xx_HAL_Driver/Src/stm32l0xx_hal_dac.c ****   * @retval HAL status
 523:Drivers/STM32L0xx_HAL_Driver/Src/stm32l0xx_hal_dac.c ****   */
 524:Drivers/STM32L0xx_HAL_Driver/Src/stm32l0xx_hal_dac.c **** __weak HAL_StatusTypeDef HAL_DAC_Stop_DMA(DAC_HandleTypeDef* hdac, uint32_t Channel)
 525:Drivers/STM32L0xx_HAL_Driver/Src/stm32l0xx_hal_dac.c **** {
 308              		.loc 1 525 1 is_stmt 1 view -0
 309              		.cfi_startproc
 310              		@ args = 0, pretend = 0, frame = 0
 311              		@ frame_needed = 0, uses_anonymous_args = 0
 312              		@ link register save eliminated.
 526:Drivers/STM32L0xx_HAL_Driver/Src/stm32l0xx_hal_dac.c ****   /* Prevent unused argument(s) compilation warning */
 527:Drivers/STM32L0xx_HAL_Driver/Src/stm32l0xx_hal_dac.c ****   UNUSED(hdac);
 313              		.loc 1 527 3 view .LVU76
 528:Drivers/STM32L0xx_HAL_Driver/Src/stm32l0xx_hal_dac.c ****   UNUSED(Channel);
 314              		.loc 1 528 3 view .LVU77
 529:Drivers/STM32L0xx_HAL_Driver/Src/stm32l0xx_hal_dac.c **** 
 530:Drivers/STM32L0xx_HAL_Driver/Src/stm32l0xx_hal_dac.c ****   /* Note : This function is defined into this file for library reference. */
 531:Drivers/STM32L0xx_HAL_Driver/Src/stm32l0xx_hal_dac.c ****   /*        Function content is located into file stm32l0xx_hal_dac_ex.c   */
 532:Drivers/STM32L0xx_HAL_Driver/Src/stm32l0xx_hal_dac.c **** 
 533:Drivers/STM32L0xx_HAL_Driver/Src/stm32l0xx_hal_dac.c ****   /* Return function status */
 534:Drivers/STM32L0xx_HAL_Driver/Src/stm32l0xx_hal_dac.c ****   return HAL_OK;
 315              		.loc 1 534 3 view .LVU78
 535:Drivers/STM32L0xx_HAL_Driver/Src/stm32l0xx_hal_dac.c **** }
 316              		.loc 1 535 1 is_stmt 0 view .LVU79
 317 0000 0020     		movs	r0, #0
 318              	.LVL21:
 319              		.loc 1 535 1 view .LVU80
 320              		@ sp needed
 321 0002 7047     		bx	lr
 322              		.cfi_endproc
 323              	.LFE54:
 325              		.section	.text.HAL_DAC_GetValue,"ax",%progbits
 326              		.align	1
 327              		.weak	HAL_DAC_GetValue
 328              		.syntax unified
 329              		.code	16
 330              		.thumb_func
 332              	HAL_DAC_GetValue:
 333              	.LVL22:
 334              	.LFB55:
 536:Drivers/STM32L0xx_HAL_Driver/Src/stm32l0xx_hal_dac.c **** 
 537:Drivers/STM32L0xx_HAL_Driver/Src/stm32l0xx_hal_dac.c **** /**
 538:Drivers/STM32L0xx_HAL_Driver/Src/stm32l0xx_hal_dac.c ****   * @brief  Returns the last data output value of the selected DAC channel.
 539:Drivers/STM32L0xx_HAL_Driver/Src/stm32l0xx_hal_dac.c ****   * @param  hdac pointer to a DAC_HandleTypeDef structure that contains
 540:Drivers/STM32L0xx_HAL_Driver/Src/stm32l0xx_hal_dac.c ****   *         the configuration information for the specified DAC.
 541:Drivers/STM32L0xx_HAL_Driver/Src/stm32l0xx_hal_dac.c ****   * @param  Channel The selected DAC channel.
 542:Drivers/STM32L0xx_HAL_Driver/Src/stm32l0xx_hal_dac.c ****   *          This parameter can be one of the following values:
 543:Drivers/STM32L0xx_HAL_Driver/Src/stm32l0xx_hal_dac.c ****   *            @arg DAC_CHANNEL_1: DAC Channel1 selected
 544:Drivers/STM32L0xx_HAL_Driver/Src/stm32l0xx_hal_dac.c ****   *            @arg DAC_CHANNEL_2: DAC Channel2 selected (STM32L07x/STM32L08x only)
 545:Drivers/STM32L0xx_HAL_Driver/Src/stm32l0xx_hal_dac.c ****   * @retval The selected DAC channel data output value.
 546:Drivers/STM32L0xx_HAL_Driver/Src/stm32l0xx_hal_dac.c ****   */
 547:Drivers/STM32L0xx_HAL_Driver/Src/stm32l0xx_hal_dac.c **** __weak uint32_t HAL_DAC_GetValue(DAC_HandleTypeDef* hdac, uint32_t Channel)
 548:Drivers/STM32L0xx_HAL_Driver/Src/stm32l0xx_hal_dac.c **** {
 335              		.loc 1 548 1 is_stmt 1 view -0
 336              		.cfi_startproc
ARM GAS  /var/folders/d7/pb3dkhys6j3db_qtp_8v34p80000gn/T//cc56OpCZ.s 			page 17


 337              		@ args = 0, pretend = 0, frame = 0
 338              		@ frame_needed = 0, uses_anonymous_args = 0
 339              		@ link register save eliminated.
 549:Drivers/STM32L0xx_HAL_Driver/Src/stm32l0xx_hal_dac.c ****   /* Prevent unused argument(s) compilation warning */
 550:Drivers/STM32L0xx_HAL_Driver/Src/stm32l0xx_hal_dac.c ****   UNUSED(hdac);
 340              		.loc 1 550 3 view .LVU82
 551:Drivers/STM32L0xx_HAL_Driver/Src/stm32l0xx_hal_dac.c ****   UNUSED(Channel);
 341              		.loc 1 551 3 view .LVU83
 552:Drivers/STM32L0xx_HAL_Driver/Src/stm32l0xx_hal_dac.c **** 
 553:Drivers/STM32L0xx_HAL_Driver/Src/stm32l0xx_hal_dac.c ****   /* Note : This function is defined into this file for library reference. */
 554:Drivers/STM32L0xx_HAL_Driver/Src/stm32l0xx_hal_dac.c ****   /*        Function content is located into file stm32l0xx_hal_dac_ex.c   */
 555:Drivers/STM32L0xx_HAL_Driver/Src/stm32l0xx_hal_dac.c **** 
 556:Drivers/STM32L0xx_HAL_Driver/Src/stm32l0xx_hal_dac.c ****   /* Return function status */
 557:Drivers/STM32L0xx_HAL_Driver/Src/stm32l0xx_hal_dac.c ****   return 0U;
 342              		.loc 1 557 3 view .LVU84
 558:Drivers/STM32L0xx_HAL_Driver/Src/stm32l0xx_hal_dac.c **** }
 343              		.loc 1 558 1 is_stmt 0 view .LVU85
 344 0000 0020     		movs	r0, #0
 345              	.LVL23:
 346              		.loc 1 558 1 view .LVU86
 347              		@ sp needed
 348 0002 7047     		bx	lr
 349              		.cfi_endproc
 350              	.LFE55:
 352              		.section	.text.HAL_DAC_IRQHandler,"ax",%progbits
 353              		.align	1
 354              		.weak	HAL_DAC_IRQHandler
 355              		.syntax unified
 356              		.code	16
 357              		.thumb_func
 359              	HAL_DAC_IRQHandler:
 360              	.LVL24:
 361              	.LFB56:
 559:Drivers/STM32L0xx_HAL_Driver/Src/stm32l0xx_hal_dac.c **** 
 560:Drivers/STM32L0xx_HAL_Driver/Src/stm32l0xx_hal_dac.c **** /**
 561:Drivers/STM32L0xx_HAL_Driver/Src/stm32l0xx_hal_dac.c ****   * @brief  Handles DAC interrupt request
 562:Drivers/STM32L0xx_HAL_Driver/Src/stm32l0xx_hal_dac.c ****   * @param  hdac pointer to a DAC_HandleTypeDef structure that contains
 563:Drivers/STM32L0xx_HAL_Driver/Src/stm32l0xx_hal_dac.c ****   *         the configuration information for the specified DAC.
 564:Drivers/STM32L0xx_HAL_Driver/Src/stm32l0xx_hal_dac.c ****   * @retval None
 565:Drivers/STM32L0xx_HAL_Driver/Src/stm32l0xx_hal_dac.c ****   */
 566:Drivers/STM32L0xx_HAL_Driver/Src/stm32l0xx_hal_dac.c **** __weak void HAL_DAC_IRQHandler(DAC_HandleTypeDef* hdac)
 567:Drivers/STM32L0xx_HAL_Driver/Src/stm32l0xx_hal_dac.c **** {
 362              		.loc 1 567 1 is_stmt 1 view -0
 363              		.cfi_startproc
 364              		@ args = 0, pretend = 0, frame = 0
 365              		@ frame_needed = 0, uses_anonymous_args = 0
 366              		@ link register save eliminated.
 568:Drivers/STM32L0xx_HAL_Driver/Src/stm32l0xx_hal_dac.c ****   /* Prevent unused argument(s) compilation warning */
 569:Drivers/STM32L0xx_HAL_Driver/Src/stm32l0xx_hal_dac.c ****   UNUSED(hdac);
 367              		.loc 1 569 3 view .LVU88
 570:Drivers/STM32L0xx_HAL_Driver/Src/stm32l0xx_hal_dac.c **** 
 571:Drivers/STM32L0xx_HAL_Driver/Src/stm32l0xx_hal_dac.c ****   /* Note : This function is defined into this file for library reference. */
 572:Drivers/STM32L0xx_HAL_Driver/Src/stm32l0xx_hal_dac.c ****   /*        Function content is located into file stm32l0xx_hal_dac_ex.c   */
 573:Drivers/STM32L0xx_HAL_Driver/Src/stm32l0xx_hal_dac.c **** 
 574:Drivers/STM32L0xx_HAL_Driver/Src/stm32l0xx_hal_dac.c **** }
 368              		.loc 1 574 1 is_stmt 0 view .LVU89
 369              		@ sp needed
ARM GAS  /var/folders/d7/pb3dkhys6j3db_qtp_8v34p80000gn/T//cc56OpCZ.s 			page 18


 370 0000 7047     		bx	lr
 371              		.cfi_endproc
 372              	.LFE56:
 374              		.section	.text.HAL_DAC_ConvCpltCallbackCh1,"ax",%progbits
 375              		.align	1
 376              		.weak	HAL_DAC_ConvCpltCallbackCh1
 377              		.syntax unified
 378              		.code	16
 379              		.thumb_func
 381              	HAL_DAC_ConvCpltCallbackCh1:
 382              	.LVL25:
 383              	.LFB57:
 575:Drivers/STM32L0xx_HAL_Driver/Src/stm32l0xx_hal_dac.c **** 
 576:Drivers/STM32L0xx_HAL_Driver/Src/stm32l0xx_hal_dac.c **** /**
 577:Drivers/STM32L0xx_HAL_Driver/Src/stm32l0xx_hal_dac.c ****   * @brief  Conversion complete callback in non-blocking mode for Channel1
 578:Drivers/STM32L0xx_HAL_Driver/Src/stm32l0xx_hal_dac.c ****   * @param  hdac pointer to a DAC_HandleTypeDef structure that contains
 579:Drivers/STM32L0xx_HAL_Driver/Src/stm32l0xx_hal_dac.c ****   *         the configuration information for the specified DAC.
 580:Drivers/STM32L0xx_HAL_Driver/Src/stm32l0xx_hal_dac.c ****   * @retval None
 581:Drivers/STM32L0xx_HAL_Driver/Src/stm32l0xx_hal_dac.c ****   */
 582:Drivers/STM32L0xx_HAL_Driver/Src/stm32l0xx_hal_dac.c **** __weak void HAL_DAC_ConvCpltCallbackCh1(DAC_HandleTypeDef* hdac)
 583:Drivers/STM32L0xx_HAL_Driver/Src/stm32l0xx_hal_dac.c **** {
 384              		.loc 1 583 1 is_stmt 1 view -0
 385              		.cfi_startproc
 386              		@ args = 0, pretend = 0, frame = 0
 387              		@ frame_needed = 0, uses_anonymous_args = 0
 388              		@ link register save eliminated.
 584:Drivers/STM32L0xx_HAL_Driver/Src/stm32l0xx_hal_dac.c ****   /* Prevent unused argument(s) compilation warning */
 585:Drivers/STM32L0xx_HAL_Driver/Src/stm32l0xx_hal_dac.c ****   UNUSED(hdac);
 389              		.loc 1 585 3 view .LVU91
 586:Drivers/STM32L0xx_HAL_Driver/Src/stm32l0xx_hal_dac.c **** 
 587:Drivers/STM32L0xx_HAL_Driver/Src/stm32l0xx_hal_dac.c ****   /* NOTE : This function should not be modified, when the callback is needed,
 588:Drivers/STM32L0xx_HAL_Driver/Src/stm32l0xx_hal_dac.c ****             the HAL_DAC_ConvCpltCallbackCh1 could be implemented in the user file
 589:Drivers/STM32L0xx_HAL_Driver/Src/stm32l0xx_hal_dac.c ****    */
 590:Drivers/STM32L0xx_HAL_Driver/Src/stm32l0xx_hal_dac.c **** }
 390              		.loc 1 590 1 is_stmt 0 view .LVU92
 391              		@ sp needed
 392 0000 7047     		bx	lr
 393              		.cfi_endproc
 394              	.LFE57:
 396              		.section	.text.HAL_DAC_ConvHalfCpltCallbackCh1,"ax",%progbits
 397              		.align	1
 398              		.weak	HAL_DAC_ConvHalfCpltCallbackCh1
 399              		.syntax unified
 400              		.code	16
 401              		.thumb_func
 403              	HAL_DAC_ConvHalfCpltCallbackCh1:
 404              	.LVL26:
 405              	.LFB58:
 591:Drivers/STM32L0xx_HAL_Driver/Src/stm32l0xx_hal_dac.c **** 
 592:Drivers/STM32L0xx_HAL_Driver/Src/stm32l0xx_hal_dac.c **** /**
 593:Drivers/STM32L0xx_HAL_Driver/Src/stm32l0xx_hal_dac.c ****   * @brief  Conversion half DMA transfer callback in non-blocking mode for Channel1
 594:Drivers/STM32L0xx_HAL_Driver/Src/stm32l0xx_hal_dac.c ****   * @param  hdac pointer to a DAC_HandleTypeDef structure that contains
 595:Drivers/STM32L0xx_HAL_Driver/Src/stm32l0xx_hal_dac.c ****   *         the configuration information for the specified DAC.
 596:Drivers/STM32L0xx_HAL_Driver/Src/stm32l0xx_hal_dac.c ****   * @retval None
 597:Drivers/STM32L0xx_HAL_Driver/Src/stm32l0xx_hal_dac.c ****   */
 598:Drivers/STM32L0xx_HAL_Driver/Src/stm32l0xx_hal_dac.c **** __weak void HAL_DAC_ConvHalfCpltCallbackCh1(DAC_HandleTypeDef* hdac)
 599:Drivers/STM32L0xx_HAL_Driver/Src/stm32l0xx_hal_dac.c **** {
ARM GAS  /var/folders/d7/pb3dkhys6j3db_qtp_8v34p80000gn/T//cc56OpCZ.s 			page 19


 406              		.loc 1 599 1 is_stmt 1 view -0
 407              		.cfi_startproc
 408              		@ args = 0, pretend = 0, frame = 0
 409              		@ frame_needed = 0, uses_anonymous_args = 0
 410              		@ link register save eliminated.
 600:Drivers/STM32L0xx_HAL_Driver/Src/stm32l0xx_hal_dac.c ****   /* Prevent unused argument(s) compilation warning */
 601:Drivers/STM32L0xx_HAL_Driver/Src/stm32l0xx_hal_dac.c ****   UNUSED(hdac);
 411              		.loc 1 601 3 view .LVU94
 602:Drivers/STM32L0xx_HAL_Driver/Src/stm32l0xx_hal_dac.c **** 
 603:Drivers/STM32L0xx_HAL_Driver/Src/stm32l0xx_hal_dac.c ****   /* NOTE : This function should not be modified, when the callback is needed,
 604:Drivers/STM32L0xx_HAL_Driver/Src/stm32l0xx_hal_dac.c ****             the HAL_DAC_ConvHalfCpltCallbackCh1 could be implemented in the user file
 605:Drivers/STM32L0xx_HAL_Driver/Src/stm32l0xx_hal_dac.c ****    */
 606:Drivers/STM32L0xx_HAL_Driver/Src/stm32l0xx_hal_dac.c **** }
 412              		.loc 1 606 1 is_stmt 0 view .LVU95
 413              		@ sp needed
 414 0000 7047     		bx	lr
 415              		.cfi_endproc
 416              	.LFE58:
 418              		.section	.text.HAL_DAC_ErrorCallbackCh1,"ax",%progbits
 419              		.align	1
 420              		.weak	HAL_DAC_ErrorCallbackCh1
 421              		.syntax unified
 422              		.code	16
 423              		.thumb_func
 425              	HAL_DAC_ErrorCallbackCh1:
 426              	.LVL27:
 427              	.LFB59:
 607:Drivers/STM32L0xx_HAL_Driver/Src/stm32l0xx_hal_dac.c **** 
 608:Drivers/STM32L0xx_HAL_Driver/Src/stm32l0xx_hal_dac.c **** /**
 609:Drivers/STM32L0xx_HAL_Driver/Src/stm32l0xx_hal_dac.c ****   * @brief  Error DAC callback for Channel1.
 610:Drivers/STM32L0xx_HAL_Driver/Src/stm32l0xx_hal_dac.c ****   * @param  hdac pointer to a DAC_HandleTypeDef structure that contains
 611:Drivers/STM32L0xx_HAL_Driver/Src/stm32l0xx_hal_dac.c ****   *         the configuration information for the specified DAC.
 612:Drivers/STM32L0xx_HAL_Driver/Src/stm32l0xx_hal_dac.c ****   * @retval None
 613:Drivers/STM32L0xx_HAL_Driver/Src/stm32l0xx_hal_dac.c ****   */
 614:Drivers/STM32L0xx_HAL_Driver/Src/stm32l0xx_hal_dac.c **** __weak void HAL_DAC_ErrorCallbackCh1(DAC_HandleTypeDef *hdac)
 615:Drivers/STM32L0xx_HAL_Driver/Src/stm32l0xx_hal_dac.c **** {
 428              		.loc 1 615 1 is_stmt 1 view -0
 429              		.cfi_startproc
 430              		@ args = 0, pretend = 0, frame = 0
 431              		@ frame_needed = 0, uses_anonymous_args = 0
 432              		@ link register save eliminated.
 616:Drivers/STM32L0xx_HAL_Driver/Src/stm32l0xx_hal_dac.c ****   /* Prevent unused argument(s) compilation warning */
 617:Drivers/STM32L0xx_HAL_Driver/Src/stm32l0xx_hal_dac.c ****   UNUSED(hdac);
 433              		.loc 1 617 3 view .LVU97
 618:Drivers/STM32L0xx_HAL_Driver/Src/stm32l0xx_hal_dac.c **** 
 619:Drivers/STM32L0xx_HAL_Driver/Src/stm32l0xx_hal_dac.c ****   /* NOTE : This function should not be modified, when the callback is needed,
 620:Drivers/STM32L0xx_HAL_Driver/Src/stm32l0xx_hal_dac.c ****             the HAL_DAC_ErrorCallbackCh1 could be implemented in the user file
 621:Drivers/STM32L0xx_HAL_Driver/Src/stm32l0xx_hal_dac.c ****    */
 622:Drivers/STM32L0xx_HAL_Driver/Src/stm32l0xx_hal_dac.c **** }
 434              		.loc 1 622 1 is_stmt 0 view .LVU98
 435              		@ sp needed
 436 0000 7047     		bx	lr
 437              		.cfi_endproc
 438              	.LFE59:
 440              		.section	.text.HAL_DAC_DMAUnderrunCallbackCh1,"ax",%progbits
 441              		.align	1
 442              		.weak	HAL_DAC_DMAUnderrunCallbackCh1
ARM GAS  /var/folders/d7/pb3dkhys6j3db_qtp_8v34p80000gn/T//cc56OpCZ.s 			page 20


 443              		.syntax unified
 444              		.code	16
 445              		.thumb_func
 447              	HAL_DAC_DMAUnderrunCallbackCh1:
 448              	.LVL28:
 449              	.LFB60:
 623:Drivers/STM32L0xx_HAL_Driver/Src/stm32l0xx_hal_dac.c **** 
 624:Drivers/STM32L0xx_HAL_Driver/Src/stm32l0xx_hal_dac.c **** /**
 625:Drivers/STM32L0xx_HAL_Driver/Src/stm32l0xx_hal_dac.c ****   * @brief  DMA underrun DAC callback for channel1.
 626:Drivers/STM32L0xx_HAL_Driver/Src/stm32l0xx_hal_dac.c ****   * @param  hdac pointer to a DAC_HandleTypeDef structure that contains
 627:Drivers/STM32L0xx_HAL_Driver/Src/stm32l0xx_hal_dac.c ****   *         the configuration information for the specified DAC.
 628:Drivers/STM32L0xx_HAL_Driver/Src/stm32l0xx_hal_dac.c ****   * @retval None
 629:Drivers/STM32L0xx_HAL_Driver/Src/stm32l0xx_hal_dac.c ****   */
 630:Drivers/STM32L0xx_HAL_Driver/Src/stm32l0xx_hal_dac.c **** __weak void HAL_DAC_DMAUnderrunCallbackCh1(DAC_HandleTypeDef *hdac)
 631:Drivers/STM32L0xx_HAL_Driver/Src/stm32l0xx_hal_dac.c **** {
 450              		.loc 1 631 1 is_stmt 1 view -0
 451              		.cfi_startproc
 452              		@ args = 0, pretend = 0, frame = 0
 453              		@ frame_needed = 0, uses_anonymous_args = 0
 454              		@ link register save eliminated.
 632:Drivers/STM32L0xx_HAL_Driver/Src/stm32l0xx_hal_dac.c ****   /* Prevent unused argument(s) compilation warning */
 633:Drivers/STM32L0xx_HAL_Driver/Src/stm32l0xx_hal_dac.c ****   UNUSED(hdac);
 455              		.loc 1 633 3 view .LVU100
 634:Drivers/STM32L0xx_HAL_Driver/Src/stm32l0xx_hal_dac.c **** 
 635:Drivers/STM32L0xx_HAL_Driver/Src/stm32l0xx_hal_dac.c ****   /* NOTE : This function should not be modified, when the callback is needed,
 636:Drivers/STM32L0xx_HAL_Driver/Src/stm32l0xx_hal_dac.c ****             the HAL_DAC_DMAUnderrunCallbackCh1 could be implemented in the user file
 637:Drivers/STM32L0xx_HAL_Driver/Src/stm32l0xx_hal_dac.c ****    */
 638:Drivers/STM32L0xx_HAL_Driver/Src/stm32l0xx_hal_dac.c **** }
 456              		.loc 1 638 1 is_stmt 0 view .LVU101
 457              		@ sp needed
 458 0000 7047     		bx	lr
 459              		.cfi_endproc
 460              	.LFE60:
 462              		.section	.text.HAL_DAC_ConfigChannel,"ax",%progbits
 463              		.align	1
 464              		.global	HAL_DAC_ConfigChannel
 465              		.syntax unified
 466              		.code	16
 467              		.thumb_func
 469              	HAL_DAC_ConfigChannel:
 470              	.LVL29:
 471              	.LFB61:
 639:Drivers/STM32L0xx_HAL_Driver/Src/stm32l0xx_hal_dac.c **** 
 640:Drivers/STM32L0xx_HAL_Driver/Src/stm32l0xx_hal_dac.c **** /**
 641:Drivers/STM32L0xx_HAL_Driver/Src/stm32l0xx_hal_dac.c ****   * @}
 642:Drivers/STM32L0xx_HAL_Driver/Src/stm32l0xx_hal_dac.c ****   */
 643:Drivers/STM32L0xx_HAL_Driver/Src/stm32l0xx_hal_dac.c **** 
 644:Drivers/STM32L0xx_HAL_Driver/Src/stm32l0xx_hal_dac.c **** /** @addtogroup DAC_Exported_Functions_Group3
 645:Drivers/STM32L0xx_HAL_Driver/Src/stm32l0xx_hal_dac.c ****  *  @brief    Peripheral Control functions
 646:Drivers/STM32L0xx_HAL_Driver/Src/stm32l0xx_hal_dac.c ****  *
 647:Drivers/STM32L0xx_HAL_Driver/Src/stm32l0xx_hal_dac.c **** @verbatim
 648:Drivers/STM32L0xx_HAL_Driver/Src/stm32l0xx_hal_dac.c ****   ==============================================================================
 649:Drivers/STM32L0xx_HAL_Driver/Src/stm32l0xx_hal_dac.c ****              ##### Peripheral Control functions #####
 650:Drivers/STM32L0xx_HAL_Driver/Src/stm32l0xx_hal_dac.c ****   ==============================================================================
 651:Drivers/STM32L0xx_HAL_Driver/Src/stm32l0xx_hal_dac.c ****     [..]  This section provides functions allowing to:
 652:Drivers/STM32L0xx_HAL_Driver/Src/stm32l0xx_hal_dac.c ****       (+) Configure channels.
 653:Drivers/STM32L0xx_HAL_Driver/Src/stm32l0xx_hal_dac.c ****       (+) Set the specified data holding register value for DAC channel.
ARM GAS  /var/folders/d7/pb3dkhys6j3db_qtp_8v34p80000gn/T//cc56OpCZ.s 			page 21


 654:Drivers/STM32L0xx_HAL_Driver/Src/stm32l0xx_hal_dac.c **** 
 655:Drivers/STM32L0xx_HAL_Driver/Src/stm32l0xx_hal_dac.c **** @endverbatim
 656:Drivers/STM32L0xx_HAL_Driver/Src/stm32l0xx_hal_dac.c ****   * @{
 657:Drivers/STM32L0xx_HAL_Driver/Src/stm32l0xx_hal_dac.c ****   */
 658:Drivers/STM32L0xx_HAL_Driver/Src/stm32l0xx_hal_dac.c **** 
 659:Drivers/STM32L0xx_HAL_Driver/Src/stm32l0xx_hal_dac.c **** /**
 660:Drivers/STM32L0xx_HAL_Driver/Src/stm32l0xx_hal_dac.c ****   * @brief  Configures the selected DAC channel.
 661:Drivers/STM32L0xx_HAL_Driver/Src/stm32l0xx_hal_dac.c ****   * @param  hdac pointer to a DAC_HandleTypeDef structure that contains
 662:Drivers/STM32L0xx_HAL_Driver/Src/stm32l0xx_hal_dac.c ****   *         the configuration information for the specified DAC.
 663:Drivers/STM32L0xx_HAL_Driver/Src/stm32l0xx_hal_dac.c ****   * @param  sConfig DAC configuration structure.
 664:Drivers/STM32L0xx_HAL_Driver/Src/stm32l0xx_hal_dac.c ****   * @param  Channel The selected DAC channel.
 665:Drivers/STM32L0xx_HAL_Driver/Src/stm32l0xx_hal_dac.c ****   *          This parameter can be one of the following values:
 666:Drivers/STM32L0xx_HAL_Driver/Src/stm32l0xx_hal_dac.c ****   *            @arg DAC_CHANNEL_1: DAC Channel1 selected
 667:Drivers/STM32L0xx_HAL_Driver/Src/stm32l0xx_hal_dac.c ****   *            @arg DAC_CHANNEL_2: DAC Channel2 selected (STM32L07x/STM32L08x only)
 668:Drivers/STM32L0xx_HAL_Driver/Src/stm32l0xx_hal_dac.c ****   * @retval HAL status
 669:Drivers/STM32L0xx_HAL_Driver/Src/stm32l0xx_hal_dac.c ****   */
 670:Drivers/STM32L0xx_HAL_Driver/Src/stm32l0xx_hal_dac.c **** HAL_StatusTypeDef HAL_DAC_ConfigChannel(DAC_HandleTypeDef* hdac, DAC_ChannelConfTypeDef* sConfig, u
 671:Drivers/STM32L0xx_HAL_Driver/Src/stm32l0xx_hal_dac.c **** {
 472              		.loc 1 671 1 is_stmt 1 view -0
 473              		.cfi_startproc
 474              		@ args = 0, pretend = 0, frame = 0
 475              		@ frame_needed = 0, uses_anonymous_args = 0
 476              		.loc 1 671 1 is_stmt 0 view .LVU103
 477 0000 70B5     		push	{r4, r5, r6, lr}
 478              	.LCFI3:
 479              		.cfi_def_cfa_offset 16
 480              		.cfi_offset 4, -16
 481              		.cfi_offset 5, -12
 482              		.cfi_offset 6, -8
 483              		.cfi_offset 14, -4
 672:Drivers/STM32L0xx_HAL_Driver/Src/stm32l0xx_hal_dac.c ****   uint32_t tmpreg1 = 0U, tmpreg2 = 0U;
 484              		.loc 1 672 3 is_stmt 1 view .LVU104
 485              	.LVL30:
 673:Drivers/STM32L0xx_HAL_Driver/Src/stm32l0xx_hal_dac.c **** 
 674:Drivers/STM32L0xx_HAL_Driver/Src/stm32l0xx_hal_dac.c ****   /* Check the DAC parameters */
 675:Drivers/STM32L0xx_HAL_Driver/Src/stm32l0xx_hal_dac.c ****   assert_param(IS_DAC_TRIGGER(sConfig->DAC_Trigger));
 486              		.loc 1 675 3 view .LVU105
 676:Drivers/STM32L0xx_HAL_Driver/Src/stm32l0xx_hal_dac.c ****   assert_param(IS_DAC_OUTPUT_BUFFER_STATE(sConfig->DAC_OutputBuffer));
 487              		.loc 1 676 3 view .LVU106
 677:Drivers/STM32L0xx_HAL_Driver/Src/stm32l0xx_hal_dac.c ****   assert_param(IS_DAC_CHANNEL(Channel));
 488              		.loc 1 677 3 view .LVU107
 678:Drivers/STM32L0xx_HAL_Driver/Src/stm32l0xx_hal_dac.c **** 
 679:Drivers/STM32L0xx_HAL_Driver/Src/stm32l0xx_hal_dac.c ****   /* Process locked */
 680:Drivers/STM32L0xx_HAL_Driver/Src/stm32l0xx_hal_dac.c ****   __HAL_LOCK(hdac);
 489              		.loc 1 680 3 view .LVU108
 490              		.loc 1 680 3 view .LVU109
 491 0002 4379     		ldrb	r3, [r0, #5]
 492 0004 012B     		cmp	r3, #1
 493 0006 19D0     		beq	.L23
 494              		.loc 1 680 3 discriminator 2 view .LVU110
 495 0008 0125     		movs	r5, #1
 496 000a 4571     		strb	r5, [r0, #5]
 497              		.loc 1 680 3 view .LVU111
 681:Drivers/STM32L0xx_HAL_Driver/Src/stm32l0xx_hal_dac.c **** 
 682:Drivers/STM32L0xx_HAL_Driver/Src/stm32l0xx_hal_dac.c ****   /* Change DAC state */
 683:Drivers/STM32L0xx_HAL_Driver/Src/stm32l0xx_hal_dac.c ****   hdac->State = HAL_DAC_STATE_BUSY;
 498              		.loc 1 683 3 view .LVU112
ARM GAS  /var/folders/d7/pb3dkhys6j3db_qtp_8v34p80000gn/T//cc56OpCZ.s 			page 22


 499              		.loc 1 683 15 is_stmt 0 view .LVU113
 500 000c 0223     		movs	r3, #2
 501 000e 0371     		strb	r3, [r0, #4]
 684:Drivers/STM32L0xx_HAL_Driver/Src/stm32l0xx_hal_dac.c **** 
 685:Drivers/STM32L0xx_HAL_Driver/Src/stm32l0xx_hal_dac.c ****   /* Get the DAC CR value */
 686:Drivers/STM32L0xx_HAL_Driver/Src/stm32l0xx_hal_dac.c ****   tmpreg1 = hdac->Instance->CR;
 502              		.loc 1 686 3 is_stmt 1 view .LVU114
 503              		.loc 1 686 17 is_stmt 0 view .LVU115
 504 0010 0668     		ldr	r6, [r0]
 505              		.loc 1 686 11 view .LVU116
 506 0012 3468     		ldr	r4, [r6]
 507              	.LVL31:
 687:Drivers/STM32L0xx_HAL_Driver/Src/stm32l0xx_hal_dac.c ****   /* Clear BOFFx, TENx, TSELx, WAVEx and MAMPx bits */
 688:Drivers/STM32L0xx_HAL_Driver/Src/stm32l0xx_hal_dac.c ****   tmpreg1 &= ~(((uint32_t)(DAC_CR_MAMP1 | DAC_CR_WAVE1 | DAC_CR_TSEL1 | DAC_CR_TEN1 | DAC_CR_BOFF1)
 508              		.loc 1 688 3 is_stmt 1 view .LVU117
 509              		.loc 1 688 102 is_stmt 0 view .LVU118
 510 0014 0A4B     		ldr	r3, .L24
 511 0016 9340     		lsls	r3, r3, r2
 512              		.loc 1 688 11 view .LVU119
 513 0018 9C43     		bics	r4, r3
 514              	.LVL32:
 689:Drivers/STM32L0xx_HAL_Driver/Src/stm32l0xx_hal_dac.c ****   /* Configure for the selected DAC channel: buffer output, trigger */
 690:Drivers/STM32L0xx_HAL_Driver/Src/stm32l0xx_hal_dac.c ****   /* Set TSELx and TENx bits according to DAC_Trigger value */
 691:Drivers/STM32L0xx_HAL_Driver/Src/stm32l0xx_hal_dac.c ****   /* Set BOFFx bit according to DAC_OutputBuffer value */
 692:Drivers/STM32L0xx_HAL_Driver/Src/stm32l0xx_hal_dac.c ****   tmpreg2 = (sConfig->DAC_Trigger | sConfig->DAC_OutputBuffer);
 515              		.loc 1 692 3 is_stmt 1 view .LVU120
 516              		.loc 1 692 21 is_stmt 0 view .LVU121
 517 001a 0B68     		ldr	r3, [r1]
 518              		.loc 1 692 44 view .LVU122
 519 001c 4968     		ldr	r1, [r1, #4]
 520              	.LVL33:
 521              		.loc 1 692 11 view .LVU123
 522 001e 0B43     		orrs	r3, r1
 523              	.LVL34:
 693:Drivers/STM32L0xx_HAL_Driver/Src/stm32l0xx_hal_dac.c ****   /* Calculate CR register value depending on DAC_Channel */
 694:Drivers/STM32L0xx_HAL_Driver/Src/stm32l0xx_hal_dac.c ****   tmpreg1 |= tmpreg2 << Channel;
 524              		.loc 1 694 3 is_stmt 1 view .LVU124
 525              		.loc 1 694 22 is_stmt 0 view .LVU125
 526 0020 9340     		lsls	r3, r3, r2
 527              	.LVL35:
 528              		.loc 1 694 11 view .LVU126
 529 0022 2343     		orrs	r3, r4
 530              	.LVL36:
 695:Drivers/STM32L0xx_HAL_Driver/Src/stm32l0xx_hal_dac.c ****   /* Write to DAC CR */
 696:Drivers/STM32L0xx_HAL_Driver/Src/stm32l0xx_hal_dac.c ****   hdac->Instance->CR = tmpreg1;
 531              		.loc 1 696 3 is_stmt 1 view .LVU127
 532              		.loc 1 696 22 is_stmt 0 view .LVU128
 533 0024 3360     		str	r3, [r6]
 534              	.LVL37:
 697:Drivers/STM32L0xx_HAL_Driver/Src/stm32l0xx_hal_dac.c ****   /* Disable wave generation */
 698:Drivers/STM32L0xx_HAL_Driver/Src/stm32l0xx_hal_dac.c ****   CLEAR_BIT(hdac->Instance->CR, (DAC_CR_WAVE1 << Channel));
 535              		.loc 1 698 3 is_stmt 1 view .LVU129
 536 0026 0468     		ldr	r4, [r0]
 537 0028 2368     		ldr	r3, [r4]
 538              	.LVL38:
 539              		.loc 1 698 3 is_stmt 0 view .LVU130
 540 002a C021     		movs	r1, #192
ARM GAS  /var/folders/d7/pb3dkhys6j3db_qtp_8v34p80000gn/T//cc56OpCZ.s 			page 23


 541 002c 9140     		lsls	r1, r1, r2
 542 002e 8B43     		bics	r3, r1
 543 0030 2360     		str	r3, [r4]
 544              	.LVL39:
 699:Drivers/STM32L0xx_HAL_Driver/Src/stm32l0xx_hal_dac.c ****   /* Change DAC state */
 700:Drivers/STM32L0xx_HAL_Driver/Src/stm32l0xx_hal_dac.c ****   hdac->State = HAL_DAC_STATE_READY;
 545              		.loc 1 700 3 is_stmt 1 view .LVU131
 546              		.loc 1 700 15 is_stmt 0 view .LVU132
 547 0032 0571     		strb	r5, [r0, #4]
 701:Drivers/STM32L0xx_HAL_Driver/Src/stm32l0xx_hal_dac.c **** 
 702:Drivers/STM32L0xx_HAL_Driver/Src/stm32l0xx_hal_dac.c ****   /* Process unlocked */
 703:Drivers/STM32L0xx_HAL_Driver/Src/stm32l0xx_hal_dac.c ****   __HAL_UNLOCK(hdac);
 548              		.loc 1 703 3 is_stmt 1 view .LVU133
 549              		.loc 1 703 3 view .LVU134
 550 0034 0023     		movs	r3, #0
 551 0036 4371     		strb	r3, [r0, #5]
 552              		.loc 1 703 3 view .LVU135
 704:Drivers/STM32L0xx_HAL_Driver/Src/stm32l0xx_hal_dac.c **** 
 705:Drivers/STM32L0xx_HAL_Driver/Src/stm32l0xx_hal_dac.c ****   /* Return function status */
 706:Drivers/STM32L0xx_HAL_Driver/Src/stm32l0xx_hal_dac.c ****   return HAL_OK;
 553              		.loc 1 706 3 view .LVU136
 554              		.loc 1 706 10 is_stmt 0 view .LVU137
 555 0038 0020     		movs	r0, #0
 556              	.LVL40:
 557              	.L22:
 707:Drivers/STM32L0xx_HAL_Driver/Src/stm32l0xx_hal_dac.c **** }
 558              		.loc 1 707 1 view .LVU138
 559              		@ sp needed
 560 003a 70BD     		pop	{r4, r5, r6, pc}
 561              	.LVL41:
 562              	.L23:
 680:Drivers/STM32L0xx_HAL_Driver/Src/stm32l0xx_hal_dac.c **** 
 563              		.loc 1 680 3 discriminator 1 view .LVU139
 564 003c 0220     		movs	r0, #2
 565              	.LVL42:
 680:Drivers/STM32L0xx_HAL_Driver/Src/stm32l0xx_hal_dac.c **** 
 566              		.loc 1 680 3 discriminator 1 view .LVU140
 567 003e FCE7     		b	.L22
 568              	.L25:
 569              		.align	2
 570              	.L24:
 571 0040 FE0F0000 		.word	4094
 572              		.cfi_endproc
 573              	.LFE61:
 575              		.section	.text.HAL_DAC_GetState,"ax",%progbits
 576              		.align	1
 577              		.global	HAL_DAC_GetState
 578              		.syntax unified
 579              		.code	16
 580              		.thumb_func
 582              	HAL_DAC_GetState:
 583              	.LVL43:
 584              	.LFB62:
 708:Drivers/STM32L0xx_HAL_Driver/Src/stm32l0xx_hal_dac.c **** 
 709:Drivers/STM32L0xx_HAL_Driver/Src/stm32l0xx_hal_dac.c **** /**
 710:Drivers/STM32L0xx_HAL_Driver/Src/stm32l0xx_hal_dac.c ****   * @}
 711:Drivers/STM32L0xx_HAL_Driver/Src/stm32l0xx_hal_dac.c ****   */
ARM GAS  /var/folders/d7/pb3dkhys6j3db_qtp_8v34p80000gn/T//cc56OpCZ.s 			page 24


 712:Drivers/STM32L0xx_HAL_Driver/Src/stm32l0xx_hal_dac.c **** 
 713:Drivers/STM32L0xx_HAL_Driver/Src/stm32l0xx_hal_dac.c **** /** @addtogroup DAC_Exported_Functions_Group4
 714:Drivers/STM32L0xx_HAL_Driver/Src/stm32l0xx_hal_dac.c ****  *  @brief   Peripheral State and Errors functions
 715:Drivers/STM32L0xx_HAL_Driver/Src/stm32l0xx_hal_dac.c ****  *
 716:Drivers/STM32L0xx_HAL_Driver/Src/stm32l0xx_hal_dac.c **** @verbatim
 717:Drivers/STM32L0xx_HAL_Driver/Src/stm32l0xx_hal_dac.c ****   ==============================================================================
 718:Drivers/STM32L0xx_HAL_Driver/Src/stm32l0xx_hal_dac.c ****             ##### Peripheral State and Errors functions #####
 719:Drivers/STM32L0xx_HAL_Driver/Src/stm32l0xx_hal_dac.c ****   ==============================================================================
 720:Drivers/STM32L0xx_HAL_Driver/Src/stm32l0xx_hal_dac.c ****     [..]
 721:Drivers/STM32L0xx_HAL_Driver/Src/stm32l0xx_hal_dac.c ****     This subsection provides functions allowing to
 722:Drivers/STM32L0xx_HAL_Driver/Src/stm32l0xx_hal_dac.c ****       (+) Check the DAC state.
 723:Drivers/STM32L0xx_HAL_Driver/Src/stm32l0xx_hal_dac.c ****       (+) Check the DAC Errors.
 724:Drivers/STM32L0xx_HAL_Driver/Src/stm32l0xx_hal_dac.c **** 
 725:Drivers/STM32L0xx_HAL_Driver/Src/stm32l0xx_hal_dac.c **** @endverbatim
 726:Drivers/STM32L0xx_HAL_Driver/Src/stm32l0xx_hal_dac.c ****   * @{
 727:Drivers/STM32L0xx_HAL_Driver/Src/stm32l0xx_hal_dac.c ****   */
 728:Drivers/STM32L0xx_HAL_Driver/Src/stm32l0xx_hal_dac.c **** 
 729:Drivers/STM32L0xx_HAL_Driver/Src/stm32l0xx_hal_dac.c **** /**
 730:Drivers/STM32L0xx_HAL_Driver/Src/stm32l0xx_hal_dac.c ****   * @brief  return the DAC handle state
 731:Drivers/STM32L0xx_HAL_Driver/Src/stm32l0xx_hal_dac.c ****   * @param  hdac pointer to a DAC_HandleTypeDef structure that contains
 732:Drivers/STM32L0xx_HAL_Driver/Src/stm32l0xx_hal_dac.c ****   *         the configuration information for the specified DAC.
 733:Drivers/STM32L0xx_HAL_Driver/Src/stm32l0xx_hal_dac.c ****   * @retval HAL state
 734:Drivers/STM32L0xx_HAL_Driver/Src/stm32l0xx_hal_dac.c ****   */
 735:Drivers/STM32L0xx_HAL_Driver/Src/stm32l0xx_hal_dac.c **** HAL_DAC_StateTypeDef HAL_DAC_GetState(DAC_HandleTypeDef* hdac)
 736:Drivers/STM32L0xx_HAL_Driver/Src/stm32l0xx_hal_dac.c **** {
 585              		.loc 1 736 1 is_stmt 1 view -0
 586              		.cfi_startproc
 587              		@ args = 0, pretend = 0, frame = 0
 588              		@ frame_needed = 0, uses_anonymous_args = 0
 589              		@ link register save eliminated.
 737:Drivers/STM32L0xx_HAL_Driver/Src/stm32l0xx_hal_dac.c ****   /* Return DAC handle state */
 738:Drivers/STM32L0xx_HAL_Driver/Src/stm32l0xx_hal_dac.c ****   return hdac->State;
 590              		.loc 1 738 3 view .LVU142
 591              		.loc 1 738 14 is_stmt 0 view .LVU143
 592 0000 0079     		ldrb	r0, [r0, #4]
 593              	.LVL44:
 594              		.loc 1 738 14 view .LVU144
 595 0002 C0B2     		uxtb	r0, r0
 739:Drivers/STM32L0xx_HAL_Driver/Src/stm32l0xx_hal_dac.c **** }
 596              		.loc 1 739 1 view .LVU145
 597              		@ sp needed
 598 0004 7047     		bx	lr
 599              		.cfi_endproc
 600              	.LFE62:
 602              		.section	.text.HAL_DAC_GetError,"ax",%progbits
 603              		.align	1
 604              		.global	HAL_DAC_GetError
 605              		.syntax unified
 606              		.code	16
 607              		.thumb_func
 609              	HAL_DAC_GetError:
 610              	.LVL45:
 611              	.LFB63:
 740:Drivers/STM32L0xx_HAL_Driver/Src/stm32l0xx_hal_dac.c **** 
 741:Drivers/STM32L0xx_HAL_Driver/Src/stm32l0xx_hal_dac.c **** 
 742:Drivers/STM32L0xx_HAL_Driver/Src/stm32l0xx_hal_dac.c **** /**
 743:Drivers/STM32L0xx_HAL_Driver/Src/stm32l0xx_hal_dac.c ****   * @brief  Return the DAC error code
ARM GAS  /var/folders/d7/pb3dkhys6j3db_qtp_8v34p80000gn/T//cc56OpCZ.s 			page 25


 744:Drivers/STM32L0xx_HAL_Driver/Src/stm32l0xx_hal_dac.c ****   * @param  hdac pointer to a DAC_HandleTypeDef structure that contains
 745:Drivers/STM32L0xx_HAL_Driver/Src/stm32l0xx_hal_dac.c ****   *         the configuration information for the specified DAC.
 746:Drivers/STM32L0xx_HAL_Driver/Src/stm32l0xx_hal_dac.c ****   * @retval DAC Error Code
 747:Drivers/STM32L0xx_HAL_Driver/Src/stm32l0xx_hal_dac.c ****   */
 748:Drivers/STM32L0xx_HAL_Driver/Src/stm32l0xx_hal_dac.c **** uint32_t HAL_DAC_GetError(DAC_HandleTypeDef *hdac)
 749:Drivers/STM32L0xx_HAL_Driver/Src/stm32l0xx_hal_dac.c **** {
 612              		.loc 1 749 1 is_stmt 1 view -0
 613              		.cfi_startproc
 614              		@ args = 0, pretend = 0, frame = 0
 615              		@ frame_needed = 0, uses_anonymous_args = 0
 616              		@ link register save eliminated.
 750:Drivers/STM32L0xx_HAL_Driver/Src/stm32l0xx_hal_dac.c ****   return hdac->ErrorCode;
 617              		.loc 1 750 3 view .LVU147
 618              		.loc 1 750 14 is_stmt 0 view .LVU148
 619 0000 C068     		ldr	r0, [r0, #12]
 620              	.LVL46:
 751:Drivers/STM32L0xx_HAL_Driver/Src/stm32l0xx_hal_dac.c **** }
 621              		.loc 1 751 1 view .LVU149
 622              		@ sp needed
 623 0002 7047     		bx	lr
 624              		.cfi_endproc
 625              	.LFE63:
 627              		.section	.text.HAL_DAC_SetValue,"ax",%progbits
 628              		.align	1
 629              		.weak	HAL_DAC_SetValue
 630              		.syntax unified
 631              		.code	16
 632              		.thumb_func
 634              	HAL_DAC_SetValue:
 635              	.LVL47:
 636              	.LFB64:
 752:Drivers/STM32L0xx_HAL_Driver/Src/stm32l0xx_hal_dac.c **** 
 753:Drivers/STM32L0xx_HAL_Driver/Src/stm32l0xx_hal_dac.c **** /**
 754:Drivers/STM32L0xx_HAL_Driver/Src/stm32l0xx_hal_dac.c ****   * @brief  Set the specified data holding register value for DAC channel.
 755:Drivers/STM32L0xx_HAL_Driver/Src/stm32l0xx_hal_dac.c ****   * @param  hdac pointer to a DAC_HandleTypeDef structure that contains
 756:Drivers/STM32L0xx_HAL_Driver/Src/stm32l0xx_hal_dac.c ****   *         the configuration information for the specified DAC.
 757:Drivers/STM32L0xx_HAL_Driver/Src/stm32l0xx_hal_dac.c ****   * @param  Channel The selected DAC channel.
 758:Drivers/STM32L0xx_HAL_Driver/Src/stm32l0xx_hal_dac.c ****   *          This parameter can be one of the following values:
 759:Drivers/STM32L0xx_HAL_Driver/Src/stm32l0xx_hal_dac.c ****   *            @arg DAC_CHANNEL_1: DAC Channel1 selected
 760:Drivers/STM32L0xx_HAL_Driver/Src/stm32l0xx_hal_dac.c ****   *            @arg DAC_CHANNEL_2: DAC Channel2 selected (STM32L07x/STM32L08x only)
 761:Drivers/STM32L0xx_HAL_Driver/Src/stm32l0xx_hal_dac.c ****   * @param  Alignment Specifies the data alignment.
 762:Drivers/STM32L0xx_HAL_Driver/Src/stm32l0xx_hal_dac.c ****   *          This parameter can be one of the following values:
 763:Drivers/STM32L0xx_HAL_Driver/Src/stm32l0xx_hal_dac.c ****   *            @arg DAC_ALIGN_8B_R: 8bit right data alignment selected
 764:Drivers/STM32L0xx_HAL_Driver/Src/stm32l0xx_hal_dac.c ****   *            @arg DAC_ALIGN_12B_L: 12bit left data alignment selected
 765:Drivers/STM32L0xx_HAL_Driver/Src/stm32l0xx_hal_dac.c ****   *            @arg DAC_ALIGN_12B_R: 12bit right data alignment selected
 766:Drivers/STM32L0xx_HAL_Driver/Src/stm32l0xx_hal_dac.c ****   * @param  Data Data to be loaded in the selected data holding register.
 767:Drivers/STM32L0xx_HAL_Driver/Src/stm32l0xx_hal_dac.c ****   * @retval HAL status
 768:Drivers/STM32L0xx_HAL_Driver/Src/stm32l0xx_hal_dac.c ****   */
 769:Drivers/STM32L0xx_HAL_Driver/Src/stm32l0xx_hal_dac.c **** __weak HAL_StatusTypeDef HAL_DAC_SetValue(DAC_HandleTypeDef* hdac, uint32_t Channel, uint32_t Align
 770:Drivers/STM32L0xx_HAL_Driver/Src/stm32l0xx_hal_dac.c **** {
 637              		.loc 1 770 1 is_stmt 1 view -0
 638              		.cfi_startproc
 639              		@ args = 0, pretend = 0, frame = 0
 640              		@ frame_needed = 0, uses_anonymous_args = 0
 641              		@ link register save eliminated.
 771:Drivers/STM32L0xx_HAL_Driver/Src/stm32l0xx_hal_dac.c ****   /* Prevent unused argument(s) compilation warning */
 772:Drivers/STM32L0xx_HAL_Driver/Src/stm32l0xx_hal_dac.c ****   UNUSED(hdac);
ARM GAS  /var/folders/d7/pb3dkhys6j3db_qtp_8v34p80000gn/T//cc56OpCZ.s 			page 26


 642              		.loc 1 772 3 view .LVU151
 773:Drivers/STM32L0xx_HAL_Driver/Src/stm32l0xx_hal_dac.c ****   UNUSED(Channel);
 643              		.loc 1 773 3 view .LVU152
 774:Drivers/STM32L0xx_HAL_Driver/Src/stm32l0xx_hal_dac.c ****   UNUSED(Alignment);
 644              		.loc 1 774 3 view .LVU153
 775:Drivers/STM32L0xx_HAL_Driver/Src/stm32l0xx_hal_dac.c ****   UNUSED(Data);
 645              		.loc 1 775 3 view .LVU154
 776:Drivers/STM32L0xx_HAL_Driver/Src/stm32l0xx_hal_dac.c ****   /* Note : This function is defined into this file for library reference. */
 777:Drivers/STM32L0xx_HAL_Driver/Src/stm32l0xx_hal_dac.c ****   /*        Function content is located into file stm32l0xx_hal_dac_ex.c   */
 778:Drivers/STM32L0xx_HAL_Driver/Src/stm32l0xx_hal_dac.c **** 
 779:Drivers/STM32L0xx_HAL_Driver/Src/stm32l0xx_hal_dac.c ****   /* Return function status */
 780:Drivers/STM32L0xx_HAL_Driver/Src/stm32l0xx_hal_dac.c ****   return HAL_OK;
 646              		.loc 1 780 3 view .LVU155
 781:Drivers/STM32L0xx_HAL_Driver/Src/stm32l0xx_hal_dac.c **** }
 647              		.loc 1 781 1 is_stmt 0 view .LVU156
 648 0000 0020     		movs	r0, #0
 649              	.LVL48:
 650              		.loc 1 781 1 view .LVU157
 651              		@ sp needed
 652 0002 7047     		bx	lr
 653              		.cfi_endproc
 654              	.LFE64:
 656              		.text
 657              	.Letext0:
 658              		.file 2 "/Applications/ArmGNUToolchain/14.3.rel1/arm-none-eabi/arm-none-eabi/include/machine/_defa
 659              		.file 3 "/Applications/ArmGNUToolchain/14.3.rel1/arm-none-eabi/arm-none-eabi/include/sys/_stdint.h
 660              		.file 4 "Drivers/CMSIS/Device/ST/STM32L0xx/Include/stm32l053xx.h"
 661              		.file 5 "Drivers/STM32L0xx_HAL_Driver/Inc/stm32l0xx_hal_def.h"
 662              		.file 6 "Drivers/STM32L0xx_HAL_Driver/Inc/stm32l0xx_hal_dma.h"
 663              		.file 7 "Drivers/STM32L0xx_HAL_Driver/Inc/stm32l0xx_hal_dac.h"
ARM GAS  /var/folders/d7/pb3dkhys6j3db_qtp_8v34p80000gn/T//cc56OpCZ.s 			page 27


DEFINED SYMBOLS
                            *ABS*:00000000 stm32l0xx_hal_dac.c
/var/folders/d7/pb3dkhys6j3db_qtp_8v34p80000gn/T//cc56OpCZ.s:19     .text.HAL_DAC_MspInit:00000000 $t
/var/folders/d7/pb3dkhys6j3db_qtp_8v34p80000gn/T//cc56OpCZ.s:25     .text.HAL_DAC_MspInit:00000000 HAL_DAC_MspInit
/var/folders/d7/pb3dkhys6j3db_qtp_8v34p80000gn/T//cc56OpCZ.s:41     .text.HAL_DAC_Init:00000000 $t
/var/folders/d7/pb3dkhys6j3db_qtp_8v34p80000gn/T//cc56OpCZ.s:47     .text.HAL_DAC_Init:00000000 HAL_DAC_Init
/var/folders/d7/pb3dkhys6j3db_qtp_8v34p80000gn/T//cc56OpCZ.s:115    .text.HAL_DAC_MspDeInit:00000000 $t
/var/folders/d7/pb3dkhys6j3db_qtp_8v34p80000gn/T//cc56OpCZ.s:121    .text.HAL_DAC_MspDeInit:00000000 HAL_DAC_MspDeInit
/var/folders/d7/pb3dkhys6j3db_qtp_8v34p80000gn/T//cc56OpCZ.s:137    .text.HAL_DAC_DeInit:00000000 $t
/var/folders/d7/pb3dkhys6j3db_qtp_8v34p80000gn/T//cc56OpCZ.s:143    .text.HAL_DAC_DeInit:00000000 HAL_DAC_DeInit
/var/folders/d7/pb3dkhys6j3db_qtp_8v34p80000gn/T//cc56OpCZ.s:199    .text.HAL_DAC_Start:00000000 $t
/var/folders/d7/pb3dkhys6j3db_qtp_8v34p80000gn/T//cc56OpCZ.s:205    .text.HAL_DAC_Start:00000000 HAL_DAC_Start
/var/folders/d7/pb3dkhys6j3db_qtp_8v34p80000gn/T//cc56OpCZ.s:226    .text.HAL_DAC_Stop:00000000 $t
/var/folders/d7/pb3dkhys6j3db_qtp_8v34p80000gn/T//cc56OpCZ.s:232    .text.HAL_DAC_Stop:00000000 HAL_DAC_Stop
/var/folders/d7/pb3dkhys6j3db_qtp_8v34p80000gn/T//cc56OpCZ.s:269    .text.HAL_DAC_Start_DMA:00000000 $t
/var/folders/d7/pb3dkhys6j3db_qtp_8v34p80000gn/T//cc56OpCZ.s:275    .text.HAL_DAC_Start_DMA:00000000 HAL_DAC_Start_DMA
/var/folders/d7/pb3dkhys6j3db_qtp_8v34p80000gn/T//cc56OpCZ.s:299    .text.HAL_DAC_Stop_DMA:00000000 $t
/var/folders/d7/pb3dkhys6j3db_qtp_8v34p80000gn/T//cc56OpCZ.s:305    .text.HAL_DAC_Stop_DMA:00000000 HAL_DAC_Stop_DMA
/var/folders/d7/pb3dkhys6j3db_qtp_8v34p80000gn/T//cc56OpCZ.s:326    .text.HAL_DAC_GetValue:00000000 $t
/var/folders/d7/pb3dkhys6j3db_qtp_8v34p80000gn/T//cc56OpCZ.s:332    .text.HAL_DAC_GetValue:00000000 HAL_DAC_GetValue
/var/folders/d7/pb3dkhys6j3db_qtp_8v34p80000gn/T//cc56OpCZ.s:353    .text.HAL_DAC_IRQHandler:00000000 $t
/var/folders/d7/pb3dkhys6j3db_qtp_8v34p80000gn/T//cc56OpCZ.s:359    .text.HAL_DAC_IRQHandler:00000000 HAL_DAC_IRQHandler
/var/folders/d7/pb3dkhys6j3db_qtp_8v34p80000gn/T//cc56OpCZ.s:375    .text.HAL_DAC_ConvCpltCallbackCh1:00000000 $t
/var/folders/d7/pb3dkhys6j3db_qtp_8v34p80000gn/T//cc56OpCZ.s:381    .text.HAL_DAC_ConvCpltCallbackCh1:00000000 HAL_DAC_ConvCpltCallbackCh1
/var/folders/d7/pb3dkhys6j3db_qtp_8v34p80000gn/T//cc56OpCZ.s:397    .text.HAL_DAC_ConvHalfCpltCallbackCh1:00000000 $t
/var/folders/d7/pb3dkhys6j3db_qtp_8v34p80000gn/T//cc56OpCZ.s:403    .text.HAL_DAC_ConvHalfCpltCallbackCh1:00000000 HAL_DAC_ConvHalfCpltCallbackCh1
/var/folders/d7/pb3dkhys6j3db_qtp_8v34p80000gn/T//cc56OpCZ.s:419    .text.HAL_DAC_ErrorCallbackCh1:00000000 $t
/var/folders/d7/pb3dkhys6j3db_qtp_8v34p80000gn/T//cc56OpCZ.s:425    .text.HAL_DAC_ErrorCallbackCh1:00000000 HAL_DAC_ErrorCallbackCh1
/var/folders/d7/pb3dkhys6j3db_qtp_8v34p80000gn/T//cc56OpCZ.s:441    .text.HAL_DAC_DMAUnderrunCallbackCh1:00000000 $t
/var/folders/d7/pb3dkhys6j3db_qtp_8v34p80000gn/T//cc56OpCZ.s:447    .text.HAL_DAC_DMAUnderrunCallbackCh1:00000000 HAL_DAC_DMAUnderrunCallbackCh1
/var/folders/d7/pb3dkhys6j3db_qtp_8v34p80000gn/T//cc56OpCZ.s:463    .text.HAL_DAC_ConfigChannel:00000000 $t
/var/folders/d7/pb3dkhys6j3db_qtp_8v34p80000gn/T//cc56OpCZ.s:469    .text.HAL_DAC_ConfigChannel:00000000 HAL_DAC_ConfigChannel
/var/folders/d7/pb3dkhys6j3db_qtp_8v34p80000gn/T//cc56OpCZ.s:571    .text.HAL_DAC_ConfigChannel:00000040 $d
/var/folders/d7/pb3dkhys6j3db_qtp_8v34p80000gn/T//cc56OpCZ.s:576    .text.HAL_DAC_GetState:00000000 $t
/var/folders/d7/pb3dkhys6j3db_qtp_8v34p80000gn/T//cc56OpCZ.s:582    .text.HAL_DAC_GetState:00000000 HAL_DAC_GetState
/var/folders/d7/pb3dkhys6j3db_qtp_8v34p80000gn/T//cc56OpCZ.s:603    .text.HAL_DAC_GetError:00000000 $t
/var/folders/d7/pb3dkhys6j3db_qtp_8v34p80000gn/T//cc56OpCZ.s:609    .text.HAL_DAC_GetError:00000000 HAL_DAC_GetError
/var/folders/d7/pb3dkhys6j3db_qtp_8v34p80000gn/T//cc56OpCZ.s:628    .text.HAL_DAC_SetValue:00000000 $t
/var/folders/d7/pb3dkhys6j3db_qtp_8v34p80000gn/T//cc56OpCZ.s:634    .text.HAL_DAC_SetValue:00000000 HAL_DAC_SetValue

NO UNDEFINED SYMBOLS
