ARM GAS  /var/folders/d7/pb3dkhys6j3db_qtp_8v34p80000gn/T//cceM8o88.s 			page 1


   1              		.cpu cortex-m0plus
   2              		.arch armv6s-m
   3              		.fpu softvfp
   4              		.eabi_attribute 20, 1
   5              		.eabi_attribute 21, 1
   6              		.eabi_attribute 23, 3
   7              		.eabi_attribute 24, 1
   8              		.eabi_attribute 25, 1
   9              		.eabi_attribute 26, 1
  10              		.eabi_attribute 30, 1
  11              		.eabi_attribute 34, 0
  12              		.eabi_attribute 18, 4
  13              		.file	"stm32l0xx_hal_rcc_ex.c"
  14              		.text
  15              	.Ltext0:
  16              		.cfi_sections	.debug_frame
  17              		.file 1 "Drivers/STM32L0xx_HAL_Driver/Src/stm32l0xx_hal_rcc_ex.c"
  18              		.section	.text.HAL_RCCEx_PeriphCLKConfig,"ax",%progbits
  19              		.align	1
  20              		.global	HAL_RCCEx_PeriphCLKConfig
  21              		.syntax unified
  22              		.code	16
  23              		.thumb_func
  25              	HAL_RCCEx_PeriphCLKConfig:
  26              	.LVL0:
  27              	.LFB47:
   1:Drivers/STM32L0xx_HAL_Driver/Src/stm32l0xx_hal_rcc_ex.c **** /**
   2:Drivers/STM32L0xx_HAL_Driver/Src/stm32l0xx_hal_rcc_ex.c ****   ******************************************************************************
   3:Drivers/STM32L0xx_HAL_Driver/Src/stm32l0xx_hal_rcc_ex.c ****   * @file    stm32l0xx_hal_rcc_ex.c
   4:Drivers/STM32L0xx_HAL_Driver/Src/stm32l0xx_hal_rcc_ex.c ****   * @author  MCD Application Team
   5:Drivers/STM32L0xx_HAL_Driver/Src/stm32l0xx_hal_rcc_ex.c ****   * @brief   Extended RCC HAL module driver.
   6:Drivers/STM32L0xx_HAL_Driver/Src/stm32l0xx_hal_rcc_ex.c ****   *          This file provides firmware functions to manage the following
   7:Drivers/STM32L0xx_HAL_Driver/Src/stm32l0xx_hal_rcc_ex.c ****   *          functionalities RCC extension peripheral:
   8:Drivers/STM32L0xx_HAL_Driver/Src/stm32l0xx_hal_rcc_ex.c ****   *           + Extended Peripheral Control functions
   9:Drivers/STM32L0xx_HAL_Driver/Src/stm32l0xx_hal_rcc_ex.c ****   *           + Extended Clock Recovery System Control functions
  10:Drivers/STM32L0xx_HAL_Driver/Src/stm32l0xx_hal_rcc_ex.c ****   *
  11:Drivers/STM32L0xx_HAL_Driver/Src/stm32l0xx_hal_rcc_ex.c ****   ******************************************************************************
  12:Drivers/STM32L0xx_HAL_Driver/Src/stm32l0xx_hal_rcc_ex.c ****   * @attention
  13:Drivers/STM32L0xx_HAL_Driver/Src/stm32l0xx_hal_rcc_ex.c ****   *
  14:Drivers/STM32L0xx_HAL_Driver/Src/stm32l0xx_hal_rcc_ex.c ****   * Copyright (c) 2016 STMicroelectronics.
  15:Drivers/STM32L0xx_HAL_Driver/Src/stm32l0xx_hal_rcc_ex.c ****   * All rights reserved.
  16:Drivers/STM32L0xx_HAL_Driver/Src/stm32l0xx_hal_rcc_ex.c ****   *
  17:Drivers/STM32L0xx_HAL_Driver/Src/stm32l0xx_hal_rcc_ex.c ****   * This software is licensed under terms that can be found in the LICENSE file in
  18:Drivers/STM32L0xx_HAL_Driver/Src/stm32l0xx_hal_rcc_ex.c ****   * the root directory of this software component.
  19:Drivers/STM32L0xx_HAL_Driver/Src/stm32l0xx_hal_rcc_ex.c ****   * If no LICENSE file comes with this software, it is provided AS-IS.
  20:Drivers/STM32L0xx_HAL_Driver/Src/stm32l0xx_hal_rcc_ex.c ****   ******************************************************************************
  21:Drivers/STM32L0xx_HAL_Driver/Src/stm32l0xx_hal_rcc_ex.c ****   */
  22:Drivers/STM32L0xx_HAL_Driver/Src/stm32l0xx_hal_rcc_ex.c **** 
  23:Drivers/STM32L0xx_HAL_Driver/Src/stm32l0xx_hal_rcc_ex.c **** /* Includes ------------------------------------------------------------------*/
  24:Drivers/STM32L0xx_HAL_Driver/Src/stm32l0xx_hal_rcc_ex.c **** #include "stm32l0xx_hal.h"
  25:Drivers/STM32L0xx_HAL_Driver/Src/stm32l0xx_hal_rcc_ex.c **** 
  26:Drivers/STM32L0xx_HAL_Driver/Src/stm32l0xx_hal_rcc_ex.c **** /** @addtogroup STM32L0xx_HAL_Driver
  27:Drivers/STM32L0xx_HAL_Driver/Src/stm32l0xx_hal_rcc_ex.c ****   * @{
  28:Drivers/STM32L0xx_HAL_Driver/Src/stm32l0xx_hal_rcc_ex.c ****   */
  29:Drivers/STM32L0xx_HAL_Driver/Src/stm32l0xx_hal_rcc_ex.c **** 
  30:Drivers/STM32L0xx_HAL_Driver/Src/stm32l0xx_hal_rcc_ex.c **** #ifdef HAL_RCC_MODULE_ENABLED
  31:Drivers/STM32L0xx_HAL_Driver/Src/stm32l0xx_hal_rcc_ex.c **** 
ARM GAS  /var/folders/d7/pb3dkhys6j3db_qtp_8v34p80000gn/T//cceM8o88.s 			page 2


  32:Drivers/STM32L0xx_HAL_Driver/Src/stm32l0xx_hal_rcc_ex.c **** /** @defgroup RCCEx RCCEx
  33:Drivers/STM32L0xx_HAL_Driver/Src/stm32l0xx_hal_rcc_ex.c ****   * @brief RCC Extension HAL module driver
  34:Drivers/STM32L0xx_HAL_Driver/Src/stm32l0xx_hal_rcc_ex.c ****   * @{
  35:Drivers/STM32L0xx_HAL_Driver/Src/stm32l0xx_hal_rcc_ex.c ****   */
  36:Drivers/STM32L0xx_HAL_Driver/Src/stm32l0xx_hal_rcc_ex.c **** 
  37:Drivers/STM32L0xx_HAL_Driver/Src/stm32l0xx_hal_rcc_ex.c **** /* Private typedef -----------------------------------------------------------*/
  38:Drivers/STM32L0xx_HAL_Driver/Src/stm32l0xx_hal_rcc_ex.c **** /* Private define ------------------------------------------------------------*/
  39:Drivers/STM32L0xx_HAL_Driver/Src/stm32l0xx_hal_rcc_ex.c **** /** @defgroup RCCEx_Private_Constants RCCEx Private Constants
  40:Drivers/STM32L0xx_HAL_Driver/Src/stm32l0xx_hal_rcc_ex.c ****   * @{
  41:Drivers/STM32L0xx_HAL_Driver/Src/stm32l0xx_hal_rcc_ex.c ****   */
  42:Drivers/STM32L0xx_HAL_Driver/Src/stm32l0xx_hal_rcc_ex.c **** #if defined(USB)
  43:Drivers/STM32L0xx_HAL_Driver/Src/stm32l0xx_hal_rcc_ex.c **** extern const uint8_t PLLMulTable[];
  44:Drivers/STM32L0xx_HAL_Driver/Src/stm32l0xx_hal_rcc_ex.c **** #endif /* USB */
  45:Drivers/STM32L0xx_HAL_Driver/Src/stm32l0xx_hal_rcc_ex.c **** /**
  46:Drivers/STM32L0xx_HAL_Driver/Src/stm32l0xx_hal_rcc_ex.c ****   * @}
  47:Drivers/STM32L0xx_HAL_Driver/Src/stm32l0xx_hal_rcc_ex.c ****   */
  48:Drivers/STM32L0xx_HAL_Driver/Src/stm32l0xx_hal_rcc_ex.c **** 
  49:Drivers/STM32L0xx_HAL_Driver/Src/stm32l0xx_hal_rcc_ex.c **** /* Private macro -------------------------------------------------------------*/
  50:Drivers/STM32L0xx_HAL_Driver/Src/stm32l0xx_hal_rcc_ex.c **** /** @defgroup RCCEx_Private_Macros RCCEx Private Macros
  51:Drivers/STM32L0xx_HAL_Driver/Src/stm32l0xx_hal_rcc_ex.c ****   * @{
  52:Drivers/STM32L0xx_HAL_Driver/Src/stm32l0xx_hal_rcc_ex.c ****   */
  53:Drivers/STM32L0xx_HAL_Driver/Src/stm32l0xx_hal_rcc_ex.c **** /**
  54:Drivers/STM32L0xx_HAL_Driver/Src/stm32l0xx_hal_rcc_ex.c ****   * @}
  55:Drivers/STM32L0xx_HAL_Driver/Src/stm32l0xx_hal_rcc_ex.c ****   */
  56:Drivers/STM32L0xx_HAL_Driver/Src/stm32l0xx_hal_rcc_ex.c **** 
  57:Drivers/STM32L0xx_HAL_Driver/Src/stm32l0xx_hal_rcc_ex.c **** /* Private variables ---------------------------------------------------------*/
  58:Drivers/STM32L0xx_HAL_Driver/Src/stm32l0xx_hal_rcc_ex.c **** /* Private function prototypes -----------------------------------------------*/
  59:Drivers/STM32L0xx_HAL_Driver/Src/stm32l0xx_hal_rcc_ex.c **** /* Private functions ---------------------------------------------------------*/
  60:Drivers/STM32L0xx_HAL_Driver/Src/stm32l0xx_hal_rcc_ex.c **** 
  61:Drivers/STM32L0xx_HAL_Driver/Src/stm32l0xx_hal_rcc_ex.c **** /** @defgroup RCCEx_Exported_Functions RCCEx Exported Functions
  62:Drivers/STM32L0xx_HAL_Driver/Src/stm32l0xx_hal_rcc_ex.c ****   * @{
  63:Drivers/STM32L0xx_HAL_Driver/Src/stm32l0xx_hal_rcc_ex.c ****   */
  64:Drivers/STM32L0xx_HAL_Driver/Src/stm32l0xx_hal_rcc_ex.c **** 
  65:Drivers/STM32L0xx_HAL_Driver/Src/stm32l0xx_hal_rcc_ex.c **** /** @defgroup RCCEx_Exported_Functions_Group1 Extended Peripheral Control functions
  66:Drivers/STM32L0xx_HAL_Driver/Src/stm32l0xx_hal_rcc_ex.c ****  *  @brief  Extended Peripheral Control functions
  67:Drivers/STM32L0xx_HAL_Driver/Src/stm32l0xx_hal_rcc_ex.c ****  *
  68:Drivers/STM32L0xx_HAL_Driver/Src/stm32l0xx_hal_rcc_ex.c **** @verbatim
  69:Drivers/STM32L0xx_HAL_Driver/Src/stm32l0xx_hal_rcc_ex.c ****  ===============================================================================
  70:Drivers/STM32L0xx_HAL_Driver/Src/stm32l0xx_hal_rcc_ex.c ****                 ##### Extended Peripheral Control functions  #####
  71:Drivers/STM32L0xx_HAL_Driver/Src/stm32l0xx_hal_rcc_ex.c ****  ===============================================================================
  72:Drivers/STM32L0xx_HAL_Driver/Src/stm32l0xx_hal_rcc_ex.c ****     [..]
  73:Drivers/STM32L0xx_HAL_Driver/Src/stm32l0xx_hal_rcc_ex.c ****     This subsection provides a set of functions allowing to control the RCC Clocks
  74:Drivers/STM32L0xx_HAL_Driver/Src/stm32l0xx_hal_rcc_ex.c ****     frequencies.
  75:Drivers/STM32L0xx_HAL_Driver/Src/stm32l0xx_hal_rcc_ex.c ****     [..]
  76:Drivers/STM32L0xx_HAL_Driver/Src/stm32l0xx_hal_rcc_ex.c ****     (@) Important note: Care must be taken when HAL_RCCEx_PeriphCLKConfig() is used to
  77:Drivers/STM32L0xx_HAL_Driver/Src/stm32l0xx_hal_rcc_ex.c ****         select the RTC clock source; in this case the Backup domain will be reset in
  78:Drivers/STM32L0xx_HAL_Driver/Src/stm32l0xx_hal_rcc_ex.c ****         order to modify the RTC Clock source, as consequence RTC registers (including
  79:Drivers/STM32L0xx_HAL_Driver/Src/stm32l0xx_hal_rcc_ex.c ****         the backup registers) are set to their reset values.
  80:Drivers/STM32L0xx_HAL_Driver/Src/stm32l0xx_hal_rcc_ex.c **** 
  81:Drivers/STM32L0xx_HAL_Driver/Src/stm32l0xx_hal_rcc_ex.c **** @endverbatim
  82:Drivers/STM32L0xx_HAL_Driver/Src/stm32l0xx_hal_rcc_ex.c ****   * @{
  83:Drivers/STM32L0xx_HAL_Driver/Src/stm32l0xx_hal_rcc_ex.c ****   */
  84:Drivers/STM32L0xx_HAL_Driver/Src/stm32l0xx_hal_rcc_ex.c **** 
  85:Drivers/STM32L0xx_HAL_Driver/Src/stm32l0xx_hal_rcc_ex.c **** /**
  86:Drivers/STM32L0xx_HAL_Driver/Src/stm32l0xx_hal_rcc_ex.c ****   * @brief  Initializes the RCC extended peripherals clocks according to the specified
  87:Drivers/STM32L0xx_HAL_Driver/Src/stm32l0xx_hal_rcc_ex.c ****   *         parameters in the RCC_PeriphCLKInitTypeDef.
  88:Drivers/STM32L0xx_HAL_Driver/Src/stm32l0xx_hal_rcc_ex.c ****   * @param  PeriphClkInit pointer to an RCC_PeriphCLKInitTypeDef structure that
ARM GAS  /var/folders/d7/pb3dkhys6j3db_qtp_8v34p80000gn/T//cceM8o88.s 			page 3


  89:Drivers/STM32L0xx_HAL_Driver/Src/stm32l0xx_hal_rcc_ex.c ****   *         contains the configuration information for the Extended Peripherals clocks(USART1,USART
  90:Drivers/STM32L0xx_HAL_Driver/Src/stm32l0xx_hal_rcc_ex.c ****   *         I2C1, I2C3, RTC, USB/RNG  and LPTIM1 clocks).
  91:Drivers/STM32L0xx_HAL_Driver/Src/stm32l0xx_hal_rcc_ex.c ****   * @retval HAL status
  92:Drivers/STM32L0xx_HAL_Driver/Src/stm32l0xx_hal_rcc_ex.c ****   * @note   If HAL_ERROR returned, first switch-OFF HSE clock oscillator with @ref HAL_RCC_OscConfi
  93:Drivers/STM32L0xx_HAL_Driver/Src/stm32l0xx_hal_rcc_ex.c ****   *         to possibly update HSE divider.
  94:Drivers/STM32L0xx_HAL_Driver/Src/stm32l0xx_hal_rcc_ex.c ****   */
  95:Drivers/STM32L0xx_HAL_Driver/Src/stm32l0xx_hal_rcc_ex.c **** HAL_StatusTypeDef HAL_RCCEx_PeriphCLKConfig(RCC_PeriphCLKInitTypeDef  *PeriphClkInit)
  96:Drivers/STM32L0xx_HAL_Driver/Src/stm32l0xx_hal_rcc_ex.c **** {
  28              		.loc 1 96 1 view -0
  29              		.cfi_startproc
  30              		@ args = 0, pretend = 0, frame = 0
  31              		@ frame_needed = 0, uses_anonymous_args = 0
  32              		.loc 1 96 1 is_stmt 0 view .LVU1
  33 0000 70B5     		push	{r4, r5, r6, lr}
  34              	.LCFI0:
  35              		.cfi_def_cfa_offset 16
  36              		.cfi_offset 4, -16
  37              		.cfi_offset 5, -12
  38              		.cfi_offset 6, -8
  39              		.cfi_offset 14, -4
  40 0002 0400     		movs	r4, r0
  97:Drivers/STM32L0xx_HAL_Driver/Src/stm32l0xx_hal_rcc_ex.c ****   uint32_t tickstart;
  41              		.loc 1 97 3 is_stmt 1 view .LVU2
  98:Drivers/STM32L0xx_HAL_Driver/Src/stm32l0xx_hal_rcc_ex.c ****   uint32_t temp_reg;
  42              		.loc 1 98 3 view .LVU3
  99:Drivers/STM32L0xx_HAL_Driver/Src/stm32l0xx_hal_rcc_ex.c ****   FlagStatus       pwrclkchanged = RESET;
  43              		.loc 1 99 3 view .LVU4
  44              	.LVL1:
 100:Drivers/STM32L0xx_HAL_Driver/Src/stm32l0xx_hal_rcc_ex.c **** 
 101:Drivers/STM32L0xx_HAL_Driver/Src/stm32l0xx_hal_rcc_ex.c ****   /* Check the parameters */
 102:Drivers/STM32L0xx_HAL_Driver/Src/stm32l0xx_hal_rcc_ex.c ****   assert_param(IS_RCC_PERIPHCLOCK(PeriphClkInit->PeriphClockSelection));
  45              		.loc 1 102 3 view .LVU5
 103:Drivers/STM32L0xx_HAL_Driver/Src/stm32l0xx_hal_rcc_ex.c **** 
 104:Drivers/STM32L0xx_HAL_Driver/Src/stm32l0xx_hal_rcc_ex.c ****   /*------------------------------- RTC/LCD Configuration ------------------------*/
 105:Drivers/STM32L0xx_HAL_Driver/Src/stm32l0xx_hal_rcc_ex.c ****   if ((((PeriphClkInit->PeriphClockSelection) & RCC_PERIPHCLK_RTC) == RCC_PERIPHCLK_RTC)
  46              		.loc 1 105 3 view .LVU6
 106:Drivers/STM32L0xx_HAL_Driver/Src/stm32l0xx_hal_rcc_ex.c **** #if defined(LCD)
 107:Drivers/STM32L0xx_HAL_Driver/Src/stm32l0xx_hal_rcc_ex.c ****    || (((PeriphClkInit->PeriphClockSelection) & RCC_PERIPHCLK_LCD) == RCC_PERIPHCLK_LCD)
  47              		.loc 1 107 4 is_stmt 0 view .LVU7
  48 0004 0268     		ldr	r2, [r0]
  49 0006 8223     		movs	r3, #130
  50 0008 1B01     		lsls	r3, r3, #4
 105:Drivers/STM32L0xx_HAL_Driver/Src/stm32l0xx_hal_rcc_ex.c **** #if defined(LCD)
  51              		.loc 1 105 6 view .LVU8
  52 000a 1A42     		tst	r2, r3
  53 000c 72D0     		beq	.L2
 108:Drivers/STM32L0xx_HAL_Driver/Src/stm32l0xx_hal_rcc_ex.c **** #endif /* LCD */
 109:Drivers/STM32L0xx_HAL_Driver/Src/stm32l0xx_hal_rcc_ex.c ****      )
 110:Drivers/STM32L0xx_HAL_Driver/Src/stm32l0xx_hal_rcc_ex.c ****   {
 111:Drivers/STM32L0xx_HAL_Driver/Src/stm32l0xx_hal_rcc_ex.c ****     /* check for RTC Parameters used to output RTCCLK */
 112:Drivers/STM32L0xx_HAL_Driver/Src/stm32l0xx_hal_rcc_ex.c ****     if(((PeriphClkInit->PeriphClockSelection) & RCC_PERIPHCLK_RTC) == RCC_PERIPHCLK_RTC)
  54              		.loc 1 112 5 is_stmt 1 view .LVU9
 113:Drivers/STM32L0xx_HAL_Driver/Src/stm32l0xx_hal_rcc_ex.c ****     {
 114:Drivers/STM32L0xx_HAL_Driver/Src/stm32l0xx_hal_rcc_ex.c ****       assert_param(IS_RCC_RTCCLKSOURCE(PeriphClkInit->RTCClockSelection));
  55              		.loc 1 114 7 view .LVU10
 115:Drivers/STM32L0xx_HAL_Driver/Src/stm32l0xx_hal_rcc_ex.c ****     }
 116:Drivers/STM32L0xx_HAL_Driver/Src/stm32l0xx_hal_rcc_ex.c **** 
ARM GAS  /var/folders/d7/pb3dkhys6j3db_qtp_8v34p80000gn/T//cceM8o88.s 			page 4


 117:Drivers/STM32L0xx_HAL_Driver/Src/stm32l0xx_hal_rcc_ex.c **** #if defined(LCD)
 118:Drivers/STM32L0xx_HAL_Driver/Src/stm32l0xx_hal_rcc_ex.c ****     if(((PeriphClkInit->PeriphClockSelection) & RCC_PERIPHCLK_LCD) == RCC_PERIPHCLK_LCD)
  56              		.loc 1 118 5 view .LVU11
 119:Drivers/STM32L0xx_HAL_Driver/Src/stm32l0xx_hal_rcc_ex.c ****     {
 120:Drivers/STM32L0xx_HAL_Driver/Src/stm32l0xx_hal_rcc_ex.c ****       assert_param(IS_RCC_RTCCLKSOURCE(PeriphClkInit->LCDClockSelection));
  57              		.loc 1 120 7 view .LVU12
 121:Drivers/STM32L0xx_HAL_Driver/Src/stm32l0xx_hal_rcc_ex.c ****     }
 122:Drivers/STM32L0xx_HAL_Driver/Src/stm32l0xx_hal_rcc_ex.c **** #endif /* LCD */
 123:Drivers/STM32L0xx_HAL_Driver/Src/stm32l0xx_hal_rcc_ex.c **** 
 124:Drivers/STM32L0xx_HAL_Driver/Src/stm32l0xx_hal_rcc_ex.c ****     /* As soon as function is called to change RTC clock source, activation of the
 125:Drivers/STM32L0xx_HAL_Driver/Src/stm32l0xx_hal_rcc_ex.c ****        power domain is done. */
 126:Drivers/STM32L0xx_HAL_Driver/Src/stm32l0xx_hal_rcc_ex.c ****     /* Requires to enable write access to Backup Domain of necessary */
 127:Drivers/STM32L0xx_HAL_Driver/Src/stm32l0xx_hal_rcc_ex.c ****     if(__HAL_RCC_PWR_IS_CLK_DISABLED())
  58              		.loc 1 127 5 view .LVU13
  59              		.loc 1 127 8 is_stmt 0 view .LVU14
  60 000e 814B     		ldr	r3, .L47
  61 0010 9B6B     		ldr	r3, [r3, #56]
  62              		.loc 1 127 7 view .LVU15
  63 0012 DB00     		lsls	r3, r3, #3
  64 0014 00D5     		bpl	.LCB35
  65 0016 ABE0     		b	.L24	@long jump
  66              	.LCB35:
 128:Drivers/STM32L0xx_HAL_Driver/Src/stm32l0xx_hal_rcc_ex.c ****     {
 129:Drivers/STM32L0xx_HAL_Driver/Src/stm32l0xx_hal_rcc_ex.c ****       __HAL_RCC_PWR_CLK_ENABLE();
  67              		.loc 1 129 7 is_stmt 1 view .LVU16
  68 0018 7E4A     		ldr	r2, .L47
  69 001a 916B     		ldr	r1, [r2, #56]
  70 001c 8023     		movs	r3, #128
  71 001e 5B05     		lsls	r3, r3, #21
  72 0020 0B43     		orrs	r3, r1
  73 0022 9363     		str	r3, [r2, #56]
 130:Drivers/STM32L0xx_HAL_Driver/Src/stm32l0xx_hal_rcc_ex.c ****       pwrclkchanged = SET;
  74              		.loc 1 130 7 view .LVU17
  75              	.LVL2:
  76              		.loc 1 130 21 is_stmt 0 view .LVU18
  77 0024 0125     		movs	r5, #1
  78              	.LVL3:
  79              	.L3:
 131:Drivers/STM32L0xx_HAL_Driver/Src/stm32l0xx_hal_rcc_ex.c ****     }
 132:Drivers/STM32L0xx_HAL_Driver/Src/stm32l0xx_hal_rcc_ex.c **** 
 133:Drivers/STM32L0xx_HAL_Driver/Src/stm32l0xx_hal_rcc_ex.c ****     if(HAL_IS_BIT_CLR(PWR->CR, PWR_CR_DBP))
  80              		.loc 1 133 5 is_stmt 1 view .LVU19
  81              		.loc 1 133 8 is_stmt 0 view .LVU20
  82 0026 7C4B     		ldr	r3, .L47+4
  83 0028 1B68     		ldr	r3, [r3]
  84              		.loc 1 133 7 view .LVU21
  85 002a DB05     		lsls	r3, r3, #23
  86 002c 00D4     		bmi	.LCB56
  87 002e A1E0     		b	.L40	@long jump
  88              	.LCB56:
  89              	.LVL4:
  90              	.L4:
 134:Drivers/STM32L0xx_HAL_Driver/Src/stm32l0xx_hal_rcc_ex.c ****     {
 135:Drivers/STM32L0xx_HAL_Driver/Src/stm32l0xx_hal_rcc_ex.c ****       /* Enable write access to Backup domain */
 136:Drivers/STM32L0xx_HAL_Driver/Src/stm32l0xx_hal_rcc_ex.c ****       SET_BIT(PWR->CR, PWR_CR_DBP);
 137:Drivers/STM32L0xx_HAL_Driver/Src/stm32l0xx_hal_rcc_ex.c **** 
 138:Drivers/STM32L0xx_HAL_Driver/Src/stm32l0xx_hal_rcc_ex.c ****       /* Wait for Backup domain Write protection disable */
ARM GAS  /var/folders/d7/pb3dkhys6j3db_qtp_8v34p80000gn/T//cceM8o88.s 			page 5


 139:Drivers/STM32L0xx_HAL_Driver/Src/stm32l0xx_hal_rcc_ex.c ****       tickstart = HAL_GetTick();
 140:Drivers/STM32L0xx_HAL_Driver/Src/stm32l0xx_hal_rcc_ex.c **** 
 141:Drivers/STM32L0xx_HAL_Driver/Src/stm32l0xx_hal_rcc_ex.c ****       while(HAL_IS_BIT_CLR(PWR->CR, PWR_CR_DBP))
 142:Drivers/STM32L0xx_HAL_Driver/Src/stm32l0xx_hal_rcc_ex.c ****       {
 143:Drivers/STM32L0xx_HAL_Driver/Src/stm32l0xx_hal_rcc_ex.c ****         if((HAL_GetTick() - tickstart) > RCC_DBP_TIMEOUT_VALUE)
 144:Drivers/STM32L0xx_HAL_Driver/Src/stm32l0xx_hal_rcc_ex.c ****         {
 145:Drivers/STM32L0xx_HAL_Driver/Src/stm32l0xx_hal_rcc_ex.c ****           return HAL_TIMEOUT;
 146:Drivers/STM32L0xx_HAL_Driver/Src/stm32l0xx_hal_rcc_ex.c ****         }
 147:Drivers/STM32L0xx_HAL_Driver/Src/stm32l0xx_hal_rcc_ex.c ****       }
 148:Drivers/STM32L0xx_HAL_Driver/Src/stm32l0xx_hal_rcc_ex.c ****     }
 149:Drivers/STM32L0xx_HAL_Driver/Src/stm32l0xx_hal_rcc_ex.c **** 
 150:Drivers/STM32L0xx_HAL_Driver/Src/stm32l0xx_hal_rcc_ex.c ****     /* Check if user wants to change HSE RTC prescaler whereas HSE is enabled */
 151:Drivers/STM32L0xx_HAL_Driver/Src/stm32l0xx_hal_rcc_ex.c ****     temp_reg = (RCC->CR & RCC_CR_RTCPRE);
  91              		.loc 1 151 5 is_stmt 1 view .LVU22
  92              		.loc 1 151 20 is_stmt 0 view .LVU23
  93 0030 784B     		ldr	r3, .L47
  94 0032 1A68     		ldr	r2, [r3]
  95              		.loc 1 151 14 view .LVU24
  96 0034 C023     		movs	r3, #192
  97 0036 9B03     		lsls	r3, r3, #14
  98 0038 1A40     		ands	r2, r3
  99              	.LVL5:
 152:Drivers/STM32L0xx_HAL_Driver/Src/stm32l0xx_hal_rcc_ex.c ****     if ((temp_reg != (PeriphClkInit->RTCClockSelection & RCC_CR_RTCPRE))
 100              		.loc 1 152 5 is_stmt 1 view .LVU25
 101              		.loc 1 152 36 is_stmt 0 view .LVU26
 102 003a 6168     		ldr	r1, [r4, #4]
 103              		.loc 1 152 56 view .LVU27
 104 003c 0B40     		ands	r3, r1
 105              		.loc 1 152 8 view .LVU28
 106 003e 9342     		cmp	r3, r2
 107 0040 00D1     		bne	.LCB70
 108 0042 ACE0     		b	.L41	@long jump
 109              	.LCB70:
 110              	.L8:
 153:Drivers/STM32L0xx_HAL_Driver/Src/stm32l0xx_hal_rcc_ex.c **** #if defined (LCD)
 154:Drivers/STM32L0xx_HAL_Driver/Src/stm32l0xx_hal_rcc_ex.c ****      || (temp_reg != (PeriphClkInit->LCDClockSelection & RCC_CR_RTCPRE))
 155:Drivers/STM32L0xx_HAL_Driver/Src/stm32l0xx_hal_rcc_ex.c **** #endif /* LCD */
 156:Drivers/STM32L0xx_HAL_Driver/Src/stm32l0xx_hal_rcc_ex.c ****        )
 157:Drivers/STM32L0xx_HAL_Driver/Src/stm32l0xx_hal_rcc_ex.c ****     { /* Check HSE State */
 158:Drivers/STM32L0xx_HAL_Driver/Src/stm32l0xx_hal_rcc_ex.c ****       if ((PeriphClkInit->RTCClockSelection & RCC_CSR_RTCSEL) == RCC_CSR_RTCSEL_HSE)
 111              		.loc 1 158 7 is_stmt 1 view .LVU29
 112              		.loc 1 158 45 is_stmt 0 view .LVU30
 113 0044 C023     		movs	r3, #192
 114 0046 9B02     		lsls	r3, r3, #10
 115 0048 0A00     		movs	r2, r1
 116              	.LVL6:
 117              		.loc 1 158 45 view .LVU31
 118 004a 1A40     		ands	r2, r3
 119              		.loc 1 158 10 view .LVU32
 120 004c 9A42     		cmp	r2, r3
 121 004e 00D1     		bne	.LCB79
 122 0050 ADE0     		b	.L42	@long jump
 123              	.LCB79:
 124              	.L9:
 159:Drivers/STM32L0xx_HAL_Driver/Src/stm32l0xx_hal_rcc_ex.c ****       {
 160:Drivers/STM32L0xx_HAL_Driver/Src/stm32l0xx_hal_rcc_ex.c ****         if (HAL_IS_BIT_SET(RCC->CR, RCC_CR_HSERDY))
 161:Drivers/STM32L0xx_HAL_Driver/Src/stm32l0xx_hal_rcc_ex.c ****         {
ARM GAS  /var/folders/d7/pb3dkhys6j3db_qtp_8v34p80000gn/T//cceM8o88.s 			page 6


 162:Drivers/STM32L0xx_HAL_Driver/Src/stm32l0xx_hal_rcc_ex.c ****           /* To update HSE divider, first switch-OFF HSE clock oscillator*/
 163:Drivers/STM32L0xx_HAL_Driver/Src/stm32l0xx_hal_rcc_ex.c ****           return HAL_ERROR;
 164:Drivers/STM32L0xx_HAL_Driver/Src/stm32l0xx_hal_rcc_ex.c ****         }
 165:Drivers/STM32L0xx_HAL_Driver/Src/stm32l0xx_hal_rcc_ex.c ****       }
 166:Drivers/STM32L0xx_HAL_Driver/Src/stm32l0xx_hal_rcc_ex.c ****     }
 167:Drivers/STM32L0xx_HAL_Driver/Src/stm32l0xx_hal_rcc_ex.c **** 
 168:Drivers/STM32L0xx_HAL_Driver/Src/stm32l0xx_hal_rcc_ex.c ****     /* Reset the Backup domain only if the RTC Clock source selection is modified from reset value 
 169:Drivers/STM32L0xx_HAL_Driver/Src/stm32l0xx_hal_rcc_ex.c ****     temp_reg = (RCC->CSR & RCC_CSR_RTCSEL);
 125              		.loc 1 169 5 is_stmt 1 view .LVU33
 126              		.loc 1 169 20 is_stmt 0 view .LVU34
 127 0052 704B     		ldr	r3, .L47
 128 0054 1A6D     		ldr	r2, [r3, #80]
 129              		.loc 1 169 14 view .LVU35
 130 0056 C023     		movs	r3, #192
 131 0058 9B02     		lsls	r3, r3, #10
 132 005a 1000     		movs	r0, r2
 133 005c 1840     		ands	r0, r3
 134              	.LVL7:
 170:Drivers/STM32L0xx_HAL_Driver/Src/stm32l0xx_hal_rcc_ex.c **** 
 171:Drivers/STM32L0xx_HAL_Driver/Src/stm32l0xx_hal_rcc_ex.c ****     if((temp_reg != 0x00000000U) && (((temp_reg != (PeriphClkInit->RTCClockSelection & RCC_CSR_RTCS
 135              		.loc 1 171 5 is_stmt 1 view .LVU36
 136              		.loc 1 171 7 is_stmt 0 view .LVU37
 137 005e 1A42     		tst	r2, r3
 138 0060 1FD0     		beq	.L10
 139              		.loc 1 171 86 discriminator 1 view .LVU38
 140 0062 1940     		ands	r1, r3
 141              		.loc 1 171 34 discriminator 1 view .LVU39
 142 0064 8142     		cmp	r1, r0
 143 0066 02D0     		beq	.L11
 172:Drivers/STM32L0xx_HAL_Driver/Src/stm32l0xx_hal_rcc_ex.c ****       && (((PeriphClkInit->PeriphClockSelection) & RCC_PERIPHCLK_RTC) == RCC_PERIPHCLK_RTC))
 144              		.loc 1 172 26 view .LVU40
 145 0068 2368     		ldr	r3, [r4]
 146              		.loc 1 172 7 view .LVU41
 147 006a 9B06     		lsls	r3, r3, #26
 148 006c 08D4     		bmi	.L12
 149              	.L11:
 173:Drivers/STM32L0xx_HAL_Driver/Src/stm32l0xx_hal_rcc_ex.c **** #if defined(LCD)
 174:Drivers/STM32L0xx_HAL_Driver/Src/stm32l0xx_hal_rcc_ex.c ****       || ((temp_reg != (PeriphClkInit->LCDClockSelection & RCC_CSR_RTCSEL)) \
 150              		.loc 1 174 38 view .LVU42
 151 006e A368     		ldr	r3, [r4, #8]
 152              		.loc 1 174 58 view .LVU43
 153 0070 C022     		movs	r2, #192
 154 0072 9202     		lsls	r2, r2, #10
 155 0074 1340     		ands	r3, r2
 156              		.loc 1 174 7 view .LVU44
 157 0076 8342     		cmp	r3, r0
 158 0078 13D0     		beq	.L10
 175:Drivers/STM32L0xx_HAL_Driver/Src/stm32l0xx_hal_rcc_ex.c ****        && (((PeriphClkInit->PeriphClockSelection) & RCC_PERIPHCLK_LCD) == RCC_PERIPHCLK_LCD))
 159              		.loc 1 175 27 view .LVU45
 160 007a 2368     		ldr	r3, [r4]
 161              		.loc 1 175 8 view .LVU46
 162 007c 1B05     		lsls	r3, r3, #20
 163 007e 10D5     		bpl	.L10
 164              	.L12:
 176:Drivers/STM32L0xx_HAL_Driver/Src/stm32l0xx_hal_rcc_ex.c **** #endif /* LCD */
 177:Drivers/STM32L0xx_HAL_Driver/Src/stm32l0xx_hal_rcc_ex.c ****      ))
 178:Drivers/STM32L0xx_HAL_Driver/Src/stm32l0xx_hal_rcc_ex.c ****     {
ARM GAS  /var/folders/d7/pb3dkhys6j3db_qtp_8v34p80000gn/T//cceM8o88.s 			page 7


 179:Drivers/STM32L0xx_HAL_Driver/Src/stm32l0xx_hal_rcc_ex.c ****       /* Store the content of CSR register before the reset of Backup Domain */
 180:Drivers/STM32L0xx_HAL_Driver/Src/stm32l0xx_hal_rcc_ex.c ****       temp_reg = (RCC->CSR & ~(RCC_CSR_RTCSEL));
 165              		.loc 1 180 7 is_stmt 1 view .LVU47
 166              		.loc 1 180 22 is_stmt 0 view .LVU48
 167 0080 644B     		ldr	r3, .L47
 168 0082 1A6D     		ldr	r2, [r3, #80]
 169              		.loc 1 180 16 view .LVU49
 170 0084 6549     		ldr	r1, .L47+8
 171 0086 1140     		ands	r1, r2
 172              	.LVL8:
 181:Drivers/STM32L0xx_HAL_Driver/Src/stm32l0xx_hal_rcc_ex.c **** 
 182:Drivers/STM32L0xx_HAL_Driver/Src/stm32l0xx_hal_rcc_ex.c ****       /* RTC Clock selection can be changed only if the Backup Domain is reset */
 183:Drivers/STM32L0xx_HAL_Driver/Src/stm32l0xx_hal_rcc_ex.c ****       __HAL_RCC_BACKUPRESET_FORCE();
 173              		.loc 1 183 7 is_stmt 1 view .LVU50
 174 0088 1E6D     		ldr	r6, [r3, #80]
 175 008a 8020     		movs	r0, #128
 176 008c 0003     		lsls	r0, r0, #12
 177 008e 3043     		orrs	r0, r6
 178 0090 1865     		str	r0, [r3, #80]
 184:Drivers/STM32L0xx_HAL_Driver/Src/stm32l0xx_hal_rcc_ex.c ****       __HAL_RCC_BACKUPRESET_RELEASE();
 179              		.loc 1 184 7 view .LVU51
 180 0092 186D     		ldr	r0, [r3, #80]
 181 0094 624E     		ldr	r6, .L47+12
 182 0096 3040     		ands	r0, r6
 183 0098 1865     		str	r0, [r3, #80]
 185:Drivers/STM32L0xx_HAL_Driver/Src/stm32l0xx_hal_rcc_ex.c **** 
 186:Drivers/STM32L0xx_HAL_Driver/Src/stm32l0xx_hal_rcc_ex.c ****       /* Restore the Content of CSR register */
 187:Drivers/STM32L0xx_HAL_Driver/Src/stm32l0xx_hal_rcc_ex.c ****       RCC->CSR = temp_reg;
 184              		.loc 1 187 7 view .LVU52
 185              		.loc 1 187 16 is_stmt 0 view .LVU53
 186 009a 1965     		str	r1, [r3, #80]
 188:Drivers/STM32L0xx_HAL_Driver/Src/stm32l0xx_hal_rcc_ex.c **** 
 189:Drivers/STM32L0xx_HAL_Driver/Src/stm32l0xx_hal_rcc_ex.c ****        /* Wait for LSERDY if LSE was enabled */
 190:Drivers/STM32L0xx_HAL_Driver/Src/stm32l0xx_hal_rcc_ex.c ****       if (HAL_IS_BIT_SET(temp_reg, RCC_CSR_LSEON))
 187              		.loc 1 190 7 is_stmt 1 view .LVU54
 188              		.loc 1 190 10 is_stmt 0 view .LVU55
 189 009c D205     		lsls	r2, r2, #23
 190 009e 00D5     		bpl	.LCB138
 191 00a0 8CE0     		b	.L43	@long jump
 192              	.LCB138:
 193              	.LVL9:
 194              	.L10:
 191:Drivers/STM32L0xx_HAL_Driver/Src/stm32l0xx_hal_rcc_ex.c ****       {
 192:Drivers/STM32L0xx_HAL_Driver/Src/stm32l0xx_hal_rcc_ex.c ****         /* Get Start Tick */
 193:Drivers/STM32L0xx_HAL_Driver/Src/stm32l0xx_hal_rcc_ex.c ****         tickstart = HAL_GetTick();
 194:Drivers/STM32L0xx_HAL_Driver/Src/stm32l0xx_hal_rcc_ex.c **** 
 195:Drivers/STM32L0xx_HAL_Driver/Src/stm32l0xx_hal_rcc_ex.c ****         /* Wait till LSE is ready */
 196:Drivers/STM32L0xx_HAL_Driver/Src/stm32l0xx_hal_rcc_ex.c ****         while(__HAL_RCC_GET_FLAG(RCC_FLAG_LSERDY) == 0U)
 197:Drivers/STM32L0xx_HAL_Driver/Src/stm32l0xx_hal_rcc_ex.c ****         {
 198:Drivers/STM32L0xx_HAL_Driver/Src/stm32l0xx_hal_rcc_ex.c ****           if((HAL_GetTick() - tickstart ) > RCC_LSE_TIMEOUT_VALUE)
 199:Drivers/STM32L0xx_HAL_Driver/Src/stm32l0xx_hal_rcc_ex.c ****           {
 200:Drivers/STM32L0xx_HAL_Driver/Src/stm32l0xx_hal_rcc_ex.c ****             return HAL_TIMEOUT;
 201:Drivers/STM32L0xx_HAL_Driver/Src/stm32l0xx_hal_rcc_ex.c ****           }
 202:Drivers/STM32L0xx_HAL_Driver/Src/stm32l0xx_hal_rcc_ex.c ****         }
 203:Drivers/STM32L0xx_HAL_Driver/Src/stm32l0xx_hal_rcc_ex.c ****       }
 204:Drivers/STM32L0xx_HAL_Driver/Src/stm32l0xx_hal_rcc_ex.c ****     }
 205:Drivers/STM32L0xx_HAL_Driver/Src/stm32l0xx_hal_rcc_ex.c **** #if defined(LCD)
ARM GAS  /var/folders/d7/pb3dkhys6j3db_qtp_8v34p80000gn/T//cceM8o88.s 			page 8


 206:Drivers/STM32L0xx_HAL_Driver/Src/stm32l0xx_hal_rcc_ex.c ****     if(((PeriphClkInit->PeriphClockSelection) & RCC_PERIPHCLK_LCD) == RCC_PERIPHCLK_LCD)
 195              		.loc 1 206 5 is_stmt 1 view .LVU56
 196              		.loc 1 206 23 is_stmt 0 view .LVU57
 197 00a2 2368     		ldr	r3, [r4]
 198              		.loc 1 206 7 view .LVU58
 199 00a4 1B05     		lsls	r3, r3, #20
 200 00a6 0FD5     		bpl	.L15
 207:Drivers/STM32L0xx_HAL_Driver/Src/stm32l0xx_hal_rcc_ex.c ****     {
 208:Drivers/STM32L0xx_HAL_Driver/Src/stm32l0xx_hal_rcc_ex.c ****       __HAL_RCC_LCD_CONFIG(PeriphClkInit->LCDClockSelection);
 201              		.loc 1 208 7 is_stmt 1 view .LVU59
 202              		.loc 1 208 7 view .LVU60
 203              		.loc 1 208 7 view .LVU61
 204 00a8 A368     		ldr	r3, [r4, #8]
 205 00aa C022     		movs	r2, #192
 206 00ac 9202     		lsls	r2, r2, #10
 207 00ae 1900     		movs	r1, r3
 208 00b0 1140     		ands	r1, r2
 209 00b2 9142     		cmp	r1, r2
 210 00b4 00D1     		bne	.LCB156
 211 00b6 91E0     		b	.L44	@long jump
 212              	.LCB156:
 213              	.L16:
 214              		.loc 1 208 7 discriminator 3 view .LVU62
 215              		.loc 1 208 7 discriminator 3 view .LVU63
 216 00b8 5649     		ldr	r1, .L47
 217 00ba 0B6D     		ldr	r3, [r1, #80]
 218 00bc A268     		ldr	r2, [r4, #8]
 219 00be C020     		movs	r0, #192
 220 00c0 8002     		lsls	r0, r0, #10
 221 00c2 0240     		ands	r2, r0
 222 00c4 1343     		orrs	r3, r2
 223 00c6 0B65     		str	r3, [r1, #80]
 224              	.L15:
 225              		.loc 1 208 7 view .LVU64
 209:Drivers/STM32L0xx_HAL_Driver/Src/stm32l0xx_hal_rcc_ex.c ****     } 
 210:Drivers/STM32L0xx_HAL_Driver/Src/stm32l0xx_hal_rcc_ex.c **** #endif /* LCD */
 211:Drivers/STM32L0xx_HAL_Driver/Src/stm32l0xx_hal_rcc_ex.c **** 
 212:Drivers/STM32L0xx_HAL_Driver/Src/stm32l0xx_hal_rcc_ex.c ****     if(((PeriphClkInit->PeriphClockSelection) & RCC_PERIPHCLK_RTC) == RCC_PERIPHCLK_RTC)
 226              		.loc 1 212 5 view .LVU65
 227              		.loc 1 212 23 is_stmt 0 view .LVU66
 228 00c8 2368     		ldr	r3, [r4]
 229              		.loc 1 212 7 view .LVU67
 230 00ca 9B06     		lsls	r3, r3, #26
 231 00cc 0FD5     		bpl	.L17
 213:Drivers/STM32L0xx_HAL_Driver/Src/stm32l0xx_hal_rcc_ex.c ****     {
 214:Drivers/STM32L0xx_HAL_Driver/Src/stm32l0xx_hal_rcc_ex.c ****       __HAL_RCC_RTC_CONFIG(PeriphClkInit->RTCClockSelection);
 232              		.loc 1 214 7 is_stmt 1 view .LVU68
 233              		.loc 1 214 7 view .LVU69
 234              		.loc 1 214 7 view .LVU70
 235 00ce 6368     		ldr	r3, [r4, #4]
 236 00d0 C022     		movs	r2, #192
 237 00d2 9202     		lsls	r2, r2, #10
 238 00d4 1900     		movs	r1, r3
 239 00d6 1140     		ands	r1, r2
 240 00d8 9142     		cmp	r1, r2
 241 00da 00D1     		bne	.LCB187
 242 00dc 88E0     		b	.L45	@long jump
ARM GAS  /var/folders/d7/pb3dkhys6j3db_qtp_8v34p80000gn/T//cceM8o88.s 			page 9


 243              	.LCB187:
 244              	.L18:
 245              		.loc 1 214 7 discriminator 3 view .LVU71
 246              		.loc 1 214 7 discriminator 3 view .LVU72
 247 00de 4D49     		ldr	r1, .L47
 248 00e0 0B6D     		ldr	r3, [r1, #80]
 249 00e2 6268     		ldr	r2, [r4, #4]
 250 00e4 C020     		movs	r0, #192
 251 00e6 8002     		lsls	r0, r0, #10
 252 00e8 0240     		ands	r2, r0
 253 00ea 1343     		orrs	r3, r2
 254 00ec 0B65     		str	r3, [r1, #80]
 255              	.L17:
 256              		.loc 1 214 7 view .LVU73
 215:Drivers/STM32L0xx_HAL_Driver/Src/stm32l0xx_hal_rcc_ex.c ****     }
 216:Drivers/STM32L0xx_HAL_Driver/Src/stm32l0xx_hal_rcc_ex.c **** 
 217:Drivers/STM32L0xx_HAL_Driver/Src/stm32l0xx_hal_rcc_ex.c ****     /* Require to disable power clock if necessary */
 218:Drivers/STM32L0xx_HAL_Driver/Src/stm32l0xx_hal_rcc_ex.c ****     if(pwrclkchanged == SET)
 257              		.loc 1 218 5 view .LVU74
 258              		.loc 1 218 7 is_stmt 0 view .LVU75
 259 00ee 012D     		cmp	r5, #1
 260 00f0 00D1     		bne	.LCB205
 261 00f2 87E0     		b	.L46	@long jump
 262              	.LCB205:
 263              	.LVL10:
 264              	.L2:
 219:Drivers/STM32L0xx_HAL_Driver/Src/stm32l0xx_hal_rcc_ex.c ****     {
 220:Drivers/STM32L0xx_HAL_Driver/Src/stm32l0xx_hal_rcc_ex.c ****       __HAL_RCC_PWR_CLK_DISABLE();
 221:Drivers/STM32L0xx_HAL_Driver/Src/stm32l0xx_hal_rcc_ex.c ****     }
 222:Drivers/STM32L0xx_HAL_Driver/Src/stm32l0xx_hal_rcc_ex.c ****   }
 223:Drivers/STM32L0xx_HAL_Driver/Src/stm32l0xx_hal_rcc_ex.c **** 
 224:Drivers/STM32L0xx_HAL_Driver/Src/stm32l0xx_hal_rcc_ex.c **** #if defined (RCC_CCIPR_USART1SEL)
 225:Drivers/STM32L0xx_HAL_Driver/Src/stm32l0xx_hal_rcc_ex.c ****   /*------------------------------- USART1 Configuration ------------------------*/
 226:Drivers/STM32L0xx_HAL_Driver/Src/stm32l0xx_hal_rcc_ex.c ****   if(((PeriphClkInit->PeriphClockSelection) & RCC_PERIPHCLK_USART1) == RCC_PERIPHCLK_USART1)
 265              		.loc 1 226 3 is_stmt 1 view .LVU76
 266              		.loc 1 226 21 is_stmt 0 view .LVU77
 267 00f4 2368     		ldr	r3, [r4]
 268              		.loc 1 226 5 view .LVU78
 269 00f6 DB07     		lsls	r3, r3, #31
 270 00f8 06D5     		bpl	.L19
 227:Drivers/STM32L0xx_HAL_Driver/Src/stm32l0xx_hal_rcc_ex.c ****   {
 228:Drivers/STM32L0xx_HAL_Driver/Src/stm32l0xx_hal_rcc_ex.c ****     /* Check the parameters */
 229:Drivers/STM32L0xx_HAL_Driver/Src/stm32l0xx_hal_rcc_ex.c ****     assert_param(IS_RCC_USART1CLKSOURCE(PeriphClkInit->Usart1ClockSelection));
 271              		.loc 1 229 5 is_stmt 1 view .LVU79
 230:Drivers/STM32L0xx_HAL_Driver/Src/stm32l0xx_hal_rcc_ex.c **** 
 231:Drivers/STM32L0xx_HAL_Driver/Src/stm32l0xx_hal_rcc_ex.c ****     /* Configure the USART1 clock source */
 232:Drivers/STM32L0xx_HAL_Driver/Src/stm32l0xx_hal_rcc_ex.c ****     __HAL_RCC_USART1_CONFIG(PeriphClkInit->Usart1ClockSelection);
 272              		.loc 1 232 5 view .LVU80
 273 00fa 464A     		ldr	r2, .L47
 274 00fc D36C     		ldr	r3, [r2, #76]
 275 00fe 0321     		movs	r1, #3
 276 0100 8B43     		bics	r3, r1
 277 0102 E168     		ldr	r1, [r4, #12]
 278 0104 0B43     		orrs	r3, r1
 279 0106 D364     		str	r3, [r2, #76]
 280              	.L19:
 233:Drivers/STM32L0xx_HAL_Driver/Src/stm32l0xx_hal_rcc_ex.c ****   }
ARM GAS  /var/folders/d7/pb3dkhys6j3db_qtp_8v34p80000gn/T//cceM8o88.s 			page 10


 234:Drivers/STM32L0xx_HAL_Driver/Src/stm32l0xx_hal_rcc_ex.c **** #endif /* RCC_CCIPR_USART1SEL */
 235:Drivers/STM32L0xx_HAL_Driver/Src/stm32l0xx_hal_rcc_ex.c **** 
 236:Drivers/STM32L0xx_HAL_Driver/Src/stm32l0xx_hal_rcc_ex.c ****   /*----------------------------- USART2 Configuration --------------------------*/
 237:Drivers/STM32L0xx_HAL_Driver/Src/stm32l0xx_hal_rcc_ex.c ****   if(((PeriphClkInit->PeriphClockSelection) & RCC_PERIPHCLK_USART2) == RCC_PERIPHCLK_USART2)
 281              		.loc 1 237 3 view .LVU81
 282              		.loc 1 237 21 is_stmt 0 view .LVU82
 283 0108 2368     		ldr	r3, [r4]
 284              		.loc 1 237 5 view .LVU83
 285 010a 9B07     		lsls	r3, r3, #30
 286 010c 06D5     		bpl	.L20
 238:Drivers/STM32L0xx_HAL_Driver/Src/stm32l0xx_hal_rcc_ex.c ****   {
 239:Drivers/STM32L0xx_HAL_Driver/Src/stm32l0xx_hal_rcc_ex.c ****     /* Check the parameters */
 240:Drivers/STM32L0xx_HAL_Driver/Src/stm32l0xx_hal_rcc_ex.c ****     assert_param(IS_RCC_USART2CLKSOURCE(PeriphClkInit->Usart2ClockSelection));
 287              		.loc 1 240 5 is_stmt 1 view .LVU84
 241:Drivers/STM32L0xx_HAL_Driver/Src/stm32l0xx_hal_rcc_ex.c **** 
 242:Drivers/STM32L0xx_HAL_Driver/Src/stm32l0xx_hal_rcc_ex.c ****     /* Configure the USART2 clock source */
 243:Drivers/STM32L0xx_HAL_Driver/Src/stm32l0xx_hal_rcc_ex.c ****     __HAL_RCC_USART2_CONFIG(PeriphClkInit->Usart2ClockSelection);
 288              		.loc 1 243 5 view .LVU85
 289 010e 414A     		ldr	r2, .L47
 290 0110 D36C     		ldr	r3, [r2, #76]
 291 0112 0C21     		movs	r1, #12
 292 0114 8B43     		bics	r3, r1
 293 0116 2169     		ldr	r1, [r4, #16]
 294 0118 0B43     		orrs	r3, r1
 295 011a D364     		str	r3, [r2, #76]
 296              	.L20:
 244:Drivers/STM32L0xx_HAL_Driver/Src/stm32l0xx_hal_rcc_ex.c ****   }
 245:Drivers/STM32L0xx_HAL_Driver/Src/stm32l0xx_hal_rcc_ex.c **** 
 246:Drivers/STM32L0xx_HAL_Driver/Src/stm32l0xx_hal_rcc_ex.c ****   /*------------------------------ LPUART1 Configuration ------------------------*/
 247:Drivers/STM32L0xx_HAL_Driver/Src/stm32l0xx_hal_rcc_ex.c ****   if(((PeriphClkInit->PeriphClockSelection) & RCC_PERIPHCLK_LPUART1) == RCC_PERIPHCLK_LPUART1)
 297              		.loc 1 247 3 view .LVU86
 298              		.loc 1 247 21 is_stmt 0 view .LVU87
 299 011c 2368     		ldr	r3, [r4]
 300              		.loc 1 247 5 view .LVU88
 301 011e 5B07     		lsls	r3, r3, #29
 302 0120 06D5     		bpl	.L21
 248:Drivers/STM32L0xx_HAL_Driver/Src/stm32l0xx_hal_rcc_ex.c ****   {
 249:Drivers/STM32L0xx_HAL_Driver/Src/stm32l0xx_hal_rcc_ex.c ****     /* Check the parameters */
 250:Drivers/STM32L0xx_HAL_Driver/Src/stm32l0xx_hal_rcc_ex.c ****     assert_param(IS_RCC_LPUART1CLKSOURCE(PeriphClkInit->Lpuart1ClockSelection));
 303              		.loc 1 250 5 is_stmt 1 view .LVU89
 251:Drivers/STM32L0xx_HAL_Driver/Src/stm32l0xx_hal_rcc_ex.c **** 
 252:Drivers/STM32L0xx_HAL_Driver/Src/stm32l0xx_hal_rcc_ex.c ****     /* Configure the LPUAR1 clock source */
 253:Drivers/STM32L0xx_HAL_Driver/Src/stm32l0xx_hal_rcc_ex.c ****     __HAL_RCC_LPUART1_CONFIG(PeriphClkInit->Lpuart1ClockSelection);
 304              		.loc 1 253 5 view .LVU90
 305 0122 3C4A     		ldr	r2, .L47
 306 0124 D36C     		ldr	r3, [r2, #76]
 307 0126 3F49     		ldr	r1, .L47+16
 308 0128 0B40     		ands	r3, r1
 309 012a 6169     		ldr	r1, [r4, #20]
 310 012c 0B43     		orrs	r3, r1
 311 012e D364     		str	r3, [r2, #76]
 312              	.L21:
 254:Drivers/STM32L0xx_HAL_Driver/Src/stm32l0xx_hal_rcc_ex.c ****   }
 255:Drivers/STM32L0xx_HAL_Driver/Src/stm32l0xx_hal_rcc_ex.c **** 
 256:Drivers/STM32L0xx_HAL_Driver/Src/stm32l0xx_hal_rcc_ex.c ****   /*------------------------------ I2C1 Configuration ------------------------*/
 257:Drivers/STM32L0xx_HAL_Driver/Src/stm32l0xx_hal_rcc_ex.c ****   if(((PeriphClkInit->PeriphClockSelection) & RCC_PERIPHCLK_I2C1) == RCC_PERIPHCLK_I2C1)
 313              		.loc 1 257 3 view .LVU91
ARM GAS  /var/folders/d7/pb3dkhys6j3db_qtp_8v34p80000gn/T//cceM8o88.s 			page 11


 314              		.loc 1 257 21 is_stmt 0 view .LVU92
 315 0130 2368     		ldr	r3, [r4]
 316              		.loc 1 257 5 view .LVU93
 317 0132 1B07     		lsls	r3, r3, #28
 318 0134 06D5     		bpl	.L22
 258:Drivers/STM32L0xx_HAL_Driver/Src/stm32l0xx_hal_rcc_ex.c ****   {
 259:Drivers/STM32L0xx_HAL_Driver/Src/stm32l0xx_hal_rcc_ex.c ****     /* Check the parameters */
 260:Drivers/STM32L0xx_HAL_Driver/Src/stm32l0xx_hal_rcc_ex.c ****     assert_param(IS_RCC_I2C1CLKSOURCE(PeriphClkInit->I2c1ClockSelection));
 319              		.loc 1 260 5 is_stmt 1 view .LVU94
 261:Drivers/STM32L0xx_HAL_Driver/Src/stm32l0xx_hal_rcc_ex.c **** 
 262:Drivers/STM32L0xx_HAL_Driver/Src/stm32l0xx_hal_rcc_ex.c ****     /* Configure the I2C1 clock source */
 263:Drivers/STM32L0xx_HAL_Driver/Src/stm32l0xx_hal_rcc_ex.c ****     __HAL_RCC_I2C1_CONFIG(PeriphClkInit->I2c1ClockSelection);
 320              		.loc 1 263 5 view .LVU95
 321 0136 374A     		ldr	r2, .L47
 322 0138 D36C     		ldr	r3, [r2, #76]
 323 013a 3B49     		ldr	r1, .L47+20
 324 013c 0B40     		ands	r3, r1
 325 013e A169     		ldr	r1, [r4, #24]
 326 0140 0B43     		orrs	r3, r1
 327 0142 D364     		str	r3, [r2, #76]
 328              	.L22:
 264:Drivers/STM32L0xx_HAL_Driver/Src/stm32l0xx_hal_rcc_ex.c ****   }
 265:Drivers/STM32L0xx_HAL_Driver/Src/stm32l0xx_hal_rcc_ex.c **** 
 266:Drivers/STM32L0xx_HAL_Driver/Src/stm32l0xx_hal_rcc_ex.c **** #if defined (RCC_CCIPR_I2C3SEL)
 267:Drivers/STM32L0xx_HAL_Driver/Src/stm32l0xx_hal_rcc_ex.c ****     /*------------------------------ I2C3 Configuration ------------------------*/
 268:Drivers/STM32L0xx_HAL_Driver/Src/stm32l0xx_hal_rcc_ex.c ****   if(((PeriphClkInit->PeriphClockSelection) & RCC_PERIPHCLK_I2C3) == RCC_PERIPHCLK_I2C3)
 269:Drivers/STM32L0xx_HAL_Driver/Src/stm32l0xx_hal_rcc_ex.c ****   {
 270:Drivers/STM32L0xx_HAL_Driver/Src/stm32l0xx_hal_rcc_ex.c ****     /* Check the parameters */
 271:Drivers/STM32L0xx_HAL_Driver/Src/stm32l0xx_hal_rcc_ex.c ****     assert_param(IS_RCC_I2C3CLKSOURCE(PeriphClkInit->I2c3ClockSelection));
 272:Drivers/STM32L0xx_HAL_Driver/Src/stm32l0xx_hal_rcc_ex.c **** 
 273:Drivers/STM32L0xx_HAL_Driver/Src/stm32l0xx_hal_rcc_ex.c ****     /* Configure the I2C3 clock source */
 274:Drivers/STM32L0xx_HAL_Driver/Src/stm32l0xx_hal_rcc_ex.c ****     __HAL_RCC_I2C3_CONFIG(PeriphClkInit->I2c3ClockSelection);
 275:Drivers/STM32L0xx_HAL_Driver/Src/stm32l0xx_hal_rcc_ex.c ****   }
 276:Drivers/STM32L0xx_HAL_Driver/Src/stm32l0xx_hal_rcc_ex.c **** #endif /* RCC_CCIPR_I2C3SEL */
 277:Drivers/STM32L0xx_HAL_Driver/Src/stm32l0xx_hal_rcc_ex.c **** 
 278:Drivers/STM32L0xx_HAL_Driver/Src/stm32l0xx_hal_rcc_ex.c **** #if defined(USB)
 279:Drivers/STM32L0xx_HAL_Driver/Src/stm32l0xx_hal_rcc_ex.c ****  /*---------------------------- USB and RNG configuration --------------------*/
 280:Drivers/STM32L0xx_HAL_Driver/Src/stm32l0xx_hal_rcc_ex.c ****   if(((PeriphClkInit->PeriphClockSelection) & RCC_PERIPHCLK_USB) == (RCC_PERIPHCLK_USB))
 329              		.loc 1 280 3 view .LVU96
 330              		.loc 1 280 21 is_stmt 0 view .LVU97
 331 0144 2368     		ldr	r3, [r4]
 332              		.loc 1 280 5 view .LVU98
 333 0146 5B06     		lsls	r3, r3, #25
 334 0148 06D5     		bpl	.L23
 281:Drivers/STM32L0xx_HAL_Driver/Src/stm32l0xx_hal_rcc_ex.c ****   {
 282:Drivers/STM32L0xx_HAL_Driver/Src/stm32l0xx_hal_rcc_ex.c ****     assert_param(IS_RCC_USBCLKSOURCE(PeriphClkInit->UsbClockSelection));
 335              		.loc 1 282 5 is_stmt 1 view .LVU99
 283:Drivers/STM32L0xx_HAL_Driver/Src/stm32l0xx_hal_rcc_ex.c ****     __HAL_RCC_USB_CONFIG(PeriphClkInit->UsbClockSelection);
 336              		.loc 1 283 5 view .LVU100
 337 014a 324A     		ldr	r2, .L47
 338 014c D36C     		ldr	r3, [r2, #76]
 339 014e 3749     		ldr	r1, .L47+24
 340 0150 0B40     		ands	r3, r1
 341 0152 216A     		ldr	r1, [r4, #32]
 342 0154 0B43     		orrs	r3, r1
 343 0156 D364     		str	r3, [r2, #76]
 344              	.L23:
ARM GAS  /var/folders/d7/pb3dkhys6j3db_qtp_8v34p80000gn/T//cceM8o88.s 			page 12


 284:Drivers/STM32L0xx_HAL_Driver/Src/stm32l0xx_hal_rcc_ex.c ****   }
 285:Drivers/STM32L0xx_HAL_Driver/Src/stm32l0xx_hal_rcc_ex.c **** #endif /* USB */
 286:Drivers/STM32L0xx_HAL_Driver/Src/stm32l0xx_hal_rcc_ex.c **** 
 287:Drivers/STM32L0xx_HAL_Driver/Src/stm32l0xx_hal_rcc_ex.c ****   /*---------------------------- LPTIM1 configuration ------------------------*/
 288:Drivers/STM32L0xx_HAL_Driver/Src/stm32l0xx_hal_rcc_ex.c ****   if(((PeriphClkInit->PeriphClockSelection) & RCC_PERIPHCLK_LPTIM1) == (RCC_PERIPHCLK_LPTIM1))
 345              		.loc 1 288 3 view .LVU101
 346              		.loc 1 288 21 is_stmt 0 view .LVU102
 347 0158 2368     		ldr	r3, [r4]
 348              		.loc 1 288 5 view .LVU103
 349 015a 1B06     		lsls	r3, r3, #24
 350 015c 58D5     		bpl	.L28
 289:Drivers/STM32L0xx_HAL_Driver/Src/stm32l0xx_hal_rcc_ex.c ****   {
 290:Drivers/STM32L0xx_HAL_Driver/Src/stm32l0xx_hal_rcc_ex.c ****     assert_param(IS_RCC_LPTIMCLK(PeriphClkInit->LptimClockSelection));
 351              		.loc 1 290 5 is_stmt 1 view .LVU104
 291:Drivers/STM32L0xx_HAL_Driver/Src/stm32l0xx_hal_rcc_ex.c ****     __HAL_RCC_LPTIM1_CONFIG(PeriphClkInit->LptimClockSelection);
 352              		.loc 1 291 5 view .LVU105
 353 015e 2D4A     		ldr	r2, .L47
 354 0160 D36C     		ldr	r3, [r2, #76]
 355 0162 3349     		ldr	r1, .L47+28
 356 0164 0B40     		ands	r3, r1
 357 0166 E169     		ldr	r1, [r4, #28]
 358 0168 0B43     		orrs	r3, r1
 359 016a D364     		str	r3, [r2, #76]
 292:Drivers/STM32L0xx_HAL_Driver/Src/stm32l0xx_hal_rcc_ex.c ****   }
 293:Drivers/STM32L0xx_HAL_Driver/Src/stm32l0xx_hal_rcc_ex.c **** 
 294:Drivers/STM32L0xx_HAL_Driver/Src/stm32l0xx_hal_rcc_ex.c ****   return HAL_OK;
 360              		.loc 1 294 10 is_stmt 0 view .LVU106
 361 016c 0020     		movs	r0, #0
 362              	.L6:
 295:Drivers/STM32L0xx_HAL_Driver/Src/stm32l0xx_hal_rcc_ex.c **** }
 363              		.loc 1 295 1 view .LVU107
 364              		@ sp needed
 365              	.LVL11:
 366              		.loc 1 295 1 view .LVU108
 367 016e 70BD     		pop	{r4, r5, r6, pc}
 368              	.LVL12:
 369              	.L24:
  99:Drivers/STM32L0xx_HAL_Driver/Src/stm32l0xx_hal_rcc_ex.c **** 
 370              		.loc 1 99 20 view .LVU109
 371 0170 0025     		movs	r5, #0
 372 0172 58E7     		b	.L3
 373              	.LVL13:
 374              	.L40:
 136:Drivers/STM32L0xx_HAL_Driver/Src/stm32l0xx_hal_rcc_ex.c **** 
 375              		.loc 1 136 7 is_stmt 1 view .LVU110
 376 0174 284A     		ldr	r2, .L47+4
 377 0176 1168     		ldr	r1, [r2]
 378 0178 8023     		movs	r3, #128
 379 017a 5B00     		lsls	r3, r3, #1
 380 017c 0B43     		orrs	r3, r1
 381 017e 1360     		str	r3, [r2]
 139:Drivers/STM32L0xx_HAL_Driver/Src/stm32l0xx_hal_rcc_ex.c **** 
 382              		.loc 1 139 7 view .LVU111
 139:Drivers/STM32L0xx_HAL_Driver/Src/stm32l0xx_hal_rcc_ex.c **** 
 383              		.loc 1 139 19 is_stmt 0 view .LVU112
 384 0180 FFF7FEFF 		bl	HAL_GetTick
 385              	.LVL14:
ARM GAS  /var/folders/d7/pb3dkhys6j3db_qtp_8v34p80000gn/T//cceM8o88.s 			page 13


 139:Drivers/STM32L0xx_HAL_Driver/Src/stm32l0xx_hal_rcc_ex.c **** 
 386              		.loc 1 139 19 view .LVU113
 387 0184 0600     		movs	r6, r0
 388              	.LVL15:
 141:Drivers/STM32L0xx_HAL_Driver/Src/stm32l0xx_hal_rcc_ex.c ****       {
 389              		.loc 1 141 7 is_stmt 1 view .LVU114
 390              	.L5:
 141:Drivers/STM32L0xx_HAL_Driver/Src/stm32l0xx_hal_rcc_ex.c ****       {
 391              		.loc 1 141 13 view .LVU115
 392 0186 244B     		ldr	r3, .L47+4
 393 0188 1B68     		ldr	r3, [r3]
 394 018a DB05     		lsls	r3, r3, #23
 395 018c 00D5     		bpl	.LCB354
 396 018e 4FE7     		b	.L4	@long jump
 397              	.LCB354:
 143:Drivers/STM32L0xx_HAL_Driver/Src/stm32l0xx_hal_rcc_ex.c ****         {
 398              		.loc 1 143 9 view .LVU116
 143:Drivers/STM32L0xx_HAL_Driver/Src/stm32l0xx_hal_rcc_ex.c ****         {
 399              		.loc 1 143 13 is_stmt 0 view .LVU117
 400 0190 FFF7FEFF 		bl	HAL_GetTick
 401              	.LVL16:
 143:Drivers/STM32L0xx_HAL_Driver/Src/stm32l0xx_hal_rcc_ex.c ****         {
 402              		.loc 1 143 27 discriminator 1 view .LVU118
 403 0194 801B     		subs	r0, r0, r6
 143:Drivers/STM32L0xx_HAL_Driver/Src/stm32l0xx_hal_rcc_ex.c ****         {
 404              		.loc 1 143 11 discriminator 1 view .LVU119
 405 0196 6428     		cmp	r0, #100
 406 0198 F5D9     		bls	.L5
 145:Drivers/STM32L0xx_HAL_Driver/Src/stm32l0xx_hal_rcc_ex.c ****         }
 407              		.loc 1 145 18 view .LVU120
 408 019a 0320     		movs	r0, #3
 409 019c E7E7     		b	.L6
 410              	.LVL17:
 411              	.L41:
 154:Drivers/STM32L0xx_HAL_Driver/Src/stm32l0xx_hal_rcc_ex.c **** #endif /* LCD */
 412              		.loc 1 154 36 view .LVU121
 413 019e A368     		ldr	r3, [r4, #8]
 154:Drivers/STM32L0xx_HAL_Driver/Src/stm32l0xx_hal_rcc_ex.c **** #endif /* LCD */
 414              		.loc 1 154 56 view .LVU122
 415 01a0 C020     		movs	r0, #192
 416 01a2 8003     		lsls	r0, r0, #14
 417 01a4 0340     		ands	r3, r0
 154:Drivers/STM32L0xx_HAL_Driver/Src/stm32l0xx_hal_rcc_ex.c **** #endif /* LCD */
 418              		.loc 1 154 6 view .LVU123
 419 01a6 9342     		cmp	r3, r2
 420 01a8 00D0     		beq	.LCB374
 421 01aa 4BE7     		b	.L8	@long jump
 422              	.LCB374:
 423 01ac 51E7     		b	.L9
 424              	.LVL18:
 425              	.L42:
 160:Drivers/STM32L0xx_HAL_Driver/Src/stm32l0xx_hal_rcc_ex.c ****         {
 426              		.loc 1 160 9 is_stmt 1 view .LVU124
 160:Drivers/STM32L0xx_HAL_Driver/Src/stm32l0xx_hal_rcc_ex.c ****         {
 427              		.loc 1 160 13 is_stmt 0 view .LVU125
 428 01ae 194B     		ldr	r3, .L47
 429 01b0 1B68     		ldr	r3, [r3]
ARM GAS  /var/folders/d7/pb3dkhys6j3db_qtp_8v34p80000gn/T//cceM8o88.s 			page 14


 160:Drivers/STM32L0xx_HAL_Driver/Src/stm32l0xx_hal_rcc_ex.c ****         {
 430              		.loc 1 160 12 view .LVU126
 431 01b2 9B03     		lsls	r3, r3, #14
 432 01b4 00D4     		bmi	.LCB387
 433 01b6 4CE7     		b	.L9	@long jump
 434              	.LCB387:
 163:Drivers/STM32L0xx_HAL_Driver/Src/stm32l0xx_hal_rcc_ex.c ****         }
 435              		.loc 1 163 18 view .LVU127
 436 01b8 0120     		movs	r0, #1
 437 01ba D8E7     		b	.L6
 438              	.LVL19:
 439              	.L43:
 193:Drivers/STM32L0xx_HAL_Driver/Src/stm32l0xx_hal_rcc_ex.c **** 
 440              		.loc 1 193 9 is_stmt 1 view .LVU128
 193:Drivers/STM32L0xx_HAL_Driver/Src/stm32l0xx_hal_rcc_ex.c **** 
 441              		.loc 1 193 21 is_stmt 0 view .LVU129
 442 01bc FFF7FEFF 		bl	HAL_GetTick
 443              	.LVL20:
 193:Drivers/STM32L0xx_HAL_Driver/Src/stm32l0xx_hal_rcc_ex.c **** 
 444              		.loc 1 193 21 view .LVU130
 445 01c0 0600     		movs	r6, r0
 446              	.LVL21:
 196:Drivers/STM32L0xx_HAL_Driver/Src/stm32l0xx_hal_rcc_ex.c ****         {
 447              		.loc 1 196 9 is_stmt 1 view .LVU131
 448              	.L13:
 196:Drivers/STM32L0xx_HAL_Driver/Src/stm32l0xx_hal_rcc_ex.c ****         {
 449              		.loc 1 196 51 view .LVU132
 196:Drivers/STM32L0xx_HAL_Driver/Src/stm32l0xx_hal_rcc_ex.c ****         {
 450              		.loc 1 196 15 is_stmt 0 view .LVU133
 451 01c2 144B     		ldr	r3, .L47
 452 01c4 1B6D     		ldr	r3, [r3, #80]
 196:Drivers/STM32L0xx_HAL_Driver/Src/stm32l0xx_hal_rcc_ex.c ****         {
 453              		.loc 1 196 51 view .LVU134
 454 01c6 9B05     		lsls	r3, r3, #22
 455 01c8 00D5     		bpl	.LCB409
 456 01ca 6AE7     		b	.L10	@long jump
 457              	.LCB409:
 198:Drivers/STM32L0xx_HAL_Driver/Src/stm32l0xx_hal_rcc_ex.c ****           {
 458              		.loc 1 198 11 is_stmt 1 view .LVU135
 198:Drivers/STM32L0xx_HAL_Driver/Src/stm32l0xx_hal_rcc_ex.c ****           {
 459              		.loc 1 198 15 is_stmt 0 view .LVU136
 460 01cc FFF7FEFF 		bl	HAL_GetTick
 461              	.LVL22:
 198:Drivers/STM32L0xx_HAL_Driver/Src/stm32l0xx_hal_rcc_ex.c ****           {
 462              		.loc 1 198 29 discriminator 1 view .LVU137
 463 01d0 801B     		subs	r0, r0, r6
 198:Drivers/STM32L0xx_HAL_Driver/Src/stm32l0xx_hal_rcc_ex.c ****           {
 464              		.loc 1 198 13 discriminator 1 view .LVU138
 465 01d2 184B     		ldr	r3, .L47+32
 466 01d4 9842     		cmp	r0, r3
 467 01d6 F4D9     		bls	.L13
 200:Drivers/STM32L0xx_HAL_Driver/Src/stm32l0xx_hal_rcc_ex.c ****           }
 468              		.loc 1 200 20 view .LVU139
 469 01d8 0320     		movs	r0, #3
 470 01da C8E7     		b	.L6
 471              	.LVL23:
 472              	.L44:
ARM GAS  /var/folders/d7/pb3dkhys6j3db_qtp_8v34p80000gn/T//cceM8o88.s 			page 15


 208:Drivers/STM32L0xx_HAL_Driver/Src/stm32l0xx_hal_rcc_ex.c ****     } 
 473              		.loc 1 208 7 is_stmt 1 discriminator 1 view .LVU140
 474 01dc 0D49     		ldr	r1, .L47
 475 01de 0A68     		ldr	r2, [r1]
 476 01e0 1548     		ldr	r0, .L47+36
 477 01e2 0240     		ands	r2, r0
 478 01e4 C020     		movs	r0, #192
 479 01e6 8003     		lsls	r0, r0, #14
 480 01e8 0340     		ands	r3, r0
 481 01ea 1343     		orrs	r3, r2
 482 01ec 0B60     		str	r3, [r1]
 483 01ee 63E7     		b	.L16
 484              	.L45:
 214:Drivers/STM32L0xx_HAL_Driver/Src/stm32l0xx_hal_rcc_ex.c ****     }
 485              		.loc 1 214 7 discriminator 1 view .LVU141
 486 01f0 0849     		ldr	r1, .L47
 487 01f2 0A68     		ldr	r2, [r1]
 488 01f4 1048     		ldr	r0, .L47+36
 489 01f6 0240     		ands	r2, r0
 490 01f8 C020     		movs	r0, #192
 491 01fa 8003     		lsls	r0, r0, #14
 492 01fc 0340     		ands	r3, r0
 493 01fe 1343     		orrs	r3, r2
 494 0200 0B60     		str	r3, [r1]
 495 0202 6CE7     		b	.L18
 496              	.L46:
 220:Drivers/STM32L0xx_HAL_Driver/Src/stm32l0xx_hal_rcc_ex.c ****     }
 497              		.loc 1 220 7 view .LVU142
 498 0204 034A     		ldr	r2, .L47
 499 0206 936B     		ldr	r3, [r2, #56]
 500 0208 0C49     		ldr	r1, .L47+40
 501 020a 0B40     		ands	r3, r1
 502 020c 9363     		str	r3, [r2, #56]
 503 020e 71E7     		b	.L2
 504              	.LVL24:
 505              	.L28:
 294:Drivers/STM32L0xx_HAL_Driver/Src/stm32l0xx_hal_rcc_ex.c **** }
 506              		.loc 1 294 10 is_stmt 0 view .LVU143
 507 0210 0020     		movs	r0, #0
 508 0212 ACE7     		b	.L6
 509              	.L48:
 510              		.align	2
 511              	.L47:
 512 0214 00100240 		.word	1073876992
 513 0218 00700040 		.word	1073770496
 514 021c FFFFFCFF 		.word	-196609
 515 0220 FFFFF7FF 		.word	-524289
 516 0224 FFF3FFFF 		.word	-3073
 517 0228 FFCFFFFF 		.word	-12289
 518 022c FFFFFFFB 		.word	-67108865
 519 0230 FFFFF3FF 		.word	-786433
 520 0234 88130000 		.word	5000
 521 0238 FFFFCFFF 		.word	-3145729
 522 023c FFFFFFEF 		.word	-268435457
 523              		.cfi_endproc
 524              	.LFE47:
 526              		.section	.text.HAL_RCCEx_GetPeriphCLKConfig,"ax",%progbits
ARM GAS  /var/folders/d7/pb3dkhys6j3db_qtp_8v34p80000gn/T//cceM8o88.s 			page 16


 527              		.align	1
 528              		.global	HAL_RCCEx_GetPeriphCLKConfig
 529              		.syntax unified
 530              		.code	16
 531              		.thumb_func
 533              	HAL_RCCEx_GetPeriphCLKConfig:
 534              	.LVL25:
 535              	.LFB48:
 296:Drivers/STM32L0xx_HAL_Driver/Src/stm32l0xx_hal_rcc_ex.c **** 
 297:Drivers/STM32L0xx_HAL_Driver/Src/stm32l0xx_hal_rcc_ex.c **** /**
 298:Drivers/STM32L0xx_HAL_Driver/Src/stm32l0xx_hal_rcc_ex.c ****   * @brief  Get the PeriphClkInit according to the internal RCC configuration registers.
 299:Drivers/STM32L0xx_HAL_Driver/Src/stm32l0xx_hal_rcc_ex.c ****   * @param  PeriphClkInit pointer to an RCC_PeriphCLKInitTypeDef structure that
 300:Drivers/STM32L0xx_HAL_Driver/Src/stm32l0xx_hal_rcc_ex.c ****   *         returns the configuration information for the Extended Peripherals clocks(USART1,USART2
 301:Drivers/STM32L0xx_HAL_Driver/Src/stm32l0xx_hal_rcc_ex.c ****   *         I2C1, I2C3, RTC, USB/RNG  and LPTIM1 clocks).
 302:Drivers/STM32L0xx_HAL_Driver/Src/stm32l0xx_hal_rcc_ex.c ****   * @retval None
 303:Drivers/STM32L0xx_HAL_Driver/Src/stm32l0xx_hal_rcc_ex.c ****   */
 304:Drivers/STM32L0xx_HAL_Driver/Src/stm32l0xx_hal_rcc_ex.c **** void HAL_RCCEx_GetPeriphCLKConfig(RCC_PeriphCLKInitTypeDef  *PeriphClkInit)
 305:Drivers/STM32L0xx_HAL_Driver/Src/stm32l0xx_hal_rcc_ex.c **** {
 536              		.loc 1 305 1 is_stmt 1 view -0
 537              		.cfi_startproc
 538              		@ args = 0, pretend = 0, frame = 0
 539              		@ frame_needed = 0, uses_anonymous_args = 0
 540              		@ link register save eliminated.
 306:Drivers/STM32L0xx_HAL_Driver/Src/stm32l0xx_hal_rcc_ex.c ****   uint32_t srcclk;
 541              		.loc 1 306 3 view .LVU145
 307:Drivers/STM32L0xx_HAL_Driver/Src/stm32l0xx_hal_rcc_ex.c **** 
 308:Drivers/STM32L0xx_HAL_Driver/Src/stm32l0xx_hal_rcc_ex.c ****    /* Set all possible values for the extended clock type parameter -----------*/
 309:Drivers/STM32L0xx_HAL_Driver/Src/stm32l0xx_hal_rcc_ex.c ****   /* Common part first */
 310:Drivers/STM32L0xx_HAL_Driver/Src/stm32l0xx_hal_rcc_ex.c ****   PeriphClkInit->PeriphClockSelection = RCC_PERIPHCLK_USART2 | RCC_PERIPHCLK_LPUART1 | \
 542              		.loc 1 310 3 view .LVU146
 543              		.loc 1 310 39 is_stmt 0 view .LVU147
 544 0000 AE23     		movs	r3, #174
 545 0002 0360     		str	r3, [r0]
 311:Drivers/STM32L0xx_HAL_Driver/Src/stm32l0xx_hal_rcc_ex.c ****                                         RCC_PERIPHCLK_I2C1   | RCC_PERIPHCLK_RTC     | \
 312:Drivers/STM32L0xx_HAL_Driver/Src/stm32l0xx_hal_rcc_ex.c ****                                         RCC_PERIPHCLK_LPTIM1;
 313:Drivers/STM32L0xx_HAL_Driver/Src/stm32l0xx_hal_rcc_ex.c **** #if defined(RCC_CCIPR_USART1SEL)
 314:Drivers/STM32L0xx_HAL_Driver/Src/stm32l0xx_hal_rcc_ex.c ****   PeriphClkInit->PeriphClockSelection |= RCC_PERIPHCLK_USART1;
 546              		.loc 1 314 3 is_stmt 1 view .LVU148
 547              		.loc 1 314 39 is_stmt 0 view .LVU149
 548 0004 0133     		adds	r3, r3, #1
 549 0006 0360     		str	r3, [r0]
 315:Drivers/STM32L0xx_HAL_Driver/Src/stm32l0xx_hal_rcc_ex.c **** #endif /* RCC_CCIPR_USART1SEL */
 316:Drivers/STM32L0xx_HAL_Driver/Src/stm32l0xx_hal_rcc_ex.c **** #if  defined(RCC_CCIPR_I2C3SEL)
 317:Drivers/STM32L0xx_HAL_Driver/Src/stm32l0xx_hal_rcc_ex.c ****   PeriphClkInit->PeriphClockSelection |= RCC_PERIPHCLK_I2C3;
 318:Drivers/STM32L0xx_HAL_Driver/Src/stm32l0xx_hal_rcc_ex.c **** #endif /* RCC_CCIPR_I2C3SEL */
 319:Drivers/STM32L0xx_HAL_Driver/Src/stm32l0xx_hal_rcc_ex.c **** #if defined(USB)
 320:Drivers/STM32L0xx_HAL_Driver/Src/stm32l0xx_hal_rcc_ex.c ****   PeriphClkInit->PeriphClockSelection |= RCC_PERIPHCLK_USB;
 550              		.loc 1 320 3 is_stmt 1 view .LVU150
 551              		.loc 1 320 39 is_stmt 0 view .LVU151
 552 0008 4033     		adds	r3, r3, #64
 553 000a 0360     		str	r3, [r0]
 321:Drivers/STM32L0xx_HAL_Driver/Src/stm32l0xx_hal_rcc_ex.c **** #endif /* USB */
 322:Drivers/STM32L0xx_HAL_Driver/Src/stm32l0xx_hal_rcc_ex.c **** #if defined(LCD)
 323:Drivers/STM32L0xx_HAL_Driver/Src/stm32l0xx_hal_rcc_ex.c ****   PeriphClkInit->PeriphClockSelection |= RCC_PERIPHCLK_LCD;
 554              		.loc 1 323 3 is_stmt 1 view .LVU152
 555              		.loc 1 323 39 is_stmt 0 view .LVU153
 556 000c 1B4B     		ldr	r3, .L52
ARM GAS  /var/folders/d7/pb3dkhys6j3db_qtp_8v34p80000gn/T//cceM8o88.s 			page 17


 557 000e 0360     		str	r3, [r0]
 324:Drivers/STM32L0xx_HAL_Driver/Src/stm32l0xx_hal_rcc_ex.c **** #endif /* LCD */
 325:Drivers/STM32L0xx_HAL_Driver/Src/stm32l0xx_hal_rcc_ex.c **** 
 326:Drivers/STM32L0xx_HAL_Driver/Src/stm32l0xx_hal_rcc_ex.c ****   /* Get the RTC/LCD configuration -----------------------------------------------*/
 327:Drivers/STM32L0xx_HAL_Driver/Src/stm32l0xx_hal_rcc_ex.c ****   srcclk = __HAL_RCC_GET_RTC_SOURCE();
 558              		.loc 1 327 3 is_stmt 1 view .LVU154
 559              		.loc 1 327 12 is_stmt 0 view .LVU155
 560 0010 1B4B     		ldr	r3, .L52+4
 561 0012 1B6D     		ldr	r3, [r3, #80]
 562              		.loc 1 327 10 view .LVU156
 563 0014 C022     		movs	r2, #192
 564 0016 9202     		lsls	r2, r2, #10
 565 0018 1340     		ands	r3, r2
 566              	.LVL26:
 328:Drivers/STM32L0xx_HAL_Driver/Src/stm32l0xx_hal_rcc_ex.c ****   if (srcclk != RCC_RTCCLKSOURCE_HSE_DIV2)
 567              		.loc 1 328 3 is_stmt 1 view .LVU157
 568              		.loc 1 328 6 is_stmt 0 view .LVU158
 569 001a 9342     		cmp	r3, r2
 570 001c 25D0     		beq	.L50
 329:Drivers/STM32L0xx_HAL_Driver/Src/stm32l0xx_hal_rcc_ex.c ****   {
 330:Drivers/STM32L0xx_HAL_Driver/Src/stm32l0xx_hal_rcc_ex.c ****     /* Source clock is LSE or LSI*/
 331:Drivers/STM32L0xx_HAL_Driver/Src/stm32l0xx_hal_rcc_ex.c ****     PeriphClkInit->RTCClockSelection = srcclk;
 571              		.loc 1 331 5 is_stmt 1 view .LVU159
 572              		.loc 1 331 38 is_stmt 0 view .LVU160
 573 001e 4360     		str	r3, [r0, #4]
 574              	.LVL27:
 575              	.L51:
 332:Drivers/STM32L0xx_HAL_Driver/Src/stm32l0xx_hal_rcc_ex.c ****   }
 333:Drivers/STM32L0xx_HAL_Driver/Src/stm32l0xx_hal_rcc_ex.c ****   else
 334:Drivers/STM32L0xx_HAL_Driver/Src/stm32l0xx_hal_rcc_ex.c ****   {
 335:Drivers/STM32L0xx_HAL_Driver/Src/stm32l0xx_hal_rcc_ex.c ****     /* Source clock is HSE. Need to get the prescaler value*/
 336:Drivers/STM32L0xx_HAL_Driver/Src/stm32l0xx_hal_rcc_ex.c ****     PeriphClkInit->RTCClockSelection = srcclk | (READ_BIT(RCC->CR, RCC_CR_RTCPRE));
 337:Drivers/STM32L0xx_HAL_Driver/Src/stm32l0xx_hal_rcc_ex.c ****   }
 338:Drivers/STM32L0xx_HAL_Driver/Src/stm32l0xx_hal_rcc_ex.c **** #if defined(LCD)
 339:Drivers/STM32L0xx_HAL_Driver/Src/stm32l0xx_hal_rcc_ex.c ****   PeriphClkInit->LCDClockSelection = PeriphClkInit->RTCClockSelection;
 576              		.loc 1 339 3 is_stmt 1 view .LVU161
 577              		.loc 1 339 51 is_stmt 0 view .LVU162
 578 0020 4368     		ldr	r3, [r0, #4]
 579              		.loc 1 339 36 view .LVU163
 580 0022 8360     		str	r3, [r0, #8]
 340:Drivers/STM32L0xx_HAL_Driver/Src/stm32l0xx_hal_rcc_ex.c **** #endif /* LCD */
 341:Drivers/STM32L0xx_HAL_Driver/Src/stm32l0xx_hal_rcc_ex.c **** #if defined(RCC_CCIPR_USART1SEL)
 342:Drivers/STM32L0xx_HAL_Driver/Src/stm32l0xx_hal_rcc_ex.c ****   /* Get the USART1 configuration --------------------------------------------*/
 343:Drivers/STM32L0xx_HAL_Driver/Src/stm32l0xx_hal_rcc_ex.c ****   PeriphClkInit->Usart1ClockSelection  = __HAL_RCC_GET_USART1_SOURCE();
 581              		.loc 1 343 3 is_stmt 1 view .LVU164
 582              		.loc 1 343 42 is_stmt 0 view .LVU165
 583 0024 164B     		ldr	r3, .L52+4
 584 0026 D96C     		ldr	r1, [r3, #76]
 585 0028 0322     		movs	r2, #3
 586 002a 0A40     		ands	r2, r1
 587              		.loc 1 343 40 view .LVU166
 588 002c C260     		str	r2, [r0, #12]
 344:Drivers/STM32L0xx_HAL_Driver/Src/stm32l0xx_hal_rcc_ex.c **** #endif /* RCC_CCIPR_USART1SEL */
 345:Drivers/STM32L0xx_HAL_Driver/Src/stm32l0xx_hal_rcc_ex.c ****   /* Get the USART2 clock source ---------------------------------------------*/
 346:Drivers/STM32L0xx_HAL_Driver/Src/stm32l0xx_hal_rcc_ex.c ****   PeriphClkInit->Usart2ClockSelection  = __HAL_RCC_GET_USART2_SOURCE();
 589              		.loc 1 346 3 is_stmt 1 view .LVU167
 590              		.loc 1 346 42 is_stmt 0 view .LVU168
ARM GAS  /var/folders/d7/pb3dkhys6j3db_qtp_8v34p80000gn/T//cceM8o88.s 			page 18


 591 002e D96C     		ldr	r1, [r3, #76]
 592 0030 0C22     		movs	r2, #12
 593 0032 0A40     		ands	r2, r1
 594              		.loc 1 346 40 view .LVU169
 595 0034 0261     		str	r2, [r0, #16]
 347:Drivers/STM32L0xx_HAL_Driver/Src/stm32l0xx_hal_rcc_ex.c ****   /* Get the LPUART1 clock source ---------------------------------------------*/
 348:Drivers/STM32L0xx_HAL_Driver/Src/stm32l0xx_hal_rcc_ex.c ****   PeriphClkInit->Lpuart1ClockSelection = __HAL_RCC_GET_LPUART1_SOURCE();
 596              		.loc 1 348 3 is_stmt 1 view .LVU170
 597              		.loc 1 348 42 is_stmt 0 view .LVU171
 598 0036 DA6C     		ldr	r2, [r3, #76]
 599 0038 C021     		movs	r1, #192
 600 003a 0901     		lsls	r1, r1, #4
 601 003c 0A40     		ands	r2, r1
 602              		.loc 1 348 40 view .LVU172
 603 003e 4261     		str	r2, [r0, #20]
 349:Drivers/STM32L0xx_HAL_Driver/Src/stm32l0xx_hal_rcc_ex.c ****   /* Get the I2C1 clock source -----------------------------------------------*/
 350:Drivers/STM32L0xx_HAL_Driver/Src/stm32l0xx_hal_rcc_ex.c ****   PeriphClkInit->I2c1ClockSelection    = __HAL_RCC_GET_I2C1_SOURCE();
 604              		.loc 1 350 3 is_stmt 1 view .LVU173
 605              		.loc 1 350 42 is_stmt 0 view .LVU174
 606 0040 DA6C     		ldr	r2, [r3, #76]
 607 0042 C021     		movs	r1, #192
 608 0044 8901     		lsls	r1, r1, #6
 609 0046 0A40     		ands	r2, r1
 610              		.loc 1 350 40 view .LVU175
 611 0048 8261     		str	r2, [r0, #24]
 351:Drivers/STM32L0xx_HAL_Driver/Src/stm32l0xx_hal_rcc_ex.c **** #if defined(RCC_CCIPR_I2C3SEL)
 352:Drivers/STM32L0xx_HAL_Driver/Src/stm32l0xx_hal_rcc_ex.c **** /* Get the I2C3 clock source -----------------------------------------------*/
 353:Drivers/STM32L0xx_HAL_Driver/Src/stm32l0xx_hal_rcc_ex.c ****   PeriphClkInit->I2c3ClockSelection    = __HAL_RCC_GET_I2C3_SOURCE();
 354:Drivers/STM32L0xx_HAL_Driver/Src/stm32l0xx_hal_rcc_ex.c **** #endif /* RCC_CCIPR_I2C3SEL */
 355:Drivers/STM32L0xx_HAL_Driver/Src/stm32l0xx_hal_rcc_ex.c ****   /* Get the LPTIM1 clock source -----------------------------------------------*/
 356:Drivers/STM32L0xx_HAL_Driver/Src/stm32l0xx_hal_rcc_ex.c ****   PeriphClkInit->LptimClockSelection   = __HAL_RCC_GET_LPTIM1_SOURCE();
 612              		.loc 1 356 3 is_stmt 1 view .LVU176
 613              		.loc 1 356 42 is_stmt 0 view .LVU177
 614 004a DA6C     		ldr	r2, [r3, #76]
 615 004c C021     		movs	r1, #192
 616 004e 0903     		lsls	r1, r1, #12
 617 0050 0A40     		ands	r2, r1
 618              		.loc 1 356 40 view .LVU178
 619 0052 C261     		str	r2, [r0, #28]
 357:Drivers/STM32L0xx_HAL_Driver/Src/stm32l0xx_hal_rcc_ex.c ****   /* Get the RTC clock source -----------------------------------------------*/
 358:Drivers/STM32L0xx_HAL_Driver/Src/stm32l0xx_hal_rcc_ex.c ****   PeriphClkInit->RTCClockSelection     = __HAL_RCC_GET_RTC_SOURCE();
 620              		.loc 1 358 3 is_stmt 1 view .LVU179
 621              		.loc 1 358 42 is_stmt 0 view .LVU180
 622 0054 1A6D     		ldr	r2, [r3, #80]
 623 0056 C021     		movs	r1, #192
 624 0058 8902     		lsls	r1, r1, #10
 625 005a 0A40     		ands	r2, r1
 626              		.loc 1 358 40 view .LVU181
 627 005c 4260     		str	r2, [r0, #4]
 359:Drivers/STM32L0xx_HAL_Driver/Src/stm32l0xx_hal_rcc_ex.c **** #if defined(USB)
 360:Drivers/STM32L0xx_HAL_Driver/Src/stm32l0xx_hal_rcc_ex.c ****   /* Get the USB/RNG clock source -----------------------------------------------*/
 361:Drivers/STM32L0xx_HAL_Driver/Src/stm32l0xx_hal_rcc_ex.c ****   PeriphClkInit->UsbClockSelection     = __HAL_RCC_GET_USB_SOURCE();
 628              		.loc 1 361 3 is_stmt 1 view .LVU182
 629              		.loc 1 361 42 is_stmt 0 view .LVU183
 630 005e DB6C     		ldr	r3, [r3, #76]
 631 0060 8022     		movs	r2, #128
 632 0062 D204     		lsls	r2, r2, #19
ARM GAS  /var/folders/d7/pb3dkhys6j3db_qtp_8v34p80000gn/T//cceM8o88.s 			page 19


 633 0064 1340     		ands	r3, r2
 634              		.loc 1 361 40 view .LVU184
 635 0066 0362     		str	r3, [r0, #32]
 362:Drivers/STM32L0xx_HAL_Driver/Src/stm32l0xx_hal_rcc_ex.c **** #endif /* USB */
 363:Drivers/STM32L0xx_HAL_Driver/Src/stm32l0xx_hal_rcc_ex.c **** }
 636              		.loc 1 363 1 view .LVU185
 637              		@ sp needed
 638 0068 7047     		bx	lr
 639              	.LVL28:
 640              	.L50:
 336:Drivers/STM32L0xx_HAL_Driver/Src/stm32l0xx_hal_rcc_ex.c ****   }
 641              		.loc 1 336 5 is_stmt 1 view .LVU186
 336:Drivers/STM32L0xx_HAL_Driver/Src/stm32l0xx_hal_rcc_ex.c ****   }
 642              		.loc 1 336 50 is_stmt 0 view .LVU187
 643 006a 054A     		ldr	r2, .L52+4
 644 006c 1268     		ldr	r2, [r2]
 645 006e C021     		movs	r1, #192
 646 0070 8903     		lsls	r1, r1, #14
 647 0072 0A40     		ands	r2, r1
 336:Drivers/STM32L0xx_HAL_Driver/Src/stm32l0xx_hal_rcc_ex.c ****   }
 648              		.loc 1 336 47 view .LVU188
 649 0074 1343     		orrs	r3, r2
 650              	.LVL29:
 336:Drivers/STM32L0xx_HAL_Driver/Src/stm32l0xx_hal_rcc_ex.c ****   }
 651              		.loc 1 336 38 view .LVU189
 652 0076 4360     		str	r3, [r0, #4]
 653 0078 D2E7     		b	.L51
 654              	.L53:
 655 007a C046     		.align	2
 656              	.L52:
 657 007c EF080000 		.word	2287
 658 0080 00100240 		.word	1073876992
 659              		.cfi_endproc
 660              	.LFE48:
 662              		.section	.text.HAL_RCCEx_GetPeriphCLKFreq,"ax",%progbits
 663              		.align	1
 664              		.global	HAL_RCCEx_GetPeriphCLKFreq
 665              		.syntax unified
 666              		.code	16
 667              		.thumb_func
 669              	HAL_RCCEx_GetPeriphCLKFreq:
 670              	.LVL30:
 671              	.LFB49:
 364:Drivers/STM32L0xx_HAL_Driver/Src/stm32l0xx_hal_rcc_ex.c **** 
 365:Drivers/STM32L0xx_HAL_Driver/Src/stm32l0xx_hal_rcc_ex.c **** /**
 366:Drivers/STM32L0xx_HAL_Driver/Src/stm32l0xx_hal_rcc_ex.c ****   * @brief  Return the peripheral clock frequency
 367:Drivers/STM32L0xx_HAL_Driver/Src/stm32l0xx_hal_rcc_ex.c ****   * @note   Return 0 if peripheral clock is unknown
 368:Drivers/STM32L0xx_HAL_Driver/Src/stm32l0xx_hal_rcc_ex.c ****   * @param  PeriphClk Peripheral clock identifier
 369:Drivers/STM32L0xx_HAL_Driver/Src/stm32l0xx_hal_rcc_ex.c ****   *         This parameter can be one of the following values:
 370:Drivers/STM32L0xx_HAL_Driver/Src/stm32l0xx_hal_rcc_ex.c ****   *            @arg @ref RCC_PERIPHCLK_RTC      RTC peripheral clock
 371:Drivers/STM32L0xx_HAL_Driver/Src/stm32l0xx_hal_rcc_ex.c ****   *            @arg @ref RCC_PERIPHCLK_LCD      LCD peripheral clock (*)
 372:Drivers/STM32L0xx_HAL_Driver/Src/stm32l0xx_hal_rcc_ex.c ****   *            @arg @ref RCC_PERIPHCLK_USB      USB or RNG peripheral clock (*)
 373:Drivers/STM32L0xx_HAL_Driver/Src/stm32l0xx_hal_rcc_ex.c ****   *            @arg @ref RCC_PERIPHCLK_USART1   USART1 peripheral clock (*)
 374:Drivers/STM32L0xx_HAL_Driver/Src/stm32l0xx_hal_rcc_ex.c ****   *            @arg @ref RCC_PERIPHCLK_USART2   USART2 peripheral clock
 375:Drivers/STM32L0xx_HAL_Driver/Src/stm32l0xx_hal_rcc_ex.c ****   *            @arg @ref RCC_PERIPHCLK_LPUART1  LPUART1 peripheral clock
 376:Drivers/STM32L0xx_HAL_Driver/Src/stm32l0xx_hal_rcc_ex.c ****   *            @arg @ref RCC_PERIPHCLK_I2C1     I2C1 peripheral clock
 377:Drivers/STM32L0xx_HAL_Driver/Src/stm32l0xx_hal_rcc_ex.c ****   *            @arg @ref RCC_PERIPHCLK_I2C2     I2C2 peripheral clock (*)
ARM GAS  /var/folders/d7/pb3dkhys6j3db_qtp_8v34p80000gn/T//cceM8o88.s 			page 20


 378:Drivers/STM32L0xx_HAL_Driver/Src/stm32l0xx_hal_rcc_ex.c ****   *            @arg @ref RCC_PERIPHCLK_I2C3     I2C3 peripheral clock (*)
 379:Drivers/STM32L0xx_HAL_Driver/Src/stm32l0xx_hal_rcc_ex.c ****   * @note   (*) means that this peripheral is not present on all the devices
 380:Drivers/STM32L0xx_HAL_Driver/Src/stm32l0xx_hal_rcc_ex.c ****   * @retval Frequency in Hz (0: means that no available frequency for the peripheral)
 381:Drivers/STM32L0xx_HAL_Driver/Src/stm32l0xx_hal_rcc_ex.c ****   */
 382:Drivers/STM32L0xx_HAL_Driver/Src/stm32l0xx_hal_rcc_ex.c **** uint32_t HAL_RCCEx_GetPeriphCLKFreq(uint32_t PeriphClk)
 383:Drivers/STM32L0xx_HAL_Driver/Src/stm32l0xx_hal_rcc_ex.c **** {
 672              		.loc 1 383 1 is_stmt 1 view -0
 673              		.cfi_startproc
 674              		@ args = 0, pretend = 0, frame = 0
 675              		@ frame_needed = 0, uses_anonymous_args = 0
 676              		.loc 1 383 1 is_stmt 0 view .LVU191
 677 0000 10B5     		push	{r4, lr}
 678              	.LCFI1:
 679              		.cfi_def_cfa_offset 8
 680              		.cfi_offset 4, -8
 681              		.cfi_offset 14, -4
 384:Drivers/STM32L0xx_HAL_Driver/Src/stm32l0xx_hal_rcc_ex.c ****   uint32_t frequency = 0U;
 682              		.loc 1 384 3 is_stmt 1 view .LVU192
 683              	.LVL31:
 385:Drivers/STM32L0xx_HAL_Driver/Src/stm32l0xx_hal_rcc_ex.c ****   uint32_t temp_reg, clkprediv, srcclk;    /* no init needed */
 684              		.loc 1 385 3 view .LVU193
 386:Drivers/STM32L0xx_HAL_Driver/Src/stm32l0xx_hal_rcc_ex.c **** #if defined(USB)
 387:Drivers/STM32L0xx_HAL_Driver/Src/stm32l0xx_hal_rcc_ex.c ****   uint32_t pllmul, plldiv, pllvco;    /* no init needed */
 685              		.loc 1 387 3 view .LVU194
 388:Drivers/STM32L0xx_HAL_Driver/Src/stm32l0xx_hal_rcc_ex.c **** #endif /* USB */
 389:Drivers/STM32L0xx_HAL_Driver/Src/stm32l0xx_hal_rcc_ex.c **** 
 390:Drivers/STM32L0xx_HAL_Driver/Src/stm32l0xx_hal_rcc_ex.c ****   /* Check the parameters */
 391:Drivers/STM32L0xx_HAL_Driver/Src/stm32l0xx_hal_rcc_ex.c ****   assert_param(IS_RCC_PERIPHCLOCK(PeriphClk));
 686              		.loc 1 391 3 view .LVU195
 392:Drivers/STM32L0xx_HAL_Driver/Src/stm32l0xx_hal_rcc_ex.c **** 
 393:Drivers/STM32L0xx_HAL_Driver/Src/stm32l0xx_hal_rcc_ex.c ****   switch (PeriphClk)
 687              		.loc 1 393 3 view .LVU196
 688 0002 2028     		cmp	r0, #32
 689 0004 09D8     		bhi	.L55
 690 0006 0028     		cmp	r0, #0
 691 0008 00D1     		bne	.LCB610
 692 000a 42E1     		b	.L80	@long jump
 693              	.LCB610:
 694 000c 2028     		cmp	r0, #32
 695 000e 00D9     		bls	.LCB612
 696 0010 41E1     		b	.L81	@long jump
 697              	.LCB612:
 698 0012 8000     		lsls	r0, r0, #2
 699              	.LVL32:
 700              		.loc 1 393 3 is_stmt 0 view .LVU197
 701 0014 A94B     		ldr	r3, .L121
 702 0016 1B58     		ldr	r3, [r3, r0]
 703 0018 9F46     		mov	pc, r3
 704              		.section	.rodata.HAL_RCCEx_GetPeriphCLKFreq,"a",%progbits
 705              		.align	2
 706              	.L58:
 707 0000 96020000 		.word	.L81
 708 0004 0E010000 		.word	.L63
 709 0008 6E010000 		.word	.L62
 710 000c 96020000 		.word	.L81
 711 0010 CA010000 		.word	.L61
 712 0014 96020000 		.word	.L81
ARM GAS  /var/folders/d7/pb3dkhys6j3db_qtp_8v34p80000gn/T//cceM8o88.s 			page 21


 713 0018 96020000 		.word	.L81
 714 001c 96020000 		.word	.L81
 715 0020 32020000 		.word	.L60
 716 0024 96020000 		.word	.L81
 717 0028 96020000 		.word	.L81
 718 002c 96020000 		.word	.L81
 719 0030 96020000 		.word	.L81
 720 0034 96020000 		.word	.L81
 721 0038 96020000 		.word	.L81
 722 003c 96020000 		.word	.L81
 723 0040 7C020000 		.word	.L59
 724 0044 96020000 		.word	.L81
 725 0048 96020000 		.word	.L81
 726 004c 96020000 		.word	.L81
 727 0050 96020000 		.word	.L81
 728 0054 96020000 		.word	.L81
 729 0058 96020000 		.word	.L81
 730 005c 96020000 		.word	.L81
 731 0060 96020000 		.word	.L81
 732 0064 96020000 		.word	.L81
 733 0068 96020000 		.word	.L81
 734 006c 96020000 		.word	.L81
 735 0070 96020000 		.word	.L81
 736 0074 96020000 		.word	.L81
 737 0078 96020000 		.word	.L81
 738 007c 96020000 		.word	.L81
 739 0080 28000000 		.word	.L57
 740              		.section	.text.HAL_RCCEx_GetPeriphCLKFreq
 741              	.LVL33:
 742              	.L55:
 743              		.loc 1 393 3 view .LVU198
 744 001a 4028     		cmp	r0, #64
 745 001c 44D0     		beq	.L64
 746 001e 8023     		movs	r3, #128
 747 0020 1B01     		lsls	r3, r3, #4
 748 0022 9842     		cmp	r0, r3
 749 0024 00D0     		beq	.LCB631
 750 0026 38E1     		b	.L82	@long jump
 751              	.LCB631:
 752              	.LVL34:
 753              	.L57:
 394:Drivers/STM32L0xx_HAL_Driver/Src/stm32l0xx_hal_rcc_ex.c ****   {
 395:Drivers/STM32L0xx_HAL_Driver/Src/stm32l0xx_hal_rcc_ex.c ****   case RCC_PERIPHCLK_RTC:
 396:Drivers/STM32L0xx_HAL_Driver/Src/stm32l0xx_hal_rcc_ex.c **** #if defined(LCD)
 397:Drivers/STM32L0xx_HAL_Driver/Src/stm32l0xx_hal_rcc_ex.c ****   case RCC_PERIPHCLK_LCD:
 398:Drivers/STM32L0xx_HAL_Driver/Src/stm32l0xx_hal_rcc_ex.c **** #endif /* LCD */
 399:Drivers/STM32L0xx_HAL_Driver/Src/stm32l0xx_hal_rcc_ex.c ****     {
 400:Drivers/STM32L0xx_HAL_Driver/Src/stm32l0xx_hal_rcc_ex.c ****       /* Get RCC CSR configuration ------------------------------------------------------*/
 401:Drivers/STM32L0xx_HAL_Driver/Src/stm32l0xx_hal_rcc_ex.c ****       temp_reg = RCC->CSR;
 754              		.loc 1 401 7 is_stmt 1 view .LVU199
 755              		.loc 1 401 16 is_stmt 0 view .LVU200
 756 0028 A54B     		ldr	r3, .L121+4
 757 002a 196D     		ldr	r1, [r3, #80]
 758              	.LVL35:
 402:Drivers/STM32L0xx_HAL_Driver/Src/stm32l0xx_hal_rcc_ex.c **** 
 403:Drivers/STM32L0xx_HAL_Driver/Src/stm32l0xx_hal_rcc_ex.c ****       /* Get the current RTC source */
 404:Drivers/STM32L0xx_HAL_Driver/Src/stm32l0xx_hal_rcc_ex.c ****       srcclk = __HAL_RCC_GET_RTC_SOURCE();
ARM GAS  /var/folders/d7/pb3dkhys6j3db_qtp_8v34p80000gn/T//cceM8o88.s 			page 22


 759              		.loc 1 404 7 is_stmt 1 view .LVU201
 760              		.loc 1 404 16 is_stmt 0 view .LVU202
 761 002c 1B6D     		ldr	r3, [r3, #80]
 762              		.loc 1 404 14 view .LVU203
 763 002e C022     		movs	r2, #192
 764 0030 9202     		lsls	r2, r2, #10
 765 0032 1340     		ands	r3, r2
 766              	.LVL36:
 405:Drivers/STM32L0xx_HAL_Driver/Src/stm32l0xx_hal_rcc_ex.c **** 
 406:Drivers/STM32L0xx_HAL_Driver/Src/stm32l0xx_hal_rcc_ex.c ****       /* Check if LSE is ready if RTC clock selection is LSE */
 407:Drivers/STM32L0xx_HAL_Driver/Src/stm32l0xx_hal_rcc_ex.c ****       if ((srcclk == RCC_RTCCLKSOURCE_LSE) && (HAL_IS_BIT_SET(temp_reg, RCC_CSR_LSERDY)))
 767              		.loc 1 407 7 is_stmt 1 view .LVU204
 768              		.loc 1 407 10 is_stmt 0 view .LVU205
 769 0034 8022     		movs	r2, #128
 770 0036 5202     		lsls	r2, r2, #9
 771 0038 9342     		cmp	r3, r2
 772 003a 09D0     		beq	.L103
 773              	.L65:
 408:Drivers/STM32L0xx_HAL_Driver/Src/stm32l0xx_hal_rcc_ex.c ****       {
 409:Drivers/STM32L0xx_HAL_Driver/Src/stm32l0xx_hal_rcc_ex.c ****         frequency = LSE_VALUE;
 410:Drivers/STM32L0xx_HAL_Driver/Src/stm32l0xx_hal_rcc_ex.c ****       }
 411:Drivers/STM32L0xx_HAL_Driver/Src/stm32l0xx_hal_rcc_ex.c ****       /* Check if LSI is ready if RTC clock selection is LSI */
 412:Drivers/STM32L0xx_HAL_Driver/Src/stm32l0xx_hal_rcc_ex.c ****       else if (srcclk == RCC_RTCCLKSOURCE_LSI)
 774              		.loc 1 412 12 is_stmt 1 view .LVU206
 775              		.loc 1 412 15 is_stmt 0 view .LVU207
 776 003c 8022     		movs	r2, #128
 777 003e 9202     		lsls	r2, r2, #10
 778 0040 9342     		cmp	r3, r2
 779 0042 0AD0     		beq	.L104
 413:Drivers/STM32L0xx_HAL_Driver/Src/stm32l0xx_hal_rcc_ex.c ****       {
 414:Drivers/STM32L0xx_HAL_Driver/Src/stm32l0xx_hal_rcc_ex.c ****         if (HAL_IS_BIT_SET(temp_reg, RCC_CSR_LSIRDY))
 415:Drivers/STM32L0xx_HAL_Driver/Src/stm32l0xx_hal_rcc_ex.c ****         {
 416:Drivers/STM32L0xx_HAL_Driver/Src/stm32l0xx_hal_rcc_ex.c ****           frequency = LSI_VALUE;
 417:Drivers/STM32L0xx_HAL_Driver/Src/stm32l0xx_hal_rcc_ex.c ****         }
 418:Drivers/STM32L0xx_HAL_Driver/Src/stm32l0xx_hal_rcc_ex.c ****       }
 419:Drivers/STM32L0xx_HAL_Driver/Src/stm32l0xx_hal_rcc_ex.c ****       /* Check if HSE is ready and if RTC clock selection is HSE */
 420:Drivers/STM32L0xx_HAL_Driver/Src/stm32l0xx_hal_rcc_ex.c ****       else if (srcclk == RCC_RTCCLKSOURCE_HSE_DIVX)
 780              		.loc 1 420 12 is_stmt 1 view .LVU208
 781              		.loc 1 420 15 is_stmt 0 view .LVU209
 782 0044 C022     		movs	r2, #192
 783 0046 9202     		lsls	r2, r2, #10
 784 0048 9342     		cmp	r3, r2
 785 004a 0ED0     		beq	.L105
 384:Drivers/STM32L0xx_HAL_Driver/Src/stm32l0xx_hal_rcc_ex.c ****   uint32_t temp_reg, clkprediv, srcclk;    /* no init needed */
 786              		.loc 1 384 12 view .LVU210
 787 004c 0020     		movs	r0, #0
 788 004e 23E1     		b	.L54
 789              	.L103:
 407:Drivers/STM32L0xx_HAL_Driver/Src/stm32l0xx_hal_rcc_ex.c ****       {
 790              		.loc 1 407 44 discriminator 1 view .LVU211
 791 0050 8A05     		lsls	r2, r1, #22
 792 0052 F3D5     		bpl	.L65
 409:Drivers/STM32L0xx_HAL_Driver/Src/stm32l0xx_hal_rcc_ex.c ****       }
 793              		.loc 1 409 19 view .LVU212
 794 0054 8020     		movs	r0, #128
 795 0056 0002     		lsls	r0, r0, #8
 796 0058 1EE1     		b	.L54
ARM GAS  /var/folders/d7/pb3dkhys6j3db_qtp_8v34p80000gn/T//cceM8o88.s 			page 23


 797              	.L104:
 414:Drivers/STM32L0xx_HAL_Driver/Src/stm32l0xx_hal_rcc_ex.c ****         {
 798              		.loc 1 414 9 is_stmt 1 view .LVU213
 414:Drivers/STM32L0xx_HAL_Driver/Src/stm32l0xx_hal_rcc_ex.c ****         {
 799              		.loc 1 414 13 is_stmt 0 view .LVU214
 800 005a 0223     		movs	r3, #2
 801              	.LVL37:
 414:Drivers/STM32L0xx_HAL_Driver/Src/stm32l0xx_hal_rcc_ex.c ****         {
 802              		.loc 1 414 13 view .LVU215
 803 005c 1800     		movs	r0, r3
 804 005e 0840     		ands	r0, r1
 414:Drivers/STM32L0xx_HAL_Driver/Src/stm32l0xx_hal_rcc_ex.c ****         {
 805              		.loc 1 414 12 view .LVU216
 806 0060 0B42     		tst	r3, r1
 807 0062 00D1     		bne	.LCB681
 808 0064 18E1     		b	.L54	@long jump
 809              	.LCB681:
 416:Drivers/STM32L0xx_HAL_Driver/Src/stm32l0xx_hal_rcc_ex.c ****         }
 810              		.loc 1 416 21 view .LVU217
 811 0066 9748     		ldr	r0, .L121+8
 812 0068 16E1     		b	.L54
 813              	.LVL38:
 814              	.L105:
 421:Drivers/STM32L0xx_HAL_Driver/Src/stm32l0xx_hal_rcc_ex.c ****       {
 422:Drivers/STM32L0xx_HAL_Driver/Src/stm32l0xx_hal_rcc_ex.c ****         if (HAL_IS_BIT_SET(RCC->CR, RCC_CR_HSERDY))
 815              		.loc 1 422 9 is_stmt 1 view .LVU218
 816              		.loc 1 422 13 is_stmt 0 view .LVU219
 817 006a 954B     		ldr	r3, .L121+4
 818              	.LVL39:
 819              		.loc 1 422 13 view .LVU220
 820 006c 1A68     		ldr	r2, [r3]
 821 006e 8023     		movs	r3, #128
 822 0070 9B02     		lsls	r3, r3, #10
 823 0072 1000     		movs	r0, r2
 824 0074 1840     		ands	r0, r3
 825              		.loc 1 422 12 view .LVU221
 826 0076 1A42     		tst	r2, r3
 827 0078 00D1     		bne	.LCB698
 828 007a 0DE1     		b	.L54	@long jump
 829              	.LCB698:
 423:Drivers/STM32L0xx_HAL_Driver/Src/stm32l0xx_hal_rcc_ex.c ****         {
 424:Drivers/STM32L0xx_HAL_Driver/Src/stm32l0xx_hal_rcc_ex.c ****           /* Get the current HSE clock divider */
 425:Drivers/STM32L0xx_HAL_Driver/Src/stm32l0xx_hal_rcc_ex.c ****           clkprediv = __HAL_RCC_GET_RTC_HSE_PRESCALER();
 830              		.loc 1 425 11 is_stmt 1 view .LVU222
 831              		.loc 1 425 23 is_stmt 0 view .LVU223
 832 007c 904B     		ldr	r3, .L121+4
 833 007e 1B68     		ldr	r3, [r3]
 834              		.loc 1 425 21 view .LVU224
 835 0080 C022     		movs	r2, #192
 836 0082 9203     		lsls	r2, r2, #14
 837 0084 1340     		ands	r3, r2
 838              	.LVL40:
 426:Drivers/STM32L0xx_HAL_Driver/Src/stm32l0xx_hal_rcc_ex.c **** 
 427:Drivers/STM32L0xx_HAL_Driver/Src/stm32l0xx_hal_rcc_ex.c ****           switch (clkprediv)
 839              		.loc 1 427 11 is_stmt 1 view .LVU225
 840 0086 8022     		movs	r2, #128
 841 0088 9203     		lsls	r2, r2, #14
ARM GAS  /var/folders/d7/pb3dkhys6j3db_qtp_8v34p80000gn/T//cceM8o88.s 			page 24


 842 008a 9342     		cmp	r3, r2
 843 008c 00D1     		bne	.LCB710
 844 008e 06E1     		b	.L86	@long jump
 845              	.LCB710:
 846 0090 C022     		movs	r2, #192
 847 0092 9203     		lsls	r2, r2, #14
 848 0094 9342     		cmp	r3, r2
 849 0096 00D1     		bne	.LCB714
 850 0098 03E1     		b	.L87	@long jump
 851              	.LCB714:
 852 009a 8022     		movs	r2, #128
 853 009c 5203     		lsls	r2, r2, #13
 854 009e 9342     		cmp	r3, r2
 855 00a0 00D0     		beq	.LCB718
 856 00a2 00E1     		b	.L88	@long jump
 857              	.LCB718:
 428:Drivers/STM32L0xx_HAL_Driver/Src/stm32l0xx_hal_rcc_ex.c ****           {
 429:Drivers/STM32L0xx_HAL_Driver/Src/stm32l0xx_hal_rcc_ex.c ****             case RCC_RTC_HSE_DIV_16:  /* HSE DIV16 has been selected */
 430:Drivers/STM32L0xx_HAL_Driver/Src/stm32l0xx_hal_rcc_ex.c ****             {
 431:Drivers/STM32L0xx_HAL_Driver/Src/stm32l0xx_hal_rcc_ex.c ****               frequency = HSE_VALUE / 16U;
 432:Drivers/STM32L0xx_HAL_Driver/Src/stm32l0xx_hal_rcc_ex.c ****               break;
 433:Drivers/STM32L0xx_HAL_Driver/Src/stm32l0xx_hal_rcc_ex.c ****             }
 434:Drivers/STM32L0xx_HAL_Driver/Src/stm32l0xx_hal_rcc_ex.c ****             case RCC_RTC_HSE_DIV_8:   /* HSE DIV8 has been selected  */
 435:Drivers/STM32L0xx_HAL_Driver/Src/stm32l0xx_hal_rcc_ex.c ****             {
 436:Drivers/STM32L0xx_HAL_Driver/Src/stm32l0xx_hal_rcc_ex.c ****               frequency = HSE_VALUE / 8U;
 437:Drivers/STM32L0xx_HAL_Driver/Src/stm32l0xx_hal_rcc_ex.c ****               break;
 438:Drivers/STM32L0xx_HAL_Driver/Src/stm32l0xx_hal_rcc_ex.c ****             }
 439:Drivers/STM32L0xx_HAL_Driver/Src/stm32l0xx_hal_rcc_ex.c ****             case RCC_RTC_HSE_DIV_4:   /* HSE DIV4 has been selected  */
 440:Drivers/STM32L0xx_HAL_Driver/Src/stm32l0xx_hal_rcc_ex.c ****             {
 441:Drivers/STM32L0xx_HAL_Driver/Src/stm32l0xx_hal_rcc_ex.c ****               frequency = HSE_VALUE / 4U;
 858              		.loc 1 441 25 is_stmt 0 view .LVU226
 859 00a4 8848     		ldr	r0, .L121+12
 860 00a6 F7E0     		b	.L54
 861              	.LVL41:
 862              	.L64:
 442:Drivers/STM32L0xx_HAL_Driver/Src/stm32l0xx_hal_rcc_ex.c ****               break;
 443:Drivers/STM32L0xx_HAL_Driver/Src/stm32l0xx_hal_rcc_ex.c ****             }
 444:Drivers/STM32L0xx_HAL_Driver/Src/stm32l0xx_hal_rcc_ex.c ****             default:                  /* HSE DIV2 has been selected  */
 445:Drivers/STM32L0xx_HAL_Driver/Src/stm32l0xx_hal_rcc_ex.c ****             {
 446:Drivers/STM32L0xx_HAL_Driver/Src/stm32l0xx_hal_rcc_ex.c ****               frequency = HSE_VALUE / 2U;
 447:Drivers/STM32L0xx_HAL_Driver/Src/stm32l0xx_hal_rcc_ex.c ****               break;
 448:Drivers/STM32L0xx_HAL_Driver/Src/stm32l0xx_hal_rcc_ex.c ****             }
 449:Drivers/STM32L0xx_HAL_Driver/Src/stm32l0xx_hal_rcc_ex.c ****           }
 450:Drivers/STM32L0xx_HAL_Driver/Src/stm32l0xx_hal_rcc_ex.c ****         }
 451:Drivers/STM32L0xx_HAL_Driver/Src/stm32l0xx_hal_rcc_ex.c ****       }
 452:Drivers/STM32L0xx_HAL_Driver/Src/stm32l0xx_hal_rcc_ex.c ****       /* Clock not enabled for RTC */
 453:Drivers/STM32L0xx_HAL_Driver/Src/stm32l0xx_hal_rcc_ex.c ****       else
 454:Drivers/STM32L0xx_HAL_Driver/Src/stm32l0xx_hal_rcc_ex.c ****       {
 455:Drivers/STM32L0xx_HAL_Driver/Src/stm32l0xx_hal_rcc_ex.c ****         /* nothing to do: frequency already initialized to 0U */
 456:Drivers/STM32L0xx_HAL_Driver/Src/stm32l0xx_hal_rcc_ex.c ****       }
 457:Drivers/STM32L0xx_HAL_Driver/Src/stm32l0xx_hal_rcc_ex.c ****       break;
 458:Drivers/STM32L0xx_HAL_Driver/Src/stm32l0xx_hal_rcc_ex.c ****     }
 459:Drivers/STM32L0xx_HAL_Driver/Src/stm32l0xx_hal_rcc_ex.c **** #if defined(USB)
 460:Drivers/STM32L0xx_HAL_Driver/Src/stm32l0xx_hal_rcc_ex.c ****   case RCC_PERIPHCLK_USB:
 461:Drivers/STM32L0xx_HAL_Driver/Src/stm32l0xx_hal_rcc_ex.c ****     {
 462:Drivers/STM32L0xx_HAL_Driver/Src/stm32l0xx_hal_rcc_ex.c ****       /* Get the current USB source */
 463:Drivers/STM32L0xx_HAL_Driver/Src/stm32l0xx_hal_rcc_ex.c ****       srcclk = __HAL_RCC_GET_USB_SOURCE();
ARM GAS  /var/folders/d7/pb3dkhys6j3db_qtp_8v34p80000gn/T//cceM8o88.s 			page 25


 863              		.loc 1 463 7 is_stmt 1 view .LVU227
 864              		.loc 1 463 16 is_stmt 0 view .LVU228
 865 00a8 854B     		ldr	r3, .L121+4
 866 00aa DB6C     		ldr	r3, [r3, #76]
 867              	.LVL42:
 464:Drivers/STM32L0xx_HAL_Driver/Src/stm32l0xx_hal_rcc_ex.c **** 
 465:Drivers/STM32L0xx_HAL_Driver/Src/stm32l0xx_hal_rcc_ex.c ****       if (srcclk == RCC_USBCLKSOURCE_PLL)
 868              		.loc 1 465 7 is_stmt 1 view .LVU229
 869              		.loc 1 465 10 is_stmt 0 view .LVU230
 870 00ac 5B01     		lsls	r3, r3, #5
 871 00ae 24D4     		bmi	.L67
 872              	.LVL43:
 466:Drivers/STM32L0xx_HAL_Driver/Src/stm32l0xx_hal_rcc_ex.c ****       {
 467:Drivers/STM32L0xx_HAL_Driver/Src/stm32l0xx_hal_rcc_ex.c ****         if (HAL_IS_BIT_SET(RCC->CR, RCC_CR_PLLRDY))
 873              		.loc 1 467 9 is_stmt 1 view .LVU231
 874              		.loc 1 467 13 is_stmt 0 view .LVU232
 875 00b0 834B     		ldr	r3, .L121+4
 876 00b2 1A68     		ldr	r2, [r3]
 877 00b4 8023     		movs	r3, #128
 878 00b6 9B04     		lsls	r3, r3, #18
 879 00b8 1000     		movs	r0, r2
 880              	.LVL44:
 881              		.loc 1 467 13 view .LVU233
 882 00ba 1840     		ands	r0, r3
 883              		.loc 1 467 12 view .LVU234
 884 00bc 1A42     		tst	r2, r3
 885 00be 00D1     		bne	.LCB747
 886 00c0 EAE0     		b	.L54	@long jump
 887              	.LCB747:
 468:Drivers/STM32L0xx_HAL_Driver/Src/stm32l0xx_hal_rcc_ex.c ****         {
 469:Drivers/STM32L0xx_HAL_Driver/Src/stm32l0xx_hal_rcc_ex.c ****           /* Get PLL clock source and multiplication factor ----------------------*/
 470:Drivers/STM32L0xx_HAL_Driver/Src/stm32l0xx_hal_rcc_ex.c ****           pllmul = RCC->CFGR & RCC_CFGR_PLLMUL;
 888              		.loc 1 470 11 is_stmt 1 view .LVU235
 889              		.loc 1 470 23 is_stmt 0 view .LVU236
 890 00c2 7F4B     		ldr	r3, .L121+4
 891 00c4 D868     		ldr	r0, [r3, #12]
 892              	.LVL45:
 471:Drivers/STM32L0xx_HAL_Driver/Src/stm32l0xx_hal_rcc_ex.c ****           plldiv = RCC->CFGR & RCC_CFGR_PLLDIV;
 893              		.loc 1 471 11 is_stmt 1 view .LVU237
 894              		.loc 1 471 23 is_stmt 0 view .LVU238
 895 00c6 DA68     		ldr	r2, [r3, #12]
 896              	.LVL46:
 472:Drivers/STM32L0xx_HAL_Driver/Src/stm32l0xx_hal_rcc_ex.c ****           pllmul = PLLMulTable[(pllmul >> RCC_CFGR_PLLMUL_Pos)];
 897              		.loc 1 472 11 is_stmt 1 view .LVU239
 898              		.loc 1 472 40 is_stmt 0 view .LVU240
 899 00c8 800C     		lsrs	r0, r0, #18
 900              	.LVL47:
 901              		.loc 1 472 40 view .LVU241
 902 00ca 0F21     		movs	r1, #15
 903 00cc 0140     		ands	r1, r0
 904              		.loc 1 472 31 view .LVU242
 905 00ce 7F48     		ldr	r0, .L121+16
 906 00d0 405C     		ldrb	r0, [r0, r1]
 907              	.LVL48:
 473:Drivers/STM32L0xx_HAL_Driver/Src/stm32l0xx_hal_rcc_ex.c ****           plldiv = (plldiv >> RCC_CFGR_PLLDIV_Pos) + 1U;
 908              		.loc 1 473 11 is_stmt 1 view .LVU243
 909              		.loc 1 473 28 is_stmt 0 view .LVU244
ARM GAS  /var/folders/d7/pb3dkhys6j3db_qtp_8v34p80000gn/T//cceM8o88.s 			page 26


 910 00d2 920D     		lsrs	r2, r2, #22
 911              	.LVL49:
 912              		.loc 1 473 28 view .LVU245
 913 00d4 0321     		movs	r1, #3
 914 00d6 1140     		ands	r1, r2
 915              		.loc 1 473 18 view .LVU246
 916 00d8 0131     		adds	r1, r1, #1
 917              	.LVL50:
 474:Drivers/STM32L0xx_HAL_Driver/Src/stm32l0xx_hal_rcc_ex.c **** 
 475:Drivers/STM32L0xx_HAL_Driver/Src/stm32l0xx_hal_rcc_ex.c ****           /* Compute PLL clock input */
 476:Drivers/STM32L0xx_HAL_Driver/Src/stm32l0xx_hal_rcc_ex.c ****           if(__HAL_RCC_GET_PLL_OSCSOURCE() == RCC_PLLSOURCE_HSI)
 918              		.loc 1 476 11 is_stmt 1 view .LVU247
 919              		.loc 1 476 14 is_stmt 0 view .LVU248
 920 00da DB68     		ldr	r3, [r3, #12]
 921              		.loc 1 476 13 view .LVU249
 922 00dc DB03     		lsls	r3, r3, #15
 923 00de 05D4     		bmi	.L89
 477:Drivers/STM32L0xx_HAL_Driver/Src/stm32l0xx_hal_rcc_ex.c ****           {
 478:Drivers/STM32L0xx_HAL_Driver/Src/stm32l0xx_hal_rcc_ex.c ****             if (READ_BIT(RCC->CR, RCC_CR_HSIDIVF) != 0U)
 924              		.loc 1 478 13 is_stmt 1 view .LVU250
 925              		.loc 1 478 17 is_stmt 0 view .LVU251
 926 00e0 774B     		ldr	r3, .L121+4
 927 00e2 1B68     		ldr	r3, [r3]
 928              		.loc 1 478 16 view .LVU252
 929 00e4 DB06     		lsls	r3, r3, #27
 930 00e6 06D5     		bpl	.L90
 479:Drivers/STM32L0xx_HAL_Driver/Src/stm32l0xx_hal_rcc_ex.c ****             {
 480:Drivers/STM32L0xx_HAL_Driver/Src/stm32l0xx_hal_rcc_ex.c ****               pllvco =  (HSI_VALUE >> 2U);
 931              		.loc 1 480 22 view .LVU253
 932 00e8 794B     		ldr	r3, .L121+20
 933 00ea 00E0     		b	.L68
 934              	.L89:
 481:Drivers/STM32L0xx_HAL_Driver/Src/stm32l0xx_hal_rcc_ex.c ****             }
 482:Drivers/STM32L0xx_HAL_Driver/Src/stm32l0xx_hal_rcc_ex.c ****             else
 483:Drivers/STM32L0xx_HAL_Driver/Src/stm32l0xx_hal_rcc_ex.c ****             {
 484:Drivers/STM32L0xx_HAL_Driver/Src/stm32l0xx_hal_rcc_ex.c ****               pllvco =  HSI_VALUE;
 485:Drivers/STM32L0xx_HAL_Driver/Src/stm32l0xx_hal_rcc_ex.c ****             }
 486:Drivers/STM32L0xx_HAL_Driver/Src/stm32l0xx_hal_rcc_ex.c ****           }
 487:Drivers/STM32L0xx_HAL_Driver/Src/stm32l0xx_hal_rcc_ex.c ****           else /* HSE source */
 488:Drivers/STM32L0xx_HAL_Driver/Src/stm32l0xx_hal_rcc_ex.c ****           {
 489:Drivers/STM32L0xx_HAL_Driver/Src/stm32l0xx_hal_rcc_ex.c ****             pllvco = HSE_VALUE;
 935              		.loc 1 489 20 view .LVU254
 936 00ec 794B     		ldr	r3, .L121+24
 937              	.L68:
 938              	.LVL51:
 490:Drivers/STM32L0xx_HAL_Driver/Src/stm32l0xx_hal_rcc_ex.c ****           }
 491:Drivers/STM32L0xx_HAL_Driver/Src/stm32l0xx_hal_rcc_ex.c ****           /* pllvco * pllmul / plldiv */
 492:Drivers/STM32L0xx_HAL_Driver/Src/stm32l0xx_hal_rcc_ex.c ****           pllvco = (pllvco * pllmul);
 939              		.loc 1 492 11 is_stmt 1 view .LVU255
 940              		.loc 1 492 18 is_stmt 0 view .LVU256
 941 00ee 5843     		muls	r0, r3
 942              	.LVL52:
 493:Drivers/STM32L0xx_HAL_Driver/Src/stm32l0xx_hal_rcc_ex.c ****           frequency = (pllvco/ plldiv);
 943              		.loc 1 493 11 is_stmt 1 view .LVU257
 944              		.loc 1 493 21 is_stmt 0 view .LVU258
 945 00f0 FFF7FEFF 		bl	__aeabi_uidiv
 946              	.LVL53:
ARM GAS  /var/folders/d7/pb3dkhys6j3db_qtp_8v34p80000gn/T//cceM8o88.s 			page 27


 947              		.loc 1 493 21 view .LVU259
 948 00f4 D0E0     		b	.L54
 949              	.LVL54:
 950              	.L90:
 484:Drivers/STM32L0xx_HAL_Driver/Src/stm32l0xx_hal_rcc_ex.c ****             }
 951              		.loc 1 484 22 view .LVU260
 952 00f6 784B     		ldr	r3, .L121+28
 953 00f8 F9E7     		b	.L68
 954              	.LVL55:
 955              	.L67:
 494:Drivers/STM32L0xx_HAL_Driver/Src/stm32l0xx_hal_rcc_ex.c ****         }
 495:Drivers/STM32L0xx_HAL_Driver/Src/stm32l0xx_hal_rcc_ex.c ****       }
 496:Drivers/STM32L0xx_HAL_Driver/Src/stm32l0xx_hal_rcc_ex.c ****       else if (srcclk == RCC_USBCLKSOURCE_HSI48)
 956              		.loc 1 496 12 is_stmt 1 view .LVU261
 497:Drivers/STM32L0xx_HAL_Driver/Src/stm32l0xx_hal_rcc_ex.c ****       {
 498:Drivers/STM32L0xx_HAL_Driver/Src/stm32l0xx_hal_rcc_ex.c ****         if (HAL_IS_BIT_SET(RCC->CRRCR, RCC_CRRCR_HSI48RDY))
 957              		.loc 1 498 9 view .LVU262
 958              		.loc 1 498 13 is_stmt 0 view .LVU263
 959 00fa 714B     		ldr	r3, .L121+4
 960 00fc 9B68     		ldr	r3, [r3, #8]
 961 00fe 0222     		movs	r2, #2
 962 0100 1000     		movs	r0, r2
 963              	.LVL56:
 964              		.loc 1 498 13 view .LVU264
 965 0102 1840     		ands	r0, r3
 966              		.loc 1 498 12 view .LVU265
 967 0104 1A42     		tst	r2, r3
 968 0106 00D1     		bne	.LCB826
 969 0108 C6E0     		b	.L54	@long jump
 970              	.LCB826:
 499:Drivers/STM32L0xx_HAL_Driver/Src/stm32l0xx_hal_rcc_ex.c ****         {
 500:Drivers/STM32L0xx_HAL_Driver/Src/stm32l0xx_hal_rcc_ex.c ****           frequency = HSI48_VALUE;
 971              		.loc 1 500 21 view .LVU266
 972 010a 7448     		ldr	r0, .L121+32
 973 010c C4E0     		b	.L54
 974              	.LVL57:
 975              	.L63:
 501:Drivers/STM32L0xx_HAL_Driver/Src/stm32l0xx_hal_rcc_ex.c ****         }
 502:Drivers/STM32L0xx_HAL_Driver/Src/stm32l0xx_hal_rcc_ex.c ****       }
 503:Drivers/STM32L0xx_HAL_Driver/Src/stm32l0xx_hal_rcc_ex.c ****       else /* RCC_USBCLKSOURCE_NONE */
 504:Drivers/STM32L0xx_HAL_Driver/Src/stm32l0xx_hal_rcc_ex.c ****       {
 505:Drivers/STM32L0xx_HAL_Driver/Src/stm32l0xx_hal_rcc_ex.c ****           /* nothing to do: frequency already initialized to 0U */
 506:Drivers/STM32L0xx_HAL_Driver/Src/stm32l0xx_hal_rcc_ex.c ****       }
 507:Drivers/STM32L0xx_HAL_Driver/Src/stm32l0xx_hal_rcc_ex.c ****       break;
 508:Drivers/STM32L0xx_HAL_Driver/Src/stm32l0xx_hal_rcc_ex.c ****     }
 509:Drivers/STM32L0xx_HAL_Driver/Src/stm32l0xx_hal_rcc_ex.c **** #endif /* USB */
 510:Drivers/STM32L0xx_HAL_Driver/Src/stm32l0xx_hal_rcc_ex.c **** #if defined(RCC_CCIPR_USART1SEL)
 511:Drivers/STM32L0xx_HAL_Driver/Src/stm32l0xx_hal_rcc_ex.c ****   case RCC_PERIPHCLK_USART1:
 512:Drivers/STM32L0xx_HAL_Driver/Src/stm32l0xx_hal_rcc_ex.c ****     {
 513:Drivers/STM32L0xx_HAL_Driver/Src/stm32l0xx_hal_rcc_ex.c ****       /* Get the current USART1 source */
 514:Drivers/STM32L0xx_HAL_Driver/Src/stm32l0xx_hal_rcc_ex.c ****       srcclk = __HAL_RCC_GET_USART1_SOURCE();
 976              		.loc 1 514 7 is_stmt 1 view .LVU267
 977              		.loc 1 514 16 is_stmt 0 view .LVU268
 978 010e 6C4B     		ldr	r3, .L121+4
 979 0110 DB6C     		ldr	r3, [r3, #76]
 980              		.loc 1 514 14 view .LVU269
 981 0112 0322     		movs	r2, #3
ARM GAS  /var/folders/d7/pb3dkhys6j3db_qtp_8v34p80000gn/T//cceM8o88.s 			page 28


 982 0114 1100     		movs	r1, r2
 983 0116 1940     		ands	r1, r3
 984              	.LVL58:
 515:Drivers/STM32L0xx_HAL_Driver/Src/stm32l0xx_hal_rcc_ex.c **** 
 516:Drivers/STM32L0xx_HAL_Driver/Src/stm32l0xx_hal_rcc_ex.c ****       /* Check if USART1 clock selection is PCLK2 */
 517:Drivers/STM32L0xx_HAL_Driver/Src/stm32l0xx_hal_rcc_ex.c ****       if (srcclk == RCC_USART1CLKSOURCE_PCLK2)
 985              		.loc 1 517 7 is_stmt 1 view .LVU270
 986              		.loc 1 517 10 is_stmt 0 view .LVU271
 987 0118 1A42     		tst	r2, r3
 988 011a 07D0     		beq	.L106
 518:Drivers/STM32L0xx_HAL_Driver/Src/stm32l0xx_hal_rcc_ex.c ****       {
 519:Drivers/STM32L0xx_HAL_Driver/Src/stm32l0xx_hal_rcc_ex.c ****         frequency = HAL_RCC_GetPCLK2Freq();
 520:Drivers/STM32L0xx_HAL_Driver/Src/stm32l0xx_hal_rcc_ex.c ****       }
 521:Drivers/STM32L0xx_HAL_Driver/Src/stm32l0xx_hal_rcc_ex.c ****       /* Check if HSI is ready and if USART1 clock selection is HSI */
 522:Drivers/STM32L0xx_HAL_Driver/Src/stm32l0xx_hal_rcc_ex.c ****       else if (srcclk == RCC_USART1CLKSOURCE_HSI)
 989              		.loc 1 522 12 is_stmt 1 view .LVU272
 990              		.loc 1 522 15 is_stmt 0 view .LVU273
 991 011c 0229     		cmp	r1, #2
 992 011e 08D0     		beq	.L107
 523:Drivers/STM32L0xx_HAL_Driver/Src/stm32l0xx_hal_rcc_ex.c ****       {
 524:Drivers/STM32L0xx_HAL_Driver/Src/stm32l0xx_hal_rcc_ex.c ****         if (HAL_IS_BIT_SET(RCC->CR, RCC_CR_HSIRDY))
 525:Drivers/STM32L0xx_HAL_Driver/Src/stm32l0xx_hal_rcc_ex.c ****         {
 526:Drivers/STM32L0xx_HAL_Driver/Src/stm32l0xx_hal_rcc_ex.c ****           if (READ_BIT(RCC->CR, RCC_CR_HSIDIVF) != 0U)
 527:Drivers/STM32L0xx_HAL_Driver/Src/stm32l0xx_hal_rcc_ex.c ****           {
 528:Drivers/STM32L0xx_HAL_Driver/Src/stm32l0xx_hal_rcc_ex.c ****             frequency =  (HSI_VALUE >> 2U);
 529:Drivers/STM32L0xx_HAL_Driver/Src/stm32l0xx_hal_rcc_ex.c ****           }
 530:Drivers/STM32L0xx_HAL_Driver/Src/stm32l0xx_hal_rcc_ex.c ****           else
 531:Drivers/STM32L0xx_HAL_Driver/Src/stm32l0xx_hal_rcc_ex.c ****           {
 532:Drivers/STM32L0xx_HAL_Driver/Src/stm32l0xx_hal_rcc_ex.c ****             frequency =  HSI_VALUE;
 533:Drivers/STM32L0xx_HAL_Driver/Src/stm32l0xx_hal_rcc_ex.c ****           }
 534:Drivers/STM32L0xx_HAL_Driver/Src/stm32l0xx_hal_rcc_ex.c ****         }
 535:Drivers/STM32L0xx_HAL_Driver/Src/stm32l0xx_hal_rcc_ex.c ****       }
 536:Drivers/STM32L0xx_HAL_Driver/Src/stm32l0xx_hal_rcc_ex.c ****       /* Check if USART1 clock selection is SYSCLK */
 537:Drivers/STM32L0xx_HAL_Driver/Src/stm32l0xx_hal_rcc_ex.c ****       else if (srcclk == RCC_USART1CLKSOURCE_SYSCLK)
 993              		.loc 1 537 12 is_stmt 1 view .LVU274
 994              		.loc 1 537 15 is_stmt 0 view .LVU275
 995 0120 0129     		cmp	r1, #1
 996 0122 15D0     		beq	.L108
 538:Drivers/STM32L0xx_HAL_Driver/Src/stm32l0xx_hal_rcc_ex.c ****       {
 539:Drivers/STM32L0xx_HAL_Driver/Src/stm32l0xx_hal_rcc_ex.c ****         frequency = HAL_RCC_GetSysClockFreq();
 540:Drivers/STM32L0xx_HAL_Driver/Src/stm32l0xx_hal_rcc_ex.c ****       }
 541:Drivers/STM32L0xx_HAL_Driver/Src/stm32l0xx_hal_rcc_ex.c ****       /* Check if LSE is ready  and if USART1 clock selection is LSE */
 542:Drivers/STM32L0xx_HAL_Driver/Src/stm32l0xx_hal_rcc_ex.c ****       else if (srcclk == RCC_USART1CLKSOURCE_LSE)
 997              		.loc 1 542 12 is_stmt 1 view .LVU276
 998              		.loc 1 542 15 is_stmt 0 view .LVU277
 999 0124 0329     		cmp	r1, #3
 1000 0126 16D0     		beq	.L109
 384:Drivers/STM32L0xx_HAL_Driver/Src/stm32l0xx_hal_rcc_ex.c ****   uint32_t temp_reg, clkprediv, srcclk;    /* no init needed */
 1001              		.loc 1 384 12 view .LVU278
 1002 0128 0020     		movs	r0, #0
 1003 012a B5E0     		b	.L54
 1004              	.L106:
 519:Drivers/STM32L0xx_HAL_Driver/Src/stm32l0xx_hal_rcc_ex.c ****       }
 1005              		.loc 1 519 9 is_stmt 1 view .LVU279
 519:Drivers/STM32L0xx_HAL_Driver/Src/stm32l0xx_hal_rcc_ex.c ****       }
 1006              		.loc 1 519 21 is_stmt 0 view .LVU280
 1007 012c FFF7FEFF 		bl	HAL_RCC_GetPCLK2Freq
ARM GAS  /var/folders/d7/pb3dkhys6j3db_qtp_8v34p80000gn/T//cceM8o88.s 			page 29


 1008              	.LVL59:
 519:Drivers/STM32L0xx_HAL_Driver/Src/stm32l0xx_hal_rcc_ex.c ****       }
 1009              		.loc 1 519 21 view .LVU281
 1010 0130 B2E0     		b	.L54
 1011              	.LVL60:
 1012              	.L107:
 524:Drivers/STM32L0xx_HAL_Driver/Src/stm32l0xx_hal_rcc_ex.c ****         {
 1013              		.loc 1 524 9 is_stmt 1 view .LVU282
 524:Drivers/STM32L0xx_HAL_Driver/Src/stm32l0xx_hal_rcc_ex.c ****         {
 1014              		.loc 1 524 13 is_stmt 0 view .LVU283
 1015 0132 634B     		ldr	r3, .L121+4
 1016 0134 1B68     		ldr	r3, [r3]
 1017 0136 0422     		movs	r2, #4
 1018 0138 1000     		movs	r0, r2
 1019 013a 1840     		ands	r0, r3
 524:Drivers/STM32L0xx_HAL_Driver/Src/stm32l0xx_hal_rcc_ex.c ****         {
 1020              		.loc 1 524 12 view .LVU284
 1021 013c 1A42     		tst	r2, r3
 1022 013e 00D1     		bne	.LCB874
 1023 0140 AAE0     		b	.L54	@long jump
 1024              	.LCB874:
 526:Drivers/STM32L0xx_HAL_Driver/Src/stm32l0xx_hal_rcc_ex.c ****           {
 1025              		.loc 1 526 11 is_stmt 1 view .LVU285
 526:Drivers/STM32L0xx_HAL_Driver/Src/stm32l0xx_hal_rcc_ex.c ****           {
 1026              		.loc 1 526 15 is_stmt 0 view .LVU286
 1027 0142 5F4B     		ldr	r3, .L121+4
 1028 0144 1B68     		ldr	r3, [r3]
 526:Drivers/STM32L0xx_HAL_Driver/Src/stm32l0xx_hal_rcc_ex.c ****           {
 1029              		.loc 1 526 14 view .LVU287
 1030 0146 DB06     		lsls	r3, r3, #27
 1031 0148 00D4     		bmi	.LCB881
 1032 014a AEE0     		b	.L92	@long jump
 1033              	.LCB881:
 528:Drivers/STM32L0xx_HAL_Driver/Src/stm32l0xx_hal_rcc_ex.c ****           }
 1034              		.loc 1 528 23 view .LVU288
 1035 014c 6048     		ldr	r0, .L121+20
 1036 014e A3E0     		b	.L54
 1037              	.L108:
 539:Drivers/STM32L0xx_HAL_Driver/Src/stm32l0xx_hal_rcc_ex.c ****       }
 1038              		.loc 1 539 9 is_stmt 1 view .LVU289
 539:Drivers/STM32L0xx_HAL_Driver/Src/stm32l0xx_hal_rcc_ex.c ****       }
 1039              		.loc 1 539 21 is_stmt 0 view .LVU290
 1040 0150 FFF7FEFF 		bl	HAL_RCC_GetSysClockFreq
 1041              	.LVL61:
 539:Drivers/STM32L0xx_HAL_Driver/Src/stm32l0xx_hal_rcc_ex.c ****       }
 1042              		.loc 1 539 21 view .LVU291
 1043 0154 A0E0     		b	.L54
 1044              	.LVL62:
 1045              	.L109:
 543:Drivers/STM32L0xx_HAL_Driver/Src/stm32l0xx_hal_rcc_ex.c ****       {
 544:Drivers/STM32L0xx_HAL_Driver/Src/stm32l0xx_hal_rcc_ex.c ****         if (HAL_IS_BIT_SET(RCC->CSR, RCC_CSR_LSERDY))
 1046              		.loc 1 544 9 is_stmt 1 view .LVU292
 1047              		.loc 1 544 13 is_stmt 0 view .LVU293
 1048 0156 5A4B     		ldr	r3, .L121+4
 1049 0158 1A6D     		ldr	r2, [r3, #80]
 1050 015a 8023     		movs	r3, #128
 1051 015c 9B00     		lsls	r3, r3, #2
ARM GAS  /var/folders/d7/pb3dkhys6j3db_qtp_8v34p80000gn/T//cceM8o88.s 			page 30


 1052 015e 1000     		movs	r0, r2
 1053 0160 1840     		ands	r0, r3
 1054              		.loc 1 544 12 view .LVU294
 1055 0162 1A42     		tst	r2, r3
 1056 0164 00D1     		bne	.LCB905
 1057 0166 97E0     		b	.L54	@long jump
 1058              	.LCB905:
 545:Drivers/STM32L0xx_HAL_Driver/Src/stm32l0xx_hal_rcc_ex.c ****         {
 546:Drivers/STM32L0xx_HAL_Driver/Src/stm32l0xx_hal_rcc_ex.c ****           frequency = LSE_VALUE;
 1059              		.loc 1 546 21 view .LVU295
 1060 0168 8020     		movs	r0, #128
 1061 016a 0002     		lsls	r0, r0, #8
 1062 016c 94E0     		b	.L54
 1063              	.LVL63:
 1064              	.L62:
 547:Drivers/STM32L0xx_HAL_Driver/Src/stm32l0xx_hal_rcc_ex.c ****         }
 548:Drivers/STM32L0xx_HAL_Driver/Src/stm32l0xx_hal_rcc_ex.c ****       }
 549:Drivers/STM32L0xx_HAL_Driver/Src/stm32l0xx_hal_rcc_ex.c ****       /* Clock not enabled for USART1*/
 550:Drivers/STM32L0xx_HAL_Driver/Src/stm32l0xx_hal_rcc_ex.c ****       else
 551:Drivers/STM32L0xx_HAL_Driver/Src/stm32l0xx_hal_rcc_ex.c ****       {
 552:Drivers/STM32L0xx_HAL_Driver/Src/stm32l0xx_hal_rcc_ex.c ****         /* nothing to do: frequency already initialized to 0U */
 553:Drivers/STM32L0xx_HAL_Driver/Src/stm32l0xx_hal_rcc_ex.c ****       }
 554:Drivers/STM32L0xx_HAL_Driver/Src/stm32l0xx_hal_rcc_ex.c ****       break;
 555:Drivers/STM32L0xx_HAL_Driver/Src/stm32l0xx_hal_rcc_ex.c ****     }
 556:Drivers/STM32L0xx_HAL_Driver/Src/stm32l0xx_hal_rcc_ex.c **** #endif /* RCC_CCIPR_USART1SEL */
 557:Drivers/STM32L0xx_HAL_Driver/Src/stm32l0xx_hal_rcc_ex.c ****   case RCC_PERIPHCLK_USART2:
 558:Drivers/STM32L0xx_HAL_Driver/Src/stm32l0xx_hal_rcc_ex.c ****     {
 559:Drivers/STM32L0xx_HAL_Driver/Src/stm32l0xx_hal_rcc_ex.c ****       /* Get the current USART2 source */
 560:Drivers/STM32L0xx_HAL_Driver/Src/stm32l0xx_hal_rcc_ex.c ****       srcclk = __HAL_RCC_GET_USART2_SOURCE();
 1065              		.loc 1 560 7 is_stmt 1 view .LVU296
 1066              		.loc 1 560 16 is_stmt 0 view .LVU297
 1067 016e 544B     		ldr	r3, .L121+4
 1068 0170 DB6C     		ldr	r3, [r3, #76]
 1069              		.loc 1 560 14 view .LVU298
 1070 0172 0C22     		movs	r2, #12
 1071 0174 1100     		movs	r1, r2
 1072 0176 1940     		ands	r1, r3
 1073              	.LVL64:
 561:Drivers/STM32L0xx_HAL_Driver/Src/stm32l0xx_hal_rcc_ex.c **** 
 562:Drivers/STM32L0xx_HAL_Driver/Src/stm32l0xx_hal_rcc_ex.c ****       /* Check if USART2 clock selection is PCLK1 */
 563:Drivers/STM32L0xx_HAL_Driver/Src/stm32l0xx_hal_rcc_ex.c ****       if (srcclk == RCC_USART2CLKSOURCE_PCLK1)
 1074              		.loc 1 563 7 is_stmt 1 view .LVU299
 1075              		.loc 1 563 10 is_stmt 0 view .LVU300
 1076 0178 1A42     		tst	r2, r3
 1077 017a 07D0     		beq	.L110
 564:Drivers/STM32L0xx_HAL_Driver/Src/stm32l0xx_hal_rcc_ex.c ****       {
 565:Drivers/STM32L0xx_HAL_Driver/Src/stm32l0xx_hal_rcc_ex.c ****         frequency = HAL_RCC_GetPCLK1Freq();
 566:Drivers/STM32L0xx_HAL_Driver/Src/stm32l0xx_hal_rcc_ex.c ****       }
 567:Drivers/STM32L0xx_HAL_Driver/Src/stm32l0xx_hal_rcc_ex.c ****       /* Check if HSI is ready and if USART2 clock selection is HSI */
 568:Drivers/STM32L0xx_HAL_Driver/Src/stm32l0xx_hal_rcc_ex.c ****       else if (srcclk == RCC_USART2CLKSOURCE_HSI)
 1078              		.loc 1 568 12 is_stmt 1 view .LVU301
 1079              		.loc 1 568 15 is_stmt 0 view .LVU302
 1080 017c 0829     		cmp	r1, #8
 1081 017e 08D0     		beq	.L111
 569:Drivers/STM32L0xx_HAL_Driver/Src/stm32l0xx_hal_rcc_ex.c ****       {
 570:Drivers/STM32L0xx_HAL_Driver/Src/stm32l0xx_hal_rcc_ex.c ****         if (HAL_IS_BIT_SET(RCC->CR, RCC_CR_HSIRDY))
 571:Drivers/STM32L0xx_HAL_Driver/Src/stm32l0xx_hal_rcc_ex.c ****         {
ARM GAS  /var/folders/d7/pb3dkhys6j3db_qtp_8v34p80000gn/T//cceM8o88.s 			page 31


 572:Drivers/STM32L0xx_HAL_Driver/Src/stm32l0xx_hal_rcc_ex.c ****           if (READ_BIT(RCC->CR, RCC_CR_HSIDIVF) != 0U)
 573:Drivers/STM32L0xx_HAL_Driver/Src/stm32l0xx_hal_rcc_ex.c ****           {
 574:Drivers/STM32L0xx_HAL_Driver/Src/stm32l0xx_hal_rcc_ex.c ****             frequency =  (HSI_VALUE >> 2U);
 575:Drivers/STM32L0xx_HAL_Driver/Src/stm32l0xx_hal_rcc_ex.c ****           }
 576:Drivers/STM32L0xx_HAL_Driver/Src/stm32l0xx_hal_rcc_ex.c ****           else
 577:Drivers/STM32L0xx_HAL_Driver/Src/stm32l0xx_hal_rcc_ex.c ****           {
 578:Drivers/STM32L0xx_HAL_Driver/Src/stm32l0xx_hal_rcc_ex.c ****             frequency =  HSI_VALUE;
 579:Drivers/STM32L0xx_HAL_Driver/Src/stm32l0xx_hal_rcc_ex.c ****           }
 580:Drivers/STM32L0xx_HAL_Driver/Src/stm32l0xx_hal_rcc_ex.c ****         }
 581:Drivers/STM32L0xx_HAL_Driver/Src/stm32l0xx_hal_rcc_ex.c ****       }
 582:Drivers/STM32L0xx_HAL_Driver/Src/stm32l0xx_hal_rcc_ex.c ****       /* Check if USART2 clock selection is SYSCLK */
 583:Drivers/STM32L0xx_HAL_Driver/Src/stm32l0xx_hal_rcc_ex.c ****       else if (srcclk == RCC_USART2CLKSOURCE_SYSCLK)
 1082              		.loc 1 583 12 is_stmt 1 view .LVU303
 1083              		.loc 1 583 15 is_stmt 0 view .LVU304
 1084 0180 0429     		cmp	r1, #4
 1085 0182 14D0     		beq	.L112
 584:Drivers/STM32L0xx_HAL_Driver/Src/stm32l0xx_hal_rcc_ex.c ****       {
 585:Drivers/STM32L0xx_HAL_Driver/Src/stm32l0xx_hal_rcc_ex.c ****         frequency = HAL_RCC_GetSysClockFreq();
 586:Drivers/STM32L0xx_HAL_Driver/Src/stm32l0xx_hal_rcc_ex.c ****       }
 587:Drivers/STM32L0xx_HAL_Driver/Src/stm32l0xx_hal_rcc_ex.c ****       /* Check if LSE is ready  and if USART2 clock selection is LSE */
 588:Drivers/STM32L0xx_HAL_Driver/Src/stm32l0xx_hal_rcc_ex.c ****       else if (srcclk == RCC_USART2CLKSOURCE_LSE)
 1086              		.loc 1 588 12 is_stmt 1 view .LVU305
 1087              		.loc 1 588 15 is_stmt 0 view .LVU306
 1088 0184 0C29     		cmp	r1, #12
 1089 0186 15D0     		beq	.L113
 384:Drivers/STM32L0xx_HAL_Driver/Src/stm32l0xx_hal_rcc_ex.c ****   uint32_t temp_reg, clkprediv, srcclk;    /* no init needed */
 1090              		.loc 1 384 12 view .LVU307
 1091 0188 0020     		movs	r0, #0
 1092 018a 85E0     		b	.L54
 1093              	.L110:
 565:Drivers/STM32L0xx_HAL_Driver/Src/stm32l0xx_hal_rcc_ex.c ****       }
 1094              		.loc 1 565 9 is_stmt 1 view .LVU308
 565:Drivers/STM32L0xx_HAL_Driver/Src/stm32l0xx_hal_rcc_ex.c ****       }
 1095              		.loc 1 565 21 is_stmt 0 view .LVU309
 1096 018c FFF7FEFF 		bl	HAL_RCC_GetPCLK1Freq
 1097              	.LVL65:
 565:Drivers/STM32L0xx_HAL_Driver/Src/stm32l0xx_hal_rcc_ex.c ****       }
 1098              		.loc 1 565 21 view .LVU310
 1099 0190 82E0     		b	.L54
 1100              	.LVL66:
 1101              	.L111:
 570:Drivers/STM32L0xx_HAL_Driver/Src/stm32l0xx_hal_rcc_ex.c ****         {
 1102              		.loc 1 570 9 is_stmt 1 view .LVU311
 570:Drivers/STM32L0xx_HAL_Driver/Src/stm32l0xx_hal_rcc_ex.c ****         {
 1103              		.loc 1 570 13 is_stmt 0 view .LVU312
 1104 0192 4B4B     		ldr	r3, .L121+4
 1105 0194 1B68     		ldr	r3, [r3]
 1106 0196 0422     		movs	r2, #4
 1107 0198 1000     		movs	r0, r2
 1108 019a 1840     		ands	r0, r3
 570:Drivers/STM32L0xx_HAL_Driver/Src/stm32l0xx_hal_rcc_ex.c ****         {
 1109              		.loc 1 570 12 view .LVU313
 1110 019c 1A42     		tst	r2, r3
 1111 019e 7BD0     		beq	.L54
 572:Drivers/STM32L0xx_HAL_Driver/Src/stm32l0xx_hal_rcc_ex.c ****           {
 1112              		.loc 1 572 11 is_stmt 1 view .LVU314
 572:Drivers/STM32L0xx_HAL_Driver/Src/stm32l0xx_hal_rcc_ex.c ****           {
ARM GAS  /var/folders/d7/pb3dkhys6j3db_qtp_8v34p80000gn/T//cceM8o88.s 			page 32


 1113              		.loc 1 572 15 is_stmt 0 view .LVU315
 1114 01a0 474B     		ldr	r3, .L121+4
 1115 01a2 1B68     		ldr	r3, [r3]
 572:Drivers/STM32L0xx_HAL_Driver/Src/stm32l0xx_hal_rcc_ex.c ****           {
 1116              		.loc 1 572 14 view .LVU316
 1117 01a4 DB06     		lsls	r3, r3, #27
 1118 01a6 00D4     		bmi	.LCB961
 1119 01a8 81E0     		b	.L95	@long jump
 1120              	.LCB961:
 574:Drivers/STM32L0xx_HAL_Driver/Src/stm32l0xx_hal_rcc_ex.c ****           }
 1121              		.loc 1 574 23 view .LVU317
 1122 01aa 4948     		ldr	r0, .L121+20
 1123 01ac 74E0     		b	.L54
 1124              	.L112:
 585:Drivers/STM32L0xx_HAL_Driver/Src/stm32l0xx_hal_rcc_ex.c ****       }
 1125              		.loc 1 585 9 is_stmt 1 view .LVU318
 585:Drivers/STM32L0xx_HAL_Driver/Src/stm32l0xx_hal_rcc_ex.c ****       }
 1126              		.loc 1 585 21 is_stmt 0 view .LVU319
 1127 01ae FFF7FEFF 		bl	HAL_RCC_GetSysClockFreq
 1128              	.LVL67:
 585:Drivers/STM32L0xx_HAL_Driver/Src/stm32l0xx_hal_rcc_ex.c ****       }
 1129              		.loc 1 585 21 view .LVU320
 1130 01b2 71E0     		b	.L54
 1131              	.LVL68:
 1132              	.L113:
 589:Drivers/STM32L0xx_HAL_Driver/Src/stm32l0xx_hal_rcc_ex.c ****       {
 590:Drivers/STM32L0xx_HAL_Driver/Src/stm32l0xx_hal_rcc_ex.c ****         if (HAL_IS_BIT_SET(RCC->CSR, RCC_CSR_LSERDY))
 1133              		.loc 1 590 9 is_stmt 1 view .LVU321
 1134              		.loc 1 590 13 is_stmt 0 view .LVU322
 1135 01b4 424B     		ldr	r3, .L121+4
 1136 01b6 1A6D     		ldr	r2, [r3, #80]
 1137 01b8 8023     		movs	r3, #128
 1138 01ba 9B00     		lsls	r3, r3, #2
 1139 01bc 1000     		movs	r0, r2
 1140 01be 1840     		ands	r0, r3
 1141              		.loc 1 590 12 view .LVU323
 1142 01c0 1A42     		tst	r2, r3
 1143 01c2 69D0     		beq	.L54
 591:Drivers/STM32L0xx_HAL_Driver/Src/stm32l0xx_hal_rcc_ex.c ****         {
 592:Drivers/STM32L0xx_HAL_Driver/Src/stm32l0xx_hal_rcc_ex.c ****           frequency = LSE_VALUE;
 1144              		.loc 1 592 21 view .LVU324
 1145 01c4 8020     		movs	r0, #128
 1146 01c6 0002     		lsls	r0, r0, #8
 1147 01c8 66E0     		b	.L54
 1148              	.LVL69:
 1149              	.L61:
 593:Drivers/STM32L0xx_HAL_Driver/Src/stm32l0xx_hal_rcc_ex.c ****         }
 594:Drivers/STM32L0xx_HAL_Driver/Src/stm32l0xx_hal_rcc_ex.c ****       }
 595:Drivers/STM32L0xx_HAL_Driver/Src/stm32l0xx_hal_rcc_ex.c ****       /* Clock not enabled for USART2*/
 596:Drivers/STM32L0xx_HAL_Driver/Src/stm32l0xx_hal_rcc_ex.c ****       else
 597:Drivers/STM32L0xx_HAL_Driver/Src/stm32l0xx_hal_rcc_ex.c ****       {
 598:Drivers/STM32L0xx_HAL_Driver/Src/stm32l0xx_hal_rcc_ex.c ****         /* nothing to do: frequency already initialized to 0U */
 599:Drivers/STM32L0xx_HAL_Driver/Src/stm32l0xx_hal_rcc_ex.c ****       }
 600:Drivers/STM32L0xx_HAL_Driver/Src/stm32l0xx_hal_rcc_ex.c ****       break;
 601:Drivers/STM32L0xx_HAL_Driver/Src/stm32l0xx_hal_rcc_ex.c ****     }
 602:Drivers/STM32L0xx_HAL_Driver/Src/stm32l0xx_hal_rcc_ex.c ****   case RCC_PERIPHCLK_LPUART1:
 603:Drivers/STM32L0xx_HAL_Driver/Src/stm32l0xx_hal_rcc_ex.c ****     {
ARM GAS  /var/folders/d7/pb3dkhys6j3db_qtp_8v34p80000gn/T//cceM8o88.s 			page 33


 604:Drivers/STM32L0xx_HAL_Driver/Src/stm32l0xx_hal_rcc_ex.c ****       /* Get the current LPUART1 source */
 605:Drivers/STM32L0xx_HAL_Driver/Src/stm32l0xx_hal_rcc_ex.c ****       srcclk = __HAL_RCC_GET_LPUART1_SOURCE();
 1150              		.loc 1 605 7 is_stmt 1 view .LVU325
 1151              		.loc 1 605 16 is_stmt 0 view .LVU326
 1152 01ca 3D4B     		ldr	r3, .L121+4
 1153 01cc DA6C     		ldr	r2, [r3, #76]
 1154              		.loc 1 605 14 view .LVU327
 1155 01ce C023     		movs	r3, #192
 1156 01d0 1B01     		lsls	r3, r3, #4
 1157 01d2 1100     		movs	r1, r2
 1158 01d4 1940     		ands	r1, r3
 1159              	.LVL70:
 606:Drivers/STM32L0xx_HAL_Driver/Src/stm32l0xx_hal_rcc_ex.c **** 
 607:Drivers/STM32L0xx_HAL_Driver/Src/stm32l0xx_hal_rcc_ex.c ****       /* Check if LPUART1 clock selection is PCLK1 */
 608:Drivers/STM32L0xx_HAL_Driver/Src/stm32l0xx_hal_rcc_ex.c ****       if (srcclk == RCC_LPUART1CLKSOURCE_PCLK1)
 1160              		.loc 1 608 7 is_stmt 1 view .LVU328
 1161              		.loc 1 608 10 is_stmt 0 view .LVU329
 1162 01d6 1A42     		tst	r2, r3
 1163 01d8 0DD0     		beq	.L114
 609:Drivers/STM32L0xx_HAL_Driver/Src/stm32l0xx_hal_rcc_ex.c ****       {
 610:Drivers/STM32L0xx_HAL_Driver/Src/stm32l0xx_hal_rcc_ex.c ****         frequency = HAL_RCC_GetPCLK1Freq();
 611:Drivers/STM32L0xx_HAL_Driver/Src/stm32l0xx_hal_rcc_ex.c ****       }
 612:Drivers/STM32L0xx_HAL_Driver/Src/stm32l0xx_hal_rcc_ex.c ****       /* Check if HSI is ready and if LPUART1 clock selection is HSI */
 613:Drivers/STM32L0xx_HAL_Driver/Src/stm32l0xx_hal_rcc_ex.c ****       else if (srcclk == RCC_LPUART1CLKSOURCE_HSI)
 1164              		.loc 1 613 12 is_stmt 1 view .LVU330
 1165              		.loc 1 613 15 is_stmt 0 view .LVU331
 1166 01da 8023     		movs	r3, #128
 1167 01dc 1B01     		lsls	r3, r3, #4
 1168 01de 9942     		cmp	r1, r3
 1169 01e0 0CD0     		beq	.L115
 614:Drivers/STM32L0xx_HAL_Driver/Src/stm32l0xx_hal_rcc_ex.c ****       {
 615:Drivers/STM32L0xx_HAL_Driver/Src/stm32l0xx_hal_rcc_ex.c ****         if (HAL_IS_BIT_SET(RCC->CR, RCC_CR_HSIRDY))
 616:Drivers/STM32L0xx_HAL_Driver/Src/stm32l0xx_hal_rcc_ex.c ****         {
 617:Drivers/STM32L0xx_HAL_Driver/Src/stm32l0xx_hal_rcc_ex.c ****           if (READ_BIT(RCC->CR, RCC_CR_HSIDIVF) != 0U)
 618:Drivers/STM32L0xx_HAL_Driver/Src/stm32l0xx_hal_rcc_ex.c ****           {
 619:Drivers/STM32L0xx_HAL_Driver/Src/stm32l0xx_hal_rcc_ex.c ****             frequency =  (HSI_VALUE >> 2U);
 620:Drivers/STM32L0xx_HAL_Driver/Src/stm32l0xx_hal_rcc_ex.c ****           }
 621:Drivers/STM32L0xx_HAL_Driver/Src/stm32l0xx_hal_rcc_ex.c ****           else
 622:Drivers/STM32L0xx_HAL_Driver/Src/stm32l0xx_hal_rcc_ex.c ****           {
 623:Drivers/STM32L0xx_HAL_Driver/Src/stm32l0xx_hal_rcc_ex.c ****             frequency =  HSI_VALUE;
 624:Drivers/STM32L0xx_HAL_Driver/Src/stm32l0xx_hal_rcc_ex.c ****           }
 625:Drivers/STM32L0xx_HAL_Driver/Src/stm32l0xx_hal_rcc_ex.c ****         }
 626:Drivers/STM32L0xx_HAL_Driver/Src/stm32l0xx_hal_rcc_ex.c ****       }
 627:Drivers/STM32L0xx_HAL_Driver/Src/stm32l0xx_hal_rcc_ex.c ****       /* Check if LPUART1 clock selection is SYSCLK */
 628:Drivers/STM32L0xx_HAL_Driver/Src/stm32l0xx_hal_rcc_ex.c ****       else if (srcclk == RCC_LPUART1CLKSOURCE_SYSCLK)
 1170              		.loc 1 628 12 is_stmt 1 view .LVU332
 1171              		.loc 1 628 15 is_stmt 0 view .LVU333
 1172 01e2 8023     		movs	r3, #128
 1173 01e4 DB00     		lsls	r3, r3, #3
 1174 01e6 9942     		cmp	r1, r3
 1175 01e8 15D0     		beq	.L116
 629:Drivers/STM32L0xx_HAL_Driver/Src/stm32l0xx_hal_rcc_ex.c ****       {
 630:Drivers/STM32L0xx_HAL_Driver/Src/stm32l0xx_hal_rcc_ex.c ****         frequency = HAL_RCC_GetSysClockFreq();
 631:Drivers/STM32L0xx_HAL_Driver/Src/stm32l0xx_hal_rcc_ex.c ****       }
 632:Drivers/STM32L0xx_HAL_Driver/Src/stm32l0xx_hal_rcc_ex.c ****       /* Check if LSE is ready  and if LPUART1 clock selection is LSE */
 633:Drivers/STM32L0xx_HAL_Driver/Src/stm32l0xx_hal_rcc_ex.c ****       else if (srcclk == RCC_LPUART1CLKSOURCE_LSE)
 1176              		.loc 1 633 12 is_stmt 1 view .LVU334
ARM GAS  /var/folders/d7/pb3dkhys6j3db_qtp_8v34p80000gn/T//cceM8o88.s 			page 34


 1177              		.loc 1 633 15 is_stmt 0 view .LVU335
 1178 01ea C023     		movs	r3, #192
 1179 01ec 1B01     		lsls	r3, r3, #4
 1180 01ee 9942     		cmp	r1, r3
 1181 01f0 14D0     		beq	.L117
 384:Drivers/STM32L0xx_HAL_Driver/Src/stm32l0xx_hal_rcc_ex.c ****   uint32_t temp_reg, clkprediv, srcclk;    /* no init needed */
 1182              		.loc 1 384 12 view .LVU336
 1183 01f2 0020     		movs	r0, #0
 1184 01f4 50E0     		b	.L54
 1185              	.L114:
 610:Drivers/STM32L0xx_HAL_Driver/Src/stm32l0xx_hal_rcc_ex.c ****       }
 1186              		.loc 1 610 9 is_stmt 1 view .LVU337
 610:Drivers/STM32L0xx_HAL_Driver/Src/stm32l0xx_hal_rcc_ex.c ****       }
 1187              		.loc 1 610 21 is_stmt 0 view .LVU338
 1188 01f6 FFF7FEFF 		bl	HAL_RCC_GetPCLK1Freq
 1189              	.LVL71:
 610:Drivers/STM32L0xx_HAL_Driver/Src/stm32l0xx_hal_rcc_ex.c ****       }
 1190              		.loc 1 610 21 view .LVU339
 1191 01fa 4DE0     		b	.L54
 1192              	.LVL72:
 1193              	.L115:
 615:Drivers/STM32L0xx_HAL_Driver/Src/stm32l0xx_hal_rcc_ex.c ****         {
 1194              		.loc 1 615 9 is_stmt 1 view .LVU340
 615:Drivers/STM32L0xx_HAL_Driver/Src/stm32l0xx_hal_rcc_ex.c ****         {
 1195              		.loc 1 615 13 is_stmt 0 view .LVU341
 1196 01fc 304B     		ldr	r3, .L121+4
 1197 01fe 1B68     		ldr	r3, [r3]
 1198 0200 0422     		movs	r2, #4
 1199 0202 1000     		movs	r0, r2
 1200 0204 1840     		ands	r0, r3
 615:Drivers/STM32L0xx_HAL_Driver/Src/stm32l0xx_hal_rcc_ex.c ****         {
 1201              		.loc 1 615 12 view .LVU342
 1202 0206 1A42     		tst	r2, r3
 1203 0208 46D0     		beq	.L54
 617:Drivers/STM32L0xx_HAL_Driver/Src/stm32l0xx_hal_rcc_ex.c ****           {
 1204              		.loc 1 617 11 is_stmt 1 view .LVU343
 617:Drivers/STM32L0xx_HAL_Driver/Src/stm32l0xx_hal_rcc_ex.c ****           {
 1205              		.loc 1 617 15 is_stmt 0 view .LVU344
 1206 020a 2D4B     		ldr	r3, .L121+4
 1207 020c 1B68     		ldr	r3, [r3]
 617:Drivers/STM32L0xx_HAL_Driver/Src/stm32l0xx_hal_rcc_ex.c ****           {
 1208              		.loc 1 617 14 view .LVU345
 1209 020e DB06     		lsls	r3, r3, #27
 1210 0210 4FD5     		bpl	.L98
 619:Drivers/STM32L0xx_HAL_Driver/Src/stm32l0xx_hal_rcc_ex.c ****           }
 1211              		.loc 1 619 23 view .LVU346
 1212 0212 2F48     		ldr	r0, .L121+20
 1213 0214 40E0     		b	.L54
 1214              	.L116:
 630:Drivers/STM32L0xx_HAL_Driver/Src/stm32l0xx_hal_rcc_ex.c ****       }
 1215              		.loc 1 630 9 is_stmt 1 view .LVU347
 630:Drivers/STM32L0xx_HAL_Driver/Src/stm32l0xx_hal_rcc_ex.c ****       }
 1216              		.loc 1 630 21 is_stmt 0 view .LVU348
 1217 0216 FFF7FEFF 		bl	HAL_RCC_GetSysClockFreq
 1218              	.LVL73:
 630:Drivers/STM32L0xx_HAL_Driver/Src/stm32l0xx_hal_rcc_ex.c ****       }
 1219              		.loc 1 630 21 view .LVU349
ARM GAS  /var/folders/d7/pb3dkhys6j3db_qtp_8v34p80000gn/T//cceM8o88.s 			page 35


 1220 021a 3DE0     		b	.L54
 1221              	.LVL74:
 1222              	.L117:
 634:Drivers/STM32L0xx_HAL_Driver/Src/stm32l0xx_hal_rcc_ex.c ****       {
 635:Drivers/STM32L0xx_HAL_Driver/Src/stm32l0xx_hal_rcc_ex.c ****         if (HAL_IS_BIT_SET(RCC->CSR, RCC_CSR_LSERDY))
 1223              		.loc 1 635 9 is_stmt 1 view .LVU350
 1224              		.loc 1 635 13 is_stmt 0 view .LVU351
 1225 021c 284B     		ldr	r3, .L121+4
 1226 021e 1A6D     		ldr	r2, [r3, #80]
 1227 0220 8023     		movs	r3, #128
 1228 0222 9B00     		lsls	r3, r3, #2
 1229 0224 1000     		movs	r0, r2
 1230 0226 1840     		ands	r0, r3
 1231              		.loc 1 635 12 view .LVU352
 1232 0228 1A42     		tst	r2, r3
 1233 022a 35D0     		beq	.L54
 636:Drivers/STM32L0xx_HAL_Driver/Src/stm32l0xx_hal_rcc_ex.c ****         {
 637:Drivers/STM32L0xx_HAL_Driver/Src/stm32l0xx_hal_rcc_ex.c ****           frequency = LSE_VALUE;
 1234              		.loc 1 637 21 view .LVU353
 1235 022c 8020     		movs	r0, #128
 1236 022e 0002     		lsls	r0, r0, #8
 1237 0230 32E0     		b	.L54
 1238              	.LVL75:
 1239              	.L60:
 638:Drivers/STM32L0xx_HAL_Driver/Src/stm32l0xx_hal_rcc_ex.c ****         }
 639:Drivers/STM32L0xx_HAL_Driver/Src/stm32l0xx_hal_rcc_ex.c ****       }
 640:Drivers/STM32L0xx_HAL_Driver/Src/stm32l0xx_hal_rcc_ex.c ****       /* Clock not enabled for LPUART1*/
 641:Drivers/STM32L0xx_HAL_Driver/Src/stm32l0xx_hal_rcc_ex.c ****       else
 642:Drivers/STM32L0xx_HAL_Driver/Src/stm32l0xx_hal_rcc_ex.c ****       {
 643:Drivers/STM32L0xx_HAL_Driver/Src/stm32l0xx_hal_rcc_ex.c ****         /* nothing to do: frequency already initialized to 0U */
 644:Drivers/STM32L0xx_HAL_Driver/Src/stm32l0xx_hal_rcc_ex.c ****       }
 645:Drivers/STM32L0xx_HAL_Driver/Src/stm32l0xx_hal_rcc_ex.c ****       break;
 646:Drivers/STM32L0xx_HAL_Driver/Src/stm32l0xx_hal_rcc_ex.c ****     }
 647:Drivers/STM32L0xx_HAL_Driver/Src/stm32l0xx_hal_rcc_ex.c ****   case RCC_PERIPHCLK_I2C1:
 648:Drivers/STM32L0xx_HAL_Driver/Src/stm32l0xx_hal_rcc_ex.c ****     {
 649:Drivers/STM32L0xx_HAL_Driver/Src/stm32l0xx_hal_rcc_ex.c ****       /* Get the current I2C1 source */
 650:Drivers/STM32L0xx_HAL_Driver/Src/stm32l0xx_hal_rcc_ex.c ****       srcclk = __HAL_RCC_GET_I2C1_SOURCE();
 1240              		.loc 1 650 7 is_stmt 1 view .LVU354
 1241              		.loc 1 650 16 is_stmt 0 view .LVU355
 1242 0232 234B     		ldr	r3, .L121+4
 1243 0234 DA6C     		ldr	r2, [r3, #76]
 1244              		.loc 1 650 14 view .LVU356
 1245 0236 C023     		movs	r3, #192
 1246 0238 9B01     		lsls	r3, r3, #6
 1247 023a 1100     		movs	r1, r2
 1248 023c 1940     		ands	r1, r3
 1249              	.LVL76:
 651:Drivers/STM32L0xx_HAL_Driver/Src/stm32l0xx_hal_rcc_ex.c **** 
 652:Drivers/STM32L0xx_HAL_Driver/Src/stm32l0xx_hal_rcc_ex.c ****       /* Check if I2C1 clock selection is PCLK1 */
 653:Drivers/STM32L0xx_HAL_Driver/Src/stm32l0xx_hal_rcc_ex.c ****       if (srcclk == RCC_I2C1CLKSOURCE_PCLK1)
 1250              		.loc 1 653 7 is_stmt 1 view .LVU357
 1251              		.loc 1 653 10 is_stmt 0 view .LVU358
 1252 023e 1A42     		tst	r2, r3
 1253 0240 09D0     		beq	.L118
 654:Drivers/STM32L0xx_HAL_Driver/Src/stm32l0xx_hal_rcc_ex.c ****       {
 655:Drivers/STM32L0xx_HAL_Driver/Src/stm32l0xx_hal_rcc_ex.c ****         frequency = HAL_RCC_GetPCLK1Freq();
 656:Drivers/STM32L0xx_HAL_Driver/Src/stm32l0xx_hal_rcc_ex.c ****       }
ARM GAS  /var/folders/d7/pb3dkhys6j3db_qtp_8v34p80000gn/T//cceM8o88.s 			page 36


 657:Drivers/STM32L0xx_HAL_Driver/Src/stm32l0xx_hal_rcc_ex.c ****       /* Check if HSI is ready and if I2C1 clock selection is HSI */
 658:Drivers/STM32L0xx_HAL_Driver/Src/stm32l0xx_hal_rcc_ex.c ****       else if (srcclk == RCC_I2C1CLKSOURCE_HSI)
 1254              		.loc 1 658 12 is_stmt 1 view .LVU359
 1255              		.loc 1 658 15 is_stmt 0 view .LVU360
 1256 0242 8023     		movs	r3, #128
 1257 0244 9B01     		lsls	r3, r3, #6
 1258 0246 9942     		cmp	r1, r3
 1259 0248 08D0     		beq	.L119
 659:Drivers/STM32L0xx_HAL_Driver/Src/stm32l0xx_hal_rcc_ex.c ****       {
 660:Drivers/STM32L0xx_HAL_Driver/Src/stm32l0xx_hal_rcc_ex.c ****         if (HAL_IS_BIT_SET(RCC->CR, RCC_CR_HSIRDY))
 661:Drivers/STM32L0xx_HAL_Driver/Src/stm32l0xx_hal_rcc_ex.c ****         {
 662:Drivers/STM32L0xx_HAL_Driver/Src/stm32l0xx_hal_rcc_ex.c ****           if (READ_BIT(RCC->CR, RCC_CR_HSIDIVF) != 0U)
 663:Drivers/STM32L0xx_HAL_Driver/Src/stm32l0xx_hal_rcc_ex.c ****           {
 664:Drivers/STM32L0xx_HAL_Driver/Src/stm32l0xx_hal_rcc_ex.c ****             frequency =  (HSI_VALUE >> 2U);
 665:Drivers/STM32L0xx_HAL_Driver/Src/stm32l0xx_hal_rcc_ex.c ****           }
 666:Drivers/STM32L0xx_HAL_Driver/Src/stm32l0xx_hal_rcc_ex.c ****           else
 667:Drivers/STM32L0xx_HAL_Driver/Src/stm32l0xx_hal_rcc_ex.c ****           {
 668:Drivers/STM32L0xx_HAL_Driver/Src/stm32l0xx_hal_rcc_ex.c ****             frequency =  HSI_VALUE;
 669:Drivers/STM32L0xx_HAL_Driver/Src/stm32l0xx_hal_rcc_ex.c ****           }
 670:Drivers/STM32L0xx_HAL_Driver/Src/stm32l0xx_hal_rcc_ex.c ****         }
 671:Drivers/STM32L0xx_HAL_Driver/Src/stm32l0xx_hal_rcc_ex.c ****       }
 672:Drivers/STM32L0xx_HAL_Driver/Src/stm32l0xx_hal_rcc_ex.c ****       /* Check if I2C1 clock selection is SYSCLK */
 673:Drivers/STM32L0xx_HAL_Driver/Src/stm32l0xx_hal_rcc_ex.c ****       else if (srcclk == RCC_I2C1CLKSOURCE_SYSCLK)
 1260              		.loc 1 673 12 is_stmt 1 view .LVU361
 1261              		.loc 1 673 15 is_stmt 0 view .LVU362
 1262 024a 8023     		movs	r3, #128
 1263 024c 5B01     		lsls	r3, r3, #5
 1264 024e 9942     		cmp	r1, r3
 1265 0250 11D0     		beq	.L120
 384:Drivers/STM32L0xx_HAL_Driver/Src/stm32l0xx_hal_rcc_ex.c ****   uint32_t temp_reg, clkprediv, srcclk;    /* no init needed */
 1266              		.loc 1 384 12 view .LVU363
 1267 0252 0020     		movs	r0, #0
 674:Drivers/STM32L0xx_HAL_Driver/Src/stm32l0xx_hal_rcc_ex.c ****       {
 675:Drivers/STM32L0xx_HAL_Driver/Src/stm32l0xx_hal_rcc_ex.c ****         frequency = HAL_RCC_GetSysClockFreq();
 676:Drivers/STM32L0xx_HAL_Driver/Src/stm32l0xx_hal_rcc_ex.c ****       }
 677:Drivers/STM32L0xx_HAL_Driver/Src/stm32l0xx_hal_rcc_ex.c ****       /* Clock not enabled for I2C1*/
 678:Drivers/STM32L0xx_HAL_Driver/Src/stm32l0xx_hal_rcc_ex.c ****       else
 679:Drivers/STM32L0xx_HAL_Driver/Src/stm32l0xx_hal_rcc_ex.c ****       {
 680:Drivers/STM32L0xx_HAL_Driver/Src/stm32l0xx_hal_rcc_ex.c ****         /* nothing to do: frequency already initialized to 0U */
 681:Drivers/STM32L0xx_HAL_Driver/Src/stm32l0xx_hal_rcc_ex.c ****       }
 682:Drivers/STM32L0xx_HAL_Driver/Src/stm32l0xx_hal_rcc_ex.c ****       break;
 683:Drivers/STM32L0xx_HAL_Driver/Src/stm32l0xx_hal_rcc_ex.c ****     }
 684:Drivers/STM32L0xx_HAL_Driver/Src/stm32l0xx_hal_rcc_ex.c **** #if defined(I2C2)
 685:Drivers/STM32L0xx_HAL_Driver/Src/stm32l0xx_hal_rcc_ex.c ****   case RCC_PERIPHCLK_I2C2:
 686:Drivers/STM32L0xx_HAL_Driver/Src/stm32l0xx_hal_rcc_ex.c ****     {
 687:Drivers/STM32L0xx_HAL_Driver/Src/stm32l0xx_hal_rcc_ex.c **** 
 688:Drivers/STM32L0xx_HAL_Driver/Src/stm32l0xx_hal_rcc_ex.c ****       /* Check if I2C2 on APB1 clock enabled*/
 689:Drivers/STM32L0xx_HAL_Driver/Src/stm32l0xx_hal_rcc_ex.c ****       if (READ_BIT(RCC->APB1ENR, (RCC_APB1ENR_I2C2EN))==RCC_APB1ENR_I2C2EN)
 690:Drivers/STM32L0xx_HAL_Driver/Src/stm32l0xx_hal_rcc_ex.c ****       {
 691:Drivers/STM32L0xx_HAL_Driver/Src/stm32l0xx_hal_rcc_ex.c ****         frequency = HAL_RCC_GetPCLK1Freq();
 692:Drivers/STM32L0xx_HAL_Driver/Src/stm32l0xx_hal_rcc_ex.c ****       }
 693:Drivers/STM32L0xx_HAL_Driver/Src/stm32l0xx_hal_rcc_ex.c ****       else
 694:Drivers/STM32L0xx_HAL_Driver/Src/stm32l0xx_hal_rcc_ex.c ****       {
 695:Drivers/STM32L0xx_HAL_Driver/Src/stm32l0xx_hal_rcc_ex.c ****         /* nothing to do: frequency already initialized to 0U */
 696:Drivers/STM32L0xx_HAL_Driver/Src/stm32l0xx_hal_rcc_ex.c ****       }
 697:Drivers/STM32L0xx_HAL_Driver/Src/stm32l0xx_hal_rcc_ex.c ****       break;
 698:Drivers/STM32L0xx_HAL_Driver/Src/stm32l0xx_hal_rcc_ex.c ****     }
ARM GAS  /var/folders/d7/pb3dkhys6j3db_qtp_8v34p80000gn/T//cceM8o88.s 			page 37


 699:Drivers/STM32L0xx_HAL_Driver/Src/stm32l0xx_hal_rcc_ex.c **** #endif /* I2C2 */
 700:Drivers/STM32L0xx_HAL_Driver/Src/stm32l0xx_hal_rcc_ex.c **** 
 701:Drivers/STM32L0xx_HAL_Driver/Src/stm32l0xx_hal_rcc_ex.c **** #if defined(RCC_CCIPR_I2C3SEL)
 702:Drivers/STM32L0xx_HAL_Driver/Src/stm32l0xx_hal_rcc_ex.c ****   case RCC_PERIPHCLK_I2C3:
 703:Drivers/STM32L0xx_HAL_Driver/Src/stm32l0xx_hal_rcc_ex.c ****     {
 704:Drivers/STM32L0xx_HAL_Driver/Src/stm32l0xx_hal_rcc_ex.c ****       /* Get the current I2C3 source */
 705:Drivers/STM32L0xx_HAL_Driver/Src/stm32l0xx_hal_rcc_ex.c ****       srcclk = __HAL_RCC_GET_I2C3_SOURCE();
 706:Drivers/STM32L0xx_HAL_Driver/Src/stm32l0xx_hal_rcc_ex.c **** 
 707:Drivers/STM32L0xx_HAL_Driver/Src/stm32l0xx_hal_rcc_ex.c ****       /* Check if I2C3 clock selection is PCLK1 */
 708:Drivers/STM32L0xx_HAL_Driver/Src/stm32l0xx_hal_rcc_ex.c ****       if (srcclk == RCC_I2C3CLKSOURCE_PCLK1)
 709:Drivers/STM32L0xx_HAL_Driver/Src/stm32l0xx_hal_rcc_ex.c ****       {
 710:Drivers/STM32L0xx_HAL_Driver/Src/stm32l0xx_hal_rcc_ex.c ****         frequency = HAL_RCC_GetPCLK1Freq();
 711:Drivers/STM32L0xx_HAL_Driver/Src/stm32l0xx_hal_rcc_ex.c ****       }
 712:Drivers/STM32L0xx_HAL_Driver/Src/stm32l0xx_hal_rcc_ex.c ****       /* Check if HSI is ready and if I2C3 clock selection is HSI */
 713:Drivers/STM32L0xx_HAL_Driver/Src/stm32l0xx_hal_rcc_ex.c ****       else if (srcclk == RCC_I2C3CLKSOURCE_HSI)
 714:Drivers/STM32L0xx_HAL_Driver/Src/stm32l0xx_hal_rcc_ex.c ****       {
 715:Drivers/STM32L0xx_HAL_Driver/Src/stm32l0xx_hal_rcc_ex.c ****         if (HAL_IS_BIT_SET(RCC->CR, RCC_CR_HSIRDY))
 716:Drivers/STM32L0xx_HAL_Driver/Src/stm32l0xx_hal_rcc_ex.c ****         {
 717:Drivers/STM32L0xx_HAL_Driver/Src/stm32l0xx_hal_rcc_ex.c ****           if (READ_BIT(RCC->CR, RCC_CR_HSIDIVF) != 0U)
 718:Drivers/STM32L0xx_HAL_Driver/Src/stm32l0xx_hal_rcc_ex.c ****           {
 719:Drivers/STM32L0xx_HAL_Driver/Src/stm32l0xx_hal_rcc_ex.c ****             frequency =  (HSI_VALUE >> 2U);
 720:Drivers/STM32L0xx_HAL_Driver/Src/stm32l0xx_hal_rcc_ex.c ****           }
 721:Drivers/STM32L0xx_HAL_Driver/Src/stm32l0xx_hal_rcc_ex.c ****           else
 722:Drivers/STM32L0xx_HAL_Driver/Src/stm32l0xx_hal_rcc_ex.c ****           {
 723:Drivers/STM32L0xx_HAL_Driver/Src/stm32l0xx_hal_rcc_ex.c ****             frequency =  HSI_VALUE;
 724:Drivers/STM32L0xx_HAL_Driver/Src/stm32l0xx_hal_rcc_ex.c ****           }
 725:Drivers/STM32L0xx_HAL_Driver/Src/stm32l0xx_hal_rcc_ex.c ****         }
 726:Drivers/STM32L0xx_HAL_Driver/Src/stm32l0xx_hal_rcc_ex.c ****       }
 727:Drivers/STM32L0xx_HAL_Driver/Src/stm32l0xx_hal_rcc_ex.c ****       /* Check if I2C3 clock selection is SYSCLK */
 728:Drivers/STM32L0xx_HAL_Driver/Src/stm32l0xx_hal_rcc_ex.c ****       else if (srcclk == RCC_I2C3CLKSOURCE_SYSCLK)
 729:Drivers/STM32L0xx_HAL_Driver/Src/stm32l0xx_hal_rcc_ex.c ****       {
 730:Drivers/STM32L0xx_HAL_Driver/Src/stm32l0xx_hal_rcc_ex.c ****         frequency = HAL_RCC_GetSysClockFreq();
 731:Drivers/STM32L0xx_HAL_Driver/Src/stm32l0xx_hal_rcc_ex.c ****       }
 732:Drivers/STM32L0xx_HAL_Driver/Src/stm32l0xx_hal_rcc_ex.c ****       /* Clock not enabled for I2C3*/
 733:Drivers/STM32L0xx_HAL_Driver/Src/stm32l0xx_hal_rcc_ex.c ****       else
 734:Drivers/STM32L0xx_HAL_Driver/Src/stm32l0xx_hal_rcc_ex.c ****       {
 735:Drivers/STM32L0xx_HAL_Driver/Src/stm32l0xx_hal_rcc_ex.c ****         /* nothing to do: frequency already initialized to 0U */
 736:Drivers/STM32L0xx_HAL_Driver/Src/stm32l0xx_hal_rcc_ex.c ****       }
 737:Drivers/STM32L0xx_HAL_Driver/Src/stm32l0xx_hal_rcc_ex.c ****       break;
 738:Drivers/STM32L0xx_HAL_Driver/Src/stm32l0xx_hal_rcc_ex.c ****     }
 739:Drivers/STM32L0xx_HAL_Driver/Src/stm32l0xx_hal_rcc_ex.c **** #endif /* RCC_CCIPR_I2C3SEL */
 740:Drivers/STM32L0xx_HAL_Driver/Src/stm32l0xx_hal_rcc_ex.c ****   default:
 741:Drivers/STM32L0xx_HAL_Driver/Src/stm32l0xx_hal_rcc_ex.c ****     {
 742:Drivers/STM32L0xx_HAL_Driver/Src/stm32l0xx_hal_rcc_ex.c ****       break;
 743:Drivers/STM32L0xx_HAL_Driver/Src/stm32l0xx_hal_rcc_ex.c ****     }
 744:Drivers/STM32L0xx_HAL_Driver/Src/stm32l0xx_hal_rcc_ex.c ****   }
 745:Drivers/STM32L0xx_HAL_Driver/Src/stm32l0xx_hal_rcc_ex.c ****   return(frequency);
 1268              		.loc 1 745 3 is_stmt 1 view .LVU364
 1269              		.loc 1 745 9 is_stmt 0 view .LVU365
 1270 0254 20E0     		b	.L54
 1271              	.L118:
 655:Drivers/STM32L0xx_HAL_Driver/Src/stm32l0xx_hal_rcc_ex.c ****       }
 1272              		.loc 1 655 9 is_stmt 1 view .LVU366
 655:Drivers/STM32L0xx_HAL_Driver/Src/stm32l0xx_hal_rcc_ex.c ****       }
 1273              		.loc 1 655 21 is_stmt 0 view .LVU367
 1274 0256 FFF7FEFF 		bl	HAL_RCC_GetPCLK1Freq
 1275              	.LVL77:
ARM GAS  /var/folders/d7/pb3dkhys6j3db_qtp_8v34p80000gn/T//cceM8o88.s 			page 38


 655:Drivers/STM32L0xx_HAL_Driver/Src/stm32l0xx_hal_rcc_ex.c ****       }
 1276              		.loc 1 655 21 view .LVU368
 1277 025a 1DE0     		b	.L54
 1278              	.LVL78:
 1279              	.L119:
 660:Drivers/STM32L0xx_HAL_Driver/Src/stm32l0xx_hal_rcc_ex.c ****         {
 1280              		.loc 1 660 9 is_stmt 1 view .LVU369
 660:Drivers/STM32L0xx_HAL_Driver/Src/stm32l0xx_hal_rcc_ex.c ****         {
 1281              		.loc 1 660 13 is_stmt 0 view .LVU370
 1282 025c 184B     		ldr	r3, .L121+4
 1283 025e 1B68     		ldr	r3, [r3]
 1284 0260 0422     		movs	r2, #4
 1285 0262 1000     		movs	r0, r2
 1286 0264 1840     		ands	r0, r3
 660:Drivers/STM32L0xx_HAL_Driver/Src/stm32l0xx_hal_rcc_ex.c ****         {
 1287              		.loc 1 660 12 view .LVU371
 1288 0266 1A42     		tst	r2, r3
 1289 0268 16D0     		beq	.L54
 662:Drivers/STM32L0xx_HAL_Driver/Src/stm32l0xx_hal_rcc_ex.c ****           {
 1290              		.loc 1 662 11 is_stmt 1 view .LVU372
 662:Drivers/STM32L0xx_HAL_Driver/Src/stm32l0xx_hal_rcc_ex.c ****           {
 1291              		.loc 1 662 15 is_stmt 0 view .LVU373
 1292 026a 154B     		ldr	r3, .L121+4
 1293 026c 1B68     		ldr	r3, [r3]
 662:Drivers/STM32L0xx_HAL_Driver/Src/stm32l0xx_hal_rcc_ex.c ****           {
 1294              		.loc 1 662 14 view .LVU374
 1295 026e DB06     		lsls	r3, r3, #27
 1296 0270 21D5     		bpl	.L101
 664:Drivers/STM32L0xx_HAL_Driver/Src/stm32l0xx_hal_rcc_ex.c ****           }
 1297              		.loc 1 664 23 view .LVU375
 1298 0272 1748     		ldr	r0, .L121+20
 1299 0274 10E0     		b	.L54
 1300              	.L120:
 675:Drivers/STM32L0xx_HAL_Driver/Src/stm32l0xx_hal_rcc_ex.c ****       }
 1301              		.loc 1 675 9 is_stmt 1 view .LVU376
 675:Drivers/STM32L0xx_HAL_Driver/Src/stm32l0xx_hal_rcc_ex.c ****       }
 1302              		.loc 1 675 21 is_stmt 0 view .LVU377
 1303 0276 FFF7FEFF 		bl	HAL_RCC_GetSysClockFreq
 1304              	.LVL79:
 675:Drivers/STM32L0xx_HAL_Driver/Src/stm32l0xx_hal_rcc_ex.c ****       }
 1305              		.loc 1 675 21 view .LVU378
 1306 027a 0DE0     		b	.L54
 1307              	.LVL80:
 1308              	.L59:
 689:Drivers/STM32L0xx_HAL_Driver/Src/stm32l0xx_hal_rcc_ex.c ****       {
 1309              		.loc 1 689 7 is_stmt 1 view .LVU379
 689:Drivers/STM32L0xx_HAL_Driver/Src/stm32l0xx_hal_rcc_ex.c ****       {
 1310              		.loc 1 689 11 is_stmt 0 view .LVU380
 1311 027c 104B     		ldr	r3, .L121+4
 1312 027e 9A6B     		ldr	r2, [r3, #56]
 1313 0280 8023     		movs	r3, #128
 1314 0282 DB03     		lsls	r3, r3, #15
 1315 0284 1000     		movs	r0, r2
 1316 0286 1840     		ands	r0, r3
 689:Drivers/STM32L0xx_HAL_Driver/Src/stm32l0xx_hal_rcc_ex.c ****       {
 1317              		.loc 1 689 10 view .LVU381
 1318 0288 1A42     		tst	r2, r3
ARM GAS  /var/folders/d7/pb3dkhys6j3db_qtp_8v34p80000gn/T//cceM8o88.s 			page 39


 1319 028a 05D0     		beq	.L54
 691:Drivers/STM32L0xx_HAL_Driver/Src/stm32l0xx_hal_rcc_ex.c ****       }
 1320              		.loc 1 691 9 is_stmt 1 view .LVU382
 691:Drivers/STM32L0xx_HAL_Driver/Src/stm32l0xx_hal_rcc_ex.c ****       }
 1321              		.loc 1 691 21 is_stmt 0 view .LVU383
 1322 028c FFF7FEFF 		bl	HAL_RCC_GetPCLK1Freq
 1323              	.LVL81:
 691:Drivers/STM32L0xx_HAL_Driver/Src/stm32l0xx_hal_rcc_ex.c ****       }
 1324              		.loc 1 691 21 view .LVU384
 1325 0290 02E0     		b	.L54
 1326              	.LVL82:
 1327              	.L80:
 393:Drivers/STM32L0xx_HAL_Driver/Src/stm32l0xx_hal_rcc_ex.c ****   {
 1328              		.loc 1 393 3 view .LVU385
 1329 0292 0020     		movs	r0, #0
 1330              	.LVL83:
 393:Drivers/STM32L0xx_HAL_Driver/Src/stm32l0xx_hal_rcc_ex.c ****   {
 1331              		.loc 1 393 3 view .LVU386
 1332 0294 00E0     		b	.L54
 1333              	.L81:
 1334 0296 0020     		movs	r0, #0
 1335              	.LVL84:
 1336              	.L54:
 746:Drivers/STM32L0xx_HAL_Driver/Src/stm32l0xx_hal_rcc_ex.c **** }
 1337              		.loc 1 746 1 view .LVU387
 1338              		@ sp needed
 1339 0298 10BD     		pop	{r4, pc}
 1340              	.LVL85:
 1341              	.L82:
 393:Drivers/STM32L0xx_HAL_Driver/Src/stm32l0xx_hal_rcc_ex.c ****   {
 1342              		.loc 1 393 3 view .LVU388
 1343 029a 0020     		movs	r0, #0
 1344              	.LVL86:
 393:Drivers/STM32L0xx_HAL_Driver/Src/stm32l0xx_hal_rcc_ex.c ****   {
 1345              		.loc 1 393 3 view .LVU389
 1346 029c FCE7     		b	.L54
 1347              	.LVL87:
 1348              	.L86:
 436:Drivers/STM32L0xx_HAL_Driver/Src/stm32l0xx_hal_rcc_ex.c ****               break;
 1349              		.loc 1 436 25 view .LVU390
 1350 029e 1048     		ldr	r0, .L121+36
 1351 02a0 FAE7     		b	.L54
 1352              	.L87:
 427:Drivers/STM32L0xx_HAL_Driver/Src/stm32l0xx_hal_rcc_ex.c ****           {
 1353              		.loc 1 427 11 view .LVU391
 1354 02a2 1048     		ldr	r0, .L121+40
 1355 02a4 F8E7     		b	.L54
 1356              	.L88:
 446:Drivers/STM32L0xx_HAL_Driver/Src/stm32l0xx_hal_rcc_ex.c ****               break;
 1357              		.loc 1 446 25 view .LVU392
 1358 02a6 0A48     		ldr	r0, .L121+20
 1359 02a8 F6E7     		b	.L54
 1360              	.LVL88:
 1361              	.L92:
 532:Drivers/STM32L0xx_HAL_Driver/Src/stm32l0xx_hal_rcc_ex.c ****           }
 1362              		.loc 1 532 23 view .LVU393
 1363 02aa 0B48     		ldr	r0, .L121+28
ARM GAS  /var/folders/d7/pb3dkhys6j3db_qtp_8v34p80000gn/T//cceM8o88.s 			page 40


 1364 02ac F4E7     		b	.L54
 1365              	.L95:
 578:Drivers/STM32L0xx_HAL_Driver/Src/stm32l0xx_hal_rcc_ex.c ****           }
 1366              		.loc 1 578 23 view .LVU394
 1367 02ae 0A48     		ldr	r0, .L121+28
 1368 02b0 F2E7     		b	.L54
 1369              	.L98:
 623:Drivers/STM32L0xx_HAL_Driver/Src/stm32l0xx_hal_rcc_ex.c ****           }
 1370              		.loc 1 623 23 view .LVU395
 1371 02b2 0948     		ldr	r0, .L121+28
 1372 02b4 F0E7     		b	.L54
 1373              	.L101:
 668:Drivers/STM32L0xx_HAL_Driver/Src/stm32l0xx_hal_rcc_ex.c ****           }
 1374              		.loc 1 668 23 view .LVU396
 1375 02b6 0848     		ldr	r0, .L121+28
 1376 02b8 EEE7     		b	.L54
 1377              	.L122:
 1378 02ba C046     		.align	2
 1379              	.L121:
 1380 02bc 00000000 		.word	.L58
 1381 02c0 00100240 		.word	1073876992
 1382 02c4 88900000 		.word	37000
 1383 02c8 80841E00 		.word	2000000
 1384 02cc 00000000 		.word	PLLMulTable
 1385 02d0 00093D00 		.word	4000000
 1386 02d4 00127A00 		.word	8000000
 1387 02d8 0024F400 		.word	16000000
 1388 02dc 006CDC02 		.word	48000000
 1389 02e0 40420F00 		.word	1000000
 1390 02e4 20A10700 		.word	500000
 1391              		.cfi_endproc
 1392              	.LFE49:
 1394              		.section	.text.HAL_RCCEx_EnableLSECSS,"ax",%progbits
 1395              		.align	1
 1396              		.global	HAL_RCCEx_EnableLSECSS
 1397              		.syntax unified
 1398              		.code	16
 1399              		.thumb_func
 1401              	HAL_RCCEx_EnableLSECSS:
 1402              	.LFB50:
 747:Drivers/STM32L0xx_HAL_Driver/Src/stm32l0xx_hal_rcc_ex.c **** 
 748:Drivers/STM32L0xx_HAL_Driver/Src/stm32l0xx_hal_rcc_ex.c **** /**
 749:Drivers/STM32L0xx_HAL_Driver/Src/stm32l0xx_hal_rcc_ex.c ****   * @brief  Enables the LSE Clock Security System.
 750:Drivers/STM32L0xx_HAL_Driver/Src/stm32l0xx_hal_rcc_ex.c ****   * @retval None
 751:Drivers/STM32L0xx_HAL_Driver/Src/stm32l0xx_hal_rcc_ex.c ****   */
 752:Drivers/STM32L0xx_HAL_Driver/Src/stm32l0xx_hal_rcc_ex.c **** void HAL_RCCEx_EnableLSECSS(void)
 753:Drivers/STM32L0xx_HAL_Driver/Src/stm32l0xx_hal_rcc_ex.c **** {
 1403              		.loc 1 753 1 is_stmt 1 view -0
 1404              		.cfi_startproc
 1405              		@ args = 0, pretend = 0, frame = 0
 1406              		@ frame_needed = 0, uses_anonymous_args = 0
 1407              		@ link register save eliminated.
 754:Drivers/STM32L0xx_HAL_Driver/Src/stm32l0xx_hal_rcc_ex.c ****   SET_BIT(RCC->CSR, RCC_CSR_LSECSSON) ;
 1408              		.loc 1 754 3 view .LVU398
 1409 0000 034A     		ldr	r2, .L124
 1410 0002 116D     		ldr	r1, [r2, #80]
 1411 0004 8023     		movs	r3, #128
ARM GAS  /var/folders/d7/pb3dkhys6j3db_qtp_8v34p80000gn/T//cceM8o88.s 			page 41


 1412 0006 9B01     		lsls	r3, r3, #6
 1413 0008 0B43     		orrs	r3, r1
 1414 000a 1365     		str	r3, [r2, #80]
 755:Drivers/STM32L0xx_HAL_Driver/Src/stm32l0xx_hal_rcc_ex.c **** }
 1415              		.loc 1 755 1 is_stmt 0 view .LVU399
 1416              		@ sp needed
 1417 000c 7047     		bx	lr
 1418              	.L125:
 1419 000e C046     		.align	2
 1420              	.L124:
 1421 0010 00100240 		.word	1073876992
 1422              		.cfi_endproc
 1423              	.LFE50:
 1425              		.section	.text.HAL_RCCEx_DisableLSECSS,"ax",%progbits
 1426              		.align	1
 1427              		.global	HAL_RCCEx_DisableLSECSS
 1428              		.syntax unified
 1429              		.code	16
 1430              		.thumb_func
 1432              	HAL_RCCEx_DisableLSECSS:
 1433              	.LFB51:
 756:Drivers/STM32L0xx_HAL_Driver/Src/stm32l0xx_hal_rcc_ex.c **** 
 757:Drivers/STM32L0xx_HAL_Driver/Src/stm32l0xx_hal_rcc_ex.c **** /**
 758:Drivers/STM32L0xx_HAL_Driver/Src/stm32l0xx_hal_rcc_ex.c ****   * @brief  Disables the LSE Clock Security System.
 759:Drivers/STM32L0xx_HAL_Driver/Src/stm32l0xx_hal_rcc_ex.c ****   * @note   Once enabled this bit cannot be disabled, except after an LSE failure detection
 760:Drivers/STM32L0xx_HAL_Driver/Src/stm32l0xx_hal_rcc_ex.c ****   *         (LSECSSD=1). In that case the software MUST disable the LSECSSON bit.
 761:Drivers/STM32L0xx_HAL_Driver/Src/stm32l0xx_hal_rcc_ex.c ****   *         Reset by power on reset and RTC software reset (RTCRST bit).
 762:Drivers/STM32L0xx_HAL_Driver/Src/stm32l0xx_hal_rcc_ex.c ****   * @retval None
 763:Drivers/STM32L0xx_HAL_Driver/Src/stm32l0xx_hal_rcc_ex.c ****   */
 764:Drivers/STM32L0xx_HAL_Driver/Src/stm32l0xx_hal_rcc_ex.c **** void HAL_RCCEx_DisableLSECSS(void)
 765:Drivers/STM32L0xx_HAL_Driver/Src/stm32l0xx_hal_rcc_ex.c **** {
 1434              		.loc 1 765 1 is_stmt 1 view -0
 1435              		.cfi_startproc
 1436              		@ args = 0, pretend = 0, frame = 0
 1437              		@ frame_needed = 0, uses_anonymous_args = 0
 1438              		@ link register save eliminated.
 766:Drivers/STM32L0xx_HAL_Driver/Src/stm32l0xx_hal_rcc_ex.c ****   /* Disable LSE CSS */
 767:Drivers/STM32L0xx_HAL_Driver/Src/stm32l0xx_hal_rcc_ex.c ****    CLEAR_BIT(RCC->CSR, RCC_CSR_LSECSSON) ;
 1439              		.loc 1 767 4 view .LVU401
 1440 0000 044B     		ldr	r3, .L127
 1441 0002 1A6D     		ldr	r2, [r3, #80]
 1442 0004 0449     		ldr	r1, .L127+4
 1443 0006 0A40     		ands	r2, r1
 1444 0008 1A65     		str	r2, [r3, #80]
 768:Drivers/STM32L0xx_HAL_Driver/Src/stm32l0xx_hal_rcc_ex.c **** 
 769:Drivers/STM32L0xx_HAL_Driver/Src/stm32l0xx_hal_rcc_ex.c ****   /* Disable LSE CSS IT */
 770:Drivers/STM32L0xx_HAL_Driver/Src/stm32l0xx_hal_rcc_ex.c ****   __HAL_RCC_DISABLE_IT(RCC_IT_LSECSS);
 1445              		.loc 1 770 3 view .LVU402
 1446 000a 1A69     		ldr	r2, [r3, #16]
 1447 000c 8021     		movs	r1, #128
 1448 000e 8A43     		bics	r2, r1
 1449 0010 1A61     		str	r2, [r3, #16]
 771:Drivers/STM32L0xx_HAL_Driver/Src/stm32l0xx_hal_rcc_ex.c **** }
 1450              		.loc 1 771 1 is_stmt 0 view .LVU403
 1451              		@ sp needed
 1452 0012 7047     		bx	lr
 1453              	.L128:
ARM GAS  /var/folders/d7/pb3dkhys6j3db_qtp_8v34p80000gn/T//cceM8o88.s 			page 42


 1454              		.align	2
 1455              	.L127:
 1456 0014 00100240 		.word	1073876992
 1457 0018 FFDFFFFF 		.word	-8193
 1458              		.cfi_endproc
 1459              	.LFE51:
 1461              		.section	.text.HAL_RCCEx_EnableLSECSS_IT,"ax",%progbits
 1462              		.align	1
 1463              		.global	HAL_RCCEx_EnableLSECSS_IT
 1464              		.syntax unified
 1465              		.code	16
 1466              		.thumb_func
 1468              	HAL_RCCEx_EnableLSECSS_IT:
 1469              	.LFB52:
 772:Drivers/STM32L0xx_HAL_Driver/Src/stm32l0xx_hal_rcc_ex.c **** 
 773:Drivers/STM32L0xx_HAL_Driver/Src/stm32l0xx_hal_rcc_ex.c **** /**
 774:Drivers/STM32L0xx_HAL_Driver/Src/stm32l0xx_hal_rcc_ex.c ****   * @brief  Enable the LSE Clock Security System IT & corresponding EXTI line.
 775:Drivers/STM32L0xx_HAL_Driver/Src/stm32l0xx_hal_rcc_ex.c ****   * @note   LSE Clock Security System IT is mapped on RTC EXTI line 19
 776:Drivers/STM32L0xx_HAL_Driver/Src/stm32l0xx_hal_rcc_ex.c ****   * @retval None
 777:Drivers/STM32L0xx_HAL_Driver/Src/stm32l0xx_hal_rcc_ex.c ****   */
 778:Drivers/STM32L0xx_HAL_Driver/Src/stm32l0xx_hal_rcc_ex.c **** void HAL_RCCEx_EnableLSECSS_IT(void)
 779:Drivers/STM32L0xx_HAL_Driver/Src/stm32l0xx_hal_rcc_ex.c **** {
 1470              		.loc 1 779 1 is_stmt 1 view -0
 1471              		.cfi_startproc
 1472              		@ args = 0, pretend = 0, frame = 0
 1473              		@ frame_needed = 0, uses_anonymous_args = 0
 1474              		@ link register save eliminated.
 780:Drivers/STM32L0xx_HAL_Driver/Src/stm32l0xx_hal_rcc_ex.c ****   /* Enable LSE CSS */
 781:Drivers/STM32L0xx_HAL_Driver/Src/stm32l0xx_hal_rcc_ex.c ****    SET_BIT(RCC->CSR, RCC_CSR_LSECSSON) ;
 1475              		.loc 1 781 4 view .LVU405
 1476 0000 094B     		ldr	r3, .L130
 1477 0002 196D     		ldr	r1, [r3, #80]
 1478 0004 8022     		movs	r2, #128
 1479 0006 9201     		lsls	r2, r2, #6
 1480 0008 0A43     		orrs	r2, r1
 1481 000a 1A65     		str	r2, [r3, #80]
 782:Drivers/STM32L0xx_HAL_Driver/Src/stm32l0xx_hal_rcc_ex.c **** 
 783:Drivers/STM32L0xx_HAL_Driver/Src/stm32l0xx_hal_rcc_ex.c ****   /* Enable LSE CSS IT */
 784:Drivers/STM32L0xx_HAL_Driver/Src/stm32l0xx_hal_rcc_ex.c ****   __HAL_RCC_ENABLE_IT(RCC_IT_LSECSS);
 1482              		.loc 1 784 3 view .LVU406
 1483 000c 1A69     		ldr	r2, [r3, #16]
 1484 000e 8021     		movs	r1, #128
 1485 0010 0A43     		orrs	r2, r1
 1486 0012 1A61     		str	r2, [r3, #16]
 785:Drivers/STM32L0xx_HAL_Driver/Src/stm32l0xx_hal_rcc_ex.c **** 
 786:Drivers/STM32L0xx_HAL_Driver/Src/stm32l0xx_hal_rcc_ex.c ****   /* Enable IT on EXTI Line 19 */
 787:Drivers/STM32L0xx_HAL_Driver/Src/stm32l0xx_hal_rcc_ex.c ****   __HAL_RCC_LSECSS_EXTI_ENABLE_IT();
 1487              		.loc 1 787 3 view .LVU407
 1488 0014 054B     		ldr	r3, .L130+4
 1489 0016 1968     		ldr	r1, [r3]
 1490 0018 8022     		movs	r2, #128
 1491 001a 1203     		lsls	r2, r2, #12
 1492 001c 1143     		orrs	r1, r2
 1493 001e 1960     		str	r1, [r3]
 788:Drivers/STM32L0xx_HAL_Driver/Src/stm32l0xx_hal_rcc_ex.c ****   __HAL_RCC_LSECSS_EXTI_ENABLE_RISING_EDGE();
 1494              		.loc 1 788 3 view .LVU408
 1495 0020 9968     		ldr	r1, [r3, #8]
ARM GAS  /var/folders/d7/pb3dkhys6j3db_qtp_8v34p80000gn/T//cceM8o88.s 			page 43


 1496 0022 0A43     		orrs	r2, r1
 1497 0024 9A60     		str	r2, [r3, #8]
 789:Drivers/STM32L0xx_HAL_Driver/Src/stm32l0xx_hal_rcc_ex.c **** }
 1498              		.loc 1 789 1 is_stmt 0 view .LVU409
 1499              		@ sp needed
 1500 0026 7047     		bx	lr
 1501              	.L131:
 1502              		.align	2
 1503              	.L130:
 1504 0028 00100240 		.word	1073876992
 1505 002c 00040140 		.word	1073808384
 1506              		.cfi_endproc
 1507              	.LFE52:
 1509              		.section	.text.HAL_RCCEx_LSECSS_Callback,"ax",%progbits
 1510              		.align	1
 1511              		.weak	HAL_RCCEx_LSECSS_Callback
 1512              		.syntax unified
 1513              		.code	16
 1514              		.thumb_func
 1516              	HAL_RCCEx_LSECSS_Callback:
 1517              	.LFB54:
 790:Drivers/STM32L0xx_HAL_Driver/Src/stm32l0xx_hal_rcc_ex.c **** 
 791:Drivers/STM32L0xx_HAL_Driver/Src/stm32l0xx_hal_rcc_ex.c **** /**
 792:Drivers/STM32L0xx_HAL_Driver/Src/stm32l0xx_hal_rcc_ex.c ****   * @brief Handle the RCC LSE Clock Security System interrupt request.
 793:Drivers/STM32L0xx_HAL_Driver/Src/stm32l0xx_hal_rcc_ex.c ****   * @retval None
 794:Drivers/STM32L0xx_HAL_Driver/Src/stm32l0xx_hal_rcc_ex.c ****   */
 795:Drivers/STM32L0xx_HAL_Driver/Src/stm32l0xx_hal_rcc_ex.c **** void HAL_RCCEx_LSECSS_IRQHandler(void)
 796:Drivers/STM32L0xx_HAL_Driver/Src/stm32l0xx_hal_rcc_ex.c **** {
 797:Drivers/STM32L0xx_HAL_Driver/Src/stm32l0xx_hal_rcc_ex.c ****   /* Check RCC LSE CSSF flag  */
 798:Drivers/STM32L0xx_HAL_Driver/Src/stm32l0xx_hal_rcc_ex.c ****   if(__HAL_RCC_GET_IT(RCC_IT_LSECSS))
 799:Drivers/STM32L0xx_HAL_Driver/Src/stm32l0xx_hal_rcc_ex.c ****   {
 800:Drivers/STM32L0xx_HAL_Driver/Src/stm32l0xx_hal_rcc_ex.c ****     /* RCC LSE Clock Security System interrupt user callback */
 801:Drivers/STM32L0xx_HAL_Driver/Src/stm32l0xx_hal_rcc_ex.c ****     HAL_RCCEx_LSECSS_Callback();
 802:Drivers/STM32L0xx_HAL_Driver/Src/stm32l0xx_hal_rcc_ex.c **** 
 803:Drivers/STM32L0xx_HAL_Driver/Src/stm32l0xx_hal_rcc_ex.c ****     /* Clear RCC LSE CSS pending bit */
 804:Drivers/STM32L0xx_HAL_Driver/Src/stm32l0xx_hal_rcc_ex.c ****     __HAL_RCC_CLEAR_IT(RCC_IT_LSECSS);
 805:Drivers/STM32L0xx_HAL_Driver/Src/stm32l0xx_hal_rcc_ex.c ****   }
 806:Drivers/STM32L0xx_HAL_Driver/Src/stm32l0xx_hal_rcc_ex.c **** }
 807:Drivers/STM32L0xx_HAL_Driver/Src/stm32l0xx_hal_rcc_ex.c **** 
 808:Drivers/STM32L0xx_HAL_Driver/Src/stm32l0xx_hal_rcc_ex.c **** /**
 809:Drivers/STM32L0xx_HAL_Driver/Src/stm32l0xx_hal_rcc_ex.c ****   * @brief  RCCEx LSE Clock Security System interrupt callback.
 810:Drivers/STM32L0xx_HAL_Driver/Src/stm32l0xx_hal_rcc_ex.c ****   * @retval none
 811:Drivers/STM32L0xx_HAL_Driver/Src/stm32l0xx_hal_rcc_ex.c ****   */
 812:Drivers/STM32L0xx_HAL_Driver/Src/stm32l0xx_hal_rcc_ex.c **** __weak void HAL_RCCEx_LSECSS_Callback(void)
 813:Drivers/STM32L0xx_HAL_Driver/Src/stm32l0xx_hal_rcc_ex.c **** {
 1518              		.loc 1 813 1 is_stmt 1 view -0
 1519              		.cfi_startproc
 1520              		@ args = 0, pretend = 0, frame = 0
 1521              		@ frame_needed = 0, uses_anonymous_args = 0
 1522              		@ link register save eliminated.
 814:Drivers/STM32L0xx_HAL_Driver/Src/stm32l0xx_hal_rcc_ex.c ****   /* NOTE : This function should not be modified, when the callback is needed,
 815:Drivers/STM32L0xx_HAL_Driver/Src/stm32l0xx_hal_rcc_ex.c ****             the @ref HAL_RCCEx_LSECSS_Callback should be implemented in the user file
 816:Drivers/STM32L0xx_HAL_Driver/Src/stm32l0xx_hal_rcc_ex.c ****    */
 817:Drivers/STM32L0xx_HAL_Driver/Src/stm32l0xx_hal_rcc_ex.c **** }
 1523              		.loc 1 817 1 view .LVU411
 1524              		@ sp needed
 1525 0000 7047     		bx	lr
ARM GAS  /var/folders/d7/pb3dkhys6j3db_qtp_8v34p80000gn/T//cceM8o88.s 			page 44


 1526              		.cfi_endproc
 1527              	.LFE54:
 1529              		.section	.text.HAL_RCCEx_LSECSS_IRQHandler,"ax",%progbits
 1530              		.align	1
 1531              		.global	HAL_RCCEx_LSECSS_IRQHandler
 1532              		.syntax unified
 1533              		.code	16
 1534              		.thumb_func
 1536              	HAL_RCCEx_LSECSS_IRQHandler:
 1537              	.LFB53:
 796:Drivers/STM32L0xx_HAL_Driver/Src/stm32l0xx_hal_rcc_ex.c ****   /* Check RCC LSE CSSF flag  */
 1538              		.loc 1 796 1 view -0
 1539              		.cfi_startproc
 1540              		@ args = 0, pretend = 0, frame = 0
 1541              		@ frame_needed = 0, uses_anonymous_args = 0
 1542 0000 10B5     		push	{r4, lr}
 1543              	.LCFI2:
 1544              		.cfi_def_cfa_offset 8
 1545              		.cfi_offset 4, -8
 1546              		.cfi_offset 14, -4
 798:Drivers/STM32L0xx_HAL_Driver/Src/stm32l0xx_hal_rcc_ex.c ****   {
 1547              		.loc 1 798 3 view .LVU413
 798:Drivers/STM32L0xx_HAL_Driver/Src/stm32l0xx_hal_rcc_ex.c ****   {
 1548              		.loc 1 798 6 is_stmt 0 view .LVU414
 1549 0002 054B     		ldr	r3, .L137
 1550 0004 5B69     		ldr	r3, [r3, #20]
 798:Drivers/STM32L0xx_HAL_Driver/Src/stm32l0xx_hal_rcc_ex.c ****   {
 1551              		.loc 1 798 5 view .LVU415
 1552 0006 1B06     		lsls	r3, r3, #24
 1553 0008 00D4     		bmi	.L136
 1554              	.L133:
 806:Drivers/STM32L0xx_HAL_Driver/Src/stm32l0xx_hal_rcc_ex.c **** 
 1555              		.loc 1 806 1 view .LVU416
 1556              		@ sp needed
 1557 000a 10BD     		pop	{r4, pc}
 1558              	.L136:
 801:Drivers/STM32L0xx_HAL_Driver/Src/stm32l0xx_hal_rcc_ex.c **** 
 1559              		.loc 1 801 5 is_stmt 1 view .LVU417
 1560 000c FFF7FEFF 		bl	HAL_RCCEx_LSECSS_Callback
 1561              	.LVL89:
 804:Drivers/STM32L0xx_HAL_Driver/Src/stm32l0xx_hal_rcc_ex.c ****   }
 1562              		.loc 1 804 5 view .LVU418
 1563 0010 014B     		ldr	r3, .L137
 1564 0012 8022     		movs	r2, #128
 1565 0014 9A61     		str	r2, [r3, #24]
 806:Drivers/STM32L0xx_HAL_Driver/Src/stm32l0xx_hal_rcc_ex.c **** 
 1566              		.loc 1 806 1 is_stmt 0 view .LVU419
 1567 0016 F8E7     		b	.L133
 1568              	.L138:
 1569              		.align	2
 1570              	.L137:
 1571 0018 00100240 		.word	1073876992
 1572              		.cfi_endproc
 1573              	.LFE53:
 1575              		.section	.text.HAL_RCCEx_EnableHSI48_VREFINT,"ax",%progbits
 1576              		.align	1
 1577              		.global	HAL_RCCEx_EnableHSI48_VREFINT
ARM GAS  /var/folders/d7/pb3dkhys6j3db_qtp_8v34p80000gn/T//cceM8o88.s 			page 45


 1578              		.syntax unified
 1579              		.code	16
 1580              		.thumb_func
 1582              	HAL_RCCEx_EnableHSI48_VREFINT:
 1583              	.LFB55:
 818:Drivers/STM32L0xx_HAL_Driver/Src/stm32l0xx_hal_rcc_ex.c **** 
 819:Drivers/STM32L0xx_HAL_Driver/Src/stm32l0xx_hal_rcc_ex.c **** #if defined(SYSCFG_CFGR3_ENREF_HSI48)
 820:Drivers/STM32L0xx_HAL_Driver/Src/stm32l0xx_hal_rcc_ex.c **** /**
 821:Drivers/STM32L0xx_HAL_Driver/Src/stm32l0xx_hal_rcc_ex.c ****   * @brief Enables Vrefint for the HSI48.
 822:Drivers/STM32L0xx_HAL_Driver/Src/stm32l0xx_hal_rcc_ex.c ****   * @note  This is functional only if the LOCK is not set
 823:Drivers/STM32L0xx_HAL_Driver/Src/stm32l0xx_hal_rcc_ex.c ****   * @retval None
 824:Drivers/STM32L0xx_HAL_Driver/Src/stm32l0xx_hal_rcc_ex.c ****   */
 825:Drivers/STM32L0xx_HAL_Driver/Src/stm32l0xx_hal_rcc_ex.c **** void HAL_RCCEx_EnableHSI48_VREFINT(void)
 826:Drivers/STM32L0xx_HAL_Driver/Src/stm32l0xx_hal_rcc_ex.c **** {
 1584              		.loc 1 826 1 is_stmt 1 view -0
 1585              		.cfi_startproc
 1586              		@ args = 0, pretend = 0, frame = 0
 1587              		@ frame_needed = 0, uses_anonymous_args = 0
 1588              		@ link register save eliminated.
 827:Drivers/STM32L0xx_HAL_Driver/Src/stm32l0xx_hal_rcc_ex.c ****   /* Enable the Buffer for the ADC by setting SYSCFG_CFGR3_ENREF_HSI48 bit in SYSCFG_CFGR3 register
 828:Drivers/STM32L0xx_HAL_Driver/Src/stm32l0xx_hal_rcc_ex.c ****   SET_BIT (SYSCFG->CFGR3, SYSCFG_CFGR3_ENREF_HSI48);
 1589              		.loc 1 828 3 view .LVU421
 1590 0000 034A     		ldr	r2, .L140
 1591 0002 116A     		ldr	r1, [r2, #32]
 1592 0004 8023     		movs	r3, #128
 1593 0006 9B01     		lsls	r3, r3, #6
 1594 0008 0B43     		orrs	r3, r1
 1595 000a 1362     		str	r3, [r2, #32]
 829:Drivers/STM32L0xx_HAL_Driver/Src/stm32l0xx_hal_rcc_ex.c **** }
 1596              		.loc 1 829 1 is_stmt 0 view .LVU422
 1597              		@ sp needed
 1598 000c 7047     		bx	lr
 1599              	.L141:
 1600 000e C046     		.align	2
 1601              	.L140:
 1602 0010 00000140 		.word	1073807360
 1603              		.cfi_endproc
 1604              	.LFE55:
 1606              		.section	.text.HAL_RCCEx_DisableHSI48_VREFINT,"ax",%progbits
 1607              		.align	1
 1608              		.global	HAL_RCCEx_DisableHSI48_VREFINT
 1609              		.syntax unified
 1610              		.code	16
 1611              		.thumb_func
 1613              	HAL_RCCEx_DisableHSI48_VREFINT:
 1614              	.LFB56:
 830:Drivers/STM32L0xx_HAL_Driver/Src/stm32l0xx_hal_rcc_ex.c **** 
 831:Drivers/STM32L0xx_HAL_Driver/Src/stm32l0xx_hal_rcc_ex.c **** /**
 832:Drivers/STM32L0xx_HAL_Driver/Src/stm32l0xx_hal_rcc_ex.c ****   * @brief Disables the Vrefint for the HSI48.
 833:Drivers/STM32L0xx_HAL_Driver/Src/stm32l0xx_hal_rcc_ex.c ****   * @note  This is functional only if the LOCK is not set
 834:Drivers/STM32L0xx_HAL_Driver/Src/stm32l0xx_hal_rcc_ex.c ****   * @retval None
 835:Drivers/STM32L0xx_HAL_Driver/Src/stm32l0xx_hal_rcc_ex.c ****   */
 836:Drivers/STM32L0xx_HAL_Driver/Src/stm32l0xx_hal_rcc_ex.c **** void HAL_RCCEx_DisableHSI48_VREFINT(void)
 837:Drivers/STM32L0xx_HAL_Driver/Src/stm32l0xx_hal_rcc_ex.c **** {
 1615              		.loc 1 837 1 is_stmt 1 view -0
 1616              		.cfi_startproc
 1617              		@ args = 0, pretend = 0, frame = 0
ARM GAS  /var/folders/d7/pb3dkhys6j3db_qtp_8v34p80000gn/T//cceM8o88.s 			page 46


 1618              		@ frame_needed = 0, uses_anonymous_args = 0
 1619              		@ link register save eliminated.
 838:Drivers/STM32L0xx_HAL_Driver/Src/stm32l0xx_hal_rcc_ex.c ****   /* Disable the Vrefint by resetting SYSCFG_CFGR3_ENREF_HSI48 bit in SYSCFG_CFGR3 register */
 839:Drivers/STM32L0xx_HAL_Driver/Src/stm32l0xx_hal_rcc_ex.c ****   CLEAR_BIT(SYSCFG->CFGR3, SYSCFG_CFGR3_ENREF_HSI48);
 1620              		.loc 1 839 3 view .LVU424
 1621 0000 024A     		ldr	r2, .L143
 1622 0002 136A     		ldr	r3, [r2, #32]
 1623 0004 0249     		ldr	r1, .L143+4
 1624 0006 0B40     		ands	r3, r1
 1625 0008 1362     		str	r3, [r2, #32]
 840:Drivers/STM32L0xx_HAL_Driver/Src/stm32l0xx_hal_rcc_ex.c **** }
 1626              		.loc 1 840 1 is_stmt 0 view .LVU425
 1627              		@ sp needed
 1628 000a 7047     		bx	lr
 1629              	.L144:
 1630              		.align	2
 1631              	.L143:
 1632 000c 00000140 		.word	1073807360
 1633 0010 FFDFFFFF 		.word	-8193
 1634              		.cfi_endproc
 1635              	.LFE56:
 1637              		.section	.text.HAL_RCCEx_CRSConfig,"ax",%progbits
 1638              		.align	1
 1639              		.global	HAL_RCCEx_CRSConfig
 1640              		.syntax unified
 1641              		.code	16
 1642              		.thumb_func
 1644              	HAL_RCCEx_CRSConfig:
 1645              	.LVL90:
 1646              	.LFB57:
 841:Drivers/STM32L0xx_HAL_Driver/Src/stm32l0xx_hal_rcc_ex.c **** 
 842:Drivers/STM32L0xx_HAL_Driver/Src/stm32l0xx_hal_rcc_ex.c **** #endif /* SYSCFG_CFGR3_ENREF_HSI48 */
 843:Drivers/STM32L0xx_HAL_Driver/Src/stm32l0xx_hal_rcc_ex.c **** 
 844:Drivers/STM32L0xx_HAL_Driver/Src/stm32l0xx_hal_rcc_ex.c **** /**
 845:Drivers/STM32L0xx_HAL_Driver/Src/stm32l0xx_hal_rcc_ex.c ****   * @}
 846:Drivers/STM32L0xx_HAL_Driver/Src/stm32l0xx_hal_rcc_ex.c ****   */
 847:Drivers/STM32L0xx_HAL_Driver/Src/stm32l0xx_hal_rcc_ex.c **** 
 848:Drivers/STM32L0xx_HAL_Driver/Src/stm32l0xx_hal_rcc_ex.c **** #if defined (CRS)
 849:Drivers/STM32L0xx_HAL_Driver/Src/stm32l0xx_hal_rcc_ex.c **** 
 850:Drivers/STM32L0xx_HAL_Driver/Src/stm32l0xx_hal_rcc_ex.c **** /** @defgroup RCCEx_Exported_Functions_Group3 Extended Clock Recovery System Control functions
 851:Drivers/STM32L0xx_HAL_Driver/Src/stm32l0xx_hal_rcc_ex.c ****  *  @brief  Extended Clock Recovery System Control functions
 852:Drivers/STM32L0xx_HAL_Driver/Src/stm32l0xx_hal_rcc_ex.c ****  *
 853:Drivers/STM32L0xx_HAL_Driver/Src/stm32l0xx_hal_rcc_ex.c **** @verbatim
 854:Drivers/STM32L0xx_HAL_Driver/Src/stm32l0xx_hal_rcc_ex.c ****  ===============================================================================
 855:Drivers/STM32L0xx_HAL_Driver/Src/stm32l0xx_hal_rcc_ex.c ****                 ##### Extended Clock Recovery System Control functions  #####
 856:Drivers/STM32L0xx_HAL_Driver/Src/stm32l0xx_hal_rcc_ex.c ****  ===============================================================================
 857:Drivers/STM32L0xx_HAL_Driver/Src/stm32l0xx_hal_rcc_ex.c ****     [..]
 858:Drivers/STM32L0xx_HAL_Driver/Src/stm32l0xx_hal_rcc_ex.c ****       For devices with Clock Recovery System feature (CRS), RCC Extension HAL driver can be used as
 859:Drivers/STM32L0xx_HAL_Driver/Src/stm32l0xx_hal_rcc_ex.c **** 
 860:Drivers/STM32L0xx_HAL_Driver/Src/stm32l0xx_hal_rcc_ex.c ****       (#) In System clock config, HSI48 needs to be enabled
 861:Drivers/STM32L0xx_HAL_Driver/Src/stm32l0xx_hal_rcc_ex.c **** 
 862:Drivers/STM32L0xx_HAL_Driver/Src/stm32l0xx_hal_rcc_ex.c ****       (#) Enable CRS clock in IP MSP init which will use CRS functions
 863:Drivers/STM32L0xx_HAL_Driver/Src/stm32l0xx_hal_rcc_ex.c **** 
 864:Drivers/STM32L0xx_HAL_Driver/Src/stm32l0xx_hal_rcc_ex.c ****       (#) Call CRS functions as follows:
 865:Drivers/STM32L0xx_HAL_Driver/Src/stm32l0xx_hal_rcc_ex.c ****           (##) Prepare synchronization configuration necessary for HSI48 calibration
 866:Drivers/STM32L0xx_HAL_Driver/Src/stm32l0xx_hal_rcc_ex.c ****               (+++) Default values can be set for frequency Error Measurement (reload and error lim
 867:Drivers/STM32L0xx_HAL_Driver/Src/stm32l0xx_hal_rcc_ex.c ****                         and also HSI48 oscillator smooth trimming.
ARM GAS  /var/folders/d7/pb3dkhys6j3db_qtp_8v34p80000gn/T//cceM8o88.s 			page 47


 868:Drivers/STM32L0xx_HAL_Driver/Src/stm32l0xx_hal_rcc_ex.c ****               (+++) Macro __HAL_RCC_CRS_RELOADVALUE_CALCULATE can be also used to calculate
 869:Drivers/STM32L0xx_HAL_Driver/Src/stm32l0xx_hal_rcc_ex.c ****                         directly reload value with target and synchronization frequencies values
 870:Drivers/STM32L0xx_HAL_Driver/Src/stm32l0xx_hal_rcc_ex.c ****           (##) Call function HAL_RCCEx_CRSConfig which
 871:Drivers/STM32L0xx_HAL_Driver/Src/stm32l0xx_hal_rcc_ex.c ****               (+++) Reset CRS registers to their default values.
 872:Drivers/STM32L0xx_HAL_Driver/Src/stm32l0xx_hal_rcc_ex.c ****               (+++) Configure CRS registers with synchronization configuration
 873:Drivers/STM32L0xx_HAL_Driver/Src/stm32l0xx_hal_rcc_ex.c ****               (+++) Enable automatic calibration and frequency error counter feature
 874:Drivers/STM32L0xx_HAL_Driver/Src/stm32l0xx_hal_rcc_ex.c ****            Note: When using USB LPM (Link Power Management) and the device is in Sleep mode, the
 875:Drivers/STM32L0xx_HAL_Driver/Src/stm32l0xx_hal_rcc_ex.c ****            periodic USB SOF will not be generated by the host. No SYNC signal will therefore be
 876:Drivers/STM32L0xx_HAL_Driver/Src/stm32l0xx_hal_rcc_ex.c ****            provided to the CRS to calibrate the HSI48 on the run. To guarantee the required clock
 877:Drivers/STM32L0xx_HAL_Driver/Src/stm32l0xx_hal_rcc_ex.c ****            precision after waking up from Sleep mode, the LSE or reference clock on the GPIOs
 878:Drivers/STM32L0xx_HAL_Driver/Src/stm32l0xx_hal_rcc_ex.c ****            should be used as SYNC signal.
 879:Drivers/STM32L0xx_HAL_Driver/Src/stm32l0xx_hal_rcc_ex.c **** 
 880:Drivers/STM32L0xx_HAL_Driver/Src/stm32l0xx_hal_rcc_ex.c ****           (##) A polling function is provided to wait for complete synchronization
 881:Drivers/STM32L0xx_HAL_Driver/Src/stm32l0xx_hal_rcc_ex.c ****               (+++) Call function HAL_RCCEx_CRSWaitSynchronization()
 882:Drivers/STM32L0xx_HAL_Driver/Src/stm32l0xx_hal_rcc_ex.c ****               (+++) According to CRS status, user can decide to adjust again the calibration or con
 883:Drivers/STM32L0xx_HAL_Driver/Src/stm32l0xx_hal_rcc_ex.c ****                         application if synchronization is OK
 884:Drivers/STM32L0xx_HAL_Driver/Src/stm32l0xx_hal_rcc_ex.c **** 
 885:Drivers/STM32L0xx_HAL_Driver/Src/stm32l0xx_hal_rcc_ex.c ****       (#) User can retrieve information related to synchronization in calling function
 886:Drivers/STM32L0xx_HAL_Driver/Src/stm32l0xx_hal_rcc_ex.c ****             HAL_RCCEx_CRSGetSynchronizationInfo()
 887:Drivers/STM32L0xx_HAL_Driver/Src/stm32l0xx_hal_rcc_ex.c **** 
 888:Drivers/STM32L0xx_HAL_Driver/Src/stm32l0xx_hal_rcc_ex.c ****       (#) Regarding synchronization status and synchronization information, user can try a new cali
 889:Drivers/STM32L0xx_HAL_Driver/Src/stm32l0xx_hal_rcc_ex.c ****            in changing synchronization configuration and call again HAL_RCCEx_CRSConfig.
 890:Drivers/STM32L0xx_HAL_Driver/Src/stm32l0xx_hal_rcc_ex.c ****            Note: When the SYNC event is detected during the downcounting phase (before reaching the
 891:Drivers/STM32L0xx_HAL_Driver/Src/stm32l0xx_hal_rcc_ex.c ****            it means that the actual frequency is lower than the target (and so, that the TRIM value
 892:Drivers/STM32L0xx_HAL_Driver/Src/stm32l0xx_hal_rcc_ex.c ****            incremented), while when it is detected during the upcounting phase it means that the ac
 893:Drivers/STM32L0xx_HAL_Driver/Src/stm32l0xx_hal_rcc_ex.c ****            is higher (and that the TRIM value should be decremented).
 894:Drivers/STM32L0xx_HAL_Driver/Src/stm32l0xx_hal_rcc_ex.c **** 
 895:Drivers/STM32L0xx_HAL_Driver/Src/stm32l0xx_hal_rcc_ex.c ****       (#) In interrupt mode, user can resort to the available macros (__HAL_RCC_CRS_XXX_IT). Interr
 896:Drivers/STM32L0xx_HAL_Driver/Src/stm32l0xx_hal_rcc_ex.c ****           through CRS Handler (RCC_IRQn/RCC_IRQHandler)
 897:Drivers/STM32L0xx_HAL_Driver/Src/stm32l0xx_hal_rcc_ex.c ****               (++) Call function HAL_RCCEx_CRSConfig()
 898:Drivers/STM32L0xx_HAL_Driver/Src/stm32l0xx_hal_rcc_ex.c ****               (++) Enable RCC_IRQn (thanks to NVIC functions)
 899:Drivers/STM32L0xx_HAL_Driver/Src/stm32l0xx_hal_rcc_ex.c ****               (++) Enable CRS interrupt (__HAL_RCC_CRS_ENABLE_IT)
 900:Drivers/STM32L0xx_HAL_Driver/Src/stm32l0xx_hal_rcc_ex.c ****               (++) Implement CRS status management in the following user callbacks called from
 901:Drivers/STM32L0xx_HAL_Driver/Src/stm32l0xx_hal_rcc_ex.c ****                    HAL_RCCEx_CRS_IRQHandler():
 902:Drivers/STM32L0xx_HAL_Driver/Src/stm32l0xx_hal_rcc_ex.c ****                    (+++) HAL_RCCEx_CRS_SyncOkCallback()
 903:Drivers/STM32L0xx_HAL_Driver/Src/stm32l0xx_hal_rcc_ex.c ****                    (+++) HAL_RCCEx_CRS_SyncWarnCallback()
 904:Drivers/STM32L0xx_HAL_Driver/Src/stm32l0xx_hal_rcc_ex.c ****                    (+++) HAL_RCCEx_CRS_ExpectedSyncCallback()
 905:Drivers/STM32L0xx_HAL_Driver/Src/stm32l0xx_hal_rcc_ex.c ****                    (+++) HAL_RCCEx_CRS_ErrorCallback()
 906:Drivers/STM32L0xx_HAL_Driver/Src/stm32l0xx_hal_rcc_ex.c **** 
 907:Drivers/STM32L0xx_HAL_Driver/Src/stm32l0xx_hal_rcc_ex.c ****       (#) To force a SYNC EVENT, user can use the function HAL_RCCEx_CRSSoftwareSynchronizationGene
 908:Drivers/STM32L0xx_HAL_Driver/Src/stm32l0xx_hal_rcc_ex.c ****           This function can be called before calling HAL_RCCEx_CRSConfig (for instance in Systick h
 909:Drivers/STM32L0xx_HAL_Driver/Src/stm32l0xx_hal_rcc_ex.c **** 
 910:Drivers/STM32L0xx_HAL_Driver/Src/stm32l0xx_hal_rcc_ex.c **** @endverbatim
 911:Drivers/STM32L0xx_HAL_Driver/Src/stm32l0xx_hal_rcc_ex.c ****  * @{
 912:Drivers/STM32L0xx_HAL_Driver/Src/stm32l0xx_hal_rcc_ex.c ****  */
 913:Drivers/STM32L0xx_HAL_Driver/Src/stm32l0xx_hal_rcc_ex.c **** 
 914:Drivers/STM32L0xx_HAL_Driver/Src/stm32l0xx_hal_rcc_ex.c **** /**
 915:Drivers/STM32L0xx_HAL_Driver/Src/stm32l0xx_hal_rcc_ex.c ****   * @brief  Start automatic synchronization for polling mode
 916:Drivers/STM32L0xx_HAL_Driver/Src/stm32l0xx_hal_rcc_ex.c ****   * @param  pInit Pointer on RCC_CRSInitTypeDef structure
 917:Drivers/STM32L0xx_HAL_Driver/Src/stm32l0xx_hal_rcc_ex.c ****   * @retval None
 918:Drivers/STM32L0xx_HAL_Driver/Src/stm32l0xx_hal_rcc_ex.c ****   */
 919:Drivers/STM32L0xx_HAL_Driver/Src/stm32l0xx_hal_rcc_ex.c **** void HAL_RCCEx_CRSConfig(RCC_CRSInitTypeDef *pInit)
 920:Drivers/STM32L0xx_HAL_Driver/Src/stm32l0xx_hal_rcc_ex.c **** {
 1647              		.loc 1 920 1 is_stmt 1 view -0
 1648              		.cfi_startproc
 1649              		@ args = 0, pretend = 0, frame = 0
 1650              		@ frame_needed = 0, uses_anonymous_args = 0
ARM GAS  /var/folders/d7/pb3dkhys6j3db_qtp_8v34p80000gn/T//cceM8o88.s 			page 48


 1651              		@ link register save eliminated.
 921:Drivers/STM32L0xx_HAL_Driver/Src/stm32l0xx_hal_rcc_ex.c ****   uint32_t value;
 1652              		.loc 1 921 3 view .LVU427
 922:Drivers/STM32L0xx_HAL_Driver/Src/stm32l0xx_hal_rcc_ex.c **** 
 923:Drivers/STM32L0xx_HAL_Driver/Src/stm32l0xx_hal_rcc_ex.c ****   /* Check the parameters */
 924:Drivers/STM32L0xx_HAL_Driver/Src/stm32l0xx_hal_rcc_ex.c ****   assert_param(IS_RCC_CRS_SYNC_DIV(pInit->Prescaler));
 1653              		.loc 1 924 3 view .LVU428
 925:Drivers/STM32L0xx_HAL_Driver/Src/stm32l0xx_hal_rcc_ex.c ****   assert_param(IS_RCC_CRS_SYNC_SOURCE(pInit->Source));
 1654              		.loc 1 925 3 view .LVU429
 926:Drivers/STM32L0xx_HAL_Driver/Src/stm32l0xx_hal_rcc_ex.c ****   assert_param(IS_RCC_CRS_SYNC_POLARITY(pInit->Polarity));
 1655              		.loc 1 926 3 view .LVU430
 927:Drivers/STM32L0xx_HAL_Driver/Src/stm32l0xx_hal_rcc_ex.c ****   assert_param(IS_RCC_CRS_RELOADVALUE(pInit->ReloadValue));
 1656              		.loc 1 927 3 view .LVU431
 928:Drivers/STM32L0xx_HAL_Driver/Src/stm32l0xx_hal_rcc_ex.c ****   assert_param(IS_RCC_CRS_ERRORLIMIT(pInit->ErrorLimitValue));
 1657              		.loc 1 928 3 view .LVU432
 929:Drivers/STM32L0xx_HAL_Driver/Src/stm32l0xx_hal_rcc_ex.c ****   assert_param(IS_RCC_CRS_HSI48CALIBRATION(pInit->HSI48CalibrationValue));
 1658              		.loc 1 929 3 view .LVU433
 930:Drivers/STM32L0xx_HAL_Driver/Src/stm32l0xx_hal_rcc_ex.c **** 
 931:Drivers/STM32L0xx_HAL_Driver/Src/stm32l0xx_hal_rcc_ex.c ****   /* CONFIGURATION */
 932:Drivers/STM32L0xx_HAL_Driver/Src/stm32l0xx_hal_rcc_ex.c **** 
 933:Drivers/STM32L0xx_HAL_Driver/Src/stm32l0xx_hal_rcc_ex.c ****   /* Before configuration, reset CRS registers to their default values*/
 934:Drivers/STM32L0xx_HAL_Driver/Src/stm32l0xx_hal_rcc_ex.c ****   __HAL_RCC_CRS_FORCE_RESET();
 1659              		.loc 1 934 3 view .LVU434
 1660 0000 104B     		ldr	r3, .L146
 1661 0002 996A     		ldr	r1, [r3, #40]
 1662 0004 8022     		movs	r2, #128
 1663 0006 1205     		lsls	r2, r2, #20
 1664 0008 0A43     		orrs	r2, r1
 1665 000a 9A62     		str	r2, [r3, #40]
 935:Drivers/STM32L0xx_HAL_Driver/Src/stm32l0xx_hal_rcc_ex.c ****   __HAL_RCC_CRS_RELEASE_RESET();
 1666              		.loc 1 935 3 view .LVU435
 1667 000c 9A6A     		ldr	r2, [r3, #40]
 1668 000e 0E49     		ldr	r1, .L146+4
 1669 0010 0A40     		ands	r2, r1
 1670 0012 9A62     		str	r2, [r3, #40]
 936:Drivers/STM32L0xx_HAL_Driver/Src/stm32l0xx_hal_rcc_ex.c **** 
 937:Drivers/STM32L0xx_HAL_Driver/Src/stm32l0xx_hal_rcc_ex.c ****   /* Set the SYNCDIV[2:0] bits according to Prescaler value */
 938:Drivers/STM32L0xx_HAL_Driver/Src/stm32l0xx_hal_rcc_ex.c ****   /* Set the SYNCSRC[1:0] bits according to Source value */
 939:Drivers/STM32L0xx_HAL_Driver/Src/stm32l0xx_hal_rcc_ex.c ****   /* Set the SYNCSPOL bit according to Polarity value */
 940:Drivers/STM32L0xx_HAL_Driver/Src/stm32l0xx_hal_rcc_ex.c ****   value = (pInit->Prescaler | pInit->Source | pInit->Polarity);
 1671              		.loc 1 940 3 view .LVU436
 1672              		.loc 1 940 17 is_stmt 0 view .LVU437
 1673 0014 0368     		ldr	r3, [r0]
 1674              		.loc 1 940 36 view .LVU438
 1675 0016 4268     		ldr	r2, [r0, #4]
 1676              		.loc 1 940 29 view .LVU439
 1677 0018 1343     		orrs	r3, r2
 1678              		.loc 1 940 52 view .LVU440
 1679 001a 8268     		ldr	r2, [r0, #8]
 1680              		.loc 1 940 9 view .LVU441
 1681 001c 1343     		orrs	r3, r2
 1682              	.LVL91:
 941:Drivers/STM32L0xx_HAL_Driver/Src/stm32l0xx_hal_rcc_ex.c ****   /* Set the RELOAD[15:0] bits according to ReloadValue value */
 942:Drivers/STM32L0xx_HAL_Driver/Src/stm32l0xx_hal_rcc_ex.c ****   value |= pInit->ReloadValue;
 1683              		.loc 1 942 3 is_stmt 1 view .LVU442
 1684              		.loc 1 942 17 is_stmt 0 view .LVU443
 1685 001e C268     		ldr	r2, [r0, #12]
ARM GAS  /var/folders/d7/pb3dkhys6j3db_qtp_8v34p80000gn/T//cceM8o88.s 			page 49


 1686              		.loc 1 942 9 view .LVU444
 1687 0020 1343     		orrs	r3, r2
 1688              	.LVL92:
 943:Drivers/STM32L0xx_HAL_Driver/Src/stm32l0xx_hal_rcc_ex.c ****   /* Set the FELIM[7:0] bits according to ErrorLimitValue value */
 944:Drivers/STM32L0xx_HAL_Driver/Src/stm32l0xx_hal_rcc_ex.c ****   value |= (pInit->ErrorLimitValue << CRS_CFGR_FELIM_Pos);
 1689              		.loc 1 944 3 is_stmt 1 view .LVU445
 1690              		.loc 1 944 18 is_stmt 0 view .LVU446
 1691 0022 0269     		ldr	r2, [r0, #16]
 1692              		.loc 1 944 36 view .LVU447
 1693 0024 1204     		lsls	r2, r2, #16
 1694              		.loc 1 944 9 view .LVU448
 1695 0026 1A43     		orrs	r2, r3
 1696              	.LVL93:
 945:Drivers/STM32L0xx_HAL_Driver/Src/stm32l0xx_hal_rcc_ex.c ****   WRITE_REG(CRS->CFGR, value);
 1697              		.loc 1 945 3 is_stmt 1 view .LVU449
 1698 0028 084B     		ldr	r3, .L146+8
 1699 002a 5A60     		str	r2, [r3, #4]
 946:Drivers/STM32L0xx_HAL_Driver/Src/stm32l0xx_hal_rcc_ex.c **** 
 947:Drivers/STM32L0xx_HAL_Driver/Src/stm32l0xx_hal_rcc_ex.c ****   /* Adjust HSI48 oscillator smooth trimming */
 948:Drivers/STM32L0xx_HAL_Driver/Src/stm32l0xx_hal_rcc_ex.c ****   /* Set the TRIM[5:0] bits according to RCC_CRS_HSI48CalibrationValue value */
 949:Drivers/STM32L0xx_HAL_Driver/Src/stm32l0xx_hal_rcc_ex.c ****   MODIFY_REG(CRS->CR, CRS_CR_TRIM, (pInit->HSI48CalibrationValue << CRS_CR_TRIM_Pos));
 1700              		.loc 1 949 3 view .LVU450
 1701 002c 1A68     		ldr	r2, [r3]
 1702              	.LVL94:
 1703              		.loc 1 949 3 is_stmt 0 view .LVU451
 1704 002e 0849     		ldr	r1, .L146+12
 1705 0030 0A40     		ands	r2, r1
 1706 0032 4169     		ldr	r1, [r0, #20]
 1707 0034 0902     		lsls	r1, r1, #8
 1708 0036 0A43     		orrs	r2, r1
 1709 0038 1A60     		str	r2, [r3]
 1710              	.LVL95:
 950:Drivers/STM32L0xx_HAL_Driver/Src/stm32l0xx_hal_rcc_ex.c **** 
 951:Drivers/STM32L0xx_HAL_Driver/Src/stm32l0xx_hal_rcc_ex.c ****   /* START AUTOMATIC SYNCHRONIZATION*/
 952:Drivers/STM32L0xx_HAL_Driver/Src/stm32l0xx_hal_rcc_ex.c **** 
 953:Drivers/STM32L0xx_HAL_Driver/Src/stm32l0xx_hal_rcc_ex.c ****   /* Enable Automatic trimming & Frequency error counter */
 954:Drivers/STM32L0xx_HAL_Driver/Src/stm32l0xx_hal_rcc_ex.c ****   SET_BIT(CRS->CR, CRS_CR_AUTOTRIMEN | CRS_CR_CEN);
 1711              		.loc 1 954 3 is_stmt 1 view .LVU452
 1712 003a 1A68     		ldr	r2, [r3]
 1713 003c 6021     		movs	r1, #96
 1714 003e 0A43     		orrs	r2, r1
 1715 0040 1A60     		str	r2, [r3]
 955:Drivers/STM32L0xx_HAL_Driver/Src/stm32l0xx_hal_rcc_ex.c **** }
 1716              		.loc 1 955 1 is_stmt 0 view .LVU453
 1717              		@ sp needed
 1718 0042 7047     		bx	lr
 1719              	.L147:
 1720              		.align	2
 1721              	.L146:
 1722 0044 00100240 		.word	1073876992
 1723 0048 FFFFFFF7 		.word	-134217729
 1724 004c 006C0040 		.word	1073769472
 1725 0050 FFC0FFFF 		.word	-16129
 1726              		.cfi_endproc
 1727              	.LFE57:
 1729              		.section	.text.HAL_RCCEx_CRSSoftwareSynchronizationGenerate,"ax",%progbits
 1730              		.align	1
ARM GAS  /var/folders/d7/pb3dkhys6j3db_qtp_8v34p80000gn/T//cceM8o88.s 			page 50


 1731              		.global	HAL_RCCEx_CRSSoftwareSynchronizationGenerate
 1732              		.syntax unified
 1733              		.code	16
 1734              		.thumb_func
 1736              	HAL_RCCEx_CRSSoftwareSynchronizationGenerate:
 1737              	.LFB58:
 956:Drivers/STM32L0xx_HAL_Driver/Src/stm32l0xx_hal_rcc_ex.c **** 
 957:Drivers/STM32L0xx_HAL_Driver/Src/stm32l0xx_hal_rcc_ex.c **** /**
 958:Drivers/STM32L0xx_HAL_Driver/Src/stm32l0xx_hal_rcc_ex.c ****   * @brief  Generate the software synchronization event
 959:Drivers/STM32L0xx_HAL_Driver/Src/stm32l0xx_hal_rcc_ex.c ****   * @retval None
 960:Drivers/STM32L0xx_HAL_Driver/Src/stm32l0xx_hal_rcc_ex.c ****   */
 961:Drivers/STM32L0xx_HAL_Driver/Src/stm32l0xx_hal_rcc_ex.c **** void HAL_RCCEx_CRSSoftwareSynchronizationGenerate(void)
 962:Drivers/STM32L0xx_HAL_Driver/Src/stm32l0xx_hal_rcc_ex.c **** {
 1738              		.loc 1 962 1 is_stmt 1 view -0
 1739              		.cfi_startproc
 1740              		@ args = 0, pretend = 0, frame = 0
 1741              		@ frame_needed = 0, uses_anonymous_args = 0
 1742              		@ link register save eliminated.
 963:Drivers/STM32L0xx_HAL_Driver/Src/stm32l0xx_hal_rcc_ex.c ****   SET_BIT(CRS->CR, CRS_CR_SWSYNC);
 1743              		.loc 1 963 3 view .LVU455
 1744 0000 024A     		ldr	r2, .L149
 1745 0002 1368     		ldr	r3, [r2]
 1746 0004 8021     		movs	r1, #128
 1747 0006 0B43     		orrs	r3, r1
 1748 0008 1360     		str	r3, [r2]
 964:Drivers/STM32L0xx_HAL_Driver/Src/stm32l0xx_hal_rcc_ex.c **** }
 1749              		.loc 1 964 1 is_stmt 0 view .LVU456
 1750              		@ sp needed
 1751 000a 7047     		bx	lr
 1752              	.L150:
 1753              		.align	2
 1754              	.L149:
 1755 000c 006C0040 		.word	1073769472
 1756              		.cfi_endproc
 1757              	.LFE58:
 1759              		.section	.text.HAL_RCCEx_CRSGetSynchronizationInfo,"ax",%progbits
 1760              		.align	1
 1761              		.global	HAL_RCCEx_CRSGetSynchronizationInfo
 1762              		.syntax unified
 1763              		.code	16
 1764              		.thumb_func
 1766              	HAL_RCCEx_CRSGetSynchronizationInfo:
 1767              	.LVL96:
 1768              	.LFB59:
 965:Drivers/STM32L0xx_HAL_Driver/Src/stm32l0xx_hal_rcc_ex.c **** 
 966:Drivers/STM32L0xx_HAL_Driver/Src/stm32l0xx_hal_rcc_ex.c **** /**
 967:Drivers/STM32L0xx_HAL_Driver/Src/stm32l0xx_hal_rcc_ex.c ****   * @brief  Return synchronization info
 968:Drivers/STM32L0xx_HAL_Driver/Src/stm32l0xx_hal_rcc_ex.c ****   * @param  pSynchroInfo Pointer on RCC_CRSSynchroInfoTypeDef structure
 969:Drivers/STM32L0xx_HAL_Driver/Src/stm32l0xx_hal_rcc_ex.c ****   * @retval None
 970:Drivers/STM32L0xx_HAL_Driver/Src/stm32l0xx_hal_rcc_ex.c ****   */
 971:Drivers/STM32L0xx_HAL_Driver/Src/stm32l0xx_hal_rcc_ex.c **** void HAL_RCCEx_CRSGetSynchronizationInfo(RCC_CRSSynchroInfoTypeDef *pSynchroInfo)
 972:Drivers/STM32L0xx_HAL_Driver/Src/stm32l0xx_hal_rcc_ex.c **** {
 1769              		.loc 1 972 1 is_stmt 1 view -0
 1770              		.cfi_startproc
 1771              		@ args = 0, pretend = 0, frame = 0
 1772              		@ frame_needed = 0, uses_anonymous_args = 0
 1773              		@ link register save eliminated.
ARM GAS  /var/folders/d7/pb3dkhys6j3db_qtp_8v34p80000gn/T//cceM8o88.s 			page 51


 973:Drivers/STM32L0xx_HAL_Driver/Src/stm32l0xx_hal_rcc_ex.c ****   /* Check the parameter */
 974:Drivers/STM32L0xx_HAL_Driver/Src/stm32l0xx_hal_rcc_ex.c ****   assert_param(pSynchroInfo != (void *)NULL);
 1774              		.loc 1 974 3 view .LVU458
 975:Drivers/STM32L0xx_HAL_Driver/Src/stm32l0xx_hal_rcc_ex.c **** 
 976:Drivers/STM32L0xx_HAL_Driver/Src/stm32l0xx_hal_rcc_ex.c ****   /* Get the reload value */
 977:Drivers/STM32L0xx_HAL_Driver/Src/stm32l0xx_hal_rcc_ex.c ****   pSynchroInfo->ReloadValue = (uint32_t)(READ_BIT(CRS->CFGR, CRS_CFGR_RELOAD));
 1775              		.loc 1 977 3 view .LVU459
 1776              		.loc 1 977 42 is_stmt 0 view .LVU460
 1777 0000 094A     		ldr	r2, .L152
 1778 0002 5368     		ldr	r3, [r2, #4]
 1779              		.loc 1 977 31 view .LVU461
 1780 0004 1B04     		lsls	r3, r3, #16
 1781 0006 1B0C     		lsrs	r3, r3, #16
 1782              		.loc 1 977 29 view .LVU462
 1783 0008 0360     		str	r3, [r0]
 978:Drivers/STM32L0xx_HAL_Driver/Src/stm32l0xx_hal_rcc_ex.c **** 
 979:Drivers/STM32L0xx_HAL_Driver/Src/stm32l0xx_hal_rcc_ex.c ****   /* Get HSI48 oscillator smooth trimming */
 980:Drivers/STM32L0xx_HAL_Driver/Src/stm32l0xx_hal_rcc_ex.c ****   pSynchroInfo->HSI48CalibrationValue = (uint32_t)(READ_BIT(CRS->CR, CRS_CR_TRIM) >> CRS_CR_TRIM_Po
 1784              		.loc 1 980 3 is_stmt 1 view .LVU463
 1785              		.loc 1 980 52 is_stmt 0 view .LVU464
 1786 000a 1168     		ldr	r1, [r2]
 1787              		.loc 1 980 41 view .LVU465
 1788 000c 090A     		lsrs	r1, r1, #8
 1789 000e 3F23     		movs	r3, #63
 1790 0010 0B40     		ands	r3, r1
 1791              		.loc 1 980 39 view .LVU466
 1792 0012 4360     		str	r3, [r0, #4]
 981:Drivers/STM32L0xx_HAL_Driver/Src/stm32l0xx_hal_rcc_ex.c **** 
 982:Drivers/STM32L0xx_HAL_Driver/Src/stm32l0xx_hal_rcc_ex.c ****   /* Get Frequency error capture */
 983:Drivers/STM32L0xx_HAL_Driver/Src/stm32l0xx_hal_rcc_ex.c ****   pSynchroInfo->FreqErrorCapture = (uint32_t)(READ_BIT(CRS->ISR, CRS_ISR_FECAP) >> CRS_ISR_FECAP_Po
 1793              		.loc 1 983 3 is_stmt 1 view .LVU467
 1794              		.loc 1 983 47 is_stmt 0 view .LVU468
 1795 0014 9368     		ldr	r3, [r2, #8]
 1796              		.loc 1 983 36 view .LVU469
 1797 0016 1B0C     		lsrs	r3, r3, #16
 1798              		.loc 1 983 34 view .LVU470
 1799 0018 8360     		str	r3, [r0, #8]
 984:Drivers/STM32L0xx_HAL_Driver/Src/stm32l0xx_hal_rcc_ex.c **** 
 985:Drivers/STM32L0xx_HAL_Driver/Src/stm32l0xx_hal_rcc_ex.c ****   /* Get Frequency error direction */
 986:Drivers/STM32L0xx_HAL_Driver/Src/stm32l0xx_hal_rcc_ex.c ****   pSynchroInfo->FreqErrorDirection = (uint32_t)(READ_BIT(CRS->ISR, CRS_ISR_FEDIR));
 1800              		.loc 1 986 3 is_stmt 1 view .LVU471
 1801              		.loc 1 986 49 is_stmt 0 view .LVU472
 1802 001a 9368     		ldr	r3, [r2, #8]
 1803              		.loc 1 986 38 view .LVU473
 1804 001c 8022     		movs	r2, #128
 1805 001e 1202     		lsls	r2, r2, #8
 1806 0020 1340     		ands	r3, r2
 1807              		.loc 1 986 36 view .LVU474
 1808 0022 C360     		str	r3, [r0, #12]
 987:Drivers/STM32L0xx_HAL_Driver/Src/stm32l0xx_hal_rcc_ex.c **** }
 1809              		.loc 1 987 1 view .LVU475
 1810              		@ sp needed
 1811 0024 7047     		bx	lr
 1812              	.L153:
 1813 0026 C046     		.align	2
 1814              	.L152:
 1815 0028 006C0040 		.word	1073769472
ARM GAS  /var/folders/d7/pb3dkhys6j3db_qtp_8v34p80000gn/T//cceM8o88.s 			page 52


 1816              		.cfi_endproc
 1817              	.LFE59:
 1819              		.section	.text.HAL_RCCEx_CRSWaitSynchronization,"ax",%progbits
 1820              		.align	1
 1821              		.global	HAL_RCCEx_CRSWaitSynchronization
 1822              		.syntax unified
 1823              		.code	16
 1824              		.thumb_func
 1826              	HAL_RCCEx_CRSWaitSynchronization:
 1827              	.LVL97:
 1828              	.LFB60:
 988:Drivers/STM32L0xx_HAL_Driver/Src/stm32l0xx_hal_rcc_ex.c **** 
 989:Drivers/STM32L0xx_HAL_Driver/Src/stm32l0xx_hal_rcc_ex.c **** /**
 990:Drivers/STM32L0xx_HAL_Driver/Src/stm32l0xx_hal_rcc_ex.c **** * @brief Wait for CRS Synchronization status.
 991:Drivers/STM32L0xx_HAL_Driver/Src/stm32l0xx_hal_rcc_ex.c **** * @param Timeout  Duration of the timeout
 992:Drivers/STM32L0xx_HAL_Driver/Src/stm32l0xx_hal_rcc_ex.c **** * @note  Timeout is based on the maximum time to receive a SYNC event based on synchronization
 993:Drivers/STM32L0xx_HAL_Driver/Src/stm32l0xx_hal_rcc_ex.c **** *        frequency.
 994:Drivers/STM32L0xx_HAL_Driver/Src/stm32l0xx_hal_rcc_ex.c **** * @note    If Timeout set to HAL_MAX_DELAY, HAL_TIMEOUT will be never returned.
 995:Drivers/STM32L0xx_HAL_Driver/Src/stm32l0xx_hal_rcc_ex.c **** * @retval Combination of Synchronization status
 996:Drivers/STM32L0xx_HAL_Driver/Src/stm32l0xx_hal_rcc_ex.c **** *          This parameter can be a combination of the following values:
 997:Drivers/STM32L0xx_HAL_Driver/Src/stm32l0xx_hal_rcc_ex.c **** *            @arg @ref RCC_CRS_TIMEOUT
 998:Drivers/STM32L0xx_HAL_Driver/Src/stm32l0xx_hal_rcc_ex.c **** *            @arg @ref RCC_CRS_SYNCOK
 999:Drivers/STM32L0xx_HAL_Driver/Src/stm32l0xx_hal_rcc_ex.c **** *            @arg @ref RCC_CRS_SYNCWARN
1000:Drivers/STM32L0xx_HAL_Driver/Src/stm32l0xx_hal_rcc_ex.c **** *            @arg @ref RCC_CRS_SYNCERR
1001:Drivers/STM32L0xx_HAL_Driver/Src/stm32l0xx_hal_rcc_ex.c **** *            @arg @ref RCC_CRS_SYNCMISS
1002:Drivers/STM32L0xx_HAL_Driver/Src/stm32l0xx_hal_rcc_ex.c **** *            @arg @ref RCC_CRS_TRIMOVF
1003:Drivers/STM32L0xx_HAL_Driver/Src/stm32l0xx_hal_rcc_ex.c **** */
1004:Drivers/STM32L0xx_HAL_Driver/Src/stm32l0xx_hal_rcc_ex.c **** uint32_t HAL_RCCEx_CRSWaitSynchronization(uint32_t Timeout)
1005:Drivers/STM32L0xx_HAL_Driver/Src/stm32l0xx_hal_rcc_ex.c **** {
 1829              		.loc 1 1005 1 is_stmt 1 view -0
 1830              		.cfi_startproc
 1831              		@ args = 0, pretend = 0, frame = 0
 1832              		@ frame_needed = 0, uses_anonymous_args = 0
 1833              		.loc 1 1005 1 is_stmt 0 view .LVU477
 1834 0000 70B5     		push	{r4, r5, r6, lr}
 1835              	.LCFI3:
 1836              		.cfi_def_cfa_offset 16
 1837              		.cfi_offset 4, -16
 1838              		.cfi_offset 5, -12
 1839              		.cfi_offset 6, -8
 1840              		.cfi_offset 14, -4
 1841 0002 0500     		movs	r5, r0
1006:Drivers/STM32L0xx_HAL_Driver/Src/stm32l0xx_hal_rcc_ex.c ****   uint32_t crsstatus = RCC_CRS_NONE;
 1842              		.loc 1 1006 3 is_stmt 1 view .LVU478
 1843              	.LVL98:
1007:Drivers/STM32L0xx_HAL_Driver/Src/stm32l0xx_hal_rcc_ex.c ****   uint32_t tickstart;
 1844              		.loc 1 1007 3 view .LVU479
1008:Drivers/STM32L0xx_HAL_Driver/Src/stm32l0xx_hal_rcc_ex.c **** 
1009:Drivers/STM32L0xx_HAL_Driver/Src/stm32l0xx_hal_rcc_ex.c ****   /* Get timeout */
1010:Drivers/STM32L0xx_HAL_Driver/Src/stm32l0xx_hal_rcc_ex.c ****   tickstart = HAL_GetTick();
 1845              		.loc 1 1010 3 view .LVU480
 1846              		.loc 1 1010 15 is_stmt 0 view .LVU481
 1847 0004 FFF7FEFF 		bl	HAL_GetTick
 1848              	.LVL99:
 1849              		.loc 1 1010 15 view .LVU482
 1850 0008 0600     		movs	r6, r0
 1851              	.LVL100:
ARM GAS  /var/folders/d7/pb3dkhys6j3db_qtp_8v34p80000gn/T//cceM8o88.s 			page 53


1006:Drivers/STM32L0xx_HAL_Driver/Src/stm32l0xx_hal_rcc_ex.c ****   uint32_t tickstart;
 1852              		.loc 1 1006 12 view .LVU483
 1853 000a 0024     		movs	r4, #0
 1854 000c 0CE0     		b	.L162
 1855              	.LVL101:
 1856              	.L173:
1011:Drivers/STM32L0xx_HAL_Driver/Src/stm32l0xx_hal_rcc_ex.c **** 
1012:Drivers/STM32L0xx_HAL_Driver/Src/stm32l0xx_hal_rcc_ex.c ****   /* Wait for CRS flag or timeout detection */
1013:Drivers/STM32L0xx_HAL_Driver/Src/stm32l0xx_hal_rcc_ex.c ****   do
1014:Drivers/STM32L0xx_HAL_Driver/Src/stm32l0xx_hal_rcc_ex.c ****   {
1015:Drivers/STM32L0xx_HAL_Driver/Src/stm32l0xx_hal_rcc_ex.c ****     if(Timeout != HAL_MAX_DELAY)
1016:Drivers/STM32L0xx_HAL_Driver/Src/stm32l0xx_hal_rcc_ex.c ****     {
1017:Drivers/STM32L0xx_HAL_Driver/Src/stm32l0xx_hal_rcc_ex.c ****       if(((HAL_GetTick() - tickstart) > Timeout) || (Timeout == 0U))
 1857              		.loc 1 1017 7 is_stmt 1 view .LVU484
 1858              		.loc 1 1017 12 is_stmt 0 view .LVU485
 1859 000e FFF7FEFF 		bl	HAL_GetTick
 1860              	.LVL102:
 1861              		.loc 1 1017 26 discriminator 1 view .LVU486
 1862 0012 801B     		subs	r0, r0, r6
 1863              		.loc 1 1017 9 discriminator 1 view .LVU487
 1864 0014 A842     		cmp	r0, r5
 1865 0016 03D8     		bhi	.L163
 1866              		.loc 1 1017 50 discriminator 1 view .LVU488
 1867 0018 002D     		cmp	r5, #0
 1868 001a 07D1     		bne	.L155
1018:Drivers/STM32L0xx_HAL_Driver/Src/stm32l0xx_hal_rcc_ex.c ****       {
1019:Drivers/STM32L0xx_HAL_Driver/Src/stm32l0xx_hal_rcc_ex.c ****         crsstatus = RCC_CRS_TIMEOUT;
 1869              		.loc 1 1019 19 view .LVU489
 1870 001c 0124     		movs	r4, #1
 1871              	.LVL103:
 1872              		.loc 1 1019 19 view .LVU490
 1873 001e 05E0     		b	.L155
 1874              	.LVL104:
 1875              	.L163:
 1876              		.loc 1 1019 19 view .LVU491
 1877 0020 0124     		movs	r4, #1
 1878              	.LVL105:
 1879              		.loc 1 1019 19 view .LVU492
 1880 0022 03E0     		b	.L155
 1881              	.LVL106:
 1882              	.L161:
1020:Drivers/STM32L0xx_HAL_Driver/Src/stm32l0xx_hal_rcc_ex.c ****       }
1021:Drivers/STM32L0xx_HAL_Driver/Src/stm32l0xx_hal_rcc_ex.c ****     }
1022:Drivers/STM32L0xx_HAL_Driver/Src/stm32l0xx_hal_rcc_ex.c ****     /* Check CRS SYNCOK flag  */
1023:Drivers/STM32L0xx_HAL_Driver/Src/stm32l0xx_hal_rcc_ex.c ****     if(__HAL_RCC_CRS_GET_FLAG(RCC_CRS_FLAG_SYNCOK))
1024:Drivers/STM32L0xx_HAL_Driver/Src/stm32l0xx_hal_rcc_ex.c ****     {
1025:Drivers/STM32L0xx_HAL_Driver/Src/stm32l0xx_hal_rcc_ex.c ****       /* CRS SYNC event OK */
1026:Drivers/STM32L0xx_HAL_Driver/Src/stm32l0xx_hal_rcc_ex.c ****       crsstatus |= RCC_CRS_SYNCOK;
1027:Drivers/STM32L0xx_HAL_Driver/Src/stm32l0xx_hal_rcc_ex.c **** 
1028:Drivers/STM32L0xx_HAL_Driver/Src/stm32l0xx_hal_rcc_ex.c ****       /* Clear CRS SYNC event OK bit */
1029:Drivers/STM32L0xx_HAL_Driver/Src/stm32l0xx_hal_rcc_ex.c ****       __HAL_RCC_CRS_CLEAR_FLAG(RCC_CRS_FLAG_SYNCOK);
1030:Drivers/STM32L0xx_HAL_Driver/Src/stm32l0xx_hal_rcc_ex.c ****     }
1031:Drivers/STM32L0xx_HAL_Driver/Src/stm32l0xx_hal_rcc_ex.c **** 
1032:Drivers/STM32L0xx_HAL_Driver/Src/stm32l0xx_hal_rcc_ex.c ****     /* Check CRS SYNCWARN flag  */
1033:Drivers/STM32L0xx_HAL_Driver/Src/stm32l0xx_hal_rcc_ex.c ****     if(__HAL_RCC_CRS_GET_FLAG(RCC_CRS_FLAG_SYNCWARN))
1034:Drivers/STM32L0xx_HAL_Driver/Src/stm32l0xx_hal_rcc_ex.c ****     {
1035:Drivers/STM32L0xx_HAL_Driver/Src/stm32l0xx_hal_rcc_ex.c ****       /* CRS SYNC warning */
ARM GAS  /var/folders/d7/pb3dkhys6j3db_qtp_8v34p80000gn/T//cceM8o88.s 			page 54


1036:Drivers/STM32L0xx_HAL_Driver/Src/stm32l0xx_hal_rcc_ex.c ****       crsstatus |= RCC_CRS_SYNCWARN;
1037:Drivers/STM32L0xx_HAL_Driver/Src/stm32l0xx_hal_rcc_ex.c **** 
1038:Drivers/STM32L0xx_HAL_Driver/Src/stm32l0xx_hal_rcc_ex.c ****       /* Clear CRS SYNCWARN bit */
1039:Drivers/STM32L0xx_HAL_Driver/Src/stm32l0xx_hal_rcc_ex.c ****       __HAL_RCC_CRS_CLEAR_FLAG(RCC_CRS_FLAG_SYNCWARN);
1040:Drivers/STM32L0xx_HAL_Driver/Src/stm32l0xx_hal_rcc_ex.c ****     }
1041:Drivers/STM32L0xx_HAL_Driver/Src/stm32l0xx_hal_rcc_ex.c **** 
1042:Drivers/STM32L0xx_HAL_Driver/Src/stm32l0xx_hal_rcc_ex.c ****     /* Check CRS TRIM overflow flag  */
1043:Drivers/STM32L0xx_HAL_Driver/Src/stm32l0xx_hal_rcc_ex.c ****     if(__HAL_RCC_CRS_GET_FLAG(RCC_CRS_FLAG_TRIMOVF))
1044:Drivers/STM32L0xx_HAL_Driver/Src/stm32l0xx_hal_rcc_ex.c ****     {
1045:Drivers/STM32L0xx_HAL_Driver/Src/stm32l0xx_hal_rcc_ex.c ****       /* CRS SYNC Error */
1046:Drivers/STM32L0xx_HAL_Driver/Src/stm32l0xx_hal_rcc_ex.c ****       crsstatus |= RCC_CRS_TRIMOVF;
1047:Drivers/STM32L0xx_HAL_Driver/Src/stm32l0xx_hal_rcc_ex.c **** 
1048:Drivers/STM32L0xx_HAL_Driver/Src/stm32l0xx_hal_rcc_ex.c ****       /* Clear CRS Error bit */
1049:Drivers/STM32L0xx_HAL_Driver/Src/stm32l0xx_hal_rcc_ex.c ****       __HAL_RCC_CRS_CLEAR_FLAG(RCC_CRS_FLAG_TRIMOVF);
1050:Drivers/STM32L0xx_HAL_Driver/Src/stm32l0xx_hal_rcc_ex.c ****     }
1051:Drivers/STM32L0xx_HAL_Driver/Src/stm32l0xx_hal_rcc_ex.c **** 
1052:Drivers/STM32L0xx_HAL_Driver/Src/stm32l0xx_hal_rcc_ex.c ****     /* Check CRS Error flag  */
1053:Drivers/STM32L0xx_HAL_Driver/Src/stm32l0xx_hal_rcc_ex.c ****     if(__HAL_RCC_CRS_GET_FLAG(RCC_CRS_FLAG_SYNCERR))
1054:Drivers/STM32L0xx_HAL_Driver/Src/stm32l0xx_hal_rcc_ex.c ****     {
1055:Drivers/STM32L0xx_HAL_Driver/Src/stm32l0xx_hal_rcc_ex.c ****       /* CRS SYNC Error */
1056:Drivers/STM32L0xx_HAL_Driver/Src/stm32l0xx_hal_rcc_ex.c ****       crsstatus |= RCC_CRS_SYNCERR;
1057:Drivers/STM32L0xx_HAL_Driver/Src/stm32l0xx_hal_rcc_ex.c **** 
1058:Drivers/STM32L0xx_HAL_Driver/Src/stm32l0xx_hal_rcc_ex.c ****       /* Clear CRS Error bit */
1059:Drivers/STM32L0xx_HAL_Driver/Src/stm32l0xx_hal_rcc_ex.c ****       __HAL_RCC_CRS_CLEAR_FLAG(RCC_CRS_FLAG_SYNCERR);
1060:Drivers/STM32L0xx_HAL_Driver/Src/stm32l0xx_hal_rcc_ex.c ****     }
1061:Drivers/STM32L0xx_HAL_Driver/Src/stm32l0xx_hal_rcc_ex.c **** 
1062:Drivers/STM32L0xx_HAL_Driver/Src/stm32l0xx_hal_rcc_ex.c ****     /* Check CRS SYNC Missed flag  */
1063:Drivers/STM32L0xx_HAL_Driver/Src/stm32l0xx_hal_rcc_ex.c ****     if(__HAL_RCC_CRS_GET_FLAG(RCC_CRS_FLAG_SYNCMISS))
1064:Drivers/STM32L0xx_HAL_Driver/Src/stm32l0xx_hal_rcc_ex.c ****     {
1065:Drivers/STM32L0xx_HAL_Driver/Src/stm32l0xx_hal_rcc_ex.c ****       /* CRS SYNC Missed */
1066:Drivers/STM32L0xx_HAL_Driver/Src/stm32l0xx_hal_rcc_ex.c ****       crsstatus |= RCC_CRS_SYNCMISS;
1067:Drivers/STM32L0xx_HAL_Driver/Src/stm32l0xx_hal_rcc_ex.c **** 
1068:Drivers/STM32L0xx_HAL_Driver/Src/stm32l0xx_hal_rcc_ex.c ****       /* Clear CRS SYNC Missed bit */
1069:Drivers/STM32L0xx_HAL_Driver/Src/stm32l0xx_hal_rcc_ex.c ****       __HAL_RCC_CRS_CLEAR_FLAG(RCC_CRS_FLAG_SYNCMISS);
1070:Drivers/STM32L0xx_HAL_Driver/Src/stm32l0xx_hal_rcc_ex.c ****     }
1071:Drivers/STM32L0xx_HAL_Driver/Src/stm32l0xx_hal_rcc_ex.c **** 
1072:Drivers/STM32L0xx_HAL_Driver/Src/stm32l0xx_hal_rcc_ex.c ****     /* Check CRS Expected SYNC flag  */
1073:Drivers/STM32L0xx_HAL_Driver/Src/stm32l0xx_hal_rcc_ex.c ****     if(__HAL_RCC_CRS_GET_FLAG(RCC_CRS_FLAG_ESYNC))
1074:Drivers/STM32L0xx_HAL_Driver/Src/stm32l0xx_hal_rcc_ex.c ****     {
1075:Drivers/STM32L0xx_HAL_Driver/Src/stm32l0xx_hal_rcc_ex.c ****       /* frequency error counter reached a zero value */
1076:Drivers/STM32L0xx_HAL_Driver/Src/stm32l0xx_hal_rcc_ex.c ****       __HAL_RCC_CRS_CLEAR_FLAG(RCC_CRS_FLAG_ESYNC);
 1883              		.loc 1 1076 7 is_stmt 1 view .LVU493
1077:Drivers/STM32L0xx_HAL_Driver/Src/stm32l0xx_hal_rcc_ex.c ****     }
1078:Drivers/STM32L0xx_HAL_Driver/Src/stm32l0xx_hal_rcc_ex.c ****   } while(RCC_CRS_NONE == crsstatus);
 1884              		.loc 1 1078 24 view .LVU494
 1885 0024 002C     		cmp	r4, #0
 1886 0026 36D1     		bne	.L172
 1887              	.LVL107:
 1888              	.L162:
1013:Drivers/STM32L0xx_HAL_Driver/Src/stm32l0xx_hal_rcc_ex.c ****   {
 1889              		.loc 1 1013 3 view .LVU495
1015:Drivers/STM32L0xx_HAL_Driver/Src/stm32l0xx_hal_rcc_ex.c ****     {
 1890              		.loc 1 1015 5 view .LVU496
1015:Drivers/STM32L0xx_HAL_Driver/Src/stm32l0xx_hal_rcc_ex.c ****     {
 1891              		.loc 1 1015 7 is_stmt 0 view .LVU497
 1892 0028 6B1C     		adds	r3, r5, #1
 1893 002a F0D1     		bne	.L173
ARM GAS  /var/folders/d7/pb3dkhys6j3db_qtp_8v34p80000gn/T//cceM8o88.s 			page 55


 1894              	.LVL108:
 1895              	.L155:
1023:Drivers/STM32L0xx_HAL_Driver/Src/stm32l0xx_hal_rcc_ex.c ****     {
 1896              		.loc 1 1023 5 is_stmt 1 view .LVU498
1023:Drivers/STM32L0xx_HAL_Driver/Src/stm32l0xx_hal_rcc_ex.c ****     {
 1897              		.loc 1 1023 8 is_stmt 0 view .LVU499
 1898 002c 1B4B     		ldr	r3, .L174
 1899 002e 9B68     		ldr	r3, [r3, #8]
1023:Drivers/STM32L0xx_HAL_Driver/Src/stm32l0xx_hal_rcc_ex.c ****     {
 1900              		.loc 1 1023 7 view .LVU500
 1901 0030 DB07     		lsls	r3, r3, #31
 1902 0032 04D5     		bpl	.L156
1026:Drivers/STM32L0xx_HAL_Driver/Src/stm32l0xx_hal_rcc_ex.c **** 
 1903              		.loc 1 1026 7 is_stmt 1 view .LVU501
1026:Drivers/STM32L0xx_HAL_Driver/Src/stm32l0xx_hal_rcc_ex.c **** 
 1904              		.loc 1 1026 17 is_stmt 0 view .LVU502
 1905 0034 0223     		movs	r3, #2
 1906 0036 1C43     		orrs	r4, r3
 1907              	.LVL109:
1029:Drivers/STM32L0xx_HAL_Driver/Src/stm32l0xx_hal_rcc_ex.c ****     }
 1908              		.loc 1 1029 7 is_stmt 1 view .LVU503
1029:Drivers/STM32L0xx_HAL_Driver/Src/stm32l0xx_hal_rcc_ex.c ****     }
 1909              		.loc 1 1029 7 view .LVU504
1029:Drivers/STM32L0xx_HAL_Driver/Src/stm32l0xx_hal_rcc_ex.c ****     }
 1910              		.loc 1 1029 7 discriminator 2 view .LVU505
 1911 0038 184B     		ldr	r3, .L174
 1912 003a 0122     		movs	r2, #1
 1913 003c DA60     		str	r2, [r3, #12]
 1914              	.L156:
1029:Drivers/STM32L0xx_HAL_Driver/Src/stm32l0xx_hal_rcc_ex.c ****     }
 1915              		.loc 1 1029 7 view .LVU506
1033:Drivers/STM32L0xx_HAL_Driver/Src/stm32l0xx_hal_rcc_ex.c ****     {
 1916              		.loc 1 1033 5 view .LVU507
1033:Drivers/STM32L0xx_HAL_Driver/Src/stm32l0xx_hal_rcc_ex.c ****     {
 1917              		.loc 1 1033 8 is_stmt 0 view .LVU508
 1918 003e 174B     		ldr	r3, .L174
 1919 0040 9B68     		ldr	r3, [r3, #8]
1033:Drivers/STM32L0xx_HAL_Driver/Src/stm32l0xx_hal_rcc_ex.c ****     {
 1920              		.loc 1 1033 7 view .LVU509
 1921 0042 9B07     		lsls	r3, r3, #30
 1922 0044 04D5     		bpl	.L157
1036:Drivers/STM32L0xx_HAL_Driver/Src/stm32l0xx_hal_rcc_ex.c **** 
 1923              		.loc 1 1036 7 is_stmt 1 view .LVU510
1036:Drivers/STM32L0xx_HAL_Driver/Src/stm32l0xx_hal_rcc_ex.c **** 
 1924              		.loc 1 1036 17 is_stmt 0 view .LVU511
 1925 0046 0423     		movs	r3, #4
 1926 0048 1C43     		orrs	r4, r3
 1927              	.LVL110:
1039:Drivers/STM32L0xx_HAL_Driver/Src/stm32l0xx_hal_rcc_ex.c ****     }
 1928              		.loc 1 1039 7 is_stmt 1 view .LVU512
1039:Drivers/STM32L0xx_HAL_Driver/Src/stm32l0xx_hal_rcc_ex.c ****     }
 1929              		.loc 1 1039 7 view .LVU513
1039:Drivers/STM32L0xx_HAL_Driver/Src/stm32l0xx_hal_rcc_ex.c ****     }
 1930              		.loc 1 1039 7 discriminator 2 view .LVU514
 1931 004a 144B     		ldr	r3, .L174
 1932 004c 0222     		movs	r2, #2
 1933 004e DA60     		str	r2, [r3, #12]
ARM GAS  /var/folders/d7/pb3dkhys6j3db_qtp_8v34p80000gn/T//cceM8o88.s 			page 56


 1934              	.L157:
1039:Drivers/STM32L0xx_HAL_Driver/Src/stm32l0xx_hal_rcc_ex.c ****     }
 1935              		.loc 1 1039 7 view .LVU515
1043:Drivers/STM32L0xx_HAL_Driver/Src/stm32l0xx_hal_rcc_ex.c ****     {
 1936              		.loc 1 1043 5 view .LVU516
1043:Drivers/STM32L0xx_HAL_Driver/Src/stm32l0xx_hal_rcc_ex.c ****     {
 1937              		.loc 1 1043 8 is_stmt 0 view .LVU517
 1938 0050 124B     		ldr	r3, .L174
 1939 0052 9B68     		ldr	r3, [r3, #8]
1043:Drivers/STM32L0xx_HAL_Driver/Src/stm32l0xx_hal_rcc_ex.c ****     {
 1940              		.loc 1 1043 7 view .LVU518
 1941 0054 5B05     		lsls	r3, r3, #21
 1942 0056 04D5     		bpl	.L158
1046:Drivers/STM32L0xx_HAL_Driver/Src/stm32l0xx_hal_rcc_ex.c **** 
 1943              		.loc 1 1046 7 is_stmt 1 view .LVU519
1046:Drivers/STM32L0xx_HAL_Driver/Src/stm32l0xx_hal_rcc_ex.c **** 
 1944              		.loc 1 1046 17 is_stmt 0 view .LVU520
 1945 0058 2023     		movs	r3, #32
 1946 005a 1C43     		orrs	r4, r3
 1947              	.LVL111:
1049:Drivers/STM32L0xx_HAL_Driver/Src/stm32l0xx_hal_rcc_ex.c ****     }
 1948              		.loc 1 1049 7 is_stmt 1 view .LVU521
1049:Drivers/STM32L0xx_HAL_Driver/Src/stm32l0xx_hal_rcc_ex.c ****     }
 1949              		.loc 1 1049 7 view .LVU522
1049:Drivers/STM32L0xx_HAL_Driver/Src/stm32l0xx_hal_rcc_ex.c ****     }
 1950              		.loc 1 1049 7 discriminator 1 view .LVU523
 1951 005c 0F4B     		ldr	r3, .L174
 1952 005e 0422     		movs	r2, #4
 1953 0060 DA60     		str	r2, [r3, #12]
 1954              	.L158:
1049:Drivers/STM32L0xx_HAL_Driver/Src/stm32l0xx_hal_rcc_ex.c ****     }
 1955              		.loc 1 1049 7 view .LVU524
1053:Drivers/STM32L0xx_HAL_Driver/Src/stm32l0xx_hal_rcc_ex.c ****     {
 1956              		.loc 1 1053 5 view .LVU525
1053:Drivers/STM32L0xx_HAL_Driver/Src/stm32l0xx_hal_rcc_ex.c ****     {
 1957              		.loc 1 1053 8 is_stmt 0 view .LVU526
 1958 0062 0E4B     		ldr	r3, .L174
 1959 0064 9B68     		ldr	r3, [r3, #8]
1053:Drivers/STM32L0xx_HAL_Driver/Src/stm32l0xx_hal_rcc_ex.c ****     {
 1960              		.loc 1 1053 7 view .LVU527
 1961 0066 DB05     		lsls	r3, r3, #23
 1962 0068 04D5     		bpl	.L159
1056:Drivers/STM32L0xx_HAL_Driver/Src/stm32l0xx_hal_rcc_ex.c **** 
 1963              		.loc 1 1056 7 is_stmt 1 view .LVU528
1056:Drivers/STM32L0xx_HAL_Driver/Src/stm32l0xx_hal_rcc_ex.c **** 
 1964              		.loc 1 1056 17 is_stmt 0 view .LVU529
 1965 006a 0823     		movs	r3, #8
 1966 006c 1C43     		orrs	r4, r3
 1967              	.LVL112:
1059:Drivers/STM32L0xx_HAL_Driver/Src/stm32l0xx_hal_rcc_ex.c ****     }
 1968              		.loc 1 1059 7 is_stmt 1 view .LVU530
1059:Drivers/STM32L0xx_HAL_Driver/Src/stm32l0xx_hal_rcc_ex.c ****     }
 1969              		.loc 1 1059 7 view .LVU531
1059:Drivers/STM32L0xx_HAL_Driver/Src/stm32l0xx_hal_rcc_ex.c ****     }
 1970              		.loc 1 1059 7 discriminator 1 view .LVU532
 1971 006e 0B4B     		ldr	r3, .L174
 1972 0070 0422     		movs	r2, #4
ARM GAS  /var/folders/d7/pb3dkhys6j3db_qtp_8v34p80000gn/T//cceM8o88.s 			page 57


 1973 0072 DA60     		str	r2, [r3, #12]
 1974              	.L159:
1059:Drivers/STM32L0xx_HAL_Driver/Src/stm32l0xx_hal_rcc_ex.c ****     }
 1975              		.loc 1 1059 7 view .LVU533
1063:Drivers/STM32L0xx_HAL_Driver/Src/stm32l0xx_hal_rcc_ex.c ****     {
 1976              		.loc 1 1063 5 view .LVU534
1063:Drivers/STM32L0xx_HAL_Driver/Src/stm32l0xx_hal_rcc_ex.c ****     {
 1977              		.loc 1 1063 8 is_stmt 0 view .LVU535
 1978 0074 094B     		ldr	r3, .L174
 1979 0076 9B68     		ldr	r3, [r3, #8]
1063:Drivers/STM32L0xx_HAL_Driver/Src/stm32l0xx_hal_rcc_ex.c ****     {
 1980              		.loc 1 1063 7 view .LVU536
 1981 0078 9B05     		lsls	r3, r3, #22
 1982 007a 04D5     		bpl	.L160
1066:Drivers/STM32L0xx_HAL_Driver/Src/stm32l0xx_hal_rcc_ex.c **** 
 1983              		.loc 1 1066 7 is_stmt 1 view .LVU537
1066:Drivers/STM32L0xx_HAL_Driver/Src/stm32l0xx_hal_rcc_ex.c **** 
 1984              		.loc 1 1066 17 is_stmt 0 view .LVU538
 1985 007c 1023     		movs	r3, #16
 1986 007e 1C43     		orrs	r4, r3
 1987              	.LVL113:
1069:Drivers/STM32L0xx_HAL_Driver/Src/stm32l0xx_hal_rcc_ex.c ****     }
 1988              		.loc 1 1069 7 is_stmt 1 view .LVU539
1069:Drivers/STM32L0xx_HAL_Driver/Src/stm32l0xx_hal_rcc_ex.c ****     }
 1989              		.loc 1 1069 7 view .LVU540
1069:Drivers/STM32L0xx_HAL_Driver/Src/stm32l0xx_hal_rcc_ex.c ****     }
 1990              		.loc 1 1069 7 discriminator 1 view .LVU541
 1991 0080 064B     		ldr	r3, .L174
 1992 0082 0422     		movs	r2, #4
 1993 0084 DA60     		str	r2, [r3, #12]
 1994              	.L160:
1069:Drivers/STM32L0xx_HAL_Driver/Src/stm32l0xx_hal_rcc_ex.c ****     }
 1995              		.loc 1 1069 7 view .LVU542
1073:Drivers/STM32L0xx_HAL_Driver/Src/stm32l0xx_hal_rcc_ex.c ****     {
 1996              		.loc 1 1073 5 view .LVU543
1073:Drivers/STM32L0xx_HAL_Driver/Src/stm32l0xx_hal_rcc_ex.c ****     {
 1997              		.loc 1 1073 8 is_stmt 0 view .LVU544
 1998 0086 054B     		ldr	r3, .L174
 1999 0088 9B68     		ldr	r3, [r3, #8]
1073:Drivers/STM32L0xx_HAL_Driver/Src/stm32l0xx_hal_rcc_ex.c ****     {
 2000              		.loc 1 1073 7 view .LVU545
 2001 008a 1B07     		lsls	r3, r3, #28
 2002 008c CAD5     		bpl	.L161
1076:Drivers/STM32L0xx_HAL_Driver/Src/stm32l0xx_hal_rcc_ex.c ****     }
 2003              		.loc 1 1076 7 is_stmt 1 view .LVU546
1076:Drivers/STM32L0xx_HAL_Driver/Src/stm32l0xx_hal_rcc_ex.c ****     }
 2004              		.loc 1 1076 7 view .LVU547
1076:Drivers/STM32L0xx_HAL_Driver/Src/stm32l0xx_hal_rcc_ex.c ****     }
 2005              		.loc 1 1076 7 discriminator 2 view .LVU548
 2006 008e 034B     		ldr	r3, .L174
 2007 0090 0822     		movs	r2, #8
 2008 0092 DA60     		str	r2, [r3, #12]
 2009 0094 C6E7     		b	.L161
 2010              	.L172:
1079:Drivers/STM32L0xx_HAL_Driver/Src/stm32l0xx_hal_rcc_ex.c **** 
1080:Drivers/STM32L0xx_HAL_Driver/Src/stm32l0xx_hal_rcc_ex.c ****   return crsstatus;
 2011              		.loc 1 1080 3 view .LVU549
ARM GAS  /var/folders/d7/pb3dkhys6j3db_qtp_8v34p80000gn/T//cceM8o88.s 			page 58


1081:Drivers/STM32L0xx_HAL_Driver/Src/stm32l0xx_hal_rcc_ex.c **** }
 2012              		.loc 1 1081 1 is_stmt 0 view .LVU550
 2013 0096 2000     		movs	r0, r4
 2014              		@ sp needed
 2015              	.LVL114:
 2016              	.LVL115:
 2017              	.LVL116:
 2018              		.loc 1 1081 1 view .LVU551
 2019 0098 70BD     		pop	{r4, r5, r6, pc}
 2020              	.L175:
 2021 009a C046     		.align	2
 2022              	.L174:
 2023 009c 006C0040 		.word	1073769472
 2024              		.cfi_endproc
 2025              	.LFE60:
 2027              		.section	.text.HAL_RCCEx_CRS_SyncOkCallback,"ax",%progbits
 2028              		.align	1
 2029              		.weak	HAL_RCCEx_CRS_SyncOkCallback
 2030              		.syntax unified
 2031              		.code	16
 2032              		.thumb_func
 2034              	HAL_RCCEx_CRS_SyncOkCallback:
 2035              	.LFB62:
1082:Drivers/STM32L0xx_HAL_Driver/Src/stm32l0xx_hal_rcc_ex.c **** 
1083:Drivers/STM32L0xx_HAL_Driver/Src/stm32l0xx_hal_rcc_ex.c **** /**
1084:Drivers/STM32L0xx_HAL_Driver/Src/stm32l0xx_hal_rcc_ex.c ****   * @brief Handle the Clock Recovery System interrupt request.
1085:Drivers/STM32L0xx_HAL_Driver/Src/stm32l0xx_hal_rcc_ex.c ****   * @retval None
1086:Drivers/STM32L0xx_HAL_Driver/Src/stm32l0xx_hal_rcc_ex.c ****   */
1087:Drivers/STM32L0xx_HAL_Driver/Src/stm32l0xx_hal_rcc_ex.c **** void HAL_RCCEx_CRS_IRQHandler(void)
1088:Drivers/STM32L0xx_HAL_Driver/Src/stm32l0xx_hal_rcc_ex.c **** {
1089:Drivers/STM32L0xx_HAL_Driver/Src/stm32l0xx_hal_rcc_ex.c ****   uint32_t crserror = RCC_CRS_NONE;
1090:Drivers/STM32L0xx_HAL_Driver/Src/stm32l0xx_hal_rcc_ex.c ****   /* Get current IT flags and IT sources values */
1091:Drivers/STM32L0xx_HAL_Driver/Src/stm32l0xx_hal_rcc_ex.c ****   uint32_t itflags = READ_REG(CRS->ISR);
1092:Drivers/STM32L0xx_HAL_Driver/Src/stm32l0xx_hal_rcc_ex.c ****   uint32_t itsources = READ_REG(CRS->CR);
1093:Drivers/STM32L0xx_HAL_Driver/Src/stm32l0xx_hal_rcc_ex.c **** 
1094:Drivers/STM32L0xx_HAL_Driver/Src/stm32l0xx_hal_rcc_ex.c ****   /* Check CRS SYNCOK flag  */
1095:Drivers/STM32L0xx_HAL_Driver/Src/stm32l0xx_hal_rcc_ex.c ****   if(((itflags & RCC_CRS_FLAG_SYNCOK) != 0U) && ((itsources & RCC_CRS_IT_SYNCOK) != 0U))
1096:Drivers/STM32L0xx_HAL_Driver/Src/stm32l0xx_hal_rcc_ex.c ****   {
1097:Drivers/STM32L0xx_HAL_Driver/Src/stm32l0xx_hal_rcc_ex.c ****     /* Clear CRS SYNC event OK flag */
1098:Drivers/STM32L0xx_HAL_Driver/Src/stm32l0xx_hal_rcc_ex.c ****     WRITE_REG(CRS->ICR, CRS_ICR_SYNCOKC);
1099:Drivers/STM32L0xx_HAL_Driver/Src/stm32l0xx_hal_rcc_ex.c **** 
1100:Drivers/STM32L0xx_HAL_Driver/Src/stm32l0xx_hal_rcc_ex.c ****     /* user callback */
1101:Drivers/STM32L0xx_HAL_Driver/Src/stm32l0xx_hal_rcc_ex.c ****     HAL_RCCEx_CRS_SyncOkCallback();
1102:Drivers/STM32L0xx_HAL_Driver/Src/stm32l0xx_hal_rcc_ex.c ****   }
1103:Drivers/STM32L0xx_HAL_Driver/Src/stm32l0xx_hal_rcc_ex.c ****   /* Check CRS SYNCWARN flag  */
1104:Drivers/STM32L0xx_HAL_Driver/Src/stm32l0xx_hal_rcc_ex.c ****   else if(((itflags & RCC_CRS_FLAG_SYNCWARN) != 0U) && ((itsources & RCC_CRS_IT_SYNCWARN) != 0U))
1105:Drivers/STM32L0xx_HAL_Driver/Src/stm32l0xx_hal_rcc_ex.c ****   {
1106:Drivers/STM32L0xx_HAL_Driver/Src/stm32l0xx_hal_rcc_ex.c ****     /* Clear CRS SYNCWARN flag */
1107:Drivers/STM32L0xx_HAL_Driver/Src/stm32l0xx_hal_rcc_ex.c ****     WRITE_REG(CRS->ICR, CRS_ICR_SYNCWARNC);
1108:Drivers/STM32L0xx_HAL_Driver/Src/stm32l0xx_hal_rcc_ex.c **** 
1109:Drivers/STM32L0xx_HAL_Driver/Src/stm32l0xx_hal_rcc_ex.c ****     /* user callback */
1110:Drivers/STM32L0xx_HAL_Driver/Src/stm32l0xx_hal_rcc_ex.c ****     HAL_RCCEx_CRS_SyncWarnCallback();
1111:Drivers/STM32L0xx_HAL_Driver/Src/stm32l0xx_hal_rcc_ex.c ****   }
1112:Drivers/STM32L0xx_HAL_Driver/Src/stm32l0xx_hal_rcc_ex.c ****   /* Check CRS Expected SYNC flag  */
1113:Drivers/STM32L0xx_HAL_Driver/Src/stm32l0xx_hal_rcc_ex.c ****   else if(((itflags & RCC_CRS_FLAG_ESYNC) != 0U) && ((itsources & RCC_CRS_IT_ESYNC) != 0U))
1114:Drivers/STM32L0xx_HAL_Driver/Src/stm32l0xx_hal_rcc_ex.c ****   {
1115:Drivers/STM32L0xx_HAL_Driver/Src/stm32l0xx_hal_rcc_ex.c ****     /* frequency error counter reached a zero value */
ARM GAS  /var/folders/d7/pb3dkhys6j3db_qtp_8v34p80000gn/T//cceM8o88.s 			page 59


1116:Drivers/STM32L0xx_HAL_Driver/Src/stm32l0xx_hal_rcc_ex.c ****     WRITE_REG(CRS->ICR, CRS_ICR_ESYNCC);
1117:Drivers/STM32L0xx_HAL_Driver/Src/stm32l0xx_hal_rcc_ex.c **** 
1118:Drivers/STM32L0xx_HAL_Driver/Src/stm32l0xx_hal_rcc_ex.c ****     /* user callback */
1119:Drivers/STM32L0xx_HAL_Driver/Src/stm32l0xx_hal_rcc_ex.c ****     HAL_RCCEx_CRS_ExpectedSyncCallback();
1120:Drivers/STM32L0xx_HAL_Driver/Src/stm32l0xx_hal_rcc_ex.c ****   }
1121:Drivers/STM32L0xx_HAL_Driver/Src/stm32l0xx_hal_rcc_ex.c ****   /* Check CRS Error flags  */
1122:Drivers/STM32L0xx_HAL_Driver/Src/stm32l0xx_hal_rcc_ex.c ****   else
1123:Drivers/STM32L0xx_HAL_Driver/Src/stm32l0xx_hal_rcc_ex.c ****   {
1124:Drivers/STM32L0xx_HAL_Driver/Src/stm32l0xx_hal_rcc_ex.c ****     if(((itflags & RCC_CRS_FLAG_ERR) != 0U) && ((itsources & RCC_CRS_IT_ERR) != 0U))
1125:Drivers/STM32L0xx_HAL_Driver/Src/stm32l0xx_hal_rcc_ex.c ****     {
1126:Drivers/STM32L0xx_HAL_Driver/Src/stm32l0xx_hal_rcc_ex.c ****       if((itflags & RCC_CRS_FLAG_SYNCERR) != 0U)
1127:Drivers/STM32L0xx_HAL_Driver/Src/stm32l0xx_hal_rcc_ex.c ****       {
1128:Drivers/STM32L0xx_HAL_Driver/Src/stm32l0xx_hal_rcc_ex.c ****         crserror |= RCC_CRS_SYNCERR;
1129:Drivers/STM32L0xx_HAL_Driver/Src/stm32l0xx_hal_rcc_ex.c ****       }
1130:Drivers/STM32L0xx_HAL_Driver/Src/stm32l0xx_hal_rcc_ex.c ****       if((itflags & RCC_CRS_FLAG_SYNCMISS) != 0U)
1131:Drivers/STM32L0xx_HAL_Driver/Src/stm32l0xx_hal_rcc_ex.c ****       {
1132:Drivers/STM32L0xx_HAL_Driver/Src/stm32l0xx_hal_rcc_ex.c ****         crserror |= RCC_CRS_SYNCMISS;
1133:Drivers/STM32L0xx_HAL_Driver/Src/stm32l0xx_hal_rcc_ex.c ****       }
1134:Drivers/STM32L0xx_HAL_Driver/Src/stm32l0xx_hal_rcc_ex.c ****       if((itflags & RCC_CRS_FLAG_TRIMOVF) != 0U)
1135:Drivers/STM32L0xx_HAL_Driver/Src/stm32l0xx_hal_rcc_ex.c ****       {
1136:Drivers/STM32L0xx_HAL_Driver/Src/stm32l0xx_hal_rcc_ex.c ****         crserror |= RCC_CRS_TRIMOVF;
1137:Drivers/STM32L0xx_HAL_Driver/Src/stm32l0xx_hal_rcc_ex.c ****       }
1138:Drivers/STM32L0xx_HAL_Driver/Src/stm32l0xx_hal_rcc_ex.c **** 
1139:Drivers/STM32L0xx_HAL_Driver/Src/stm32l0xx_hal_rcc_ex.c ****       /* Clear CRS Error flags */
1140:Drivers/STM32L0xx_HAL_Driver/Src/stm32l0xx_hal_rcc_ex.c ****       WRITE_REG(CRS->ICR, CRS_ICR_ERRC);
1141:Drivers/STM32L0xx_HAL_Driver/Src/stm32l0xx_hal_rcc_ex.c **** 
1142:Drivers/STM32L0xx_HAL_Driver/Src/stm32l0xx_hal_rcc_ex.c ****       /* user error callback */
1143:Drivers/STM32L0xx_HAL_Driver/Src/stm32l0xx_hal_rcc_ex.c ****       HAL_RCCEx_CRS_ErrorCallback(crserror);
1144:Drivers/STM32L0xx_HAL_Driver/Src/stm32l0xx_hal_rcc_ex.c ****     }
1145:Drivers/STM32L0xx_HAL_Driver/Src/stm32l0xx_hal_rcc_ex.c ****   }
1146:Drivers/STM32L0xx_HAL_Driver/Src/stm32l0xx_hal_rcc_ex.c **** }
1147:Drivers/STM32L0xx_HAL_Driver/Src/stm32l0xx_hal_rcc_ex.c **** 
1148:Drivers/STM32L0xx_HAL_Driver/Src/stm32l0xx_hal_rcc_ex.c **** /**
1149:Drivers/STM32L0xx_HAL_Driver/Src/stm32l0xx_hal_rcc_ex.c ****   * @brief  RCCEx Clock Recovery System SYNCOK interrupt callback.
1150:Drivers/STM32L0xx_HAL_Driver/Src/stm32l0xx_hal_rcc_ex.c ****   * @retval none
1151:Drivers/STM32L0xx_HAL_Driver/Src/stm32l0xx_hal_rcc_ex.c ****   */
1152:Drivers/STM32L0xx_HAL_Driver/Src/stm32l0xx_hal_rcc_ex.c **** __weak void HAL_RCCEx_CRS_SyncOkCallback(void)
1153:Drivers/STM32L0xx_HAL_Driver/Src/stm32l0xx_hal_rcc_ex.c **** {
 2036              		.loc 1 1153 1 is_stmt 1 view -0
 2037              		.cfi_startproc
 2038              		@ args = 0, pretend = 0, frame = 0
 2039              		@ frame_needed = 0, uses_anonymous_args = 0
 2040              		@ link register save eliminated.
1154:Drivers/STM32L0xx_HAL_Driver/Src/stm32l0xx_hal_rcc_ex.c ****   /* NOTE : This function should not be modified, when the callback is needed,
1155:Drivers/STM32L0xx_HAL_Driver/Src/stm32l0xx_hal_rcc_ex.c ****             the @ref HAL_RCCEx_CRS_SyncOkCallback should be implemented in the user file
1156:Drivers/STM32L0xx_HAL_Driver/Src/stm32l0xx_hal_rcc_ex.c ****    */
1157:Drivers/STM32L0xx_HAL_Driver/Src/stm32l0xx_hal_rcc_ex.c **** }
 2041              		.loc 1 1157 1 view .LVU553
 2042              		@ sp needed
 2043 0000 7047     		bx	lr
 2044              		.cfi_endproc
 2045              	.LFE62:
 2047              		.section	.text.HAL_RCCEx_CRS_SyncWarnCallback,"ax",%progbits
 2048              		.align	1
 2049              		.weak	HAL_RCCEx_CRS_SyncWarnCallback
 2050              		.syntax unified
 2051              		.code	16
ARM GAS  /var/folders/d7/pb3dkhys6j3db_qtp_8v34p80000gn/T//cceM8o88.s 			page 60


 2052              		.thumb_func
 2054              	HAL_RCCEx_CRS_SyncWarnCallback:
 2055              	.LFB63:
1158:Drivers/STM32L0xx_HAL_Driver/Src/stm32l0xx_hal_rcc_ex.c **** 
1159:Drivers/STM32L0xx_HAL_Driver/Src/stm32l0xx_hal_rcc_ex.c **** /**
1160:Drivers/STM32L0xx_HAL_Driver/Src/stm32l0xx_hal_rcc_ex.c ****   * @brief  RCCEx Clock Recovery System SYNCWARN interrupt callback.
1161:Drivers/STM32L0xx_HAL_Driver/Src/stm32l0xx_hal_rcc_ex.c ****   * @retval none
1162:Drivers/STM32L0xx_HAL_Driver/Src/stm32l0xx_hal_rcc_ex.c ****   */
1163:Drivers/STM32L0xx_HAL_Driver/Src/stm32l0xx_hal_rcc_ex.c **** __weak void HAL_RCCEx_CRS_SyncWarnCallback(void)
1164:Drivers/STM32L0xx_HAL_Driver/Src/stm32l0xx_hal_rcc_ex.c **** {
 2056              		.loc 1 1164 1 view -0
 2057              		.cfi_startproc
 2058              		@ args = 0, pretend = 0, frame = 0
 2059              		@ frame_needed = 0, uses_anonymous_args = 0
 2060              		@ link register save eliminated.
1165:Drivers/STM32L0xx_HAL_Driver/Src/stm32l0xx_hal_rcc_ex.c ****   /* NOTE : This function should not be modified, when the callback is needed,
1166:Drivers/STM32L0xx_HAL_Driver/Src/stm32l0xx_hal_rcc_ex.c ****             the @ref HAL_RCCEx_CRS_SyncWarnCallback should be implemented in the user file
1167:Drivers/STM32L0xx_HAL_Driver/Src/stm32l0xx_hal_rcc_ex.c ****    */
1168:Drivers/STM32L0xx_HAL_Driver/Src/stm32l0xx_hal_rcc_ex.c **** }
 2061              		.loc 1 1168 1 view .LVU555
 2062              		@ sp needed
 2063 0000 7047     		bx	lr
 2064              		.cfi_endproc
 2065              	.LFE63:
 2067              		.section	.text.HAL_RCCEx_CRS_ExpectedSyncCallback,"ax",%progbits
 2068              		.align	1
 2069              		.weak	HAL_RCCEx_CRS_ExpectedSyncCallback
 2070              		.syntax unified
 2071              		.code	16
 2072              		.thumb_func
 2074              	HAL_RCCEx_CRS_ExpectedSyncCallback:
 2075              	.LFB64:
1169:Drivers/STM32L0xx_HAL_Driver/Src/stm32l0xx_hal_rcc_ex.c **** 
1170:Drivers/STM32L0xx_HAL_Driver/Src/stm32l0xx_hal_rcc_ex.c **** /**
1171:Drivers/STM32L0xx_HAL_Driver/Src/stm32l0xx_hal_rcc_ex.c ****   * @brief  RCCEx Clock Recovery System Expected SYNC interrupt callback.
1172:Drivers/STM32L0xx_HAL_Driver/Src/stm32l0xx_hal_rcc_ex.c ****   * @retval none
1173:Drivers/STM32L0xx_HAL_Driver/Src/stm32l0xx_hal_rcc_ex.c ****   */
1174:Drivers/STM32L0xx_HAL_Driver/Src/stm32l0xx_hal_rcc_ex.c **** __weak void HAL_RCCEx_CRS_ExpectedSyncCallback(void)
1175:Drivers/STM32L0xx_HAL_Driver/Src/stm32l0xx_hal_rcc_ex.c **** {
 2076              		.loc 1 1175 1 view -0
 2077              		.cfi_startproc
 2078              		@ args = 0, pretend = 0, frame = 0
 2079              		@ frame_needed = 0, uses_anonymous_args = 0
 2080              		@ link register save eliminated.
1176:Drivers/STM32L0xx_HAL_Driver/Src/stm32l0xx_hal_rcc_ex.c ****   /* NOTE : This function should not be modified, when the callback is needed,
1177:Drivers/STM32L0xx_HAL_Driver/Src/stm32l0xx_hal_rcc_ex.c ****             the @ref HAL_RCCEx_CRS_ExpectedSyncCallback should be implemented in the user file
1178:Drivers/STM32L0xx_HAL_Driver/Src/stm32l0xx_hal_rcc_ex.c ****    */
1179:Drivers/STM32L0xx_HAL_Driver/Src/stm32l0xx_hal_rcc_ex.c **** }
 2081              		.loc 1 1179 1 view .LVU557
 2082              		@ sp needed
 2083 0000 7047     		bx	lr
 2084              		.cfi_endproc
 2085              	.LFE64:
 2087              		.section	.text.HAL_RCCEx_CRS_ErrorCallback,"ax",%progbits
 2088              		.align	1
 2089              		.weak	HAL_RCCEx_CRS_ErrorCallback
 2090              		.syntax unified
ARM GAS  /var/folders/d7/pb3dkhys6j3db_qtp_8v34p80000gn/T//cceM8o88.s 			page 61


 2091              		.code	16
 2092              		.thumb_func
 2094              	HAL_RCCEx_CRS_ErrorCallback:
 2095              	.LVL117:
 2096              	.LFB65:
1180:Drivers/STM32L0xx_HAL_Driver/Src/stm32l0xx_hal_rcc_ex.c **** 
1181:Drivers/STM32L0xx_HAL_Driver/Src/stm32l0xx_hal_rcc_ex.c **** /**
1182:Drivers/STM32L0xx_HAL_Driver/Src/stm32l0xx_hal_rcc_ex.c ****   * @brief  RCCEx Clock Recovery System Error interrupt callback.
1183:Drivers/STM32L0xx_HAL_Driver/Src/stm32l0xx_hal_rcc_ex.c ****   * @param  Error Combination of Error status.
1184:Drivers/STM32L0xx_HAL_Driver/Src/stm32l0xx_hal_rcc_ex.c ****   *         This parameter can be a combination of the following values:
1185:Drivers/STM32L0xx_HAL_Driver/Src/stm32l0xx_hal_rcc_ex.c ****   *           @arg @ref RCC_CRS_SYNCERR
1186:Drivers/STM32L0xx_HAL_Driver/Src/stm32l0xx_hal_rcc_ex.c ****   *           @arg @ref RCC_CRS_SYNCMISS
1187:Drivers/STM32L0xx_HAL_Driver/Src/stm32l0xx_hal_rcc_ex.c ****   *           @arg @ref RCC_CRS_TRIMOVF
1188:Drivers/STM32L0xx_HAL_Driver/Src/stm32l0xx_hal_rcc_ex.c ****   * @retval none
1189:Drivers/STM32L0xx_HAL_Driver/Src/stm32l0xx_hal_rcc_ex.c ****   */
1190:Drivers/STM32L0xx_HAL_Driver/Src/stm32l0xx_hal_rcc_ex.c **** __weak void HAL_RCCEx_CRS_ErrorCallback(uint32_t Error)
1191:Drivers/STM32L0xx_HAL_Driver/Src/stm32l0xx_hal_rcc_ex.c **** {
 2097              		.loc 1 1191 1 view -0
 2098              		.cfi_startproc
 2099              		@ args = 0, pretend = 0, frame = 0
 2100              		@ frame_needed = 0, uses_anonymous_args = 0
 2101              		@ link register save eliminated.
1192:Drivers/STM32L0xx_HAL_Driver/Src/stm32l0xx_hal_rcc_ex.c ****   /* Prevent unused argument(s) compilation warning */
1193:Drivers/STM32L0xx_HAL_Driver/Src/stm32l0xx_hal_rcc_ex.c ****   UNUSED(Error);
 2102              		.loc 1 1193 3 view .LVU559
1194:Drivers/STM32L0xx_HAL_Driver/Src/stm32l0xx_hal_rcc_ex.c **** 
1195:Drivers/STM32L0xx_HAL_Driver/Src/stm32l0xx_hal_rcc_ex.c ****   /* NOTE : This function should not be modified, when the callback is needed,
1196:Drivers/STM32L0xx_HAL_Driver/Src/stm32l0xx_hal_rcc_ex.c ****             the @ref HAL_RCCEx_CRS_ErrorCallback should be implemented in the user file
1197:Drivers/STM32L0xx_HAL_Driver/Src/stm32l0xx_hal_rcc_ex.c ****    */
1198:Drivers/STM32L0xx_HAL_Driver/Src/stm32l0xx_hal_rcc_ex.c **** }
 2103              		.loc 1 1198 1 is_stmt 0 view .LVU560
 2104              		@ sp needed
 2105 0000 7047     		bx	lr
 2106              		.cfi_endproc
 2107              	.LFE65:
 2109              		.section	.text.HAL_RCCEx_CRS_IRQHandler,"ax",%progbits
 2110              		.align	1
 2111              		.global	HAL_RCCEx_CRS_IRQHandler
 2112              		.syntax unified
 2113              		.code	16
 2114              		.thumb_func
 2116              	HAL_RCCEx_CRS_IRQHandler:
 2117              	.LFB61:
1088:Drivers/STM32L0xx_HAL_Driver/Src/stm32l0xx_hal_rcc_ex.c ****   uint32_t crserror = RCC_CRS_NONE;
 2118              		.loc 1 1088 1 is_stmt 1 view -0
 2119              		.cfi_startproc
 2120              		@ args = 0, pretend = 0, frame = 0
 2121              		@ frame_needed = 0, uses_anonymous_args = 0
 2122 0000 10B5     		push	{r4, lr}
 2123              	.LCFI4:
 2124              		.cfi_def_cfa_offset 8
 2125              		.cfi_offset 4, -8
 2126              		.cfi_offset 14, -4
1089:Drivers/STM32L0xx_HAL_Driver/Src/stm32l0xx_hal_rcc_ex.c ****   /* Get current IT flags and IT sources values */
 2127              		.loc 1 1089 3 view .LVU562
 2128              	.LVL118:
1091:Drivers/STM32L0xx_HAL_Driver/Src/stm32l0xx_hal_rcc_ex.c ****   uint32_t itsources = READ_REG(CRS->CR);
ARM GAS  /var/folders/d7/pb3dkhys6j3db_qtp_8v34p80000gn/T//cceM8o88.s 			page 62


 2129              		.loc 1 1091 3 view .LVU563
1091:Drivers/STM32L0xx_HAL_Driver/Src/stm32l0xx_hal_rcc_ex.c ****   uint32_t itsources = READ_REG(CRS->CR);
 2130              		.loc 1 1091 12 is_stmt 0 view .LVU564
 2131 0002 1D4A     		ldr	r2, .L202
 2132 0004 9368     		ldr	r3, [r2, #8]
 2133              	.LVL119:
1092:Drivers/STM32L0xx_HAL_Driver/Src/stm32l0xx_hal_rcc_ex.c **** 
 2134              		.loc 1 1092 3 is_stmt 1 view .LVU565
1092:Drivers/STM32L0xx_HAL_Driver/Src/stm32l0xx_hal_rcc_ex.c **** 
 2135              		.loc 1 1092 12 is_stmt 0 view .LVU566
 2136 0006 1268     		ldr	r2, [r2]
 2137              	.LVL120:
1095:Drivers/STM32L0xx_HAL_Driver/Src/stm32l0xx_hal_rcc_ex.c ****   {
 2138              		.loc 1 1095 3 is_stmt 1 view .LVU567
1095:Drivers/STM32L0xx_HAL_Driver/Src/stm32l0xx_hal_rcc_ex.c ****   {
 2139              		.loc 1 1095 5 is_stmt 0 view .LVU568
 2140 0008 D907     		lsls	r1, r3, #31
 2141 000a 01D5     		bpl	.L181
1095:Drivers/STM32L0xx_HAL_Driver/Src/stm32l0xx_hal_rcc_ex.c ****   {
 2142              		.loc 1 1095 46 discriminator 1 view .LVU569
 2143 000c D107     		lsls	r1, r2, #31
 2144 000e 20D4     		bmi	.L199
 2145              	.L181:
1104:Drivers/STM32L0xx_HAL_Driver/Src/stm32l0xx_hal_rcc_ex.c ****   {
 2146              		.loc 1 1104 8 is_stmt 1 view .LVU570
1104:Drivers/STM32L0xx_HAL_Driver/Src/stm32l0xx_hal_rcc_ex.c ****   {
 2147              		.loc 1 1104 10 is_stmt 0 view .LVU571
 2148 0010 9907     		lsls	r1, r3, #30
 2149 0012 01D5     		bpl	.L183
1104:Drivers/STM32L0xx_HAL_Driver/Src/stm32l0xx_hal_rcc_ex.c ****   {
 2150              		.loc 1 1104 53 discriminator 1 view .LVU572
 2151 0014 9107     		lsls	r1, r2, #30
 2152 0016 22D4     		bmi	.L200
 2153              	.L183:
1113:Drivers/STM32L0xx_HAL_Driver/Src/stm32l0xx_hal_rcc_ex.c ****   {
 2154              		.loc 1 1113 8 is_stmt 1 view .LVU573
1113:Drivers/STM32L0xx_HAL_Driver/Src/stm32l0xx_hal_rcc_ex.c ****   {
 2155              		.loc 1 1113 10 is_stmt 0 view .LVU574
 2156 0018 1907     		lsls	r1, r3, #28
 2157 001a 01D5     		bpl	.L184
1113:Drivers/STM32L0xx_HAL_Driver/Src/stm32l0xx_hal_rcc_ex.c ****   {
 2158              		.loc 1 1113 50 discriminator 1 view .LVU575
 2159 001c 1107     		lsls	r1, r2, #28
 2160 001e 24D4     		bmi	.L201
 2161              	.L184:
1124:Drivers/STM32L0xx_HAL_Driver/Src/stm32l0xx_hal_rcc_ex.c ****     {
 2162              		.loc 1 1124 5 is_stmt 1 view .LVU576
1124:Drivers/STM32L0xx_HAL_Driver/Src/stm32l0xx_hal_rcc_ex.c ****     {
 2163              		.loc 1 1124 7 is_stmt 0 view .LVU577
 2164 0020 5907     		lsls	r1, r3, #29
 2165 0022 1BD5     		bpl	.L180
1124:Drivers/STM32L0xx_HAL_Driver/Src/stm32l0xx_hal_rcc_ex.c ****     {
 2166              		.loc 1 1124 45 discriminator 1 view .LVU578
 2167 0024 5207     		lsls	r2, r2, #29
 2168 0026 19D5     		bpl	.L180
 2169              	.LVL121:
1126:Drivers/STM32L0xx_HAL_Driver/Src/stm32l0xx_hal_rcc_ex.c ****       {
ARM GAS  /var/folders/d7/pb3dkhys6j3db_qtp_8v34p80000gn/T//cceM8o88.s 			page 63


 2170              		.loc 1 1126 7 is_stmt 1 view .LVU579
1126:Drivers/STM32L0xx_HAL_Driver/Src/stm32l0xx_hal_rcc_ex.c ****       {
 2171              		.loc 1 1126 19 is_stmt 0 view .LVU580
 2172 0028 8022     		movs	r2, #128
 2173 002a 5200     		lsls	r2, r2, #1
 2174 002c 1800     		movs	r0, r3
 2175 002e 1040     		ands	r0, r2
1126:Drivers/STM32L0xx_HAL_Driver/Src/stm32l0xx_hal_rcc_ex.c ****       {
 2176              		.loc 1 1126 9 view .LVU581
 2177 0030 1342     		tst	r3, r2
 2178 0032 00D0     		beq	.L185
1128:Drivers/STM32L0xx_HAL_Driver/Src/stm32l0xx_hal_rcc_ex.c ****       }
 2179              		.loc 1 1128 18 view .LVU582
 2180 0034 0820     		movs	r0, #8
 2181              	.L185:
 2182              	.LVL122:
1130:Drivers/STM32L0xx_HAL_Driver/Src/stm32l0xx_hal_rcc_ex.c ****       {
 2183              		.loc 1 1130 7 is_stmt 1 view .LVU583
1130:Drivers/STM32L0xx_HAL_Driver/Src/stm32l0xx_hal_rcc_ex.c ****       {
 2184              		.loc 1 1130 9 is_stmt 0 view .LVU584
 2185 0036 9A05     		lsls	r2, r3, #22
 2186 0038 01D5     		bpl	.L186
1132:Drivers/STM32L0xx_HAL_Driver/Src/stm32l0xx_hal_rcc_ex.c ****       }
 2187              		.loc 1 1132 9 is_stmt 1 view .LVU585
1132:Drivers/STM32L0xx_HAL_Driver/Src/stm32l0xx_hal_rcc_ex.c ****       }
 2188              		.loc 1 1132 18 is_stmt 0 view .LVU586
 2189 003a 1022     		movs	r2, #16
 2190 003c 1043     		orrs	r0, r2
 2191              	.LVL123:
 2192              	.L186:
1134:Drivers/STM32L0xx_HAL_Driver/Src/stm32l0xx_hal_rcc_ex.c ****       {
 2193              		.loc 1 1134 7 is_stmt 1 view .LVU587
1134:Drivers/STM32L0xx_HAL_Driver/Src/stm32l0xx_hal_rcc_ex.c ****       {
 2194              		.loc 1 1134 9 is_stmt 0 view .LVU588
 2195 003e 5B05     		lsls	r3, r3, #21
 2196 0040 01D5     		bpl	.L187
 2197              	.LVL124:
1136:Drivers/STM32L0xx_HAL_Driver/Src/stm32l0xx_hal_rcc_ex.c ****       }
 2198              		.loc 1 1136 9 is_stmt 1 view .LVU589
1136:Drivers/STM32L0xx_HAL_Driver/Src/stm32l0xx_hal_rcc_ex.c ****       }
 2199              		.loc 1 1136 18 is_stmt 0 view .LVU590
 2200 0042 2023     		movs	r3, #32
 2201 0044 1843     		orrs	r0, r3
 2202              	.LVL125:
 2203              	.L187:
1140:Drivers/STM32L0xx_HAL_Driver/Src/stm32l0xx_hal_rcc_ex.c **** 
 2204              		.loc 1 1140 7 is_stmt 1 view .LVU591
 2205 0046 0C4B     		ldr	r3, .L202
 2206 0048 0422     		movs	r2, #4
 2207 004a DA60     		str	r2, [r3, #12]
1143:Drivers/STM32L0xx_HAL_Driver/Src/stm32l0xx_hal_rcc_ex.c ****     }
 2208              		.loc 1 1143 7 view .LVU592
 2209 004c FFF7FEFF 		bl	HAL_RCCEx_CRS_ErrorCallback
 2210              	.LVL126:
1146:Drivers/STM32L0xx_HAL_Driver/Src/stm32l0xx_hal_rcc_ex.c **** 
 2211              		.loc 1 1146 1 is_stmt 0 view .LVU593
 2212 0050 04E0     		b	.L180
ARM GAS  /var/folders/d7/pb3dkhys6j3db_qtp_8v34p80000gn/T//cceM8o88.s 			page 64


 2213              	.LVL127:
 2214              	.L199:
1098:Drivers/STM32L0xx_HAL_Driver/Src/stm32l0xx_hal_rcc_ex.c **** 
 2215              		.loc 1 1098 5 is_stmt 1 view .LVU594
 2216 0052 094B     		ldr	r3, .L202
 2217              	.LVL128:
1098:Drivers/STM32L0xx_HAL_Driver/Src/stm32l0xx_hal_rcc_ex.c **** 
 2218              		.loc 1 1098 5 is_stmt 0 view .LVU595
 2219 0054 0122     		movs	r2, #1
 2220              	.LVL129:
1098:Drivers/STM32L0xx_HAL_Driver/Src/stm32l0xx_hal_rcc_ex.c **** 
 2221              		.loc 1 1098 5 view .LVU596
 2222 0056 DA60     		str	r2, [r3, #12]
1101:Drivers/STM32L0xx_HAL_Driver/Src/stm32l0xx_hal_rcc_ex.c ****   }
 2223              		.loc 1 1101 5 is_stmt 1 view .LVU597
 2224 0058 FFF7FEFF 		bl	HAL_RCCEx_CRS_SyncOkCallback
 2225              	.LVL130:
 2226              	.L180:
1146:Drivers/STM32L0xx_HAL_Driver/Src/stm32l0xx_hal_rcc_ex.c **** 
 2227              		.loc 1 1146 1 is_stmt 0 view .LVU598
 2228              		@ sp needed
 2229 005c 10BD     		pop	{r4, pc}
 2230              	.LVL131:
 2231              	.L200:
1107:Drivers/STM32L0xx_HAL_Driver/Src/stm32l0xx_hal_rcc_ex.c **** 
 2232              		.loc 1 1107 5 is_stmt 1 view .LVU599
 2233 005e 064B     		ldr	r3, .L202
 2234              	.LVL132:
1107:Drivers/STM32L0xx_HAL_Driver/Src/stm32l0xx_hal_rcc_ex.c **** 
 2235              		.loc 1 1107 5 is_stmt 0 view .LVU600
 2236 0060 0222     		movs	r2, #2
 2237              	.LVL133:
1107:Drivers/STM32L0xx_HAL_Driver/Src/stm32l0xx_hal_rcc_ex.c **** 
 2238              		.loc 1 1107 5 view .LVU601
 2239 0062 DA60     		str	r2, [r3, #12]
1110:Drivers/STM32L0xx_HAL_Driver/Src/stm32l0xx_hal_rcc_ex.c ****   }
 2240              		.loc 1 1110 5 is_stmt 1 view .LVU602
 2241 0064 FFF7FEFF 		bl	HAL_RCCEx_CRS_SyncWarnCallback
 2242              	.LVL134:
 2243 0068 F8E7     		b	.L180
 2244              	.LVL135:
 2245              	.L201:
1116:Drivers/STM32L0xx_HAL_Driver/Src/stm32l0xx_hal_rcc_ex.c **** 
 2246              		.loc 1 1116 5 view .LVU603
 2247 006a 034B     		ldr	r3, .L202
 2248              	.LVL136:
1116:Drivers/STM32L0xx_HAL_Driver/Src/stm32l0xx_hal_rcc_ex.c **** 
 2249              		.loc 1 1116 5 is_stmt 0 view .LVU604
 2250 006c 0822     		movs	r2, #8
 2251              	.LVL137:
1116:Drivers/STM32L0xx_HAL_Driver/Src/stm32l0xx_hal_rcc_ex.c **** 
 2252              		.loc 1 1116 5 view .LVU605
 2253 006e DA60     		str	r2, [r3, #12]
1119:Drivers/STM32L0xx_HAL_Driver/Src/stm32l0xx_hal_rcc_ex.c ****   }
 2254              		.loc 1 1119 5 is_stmt 1 view .LVU606
 2255 0070 FFF7FEFF 		bl	HAL_RCCEx_CRS_ExpectedSyncCallback
 2256              	.LVL138:
ARM GAS  /var/folders/d7/pb3dkhys6j3db_qtp_8v34p80000gn/T//cceM8o88.s 			page 65


 2257 0074 F2E7     		b	.L180
 2258              	.L203:
 2259 0076 C046     		.align	2
 2260              	.L202:
 2261 0078 006C0040 		.word	1073769472
 2262              		.cfi_endproc
 2263              	.LFE61:
 2265              		.text
 2266              	.Letext0:
 2267              		.file 2 "/Applications/ArmGNUToolchain/14.3.rel1/arm-none-eabi/arm-none-eabi/include/machine/_defa
 2268              		.file 3 "/Applications/ArmGNUToolchain/14.3.rel1/arm-none-eabi/arm-none-eabi/include/sys/_stdint.h
 2269              		.file 4 "Drivers/CMSIS/Device/ST/STM32L0xx/Include/stm32l053xx.h"
 2270              		.file 5 "Drivers/CMSIS/Device/ST/STM32L0xx/Include/stm32l0xx.h"
 2271              		.file 6 "Drivers/STM32L0xx_HAL_Driver/Inc/stm32l0xx_hal_def.h"
 2272              		.file 7 "Drivers/STM32L0xx_HAL_Driver/Inc/stm32l0xx_hal_rcc_ex.h"
 2273              		.file 8 "Drivers/STM32L0xx_HAL_Driver/Inc/stm32l0xx_hal_rcc.h"
 2274              		.file 9 "Drivers/STM32L0xx_HAL_Driver/Inc/stm32l0xx_hal.h"
 2275              		.file 10 "Drivers/CMSIS/Device/ST/STM32L0xx/Include/system_stm32l0xx.h"
ARM GAS  /var/folders/d7/pb3dkhys6j3db_qtp_8v34p80000gn/T//cceM8o88.s 			page 66


DEFINED SYMBOLS
                            *ABS*:00000000 stm32l0xx_hal_rcc_ex.c
/var/folders/d7/pb3dkhys6j3db_qtp_8v34p80000gn/T//cceM8o88.s:19     .text.HAL_RCCEx_PeriphCLKConfig:00000000 $t
/var/folders/d7/pb3dkhys6j3db_qtp_8v34p80000gn/T//cceM8o88.s:25     .text.HAL_RCCEx_PeriphCLKConfig:00000000 HAL_RCCEx_PeriphCLKConfig
/var/folders/d7/pb3dkhys6j3db_qtp_8v34p80000gn/T//cceM8o88.s:512    .text.HAL_RCCEx_PeriphCLKConfig:00000214 $d
/var/folders/d7/pb3dkhys6j3db_qtp_8v34p80000gn/T//cceM8o88.s:527    .text.HAL_RCCEx_GetPeriphCLKConfig:00000000 $t
/var/folders/d7/pb3dkhys6j3db_qtp_8v34p80000gn/T//cceM8o88.s:533    .text.HAL_RCCEx_GetPeriphCLKConfig:00000000 HAL_RCCEx_GetPeriphCLKConfig
/var/folders/d7/pb3dkhys6j3db_qtp_8v34p80000gn/T//cceM8o88.s:657    .text.HAL_RCCEx_GetPeriphCLKConfig:0000007c $d
/var/folders/d7/pb3dkhys6j3db_qtp_8v34p80000gn/T//cceM8o88.s:663    .text.HAL_RCCEx_GetPeriphCLKFreq:00000000 $t
/var/folders/d7/pb3dkhys6j3db_qtp_8v34p80000gn/T//cceM8o88.s:669    .text.HAL_RCCEx_GetPeriphCLKFreq:00000000 HAL_RCCEx_GetPeriphCLKFreq
/var/folders/d7/pb3dkhys6j3db_qtp_8v34p80000gn/T//cceM8o88.s:705    .rodata.HAL_RCCEx_GetPeriphCLKFreq:00000000 $d
/var/folders/d7/pb3dkhys6j3db_qtp_8v34p80000gn/T//cceM8o88.s:1380   .text.HAL_RCCEx_GetPeriphCLKFreq:000002bc $d
/var/folders/d7/pb3dkhys6j3db_qtp_8v34p80000gn/T//cceM8o88.s:1395   .text.HAL_RCCEx_EnableLSECSS:00000000 $t
/var/folders/d7/pb3dkhys6j3db_qtp_8v34p80000gn/T//cceM8o88.s:1401   .text.HAL_RCCEx_EnableLSECSS:00000000 HAL_RCCEx_EnableLSECSS
/var/folders/d7/pb3dkhys6j3db_qtp_8v34p80000gn/T//cceM8o88.s:1421   .text.HAL_RCCEx_EnableLSECSS:00000010 $d
/var/folders/d7/pb3dkhys6j3db_qtp_8v34p80000gn/T//cceM8o88.s:1426   .text.HAL_RCCEx_DisableLSECSS:00000000 $t
/var/folders/d7/pb3dkhys6j3db_qtp_8v34p80000gn/T//cceM8o88.s:1432   .text.HAL_RCCEx_DisableLSECSS:00000000 HAL_RCCEx_DisableLSECSS
/var/folders/d7/pb3dkhys6j3db_qtp_8v34p80000gn/T//cceM8o88.s:1456   .text.HAL_RCCEx_DisableLSECSS:00000014 $d
/var/folders/d7/pb3dkhys6j3db_qtp_8v34p80000gn/T//cceM8o88.s:1462   .text.HAL_RCCEx_EnableLSECSS_IT:00000000 $t
/var/folders/d7/pb3dkhys6j3db_qtp_8v34p80000gn/T//cceM8o88.s:1468   .text.HAL_RCCEx_EnableLSECSS_IT:00000000 HAL_RCCEx_EnableLSECSS_IT
/var/folders/d7/pb3dkhys6j3db_qtp_8v34p80000gn/T//cceM8o88.s:1504   .text.HAL_RCCEx_EnableLSECSS_IT:00000028 $d
/var/folders/d7/pb3dkhys6j3db_qtp_8v34p80000gn/T//cceM8o88.s:1510   .text.HAL_RCCEx_LSECSS_Callback:00000000 $t
/var/folders/d7/pb3dkhys6j3db_qtp_8v34p80000gn/T//cceM8o88.s:1516   .text.HAL_RCCEx_LSECSS_Callback:00000000 HAL_RCCEx_LSECSS_Callback
/var/folders/d7/pb3dkhys6j3db_qtp_8v34p80000gn/T//cceM8o88.s:1530   .text.HAL_RCCEx_LSECSS_IRQHandler:00000000 $t
/var/folders/d7/pb3dkhys6j3db_qtp_8v34p80000gn/T//cceM8o88.s:1536   .text.HAL_RCCEx_LSECSS_IRQHandler:00000000 HAL_RCCEx_LSECSS_IRQHandler
/var/folders/d7/pb3dkhys6j3db_qtp_8v34p80000gn/T//cceM8o88.s:1571   .text.HAL_RCCEx_LSECSS_IRQHandler:00000018 $d
/var/folders/d7/pb3dkhys6j3db_qtp_8v34p80000gn/T//cceM8o88.s:1576   .text.HAL_RCCEx_EnableHSI48_VREFINT:00000000 $t
/var/folders/d7/pb3dkhys6j3db_qtp_8v34p80000gn/T//cceM8o88.s:1582   .text.HAL_RCCEx_EnableHSI48_VREFINT:00000000 HAL_RCCEx_EnableHSI48_VREFINT
/var/folders/d7/pb3dkhys6j3db_qtp_8v34p80000gn/T//cceM8o88.s:1602   .text.HAL_RCCEx_EnableHSI48_VREFINT:00000010 $d
/var/folders/d7/pb3dkhys6j3db_qtp_8v34p80000gn/T//cceM8o88.s:1607   .text.HAL_RCCEx_DisableHSI48_VREFINT:00000000 $t
/var/folders/d7/pb3dkhys6j3db_qtp_8v34p80000gn/T//cceM8o88.s:1613   .text.HAL_RCCEx_DisableHSI48_VREFINT:00000000 HAL_RCCEx_DisableHSI48_VREFINT
/var/folders/d7/pb3dkhys6j3db_qtp_8v34p80000gn/T//cceM8o88.s:1632   .text.HAL_RCCEx_DisableHSI48_VREFINT:0000000c $d
/var/folders/d7/pb3dkhys6j3db_qtp_8v34p80000gn/T//cceM8o88.s:1638   .text.HAL_RCCEx_CRSConfig:00000000 $t
/var/folders/d7/pb3dkhys6j3db_qtp_8v34p80000gn/T//cceM8o88.s:1644   .text.HAL_RCCEx_CRSConfig:00000000 HAL_RCCEx_CRSConfig
/var/folders/d7/pb3dkhys6j3db_qtp_8v34p80000gn/T//cceM8o88.s:1722   .text.HAL_RCCEx_CRSConfig:00000044 $d
/var/folders/d7/pb3dkhys6j3db_qtp_8v34p80000gn/T//cceM8o88.s:1730   .text.HAL_RCCEx_CRSSoftwareSynchronizationGenerate:00000000 $t
/var/folders/d7/pb3dkhys6j3db_qtp_8v34p80000gn/T//cceM8o88.s:1736   .text.HAL_RCCEx_CRSSoftwareSynchronizationGenerate:00000000 HAL_RCCEx_CRSSoftwareSynchronizationGenerate
/var/folders/d7/pb3dkhys6j3db_qtp_8v34p80000gn/T//cceM8o88.s:1755   .text.HAL_RCCEx_CRSSoftwareSynchronizationGenerate:0000000c $d
/var/folders/d7/pb3dkhys6j3db_qtp_8v34p80000gn/T//cceM8o88.s:1760   .text.HAL_RCCEx_CRSGetSynchronizationInfo:00000000 $t
/var/folders/d7/pb3dkhys6j3db_qtp_8v34p80000gn/T//cceM8o88.s:1766   .text.HAL_RCCEx_CRSGetSynchronizationInfo:00000000 HAL_RCCEx_CRSGetSynchronizationInfo
/var/folders/d7/pb3dkhys6j3db_qtp_8v34p80000gn/T//cceM8o88.s:1815   .text.HAL_RCCEx_CRSGetSynchronizationInfo:00000028 $d
/var/folders/d7/pb3dkhys6j3db_qtp_8v34p80000gn/T//cceM8o88.s:1820   .text.HAL_RCCEx_CRSWaitSynchronization:00000000 $t
/var/folders/d7/pb3dkhys6j3db_qtp_8v34p80000gn/T//cceM8o88.s:1826   .text.HAL_RCCEx_CRSWaitSynchronization:00000000 HAL_RCCEx_CRSWaitSynchronization
/var/folders/d7/pb3dkhys6j3db_qtp_8v34p80000gn/T//cceM8o88.s:2023   .text.HAL_RCCEx_CRSWaitSynchronization:0000009c $d
/var/folders/d7/pb3dkhys6j3db_qtp_8v34p80000gn/T//cceM8o88.s:2028   .text.HAL_RCCEx_CRS_SyncOkCallback:00000000 $t
/var/folders/d7/pb3dkhys6j3db_qtp_8v34p80000gn/T//cceM8o88.s:2034   .text.HAL_RCCEx_CRS_SyncOkCallback:00000000 HAL_RCCEx_CRS_SyncOkCallback
/var/folders/d7/pb3dkhys6j3db_qtp_8v34p80000gn/T//cceM8o88.s:2048   .text.HAL_RCCEx_CRS_SyncWarnCallback:00000000 $t
/var/folders/d7/pb3dkhys6j3db_qtp_8v34p80000gn/T//cceM8o88.s:2054   .text.HAL_RCCEx_CRS_SyncWarnCallback:00000000 HAL_RCCEx_CRS_SyncWarnCallback
/var/folders/d7/pb3dkhys6j3db_qtp_8v34p80000gn/T//cceM8o88.s:2068   .text.HAL_RCCEx_CRS_ExpectedSyncCallback:00000000 $t
/var/folders/d7/pb3dkhys6j3db_qtp_8v34p80000gn/T//cceM8o88.s:2074   .text.HAL_RCCEx_CRS_ExpectedSyncCallback:00000000 HAL_RCCEx_CRS_ExpectedSyncCallback
/var/folders/d7/pb3dkhys6j3db_qtp_8v34p80000gn/T//cceM8o88.s:2088   .text.HAL_RCCEx_CRS_ErrorCallback:00000000 $t
/var/folders/d7/pb3dkhys6j3db_qtp_8v34p80000gn/T//cceM8o88.s:2094   .text.HAL_RCCEx_CRS_ErrorCallback:00000000 HAL_RCCEx_CRS_ErrorCallback
/var/folders/d7/pb3dkhys6j3db_qtp_8v34p80000gn/T//cceM8o88.s:2110   .text.HAL_RCCEx_CRS_IRQHandler:00000000 $t
/var/folders/d7/pb3dkhys6j3db_qtp_8v34p80000gn/T//cceM8o88.s:2116   .text.HAL_RCCEx_CRS_IRQHandler:00000000 HAL_RCCEx_CRS_IRQHandler
/var/folders/d7/pb3dkhys6j3db_qtp_8v34p80000gn/T//cceM8o88.s:2261   .text.HAL_RCCEx_CRS_IRQHandler:00000078 $d

UNDEFINED SYMBOLS
ARM GAS  /var/folders/d7/pb3dkhys6j3db_qtp_8v34p80000gn/T//cceM8o88.s 			page 67


HAL_GetTick
__aeabi_uidiv
HAL_RCC_GetPCLK2Freq
HAL_RCC_GetSysClockFreq
HAL_RCC_GetPCLK1Freq
PLLMulTable
