ARM GAS  /var/folders/d7/pb3dkhys6j3db_qtp_8v34p80000gn/T//ccNR0MRk.s 			page 1


   1              		.cpu cortex-m0plus
   2              		.arch armv6s-m
   3              		.fpu softvfp
   4              		.eabi_attribute 20, 1
   5              		.eabi_attribute 21, 1
   6              		.eabi_attribute 23, 3
   7              		.eabi_attribute 24, 1
   8              		.eabi_attribute 25, 1
   9              		.eabi_attribute 26, 1
  10              		.eabi_attribute 30, 1
  11              		.eabi_attribute 34, 0
  12              		.eabi_attribute 18, 4
  13              		.file	"stm32l0xx_hal_dac_ex.c"
  14              		.text
  15              	.Ltext0:
  16              		.cfi_sections	.debug_frame
  17              		.file 1 "Drivers/STM32L0xx_HAL_Driver/Src/stm32l0xx_hal_dac_ex.c"
  18              		.section	.text.DAC_DMAErrorCh1,"ax",%progbits
  19              		.align	1
  20              		.syntax unified
  21              		.code	16
  22              		.thumb_func
  24              	DAC_DMAErrorCh1:
  25              	.LVL0:
  26              	.LFB57:
   1:Drivers/STM32L0xx_HAL_Driver/Src/stm32l0xx_hal_dac_ex.c **** /**
   2:Drivers/STM32L0xx_HAL_Driver/Src/stm32l0xx_hal_dac_ex.c ****   ******************************************************************************
   3:Drivers/STM32L0xx_HAL_Driver/Src/stm32l0xx_hal_dac_ex.c ****   * @file    stm32l0xx_hal_dac_ex.c
   4:Drivers/STM32L0xx_HAL_Driver/Src/stm32l0xx_hal_dac_ex.c ****   * @author  MCD Application Team
   5:Drivers/STM32L0xx_HAL_Driver/Src/stm32l0xx_hal_dac_ex.c ****   * @brief   Extended DAC HAL module driver.
   6:Drivers/STM32L0xx_HAL_Driver/Src/stm32l0xx_hal_dac_ex.c ****   *          This file provides firmware functions to manage the following
   7:Drivers/STM32L0xx_HAL_Driver/Src/stm32l0xx_hal_dac_ex.c ****   *          functionalities of DAC extension peripheral:
   8:Drivers/STM32L0xx_HAL_Driver/Src/stm32l0xx_hal_dac_ex.c ****   *           + Extended features functions
   9:Drivers/STM32L0xx_HAL_Driver/Src/stm32l0xx_hal_dac_ex.c ****   *     
  10:Drivers/STM32L0xx_HAL_Driver/Src/stm32l0xx_hal_dac_ex.c ****   *
  11:Drivers/STM32L0xx_HAL_Driver/Src/stm32l0xx_hal_dac_ex.c ****   ******************************************************************************
  12:Drivers/STM32L0xx_HAL_Driver/Src/stm32l0xx_hal_dac_ex.c ****   * @attention
  13:Drivers/STM32L0xx_HAL_Driver/Src/stm32l0xx_hal_dac_ex.c ****   *
  14:Drivers/STM32L0xx_HAL_Driver/Src/stm32l0xx_hal_dac_ex.c ****   * Copyright (c) 2016 STMicroelectronics.
  15:Drivers/STM32L0xx_HAL_Driver/Src/stm32l0xx_hal_dac_ex.c ****   * All rights reserved.
  16:Drivers/STM32L0xx_HAL_Driver/Src/stm32l0xx_hal_dac_ex.c ****   *
  17:Drivers/STM32L0xx_HAL_Driver/Src/stm32l0xx_hal_dac_ex.c ****   * This software is licensed under terms that can be found in the LICENSE file
  18:Drivers/STM32L0xx_HAL_Driver/Src/stm32l0xx_hal_dac_ex.c ****   * in the root directory of this software component.
  19:Drivers/STM32L0xx_HAL_Driver/Src/stm32l0xx_hal_dac_ex.c ****   * If no LICENSE file comes with this software, it is provided AS-IS.
  20:Drivers/STM32L0xx_HAL_Driver/Src/stm32l0xx_hal_dac_ex.c ****   *
  21:Drivers/STM32L0xx_HAL_Driver/Src/stm32l0xx_hal_dac_ex.c ****   ******************************************************************************
  22:Drivers/STM32L0xx_HAL_Driver/Src/stm32l0xx_hal_dac_ex.c ****   @verbatim
  23:Drivers/STM32L0xx_HAL_Driver/Src/stm32l0xx_hal_dac_ex.c ****   ==============================================================================
  24:Drivers/STM32L0xx_HAL_Driver/Src/stm32l0xx_hal_dac_ex.c ****                       ##### How to use this driver #####
  25:Drivers/STM32L0xx_HAL_Driver/Src/stm32l0xx_hal_dac_ex.c ****   ==============================================================================
  26:Drivers/STM32L0xx_HAL_Driver/Src/stm32l0xx_hal_dac_ex.c ****     [..]          
  27:Drivers/STM32L0xx_HAL_Driver/Src/stm32l0xx_hal_dac_ex.c ****       (+) When Dual mode is enabled (i.e DAC Channel1 and Channel2 are used simultaneously) :
  28:Drivers/STM32L0xx_HAL_Driver/Src/stm32l0xx_hal_dac_ex.c ****           Use HAL_DACEx_DualGetValue() to get digital data to be converted and use
  29:Drivers/STM32L0xx_HAL_Driver/Src/stm32l0xx_hal_dac_ex.c ****           HAL_DACEx_DualSetValue() to set digital value to converted simultaneously in Channel 1 an
  30:Drivers/STM32L0xx_HAL_Driver/Src/stm32l0xx_hal_dac_ex.c ****       (+) Use HAL_DACEx_TriangleWaveGenerate() to generate Triangle signal.
  31:Drivers/STM32L0xx_HAL_Driver/Src/stm32l0xx_hal_dac_ex.c ****       (+) Use HAL_DACEx_NoiseWaveGenerate() to generate Noise signal.
  32:Drivers/STM32L0xx_HAL_Driver/Src/stm32l0xx_hal_dac_ex.c ****   
ARM GAS  /var/folders/d7/pb3dkhys6j3db_qtp_8v34p80000gn/T//ccNR0MRk.s 			page 2


  33:Drivers/STM32L0xx_HAL_Driver/Src/stm32l0xx_hal_dac_ex.c ****  @endverbatim
  34:Drivers/STM32L0xx_HAL_Driver/Src/stm32l0xx_hal_dac_ex.c ****   ******************************************************************************
  35:Drivers/STM32L0xx_HAL_Driver/Src/stm32l0xx_hal_dac_ex.c ****   */
  36:Drivers/STM32L0xx_HAL_Driver/Src/stm32l0xx_hal_dac_ex.c **** 
  37:Drivers/STM32L0xx_HAL_Driver/Src/stm32l0xx_hal_dac_ex.c **** 
  38:Drivers/STM32L0xx_HAL_Driver/Src/stm32l0xx_hal_dac_ex.c **** #if !defined (STM32L010xB) && !defined (STM32L010x8) && !defined (STM32L010x6) && !defined (STM32L0
  39:Drivers/STM32L0xx_HAL_Driver/Src/stm32l0xx_hal_dac_ex.c **** /* Includes ------------------------------------------------------------------*/
  40:Drivers/STM32L0xx_HAL_Driver/Src/stm32l0xx_hal_dac_ex.c **** #include "stm32l0xx_hal.h"
  41:Drivers/STM32L0xx_HAL_Driver/Src/stm32l0xx_hal_dac_ex.c **** 
  42:Drivers/STM32L0xx_HAL_Driver/Src/stm32l0xx_hal_dac_ex.c **** #ifdef HAL_DAC_MODULE_ENABLED
  43:Drivers/STM32L0xx_HAL_Driver/Src/stm32l0xx_hal_dac_ex.c **** /** @addtogroup STM32L0xx_HAL_Driver
  44:Drivers/STM32L0xx_HAL_Driver/Src/stm32l0xx_hal_dac_ex.c ****   * @{
  45:Drivers/STM32L0xx_HAL_Driver/Src/stm32l0xx_hal_dac_ex.c ****   */
  46:Drivers/STM32L0xx_HAL_Driver/Src/stm32l0xx_hal_dac_ex.c **** 
  47:Drivers/STM32L0xx_HAL_Driver/Src/stm32l0xx_hal_dac_ex.c **** /** @addtogroup DACEx DACEx
  48:Drivers/STM32L0xx_HAL_Driver/Src/stm32l0xx_hal_dac_ex.c ****   * @brief DAC driver modules
  49:Drivers/STM32L0xx_HAL_Driver/Src/stm32l0xx_hal_dac_ex.c ****   * @{
  50:Drivers/STM32L0xx_HAL_Driver/Src/stm32l0xx_hal_dac_ex.c ****   */
  51:Drivers/STM32L0xx_HAL_Driver/Src/stm32l0xx_hal_dac_ex.c **** 
  52:Drivers/STM32L0xx_HAL_Driver/Src/stm32l0xx_hal_dac_ex.c **** /** @addtogroup DACEx_Private
  53:Drivers/STM32L0xx_HAL_Driver/Src/stm32l0xx_hal_dac_ex.c ****   * @{
  54:Drivers/STM32L0xx_HAL_Driver/Src/stm32l0xx_hal_dac_ex.c ****   */
  55:Drivers/STM32L0xx_HAL_Driver/Src/stm32l0xx_hal_dac_ex.c **** 
  56:Drivers/STM32L0xx_HAL_Driver/Src/stm32l0xx_hal_dac_ex.c **** /* Private typedef -----------------------------------------------------------*/
  57:Drivers/STM32L0xx_HAL_Driver/Src/stm32l0xx_hal_dac_ex.c **** /* Private define ------------------------------------------------------------*/
  58:Drivers/STM32L0xx_HAL_Driver/Src/stm32l0xx_hal_dac_ex.c **** /* Private macro -------------------------------------------------------------*/
  59:Drivers/STM32L0xx_HAL_Driver/Src/stm32l0xx_hal_dac_ex.c **** /* Private variables ---------------------------------------------------------*/
  60:Drivers/STM32L0xx_HAL_Driver/Src/stm32l0xx_hal_dac_ex.c **** /* Private function prototypes -----------------------------------------------*/
  61:Drivers/STM32L0xx_HAL_Driver/Src/stm32l0xx_hal_dac_ex.c **** /* Private functions ---------------------------------------------------------*/
  62:Drivers/STM32L0xx_HAL_Driver/Src/stm32l0xx_hal_dac_ex.c **** 
  63:Drivers/STM32L0xx_HAL_Driver/Src/stm32l0xx_hal_dac_ex.c **** #if defined (STM32L072xx) || defined (STM32L073xx) || defined (STM32L082xx) || defined (STM32L083xx
  64:Drivers/STM32L0xx_HAL_Driver/Src/stm32l0xx_hal_dac_ex.c **** static void DAC_DMAConvCpltCh2(DMA_HandleTypeDef *hdma);
  65:Drivers/STM32L0xx_HAL_Driver/Src/stm32l0xx_hal_dac_ex.c **** static void DAC_DMAErrorCh2(DMA_HandleTypeDef *hdma);
  66:Drivers/STM32L0xx_HAL_Driver/Src/stm32l0xx_hal_dac_ex.c **** static void DAC_DMAHalfConvCpltCh2(DMA_HandleTypeDef *hdma); 
  67:Drivers/STM32L0xx_HAL_Driver/Src/stm32l0xx_hal_dac_ex.c **** #endif
  68:Drivers/STM32L0xx_HAL_Driver/Src/stm32l0xx_hal_dac_ex.c **** static void DAC_DMAConvCpltCh1(DMA_HandleTypeDef *hdma);
  69:Drivers/STM32L0xx_HAL_Driver/Src/stm32l0xx_hal_dac_ex.c **** static void DAC_DMAErrorCh1(DMA_HandleTypeDef *hdma);
  70:Drivers/STM32L0xx_HAL_Driver/Src/stm32l0xx_hal_dac_ex.c **** static void DAC_DMAHalfConvCpltCh1(DMA_HandleTypeDef *hdma);
  71:Drivers/STM32L0xx_HAL_Driver/Src/stm32l0xx_hal_dac_ex.c **** /**
  72:Drivers/STM32L0xx_HAL_Driver/Src/stm32l0xx_hal_dac_ex.c ****   * @}
  73:Drivers/STM32L0xx_HAL_Driver/Src/stm32l0xx_hal_dac_ex.c ****   */
  74:Drivers/STM32L0xx_HAL_Driver/Src/stm32l0xx_hal_dac_ex.c **** 
  75:Drivers/STM32L0xx_HAL_Driver/Src/stm32l0xx_hal_dac_ex.c **** /** @addtogroup DACEx_Exported_Functions
  76:Drivers/STM32L0xx_HAL_Driver/Src/stm32l0xx_hal_dac_ex.c ****   * @{
  77:Drivers/STM32L0xx_HAL_Driver/Src/stm32l0xx_hal_dac_ex.c ****   */
  78:Drivers/STM32L0xx_HAL_Driver/Src/stm32l0xx_hal_dac_ex.c **** 
  79:Drivers/STM32L0xx_HAL_Driver/Src/stm32l0xx_hal_dac_ex.c **** /** @addtogroup DACEx_Exported_Functions_Group1
  80:Drivers/STM32L0xx_HAL_Driver/Src/stm32l0xx_hal_dac_ex.c ****  *  @brief    Extended features functions 
  81:Drivers/STM32L0xx_HAL_Driver/Src/stm32l0xx_hal_dac_ex.c ****  *
  82:Drivers/STM32L0xx_HAL_Driver/Src/stm32l0xx_hal_dac_ex.c **** 
  83:Drivers/STM32L0xx_HAL_Driver/Src/stm32l0xx_hal_dac_ex.c ****   * @{
  84:Drivers/STM32L0xx_HAL_Driver/Src/stm32l0xx_hal_dac_ex.c ****   */
  85:Drivers/STM32L0xx_HAL_Driver/Src/stm32l0xx_hal_dac_ex.c **** 
  86:Drivers/STM32L0xx_HAL_Driver/Src/stm32l0xx_hal_dac_ex.c **** #if defined (STM32L072xx) || defined (STM32L073xx) || defined (STM32L082xx) || defined (STM32L083xx
  87:Drivers/STM32L0xx_HAL_Driver/Src/stm32l0xx_hal_dac_ex.c **** /**
  88:Drivers/STM32L0xx_HAL_Driver/Src/stm32l0xx_hal_dac_ex.c ****   * @brief  Returns the last data output value of the selected DAC channel.
  89:Drivers/STM32L0xx_HAL_Driver/Src/stm32l0xx_hal_dac_ex.c ****   * @param  hdac pointer to a DAC_HandleTypeDef structure that contains
ARM GAS  /var/folders/d7/pb3dkhys6j3db_qtp_8v34p80000gn/T//ccNR0MRk.s 			page 3


  90:Drivers/STM32L0xx_HAL_Driver/Src/stm32l0xx_hal_dac_ex.c ****   *         the configuration information for the specified DAC.
  91:Drivers/STM32L0xx_HAL_Driver/Src/stm32l0xx_hal_dac_ex.c ****   * @retval The selected DAC channel data output value.
  92:Drivers/STM32L0xx_HAL_Driver/Src/stm32l0xx_hal_dac_ex.c ****   */
  93:Drivers/STM32L0xx_HAL_Driver/Src/stm32l0xx_hal_dac_ex.c **** uint32_t HAL_DACEx_DualGetValue(DAC_HandleTypeDef* hdac)
  94:Drivers/STM32L0xx_HAL_Driver/Src/stm32l0xx_hal_dac_ex.c **** {
  95:Drivers/STM32L0xx_HAL_Driver/Src/stm32l0xx_hal_dac_ex.c ****   uint32_t tmp = 0U;
  96:Drivers/STM32L0xx_HAL_Driver/Src/stm32l0xx_hal_dac_ex.c ****   
  97:Drivers/STM32L0xx_HAL_Driver/Src/stm32l0xx_hal_dac_ex.c ****   tmp |= hdac->Instance->DOR1;
  98:Drivers/STM32L0xx_HAL_Driver/Src/stm32l0xx_hal_dac_ex.c ****   
  99:Drivers/STM32L0xx_HAL_Driver/Src/stm32l0xx_hal_dac_ex.c ****   tmp |= hdac->Instance->DOR2 << 16U;
 100:Drivers/STM32L0xx_HAL_Driver/Src/stm32l0xx_hal_dac_ex.c ****   
 101:Drivers/STM32L0xx_HAL_Driver/Src/stm32l0xx_hal_dac_ex.c ****   /* Returns the DAC channel data output register value */
 102:Drivers/STM32L0xx_HAL_Driver/Src/stm32l0xx_hal_dac_ex.c ****   return tmp;
 103:Drivers/STM32L0xx_HAL_Driver/Src/stm32l0xx_hal_dac_ex.c **** }
 104:Drivers/STM32L0xx_HAL_Driver/Src/stm32l0xx_hal_dac_ex.c **** #endif
 105:Drivers/STM32L0xx_HAL_Driver/Src/stm32l0xx_hal_dac_ex.c **** 
 106:Drivers/STM32L0xx_HAL_Driver/Src/stm32l0xx_hal_dac_ex.c **** /**
 107:Drivers/STM32L0xx_HAL_Driver/Src/stm32l0xx_hal_dac_ex.c ****   * @brief  Enable or disable the selected DAC channel wave generation.
 108:Drivers/STM32L0xx_HAL_Driver/Src/stm32l0xx_hal_dac_ex.c ****   * @param  hdac pointer to a DAC_HandleTypeDef structure that contains
 109:Drivers/STM32L0xx_HAL_Driver/Src/stm32l0xx_hal_dac_ex.c ****   *         the configuration information for the specified DAC.
 110:Drivers/STM32L0xx_HAL_Driver/Src/stm32l0xx_hal_dac_ex.c ****   * @param  Channel The selected DAC channel. 
 111:Drivers/STM32L0xx_HAL_Driver/Src/stm32l0xx_hal_dac_ex.c ****   *          This parameter can be one of the following values:
 112:Drivers/STM32L0xx_HAL_Driver/Src/stm32l0xx_hal_dac_ex.c ****   *            @arg DAC_CHANNEL_1: DAC Channel1 selected
 113:Drivers/STM32L0xx_HAL_Driver/Src/stm32l0xx_hal_dac_ex.c ****   *            @arg DAC_CHANNEL_2: DAC Channel2 selected (STM32L07x/STM32L08x only)
 114:Drivers/STM32L0xx_HAL_Driver/Src/stm32l0xx_hal_dac_ex.c ****   * @param  Amplitude Select max triangle amplitude. 
 115:Drivers/STM32L0xx_HAL_Driver/Src/stm32l0xx_hal_dac_ex.c ****   *          This parameter can be one of the following values:
 116:Drivers/STM32L0xx_HAL_Driver/Src/stm32l0xx_hal_dac_ex.c ****   *            @arg DAC_TRIANGLEAMPLITUDE_1: Select max triangle amplitude of 1
 117:Drivers/STM32L0xx_HAL_Driver/Src/stm32l0xx_hal_dac_ex.c ****   *            @arg DAC_TRIANGLEAMPLITUDE_3: Select max triangle amplitude of 3
 118:Drivers/STM32L0xx_HAL_Driver/Src/stm32l0xx_hal_dac_ex.c ****   *            @arg DAC_TRIANGLEAMPLITUDE_7: Select max triangle amplitude of 7
 119:Drivers/STM32L0xx_HAL_Driver/Src/stm32l0xx_hal_dac_ex.c ****   *            @arg DAC_TRIANGLEAMPLITUDE_15: Select max triangle amplitude of 15
 120:Drivers/STM32L0xx_HAL_Driver/Src/stm32l0xx_hal_dac_ex.c ****   *            @arg DAC_TRIANGLEAMPLITUDE_31: Select max triangle amplitude of 31
 121:Drivers/STM32L0xx_HAL_Driver/Src/stm32l0xx_hal_dac_ex.c ****   *            @arg DAC_TRIANGLEAMPLITUDE_63: Select max triangle amplitude of 63
 122:Drivers/STM32L0xx_HAL_Driver/Src/stm32l0xx_hal_dac_ex.c ****   *            @arg DAC_TRIANGLEAMPLITUDE_127: Select max triangle amplitude of 127
 123:Drivers/STM32L0xx_HAL_Driver/Src/stm32l0xx_hal_dac_ex.c ****   *            @arg DAC_TRIANGLEAMPLITUDE_255: Select max triangle amplitude of 255
 124:Drivers/STM32L0xx_HAL_Driver/Src/stm32l0xx_hal_dac_ex.c ****   *            @arg DAC_TRIANGLEAMPLITUDE_511: Select max triangle amplitude of 511
 125:Drivers/STM32L0xx_HAL_Driver/Src/stm32l0xx_hal_dac_ex.c ****   *            @arg DAC_TRIANGLEAMPLITUDE_1023: Select max triangle amplitude of 1023
 126:Drivers/STM32L0xx_HAL_Driver/Src/stm32l0xx_hal_dac_ex.c ****   *            @arg DAC_TRIANGLEAMPLITUDE_2047: Select max triangle amplitude of 2047
 127:Drivers/STM32L0xx_HAL_Driver/Src/stm32l0xx_hal_dac_ex.c ****   *            @arg DAC_TRIANGLEAMPLITUDE_4095: Select max triangle amplitude of 4095
 128:Drivers/STM32L0xx_HAL_Driver/Src/stm32l0xx_hal_dac_ex.c ****   * @retval HAL status
 129:Drivers/STM32L0xx_HAL_Driver/Src/stm32l0xx_hal_dac_ex.c ****   */
 130:Drivers/STM32L0xx_HAL_Driver/Src/stm32l0xx_hal_dac_ex.c **** HAL_StatusTypeDef HAL_DACEx_TriangleWaveGenerate(DAC_HandleTypeDef* hdac, uint32_t Channel, uint32_
 131:Drivers/STM32L0xx_HAL_Driver/Src/stm32l0xx_hal_dac_ex.c **** {
 132:Drivers/STM32L0xx_HAL_Driver/Src/stm32l0xx_hal_dac_ex.c ****   /* Check the parameters */
 133:Drivers/STM32L0xx_HAL_Driver/Src/stm32l0xx_hal_dac_ex.c ****   assert_param(IS_DAC_CHANNEL(Channel));
 134:Drivers/STM32L0xx_HAL_Driver/Src/stm32l0xx_hal_dac_ex.c ****   assert_param(IS_DAC_LFSR_UNMASK_TRIANGLE_AMPLITUDE(Amplitude));
 135:Drivers/STM32L0xx_HAL_Driver/Src/stm32l0xx_hal_dac_ex.c **** 
 136:Drivers/STM32L0xx_HAL_Driver/Src/stm32l0xx_hal_dac_ex.c ****   /* Process locked */
 137:Drivers/STM32L0xx_HAL_Driver/Src/stm32l0xx_hal_dac_ex.c ****   __HAL_LOCK(hdac);
 138:Drivers/STM32L0xx_HAL_Driver/Src/stm32l0xx_hal_dac_ex.c **** 
 139:Drivers/STM32L0xx_HAL_Driver/Src/stm32l0xx_hal_dac_ex.c ****   /* Change DAC state */
 140:Drivers/STM32L0xx_HAL_Driver/Src/stm32l0xx_hal_dac_ex.c ****   hdac->State = HAL_DAC_STATE_BUSY;
 141:Drivers/STM32L0xx_HAL_Driver/Src/stm32l0xx_hal_dac_ex.c **** 
 142:Drivers/STM32L0xx_HAL_Driver/Src/stm32l0xx_hal_dac_ex.c ****   /* Enable the triangle wave generation for the selected DAC channel */
 143:Drivers/STM32L0xx_HAL_Driver/Src/stm32l0xx_hal_dac_ex.c ****   MODIFY_REG(hdac->Instance->CR, ((DAC_CR_WAVE1)|(DAC_CR_MAMP1))<<Channel, (DAC_CR_WAVE1_1 | Amplit
 144:Drivers/STM32L0xx_HAL_Driver/Src/stm32l0xx_hal_dac_ex.c ****  
 145:Drivers/STM32L0xx_HAL_Driver/Src/stm32l0xx_hal_dac_ex.c **** 
 146:Drivers/STM32L0xx_HAL_Driver/Src/stm32l0xx_hal_dac_ex.c ****   /* Change DAC state */
ARM GAS  /var/folders/d7/pb3dkhys6j3db_qtp_8v34p80000gn/T//ccNR0MRk.s 			page 4


 147:Drivers/STM32L0xx_HAL_Driver/Src/stm32l0xx_hal_dac_ex.c ****   hdac->State = HAL_DAC_STATE_READY;
 148:Drivers/STM32L0xx_HAL_Driver/Src/stm32l0xx_hal_dac_ex.c **** 
 149:Drivers/STM32L0xx_HAL_Driver/Src/stm32l0xx_hal_dac_ex.c ****   /* Process unlocked */
 150:Drivers/STM32L0xx_HAL_Driver/Src/stm32l0xx_hal_dac_ex.c ****   __HAL_UNLOCK(hdac);
 151:Drivers/STM32L0xx_HAL_Driver/Src/stm32l0xx_hal_dac_ex.c **** 
 152:Drivers/STM32L0xx_HAL_Driver/Src/stm32l0xx_hal_dac_ex.c ****   /* Return function status */
 153:Drivers/STM32L0xx_HAL_Driver/Src/stm32l0xx_hal_dac_ex.c ****   return HAL_OK;
 154:Drivers/STM32L0xx_HAL_Driver/Src/stm32l0xx_hal_dac_ex.c **** }
 155:Drivers/STM32L0xx_HAL_Driver/Src/stm32l0xx_hal_dac_ex.c **** 
 156:Drivers/STM32L0xx_HAL_Driver/Src/stm32l0xx_hal_dac_ex.c **** /**
 157:Drivers/STM32L0xx_HAL_Driver/Src/stm32l0xx_hal_dac_ex.c ****   * @brief  Enable or disable the selected DAC channel wave generation.
 158:Drivers/STM32L0xx_HAL_Driver/Src/stm32l0xx_hal_dac_ex.c ****   * @param  hdac pointer to a DAC_HandleTypeDef structure that contains
 159:Drivers/STM32L0xx_HAL_Driver/Src/stm32l0xx_hal_dac_ex.c ****   *         the configuration information for the specified DAC. 
 160:Drivers/STM32L0xx_HAL_Driver/Src/stm32l0xx_hal_dac_ex.c ****   * @param  Channel The selected DAC channel. 
 161:Drivers/STM32L0xx_HAL_Driver/Src/stm32l0xx_hal_dac_ex.c ****   *          This parameter can be one of the following values:
 162:Drivers/STM32L0xx_HAL_Driver/Src/stm32l0xx_hal_dac_ex.c ****   *            @arg DAC_CHANNEL_1: DAC Channel1 selected
 163:Drivers/STM32L0xx_HAL_Driver/Src/stm32l0xx_hal_dac_ex.c ****   *            @arg DAC_CHANNEL_2: DAC Channel2 selected (STM32L07x/STM32L08x only)
 164:Drivers/STM32L0xx_HAL_Driver/Src/stm32l0xx_hal_dac_ex.c ****   * @param  Amplitude Unmask DAC channel LFSR for noise wave generation.
 165:Drivers/STM32L0xx_HAL_Driver/Src/stm32l0xx_hal_dac_ex.c ****   *          This parameter can be one of the following values:
 166:Drivers/STM32L0xx_HAL_Driver/Src/stm32l0xx_hal_dac_ex.c ****   *            @arg DAC_LFSRUNMASK_BIT0: Unmask DAC channel LFSR bit0 for noise wave generation
 167:Drivers/STM32L0xx_HAL_Driver/Src/stm32l0xx_hal_dac_ex.c ****   *            @arg DAC_LFSRUNMASK_BITS1_0: Unmask DAC channel LFSR bit[1:0] for noise wave generat
 168:Drivers/STM32L0xx_HAL_Driver/Src/stm32l0xx_hal_dac_ex.c ****   *            @arg DAC_LFSRUNMASK_BITS2_0: Unmask DAC channel LFSR bit[2:0] for noise wave generat
 169:Drivers/STM32L0xx_HAL_Driver/Src/stm32l0xx_hal_dac_ex.c ****   *            @arg DAC_LFSRUNMASK_BITS3_0: Unmask DAC channel LFSR bit[3:0] for noise wave generat
 170:Drivers/STM32L0xx_HAL_Driver/Src/stm32l0xx_hal_dac_ex.c ****   *            @arg DAC_LFSRUNMASK_BITS4_0: Unmask DAC channel LFSR bit[4:0] for noise wave generat
 171:Drivers/STM32L0xx_HAL_Driver/Src/stm32l0xx_hal_dac_ex.c ****   *            @arg DAC_LFSRUNMASK_BITS5_0: Unmask DAC channel LFSR bit[5:0] for noise wave generat
 172:Drivers/STM32L0xx_HAL_Driver/Src/stm32l0xx_hal_dac_ex.c ****   *            @arg DAC_LFSRUNMASK_BITS6_0: Unmask DAC channel LFSR bit[6:0] for noise wave generat
 173:Drivers/STM32L0xx_HAL_Driver/Src/stm32l0xx_hal_dac_ex.c ****   *            @arg DAC_LFSRUNMASK_BITS7_0: Unmask DAC channel LFSR bit[7:0] for noise wave generat
 174:Drivers/STM32L0xx_HAL_Driver/Src/stm32l0xx_hal_dac_ex.c ****   *            @arg DAC_LFSRUNMASK_BITS8_0: Unmask DAC channel LFSR bit[8:0] for noise wave generat
 175:Drivers/STM32L0xx_HAL_Driver/Src/stm32l0xx_hal_dac_ex.c ****   *            @arg DAC_LFSRUNMASK_BITS9_0: Unmask DAC channel LFSR bit[9:0] for noise wave generat
 176:Drivers/STM32L0xx_HAL_Driver/Src/stm32l0xx_hal_dac_ex.c ****   *            @arg DAC_LFSRUNMASK_BITS10_0: Unmask DAC channel LFSR bit[10:0] for noise wave gener
 177:Drivers/STM32L0xx_HAL_Driver/Src/stm32l0xx_hal_dac_ex.c ****   *            @arg DAC_LFSRUNMASK_BITS11_0: Unmask DAC channel LFSR bit[11:0] for noise wave gener
 178:Drivers/STM32L0xx_HAL_Driver/Src/stm32l0xx_hal_dac_ex.c ****   * @retval HAL status
 179:Drivers/STM32L0xx_HAL_Driver/Src/stm32l0xx_hal_dac_ex.c ****   */
 180:Drivers/STM32L0xx_HAL_Driver/Src/stm32l0xx_hal_dac_ex.c **** HAL_StatusTypeDef HAL_DACEx_NoiseWaveGenerate(DAC_HandleTypeDef* hdac, uint32_t Channel, uint32_t A
 181:Drivers/STM32L0xx_HAL_Driver/Src/stm32l0xx_hal_dac_ex.c **** {
 182:Drivers/STM32L0xx_HAL_Driver/Src/stm32l0xx_hal_dac_ex.c ****   /* Check the parameters */
 183:Drivers/STM32L0xx_HAL_Driver/Src/stm32l0xx_hal_dac_ex.c ****   assert_param(IS_DAC_CHANNEL(Channel));
 184:Drivers/STM32L0xx_HAL_Driver/Src/stm32l0xx_hal_dac_ex.c ****   assert_param(IS_DAC_LFSR_UNMASK_TRIANGLE_AMPLITUDE(Amplitude));
 185:Drivers/STM32L0xx_HAL_Driver/Src/stm32l0xx_hal_dac_ex.c **** 
 186:Drivers/STM32L0xx_HAL_Driver/Src/stm32l0xx_hal_dac_ex.c ****   /* Process locked */
 187:Drivers/STM32L0xx_HAL_Driver/Src/stm32l0xx_hal_dac_ex.c ****   __HAL_LOCK(hdac);
 188:Drivers/STM32L0xx_HAL_Driver/Src/stm32l0xx_hal_dac_ex.c **** 
 189:Drivers/STM32L0xx_HAL_Driver/Src/stm32l0xx_hal_dac_ex.c ****   /* Change DAC state */
 190:Drivers/STM32L0xx_HAL_Driver/Src/stm32l0xx_hal_dac_ex.c ****   hdac->State = HAL_DAC_STATE_BUSY;
 191:Drivers/STM32L0xx_HAL_Driver/Src/stm32l0xx_hal_dac_ex.c **** 
 192:Drivers/STM32L0xx_HAL_Driver/Src/stm32l0xx_hal_dac_ex.c **** /* Enable the noise wave generation for the selected DAC channel */
 193:Drivers/STM32L0xx_HAL_Driver/Src/stm32l0xx_hal_dac_ex.c ****   MODIFY_REG(hdac->Instance->CR, ((DAC_CR_WAVE1)|(DAC_CR_MAMP1))<<Channel, (DAC_CR_WAVE1_0 | Amplit
 194:Drivers/STM32L0xx_HAL_Driver/Src/stm32l0xx_hal_dac_ex.c **** 
 195:Drivers/STM32L0xx_HAL_Driver/Src/stm32l0xx_hal_dac_ex.c ****   /* Change DAC state */
 196:Drivers/STM32L0xx_HAL_Driver/Src/stm32l0xx_hal_dac_ex.c ****   hdac->State = HAL_DAC_STATE_READY;
 197:Drivers/STM32L0xx_HAL_Driver/Src/stm32l0xx_hal_dac_ex.c **** 
 198:Drivers/STM32L0xx_HAL_Driver/Src/stm32l0xx_hal_dac_ex.c ****   /* Process unlocked */
 199:Drivers/STM32L0xx_HAL_Driver/Src/stm32l0xx_hal_dac_ex.c ****   __HAL_UNLOCK(hdac);
 200:Drivers/STM32L0xx_HAL_Driver/Src/stm32l0xx_hal_dac_ex.c **** 
 201:Drivers/STM32L0xx_HAL_Driver/Src/stm32l0xx_hal_dac_ex.c ****   /* Return function status */
 202:Drivers/STM32L0xx_HAL_Driver/Src/stm32l0xx_hal_dac_ex.c ****   return HAL_OK;
 203:Drivers/STM32L0xx_HAL_Driver/Src/stm32l0xx_hal_dac_ex.c **** }
ARM GAS  /var/folders/d7/pb3dkhys6j3db_qtp_8v34p80000gn/T//ccNR0MRk.s 			page 5


 204:Drivers/STM32L0xx_HAL_Driver/Src/stm32l0xx_hal_dac_ex.c **** 
 205:Drivers/STM32L0xx_HAL_Driver/Src/stm32l0xx_hal_dac_ex.c **** #if defined (STM32L072xx) || defined (STM32L073xx) || defined (STM32L082xx) || defined (STM32L083xx
 206:Drivers/STM32L0xx_HAL_Driver/Src/stm32l0xx_hal_dac_ex.c **** /**
 207:Drivers/STM32L0xx_HAL_Driver/Src/stm32l0xx_hal_dac_ex.c ****   * @brief  Set the specified data holding register value for dual DAC channel.
 208:Drivers/STM32L0xx_HAL_Driver/Src/stm32l0xx_hal_dac_ex.c ****   * @param  hdac pointer to a DAC_HandleTypeDef structure that contains
 209:Drivers/STM32L0xx_HAL_Driver/Src/stm32l0xx_hal_dac_ex.c ****   *               the configuration information for the specified DAC.
 210:Drivers/STM32L0xx_HAL_Driver/Src/stm32l0xx_hal_dac_ex.c ****   * @param  Alignment Specifies the data alignment for dual channel DAC.
 211:Drivers/STM32L0xx_HAL_Driver/Src/stm32l0xx_hal_dac_ex.c ****   *          This parameter can be one of the following values:
 212:Drivers/STM32L0xx_HAL_Driver/Src/stm32l0xx_hal_dac_ex.c ****   *            DAC_ALIGN_8B_R: 8bit right data alignment selected
 213:Drivers/STM32L0xx_HAL_Driver/Src/stm32l0xx_hal_dac_ex.c ****   *            DAC_ALIGN_12B_L: 12bit left data alignment selected
 214:Drivers/STM32L0xx_HAL_Driver/Src/stm32l0xx_hal_dac_ex.c ****   *            DAC_ALIGN_12B_R: 12bit right data alignment selected
 215:Drivers/STM32L0xx_HAL_Driver/Src/stm32l0xx_hal_dac_ex.c ****   * @param  Data1 Data for DAC Channel1 to be loaded in the selected data holding register.
 216:Drivers/STM32L0xx_HAL_Driver/Src/stm32l0xx_hal_dac_ex.c ****   * @param  Data2 Data for DAC Channel2 to be loaded in the selected data holding register.
 217:Drivers/STM32L0xx_HAL_Driver/Src/stm32l0xx_hal_dac_ex.c ****   * @note   In dual mode, a unique register access is required to write in both
 218:Drivers/STM32L0xx_HAL_Driver/Src/stm32l0xx_hal_dac_ex.c ****   *          DAC channels at the same time.
 219:Drivers/STM32L0xx_HAL_Driver/Src/stm32l0xx_hal_dac_ex.c ****   * @retval HAL status
 220:Drivers/STM32L0xx_HAL_Driver/Src/stm32l0xx_hal_dac_ex.c ****   */
 221:Drivers/STM32L0xx_HAL_Driver/Src/stm32l0xx_hal_dac_ex.c **** HAL_StatusTypeDef HAL_DACEx_DualSetValue(DAC_HandleTypeDef* hdac, uint32_t Alignment, uint32_t Data
 222:Drivers/STM32L0xx_HAL_Driver/Src/stm32l0xx_hal_dac_ex.c **** {  
 223:Drivers/STM32L0xx_HAL_Driver/Src/stm32l0xx_hal_dac_ex.c ****   uint32_t data = 0U, tmp = 0U;
 224:Drivers/STM32L0xx_HAL_Driver/Src/stm32l0xx_hal_dac_ex.c ****   
 225:Drivers/STM32L0xx_HAL_Driver/Src/stm32l0xx_hal_dac_ex.c ****   /* Check the parameters */
 226:Drivers/STM32L0xx_HAL_Driver/Src/stm32l0xx_hal_dac_ex.c ****   assert_param(IS_DAC_ALIGN(Alignment));
 227:Drivers/STM32L0xx_HAL_Driver/Src/stm32l0xx_hal_dac_ex.c ****   assert_param(IS_DAC_DATA(Data1));
 228:Drivers/STM32L0xx_HAL_Driver/Src/stm32l0xx_hal_dac_ex.c ****   assert_param(IS_DAC_DATA(Data2));
 229:Drivers/STM32L0xx_HAL_Driver/Src/stm32l0xx_hal_dac_ex.c ****   
 230:Drivers/STM32L0xx_HAL_Driver/Src/stm32l0xx_hal_dac_ex.c ****   /* Calculate and set dual DAC data holding register value */
 231:Drivers/STM32L0xx_HAL_Driver/Src/stm32l0xx_hal_dac_ex.c ****   if (Alignment == DAC_ALIGN_8B_R)
 232:Drivers/STM32L0xx_HAL_Driver/Src/stm32l0xx_hal_dac_ex.c ****   {
 233:Drivers/STM32L0xx_HAL_Driver/Src/stm32l0xx_hal_dac_ex.c ****     data = ((uint32_t)Data2 << 8U) | Data1; 
 234:Drivers/STM32L0xx_HAL_Driver/Src/stm32l0xx_hal_dac_ex.c ****   }
 235:Drivers/STM32L0xx_HAL_Driver/Src/stm32l0xx_hal_dac_ex.c ****   else
 236:Drivers/STM32L0xx_HAL_Driver/Src/stm32l0xx_hal_dac_ex.c ****   {
 237:Drivers/STM32L0xx_HAL_Driver/Src/stm32l0xx_hal_dac_ex.c ****     data = ((uint32_t)Data2 << 16U) | Data1;
 238:Drivers/STM32L0xx_HAL_Driver/Src/stm32l0xx_hal_dac_ex.c ****   }
 239:Drivers/STM32L0xx_HAL_Driver/Src/stm32l0xx_hal_dac_ex.c ****   
 240:Drivers/STM32L0xx_HAL_Driver/Src/stm32l0xx_hal_dac_ex.c ****   tmp = (uint32_t)hdac->Instance;
 241:Drivers/STM32L0xx_HAL_Driver/Src/stm32l0xx_hal_dac_ex.c ****   tmp += DAC_DHR12RD_ALIGNMENT(Alignment);
 242:Drivers/STM32L0xx_HAL_Driver/Src/stm32l0xx_hal_dac_ex.c **** 
 243:Drivers/STM32L0xx_HAL_Driver/Src/stm32l0xx_hal_dac_ex.c ****   /* Set the dual DAC selected data holding register */
 244:Drivers/STM32L0xx_HAL_Driver/Src/stm32l0xx_hal_dac_ex.c ****   *(__IO uint32_t *)tmp = data;
 245:Drivers/STM32L0xx_HAL_Driver/Src/stm32l0xx_hal_dac_ex.c ****   
 246:Drivers/STM32L0xx_HAL_Driver/Src/stm32l0xx_hal_dac_ex.c ****   /* Return function status */
 247:Drivers/STM32L0xx_HAL_Driver/Src/stm32l0xx_hal_dac_ex.c ****   return HAL_OK;
 248:Drivers/STM32L0xx_HAL_Driver/Src/stm32l0xx_hal_dac_ex.c **** }
 249:Drivers/STM32L0xx_HAL_Driver/Src/stm32l0xx_hal_dac_ex.c **** 
 250:Drivers/STM32L0xx_HAL_Driver/Src/stm32l0xx_hal_dac_ex.c **** /**
 251:Drivers/STM32L0xx_HAL_Driver/Src/stm32l0xx_hal_dac_ex.c ****   * @brief  Conversion complete callback in non blocking mode for Channel2 
 252:Drivers/STM32L0xx_HAL_Driver/Src/stm32l0xx_hal_dac_ex.c ****   * @param  hdac pointer to a DAC_HandleTypeDef structure that contains
 253:Drivers/STM32L0xx_HAL_Driver/Src/stm32l0xx_hal_dac_ex.c ****   *         the configuration information for the specified DAC.
 254:Drivers/STM32L0xx_HAL_Driver/Src/stm32l0xx_hal_dac_ex.c ****   * @retval None
 255:Drivers/STM32L0xx_HAL_Driver/Src/stm32l0xx_hal_dac_ex.c ****   */
 256:Drivers/STM32L0xx_HAL_Driver/Src/stm32l0xx_hal_dac_ex.c **** __weak void HAL_DACEx_ConvCpltCallbackCh2(DAC_HandleTypeDef* hdac)
 257:Drivers/STM32L0xx_HAL_Driver/Src/stm32l0xx_hal_dac_ex.c **** {
 258:Drivers/STM32L0xx_HAL_Driver/Src/stm32l0xx_hal_dac_ex.c ****   /* Prevent unused argument(s) compilation warning */
 259:Drivers/STM32L0xx_HAL_Driver/Src/stm32l0xx_hal_dac_ex.c ****   UNUSED(hdac);
 260:Drivers/STM32L0xx_HAL_Driver/Src/stm32l0xx_hal_dac_ex.c **** 
ARM GAS  /var/folders/d7/pb3dkhys6j3db_qtp_8v34p80000gn/T//ccNR0MRk.s 			page 6


 261:Drivers/STM32L0xx_HAL_Driver/Src/stm32l0xx_hal_dac_ex.c ****   /* NOTE : This function should not be modified, when the callback is needed,
 262:Drivers/STM32L0xx_HAL_Driver/Src/stm32l0xx_hal_dac_ex.c ****             the HAL_DACEx_ConvCpltCallbackCh2 could be implemented in the user file
 263:Drivers/STM32L0xx_HAL_Driver/Src/stm32l0xx_hal_dac_ex.c ****    */
 264:Drivers/STM32L0xx_HAL_Driver/Src/stm32l0xx_hal_dac_ex.c **** }
 265:Drivers/STM32L0xx_HAL_Driver/Src/stm32l0xx_hal_dac_ex.c **** 
 266:Drivers/STM32L0xx_HAL_Driver/Src/stm32l0xx_hal_dac_ex.c **** /**
 267:Drivers/STM32L0xx_HAL_Driver/Src/stm32l0xx_hal_dac_ex.c ****   * @brief  Conversion half DMA transfer callback in non blocking mode for Channel2 
 268:Drivers/STM32L0xx_HAL_Driver/Src/stm32l0xx_hal_dac_ex.c ****   * @param  hdac pointer to a DAC_HandleTypeDef structure that contains
 269:Drivers/STM32L0xx_HAL_Driver/Src/stm32l0xx_hal_dac_ex.c ****   *         the configuration information for the specified DAC.
 270:Drivers/STM32L0xx_HAL_Driver/Src/stm32l0xx_hal_dac_ex.c ****   * @retval None
 271:Drivers/STM32L0xx_HAL_Driver/Src/stm32l0xx_hal_dac_ex.c ****   */
 272:Drivers/STM32L0xx_HAL_Driver/Src/stm32l0xx_hal_dac_ex.c **** __weak void HAL_DACEx_ConvHalfCpltCallbackCh2(DAC_HandleTypeDef* hdac)
 273:Drivers/STM32L0xx_HAL_Driver/Src/stm32l0xx_hal_dac_ex.c **** {
 274:Drivers/STM32L0xx_HAL_Driver/Src/stm32l0xx_hal_dac_ex.c ****   /* Prevent unused argument(s) compilation warning */
 275:Drivers/STM32L0xx_HAL_Driver/Src/stm32l0xx_hal_dac_ex.c ****   UNUSED(hdac);
 276:Drivers/STM32L0xx_HAL_Driver/Src/stm32l0xx_hal_dac_ex.c **** 
 277:Drivers/STM32L0xx_HAL_Driver/Src/stm32l0xx_hal_dac_ex.c ****   /* NOTE : This function should not be modified, when the callback is needed,
 278:Drivers/STM32L0xx_HAL_Driver/Src/stm32l0xx_hal_dac_ex.c ****             the HAL_DACEx_ConvHalfCpltCallbackCh2 could be implemented in the user file
 279:Drivers/STM32L0xx_HAL_Driver/Src/stm32l0xx_hal_dac_ex.c ****    */
 280:Drivers/STM32L0xx_HAL_Driver/Src/stm32l0xx_hal_dac_ex.c **** }
 281:Drivers/STM32L0xx_HAL_Driver/Src/stm32l0xx_hal_dac_ex.c **** 
 282:Drivers/STM32L0xx_HAL_Driver/Src/stm32l0xx_hal_dac_ex.c **** /**
 283:Drivers/STM32L0xx_HAL_Driver/Src/stm32l0xx_hal_dac_ex.c ****   * @brief  Error DAC callback for Channel2.
 284:Drivers/STM32L0xx_HAL_Driver/Src/stm32l0xx_hal_dac_ex.c ****   * @param  hdac pointer to a DAC_HandleTypeDef structure that contains
 285:Drivers/STM32L0xx_HAL_Driver/Src/stm32l0xx_hal_dac_ex.c ****   *         the configuration information for the specified DAC.
 286:Drivers/STM32L0xx_HAL_Driver/Src/stm32l0xx_hal_dac_ex.c ****   * @retval None
 287:Drivers/STM32L0xx_HAL_Driver/Src/stm32l0xx_hal_dac_ex.c ****   */
 288:Drivers/STM32L0xx_HAL_Driver/Src/stm32l0xx_hal_dac_ex.c **** __weak void HAL_DACEx_ErrorCallbackCh2(DAC_HandleTypeDef *hdac)
 289:Drivers/STM32L0xx_HAL_Driver/Src/stm32l0xx_hal_dac_ex.c **** {
 290:Drivers/STM32L0xx_HAL_Driver/Src/stm32l0xx_hal_dac_ex.c ****   /* Prevent unused argument(s) compilation warning */
 291:Drivers/STM32L0xx_HAL_Driver/Src/stm32l0xx_hal_dac_ex.c ****   UNUSED(hdac);
 292:Drivers/STM32L0xx_HAL_Driver/Src/stm32l0xx_hal_dac_ex.c **** 
 293:Drivers/STM32L0xx_HAL_Driver/Src/stm32l0xx_hal_dac_ex.c ****   /* NOTE : This function should not be modified, when the callback is needed,
 294:Drivers/STM32L0xx_HAL_Driver/Src/stm32l0xx_hal_dac_ex.c ****             the HAL_DACEx_ErrorCallbackCh2 could be implemented in the user file
 295:Drivers/STM32L0xx_HAL_Driver/Src/stm32l0xx_hal_dac_ex.c ****    */
 296:Drivers/STM32L0xx_HAL_Driver/Src/stm32l0xx_hal_dac_ex.c **** }
 297:Drivers/STM32L0xx_HAL_Driver/Src/stm32l0xx_hal_dac_ex.c **** 
 298:Drivers/STM32L0xx_HAL_Driver/Src/stm32l0xx_hal_dac_ex.c **** /**
 299:Drivers/STM32L0xx_HAL_Driver/Src/stm32l0xx_hal_dac_ex.c ****   * @brief  DMA underrun DAC callback for Channel2.
 300:Drivers/STM32L0xx_HAL_Driver/Src/stm32l0xx_hal_dac_ex.c ****   * @param  hdac pointer to a DAC_HandleTypeDef structure that contains
 301:Drivers/STM32L0xx_HAL_Driver/Src/stm32l0xx_hal_dac_ex.c ****   *         the configuration information for the specified DAC.
 302:Drivers/STM32L0xx_HAL_Driver/Src/stm32l0xx_hal_dac_ex.c ****   * @retval None
 303:Drivers/STM32L0xx_HAL_Driver/Src/stm32l0xx_hal_dac_ex.c ****   */
 304:Drivers/STM32L0xx_HAL_Driver/Src/stm32l0xx_hal_dac_ex.c **** __weak void HAL_DACEx_DMAUnderrunCallbackCh2(DAC_HandleTypeDef *hdac)
 305:Drivers/STM32L0xx_HAL_Driver/Src/stm32l0xx_hal_dac_ex.c **** {
 306:Drivers/STM32L0xx_HAL_Driver/Src/stm32l0xx_hal_dac_ex.c ****   /* Prevent unused argument(s) compilation warning */
 307:Drivers/STM32L0xx_HAL_Driver/Src/stm32l0xx_hal_dac_ex.c ****   UNUSED(hdac);
 308:Drivers/STM32L0xx_HAL_Driver/Src/stm32l0xx_hal_dac_ex.c **** 
 309:Drivers/STM32L0xx_HAL_Driver/Src/stm32l0xx_hal_dac_ex.c ****   /* NOTE : This function should not be modified, when the callback is needed,
 310:Drivers/STM32L0xx_HAL_Driver/Src/stm32l0xx_hal_dac_ex.c ****             the HAL_DAC_DMAUnderrunCallbackCh2 could be implemented in the user file
 311:Drivers/STM32L0xx_HAL_Driver/Src/stm32l0xx_hal_dac_ex.c ****    */
 312:Drivers/STM32L0xx_HAL_Driver/Src/stm32l0xx_hal_dac_ex.c **** }
 313:Drivers/STM32L0xx_HAL_Driver/Src/stm32l0xx_hal_dac_ex.c **** 
 314:Drivers/STM32L0xx_HAL_Driver/Src/stm32l0xx_hal_dac_ex.c **** /**
 315:Drivers/STM32L0xx_HAL_Driver/Src/stm32l0xx_hal_dac_ex.c ****   * @brief  Enables DAC and starts conversion of channel.
 316:Drivers/STM32L0xx_HAL_Driver/Src/stm32l0xx_hal_dac_ex.c ****   * @param  hdac pointer to a DAC_HandleTypeDef structure that contains
 317:Drivers/STM32L0xx_HAL_Driver/Src/stm32l0xx_hal_dac_ex.c ****   *         the configuration information for the specified DAC.
ARM GAS  /var/folders/d7/pb3dkhys6j3db_qtp_8v34p80000gn/T//ccNR0MRk.s 			page 7


 318:Drivers/STM32L0xx_HAL_Driver/Src/stm32l0xx_hal_dac_ex.c ****   * @param  Channel The selected DAC channel. 
 319:Drivers/STM32L0xx_HAL_Driver/Src/stm32l0xx_hal_dac_ex.c ****   *          This parameter can be one of the following values:
 320:Drivers/STM32L0xx_HAL_Driver/Src/stm32l0xx_hal_dac_ex.c ****   *            @arg DAC_CHANNEL_1: DAC Channel1 selected
 321:Drivers/STM32L0xx_HAL_Driver/Src/stm32l0xx_hal_dac_ex.c ****   *            @arg DAC_CHANNEL_2: DAC Channel2 selected
 322:Drivers/STM32L0xx_HAL_Driver/Src/stm32l0xx_hal_dac_ex.c ****   * @retval HAL status
 323:Drivers/STM32L0xx_HAL_Driver/Src/stm32l0xx_hal_dac_ex.c ****   */
 324:Drivers/STM32L0xx_HAL_Driver/Src/stm32l0xx_hal_dac_ex.c **** HAL_StatusTypeDef HAL_DAC_Start(DAC_HandleTypeDef* hdac, uint32_t Channel)
 325:Drivers/STM32L0xx_HAL_Driver/Src/stm32l0xx_hal_dac_ex.c **** {
 326:Drivers/STM32L0xx_HAL_Driver/Src/stm32l0xx_hal_dac_ex.c ****   uint32_t tmp1 = 0U, tmp2 = 0U;
 327:Drivers/STM32L0xx_HAL_Driver/Src/stm32l0xx_hal_dac_ex.c ****   
 328:Drivers/STM32L0xx_HAL_Driver/Src/stm32l0xx_hal_dac_ex.c ****   /* Check the parameters */
 329:Drivers/STM32L0xx_HAL_Driver/Src/stm32l0xx_hal_dac_ex.c ****   assert_param(IS_DAC_CHANNEL(Channel));
 330:Drivers/STM32L0xx_HAL_Driver/Src/stm32l0xx_hal_dac_ex.c **** 
 331:Drivers/STM32L0xx_HAL_Driver/Src/stm32l0xx_hal_dac_ex.c ****   /* Process locked */
 332:Drivers/STM32L0xx_HAL_Driver/Src/stm32l0xx_hal_dac_ex.c ****   __HAL_LOCK(hdac);
 333:Drivers/STM32L0xx_HAL_Driver/Src/stm32l0xx_hal_dac_ex.c **** 
 334:Drivers/STM32L0xx_HAL_Driver/Src/stm32l0xx_hal_dac_ex.c ****   /* Change DAC state */
 335:Drivers/STM32L0xx_HAL_Driver/Src/stm32l0xx_hal_dac_ex.c ****   hdac->State = HAL_DAC_STATE_BUSY;
 336:Drivers/STM32L0xx_HAL_Driver/Src/stm32l0xx_hal_dac_ex.c **** 
 337:Drivers/STM32L0xx_HAL_Driver/Src/stm32l0xx_hal_dac_ex.c ****   /* Enable the Peripharal */
 338:Drivers/STM32L0xx_HAL_Driver/Src/stm32l0xx_hal_dac_ex.c ****   __HAL_DAC_ENABLE(hdac, Channel);
 339:Drivers/STM32L0xx_HAL_Driver/Src/stm32l0xx_hal_dac_ex.c **** 
 340:Drivers/STM32L0xx_HAL_Driver/Src/stm32l0xx_hal_dac_ex.c ****   if(Channel == DAC_CHANNEL_1)
 341:Drivers/STM32L0xx_HAL_Driver/Src/stm32l0xx_hal_dac_ex.c ****   {
 342:Drivers/STM32L0xx_HAL_Driver/Src/stm32l0xx_hal_dac_ex.c ****     tmp1 = hdac->Instance->CR & DAC_CR_TEN1;
 343:Drivers/STM32L0xx_HAL_Driver/Src/stm32l0xx_hal_dac_ex.c ****     tmp2 = hdac->Instance->CR & DAC_CR_TSEL1;
 344:Drivers/STM32L0xx_HAL_Driver/Src/stm32l0xx_hal_dac_ex.c ****     /* Check if software trigger enabled */
 345:Drivers/STM32L0xx_HAL_Driver/Src/stm32l0xx_hal_dac_ex.c ****     if((tmp1 ==  DAC_CR_TEN1) && (tmp2 ==  DAC_CR_TSEL1))
 346:Drivers/STM32L0xx_HAL_Driver/Src/stm32l0xx_hal_dac_ex.c ****     {
 347:Drivers/STM32L0xx_HAL_Driver/Src/stm32l0xx_hal_dac_ex.c ****       /* Enable the selected DAC software conversion */
 348:Drivers/STM32L0xx_HAL_Driver/Src/stm32l0xx_hal_dac_ex.c ****       SET_BIT(hdac->Instance->SWTRIGR, DAC_SWTRIGR_SWTRIG1);
 349:Drivers/STM32L0xx_HAL_Driver/Src/stm32l0xx_hal_dac_ex.c ****     }
 350:Drivers/STM32L0xx_HAL_Driver/Src/stm32l0xx_hal_dac_ex.c ****   }
 351:Drivers/STM32L0xx_HAL_Driver/Src/stm32l0xx_hal_dac_ex.c ****   else
 352:Drivers/STM32L0xx_HAL_Driver/Src/stm32l0xx_hal_dac_ex.c ****   {
 353:Drivers/STM32L0xx_HAL_Driver/Src/stm32l0xx_hal_dac_ex.c ****     tmp1 = hdac->Instance->CR & DAC_CR_TEN2;
 354:Drivers/STM32L0xx_HAL_Driver/Src/stm32l0xx_hal_dac_ex.c ****     tmp2 = hdac->Instance->CR & DAC_CR_TSEL2;
 355:Drivers/STM32L0xx_HAL_Driver/Src/stm32l0xx_hal_dac_ex.c ****     /* Check if software trigger enabled */
 356:Drivers/STM32L0xx_HAL_Driver/Src/stm32l0xx_hal_dac_ex.c ****     if((tmp1 == DAC_CR_TEN2) && (tmp2 == DAC_CR_TSEL2))
 357:Drivers/STM32L0xx_HAL_Driver/Src/stm32l0xx_hal_dac_ex.c ****     {
 358:Drivers/STM32L0xx_HAL_Driver/Src/stm32l0xx_hal_dac_ex.c ****       /* Enable the selected DAC software conversion*/
 359:Drivers/STM32L0xx_HAL_Driver/Src/stm32l0xx_hal_dac_ex.c ****       SET_BIT(hdac->Instance->SWTRIGR, DAC_SWTRIGR_SWTRIG2);
 360:Drivers/STM32L0xx_HAL_Driver/Src/stm32l0xx_hal_dac_ex.c ****     }
 361:Drivers/STM32L0xx_HAL_Driver/Src/stm32l0xx_hal_dac_ex.c ****   }
 362:Drivers/STM32L0xx_HAL_Driver/Src/stm32l0xx_hal_dac_ex.c **** 
 363:Drivers/STM32L0xx_HAL_Driver/Src/stm32l0xx_hal_dac_ex.c ****   /* Change DAC state */
 364:Drivers/STM32L0xx_HAL_Driver/Src/stm32l0xx_hal_dac_ex.c ****   hdac->State = HAL_DAC_STATE_READY;
 365:Drivers/STM32L0xx_HAL_Driver/Src/stm32l0xx_hal_dac_ex.c **** 
 366:Drivers/STM32L0xx_HAL_Driver/Src/stm32l0xx_hal_dac_ex.c ****   /* Process unlocked */
 367:Drivers/STM32L0xx_HAL_Driver/Src/stm32l0xx_hal_dac_ex.c ****   __HAL_UNLOCK(hdac);
 368:Drivers/STM32L0xx_HAL_Driver/Src/stm32l0xx_hal_dac_ex.c **** 
 369:Drivers/STM32L0xx_HAL_Driver/Src/stm32l0xx_hal_dac_ex.c ****   /* Return function status */
 370:Drivers/STM32L0xx_HAL_Driver/Src/stm32l0xx_hal_dac_ex.c ****   return HAL_OK;
 371:Drivers/STM32L0xx_HAL_Driver/Src/stm32l0xx_hal_dac_ex.c **** }
 372:Drivers/STM32L0xx_HAL_Driver/Src/stm32l0xx_hal_dac_ex.c **** 
 373:Drivers/STM32L0xx_HAL_Driver/Src/stm32l0xx_hal_dac_ex.c **** /**
 374:Drivers/STM32L0xx_HAL_Driver/Src/stm32l0xx_hal_dac_ex.c ****   * @brief  Enables DAC and starts conversion of channel using DMA.
ARM GAS  /var/folders/d7/pb3dkhys6j3db_qtp_8v34p80000gn/T//ccNR0MRk.s 			page 8


 375:Drivers/STM32L0xx_HAL_Driver/Src/stm32l0xx_hal_dac_ex.c ****   * @param  hdac pointer to a DAC_HandleTypeDef structure that contains
 376:Drivers/STM32L0xx_HAL_Driver/Src/stm32l0xx_hal_dac_ex.c ****   *         the configuration information for the specified DAC.
 377:Drivers/STM32L0xx_HAL_Driver/Src/stm32l0xx_hal_dac_ex.c ****   * @param  Channel The selected DAC channel. 
 378:Drivers/STM32L0xx_HAL_Driver/Src/stm32l0xx_hal_dac_ex.c ****   *          This parameter can be one of the following values:
 379:Drivers/STM32L0xx_HAL_Driver/Src/stm32l0xx_hal_dac_ex.c ****   *            @arg DAC_CHANNEL_1: DAC Channel1 selected
 380:Drivers/STM32L0xx_HAL_Driver/Src/stm32l0xx_hal_dac_ex.c ****   *            @arg DAC_CHANNEL_2: DAC Channel2 selected
 381:Drivers/STM32L0xx_HAL_Driver/Src/stm32l0xx_hal_dac_ex.c ****   * @param  pData The destination peripheral Buffer address.
 382:Drivers/STM32L0xx_HAL_Driver/Src/stm32l0xx_hal_dac_ex.c ****   * @param  Length The length of data to be transferred from memory to DAC peripheral
 383:Drivers/STM32L0xx_HAL_Driver/Src/stm32l0xx_hal_dac_ex.c ****   * @param  Alignment Specifies the data alignment for DAC channel.
 384:Drivers/STM32L0xx_HAL_Driver/Src/stm32l0xx_hal_dac_ex.c ****   *          This parameter can be one of the following values:
 385:Drivers/STM32L0xx_HAL_Driver/Src/stm32l0xx_hal_dac_ex.c ****   *            @arg DAC_ALIGN_8B_R: 8bit right data alignment selected
 386:Drivers/STM32L0xx_HAL_Driver/Src/stm32l0xx_hal_dac_ex.c ****   *            @arg DAC_ALIGN_12B_L: 12bit left data alignment selected
 387:Drivers/STM32L0xx_HAL_Driver/Src/stm32l0xx_hal_dac_ex.c ****   *            @arg DAC_ALIGN_12B_R: 12bit right data alignment selected
 388:Drivers/STM32L0xx_HAL_Driver/Src/stm32l0xx_hal_dac_ex.c ****   * @retval HAL status
 389:Drivers/STM32L0xx_HAL_Driver/Src/stm32l0xx_hal_dac_ex.c ****   */
 390:Drivers/STM32L0xx_HAL_Driver/Src/stm32l0xx_hal_dac_ex.c **** HAL_StatusTypeDef HAL_DAC_Start_DMA(DAC_HandleTypeDef* hdac, uint32_t Channel, uint32_t* pData, uin
 391:Drivers/STM32L0xx_HAL_Driver/Src/stm32l0xx_hal_dac_ex.c **** {
 392:Drivers/STM32L0xx_HAL_Driver/Src/stm32l0xx_hal_dac_ex.c ****   HAL_StatusTypeDef status;
 393:Drivers/STM32L0xx_HAL_Driver/Src/stm32l0xx_hal_dac_ex.c ****   uint32_t tmpreg = 0U;
 394:Drivers/STM32L0xx_HAL_Driver/Src/stm32l0xx_hal_dac_ex.c **** 
 395:Drivers/STM32L0xx_HAL_Driver/Src/stm32l0xx_hal_dac_ex.c ****   /* Check the parameters */
 396:Drivers/STM32L0xx_HAL_Driver/Src/stm32l0xx_hal_dac_ex.c ****   assert_param(IS_DAC_CHANNEL(Channel));
 397:Drivers/STM32L0xx_HAL_Driver/Src/stm32l0xx_hal_dac_ex.c ****   assert_param(IS_DAC_ALIGN(Alignment));
 398:Drivers/STM32L0xx_HAL_Driver/Src/stm32l0xx_hal_dac_ex.c **** 
 399:Drivers/STM32L0xx_HAL_Driver/Src/stm32l0xx_hal_dac_ex.c ****   /* Process locked */
 400:Drivers/STM32L0xx_HAL_Driver/Src/stm32l0xx_hal_dac_ex.c ****   __HAL_LOCK(hdac);
 401:Drivers/STM32L0xx_HAL_Driver/Src/stm32l0xx_hal_dac_ex.c **** 
 402:Drivers/STM32L0xx_HAL_Driver/Src/stm32l0xx_hal_dac_ex.c ****   /* Change DAC state */
 403:Drivers/STM32L0xx_HAL_Driver/Src/stm32l0xx_hal_dac_ex.c ****   hdac->State = HAL_DAC_STATE_BUSY;
 404:Drivers/STM32L0xx_HAL_Driver/Src/stm32l0xx_hal_dac_ex.c **** 
 405:Drivers/STM32L0xx_HAL_Driver/Src/stm32l0xx_hal_dac_ex.c ****   if(Channel == DAC_CHANNEL_1)
 406:Drivers/STM32L0xx_HAL_Driver/Src/stm32l0xx_hal_dac_ex.c ****   {
 407:Drivers/STM32L0xx_HAL_Driver/Src/stm32l0xx_hal_dac_ex.c ****     /* Set the DMA transfer complete callback for channel1 */
 408:Drivers/STM32L0xx_HAL_Driver/Src/stm32l0xx_hal_dac_ex.c ****     hdac->DMA_Handle1->XferCpltCallback = DAC_DMAConvCpltCh1;
 409:Drivers/STM32L0xx_HAL_Driver/Src/stm32l0xx_hal_dac_ex.c **** 
 410:Drivers/STM32L0xx_HAL_Driver/Src/stm32l0xx_hal_dac_ex.c ****     /* Set the DMA half transfer complete callback for channel1 */
 411:Drivers/STM32L0xx_HAL_Driver/Src/stm32l0xx_hal_dac_ex.c ****     hdac->DMA_Handle1->XferHalfCpltCallback = DAC_DMAHalfConvCpltCh1;
 412:Drivers/STM32L0xx_HAL_Driver/Src/stm32l0xx_hal_dac_ex.c **** 
 413:Drivers/STM32L0xx_HAL_Driver/Src/stm32l0xx_hal_dac_ex.c ****     /* Set the DMA error callback for channel1 */
 414:Drivers/STM32L0xx_HAL_Driver/Src/stm32l0xx_hal_dac_ex.c ****     hdac->DMA_Handle1->XferErrorCallback = DAC_DMAErrorCh1;
 415:Drivers/STM32L0xx_HAL_Driver/Src/stm32l0xx_hal_dac_ex.c **** 
 416:Drivers/STM32L0xx_HAL_Driver/Src/stm32l0xx_hal_dac_ex.c ****     /* Enable the selected DAC channel1 DMA request */
 417:Drivers/STM32L0xx_HAL_Driver/Src/stm32l0xx_hal_dac_ex.c ****     SET_BIT(hdac->Instance->CR, DAC_CR_DMAEN1);
 418:Drivers/STM32L0xx_HAL_Driver/Src/stm32l0xx_hal_dac_ex.c ****        
 419:Drivers/STM32L0xx_HAL_Driver/Src/stm32l0xx_hal_dac_ex.c ****     /* Case of use of channel 1 */
 420:Drivers/STM32L0xx_HAL_Driver/Src/stm32l0xx_hal_dac_ex.c ****     switch(Alignment)
 421:Drivers/STM32L0xx_HAL_Driver/Src/stm32l0xx_hal_dac_ex.c ****     {
 422:Drivers/STM32L0xx_HAL_Driver/Src/stm32l0xx_hal_dac_ex.c ****       case DAC_ALIGN_12B_R:
 423:Drivers/STM32L0xx_HAL_Driver/Src/stm32l0xx_hal_dac_ex.c ****         /* Get DHR12R1 address */
 424:Drivers/STM32L0xx_HAL_Driver/Src/stm32l0xx_hal_dac_ex.c ****         tmpreg = (uint32_t)&hdac->Instance->DHR12R1;
 425:Drivers/STM32L0xx_HAL_Driver/Src/stm32l0xx_hal_dac_ex.c ****         break;
 426:Drivers/STM32L0xx_HAL_Driver/Src/stm32l0xx_hal_dac_ex.c ****       case DAC_ALIGN_12B_L:
 427:Drivers/STM32L0xx_HAL_Driver/Src/stm32l0xx_hal_dac_ex.c ****         /* Get DHR12L1 address */
 428:Drivers/STM32L0xx_HAL_Driver/Src/stm32l0xx_hal_dac_ex.c ****         tmpreg = (uint32_t)&hdac->Instance->DHR12L1;
 429:Drivers/STM32L0xx_HAL_Driver/Src/stm32l0xx_hal_dac_ex.c ****         break;
 430:Drivers/STM32L0xx_HAL_Driver/Src/stm32l0xx_hal_dac_ex.c ****       default: /* case DAC_ALIGN_8B_R */
 431:Drivers/STM32L0xx_HAL_Driver/Src/stm32l0xx_hal_dac_ex.c ****         /* Get DHR8R1 address */
ARM GAS  /var/folders/d7/pb3dkhys6j3db_qtp_8v34p80000gn/T//ccNR0MRk.s 			page 9


 432:Drivers/STM32L0xx_HAL_Driver/Src/stm32l0xx_hal_dac_ex.c ****         tmpreg = (uint32_t)&hdac->Instance->DHR8R1;
 433:Drivers/STM32L0xx_HAL_Driver/Src/stm32l0xx_hal_dac_ex.c ****         break;
 434:Drivers/STM32L0xx_HAL_Driver/Src/stm32l0xx_hal_dac_ex.c ****     }
 435:Drivers/STM32L0xx_HAL_Driver/Src/stm32l0xx_hal_dac_ex.c ****     UNUSED(tmpreg);     /* avoid warning on tmpreg affectation */
 436:Drivers/STM32L0xx_HAL_Driver/Src/stm32l0xx_hal_dac_ex.c ****   }
 437:Drivers/STM32L0xx_HAL_Driver/Src/stm32l0xx_hal_dac_ex.c ****   else
 438:Drivers/STM32L0xx_HAL_Driver/Src/stm32l0xx_hal_dac_ex.c ****   {
 439:Drivers/STM32L0xx_HAL_Driver/Src/stm32l0xx_hal_dac_ex.c ****     /* Set the DMA transfer complete callback for channel2 */
 440:Drivers/STM32L0xx_HAL_Driver/Src/stm32l0xx_hal_dac_ex.c ****     hdac->DMA_Handle2->XferCpltCallback = DAC_DMAConvCpltCh2;
 441:Drivers/STM32L0xx_HAL_Driver/Src/stm32l0xx_hal_dac_ex.c **** 
 442:Drivers/STM32L0xx_HAL_Driver/Src/stm32l0xx_hal_dac_ex.c ****     /* Set the DMA half transfer complete callback for channel2 */
 443:Drivers/STM32L0xx_HAL_Driver/Src/stm32l0xx_hal_dac_ex.c ****     hdac->DMA_Handle2->XferHalfCpltCallback = DAC_DMAHalfConvCpltCh2;
 444:Drivers/STM32L0xx_HAL_Driver/Src/stm32l0xx_hal_dac_ex.c ****     
 445:Drivers/STM32L0xx_HAL_Driver/Src/stm32l0xx_hal_dac_ex.c ****     /* Set the DMA error callback for channel2 */
 446:Drivers/STM32L0xx_HAL_Driver/Src/stm32l0xx_hal_dac_ex.c ****     hdac->DMA_Handle2->XferErrorCallback = DAC_DMAErrorCh2;
 447:Drivers/STM32L0xx_HAL_Driver/Src/stm32l0xx_hal_dac_ex.c **** 
 448:Drivers/STM32L0xx_HAL_Driver/Src/stm32l0xx_hal_dac_ex.c ****     /* Enable the selected DAC channel2 DMA request */
 449:Drivers/STM32L0xx_HAL_Driver/Src/stm32l0xx_hal_dac_ex.c ****     SET_BIT(hdac->Instance->CR, DAC_CR_DMAEN2);
 450:Drivers/STM32L0xx_HAL_Driver/Src/stm32l0xx_hal_dac_ex.c **** 
 451:Drivers/STM32L0xx_HAL_Driver/Src/stm32l0xx_hal_dac_ex.c ****     /* Case of use of channel 2 */
 452:Drivers/STM32L0xx_HAL_Driver/Src/stm32l0xx_hal_dac_ex.c ****     switch(Alignment)
 453:Drivers/STM32L0xx_HAL_Driver/Src/stm32l0xx_hal_dac_ex.c ****     {
 454:Drivers/STM32L0xx_HAL_Driver/Src/stm32l0xx_hal_dac_ex.c ****       case DAC_ALIGN_12B_R:
 455:Drivers/STM32L0xx_HAL_Driver/Src/stm32l0xx_hal_dac_ex.c ****         /* Get DHR12R2 address */
 456:Drivers/STM32L0xx_HAL_Driver/Src/stm32l0xx_hal_dac_ex.c ****         tmpreg = (uint32_t)&hdac->Instance->DHR12R2;
 457:Drivers/STM32L0xx_HAL_Driver/Src/stm32l0xx_hal_dac_ex.c ****         break;
 458:Drivers/STM32L0xx_HAL_Driver/Src/stm32l0xx_hal_dac_ex.c ****       case DAC_ALIGN_12B_L:
 459:Drivers/STM32L0xx_HAL_Driver/Src/stm32l0xx_hal_dac_ex.c ****         /* Get DHR12L2 address */
 460:Drivers/STM32L0xx_HAL_Driver/Src/stm32l0xx_hal_dac_ex.c ****         tmpreg = (uint32_t)&hdac->Instance->DHR12L2;
 461:Drivers/STM32L0xx_HAL_Driver/Src/stm32l0xx_hal_dac_ex.c ****         break;
 462:Drivers/STM32L0xx_HAL_Driver/Src/stm32l0xx_hal_dac_ex.c ****       default: /* case DAC_ALIGN_8B_R */
 463:Drivers/STM32L0xx_HAL_Driver/Src/stm32l0xx_hal_dac_ex.c ****         /* Get DHR8R2 address */
 464:Drivers/STM32L0xx_HAL_Driver/Src/stm32l0xx_hal_dac_ex.c ****         tmpreg = (uint32_t)&hdac->Instance->DHR8R2;
 465:Drivers/STM32L0xx_HAL_Driver/Src/stm32l0xx_hal_dac_ex.c ****         break;
 466:Drivers/STM32L0xx_HAL_Driver/Src/stm32l0xx_hal_dac_ex.c ****     }
 467:Drivers/STM32L0xx_HAL_Driver/Src/stm32l0xx_hal_dac_ex.c ****   }
 468:Drivers/STM32L0xx_HAL_Driver/Src/stm32l0xx_hal_dac_ex.c ****   
 469:Drivers/STM32L0xx_HAL_Driver/Src/stm32l0xx_hal_dac_ex.c ****   /* Enable the DMA Stream */
 470:Drivers/STM32L0xx_HAL_Driver/Src/stm32l0xx_hal_dac_ex.c ****   if(Channel == DAC_CHANNEL_1)
 471:Drivers/STM32L0xx_HAL_Driver/Src/stm32l0xx_hal_dac_ex.c ****   {
 472:Drivers/STM32L0xx_HAL_Driver/Src/stm32l0xx_hal_dac_ex.c ****     /* Enable the DAC DMA underrun interrupt */
 473:Drivers/STM32L0xx_HAL_Driver/Src/stm32l0xx_hal_dac_ex.c ****     __HAL_DAC_ENABLE_IT(hdac, DAC_IT_DMAUDR1);
 474:Drivers/STM32L0xx_HAL_Driver/Src/stm32l0xx_hal_dac_ex.c ****     
 475:Drivers/STM32L0xx_HAL_Driver/Src/stm32l0xx_hal_dac_ex.c ****     /* Enable the DMA Stream */
 476:Drivers/STM32L0xx_HAL_Driver/Src/stm32l0xx_hal_dac_ex.c ****     status = HAL_DMA_Start_IT(hdac->DMA_Handle1, (uint32_t)pData, tmpreg, Length);
 477:Drivers/STM32L0xx_HAL_Driver/Src/stm32l0xx_hal_dac_ex.c ****   } 
 478:Drivers/STM32L0xx_HAL_Driver/Src/stm32l0xx_hal_dac_ex.c ****   else
 479:Drivers/STM32L0xx_HAL_Driver/Src/stm32l0xx_hal_dac_ex.c ****   {
 480:Drivers/STM32L0xx_HAL_Driver/Src/stm32l0xx_hal_dac_ex.c ****     /* Enable the DAC DMA underrun interrupt */
 481:Drivers/STM32L0xx_HAL_Driver/Src/stm32l0xx_hal_dac_ex.c ****     __HAL_DAC_ENABLE_IT(hdac, DAC_IT_DMAUDR2);
 482:Drivers/STM32L0xx_HAL_Driver/Src/stm32l0xx_hal_dac_ex.c ****     
 483:Drivers/STM32L0xx_HAL_Driver/Src/stm32l0xx_hal_dac_ex.c ****     /* Enable the DMA Stream */
 484:Drivers/STM32L0xx_HAL_Driver/Src/stm32l0xx_hal_dac_ex.c ****     status = HAL_DMA_Start_IT(hdac->DMA_Handle2, (uint32_t)pData, tmpreg, Length);
 485:Drivers/STM32L0xx_HAL_Driver/Src/stm32l0xx_hal_dac_ex.c ****   }
 486:Drivers/STM32L0xx_HAL_Driver/Src/stm32l0xx_hal_dac_ex.c **** 
 487:Drivers/STM32L0xx_HAL_Driver/Src/stm32l0xx_hal_dac_ex.c ****   /* Process Unlocked */
 488:Drivers/STM32L0xx_HAL_Driver/Src/stm32l0xx_hal_dac_ex.c ****   __HAL_UNLOCK(hdac);
ARM GAS  /var/folders/d7/pb3dkhys6j3db_qtp_8v34p80000gn/T//ccNR0MRk.s 			page 10


 489:Drivers/STM32L0xx_HAL_Driver/Src/stm32l0xx_hal_dac_ex.c **** 
 490:Drivers/STM32L0xx_HAL_Driver/Src/stm32l0xx_hal_dac_ex.c ****   if (status == HAL_OK)
 491:Drivers/STM32L0xx_HAL_Driver/Src/stm32l0xx_hal_dac_ex.c ****   {
 492:Drivers/STM32L0xx_HAL_Driver/Src/stm32l0xx_hal_dac_ex.c ****     /* Enable the Peripheral */
 493:Drivers/STM32L0xx_HAL_Driver/Src/stm32l0xx_hal_dac_ex.c ****     __HAL_DAC_ENABLE(hdac, Channel);
 494:Drivers/STM32L0xx_HAL_Driver/Src/stm32l0xx_hal_dac_ex.c ****   }
 495:Drivers/STM32L0xx_HAL_Driver/Src/stm32l0xx_hal_dac_ex.c ****   else
 496:Drivers/STM32L0xx_HAL_Driver/Src/stm32l0xx_hal_dac_ex.c ****   {
 497:Drivers/STM32L0xx_HAL_Driver/Src/stm32l0xx_hal_dac_ex.c ****     hdac->ErrorCode |= HAL_DAC_ERROR_DMA;
 498:Drivers/STM32L0xx_HAL_Driver/Src/stm32l0xx_hal_dac_ex.c ****   }
 499:Drivers/STM32L0xx_HAL_Driver/Src/stm32l0xx_hal_dac_ex.c ****   /* Return function status */
 500:Drivers/STM32L0xx_HAL_Driver/Src/stm32l0xx_hal_dac_ex.c ****   return status;
 501:Drivers/STM32L0xx_HAL_Driver/Src/stm32l0xx_hal_dac_ex.c **** }
 502:Drivers/STM32L0xx_HAL_Driver/Src/stm32l0xx_hal_dac_ex.c **** 
 503:Drivers/STM32L0xx_HAL_Driver/Src/stm32l0xx_hal_dac_ex.c **** /**
 504:Drivers/STM32L0xx_HAL_Driver/Src/stm32l0xx_hal_dac_ex.c ****   * @brief  Disables DAC and stop conversion of channel.
 505:Drivers/STM32L0xx_HAL_Driver/Src/stm32l0xx_hal_dac_ex.c ****   * @param  hdac pointer to a DAC_HandleTypeDef structure that contains
 506:Drivers/STM32L0xx_HAL_Driver/Src/stm32l0xx_hal_dac_ex.c ****   *         the configuration information for the specified DAC.
 507:Drivers/STM32L0xx_HAL_Driver/Src/stm32l0xx_hal_dac_ex.c ****   * @param  Channel The selected DAC channel. 
 508:Drivers/STM32L0xx_HAL_Driver/Src/stm32l0xx_hal_dac_ex.c ****   *          This parameter can be one of the following values:
 509:Drivers/STM32L0xx_HAL_Driver/Src/stm32l0xx_hal_dac_ex.c ****   *            @arg DAC_CHANNEL_1: DAC Channel1 selected
 510:Drivers/STM32L0xx_HAL_Driver/Src/stm32l0xx_hal_dac_ex.c ****   *            @arg DAC_CHANNEL_2: DAC Channel2 selected
 511:Drivers/STM32L0xx_HAL_Driver/Src/stm32l0xx_hal_dac_ex.c ****   * @retval HAL status
 512:Drivers/STM32L0xx_HAL_Driver/Src/stm32l0xx_hal_dac_ex.c ****   */
 513:Drivers/STM32L0xx_HAL_Driver/Src/stm32l0xx_hal_dac_ex.c **** HAL_StatusTypeDef HAL_DAC_Stop_DMA(DAC_HandleTypeDef* hdac, uint32_t Channel)
 514:Drivers/STM32L0xx_HAL_Driver/Src/stm32l0xx_hal_dac_ex.c **** {
 515:Drivers/STM32L0xx_HAL_Driver/Src/stm32l0xx_hal_dac_ex.c ****   HAL_StatusTypeDef status = HAL_OK;
 516:Drivers/STM32L0xx_HAL_Driver/Src/stm32l0xx_hal_dac_ex.c **** 
 517:Drivers/STM32L0xx_HAL_Driver/Src/stm32l0xx_hal_dac_ex.c ****   /* Check the parameters */
 518:Drivers/STM32L0xx_HAL_Driver/Src/stm32l0xx_hal_dac_ex.c ****   assert_param(IS_DAC_CHANNEL(Channel));
 519:Drivers/STM32L0xx_HAL_Driver/Src/stm32l0xx_hal_dac_ex.c **** 
 520:Drivers/STM32L0xx_HAL_Driver/Src/stm32l0xx_hal_dac_ex.c ****   /* Disable the selected DAC channel DMA request */
 521:Drivers/STM32L0xx_HAL_Driver/Src/stm32l0xx_hal_dac_ex.c ****   CLEAR_BIT(hdac->Instance->CR, (DAC_CR_DMAEN1 << Channel));
 522:Drivers/STM32L0xx_HAL_Driver/Src/stm32l0xx_hal_dac_ex.c **** 
 523:Drivers/STM32L0xx_HAL_Driver/Src/stm32l0xx_hal_dac_ex.c ****   /* Disable the Peripharal */
 524:Drivers/STM32L0xx_HAL_Driver/Src/stm32l0xx_hal_dac_ex.c ****   __HAL_DAC_DISABLE(hdac, Channel);
 525:Drivers/STM32L0xx_HAL_Driver/Src/stm32l0xx_hal_dac_ex.c **** 
 526:Drivers/STM32L0xx_HAL_Driver/Src/stm32l0xx_hal_dac_ex.c ****   /* Disable the DMA Channel */
 527:Drivers/STM32L0xx_HAL_Driver/Src/stm32l0xx_hal_dac_ex.c ****   /* Channel1 is used */
 528:Drivers/STM32L0xx_HAL_Driver/Src/stm32l0xx_hal_dac_ex.c ****   if(Channel == DAC_CHANNEL_1)
 529:Drivers/STM32L0xx_HAL_Driver/Src/stm32l0xx_hal_dac_ex.c ****   { 
 530:Drivers/STM32L0xx_HAL_Driver/Src/stm32l0xx_hal_dac_ex.c ****     status = HAL_DMA_Abort(hdac->DMA_Handle1);
 531:Drivers/STM32L0xx_HAL_Driver/Src/stm32l0xx_hal_dac_ex.c ****   }
 532:Drivers/STM32L0xx_HAL_Driver/Src/stm32l0xx_hal_dac_ex.c ****   else /* Channel2 is used for */
 533:Drivers/STM32L0xx_HAL_Driver/Src/stm32l0xx_hal_dac_ex.c ****   { 
 534:Drivers/STM32L0xx_HAL_Driver/Src/stm32l0xx_hal_dac_ex.c ****     status = HAL_DMA_Abort(hdac->DMA_Handle2); 
 535:Drivers/STM32L0xx_HAL_Driver/Src/stm32l0xx_hal_dac_ex.c ****   }
 536:Drivers/STM32L0xx_HAL_Driver/Src/stm32l0xx_hal_dac_ex.c **** 
 537:Drivers/STM32L0xx_HAL_Driver/Src/stm32l0xx_hal_dac_ex.c ****   /* Check if DMA Channel effectively disabled */
 538:Drivers/STM32L0xx_HAL_Driver/Src/stm32l0xx_hal_dac_ex.c ****   if(status != HAL_OK)
 539:Drivers/STM32L0xx_HAL_Driver/Src/stm32l0xx_hal_dac_ex.c ****   {
 540:Drivers/STM32L0xx_HAL_Driver/Src/stm32l0xx_hal_dac_ex.c ****     /* Update DAC state machine to error */
 541:Drivers/STM32L0xx_HAL_Driver/Src/stm32l0xx_hal_dac_ex.c ****     hdac->State = HAL_DAC_STATE_ERROR;
 542:Drivers/STM32L0xx_HAL_Driver/Src/stm32l0xx_hal_dac_ex.c ****   }
 543:Drivers/STM32L0xx_HAL_Driver/Src/stm32l0xx_hal_dac_ex.c ****   else
 544:Drivers/STM32L0xx_HAL_Driver/Src/stm32l0xx_hal_dac_ex.c ****   {
 545:Drivers/STM32L0xx_HAL_Driver/Src/stm32l0xx_hal_dac_ex.c ****     /* Change DAC state */
ARM GAS  /var/folders/d7/pb3dkhys6j3db_qtp_8v34p80000gn/T//ccNR0MRk.s 			page 11


 546:Drivers/STM32L0xx_HAL_Driver/Src/stm32l0xx_hal_dac_ex.c ****     hdac->State = HAL_DAC_STATE_READY;
 547:Drivers/STM32L0xx_HAL_Driver/Src/stm32l0xx_hal_dac_ex.c ****   }
 548:Drivers/STM32L0xx_HAL_Driver/Src/stm32l0xx_hal_dac_ex.c **** 
 549:Drivers/STM32L0xx_HAL_Driver/Src/stm32l0xx_hal_dac_ex.c ****   /* Return function status */
 550:Drivers/STM32L0xx_HAL_Driver/Src/stm32l0xx_hal_dac_ex.c ****   return status;
 551:Drivers/STM32L0xx_HAL_Driver/Src/stm32l0xx_hal_dac_ex.c **** }
 552:Drivers/STM32L0xx_HAL_Driver/Src/stm32l0xx_hal_dac_ex.c **** 
 553:Drivers/STM32L0xx_HAL_Driver/Src/stm32l0xx_hal_dac_ex.c **** /**
 554:Drivers/STM32L0xx_HAL_Driver/Src/stm32l0xx_hal_dac_ex.c ****   * @brief  Returns the last data output value of the selected DAC channel.
 555:Drivers/STM32L0xx_HAL_Driver/Src/stm32l0xx_hal_dac_ex.c ****   * @param  hdac pointer to a DAC_HandleTypeDef structure that contains
 556:Drivers/STM32L0xx_HAL_Driver/Src/stm32l0xx_hal_dac_ex.c ****   *         the configuration information for the specified DAC.
 557:Drivers/STM32L0xx_HAL_Driver/Src/stm32l0xx_hal_dac_ex.c ****   * @param  Channel The selected DAC channel. 
 558:Drivers/STM32L0xx_HAL_Driver/Src/stm32l0xx_hal_dac_ex.c ****   *          This parameter can be one of the following values:
 559:Drivers/STM32L0xx_HAL_Driver/Src/stm32l0xx_hal_dac_ex.c ****   *            @arg DAC_CHANNEL_1: DAC Channel1 selected
 560:Drivers/STM32L0xx_HAL_Driver/Src/stm32l0xx_hal_dac_ex.c ****   *            @arg DAC_CHANNEL_2: DAC Channel2 selected
 561:Drivers/STM32L0xx_HAL_Driver/Src/stm32l0xx_hal_dac_ex.c ****   * @retval The selected DAC channel data output value.
 562:Drivers/STM32L0xx_HAL_Driver/Src/stm32l0xx_hal_dac_ex.c ****   */
 563:Drivers/STM32L0xx_HAL_Driver/Src/stm32l0xx_hal_dac_ex.c **** uint32_t HAL_DAC_GetValue(DAC_HandleTypeDef* hdac, uint32_t Channel)
 564:Drivers/STM32L0xx_HAL_Driver/Src/stm32l0xx_hal_dac_ex.c **** {
 565:Drivers/STM32L0xx_HAL_Driver/Src/stm32l0xx_hal_dac_ex.c ****   /* Check the parameters */
 566:Drivers/STM32L0xx_HAL_Driver/Src/stm32l0xx_hal_dac_ex.c ****   assert_param(IS_DAC_CHANNEL(Channel));
 567:Drivers/STM32L0xx_HAL_Driver/Src/stm32l0xx_hal_dac_ex.c ****   
 568:Drivers/STM32L0xx_HAL_Driver/Src/stm32l0xx_hal_dac_ex.c ****   /* Returns the DAC channel data output register value */
 569:Drivers/STM32L0xx_HAL_Driver/Src/stm32l0xx_hal_dac_ex.c ****   if(Channel == DAC_CHANNEL_1)
 570:Drivers/STM32L0xx_HAL_Driver/Src/stm32l0xx_hal_dac_ex.c ****   {
 571:Drivers/STM32L0xx_HAL_Driver/Src/stm32l0xx_hal_dac_ex.c ****     return hdac->Instance->DOR1;
 572:Drivers/STM32L0xx_HAL_Driver/Src/stm32l0xx_hal_dac_ex.c ****   }
 573:Drivers/STM32L0xx_HAL_Driver/Src/stm32l0xx_hal_dac_ex.c ****   else
 574:Drivers/STM32L0xx_HAL_Driver/Src/stm32l0xx_hal_dac_ex.c ****   {
 575:Drivers/STM32L0xx_HAL_Driver/Src/stm32l0xx_hal_dac_ex.c ****     return hdac->Instance->DOR2;
 576:Drivers/STM32L0xx_HAL_Driver/Src/stm32l0xx_hal_dac_ex.c ****   }
 577:Drivers/STM32L0xx_HAL_Driver/Src/stm32l0xx_hal_dac_ex.c **** }
 578:Drivers/STM32L0xx_HAL_Driver/Src/stm32l0xx_hal_dac_ex.c **** 
 579:Drivers/STM32L0xx_HAL_Driver/Src/stm32l0xx_hal_dac_ex.c **** /**
 580:Drivers/STM32L0xx_HAL_Driver/Src/stm32l0xx_hal_dac_ex.c ****   * @brief  Handles DAC interrupt request
 581:Drivers/STM32L0xx_HAL_Driver/Src/stm32l0xx_hal_dac_ex.c ****   * @param  hdac pointer to a DAC_HandleTypeDef structure that contains
 582:Drivers/STM32L0xx_HAL_Driver/Src/stm32l0xx_hal_dac_ex.c ****   *         the configuration information for the specified DAC.
 583:Drivers/STM32L0xx_HAL_Driver/Src/stm32l0xx_hal_dac_ex.c ****   * @retval None
 584:Drivers/STM32L0xx_HAL_Driver/Src/stm32l0xx_hal_dac_ex.c ****   */
 585:Drivers/STM32L0xx_HAL_Driver/Src/stm32l0xx_hal_dac_ex.c **** void HAL_DAC_IRQHandler(DAC_HandleTypeDef* hdac)
 586:Drivers/STM32L0xx_HAL_Driver/Src/stm32l0xx_hal_dac_ex.c **** {
 587:Drivers/STM32L0xx_HAL_Driver/Src/stm32l0xx_hal_dac_ex.c ****   /* Check underrun flag of DAC channel 1 */
 588:Drivers/STM32L0xx_HAL_Driver/Src/stm32l0xx_hal_dac_ex.c ****   if(__HAL_DAC_GET_FLAG(hdac, DAC_FLAG_DMAUDR1))
 589:Drivers/STM32L0xx_HAL_Driver/Src/stm32l0xx_hal_dac_ex.c ****   {
 590:Drivers/STM32L0xx_HAL_Driver/Src/stm32l0xx_hal_dac_ex.c ****     /* Change DAC state to error state */
 591:Drivers/STM32L0xx_HAL_Driver/Src/stm32l0xx_hal_dac_ex.c ****     hdac->State = HAL_DAC_STATE_ERROR;
 592:Drivers/STM32L0xx_HAL_Driver/Src/stm32l0xx_hal_dac_ex.c **** 
 593:Drivers/STM32L0xx_HAL_Driver/Src/stm32l0xx_hal_dac_ex.c ****     /* Set DAC error code to chanel1 DMA underrun error */
 594:Drivers/STM32L0xx_HAL_Driver/Src/stm32l0xx_hal_dac_ex.c ****     hdac->ErrorCode |= HAL_DAC_ERROR_DMAUNDERRUNCH1;
 595:Drivers/STM32L0xx_HAL_Driver/Src/stm32l0xx_hal_dac_ex.c **** 
 596:Drivers/STM32L0xx_HAL_Driver/Src/stm32l0xx_hal_dac_ex.c ****     /* Clear the underrun flag */
 597:Drivers/STM32L0xx_HAL_Driver/Src/stm32l0xx_hal_dac_ex.c ****     __HAL_DAC_CLEAR_FLAG(hdac,DAC_FLAG_DMAUDR1);
 598:Drivers/STM32L0xx_HAL_Driver/Src/stm32l0xx_hal_dac_ex.c **** 
 599:Drivers/STM32L0xx_HAL_Driver/Src/stm32l0xx_hal_dac_ex.c ****     /* Disable the selected DAC channel1 DMA request */
 600:Drivers/STM32L0xx_HAL_Driver/Src/stm32l0xx_hal_dac_ex.c ****     CLEAR_BIT(hdac->Instance->CR, DAC_CR_DMAEN1);
 601:Drivers/STM32L0xx_HAL_Driver/Src/stm32l0xx_hal_dac_ex.c **** 
 602:Drivers/STM32L0xx_HAL_Driver/Src/stm32l0xx_hal_dac_ex.c ****     /* Error callback */
ARM GAS  /var/folders/d7/pb3dkhys6j3db_qtp_8v34p80000gn/T//ccNR0MRk.s 			page 12


 603:Drivers/STM32L0xx_HAL_Driver/Src/stm32l0xx_hal_dac_ex.c **** #if (USE_HAL_DAC_REGISTER_CALLBACKS == 1)
 604:Drivers/STM32L0xx_HAL_Driver/Src/stm32l0xx_hal_dac_ex.c ****       hdac->DMAUnderrunCallbackCh1(hdac);
 605:Drivers/STM32L0xx_HAL_Driver/Src/stm32l0xx_hal_dac_ex.c **** #else
 606:Drivers/STM32L0xx_HAL_Driver/Src/stm32l0xx_hal_dac_ex.c ****     HAL_DAC_DMAUnderrunCallbackCh1(hdac);
 607:Drivers/STM32L0xx_HAL_Driver/Src/stm32l0xx_hal_dac_ex.c **** #endif
 608:Drivers/STM32L0xx_HAL_Driver/Src/stm32l0xx_hal_dac_ex.c ****   }
 609:Drivers/STM32L0xx_HAL_Driver/Src/stm32l0xx_hal_dac_ex.c ****   
 610:Drivers/STM32L0xx_HAL_Driver/Src/stm32l0xx_hal_dac_ex.c ****   /* Check underrun flag of DAC channel 2 */
 611:Drivers/STM32L0xx_HAL_Driver/Src/stm32l0xx_hal_dac_ex.c ****   if(__HAL_DAC_GET_FLAG(hdac, DAC_FLAG_DMAUDR2))
 612:Drivers/STM32L0xx_HAL_Driver/Src/stm32l0xx_hal_dac_ex.c ****   {
 613:Drivers/STM32L0xx_HAL_Driver/Src/stm32l0xx_hal_dac_ex.c ****     /* Change DAC state to error state */
 614:Drivers/STM32L0xx_HAL_Driver/Src/stm32l0xx_hal_dac_ex.c ****     hdac->State = HAL_DAC_STATE_ERROR;
 615:Drivers/STM32L0xx_HAL_Driver/Src/stm32l0xx_hal_dac_ex.c ****     
 616:Drivers/STM32L0xx_HAL_Driver/Src/stm32l0xx_hal_dac_ex.c ****     /* Set DAC error code to channel2 DMA underrun error */
 617:Drivers/STM32L0xx_HAL_Driver/Src/stm32l0xx_hal_dac_ex.c ****     hdac->ErrorCode |= HAL_DAC_ERROR_DMAUNDERRUNCH2;
 618:Drivers/STM32L0xx_HAL_Driver/Src/stm32l0xx_hal_dac_ex.c ****     
 619:Drivers/STM32L0xx_HAL_Driver/Src/stm32l0xx_hal_dac_ex.c ****     /* Clear the underrun flag */
 620:Drivers/STM32L0xx_HAL_Driver/Src/stm32l0xx_hal_dac_ex.c ****     __HAL_DAC_CLEAR_FLAG(hdac,DAC_FLAG_DMAUDR2);
 621:Drivers/STM32L0xx_HAL_Driver/Src/stm32l0xx_hal_dac_ex.c ****     
 622:Drivers/STM32L0xx_HAL_Driver/Src/stm32l0xx_hal_dac_ex.c ****     /* Disable the selected DAC channel1 DMA request */
 623:Drivers/STM32L0xx_HAL_Driver/Src/stm32l0xx_hal_dac_ex.c ****     CLEAR_BIT(hdac->Instance->CR, DAC_CR_DMAEN2);
 624:Drivers/STM32L0xx_HAL_Driver/Src/stm32l0xx_hal_dac_ex.c ****       
 625:Drivers/STM32L0xx_HAL_Driver/Src/stm32l0xx_hal_dac_ex.c ****     /* Error callback */ 
 626:Drivers/STM32L0xx_HAL_Driver/Src/stm32l0xx_hal_dac_ex.c **** #if (USE_HAL_DAC_REGISTER_CALLBACKS == 1)
 627:Drivers/STM32L0xx_HAL_Driver/Src/stm32l0xx_hal_dac_ex.c ****       hdac->DMAUnderrunCallbackCh2(hdac);
 628:Drivers/STM32L0xx_HAL_Driver/Src/stm32l0xx_hal_dac_ex.c **** #else
 629:Drivers/STM32L0xx_HAL_Driver/Src/stm32l0xx_hal_dac_ex.c ****     HAL_DACEx_DMAUnderrunCallbackCh2(hdac);
 630:Drivers/STM32L0xx_HAL_Driver/Src/stm32l0xx_hal_dac_ex.c **** #endif
 631:Drivers/STM32L0xx_HAL_Driver/Src/stm32l0xx_hal_dac_ex.c ****   }
 632:Drivers/STM32L0xx_HAL_Driver/Src/stm32l0xx_hal_dac_ex.c **** }
 633:Drivers/STM32L0xx_HAL_Driver/Src/stm32l0xx_hal_dac_ex.c **** 
 634:Drivers/STM32L0xx_HAL_Driver/Src/stm32l0xx_hal_dac_ex.c **** 
 635:Drivers/STM32L0xx_HAL_Driver/Src/stm32l0xx_hal_dac_ex.c **** /**
 636:Drivers/STM32L0xx_HAL_Driver/Src/stm32l0xx_hal_dac_ex.c ****   * @brief  Set the specified data holding register value for DAC channel.
 637:Drivers/STM32L0xx_HAL_Driver/Src/stm32l0xx_hal_dac_ex.c ****   * @param  hdac pointer to a DAC_HandleTypeDef structure that contains
 638:Drivers/STM32L0xx_HAL_Driver/Src/stm32l0xx_hal_dac_ex.c ****   *         the configuration information for the specified DAC.
 639:Drivers/STM32L0xx_HAL_Driver/Src/stm32l0xx_hal_dac_ex.c ****   * @param  Channel The selected DAC channel. 
 640:Drivers/STM32L0xx_HAL_Driver/Src/stm32l0xx_hal_dac_ex.c ****   *          This parameter can be one of the following values:
 641:Drivers/STM32L0xx_HAL_Driver/Src/stm32l0xx_hal_dac_ex.c ****   *            @arg DAC_CHANNEL_1: DAC Channel1 selected
 642:Drivers/STM32L0xx_HAL_Driver/Src/stm32l0xx_hal_dac_ex.c ****   *            @arg DAC_CHANNEL_2: DAC Channel2 selected
 643:Drivers/STM32L0xx_HAL_Driver/Src/stm32l0xx_hal_dac_ex.c ****   * @param  Alignment Specifies the data alignment.
 644:Drivers/STM32L0xx_HAL_Driver/Src/stm32l0xx_hal_dac_ex.c ****   *          This parameter can be one of the following values:
 645:Drivers/STM32L0xx_HAL_Driver/Src/stm32l0xx_hal_dac_ex.c ****   *            @arg DAC_ALIGN_8B_R: 8bit right data alignment selected
 646:Drivers/STM32L0xx_HAL_Driver/Src/stm32l0xx_hal_dac_ex.c ****   *            @arg DAC_ALIGN_12B_L: 12bit left data alignment selected
 647:Drivers/STM32L0xx_HAL_Driver/Src/stm32l0xx_hal_dac_ex.c ****   *            @arg DAC_ALIGN_12B_R: 12bit right data alignment selected
 648:Drivers/STM32L0xx_HAL_Driver/Src/stm32l0xx_hal_dac_ex.c ****   * @param  Data Data to be loaded in the selected data holding register.
 649:Drivers/STM32L0xx_HAL_Driver/Src/stm32l0xx_hal_dac_ex.c ****   * @retval HAL status
 650:Drivers/STM32L0xx_HAL_Driver/Src/stm32l0xx_hal_dac_ex.c ****   */
 651:Drivers/STM32L0xx_HAL_Driver/Src/stm32l0xx_hal_dac_ex.c **** HAL_StatusTypeDef HAL_DAC_SetValue(DAC_HandleTypeDef* hdac, uint32_t Channel, uint32_t Alignment, u
 652:Drivers/STM32L0xx_HAL_Driver/Src/stm32l0xx_hal_dac_ex.c **** {
 653:Drivers/STM32L0xx_HAL_Driver/Src/stm32l0xx_hal_dac_ex.c ****   __IO uint32_t tmp = 0U;
 654:Drivers/STM32L0xx_HAL_Driver/Src/stm32l0xx_hal_dac_ex.c **** 
 655:Drivers/STM32L0xx_HAL_Driver/Src/stm32l0xx_hal_dac_ex.c ****   /* Check the parameters */
 656:Drivers/STM32L0xx_HAL_Driver/Src/stm32l0xx_hal_dac_ex.c ****   assert_param(IS_DAC_CHANNEL(Channel));
 657:Drivers/STM32L0xx_HAL_Driver/Src/stm32l0xx_hal_dac_ex.c ****   assert_param(IS_DAC_ALIGN(Alignment));
 658:Drivers/STM32L0xx_HAL_Driver/Src/stm32l0xx_hal_dac_ex.c ****   assert_param(IS_DAC_DATA(Data));
 659:Drivers/STM32L0xx_HAL_Driver/Src/stm32l0xx_hal_dac_ex.c **** 
ARM GAS  /var/folders/d7/pb3dkhys6j3db_qtp_8v34p80000gn/T//ccNR0MRk.s 			page 13


 660:Drivers/STM32L0xx_HAL_Driver/Src/stm32l0xx_hal_dac_ex.c ****   tmp = (uint32_t)hdac->Instance; 
 661:Drivers/STM32L0xx_HAL_Driver/Src/stm32l0xx_hal_dac_ex.c ****   if(Channel == DAC_CHANNEL_1)
 662:Drivers/STM32L0xx_HAL_Driver/Src/stm32l0xx_hal_dac_ex.c ****   {
 663:Drivers/STM32L0xx_HAL_Driver/Src/stm32l0xx_hal_dac_ex.c ****     tmp += DAC_DHR12R1_ALIGNMENT(Alignment);
 664:Drivers/STM32L0xx_HAL_Driver/Src/stm32l0xx_hal_dac_ex.c ****   }
 665:Drivers/STM32L0xx_HAL_Driver/Src/stm32l0xx_hal_dac_ex.c ****   else
 666:Drivers/STM32L0xx_HAL_Driver/Src/stm32l0xx_hal_dac_ex.c ****   {
 667:Drivers/STM32L0xx_HAL_Driver/Src/stm32l0xx_hal_dac_ex.c ****     tmp += DAC_DHR12R2_ALIGNMENT(Alignment);
 668:Drivers/STM32L0xx_HAL_Driver/Src/stm32l0xx_hal_dac_ex.c ****   }
 669:Drivers/STM32L0xx_HAL_Driver/Src/stm32l0xx_hal_dac_ex.c **** 
 670:Drivers/STM32L0xx_HAL_Driver/Src/stm32l0xx_hal_dac_ex.c ****   /* Set the DAC channel selected data holding register */
 671:Drivers/STM32L0xx_HAL_Driver/Src/stm32l0xx_hal_dac_ex.c ****   *(__IO uint32_t *) tmp = Data;
 672:Drivers/STM32L0xx_HAL_Driver/Src/stm32l0xx_hal_dac_ex.c **** 
 673:Drivers/STM32L0xx_HAL_Driver/Src/stm32l0xx_hal_dac_ex.c ****   /* Return function status */
 674:Drivers/STM32L0xx_HAL_Driver/Src/stm32l0xx_hal_dac_ex.c ****   return HAL_OK;
 675:Drivers/STM32L0xx_HAL_Driver/Src/stm32l0xx_hal_dac_ex.c **** }
 676:Drivers/STM32L0xx_HAL_Driver/Src/stm32l0xx_hal_dac_ex.c **** #else /* All products with only one channel */
 677:Drivers/STM32L0xx_HAL_Driver/Src/stm32l0xx_hal_dac_ex.c **** 
 678:Drivers/STM32L0xx_HAL_Driver/Src/stm32l0xx_hal_dac_ex.c **** /**
 679:Drivers/STM32L0xx_HAL_Driver/Src/stm32l0xx_hal_dac_ex.c ****   * @brief  Enables DAC and starts conversion of channel.
 680:Drivers/STM32L0xx_HAL_Driver/Src/stm32l0xx_hal_dac_ex.c ****   * @param  hdac pointer to a DAC_HandleTypeDef structure that contains
 681:Drivers/STM32L0xx_HAL_Driver/Src/stm32l0xx_hal_dac_ex.c ****   *         the configuration information for the specified DAC.
 682:Drivers/STM32L0xx_HAL_Driver/Src/stm32l0xx_hal_dac_ex.c ****   * @param  Channel The selected DAC channel. 
 683:Drivers/STM32L0xx_HAL_Driver/Src/stm32l0xx_hal_dac_ex.c ****   *          This parameter can be one of the following values:
 684:Drivers/STM32L0xx_HAL_Driver/Src/stm32l0xx_hal_dac_ex.c ****   *            @arg DAC_CHANNEL_1: DAC Channel1 selected
 685:Drivers/STM32L0xx_HAL_Driver/Src/stm32l0xx_hal_dac_ex.c ****   * @retval HAL status
 686:Drivers/STM32L0xx_HAL_Driver/Src/stm32l0xx_hal_dac_ex.c ****   */
 687:Drivers/STM32L0xx_HAL_Driver/Src/stm32l0xx_hal_dac_ex.c **** HAL_StatusTypeDef HAL_DAC_Start(DAC_HandleTypeDef* hdac, uint32_t Channel)
 688:Drivers/STM32L0xx_HAL_Driver/Src/stm32l0xx_hal_dac_ex.c **** {
 689:Drivers/STM32L0xx_HAL_Driver/Src/stm32l0xx_hal_dac_ex.c ****   uint32_t tmp1 = 0U, tmp2 = 0U;
 690:Drivers/STM32L0xx_HAL_Driver/Src/stm32l0xx_hal_dac_ex.c ****   
 691:Drivers/STM32L0xx_HAL_Driver/Src/stm32l0xx_hal_dac_ex.c ****   /* Check the parameters */
 692:Drivers/STM32L0xx_HAL_Driver/Src/stm32l0xx_hal_dac_ex.c ****   assert_param(IS_DAC_CHANNEL(Channel));
 693:Drivers/STM32L0xx_HAL_Driver/Src/stm32l0xx_hal_dac_ex.c **** 
 694:Drivers/STM32L0xx_HAL_Driver/Src/stm32l0xx_hal_dac_ex.c ****   /* Process locked */
 695:Drivers/STM32L0xx_HAL_Driver/Src/stm32l0xx_hal_dac_ex.c ****   __HAL_LOCK(hdac);
 696:Drivers/STM32L0xx_HAL_Driver/Src/stm32l0xx_hal_dac_ex.c **** 
 697:Drivers/STM32L0xx_HAL_Driver/Src/stm32l0xx_hal_dac_ex.c ****   /* Change DAC state */
 698:Drivers/STM32L0xx_HAL_Driver/Src/stm32l0xx_hal_dac_ex.c ****   hdac->State = HAL_DAC_STATE_BUSY;
 699:Drivers/STM32L0xx_HAL_Driver/Src/stm32l0xx_hal_dac_ex.c **** 
 700:Drivers/STM32L0xx_HAL_Driver/Src/stm32l0xx_hal_dac_ex.c ****   /* Enable the Peripharal */
 701:Drivers/STM32L0xx_HAL_Driver/Src/stm32l0xx_hal_dac_ex.c ****   __HAL_DAC_ENABLE(hdac, Channel);
 702:Drivers/STM32L0xx_HAL_Driver/Src/stm32l0xx_hal_dac_ex.c **** 
 703:Drivers/STM32L0xx_HAL_Driver/Src/stm32l0xx_hal_dac_ex.c ****   tmp1 = hdac->Instance->CR & DAC_CR_TEN1;
 704:Drivers/STM32L0xx_HAL_Driver/Src/stm32l0xx_hal_dac_ex.c ****   tmp2 = hdac->Instance->CR & DAC_CR_TSEL1;
 705:Drivers/STM32L0xx_HAL_Driver/Src/stm32l0xx_hal_dac_ex.c ****   /* Check if software trigger enabled */
 706:Drivers/STM32L0xx_HAL_Driver/Src/stm32l0xx_hal_dac_ex.c ****   if((tmp1 ==  DAC_CR_TEN1) && (tmp2 ==  DAC_CR_TSEL1))
 707:Drivers/STM32L0xx_HAL_Driver/Src/stm32l0xx_hal_dac_ex.c ****   {
 708:Drivers/STM32L0xx_HAL_Driver/Src/stm32l0xx_hal_dac_ex.c ****     /* Enable the selected DAC software conversion */
 709:Drivers/STM32L0xx_HAL_Driver/Src/stm32l0xx_hal_dac_ex.c ****     SET_BIT(hdac->Instance->SWTRIGR, DAC_SWTRIGR_SWTRIG1);
 710:Drivers/STM32L0xx_HAL_Driver/Src/stm32l0xx_hal_dac_ex.c ****   }
 711:Drivers/STM32L0xx_HAL_Driver/Src/stm32l0xx_hal_dac_ex.c **** 
 712:Drivers/STM32L0xx_HAL_Driver/Src/stm32l0xx_hal_dac_ex.c ****   /* Change DAC state */
 713:Drivers/STM32L0xx_HAL_Driver/Src/stm32l0xx_hal_dac_ex.c ****   hdac->State = HAL_DAC_STATE_READY;
 714:Drivers/STM32L0xx_HAL_Driver/Src/stm32l0xx_hal_dac_ex.c **** 
 715:Drivers/STM32L0xx_HAL_Driver/Src/stm32l0xx_hal_dac_ex.c ****   /* Process unlocked */
 716:Drivers/STM32L0xx_HAL_Driver/Src/stm32l0xx_hal_dac_ex.c ****   __HAL_UNLOCK(hdac);
ARM GAS  /var/folders/d7/pb3dkhys6j3db_qtp_8v34p80000gn/T//ccNR0MRk.s 			page 14


 717:Drivers/STM32L0xx_HAL_Driver/Src/stm32l0xx_hal_dac_ex.c **** 
 718:Drivers/STM32L0xx_HAL_Driver/Src/stm32l0xx_hal_dac_ex.c ****   /* Return function status */
 719:Drivers/STM32L0xx_HAL_Driver/Src/stm32l0xx_hal_dac_ex.c ****   return HAL_OK;
 720:Drivers/STM32L0xx_HAL_Driver/Src/stm32l0xx_hal_dac_ex.c **** }
 721:Drivers/STM32L0xx_HAL_Driver/Src/stm32l0xx_hal_dac_ex.c **** 
 722:Drivers/STM32L0xx_HAL_Driver/Src/stm32l0xx_hal_dac_ex.c **** /**
 723:Drivers/STM32L0xx_HAL_Driver/Src/stm32l0xx_hal_dac_ex.c ****   * @brief  Enables DAC and starts conversion of channel using DMA.
 724:Drivers/STM32L0xx_HAL_Driver/Src/stm32l0xx_hal_dac_ex.c ****   * @param  hdac pointer to a DAC_HandleTypeDef structure that contains
 725:Drivers/STM32L0xx_HAL_Driver/Src/stm32l0xx_hal_dac_ex.c ****   *         the configuration information for the specified DAC.
 726:Drivers/STM32L0xx_HAL_Driver/Src/stm32l0xx_hal_dac_ex.c ****   * @param  Channel The selected DAC channel. 
 727:Drivers/STM32L0xx_HAL_Driver/Src/stm32l0xx_hal_dac_ex.c ****   *          This parameter can be one of the following values:
 728:Drivers/STM32L0xx_HAL_Driver/Src/stm32l0xx_hal_dac_ex.c ****   *            @arg DAC_CHANNEL_1: DAC Channel1 selected
 729:Drivers/STM32L0xx_HAL_Driver/Src/stm32l0xx_hal_dac_ex.c ****   * @param  pData The destination peripheral Buffer address.
 730:Drivers/STM32L0xx_HAL_Driver/Src/stm32l0xx_hal_dac_ex.c ****   * @param  Length The length of data to be transferred from memory to DAC peripheral
 731:Drivers/STM32L0xx_HAL_Driver/Src/stm32l0xx_hal_dac_ex.c ****   * @param  Alignment Specifies the data alignment for DAC channel.
 732:Drivers/STM32L0xx_HAL_Driver/Src/stm32l0xx_hal_dac_ex.c ****   *          This parameter can be one of the following values:
 733:Drivers/STM32L0xx_HAL_Driver/Src/stm32l0xx_hal_dac_ex.c ****   *            @arg DAC_ALIGN_8B_R: 8bit right data alignment selected
 734:Drivers/STM32L0xx_HAL_Driver/Src/stm32l0xx_hal_dac_ex.c ****   *            @arg DAC_ALIGN_12B_L: 12bit left data alignment selected
 735:Drivers/STM32L0xx_HAL_Driver/Src/stm32l0xx_hal_dac_ex.c ****   *            @arg DAC_ALIGN_12B_R: 12bit right data alignment selected
 736:Drivers/STM32L0xx_HAL_Driver/Src/stm32l0xx_hal_dac_ex.c ****   * @retval HAL status
 737:Drivers/STM32L0xx_HAL_Driver/Src/stm32l0xx_hal_dac_ex.c ****   */
 738:Drivers/STM32L0xx_HAL_Driver/Src/stm32l0xx_hal_dac_ex.c **** HAL_StatusTypeDef HAL_DAC_Start_DMA(DAC_HandleTypeDef* hdac, uint32_t Channel, uint32_t* pData, uin
 739:Drivers/STM32L0xx_HAL_Driver/Src/stm32l0xx_hal_dac_ex.c **** {
 740:Drivers/STM32L0xx_HAL_Driver/Src/stm32l0xx_hal_dac_ex.c ****   HAL_StatusTypeDef status;
 741:Drivers/STM32L0xx_HAL_Driver/Src/stm32l0xx_hal_dac_ex.c ****   uint32_t tmpreg = 0U;
 742:Drivers/STM32L0xx_HAL_Driver/Src/stm32l0xx_hal_dac_ex.c **** 
 743:Drivers/STM32L0xx_HAL_Driver/Src/stm32l0xx_hal_dac_ex.c ****   /* Check the parameters */
 744:Drivers/STM32L0xx_HAL_Driver/Src/stm32l0xx_hal_dac_ex.c ****   assert_param(IS_DAC_CHANNEL(Channel));
 745:Drivers/STM32L0xx_HAL_Driver/Src/stm32l0xx_hal_dac_ex.c ****   assert_param(IS_DAC_ALIGN(Alignment));
 746:Drivers/STM32L0xx_HAL_Driver/Src/stm32l0xx_hal_dac_ex.c **** 
 747:Drivers/STM32L0xx_HAL_Driver/Src/stm32l0xx_hal_dac_ex.c ****   /* Process locked */
 748:Drivers/STM32L0xx_HAL_Driver/Src/stm32l0xx_hal_dac_ex.c ****   __HAL_LOCK(hdac);
 749:Drivers/STM32L0xx_HAL_Driver/Src/stm32l0xx_hal_dac_ex.c **** 
 750:Drivers/STM32L0xx_HAL_Driver/Src/stm32l0xx_hal_dac_ex.c ****   /* Change DAC state */
 751:Drivers/STM32L0xx_HAL_Driver/Src/stm32l0xx_hal_dac_ex.c ****   hdac->State = HAL_DAC_STATE_BUSY;
 752:Drivers/STM32L0xx_HAL_Driver/Src/stm32l0xx_hal_dac_ex.c **** 
 753:Drivers/STM32L0xx_HAL_Driver/Src/stm32l0xx_hal_dac_ex.c ****   /* Set the DMA transfer complete callback for channel1 */
 754:Drivers/STM32L0xx_HAL_Driver/Src/stm32l0xx_hal_dac_ex.c ****   hdac->DMA_Handle1->XferCpltCallback = DAC_DMAConvCpltCh1;
 755:Drivers/STM32L0xx_HAL_Driver/Src/stm32l0xx_hal_dac_ex.c **** 
 756:Drivers/STM32L0xx_HAL_Driver/Src/stm32l0xx_hal_dac_ex.c ****   /* Set the DMA half transfer complete callback for channel1 */
 757:Drivers/STM32L0xx_HAL_Driver/Src/stm32l0xx_hal_dac_ex.c ****   hdac->DMA_Handle1->XferHalfCpltCallback = DAC_DMAHalfConvCpltCh1;
 758:Drivers/STM32L0xx_HAL_Driver/Src/stm32l0xx_hal_dac_ex.c **** 
 759:Drivers/STM32L0xx_HAL_Driver/Src/stm32l0xx_hal_dac_ex.c ****   /* Set the DMA error callback for channel1 */
 760:Drivers/STM32L0xx_HAL_Driver/Src/stm32l0xx_hal_dac_ex.c ****   hdac->DMA_Handle1->XferErrorCallback = DAC_DMAErrorCh1;
 761:Drivers/STM32L0xx_HAL_Driver/Src/stm32l0xx_hal_dac_ex.c **** 
 762:Drivers/STM32L0xx_HAL_Driver/Src/stm32l0xx_hal_dac_ex.c ****   /* Enable the selected DAC channel1 DMA request */
 763:Drivers/STM32L0xx_HAL_Driver/Src/stm32l0xx_hal_dac_ex.c ****   SET_BIT(hdac->Instance->CR, DAC_CR_DMAEN1);
 764:Drivers/STM32L0xx_HAL_Driver/Src/stm32l0xx_hal_dac_ex.c ****      
 765:Drivers/STM32L0xx_HAL_Driver/Src/stm32l0xx_hal_dac_ex.c ****   /* Case of use of channel 1 */
 766:Drivers/STM32L0xx_HAL_Driver/Src/stm32l0xx_hal_dac_ex.c ****   switch(Alignment)
 767:Drivers/STM32L0xx_HAL_Driver/Src/stm32l0xx_hal_dac_ex.c ****   {
 768:Drivers/STM32L0xx_HAL_Driver/Src/stm32l0xx_hal_dac_ex.c ****     case DAC_ALIGN_12B_R:
 769:Drivers/STM32L0xx_HAL_Driver/Src/stm32l0xx_hal_dac_ex.c ****       /* Get DHR12R1 address */
 770:Drivers/STM32L0xx_HAL_Driver/Src/stm32l0xx_hal_dac_ex.c ****       tmpreg = (uint32_t)&hdac->Instance->DHR12R1;
 771:Drivers/STM32L0xx_HAL_Driver/Src/stm32l0xx_hal_dac_ex.c ****       break;
 772:Drivers/STM32L0xx_HAL_Driver/Src/stm32l0xx_hal_dac_ex.c ****     case DAC_ALIGN_12B_L:
 773:Drivers/STM32L0xx_HAL_Driver/Src/stm32l0xx_hal_dac_ex.c ****       /* Get DHR12L1 address */
ARM GAS  /var/folders/d7/pb3dkhys6j3db_qtp_8v34p80000gn/T//ccNR0MRk.s 			page 15


 774:Drivers/STM32L0xx_HAL_Driver/Src/stm32l0xx_hal_dac_ex.c ****       tmpreg = (uint32_t)&hdac->Instance->DHR12L1;
 775:Drivers/STM32L0xx_HAL_Driver/Src/stm32l0xx_hal_dac_ex.c ****       break;
 776:Drivers/STM32L0xx_HAL_Driver/Src/stm32l0xx_hal_dac_ex.c ****     default:
 777:Drivers/STM32L0xx_HAL_Driver/Src/stm32l0xx_hal_dac_ex.c ****       /* Get DHR8R1 address */
 778:Drivers/STM32L0xx_HAL_Driver/Src/stm32l0xx_hal_dac_ex.c ****       tmpreg = (uint32_t)&hdac->Instance->DHR8R1;
 779:Drivers/STM32L0xx_HAL_Driver/Src/stm32l0xx_hal_dac_ex.c ****       break;
 780:Drivers/STM32L0xx_HAL_Driver/Src/stm32l0xx_hal_dac_ex.c ****   }
 781:Drivers/STM32L0xx_HAL_Driver/Src/stm32l0xx_hal_dac_ex.c ****   UNUSED(tmpreg);   /* avoid warning on tmpreg affectation */
 782:Drivers/STM32L0xx_HAL_Driver/Src/stm32l0xx_hal_dac_ex.c **** 
 783:Drivers/STM32L0xx_HAL_Driver/Src/stm32l0xx_hal_dac_ex.c ****   /* Enable the DAC DMA underrun interrupt */
 784:Drivers/STM32L0xx_HAL_Driver/Src/stm32l0xx_hal_dac_ex.c ****   __HAL_DAC_ENABLE_IT(hdac, DAC_IT_DMAUDR1);
 785:Drivers/STM32L0xx_HAL_Driver/Src/stm32l0xx_hal_dac_ex.c ****   
 786:Drivers/STM32L0xx_HAL_Driver/Src/stm32l0xx_hal_dac_ex.c ****   /* Enable the DMA Stream */
 787:Drivers/STM32L0xx_HAL_Driver/Src/stm32l0xx_hal_dac_ex.c ****   status = HAL_DMA_Start_IT(hdac->DMA_Handle1, (uint32_t)pData, tmpreg, Length);
 788:Drivers/STM32L0xx_HAL_Driver/Src/stm32l0xx_hal_dac_ex.c ****   
 789:Drivers/STM32L0xx_HAL_Driver/Src/stm32l0xx_hal_dac_ex.c ****   /* Enable the Peripharal */
 790:Drivers/STM32L0xx_HAL_Driver/Src/stm32l0xx_hal_dac_ex.c ****   /* Process Unlocked */
 791:Drivers/STM32L0xx_HAL_Driver/Src/stm32l0xx_hal_dac_ex.c ****   __HAL_UNLOCK(hdac);
 792:Drivers/STM32L0xx_HAL_Driver/Src/stm32l0xx_hal_dac_ex.c **** 
 793:Drivers/STM32L0xx_HAL_Driver/Src/stm32l0xx_hal_dac_ex.c ****   if (status == HAL_OK)
 794:Drivers/STM32L0xx_HAL_Driver/Src/stm32l0xx_hal_dac_ex.c ****   {
 795:Drivers/STM32L0xx_HAL_Driver/Src/stm32l0xx_hal_dac_ex.c ****   /* Enable the Peripharal */
 796:Drivers/STM32L0xx_HAL_Driver/Src/stm32l0xx_hal_dac_ex.c ****   __HAL_DAC_ENABLE(hdac, Channel);
 797:Drivers/STM32L0xx_HAL_Driver/Src/stm32l0xx_hal_dac_ex.c ****   }
 798:Drivers/STM32L0xx_HAL_Driver/Src/stm32l0xx_hal_dac_ex.c ****   else
 799:Drivers/STM32L0xx_HAL_Driver/Src/stm32l0xx_hal_dac_ex.c ****   {
 800:Drivers/STM32L0xx_HAL_Driver/Src/stm32l0xx_hal_dac_ex.c ****     hdac->ErrorCode |= HAL_DAC_ERROR_DMA;
 801:Drivers/STM32L0xx_HAL_Driver/Src/stm32l0xx_hal_dac_ex.c ****   }
 802:Drivers/STM32L0xx_HAL_Driver/Src/stm32l0xx_hal_dac_ex.c ****   
 803:Drivers/STM32L0xx_HAL_Driver/Src/stm32l0xx_hal_dac_ex.c ****   /* Return function status */
 804:Drivers/STM32L0xx_HAL_Driver/Src/stm32l0xx_hal_dac_ex.c ****   return status;
 805:Drivers/STM32L0xx_HAL_Driver/Src/stm32l0xx_hal_dac_ex.c **** }
 806:Drivers/STM32L0xx_HAL_Driver/Src/stm32l0xx_hal_dac_ex.c **** 
 807:Drivers/STM32L0xx_HAL_Driver/Src/stm32l0xx_hal_dac_ex.c **** /**
 808:Drivers/STM32L0xx_HAL_Driver/Src/stm32l0xx_hal_dac_ex.c ****   * @brief  Disables DAC and stop conversion of channel.
 809:Drivers/STM32L0xx_HAL_Driver/Src/stm32l0xx_hal_dac_ex.c ****   * @param  hdac pointer to a DAC_HandleTypeDef structure that contains
 810:Drivers/STM32L0xx_HAL_Driver/Src/stm32l0xx_hal_dac_ex.c ****   *         the configuration information for the specified DAC.
 811:Drivers/STM32L0xx_HAL_Driver/Src/stm32l0xx_hal_dac_ex.c ****   * @param  Channel The selected DAC channel. 
 812:Drivers/STM32L0xx_HAL_Driver/Src/stm32l0xx_hal_dac_ex.c ****   *          This parameter can be one of the following values:
 813:Drivers/STM32L0xx_HAL_Driver/Src/stm32l0xx_hal_dac_ex.c ****   *            @arg DAC_CHANNEL_1: DAC Channel1 selected
 814:Drivers/STM32L0xx_HAL_Driver/Src/stm32l0xx_hal_dac_ex.c ****   * @retval HAL status
 815:Drivers/STM32L0xx_HAL_Driver/Src/stm32l0xx_hal_dac_ex.c ****   */
 816:Drivers/STM32L0xx_HAL_Driver/Src/stm32l0xx_hal_dac_ex.c **** HAL_StatusTypeDef HAL_DAC_Stop_DMA(DAC_HandleTypeDef* hdac, uint32_t Channel)
 817:Drivers/STM32L0xx_HAL_Driver/Src/stm32l0xx_hal_dac_ex.c **** {
 818:Drivers/STM32L0xx_HAL_Driver/Src/stm32l0xx_hal_dac_ex.c ****   HAL_StatusTypeDef status = HAL_OK;
 819:Drivers/STM32L0xx_HAL_Driver/Src/stm32l0xx_hal_dac_ex.c **** 
 820:Drivers/STM32L0xx_HAL_Driver/Src/stm32l0xx_hal_dac_ex.c ****   /* Check the parameters */
 821:Drivers/STM32L0xx_HAL_Driver/Src/stm32l0xx_hal_dac_ex.c ****   assert_param(IS_DAC_CHANNEL(Channel));
 822:Drivers/STM32L0xx_HAL_Driver/Src/stm32l0xx_hal_dac_ex.c **** 
 823:Drivers/STM32L0xx_HAL_Driver/Src/stm32l0xx_hal_dac_ex.c ****   /* Disable the selected DAC channel DMA request */
 824:Drivers/STM32L0xx_HAL_Driver/Src/stm32l0xx_hal_dac_ex.c ****   CLEAR_BIT(hdac->Instance->CR, (DAC_CR_DMAEN1 << Channel));
 825:Drivers/STM32L0xx_HAL_Driver/Src/stm32l0xx_hal_dac_ex.c **** 
 826:Drivers/STM32L0xx_HAL_Driver/Src/stm32l0xx_hal_dac_ex.c ****   /* Disable the Peripharal */
 827:Drivers/STM32L0xx_HAL_Driver/Src/stm32l0xx_hal_dac_ex.c ****   __HAL_DAC_DISABLE(hdac, Channel);
 828:Drivers/STM32L0xx_HAL_Driver/Src/stm32l0xx_hal_dac_ex.c **** 
 829:Drivers/STM32L0xx_HAL_Driver/Src/stm32l0xx_hal_dac_ex.c ****   /* Disable the DMA Channel */
 830:Drivers/STM32L0xx_HAL_Driver/Src/stm32l0xx_hal_dac_ex.c ****   status = HAL_DMA_Abort(hdac->DMA_Handle1);
ARM GAS  /var/folders/d7/pb3dkhys6j3db_qtp_8v34p80000gn/T//ccNR0MRk.s 			page 16


 831:Drivers/STM32L0xx_HAL_Driver/Src/stm32l0xx_hal_dac_ex.c **** 
 832:Drivers/STM32L0xx_HAL_Driver/Src/stm32l0xx_hal_dac_ex.c ****   /* Check if DMA Channel effectively disabled */
 833:Drivers/STM32L0xx_HAL_Driver/Src/stm32l0xx_hal_dac_ex.c ****   if(status != HAL_OK)
 834:Drivers/STM32L0xx_HAL_Driver/Src/stm32l0xx_hal_dac_ex.c ****   {
 835:Drivers/STM32L0xx_HAL_Driver/Src/stm32l0xx_hal_dac_ex.c ****     /* Update DAC state machine to error */
 836:Drivers/STM32L0xx_HAL_Driver/Src/stm32l0xx_hal_dac_ex.c ****     hdac->State = HAL_DAC_STATE_ERROR;
 837:Drivers/STM32L0xx_HAL_Driver/Src/stm32l0xx_hal_dac_ex.c ****   }
 838:Drivers/STM32L0xx_HAL_Driver/Src/stm32l0xx_hal_dac_ex.c ****   else
 839:Drivers/STM32L0xx_HAL_Driver/Src/stm32l0xx_hal_dac_ex.c ****   {
 840:Drivers/STM32L0xx_HAL_Driver/Src/stm32l0xx_hal_dac_ex.c ****     /* Change DAC state */
 841:Drivers/STM32L0xx_HAL_Driver/Src/stm32l0xx_hal_dac_ex.c ****     hdac->State = HAL_DAC_STATE_READY;
 842:Drivers/STM32L0xx_HAL_Driver/Src/stm32l0xx_hal_dac_ex.c ****   }
 843:Drivers/STM32L0xx_HAL_Driver/Src/stm32l0xx_hal_dac_ex.c **** 
 844:Drivers/STM32L0xx_HAL_Driver/Src/stm32l0xx_hal_dac_ex.c ****   /* Return function status */
 845:Drivers/STM32L0xx_HAL_Driver/Src/stm32l0xx_hal_dac_ex.c ****   return status;
 846:Drivers/STM32L0xx_HAL_Driver/Src/stm32l0xx_hal_dac_ex.c **** }
 847:Drivers/STM32L0xx_HAL_Driver/Src/stm32l0xx_hal_dac_ex.c **** 
 848:Drivers/STM32L0xx_HAL_Driver/Src/stm32l0xx_hal_dac_ex.c **** /**
 849:Drivers/STM32L0xx_HAL_Driver/Src/stm32l0xx_hal_dac_ex.c ****   * @brief  Returns the last data output value of the selected DAC channel.
 850:Drivers/STM32L0xx_HAL_Driver/Src/stm32l0xx_hal_dac_ex.c ****   * @param  hdac pointer to a DAC_HandleTypeDef structure that contains
 851:Drivers/STM32L0xx_HAL_Driver/Src/stm32l0xx_hal_dac_ex.c ****   *         the configuration information for the specified DAC.
 852:Drivers/STM32L0xx_HAL_Driver/Src/stm32l0xx_hal_dac_ex.c ****   * @param  Channel The selected DAC channel. 
 853:Drivers/STM32L0xx_HAL_Driver/Src/stm32l0xx_hal_dac_ex.c ****   *          This parameter can be one of the following values:
 854:Drivers/STM32L0xx_HAL_Driver/Src/stm32l0xx_hal_dac_ex.c ****   *            @arg DAC_CHANNEL_1: DAC Channel1 selected
 855:Drivers/STM32L0xx_HAL_Driver/Src/stm32l0xx_hal_dac_ex.c ****   * @retval The selected DAC channel data output value.
 856:Drivers/STM32L0xx_HAL_Driver/Src/stm32l0xx_hal_dac_ex.c ****   */
 857:Drivers/STM32L0xx_HAL_Driver/Src/stm32l0xx_hal_dac_ex.c **** uint32_t HAL_DAC_GetValue(DAC_HandleTypeDef* hdac, uint32_t Channel)
 858:Drivers/STM32L0xx_HAL_Driver/Src/stm32l0xx_hal_dac_ex.c **** {
 859:Drivers/STM32L0xx_HAL_Driver/Src/stm32l0xx_hal_dac_ex.c ****   /* Check the parameters */
 860:Drivers/STM32L0xx_HAL_Driver/Src/stm32l0xx_hal_dac_ex.c ****   assert_param(IS_DAC_CHANNEL(Channel));
 861:Drivers/STM32L0xx_HAL_Driver/Src/stm32l0xx_hal_dac_ex.c ****   
 862:Drivers/STM32L0xx_HAL_Driver/Src/stm32l0xx_hal_dac_ex.c ****   /* Returns the DAC channel data output register value */
 863:Drivers/STM32L0xx_HAL_Driver/Src/stm32l0xx_hal_dac_ex.c ****   return hdac->Instance->DOR1;
 864:Drivers/STM32L0xx_HAL_Driver/Src/stm32l0xx_hal_dac_ex.c **** }
 865:Drivers/STM32L0xx_HAL_Driver/Src/stm32l0xx_hal_dac_ex.c **** 
 866:Drivers/STM32L0xx_HAL_Driver/Src/stm32l0xx_hal_dac_ex.c **** /**
 867:Drivers/STM32L0xx_HAL_Driver/Src/stm32l0xx_hal_dac_ex.c ****   * @brief  Handles DAC interrupt request
 868:Drivers/STM32L0xx_HAL_Driver/Src/stm32l0xx_hal_dac_ex.c ****   * @param  hdac pointer to a DAC_HandleTypeDef structure that contains
 869:Drivers/STM32L0xx_HAL_Driver/Src/stm32l0xx_hal_dac_ex.c ****   *         the configuration information for the specified DAC.
 870:Drivers/STM32L0xx_HAL_Driver/Src/stm32l0xx_hal_dac_ex.c ****   * @retval None
 871:Drivers/STM32L0xx_HAL_Driver/Src/stm32l0xx_hal_dac_ex.c ****   */
 872:Drivers/STM32L0xx_HAL_Driver/Src/stm32l0xx_hal_dac_ex.c **** void HAL_DAC_IRQHandler(DAC_HandleTypeDef* hdac)
 873:Drivers/STM32L0xx_HAL_Driver/Src/stm32l0xx_hal_dac_ex.c **** {
 874:Drivers/STM32L0xx_HAL_Driver/Src/stm32l0xx_hal_dac_ex.c ****   /* Check underrun flag of DAC channel 1 */
 875:Drivers/STM32L0xx_HAL_Driver/Src/stm32l0xx_hal_dac_ex.c ****   if(__HAL_DAC_GET_FLAG(hdac, DAC_FLAG_DMAUDR1))
 876:Drivers/STM32L0xx_HAL_Driver/Src/stm32l0xx_hal_dac_ex.c ****   {
 877:Drivers/STM32L0xx_HAL_Driver/Src/stm32l0xx_hal_dac_ex.c ****     /* Change DAC state to error state */
 878:Drivers/STM32L0xx_HAL_Driver/Src/stm32l0xx_hal_dac_ex.c ****     hdac->State = HAL_DAC_STATE_ERROR;
 879:Drivers/STM32L0xx_HAL_Driver/Src/stm32l0xx_hal_dac_ex.c **** 
 880:Drivers/STM32L0xx_HAL_Driver/Src/stm32l0xx_hal_dac_ex.c ****     /* Set DAC error code to chanel1 DMA underrun error */
 881:Drivers/STM32L0xx_HAL_Driver/Src/stm32l0xx_hal_dac_ex.c ****     hdac->ErrorCode |= HAL_DAC_ERROR_DMAUNDERRUNCH1;
 882:Drivers/STM32L0xx_HAL_Driver/Src/stm32l0xx_hal_dac_ex.c **** 
 883:Drivers/STM32L0xx_HAL_Driver/Src/stm32l0xx_hal_dac_ex.c ****     /* Clear the underrun flag */
 884:Drivers/STM32L0xx_HAL_Driver/Src/stm32l0xx_hal_dac_ex.c ****     __HAL_DAC_CLEAR_FLAG(hdac,DAC_FLAG_DMAUDR1);
 885:Drivers/STM32L0xx_HAL_Driver/Src/stm32l0xx_hal_dac_ex.c **** 
 886:Drivers/STM32L0xx_HAL_Driver/Src/stm32l0xx_hal_dac_ex.c ****     /* Disable the selected DAC channel1 DMA request */
 887:Drivers/STM32L0xx_HAL_Driver/Src/stm32l0xx_hal_dac_ex.c ****     CLEAR_BIT(hdac->Instance->CR, DAC_CR_DMAEN1);
ARM GAS  /var/folders/d7/pb3dkhys6j3db_qtp_8v34p80000gn/T//ccNR0MRk.s 			page 17


 888:Drivers/STM32L0xx_HAL_Driver/Src/stm32l0xx_hal_dac_ex.c **** 
 889:Drivers/STM32L0xx_HAL_Driver/Src/stm32l0xx_hal_dac_ex.c ****     /* Error callback */
 890:Drivers/STM32L0xx_HAL_Driver/Src/stm32l0xx_hal_dac_ex.c ****     HAL_DAC_DMAUnderrunCallbackCh1(hdac);
 891:Drivers/STM32L0xx_HAL_Driver/Src/stm32l0xx_hal_dac_ex.c ****   }
 892:Drivers/STM32L0xx_HAL_Driver/Src/stm32l0xx_hal_dac_ex.c **** }
 893:Drivers/STM32L0xx_HAL_Driver/Src/stm32l0xx_hal_dac_ex.c **** 
 894:Drivers/STM32L0xx_HAL_Driver/Src/stm32l0xx_hal_dac_ex.c **** /**
 895:Drivers/STM32L0xx_HAL_Driver/Src/stm32l0xx_hal_dac_ex.c ****   * @brief  Set the specified data holding register value for DAC channel.
 896:Drivers/STM32L0xx_HAL_Driver/Src/stm32l0xx_hal_dac_ex.c ****   * @param  hdac pointer to a DAC_HandleTypeDef structure that contains
 897:Drivers/STM32L0xx_HAL_Driver/Src/stm32l0xx_hal_dac_ex.c ****   *         the configuration information for the specified DAC.
 898:Drivers/STM32L0xx_HAL_Driver/Src/stm32l0xx_hal_dac_ex.c ****   * @param  Channel The selected DAC channel. 
 899:Drivers/STM32L0xx_HAL_Driver/Src/stm32l0xx_hal_dac_ex.c ****   *          This parameter can be one of the following values:
 900:Drivers/STM32L0xx_HAL_Driver/Src/stm32l0xx_hal_dac_ex.c ****   *            @arg DAC_CHANNEL_1: DAC Channel1 selected
 901:Drivers/STM32L0xx_HAL_Driver/Src/stm32l0xx_hal_dac_ex.c ****   * @param  Alignment Specifies the data alignment.
 902:Drivers/STM32L0xx_HAL_Driver/Src/stm32l0xx_hal_dac_ex.c ****   *          This parameter can be one of the following values:
 903:Drivers/STM32L0xx_HAL_Driver/Src/stm32l0xx_hal_dac_ex.c ****   *            @arg DAC_ALIGN_8B_R: 8bit right data alignment selected
 904:Drivers/STM32L0xx_HAL_Driver/Src/stm32l0xx_hal_dac_ex.c ****   *            @arg DAC_ALIGN_12B_L: 12bit left data alignment selected
 905:Drivers/STM32L0xx_HAL_Driver/Src/stm32l0xx_hal_dac_ex.c ****   *            @arg DAC_ALIGN_12B_R: 12bit right data alignment selected
 906:Drivers/STM32L0xx_HAL_Driver/Src/stm32l0xx_hal_dac_ex.c ****   * @param  Data Data to be loaded in the selected data holding register.
 907:Drivers/STM32L0xx_HAL_Driver/Src/stm32l0xx_hal_dac_ex.c ****   * @retval HAL status
 908:Drivers/STM32L0xx_HAL_Driver/Src/stm32l0xx_hal_dac_ex.c ****   */
 909:Drivers/STM32L0xx_HAL_Driver/Src/stm32l0xx_hal_dac_ex.c **** HAL_StatusTypeDef HAL_DAC_SetValue(DAC_HandleTypeDef* hdac, uint32_t Channel, uint32_t Alignment, u
 910:Drivers/STM32L0xx_HAL_Driver/Src/stm32l0xx_hal_dac_ex.c **** {
 911:Drivers/STM32L0xx_HAL_Driver/Src/stm32l0xx_hal_dac_ex.c ****   __IO uint32_t tmp = 0U;
 912:Drivers/STM32L0xx_HAL_Driver/Src/stm32l0xx_hal_dac_ex.c **** 
 913:Drivers/STM32L0xx_HAL_Driver/Src/stm32l0xx_hal_dac_ex.c ****   /* Check the parameters */
 914:Drivers/STM32L0xx_HAL_Driver/Src/stm32l0xx_hal_dac_ex.c ****   assert_param(IS_DAC_CHANNEL(Channel));
 915:Drivers/STM32L0xx_HAL_Driver/Src/stm32l0xx_hal_dac_ex.c ****   assert_param(IS_DAC_ALIGN(Alignment));
 916:Drivers/STM32L0xx_HAL_Driver/Src/stm32l0xx_hal_dac_ex.c ****   assert_param(IS_DAC_DATA(Data));
 917:Drivers/STM32L0xx_HAL_Driver/Src/stm32l0xx_hal_dac_ex.c **** 
 918:Drivers/STM32L0xx_HAL_Driver/Src/stm32l0xx_hal_dac_ex.c ****   tmp = (uint32_t)hdac->Instance; 
 919:Drivers/STM32L0xx_HAL_Driver/Src/stm32l0xx_hal_dac_ex.c ****   tmp += DAC_DHR12R1_ALIGNMENT(Alignment);
 920:Drivers/STM32L0xx_HAL_Driver/Src/stm32l0xx_hal_dac_ex.c **** 
 921:Drivers/STM32L0xx_HAL_Driver/Src/stm32l0xx_hal_dac_ex.c ****   /* Set the DAC channel selected data holding register */
 922:Drivers/STM32L0xx_HAL_Driver/Src/stm32l0xx_hal_dac_ex.c ****   *(__IO uint32_t *) tmp = Data;
 923:Drivers/STM32L0xx_HAL_Driver/Src/stm32l0xx_hal_dac_ex.c **** 
 924:Drivers/STM32L0xx_HAL_Driver/Src/stm32l0xx_hal_dac_ex.c ****   /* Return function status */
 925:Drivers/STM32L0xx_HAL_Driver/Src/stm32l0xx_hal_dac_ex.c ****   return HAL_OK;
 926:Drivers/STM32L0xx_HAL_Driver/Src/stm32l0xx_hal_dac_ex.c **** }
 927:Drivers/STM32L0xx_HAL_Driver/Src/stm32l0xx_hal_dac_ex.c **** 
 928:Drivers/STM32L0xx_HAL_Driver/Src/stm32l0xx_hal_dac_ex.c **** #endif  /* #if defined (STM32L072xx) || defined (STM32L073xx) || defined (STM32L082xx) || defined (
 929:Drivers/STM32L0xx_HAL_Driver/Src/stm32l0xx_hal_dac_ex.c **** 
 930:Drivers/STM32L0xx_HAL_Driver/Src/stm32l0xx_hal_dac_ex.c **** /**
 931:Drivers/STM32L0xx_HAL_Driver/Src/stm32l0xx_hal_dac_ex.c ****   * @}
 932:Drivers/STM32L0xx_HAL_Driver/Src/stm32l0xx_hal_dac_ex.c ****   */
 933:Drivers/STM32L0xx_HAL_Driver/Src/stm32l0xx_hal_dac_ex.c **** 
 934:Drivers/STM32L0xx_HAL_Driver/Src/stm32l0xx_hal_dac_ex.c **** /**
 935:Drivers/STM32L0xx_HAL_Driver/Src/stm32l0xx_hal_dac_ex.c ****   * @}
 936:Drivers/STM32L0xx_HAL_Driver/Src/stm32l0xx_hal_dac_ex.c ****   */
 937:Drivers/STM32L0xx_HAL_Driver/Src/stm32l0xx_hal_dac_ex.c **** 
 938:Drivers/STM32L0xx_HAL_Driver/Src/stm32l0xx_hal_dac_ex.c **** /** @addtogroup DACEx_Private
 939:Drivers/STM32L0xx_HAL_Driver/Src/stm32l0xx_hal_dac_ex.c ****   * @{
 940:Drivers/STM32L0xx_HAL_Driver/Src/stm32l0xx_hal_dac_ex.c ****   */
 941:Drivers/STM32L0xx_HAL_Driver/Src/stm32l0xx_hal_dac_ex.c **** #if defined (STM32L072xx) || defined (STM32L073xx) || defined (STM32L082xx) || defined (STM32L083xx
 942:Drivers/STM32L0xx_HAL_Driver/Src/stm32l0xx_hal_dac_ex.c **** /**
 943:Drivers/STM32L0xx_HAL_Driver/Src/stm32l0xx_hal_dac_ex.c ****   * @brief  DMA conversion complete callback. 
 944:Drivers/STM32L0xx_HAL_Driver/Src/stm32l0xx_hal_dac_ex.c ****   * @param  hdma pointer to a DMA_HandleTypeDef structure that contains
ARM GAS  /var/folders/d7/pb3dkhys6j3db_qtp_8v34p80000gn/T//ccNR0MRk.s 			page 18


 945:Drivers/STM32L0xx_HAL_Driver/Src/stm32l0xx_hal_dac_ex.c ****   *                the configuration information for the specified DMA module.
 946:Drivers/STM32L0xx_HAL_Driver/Src/stm32l0xx_hal_dac_ex.c ****   * @retval None
 947:Drivers/STM32L0xx_HAL_Driver/Src/stm32l0xx_hal_dac_ex.c ****   */
 948:Drivers/STM32L0xx_HAL_Driver/Src/stm32l0xx_hal_dac_ex.c **** static void DAC_DMAConvCpltCh2(DMA_HandleTypeDef *hdma)   
 949:Drivers/STM32L0xx_HAL_Driver/Src/stm32l0xx_hal_dac_ex.c **** {
 950:Drivers/STM32L0xx_HAL_Driver/Src/stm32l0xx_hal_dac_ex.c ****   DAC_HandleTypeDef* hdac = ( DAC_HandleTypeDef* )((DMA_HandleTypeDef* )hdma)->Parent;
 951:Drivers/STM32L0xx_HAL_Driver/Src/stm32l0xx_hal_dac_ex.c ****   
 952:Drivers/STM32L0xx_HAL_Driver/Src/stm32l0xx_hal_dac_ex.c ****   HAL_DACEx_ConvCpltCallbackCh2(hdac); 
 953:Drivers/STM32L0xx_HAL_Driver/Src/stm32l0xx_hal_dac_ex.c ****   
 954:Drivers/STM32L0xx_HAL_Driver/Src/stm32l0xx_hal_dac_ex.c ****   hdac->State= HAL_DAC_STATE_READY;
 955:Drivers/STM32L0xx_HAL_Driver/Src/stm32l0xx_hal_dac_ex.c **** }
 956:Drivers/STM32L0xx_HAL_Driver/Src/stm32l0xx_hal_dac_ex.c **** 
 957:Drivers/STM32L0xx_HAL_Driver/Src/stm32l0xx_hal_dac_ex.c **** /**
 958:Drivers/STM32L0xx_HAL_Driver/Src/stm32l0xx_hal_dac_ex.c ****   * @brief  DMA half transfer complete callback. 
 959:Drivers/STM32L0xx_HAL_Driver/Src/stm32l0xx_hal_dac_ex.c ****   * @param  hdma pointer to a DMA_HandleTypeDef structure that contains
 960:Drivers/STM32L0xx_HAL_Driver/Src/stm32l0xx_hal_dac_ex.c ****   *                the configuration information for the specified DMA module.
 961:Drivers/STM32L0xx_HAL_Driver/Src/stm32l0xx_hal_dac_ex.c ****   * @retval None
 962:Drivers/STM32L0xx_HAL_Driver/Src/stm32l0xx_hal_dac_ex.c ****   */
 963:Drivers/STM32L0xx_HAL_Driver/Src/stm32l0xx_hal_dac_ex.c **** static void DAC_DMAHalfConvCpltCh2(DMA_HandleTypeDef *hdma)   
 964:Drivers/STM32L0xx_HAL_Driver/Src/stm32l0xx_hal_dac_ex.c **** {
 965:Drivers/STM32L0xx_HAL_Driver/Src/stm32l0xx_hal_dac_ex.c ****     DAC_HandleTypeDef* hdac = ( DAC_HandleTypeDef* )((DMA_HandleTypeDef* )hdma)->Parent;
 966:Drivers/STM32L0xx_HAL_Driver/Src/stm32l0xx_hal_dac_ex.c ****     /* Conversion complete callback */
 967:Drivers/STM32L0xx_HAL_Driver/Src/stm32l0xx_hal_dac_ex.c ****     HAL_DACEx_ConvHalfCpltCallbackCh2(hdac); 
 968:Drivers/STM32L0xx_HAL_Driver/Src/stm32l0xx_hal_dac_ex.c **** }
 969:Drivers/STM32L0xx_HAL_Driver/Src/stm32l0xx_hal_dac_ex.c **** 
 970:Drivers/STM32L0xx_HAL_Driver/Src/stm32l0xx_hal_dac_ex.c **** /**
 971:Drivers/STM32L0xx_HAL_Driver/Src/stm32l0xx_hal_dac_ex.c ****   * @brief  DMA error callback 
 972:Drivers/STM32L0xx_HAL_Driver/Src/stm32l0xx_hal_dac_ex.c ****   * @param  hdma pointer to a DMA_HandleTypeDef structure that contains
 973:Drivers/STM32L0xx_HAL_Driver/Src/stm32l0xx_hal_dac_ex.c ****   *                the configuration information for the specified DMA module.
 974:Drivers/STM32L0xx_HAL_Driver/Src/stm32l0xx_hal_dac_ex.c ****   * @retval None
 975:Drivers/STM32L0xx_HAL_Driver/Src/stm32l0xx_hal_dac_ex.c ****   */
 976:Drivers/STM32L0xx_HAL_Driver/Src/stm32l0xx_hal_dac_ex.c **** static void DAC_DMAErrorCh2(DMA_HandleTypeDef *hdma)   
 977:Drivers/STM32L0xx_HAL_Driver/Src/stm32l0xx_hal_dac_ex.c **** {
 978:Drivers/STM32L0xx_HAL_Driver/Src/stm32l0xx_hal_dac_ex.c ****   DAC_HandleTypeDef* hdac = ( DAC_HandleTypeDef* )((DMA_HandleTypeDef* )hdma)->Parent;
 979:Drivers/STM32L0xx_HAL_Driver/Src/stm32l0xx_hal_dac_ex.c ****     
 980:Drivers/STM32L0xx_HAL_Driver/Src/stm32l0xx_hal_dac_ex.c ****   /* Set DAC error code to DMA error */
 981:Drivers/STM32L0xx_HAL_Driver/Src/stm32l0xx_hal_dac_ex.c ****   hdac->ErrorCode |= HAL_DAC_ERROR_DMA;
 982:Drivers/STM32L0xx_HAL_Driver/Src/stm32l0xx_hal_dac_ex.c ****     
 983:Drivers/STM32L0xx_HAL_Driver/Src/stm32l0xx_hal_dac_ex.c ****   HAL_DACEx_ErrorCallbackCh2(hdac); 
 984:Drivers/STM32L0xx_HAL_Driver/Src/stm32l0xx_hal_dac_ex.c ****     
 985:Drivers/STM32L0xx_HAL_Driver/Src/stm32l0xx_hal_dac_ex.c ****   hdac->State= HAL_DAC_STATE_READY;
 986:Drivers/STM32L0xx_HAL_Driver/Src/stm32l0xx_hal_dac_ex.c **** }
 987:Drivers/STM32L0xx_HAL_Driver/Src/stm32l0xx_hal_dac_ex.c **** #endif /* STM32L072xx || STM32L073xx || STM32L082xx || STM32L083xx */
 988:Drivers/STM32L0xx_HAL_Driver/Src/stm32l0xx_hal_dac_ex.c **** 
 989:Drivers/STM32L0xx_HAL_Driver/Src/stm32l0xx_hal_dac_ex.c **** /**
 990:Drivers/STM32L0xx_HAL_Driver/Src/stm32l0xx_hal_dac_ex.c ****   * @brief  DMA conversion complete callback. 
 991:Drivers/STM32L0xx_HAL_Driver/Src/stm32l0xx_hal_dac_ex.c ****   * @param  hdma pointer to a DMA_HandleTypeDef structure that contains
 992:Drivers/STM32L0xx_HAL_Driver/Src/stm32l0xx_hal_dac_ex.c ****   *                the configuration information for the specified DMA module.
 993:Drivers/STM32L0xx_HAL_Driver/Src/stm32l0xx_hal_dac_ex.c ****   * @retval None
 994:Drivers/STM32L0xx_HAL_Driver/Src/stm32l0xx_hal_dac_ex.c ****   */
 995:Drivers/STM32L0xx_HAL_Driver/Src/stm32l0xx_hal_dac_ex.c **** static void DAC_DMAConvCpltCh1(DMA_HandleTypeDef *hdma)   
 996:Drivers/STM32L0xx_HAL_Driver/Src/stm32l0xx_hal_dac_ex.c **** {
 997:Drivers/STM32L0xx_HAL_Driver/Src/stm32l0xx_hal_dac_ex.c ****   DAC_HandleTypeDef* hdac = ( DAC_HandleTypeDef* )((DMA_HandleTypeDef* )hdma)->Parent;
 998:Drivers/STM32L0xx_HAL_Driver/Src/stm32l0xx_hal_dac_ex.c ****   
 999:Drivers/STM32L0xx_HAL_Driver/Src/stm32l0xx_hal_dac_ex.c **** #if (USE_HAL_DAC_REGISTER_CALLBACKS == 1)
1000:Drivers/STM32L0xx_HAL_Driver/Src/stm32l0xx_hal_dac_ex.c ****   hdac->ConvCpltCallbackCh1(hdac);
1001:Drivers/STM32L0xx_HAL_Driver/Src/stm32l0xx_hal_dac_ex.c **** #else
ARM GAS  /var/folders/d7/pb3dkhys6j3db_qtp_8v34p80000gn/T//ccNR0MRk.s 			page 19


1002:Drivers/STM32L0xx_HAL_Driver/Src/stm32l0xx_hal_dac_ex.c ****   HAL_DAC_ConvCpltCallbackCh1(hdac); 
1003:Drivers/STM32L0xx_HAL_Driver/Src/stm32l0xx_hal_dac_ex.c **** #endif
1004:Drivers/STM32L0xx_HAL_Driver/Src/stm32l0xx_hal_dac_ex.c ****   
1005:Drivers/STM32L0xx_HAL_Driver/Src/stm32l0xx_hal_dac_ex.c ****   hdac->State= HAL_DAC_STATE_READY;
1006:Drivers/STM32L0xx_HAL_Driver/Src/stm32l0xx_hal_dac_ex.c **** }
1007:Drivers/STM32L0xx_HAL_Driver/Src/stm32l0xx_hal_dac_ex.c **** 
1008:Drivers/STM32L0xx_HAL_Driver/Src/stm32l0xx_hal_dac_ex.c **** /**
1009:Drivers/STM32L0xx_HAL_Driver/Src/stm32l0xx_hal_dac_ex.c ****   * @brief  DMA half transfer complete callback.
1010:Drivers/STM32L0xx_HAL_Driver/Src/stm32l0xx_hal_dac_ex.c ****   * @param  hdma pointer to a DMA_HandleTypeDef structure that contains
1011:Drivers/STM32L0xx_HAL_Driver/Src/stm32l0xx_hal_dac_ex.c ****   *                the configuration information for the specified DMA module.
1012:Drivers/STM32L0xx_HAL_Driver/Src/stm32l0xx_hal_dac_ex.c ****   * @retval None
1013:Drivers/STM32L0xx_HAL_Driver/Src/stm32l0xx_hal_dac_ex.c ****   */
1014:Drivers/STM32L0xx_HAL_Driver/Src/stm32l0xx_hal_dac_ex.c **** static void DAC_DMAHalfConvCpltCh1(DMA_HandleTypeDef *hdma)
1015:Drivers/STM32L0xx_HAL_Driver/Src/stm32l0xx_hal_dac_ex.c **** {
1016:Drivers/STM32L0xx_HAL_Driver/Src/stm32l0xx_hal_dac_ex.c ****   DAC_HandleTypeDef* hdac = ( DAC_HandleTypeDef* )((DMA_HandleTypeDef* )hdma)->Parent;
1017:Drivers/STM32L0xx_HAL_Driver/Src/stm32l0xx_hal_dac_ex.c **** 
1018:Drivers/STM32L0xx_HAL_Driver/Src/stm32l0xx_hal_dac_ex.c ****   /* Conversion complete callback */
1019:Drivers/STM32L0xx_HAL_Driver/Src/stm32l0xx_hal_dac_ex.c **** #if (USE_HAL_DAC_REGISTER_CALLBACKS == 1)
1020:Drivers/STM32L0xx_HAL_Driver/Src/stm32l0xx_hal_dac_ex.c ****   hdac->ConvHalfCpltCallbackCh1(hdac);
1021:Drivers/STM32L0xx_HAL_Driver/Src/stm32l0xx_hal_dac_ex.c **** #else
1022:Drivers/STM32L0xx_HAL_Driver/Src/stm32l0xx_hal_dac_ex.c ****   HAL_DAC_ConvHalfCpltCallbackCh1(hdac);
1023:Drivers/STM32L0xx_HAL_Driver/Src/stm32l0xx_hal_dac_ex.c **** #endif  
1024:Drivers/STM32L0xx_HAL_Driver/Src/stm32l0xx_hal_dac_ex.c **** }
1025:Drivers/STM32L0xx_HAL_Driver/Src/stm32l0xx_hal_dac_ex.c **** 
1026:Drivers/STM32L0xx_HAL_Driver/Src/stm32l0xx_hal_dac_ex.c **** /**
1027:Drivers/STM32L0xx_HAL_Driver/Src/stm32l0xx_hal_dac_ex.c ****   * @brief  DMA error callback
1028:Drivers/STM32L0xx_HAL_Driver/Src/stm32l0xx_hal_dac_ex.c ****   * @param  hdma pointer to a DMA_HandleTypeDef structure that contains
1029:Drivers/STM32L0xx_HAL_Driver/Src/stm32l0xx_hal_dac_ex.c ****   *                the configuration information for the specified DMA module.
1030:Drivers/STM32L0xx_HAL_Driver/Src/stm32l0xx_hal_dac_ex.c ****   * @retval None
1031:Drivers/STM32L0xx_HAL_Driver/Src/stm32l0xx_hal_dac_ex.c ****   */
1032:Drivers/STM32L0xx_HAL_Driver/Src/stm32l0xx_hal_dac_ex.c **** static void DAC_DMAErrorCh1(DMA_HandleTypeDef *hdma)
1033:Drivers/STM32L0xx_HAL_Driver/Src/stm32l0xx_hal_dac_ex.c **** {
  27              		.loc 1 1033 1 view -0
  28              		.cfi_startproc
  29              		@ args = 0, pretend = 0, frame = 0
  30              		@ frame_needed = 0, uses_anonymous_args = 0
  31              		.loc 1 1033 1 is_stmt 0 view .LVU1
  32 0000 10B5     		push	{r4, lr}
  33              	.LCFI0:
  34              		.cfi_def_cfa_offset 8
  35              		.cfi_offset 4, -8
  36              		.cfi_offset 14, -4
1034:Drivers/STM32L0xx_HAL_Driver/Src/stm32l0xx_hal_dac_ex.c ****   DAC_HandleTypeDef* hdac = ( DAC_HandleTypeDef* )((DMA_HandleTypeDef* )hdma)->Parent;
  37              		.loc 1 1034 3 is_stmt 1 view .LVU2
  38              		.loc 1 1034 22 is_stmt 0 view .LVU3
  39 0002 846A     		ldr	r4, [r0, #40]
  40              	.LVL1:
1035:Drivers/STM32L0xx_HAL_Driver/Src/stm32l0xx_hal_dac_ex.c **** 
1036:Drivers/STM32L0xx_HAL_Driver/Src/stm32l0xx_hal_dac_ex.c ****   /* Set DAC error code to DMA error */
1037:Drivers/STM32L0xx_HAL_Driver/Src/stm32l0xx_hal_dac_ex.c ****   hdac->ErrorCode |= HAL_DAC_ERROR_DMA;
  41              		.loc 1 1037 3 is_stmt 1 view .LVU4
  42              		.loc 1 1037 7 is_stmt 0 view .LVU5
  43 0004 E368     		ldr	r3, [r4, #12]
  44              		.loc 1 1037 19 view .LVU6
  45 0006 0422     		movs	r2, #4
  46 0008 1343     		orrs	r3, r2
  47 000a E360     		str	r3, [r4, #12]
ARM GAS  /var/folders/d7/pb3dkhys6j3db_qtp_8v34p80000gn/T//ccNR0MRk.s 			page 20


1038:Drivers/STM32L0xx_HAL_Driver/Src/stm32l0xx_hal_dac_ex.c **** 
1039:Drivers/STM32L0xx_HAL_Driver/Src/stm32l0xx_hal_dac_ex.c ****   HAL_DAC_ErrorCallbackCh1(hdac);
  48              		.loc 1 1039 3 is_stmt 1 view .LVU7
  49 000c 2000     		movs	r0, r4
  50              	.LVL2:
  51              		.loc 1 1039 3 is_stmt 0 view .LVU8
  52 000e FFF7FEFF 		bl	HAL_DAC_ErrorCallbackCh1
  53              	.LVL3:
1040:Drivers/STM32L0xx_HAL_Driver/Src/stm32l0xx_hal_dac_ex.c **** 
1041:Drivers/STM32L0xx_HAL_Driver/Src/stm32l0xx_hal_dac_ex.c ****   hdac->State= HAL_DAC_STATE_READY;
  54              		.loc 1 1041 3 is_stmt 1 view .LVU9
  55              		.loc 1 1041 14 is_stmt 0 view .LVU10
  56 0012 0123     		movs	r3, #1
  57 0014 2371     		strb	r3, [r4, #4]
1042:Drivers/STM32L0xx_HAL_Driver/Src/stm32l0xx_hal_dac_ex.c **** }
  58              		.loc 1 1042 1 view .LVU11
  59              		@ sp needed
  60              	.LVL4:
  61              		.loc 1 1042 1 view .LVU12
  62 0016 10BD     		pop	{r4, pc}
  63              		.cfi_endproc
  64              	.LFE57:
  66              		.section	.text.DAC_DMAHalfConvCpltCh1,"ax",%progbits
  67              		.align	1
  68              		.syntax unified
  69              		.code	16
  70              		.thumb_func
  72              	DAC_DMAHalfConvCpltCh1:
  73              	.LVL5:
  74              	.LFB56:
1015:Drivers/STM32L0xx_HAL_Driver/Src/stm32l0xx_hal_dac_ex.c ****   DAC_HandleTypeDef* hdac = ( DAC_HandleTypeDef* )((DMA_HandleTypeDef* )hdma)->Parent;
  75              		.loc 1 1015 1 is_stmt 1 view -0
  76              		.cfi_startproc
  77              		@ args = 0, pretend = 0, frame = 0
  78              		@ frame_needed = 0, uses_anonymous_args = 0
1015:Drivers/STM32L0xx_HAL_Driver/Src/stm32l0xx_hal_dac_ex.c ****   DAC_HandleTypeDef* hdac = ( DAC_HandleTypeDef* )((DMA_HandleTypeDef* )hdma)->Parent;
  79              		.loc 1 1015 1 is_stmt 0 view .LVU14
  80 0000 10B5     		push	{r4, lr}
  81              	.LCFI1:
  82              		.cfi_def_cfa_offset 8
  83              		.cfi_offset 4, -8
  84              		.cfi_offset 14, -4
1016:Drivers/STM32L0xx_HAL_Driver/Src/stm32l0xx_hal_dac_ex.c **** 
  85              		.loc 1 1016 3 is_stmt 1 view .LVU15
1016:Drivers/STM32L0xx_HAL_Driver/Src/stm32l0xx_hal_dac_ex.c **** 
  86              		.loc 1 1016 22 is_stmt 0 view .LVU16
  87 0002 806A     		ldr	r0, [r0, #40]
  88              	.LVL6:
1022:Drivers/STM32L0xx_HAL_Driver/Src/stm32l0xx_hal_dac_ex.c **** #endif  
  89              		.loc 1 1022 3 is_stmt 1 view .LVU17
  90 0004 FFF7FEFF 		bl	HAL_DAC_ConvHalfCpltCallbackCh1
  91              	.LVL7:
1024:Drivers/STM32L0xx_HAL_Driver/Src/stm32l0xx_hal_dac_ex.c **** 
  92              		.loc 1 1024 1 is_stmt 0 view .LVU18
  93              		@ sp needed
  94 0008 10BD     		pop	{r4, pc}
  95              		.cfi_endproc
ARM GAS  /var/folders/d7/pb3dkhys6j3db_qtp_8v34p80000gn/T//ccNR0MRk.s 			page 21


  96              	.LFE56:
  98              		.section	.text.DAC_DMAConvCpltCh1,"ax",%progbits
  99              		.align	1
 100              		.syntax unified
 101              		.code	16
 102              		.thumb_func
 104              	DAC_DMAConvCpltCh1:
 105              	.LVL8:
 106              	.LFB55:
 996:Drivers/STM32L0xx_HAL_Driver/Src/stm32l0xx_hal_dac_ex.c ****   DAC_HandleTypeDef* hdac = ( DAC_HandleTypeDef* )((DMA_HandleTypeDef* )hdma)->Parent;
 107              		.loc 1 996 1 is_stmt 1 view -0
 108              		.cfi_startproc
 109              		@ args = 0, pretend = 0, frame = 0
 110              		@ frame_needed = 0, uses_anonymous_args = 0
 996:Drivers/STM32L0xx_HAL_Driver/Src/stm32l0xx_hal_dac_ex.c ****   DAC_HandleTypeDef* hdac = ( DAC_HandleTypeDef* )((DMA_HandleTypeDef* )hdma)->Parent;
 111              		.loc 1 996 1 is_stmt 0 view .LVU20
 112 0000 10B5     		push	{r4, lr}
 113              	.LCFI2:
 114              		.cfi_def_cfa_offset 8
 115              		.cfi_offset 4, -8
 116              		.cfi_offset 14, -4
 997:Drivers/STM32L0xx_HAL_Driver/Src/stm32l0xx_hal_dac_ex.c ****   
 117              		.loc 1 997 3 is_stmt 1 view .LVU21
 997:Drivers/STM32L0xx_HAL_Driver/Src/stm32l0xx_hal_dac_ex.c ****   
 118              		.loc 1 997 22 is_stmt 0 view .LVU22
 119 0002 846A     		ldr	r4, [r0, #40]
 120              	.LVL9:
1002:Drivers/STM32L0xx_HAL_Driver/Src/stm32l0xx_hal_dac_ex.c **** #endif
 121              		.loc 1 1002 3 is_stmt 1 view .LVU23
 122 0004 2000     		movs	r0, r4
 123              	.LVL10:
1002:Drivers/STM32L0xx_HAL_Driver/Src/stm32l0xx_hal_dac_ex.c **** #endif
 124              		.loc 1 1002 3 is_stmt 0 view .LVU24
 125 0006 FFF7FEFF 		bl	HAL_DAC_ConvCpltCallbackCh1
 126              	.LVL11:
1005:Drivers/STM32L0xx_HAL_Driver/Src/stm32l0xx_hal_dac_ex.c **** }
 127              		.loc 1 1005 3 is_stmt 1 view .LVU25
1005:Drivers/STM32L0xx_HAL_Driver/Src/stm32l0xx_hal_dac_ex.c **** }
 128              		.loc 1 1005 14 is_stmt 0 view .LVU26
 129 000a 0123     		movs	r3, #1
 130 000c 2371     		strb	r3, [r4, #4]
1006:Drivers/STM32L0xx_HAL_Driver/Src/stm32l0xx_hal_dac_ex.c **** 
 131              		.loc 1 1006 1 view .LVU27
 132              		@ sp needed
 133              	.LVL12:
1006:Drivers/STM32L0xx_HAL_Driver/Src/stm32l0xx_hal_dac_ex.c **** 
 134              		.loc 1 1006 1 view .LVU28
 135 000e 10BD     		pop	{r4, pc}
 136              		.cfi_endproc
 137              	.LFE55:
 139              		.section	.text.HAL_DACEx_TriangleWaveGenerate,"ax",%progbits
 140              		.align	1
 141              		.global	HAL_DACEx_TriangleWaveGenerate
 142              		.syntax unified
 143              		.code	16
 144              		.thumb_func
 146              	HAL_DACEx_TriangleWaveGenerate:
ARM GAS  /var/folders/d7/pb3dkhys6j3db_qtp_8v34p80000gn/T//ccNR0MRk.s 			page 22


 147              	.LVL13:
 148              	.LFB47:
 131:Drivers/STM32L0xx_HAL_Driver/Src/stm32l0xx_hal_dac_ex.c ****   /* Check the parameters */
 149              		.loc 1 131 1 is_stmt 1 view -0
 150              		.cfi_startproc
 151              		@ args = 0, pretend = 0, frame = 0
 152              		@ frame_needed = 0, uses_anonymous_args = 0
 131:Drivers/STM32L0xx_HAL_Driver/Src/stm32l0xx_hal_dac_ex.c ****   /* Check the parameters */
 153              		.loc 1 131 1 is_stmt 0 view .LVU30
 154 0000 70B5     		push	{r4, r5, r6, lr}
 155              	.LCFI3:
 156              		.cfi_def_cfa_offset 16
 157              		.cfi_offset 4, -16
 158              		.cfi_offset 5, -12
 159              		.cfi_offset 6, -8
 160              		.cfi_offset 14, -4
 133:Drivers/STM32L0xx_HAL_Driver/Src/stm32l0xx_hal_dac_ex.c ****   assert_param(IS_DAC_LFSR_UNMASK_TRIANGLE_AMPLITUDE(Amplitude));
 161              		.loc 1 133 3 is_stmt 1 view .LVU31
 134:Drivers/STM32L0xx_HAL_Driver/Src/stm32l0xx_hal_dac_ex.c **** 
 162              		.loc 1 134 3 view .LVU32
 137:Drivers/STM32L0xx_HAL_Driver/Src/stm32l0xx_hal_dac_ex.c **** 
 163              		.loc 1 137 3 view .LVU33
 137:Drivers/STM32L0xx_HAL_Driver/Src/stm32l0xx_hal_dac_ex.c **** 
 164              		.loc 1 137 3 view .LVU34
 165 0002 4379     		ldrb	r3, [r0, #5]
 166 0004 012B     		cmp	r3, #1
 167 0006 13D0     		beq	.L6
 137:Drivers/STM32L0xx_HAL_Driver/Src/stm32l0xx_hal_dac_ex.c **** 
 168              		.loc 1 137 3 discriminator 2 view .LVU35
 169 0008 0125     		movs	r5, #1
 170 000a 4571     		strb	r5, [r0, #5]
 137:Drivers/STM32L0xx_HAL_Driver/Src/stm32l0xx_hal_dac_ex.c **** 
 171              		.loc 1 137 3 view .LVU36
 140:Drivers/STM32L0xx_HAL_Driver/Src/stm32l0xx_hal_dac_ex.c **** 
 172              		.loc 1 140 3 view .LVU37
 140:Drivers/STM32L0xx_HAL_Driver/Src/stm32l0xx_hal_dac_ex.c **** 
 173              		.loc 1 140 15 is_stmt 0 view .LVU38
 174 000c 0223     		movs	r3, #2
 175 000e 0371     		strb	r3, [r0, #4]
 143:Drivers/STM32L0xx_HAL_Driver/Src/stm32l0xx_hal_dac_ex.c ****  
 176              		.loc 1 143 3 is_stmt 1 view .LVU39
 177 0010 0668     		ldr	r6, [r0]
 178 0012 3368     		ldr	r3, [r6]
 179 0014 FC24     		movs	r4, #252
 180 0016 2401     		lsls	r4, r4, #4
 181 0018 8C40     		lsls	r4, r4, r1
 182 001a A343     		bics	r3, r4
 183 001c 8024     		movs	r4, #128
 184 001e 2243     		orrs	r2, r4
 185              	.LVL14:
 143:Drivers/STM32L0xx_HAL_Driver/Src/stm32l0xx_hal_dac_ex.c ****  
 186              		.loc 1 143 3 is_stmt 0 view .LVU40
 187 0020 8A40     		lsls	r2, r2, r1
 188 0022 1343     		orrs	r3, r2
 189 0024 3360     		str	r3, [r6]
 147:Drivers/STM32L0xx_HAL_Driver/Src/stm32l0xx_hal_dac_ex.c **** 
 190              		.loc 1 147 3 is_stmt 1 view .LVU41
ARM GAS  /var/folders/d7/pb3dkhys6j3db_qtp_8v34p80000gn/T//ccNR0MRk.s 			page 23


 147:Drivers/STM32L0xx_HAL_Driver/Src/stm32l0xx_hal_dac_ex.c **** 
 191              		.loc 1 147 15 is_stmt 0 view .LVU42
 192 0026 0571     		strb	r5, [r0, #4]
 150:Drivers/STM32L0xx_HAL_Driver/Src/stm32l0xx_hal_dac_ex.c **** 
 193              		.loc 1 150 3 is_stmt 1 view .LVU43
 150:Drivers/STM32L0xx_HAL_Driver/Src/stm32l0xx_hal_dac_ex.c **** 
 194              		.loc 1 150 3 view .LVU44
 195 0028 0023     		movs	r3, #0
 196 002a 4371     		strb	r3, [r0, #5]
 150:Drivers/STM32L0xx_HAL_Driver/Src/stm32l0xx_hal_dac_ex.c **** 
 197              		.loc 1 150 3 view .LVU45
 153:Drivers/STM32L0xx_HAL_Driver/Src/stm32l0xx_hal_dac_ex.c **** }
 198              		.loc 1 153 3 view .LVU46
 153:Drivers/STM32L0xx_HAL_Driver/Src/stm32l0xx_hal_dac_ex.c **** }
 199              		.loc 1 153 10 is_stmt 0 view .LVU47
 200 002c 0020     		movs	r0, #0
 201              	.LVL15:
 202              	.L5:
 154:Drivers/STM32L0xx_HAL_Driver/Src/stm32l0xx_hal_dac_ex.c **** 
 203              		.loc 1 154 1 view .LVU48
 204              		@ sp needed
 205 002e 70BD     		pop	{r4, r5, r6, pc}
 206              	.LVL16:
 207              	.L6:
 137:Drivers/STM32L0xx_HAL_Driver/Src/stm32l0xx_hal_dac_ex.c **** 
 208              		.loc 1 137 3 discriminator 1 view .LVU49
 209 0030 0220     		movs	r0, #2
 210              	.LVL17:
 137:Drivers/STM32L0xx_HAL_Driver/Src/stm32l0xx_hal_dac_ex.c **** 
 211              		.loc 1 137 3 discriminator 1 view .LVU50
 212 0032 FCE7     		b	.L5
 213              		.cfi_endproc
 214              	.LFE47:
 216              		.section	.text.HAL_DACEx_NoiseWaveGenerate,"ax",%progbits
 217              		.align	1
 218              		.global	HAL_DACEx_NoiseWaveGenerate
 219              		.syntax unified
 220              		.code	16
 221              		.thumb_func
 223              	HAL_DACEx_NoiseWaveGenerate:
 224              	.LVL18:
 225              	.LFB48:
 181:Drivers/STM32L0xx_HAL_Driver/Src/stm32l0xx_hal_dac_ex.c ****   /* Check the parameters */
 226              		.loc 1 181 1 is_stmt 1 view -0
 227              		.cfi_startproc
 228              		@ args = 0, pretend = 0, frame = 0
 229              		@ frame_needed = 0, uses_anonymous_args = 0
 181:Drivers/STM32L0xx_HAL_Driver/Src/stm32l0xx_hal_dac_ex.c ****   /* Check the parameters */
 230              		.loc 1 181 1 is_stmt 0 view .LVU52
 231 0000 70B5     		push	{r4, r5, r6, lr}
 232              	.LCFI4:
 233              		.cfi_def_cfa_offset 16
 234              		.cfi_offset 4, -16
 235              		.cfi_offset 5, -12
 236              		.cfi_offset 6, -8
 237              		.cfi_offset 14, -4
 183:Drivers/STM32L0xx_HAL_Driver/Src/stm32l0xx_hal_dac_ex.c ****   assert_param(IS_DAC_LFSR_UNMASK_TRIANGLE_AMPLITUDE(Amplitude));
ARM GAS  /var/folders/d7/pb3dkhys6j3db_qtp_8v34p80000gn/T//ccNR0MRk.s 			page 24


 238              		.loc 1 183 3 is_stmt 1 view .LVU53
 184:Drivers/STM32L0xx_HAL_Driver/Src/stm32l0xx_hal_dac_ex.c **** 
 239              		.loc 1 184 3 view .LVU54
 187:Drivers/STM32L0xx_HAL_Driver/Src/stm32l0xx_hal_dac_ex.c **** 
 240              		.loc 1 187 3 view .LVU55
 187:Drivers/STM32L0xx_HAL_Driver/Src/stm32l0xx_hal_dac_ex.c **** 
 241              		.loc 1 187 3 view .LVU56
 242 0002 4379     		ldrb	r3, [r0, #5]
 243 0004 012B     		cmp	r3, #1
 244 0006 13D0     		beq	.L9
 187:Drivers/STM32L0xx_HAL_Driver/Src/stm32l0xx_hal_dac_ex.c **** 
 245              		.loc 1 187 3 discriminator 2 view .LVU57
 246 0008 0125     		movs	r5, #1
 247 000a 4571     		strb	r5, [r0, #5]
 187:Drivers/STM32L0xx_HAL_Driver/Src/stm32l0xx_hal_dac_ex.c **** 
 248              		.loc 1 187 3 view .LVU58
 190:Drivers/STM32L0xx_HAL_Driver/Src/stm32l0xx_hal_dac_ex.c **** 
 249              		.loc 1 190 3 view .LVU59
 190:Drivers/STM32L0xx_HAL_Driver/Src/stm32l0xx_hal_dac_ex.c **** 
 250              		.loc 1 190 15 is_stmt 0 view .LVU60
 251 000c 0223     		movs	r3, #2
 252 000e 0371     		strb	r3, [r0, #4]
 193:Drivers/STM32L0xx_HAL_Driver/Src/stm32l0xx_hal_dac_ex.c **** 
 253              		.loc 1 193 3 is_stmt 1 view .LVU61
 254 0010 0668     		ldr	r6, [r0]
 255 0012 3368     		ldr	r3, [r6]
 256 0014 FC24     		movs	r4, #252
 257 0016 2401     		lsls	r4, r4, #4
 258 0018 8C40     		lsls	r4, r4, r1
 259 001a A343     		bics	r3, r4
 260 001c 4024     		movs	r4, #64
 261 001e 2243     		orrs	r2, r4
 262              	.LVL19:
 193:Drivers/STM32L0xx_HAL_Driver/Src/stm32l0xx_hal_dac_ex.c **** 
 263              		.loc 1 193 3 is_stmt 0 view .LVU62
 264 0020 8A40     		lsls	r2, r2, r1
 265 0022 1343     		orrs	r3, r2
 266 0024 3360     		str	r3, [r6]
 196:Drivers/STM32L0xx_HAL_Driver/Src/stm32l0xx_hal_dac_ex.c **** 
 267              		.loc 1 196 3 is_stmt 1 view .LVU63
 196:Drivers/STM32L0xx_HAL_Driver/Src/stm32l0xx_hal_dac_ex.c **** 
 268              		.loc 1 196 15 is_stmt 0 view .LVU64
 269 0026 0571     		strb	r5, [r0, #4]
 199:Drivers/STM32L0xx_HAL_Driver/Src/stm32l0xx_hal_dac_ex.c **** 
 270              		.loc 1 199 3 is_stmt 1 view .LVU65
 199:Drivers/STM32L0xx_HAL_Driver/Src/stm32l0xx_hal_dac_ex.c **** 
 271              		.loc 1 199 3 view .LVU66
 272 0028 0023     		movs	r3, #0
 273 002a 4371     		strb	r3, [r0, #5]
 199:Drivers/STM32L0xx_HAL_Driver/Src/stm32l0xx_hal_dac_ex.c **** 
 274              		.loc 1 199 3 view .LVU67
 202:Drivers/STM32L0xx_HAL_Driver/Src/stm32l0xx_hal_dac_ex.c **** }
 275              		.loc 1 202 3 view .LVU68
 202:Drivers/STM32L0xx_HAL_Driver/Src/stm32l0xx_hal_dac_ex.c **** }
 276              		.loc 1 202 10 is_stmt 0 view .LVU69
 277 002c 0020     		movs	r0, #0
 278              	.LVL20:
ARM GAS  /var/folders/d7/pb3dkhys6j3db_qtp_8v34p80000gn/T//ccNR0MRk.s 			page 25


 279              	.L8:
 203:Drivers/STM32L0xx_HAL_Driver/Src/stm32l0xx_hal_dac_ex.c **** 
 280              		.loc 1 203 1 view .LVU70
 281              		@ sp needed
 282 002e 70BD     		pop	{r4, r5, r6, pc}
 283              	.LVL21:
 284              	.L9:
 187:Drivers/STM32L0xx_HAL_Driver/Src/stm32l0xx_hal_dac_ex.c **** 
 285              		.loc 1 187 3 discriminator 1 view .LVU71
 286 0030 0220     		movs	r0, #2
 287              	.LVL22:
 187:Drivers/STM32L0xx_HAL_Driver/Src/stm32l0xx_hal_dac_ex.c **** 
 288              		.loc 1 187 3 discriminator 1 view .LVU72
 289 0032 FCE7     		b	.L8
 290              		.cfi_endproc
 291              	.LFE48:
 293              		.section	.text.HAL_DAC_Start,"ax",%progbits
 294              		.align	1
 295              		.global	HAL_DAC_Start
 296              		.syntax unified
 297              		.code	16
 298              		.thumb_func
 300              	HAL_DAC_Start:
 301              	.LVL23:
 302              	.LFB49:
 688:Drivers/STM32L0xx_HAL_Driver/Src/stm32l0xx_hal_dac_ex.c ****   uint32_t tmp1 = 0U, tmp2 = 0U;
 303              		.loc 1 688 1 is_stmt 1 view -0
 304              		.cfi_startproc
 305              		@ args = 0, pretend = 0, frame = 0
 306              		@ frame_needed = 0, uses_anonymous_args = 0
 688:Drivers/STM32L0xx_HAL_Driver/Src/stm32l0xx_hal_dac_ex.c ****   uint32_t tmp1 = 0U, tmp2 = 0U;
 307              		.loc 1 688 1 is_stmt 0 view .LVU74
 308 0000 10B5     		push	{r4, lr}
 309              	.LCFI5:
 310              		.cfi_def_cfa_offset 8
 311              		.cfi_offset 4, -8
 312              		.cfi_offset 14, -4
 689:Drivers/STM32L0xx_HAL_Driver/Src/stm32l0xx_hal_dac_ex.c ****   
 313              		.loc 1 689 3 is_stmt 1 view .LVU75
 314              	.LVL24:
 692:Drivers/STM32L0xx_HAL_Driver/Src/stm32l0xx_hal_dac_ex.c **** 
 315              		.loc 1 692 3 view .LVU76
 695:Drivers/STM32L0xx_HAL_Driver/Src/stm32l0xx_hal_dac_ex.c **** 
 316              		.loc 1 695 3 view .LVU77
 695:Drivers/STM32L0xx_HAL_Driver/Src/stm32l0xx_hal_dac_ex.c **** 
 317              		.loc 1 695 3 view .LVU78
 318 0002 4379     		ldrb	r3, [r0, #5]
 319 0004 012B     		cmp	r3, #1
 320 0006 1CD0     		beq	.L13
 695:Drivers/STM32L0xx_HAL_Driver/Src/stm32l0xx_hal_dac_ex.c **** 
 321              		.loc 1 695 3 discriminator 2 view .LVU79
 322 0008 0123     		movs	r3, #1
 323 000a 4371     		strb	r3, [r0, #5]
 695:Drivers/STM32L0xx_HAL_Driver/Src/stm32l0xx_hal_dac_ex.c **** 
 324              		.loc 1 695 3 view .LVU80
 698:Drivers/STM32L0xx_HAL_Driver/Src/stm32l0xx_hal_dac_ex.c **** 
 325              		.loc 1 698 3 view .LVU81
ARM GAS  /var/folders/d7/pb3dkhys6j3db_qtp_8v34p80000gn/T//ccNR0MRk.s 			page 26


 698:Drivers/STM32L0xx_HAL_Driver/Src/stm32l0xx_hal_dac_ex.c **** 
 326              		.loc 1 698 15 is_stmt 0 view .LVU82
 327 000c 0222     		movs	r2, #2
 328 000e 0271     		strb	r2, [r0, #4]
 701:Drivers/STM32L0xx_HAL_Driver/Src/stm32l0xx_hal_dac_ex.c **** 
 329              		.loc 1 701 3 is_stmt 1 view .LVU83
 330 0010 0468     		ldr	r4, [r0]
 331 0012 2268     		ldr	r2, [r4]
 332 0014 8B40     		lsls	r3, r3, r1
 333 0016 1343     		orrs	r3, r2
 334 0018 2360     		str	r3, [r4]
 703:Drivers/STM32L0xx_HAL_Driver/Src/stm32l0xx_hal_dac_ex.c ****   tmp2 = hdac->Instance->CR & DAC_CR_TSEL1;
 335              		.loc 1 703 3 view .LVU84
 703:Drivers/STM32L0xx_HAL_Driver/Src/stm32l0xx_hal_dac_ex.c ****   tmp2 = hdac->Instance->CR & DAC_CR_TSEL1;
 336              		.loc 1 703 14 is_stmt 0 view .LVU85
 337 001a 0268     		ldr	r2, [r0]
 703:Drivers/STM32L0xx_HAL_Driver/Src/stm32l0xx_hal_dac_ex.c ****   tmp2 = hdac->Instance->CR & DAC_CR_TSEL1;
 338              		.loc 1 703 24 view .LVU86
 339 001c 1168     		ldr	r1, [r2]
 340              	.LVL25:
 704:Drivers/STM32L0xx_HAL_Driver/Src/stm32l0xx_hal_dac_ex.c ****   /* Check if software trigger enabled */
 341              		.loc 1 704 3 is_stmt 1 view .LVU87
 704:Drivers/STM32L0xx_HAL_Driver/Src/stm32l0xx_hal_dac_ex.c ****   /* Check if software trigger enabled */
 342              		.loc 1 704 24 is_stmt 0 view .LVU88
 343 001e 1468     		ldr	r4, [r2]
 704:Drivers/STM32L0xx_HAL_Driver/Src/stm32l0xx_hal_dac_ex.c ****   /* Check if software trigger enabled */
 344              		.loc 1 704 8 view .LVU89
 345 0020 3823     		movs	r3, #56
 346 0022 2340     		ands	r3, r4
 347              	.LVL26:
 706:Drivers/STM32L0xx_HAL_Driver/Src/stm32l0xx_hal_dac_ex.c ****   {
 348              		.loc 1 706 3 is_stmt 1 view .LVU90
 706:Drivers/STM32L0xx_HAL_Driver/Src/stm32l0xx_hal_dac_ex.c ****   {
 349              		.loc 1 706 5 is_stmt 0 view .LVU91
 350 0024 4907     		lsls	r1, r1, #29
 351 0026 01D5     		bpl	.L12
 352              	.LVL27:
 706:Drivers/STM32L0xx_HAL_Driver/Src/stm32l0xx_hal_dac_ex.c ****   {
 353              		.loc 1 706 29 discriminator 1 view .LVU92
 354 0028 382B     		cmp	r3, #56
 355 002a 05D0     		beq	.L15
 356              	.LVL28:
 357              	.L12:
 713:Drivers/STM32L0xx_HAL_Driver/Src/stm32l0xx_hal_dac_ex.c **** 
 358              		.loc 1 713 3 is_stmt 1 view .LVU93
 713:Drivers/STM32L0xx_HAL_Driver/Src/stm32l0xx_hal_dac_ex.c **** 
 359              		.loc 1 713 15 is_stmt 0 view .LVU94
 360 002c 0123     		movs	r3, #1
 361 002e 0371     		strb	r3, [r0, #4]
 716:Drivers/STM32L0xx_HAL_Driver/Src/stm32l0xx_hal_dac_ex.c **** 
 362              		.loc 1 716 3 is_stmt 1 view .LVU95
 716:Drivers/STM32L0xx_HAL_Driver/Src/stm32l0xx_hal_dac_ex.c **** 
 363              		.loc 1 716 3 view .LVU96
 364 0030 0023     		movs	r3, #0
 365 0032 4371     		strb	r3, [r0, #5]
 716:Drivers/STM32L0xx_HAL_Driver/Src/stm32l0xx_hal_dac_ex.c **** 
 366              		.loc 1 716 3 view .LVU97
ARM GAS  /var/folders/d7/pb3dkhys6j3db_qtp_8v34p80000gn/T//ccNR0MRk.s 			page 27


 719:Drivers/STM32L0xx_HAL_Driver/Src/stm32l0xx_hal_dac_ex.c **** }
 367              		.loc 1 719 3 view .LVU98
 719:Drivers/STM32L0xx_HAL_Driver/Src/stm32l0xx_hal_dac_ex.c **** }
 368              		.loc 1 719 10 is_stmt 0 view .LVU99
 369 0034 0020     		movs	r0, #0
 370              	.LVL29:
 371              	.L11:
 720:Drivers/STM32L0xx_HAL_Driver/Src/stm32l0xx_hal_dac_ex.c **** 
 372              		.loc 1 720 1 view .LVU100
 373              		@ sp needed
 374 0036 10BD     		pop	{r4, pc}
 375              	.LVL30:
 376              	.L15:
 709:Drivers/STM32L0xx_HAL_Driver/Src/stm32l0xx_hal_dac_ex.c ****   }
 377              		.loc 1 709 5 is_stmt 1 view .LVU101
 378 0038 5368     		ldr	r3, [r2, #4]
 379              	.LVL31:
 709:Drivers/STM32L0xx_HAL_Driver/Src/stm32l0xx_hal_dac_ex.c ****   }
 380              		.loc 1 709 5 is_stmt 0 view .LVU102
 381 003a 0121     		movs	r1, #1
 382 003c 0B43     		orrs	r3, r1
 383 003e 5360     		str	r3, [r2, #4]
 384 0040 F4E7     		b	.L12
 385              	.LVL32:
 386              	.L13:
 695:Drivers/STM32L0xx_HAL_Driver/Src/stm32l0xx_hal_dac_ex.c **** 
 387              		.loc 1 695 3 discriminator 1 view .LVU103
 388 0042 0220     		movs	r0, #2
 389              	.LVL33:
 695:Drivers/STM32L0xx_HAL_Driver/Src/stm32l0xx_hal_dac_ex.c **** 
 390              		.loc 1 695 3 discriminator 1 view .LVU104
 391 0044 F7E7     		b	.L11
 392              		.cfi_endproc
 393              	.LFE49:
 395              		.section	.text.HAL_DAC_Start_DMA,"ax",%progbits
 396              		.align	1
 397              		.global	HAL_DAC_Start_DMA
 398              		.syntax unified
 399              		.code	16
 400              		.thumb_func
 402              	HAL_DAC_Start_DMA:
 403              	.LVL34:
 404              	.LFB50:
 739:Drivers/STM32L0xx_HAL_Driver/Src/stm32l0xx_hal_dac_ex.c ****   HAL_StatusTypeDef status;
 405              		.loc 1 739 1 is_stmt 1 view -0
 406              		.cfi_startproc
 407              		@ args = 4, pretend = 0, frame = 0
 408              		@ frame_needed = 0, uses_anonymous_args = 0
 739:Drivers/STM32L0xx_HAL_Driver/Src/stm32l0xx_hal_dac_ex.c ****   HAL_StatusTypeDef status;
 409              		.loc 1 739 1 is_stmt 0 view .LVU106
 410 0000 F8B5     		push	{r3, r4, r5, r6, r7, lr}
 411              	.LCFI6:
 412              		.cfi_def_cfa_offset 24
 413              		.cfi_offset 3, -24
 414              		.cfi_offset 4, -20
 415              		.cfi_offset 5, -16
 416              		.cfi_offset 6, -12
ARM GAS  /var/folders/d7/pb3dkhys6j3db_qtp_8v34p80000gn/T//ccNR0MRk.s 			page 28


 417              		.cfi_offset 7, -8
 418              		.cfi_offset 14, -4
 419 0002 0400     		movs	r4, r0
 420 0004 0D00     		movs	r5, r1
 421 0006 1100     		movs	r1, r2
 422              	.LVL35:
 740:Drivers/STM32L0xx_HAL_Driver/Src/stm32l0xx_hal_dac_ex.c ****   uint32_t tmpreg = 0U;
 423              		.loc 1 740 3 is_stmt 1 view .LVU107
 741:Drivers/STM32L0xx_HAL_Driver/Src/stm32l0xx_hal_dac_ex.c **** 
 424              		.loc 1 741 3 view .LVU108
 744:Drivers/STM32L0xx_HAL_Driver/Src/stm32l0xx_hal_dac_ex.c ****   assert_param(IS_DAC_ALIGN(Alignment));
 425              		.loc 1 744 3 view .LVU109
 745:Drivers/STM32L0xx_HAL_Driver/Src/stm32l0xx_hal_dac_ex.c **** 
 426              		.loc 1 745 3 view .LVU110
 748:Drivers/STM32L0xx_HAL_Driver/Src/stm32l0xx_hal_dac_ex.c **** 
 427              		.loc 1 748 3 view .LVU111
 748:Drivers/STM32L0xx_HAL_Driver/Src/stm32l0xx_hal_dac_ex.c **** 
 428              		.loc 1 748 3 view .LVU112
 429 0008 4279     		ldrb	r2, [r0, #5]
 430              	.LVL36:
 748:Drivers/STM32L0xx_HAL_Driver/Src/stm32l0xx_hal_dac_ex.c **** 
 431              		.loc 1 748 3 is_stmt 0 view .LVU113
 432 000a 012A     		cmp	r2, #1
 433 000c 38D0     		beq	.L23
 748:Drivers/STM32L0xx_HAL_Driver/Src/stm32l0xx_hal_dac_ex.c **** 
 434              		.loc 1 748 3 is_stmt 1 discriminator 2 view .LVU114
 435 000e 0122     		movs	r2, #1
 436 0010 4271     		strb	r2, [r0, #5]
 748:Drivers/STM32L0xx_HAL_Driver/Src/stm32l0xx_hal_dac_ex.c **** 
 437              		.loc 1 748 3 view .LVU115
 751:Drivers/STM32L0xx_HAL_Driver/Src/stm32l0xx_hal_dac_ex.c **** 
 438              		.loc 1 751 3 view .LVU116
 751:Drivers/STM32L0xx_HAL_Driver/Src/stm32l0xx_hal_dac_ex.c **** 
 439              		.loc 1 751 15 is_stmt 0 view .LVU117
 440 0012 0132     		adds	r2, r2, #1
 441 0014 0271     		strb	r2, [r0, #4]
 754:Drivers/STM32L0xx_HAL_Driver/Src/stm32l0xx_hal_dac_ex.c **** 
 442              		.loc 1 754 3 is_stmt 1 view .LVU118
 754:Drivers/STM32L0xx_HAL_Driver/Src/stm32l0xx_hal_dac_ex.c **** 
 443              		.loc 1 754 7 is_stmt 0 view .LVU119
 444 0016 8268     		ldr	r2, [r0, #8]
 754:Drivers/STM32L0xx_HAL_Driver/Src/stm32l0xx_hal_dac_ex.c **** 
 445              		.loc 1 754 39 view .LVU120
 446 0018 1A48     		ldr	r0, .L25
 447              	.LVL37:
 754:Drivers/STM32L0xx_HAL_Driver/Src/stm32l0xx_hal_dac_ex.c **** 
 448              		.loc 1 754 39 view .LVU121
 449 001a D062     		str	r0, [r2, #44]
 757:Drivers/STM32L0xx_HAL_Driver/Src/stm32l0xx_hal_dac_ex.c **** 
 450              		.loc 1 757 3 is_stmt 1 view .LVU122
 757:Drivers/STM32L0xx_HAL_Driver/Src/stm32l0xx_hal_dac_ex.c **** 
 451              		.loc 1 757 7 is_stmt 0 view .LVU123
 452 001c A268     		ldr	r2, [r4, #8]
 757:Drivers/STM32L0xx_HAL_Driver/Src/stm32l0xx_hal_dac_ex.c **** 
 453              		.loc 1 757 43 view .LVU124
 454 001e 1A48     		ldr	r0, .L25+4
 455 0020 1063     		str	r0, [r2, #48]
ARM GAS  /var/folders/d7/pb3dkhys6j3db_qtp_8v34p80000gn/T//ccNR0MRk.s 			page 29


 760:Drivers/STM32L0xx_HAL_Driver/Src/stm32l0xx_hal_dac_ex.c **** 
 456              		.loc 1 760 3 is_stmt 1 view .LVU125
 760:Drivers/STM32L0xx_HAL_Driver/Src/stm32l0xx_hal_dac_ex.c **** 
 457              		.loc 1 760 7 is_stmt 0 view .LVU126
 458 0022 A268     		ldr	r2, [r4, #8]
 760:Drivers/STM32L0xx_HAL_Driver/Src/stm32l0xx_hal_dac_ex.c **** 
 459              		.loc 1 760 40 view .LVU127
 460 0024 1948     		ldr	r0, .L25+8
 461 0026 5063     		str	r0, [r2, #52]
 763:Drivers/STM32L0xx_HAL_Driver/Src/stm32l0xx_hal_dac_ex.c ****      
 462              		.loc 1 763 3 is_stmt 1 view .LVU128
 463 0028 2068     		ldr	r0, [r4]
 464 002a 0668     		ldr	r6, [r0]
 465 002c 8022     		movs	r2, #128
 466 002e 5201     		lsls	r2, r2, #5
 467 0030 3243     		orrs	r2, r6
 468 0032 0260     		str	r2, [r0]
 766:Drivers/STM32L0xx_HAL_Driver/Src/stm32l0xx_hal_dac_ex.c ****   {
 469              		.loc 1 766 3 view .LVU129
 470 0034 069A     		ldr	r2, [sp, #24]
 471 0036 002A     		cmp	r2, #0
 472 0038 04D0     		beq	.L18
 473 003a 042A     		cmp	r2, #4
 474 003c 18D0     		beq	.L19
 778:Drivers/STM32L0xx_HAL_Driver/Src/stm32l0xx_hal_dac_ex.c ****       break;
 475              		.loc 1 778 7 view .LVU130
 778:Drivers/STM32L0xx_HAL_Driver/Src/stm32l0xx_hal_dac_ex.c ****       break;
 476              		.loc 1 778 31 is_stmt 0 view .LVU131
 477 003e 2268     		ldr	r2, [r4]
 778:Drivers/STM32L0xx_HAL_Driver/Src/stm32l0xx_hal_dac_ex.c ****       break;
 478              		.loc 1 778 26 view .LVU132
 479 0040 1032     		adds	r2, r2, #16
 480              	.LVL38:
 779:Drivers/STM32L0xx_HAL_Driver/Src/stm32l0xx_hal_dac_ex.c ****   }
 481              		.loc 1 779 7 is_stmt 1 view .LVU133
 482 0042 01E0     		b	.L21
 483              	.LVL39:
 484              	.L18:
 770:Drivers/STM32L0xx_HAL_Driver/Src/stm32l0xx_hal_dac_ex.c ****       break;
 485              		.loc 1 770 7 view .LVU134
 770:Drivers/STM32L0xx_HAL_Driver/Src/stm32l0xx_hal_dac_ex.c ****       break;
 486              		.loc 1 770 31 is_stmt 0 view .LVU135
 487 0044 2268     		ldr	r2, [r4]
 770:Drivers/STM32L0xx_HAL_Driver/Src/stm32l0xx_hal_dac_ex.c ****       break;
 488              		.loc 1 770 26 view .LVU136
 489 0046 0832     		adds	r2, r2, #8
 490              	.LVL40:
 771:Drivers/STM32L0xx_HAL_Driver/Src/stm32l0xx_hal_dac_ex.c ****     case DAC_ALIGN_12B_L:
 491              		.loc 1 771 7 is_stmt 1 view .LVU137
 492              	.L21:
 781:Drivers/STM32L0xx_HAL_Driver/Src/stm32l0xx_hal_dac_ex.c **** 
 493              		.loc 1 781 3 view .LVU138
 784:Drivers/STM32L0xx_HAL_Driver/Src/stm32l0xx_hal_dac_ex.c ****   
 494              		.loc 1 784 3 view .LVU139
 495 0048 2668     		ldr	r6, [r4]
 496 004a 3768     		ldr	r7, [r6]
 497 004c 8020     		movs	r0, #128
ARM GAS  /var/folders/d7/pb3dkhys6j3db_qtp_8v34p80000gn/T//ccNR0MRk.s 			page 30


 498 004e 8001     		lsls	r0, r0, #6
 499 0050 3843     		orrs	r0, r7
 500 0052 3060     		str	r0, [r6]
 787:Drivers/STM32L0xx_HAL_Driver/Src/stm32l0xx_hal_dac_ex.c ****   
 501              		.loc 1 787 3 view .LVU140
 787:Drivers/STM32L0xx_HAL_Driver/Src/stm32l0xx_hal_dac_ex.c ****   
 502              		.loc 1 787 12 is_stmt 0 view .LVU141
 503 0054 A068     		ldr	r0, [r4, #8]
 504 0056 FFF7FEFF 		bl	HAL_DMA_Start_IT
 505              	.LVL41:
 791:Drivers/STM32L0xx_HAL_Driver/Src/stm32l0xx_hal_dac_ex.c **** 
 506              		.loc 1 791 3 is_stmt 1 view .LVU142
 791:Drivers/STM32L0xx_HAL_Driver/Src/stm32l0xx_hal_dac_ex.c **** 
 507              		.loc 1 791 3 view .LVU143
 508 005a 0023     		movs	r3, #0
 509 005c 6371     		strb	r3, [r4, #5]
 791:Drivers/STM32L0xx_HAL_Driver/Src/stm32l0xx_hal_dac_ex.c **** 
 510              		.loc 1 791 3 view .LVU144
 793:Drivers/STM32L0xx_HAL_Driver/Src/stm32l0xx_hal_dac_ex.c ****   {
 511              		.loc 1 793 3 view .LVU145
 793:Drivers/STM32L0xx_HAL_Driver/Src/stm32l0xx_hal_dac_ex.c ****   {
 512              		.loc 1 793 6 is_stmt 0 view .LVU146
 513 005e 0028     		cmp	r0, #0
 514 0060 09D1     		bne	.L22
 796:Drivers/STM32L0xx_HAL_Driver/Src/stm32l0xx_hal_dac_ex.c ****   }
 515              		.loc 1 796 3 is_stmt 1 view .LVU147
 516 0062 2168     		ldr	r1, [r4]
 517 0064 0B68     		ldr	r3, [r1]
 518 0066 0122     		movs	r2, #1
 519 0068 AA40     		lsls	r2, r2, r5
 520 006a 1343     		orrs	r3, r2
 521 006c 0B60     		str	r3, [r1]
 522              	.LVL42:
 523              	.L17:
 805:Drivers/STM32L0xx_HAL_Driver/Src/stm32l0xx_hal_dac_ex.c **** 
 524              		.loc 1 805 1 is_stmt 0 view .LVU148
 525              		@ sp needed
 526              	.LVL43:
 527              	.LVL44:
 805:Drivers/STM32L0xx_HAL_Driver/Src/stm32l0xx_hal_dac_ex.c **** 
 528              		.loc 1 805 1 view .LVU149
 529 006e F8BD     		pop	{r3, r4, r5, r6, r7, pc}
 530              	.LVL45:
 531              	.L19:
 774:Drivers/STM32L0xx_HAL_Driver/Src/stm32l0xx_hal_dac_ex.c ****       break;
 532              		.loc 1 774 7 is_stmt 1 view .LVU150
 774:Drivers/STM32L0xx_HAL_Driver/Src/stm32l0xx_hal_dac_ex.c ****       break;
 533              		.loc 1 774 31 is_stmt 0 view .LVU151
 534 0070 2268     		ldr	r2, [r4]
 774:Drivers/STM32L0xx_HAL_Driver/Src/stm32l0xx_hal_dac_ex.c ****       break;
 535              		.loc 1 774 26 view .LVU152
 536 0072 0C32     		adds	r2, r2, #12
 537              	.LVL46:
 775:Drivers/STM32L0xx_HAL_Driver/Src/stm32l0xx_hal_dac_ex.c ****     default:
 538              		.loc 1 775 7 is_stmt 1 view .LVU153
 539 0074 E8E7     		b	.L21
 540              	.LVL47:
ARM GAS  /var/folders/d7/pb3dkhys6j3db_qtp_8v34p80000gn/T//ccNR0MRk.s 			page 31


 541              	.L22:
 800:Drivers/STM32L0xx_HAL_Driver/Src/stm32l0xx_hal_dac_ex.c ****   }
 542              		.loc 1 800 5 view .LVU154
 800:Drivers/STM32L0xx_HAL_Driver/Src/stm32l0xx_hal_dac_ex.c ****   }
 543              		.loc 1 800 9 is_stmt 0 view .LVU155
 544 0076 E368     		ldr	r3, [r4, #12]
 800:Drivers/STM32L0xx_HAL_Driver/Src/stm32l0xx_hal_dac_ex.c ****   }
 545              		.loc 1 800 21 view .LVU156
 546 0078 0422     		movs	r2, #4
 547 007a 1343     		orrs	r3, r2
 548 007c E360     		str	r3, [r4, #12]
 549 007e F6E7     		b	.L17
 550              	.LVL48:
 551              	.L23:
 748:Drivers/STM32L0xx_HAL_Driver/Src/stm32l0xx_hal_dac_ex.c **** 
 552              		.loc 1 748 3 discriminator 1 view .LVU157
 553 0080 0220     		movs	r0, #2
 554              	.LVL49:
 748:Drivers/STM32L0xx_HAL_Driver/Src/stm32l0xx_hal_dac_ex.c **** 
 555              		.loc 1 748 3 discriminator 1 view .LVU158
 556 0082 F4E7     		b	.L17
 557              	.L26:
 558              		.align	2
 559              	.L25:
 560 0084 00000000 		.word	DAC_DMAConvCpltCh1
 561 0088 00000000 		.word	DAC_DMAHalfConvCpltCh1
 562 008c 00000000 		.word	DAC_DMAErrorCh1
 563              		.cfi_endproc
 564              	.LFE50:
 566              		.section	.text.HAL_DAC_Stop_DMA,"ax",%progbits
 567              		.align	1
 568              		.global	HAL_DAC_Stop_DMA
 569              		.syntax unified
 570              		.code	16
 571              		.thumb_func
 573              	HAL_DAC_Stop_DMA:
 574              	.LVL50:
 575              	.LFB51:
 817:Drivers/STM32L0xx_HAL_Driver/Src/stm32l0xx_hal_dac_ex.c ****   HAL_StatusTypeDef status = HAL_OK;
 576              		.loc 1 817 1 is_stmt 1 view -0
 577              		.cfi_startproc
 578              		@ args = 0, pretend = 0, frame = 0
 579              		@ frame_needed = 0, uses_anonymous_args = 0
 817:Drivers/STM32L0xx_HAL_Driver/Src/stm32l0xx_hal_dac_ex.c ****   HAL_StatusTypeDef status = HAL_OK;
 580              		.loc 1 817 1 is_stmt 0 view .LVU160
 581 0000 10B5     		push	{r4, lr}
 582              	.LCFI7:
 583              		.cfi_def_cfa_offset 8
 584              		.cfi_offset 4, -8
 585              		.cfi_offset 14, -4
 586 0002 0400     		movs	r4, r0
 818:Drivers/STM32L0xx_HAL_Driver/Src/stm32l0xx_hal_dac_ex.c **** 
 587              		.loc 1 818 3 is_stmt 1 view .LVU161
 588              	.LVL51:
 821:Drivers/STM32L0xx_HAL_Driver/Src/stm32l0xx_hal_dac_ex.c **** 
 589              		.loc 1 821 3 view .LVU162
 824:Drivers/STM32L0xx_HAL_Driver/Src/stm32l0xx_hal_dac_ex.c **** 
ARM GAS  /var/folders/d7/pb3dkhys6j3db_qtp_8v34p80000gn/T//ccNR0MRk.s 			page 32


 590              		.loc 1 824 3 view .LVU163
 591 0004 0068     		ldr	r0, [r0]
 592              	.LVL52:
 824:Drivers/STM32L0xx_HAL_Driver/Src/stm32l0xx_hal_dac_ex.c **** 
 593              		.loc 1 824 3 is_stmt 0 view .LVU164
 594 0006 0368     		ldr	r3, [r0]
 595 0008 8022     		movs	r2, #128
 596 000a 5201     		lsls	r2, r2, #5
 597 000c 8A40     		lsls	r2, r2, r1
 598 000e 9343     		bics	r3, r2
 599 0010 0360     		str	r3, [r0]
 827:Drivers/STM32L0xx_HAL_Driver/Src/stm32l0xx_hal_dac_ex.c **** 
 600              		.loc 1 827 3 is_stmt 1 view .LVU165
 601 0012 2068     		ldr	r0, [r4]
 602 0014 0368     		ldr	r3, [r0]
 603 0016 0122     		movs	r2, #1
 604 0018 8A40     		lsls	r2, r2, r1
 605 001a 9343     		bics	r3, r2
 606 001c 0360     		str	r3, [r0]
 830:Drivers/STM32L0xx_HAL_Driver/Src/stm32l0xx_hal_dac_ex.c **** 
 607              		.loc 1 830 3 view .LVU166
 830:Drivers/STM32L0xx_HAL_Driver/Src/stm32l0xx_hal_dac_ex.c **** 
 608              		.loc 1 830 12 is_stmt 0 view .LVU167
 609 001e A068     		ldr	r0, [r4, #8]
 610 0020 FFF7FEFF 		bl	HAL_DMA_Abort
 611              	.LVL53:
 833:Drivers/STM32L0xx_HAL_Driver/Src/stm32l0xx_hal_dac_ex.c ****   {
 612              		.loc 1 833 3 is_stmt 1 view .LVU168
 833:Drivers/STM32L0xx_HAL_Driver/Src/stm32l0xx_hal_dac_ex.c ****   {
 613              		.loc 1 833 5 is_stmt 0 view .LVU169
 614 0024 0028     		cmp	r0, #0
 615 0026 02D0     		beq	.L28
 836:Drivers/STM32L0xx_HAL_Driver/Src/stm32l0xx_hal_dac_ex.c ****   }
 616              		.loc 1 836 5 is_stmt 1 view .LVU170
 836:Drivers/STM32L0xx_HAL_Driver/Src/stm32l0xx_hal_dac_ex.c ****   }
 617              		.loc 1 836 17 is_stmt 0 view .LVU171
 618 0028 0423     		movs	r3, #4
 619 002a 2371     		strb	r3, [r4, #4]
 620              	.L29:
 845:Drivers/STM32L0xx_HAL_Driver/Src/stm32l0xx_hal_dac_ex.c **** }
 621              		.loc 1 845 3 is_stmt 1 view .LVU172
 846:Drivers/STM32L0xx_HAL_Driver/Src/stm32l0xx_hal_dac_ex.c **** 
 622              		.loc 1 846 1 is_stmt 0 view .LVU173
 623              		@ sp needed
 624              	.LVL54:
 846:Drivers/STM32L0xx_HAL_Driver/Src/stm32l0xx_hal_dac_ex.c **** 
 625              		.loc 1 846 1 view .LVU174
 626 002c 10BD     		pop	{r4, pc}
 627              	.LVL55:
 628              	.L28:
 841:Drivers/STM32L0xx_HAL_Driver/Src/stm32l0xx_hal_dac_ex.c ****   }
 629              		.loc 1 841 5 is_stmt 1 view .LVU175
 841:Drivers/STM32L0xx_HAL_Driver/Src/stm32l0xx_hal_dac_ex.c ****   }
 630              		.loc 1 841 17 is_stmt 0 view .LVU176
 631 002e 0123     		movs	r3, #1
 632 0030 2371     		strb	r3, [r4, #4]
 633 0032 FBE7     		b	.L29
ARM GAS  /var/folders/d7/pb3dkhys6j3db_qtp_8v34p80000gn/T//ccNR0MRk.s 			page 33


 634              		.cfi_endproc
 635              	.LFE51:
 637              		.section	.text.HAL_DAC_GetValue,"ax",%progbits
 638              		.align	1
 639              		.global	HAL_DAC_GetValue
 640              		.syntax unified
 641              		.code	16
 642              		.thumb_func
 644              	HAL_DAC_GetValue:
 645              	.LVL56:
 646              	.LFB52:
 858:Drivers/STM32L0xx_HAL_Driver/Src/stm32l0xx_hal_dac_ex.c ****   /* Check the parameters */
 647              		.loc 1 858 1 is_stmt 1 view -0
 648              		.cfi_startproc
 649              		@ args = 0, pretend = 0, frame = 0
 650              		@ frame_needed = 0, uses_anonymous_args = 0
 651              		@ link register save eliminated.
 860:Drivers/STM32L0xx_HAL_Driver/Src/stm32l0xx_hal_dac_ex.c ****   
 652              		.loc 1 860 3 view .LVU178
 863:Drivers/STM32L0xx_HAL_Driver/Src/stm32l0xx_hal_dac_ex.c **** }
 653              		.loc 1 863 3 view .LVU179
 863:Drivers/STM32L0xx_HAL_Driver/Src/stm32l0xx_hal_dac_ex.c **** }
 654              		.loc 1 863 14 is_stmt 0 view .LVU180
 655 0000 0368     		ldr	r3, [r0]
 863:Drivers/STM32L0xx_HAL_Driver/Src/stm32l0xx_hal_dac_ex.c **** }
 656              		.loc 1 863 24 view .LVU181
 657 0002 D86A     		ldr	r0, [r3, #44]
 658              	.LVL57:
 864:Drivers/STM32L0xx_HAL_Driver/Src/stm32l0xx_hal_dac_ex.c **** 
 659              		.loc 1 864 1 view .LVU182
 660              		@ sp needed
 661 0004 7047     		bx	lr
 662              		.cfi_endproc
 663              	.LFE52:
 665              		.section	.text.HAL_DAC_IRQHandler,"ax",%progbits
 666              		.align	1
 667              		.global	HAL_DAC_IRQHandler
 668              		.syntax unified
 669              		.code	16
 670              		.thumb_func
 672              	HAL_DAC_IRQHandler:
 673              	.LVL58:
 674              	.LFB53:
 873:Drivers/STM32L0xx_HAL_Driver/Src/stm32l0xx_hal_dac_ex.c ****   /* Check underrun flag of DAC channel 1 */
 675              		.loc 1 873 1 is_stmt 1 view -0
 676              		.cfi_startproc
 677              		@ args = 0, pretend = 0, frame = 0
 678              		@ frame_needed = 0, uses_anonymous_args = 0
 873:Drivers/STM32L0xx_HAL_Driver/Src/stm32l0xx_hal_dac_ex.c ****   /* Check underrun flag of DAC channel 1 */
 679              		.loc 1 873 1 is_stmt 0 view .LVU184
 680 0000 10B5     		push	{r4, lr}
 681              	.LCFI8:
 682              		.cfi_def_cfa_offset 8
 683              		.cfi_offset 4, -8
 684              		.cfi_offset 14, -4
 875:Drivers/STM32L0xx_HAL_Driver/Src/stm32l0xx_hal_dac_ex.c ****   {
 685              		.loc 1 875 3 is_stmt 1 view .LVU185
ARM GAS  /var/folders/d7/pb3dkhys6j3db_qtp_8v34p80000gn/T//ccNR0MRk.s 			page 34


 875:Drivers/STM32L0xx_HAL_Driver/Src/stm32l0xx_hal_dac_ex.c ****   {
 686              		.loc 1 875 6 is_stmt 0 view .LVU186
 687 0002 0268     		ldr	r2, [r0]
 688 0004 536B     		ldr	r3, [r2, #52]
 875:Drivers/STM32L0xx_HAL_Driver/Src/stm32l0xx_hal_dac_ex.c ****   {
 689              		.loc 1 875 5 view .LVU187
 690 0006 9B04     		lsls	r3, r3, #18
 691 0008 00D4     		bmi	.L34
 692              	.LVL59:
 693              	.L31:
 892:Drivers/STM32L0xx_HAL_Driver/Src/stm32l0xx_hal_dac_ex.c **** 
 694              		.loc 1 892 1 view .LVU188
 695              		@ sp needed
 696 000a 10BD     		pop	{r4, pc}
 697              	.LVL60:
 698              	.L34:
 878:Drivers/STM32L0xx_HAL_Driver/Src/stm32l0xx_hal_dac_ex.c **** 
 699              		.loc 1 878 5 is_stmt 1 view .LVU189
 878:Drivers/STM32L0xx_HAL_Driver/Src/stm32l0xx_hal_dac_ex.c **** 
 700              		.loc 1 878 17 is_stmt 0 view .LVU190
 701 000c 0423     		movs	r3, #4
 702 000e 0371     		strb	r3, [r0, #4]
 881:Drivers/STM32L0xx_HAL_Driver/Src/stm32l0xx_hal_dac_ex.c **** 
 703              		.loc 1 881 5 is_stmt 1 view .LVU191
 881:Drivers/STM32L0xx_HAL_Driver/Src/stm32l0xx_hal_dac_ex.c **** 
 704              		.loc 1 881 9 is_stmt 0 view .LVU192
 705 0010 C368     		ldr	r3, [r0, #12]
 881:Drivers/STM32L0xx_HAL_Driver/Src/stm32l0xx_hal_dac_ex.c **** 
 706              		.loc 1 881 21 view .LVU193
 707 0012 0121     		movs	r1, #1
 708 0014 0B43     		orrs	r3, r1
 709 0016 C360     		str	r3, [r0, #12]
 884:Drivers/STM32L0xx_HAL_Driver/Src/stm32l0xx_hal_dac_ex.c **** 
 710              		.loc 1 884 5 is_stmt 1 view .LVU194
 711 0018 8023     		movs	r3, #128
 712 001a 9B01     		lsls	r3, r3, #6
 713 001c 5363     		str	r3, [r2, #52]
 887:Drivers/STM32L0xx_HAL_Driver/Src/stm32l0xx_hal_dac_ex.c **** 
 714              		.loc 1 887 5 view .LVU195
 715 001e 0268     		ldr	r2, [r0]
 716 0020 1368     		ldr	r3, [r2]
 717 0022 0349     		ldr	r1, .L35
 718 0024 0B40     		ands	r3, r1
 719 0026 1360     		str	r3, [r2]
 890:Drivers/STM32L0xx_HAL_Driver/Src/stm32l0xx_hal_dac_ex.c ****   }
 720              		.loc 1 890 5 view .LVU196
 721 0028 FFF7FEFF 		bl	HAL_DAC_DMAUnderrunCallbackCh1
 722              	.LVL61:
 892:Drivers/STM32L0xx_HAL_Driver/Src/stm32l0xx_hal_dac_ex.c **** 
 723              		.loc 1 892 1 is_stmt 0 view .LVU197
 724 002c EDE7     		b	.L31
 725              	.L36:
 726 002e C046     		.align	2
 727              	.L35:
 728 0030 FFEFFFFF 		.word	-4097
 729              		.cfi_endproc
 730              	.LFE53:
ARM GAS  /var/folders/d7/pb3dkhys6j3db_qtp_8v34p80000gn/T//ccNR0MRk.s 			page 35


 732              		.section	.text.HAL_DAC_SetValue,"ax",%progbits
 733              		.align	1
 734              		.global	HAL_DAC_SetValue
 735              		.syntax unified
 736              		.code	16
 737              		.thumb_func
 739              	HAL_DAC_SetValue:
 740              	.LVL62:
 741              	.LFB54:
 910:Drivers/STM32L0xx_HAL_Driver/Src/stm32l0xx_hal_dac_ex.c ****   __IO uint32_t tmp = 0U;
 742              		.loc 1 910 1 is_stmt 1 view -0
 743              		.cfi_startproc
 744              		@ args = 0, pretend = 0, frame = 8
 745              		@ frame_needed = 0, uses_anonymous_args = 0
 746              		@ link register save eliminated.
 910:Drivers/STM32L0xx_HAL_Driver/Src/stm32l0xx_hal_dac_ex.c ****   __IO uint32_t tmp = 0U;
 747              		.loc 1 910 1 is_stmt 0 view .LVU199
 748 0000 82B0     		sub	sp, sp, #8
 749              	.LCFI9:
 750              		.cfi_def_cfa_offset 8
 911:Drivers/STM32L0xx_HAL_Driver/Src/stm32l0xx_hal_dac_ex.c **** 
 751              		.loc 1 911 3 is_stmt 1 view .LVU200
 911:Drivers/STM32L0xx_HAL_Driver/Src/stm32l0xx_hal_dac_ex.c **** 
 752              		.loc 1 911 17 is_stmt 0 view .LVU201
 753 0002 0021     		movs	r1, #0
 754              	.LVL63:
 911:Drivers/STM32L0xx_HAL_Driver/Src/stm32l0xx_hal_dac_ex.c **** 
 755              		.loc 1 911 17 view .LVU202
 756 0004 0191     		str	r1, [sp, #4]
 914:Drivers/STM32L0xx_HAL_Driver/Src/stm32l0xx_hal_dac_ex.c ****   assert_param(IS_DAC_ALIGN(Alignment));
 757              		.loc 1 914 3 is_stmt 1 view .LVU203
 915:Drivers/STM32L0xx_HAL_Driver/Src/stm32l0xx_hal_dac_ex.c ****   assert_param(IS_DAC_DATA(Data));
 758              		.loc 1 915 3 view .LVU204
 916:Drivers/STM32L0xx_HAL_Driver/Src/stm32l0xx_hal_dac_ex.c **** 
 759              		.loc 1 916 3 view .LVU205
 918:Drivers/STM32L0xx_HAL_Driver/Src/stm32l0xx_hal_dac_ex.c ****   tmp += DAC_DHR12R1_ALIGNMENT(Alignment);
 760              		.loc 1 918 3 view .LVU206
 918:Drivers/STM32L0xx_HAL_Driver/Src/stm32l0xx_hal_dac_ex.c ****   tmp += DAC_DHR12R1_ALIGNMENT(Alignment);
 761              		.loc 1 918 23 is_stmt 0 view .LVU207
 762 0006 0168     		ldr	r1, [r0]
 918:Drivers/STM32L0xx_HAL_Driver/Src/stm32l0xx_hal_dac_ex.c ****   tmp += DAC_DHR12R1_ALIGNMENT(Alignment);
 763              		.loc 1 918 7 view .LVU208
 764 0008 0191     		str	r1, [sp, #4]
 919:Drivers/STM32L0xx_HAL_Driver/Src/stm32l0xx_hal_dac_ex.c **** 
 765              		.loc 1 919 3 is_stmt 1 view .LVU209
 919:Drivers/STM32L0xx_HAL_Driver/Src/stm32l0xx_hal_dac_ex.c **** 
 766              		.loc 1 919 7 is_stmt 0 view .LVU210
 767 000a 0199     		ldr	r1, [sp, #4]
 768 000c 8918     		adds	r1, r1, r2
 769 000e 0831     		adds	r1, r1, #8
 770 0010 0191     		str	r1, [sp, #4]
 922:Drivers/STM32L0xx_HAL_Driver/Src/stm32l0xx_hal_dac_ex.c **** 
 771              		.loc 1 922 3 is_stmt 1 view .LVU211
 922:Drivers/STM32L0xx_HAL_Driver/Src/stm32l0xx_hal_dac_ex.c **** 
 772              		.loc 1 922 4 is_stmt 0 view .LVU212
 773 0012 019A     		ldr	r2, [sp, #4]
 774              	.LVL64:
ARM GAS  /var/folders/d7/pb3dkhys6j3db_qtp_8v34p80000gn/T//ccNR0MRk.s 			page 36


 922:Drivers/STM32L0xx_HAL_Driver/Src/stm32l0xx_hal_dac_ex.c **** 
 775              		.loc 1 922 26 view .LVU213
 776 0014 1360     		str	r3, [r2]
 925:Drivers/STM32L0xx_HAL_Driver/Src/stm32l0xx_hal_dac_ex.c **** }
 777              		.loc 1 925 3 is_stmt 1 view .LVU214
 926:Drivers/STM32L0xx_HAL_Driver/Src/stm32l0xx_hal_dac_ex.c **** 
 778              		.loc 1 926 1 is_stmt 0 view .LVU215
 779 0016 0020     		movs	r0, #0
 780              	.LVL65:
 926:Drivers/STM32L0xx_HAL_Driver/Src/stm32l0xx_hal_dac_ex.c **** 
 781              		.loc 1 926 1 view .LVU216
 782 0018 02B0     		add	sp, sp, #8
 783              		@ sp needed
 784 001a 7047     		bx	lr
 785              		.cfi_endproc
 786              	.LFE54:
 788              		.text
 789              	.Letext0:
 790              		.file 2 "/Applications/ArmGNUToolchain/14.3.rel1/arm-none-eabi/arm-none-eabi/include/machine/_defa
 791              		.file 3 "/Applications/ArmGNUToolchain/14.3.rel1/arm-none-eabi/arm-none-eabi/include/sys/_stdint.h
 792              		.file 4 "Drivers/CMSIS/Device/ST/STM32L0xx/Include/stm32l053xx.h"
 793              		.file 5 "Drivers/STM32L0xx_HAL_Driver/Inc/stm32l0xx_hal_def.h"
 794              		.file 6 "Drivers/STM32L0xx_HAL_Driver/Inc/stm32l0xx_hal_dma.h"
 795              		.file 7 "Drivers/STM32L0xx_HAL_Driver/Inc/stm32l0xx_hal_dac.h"
ARM GAS  /var/folders/d7/pb3dkhys6j3db_qtp_8v34p80000gn/T//ccNR0MRk.s 			page 37


DEFINED SYMBOLS
                            *ABS*:00000000 stm32l0xx_hal_dac_ex.c
/var/folders/d7/pb3dkhys6j3db_qtp_8v34p80000gn/T//ccNR0MRk.s:19     .text.DAC_DMAErrorCh1:00000000 $t
/var/folders/d7/pb3dkhys6j3db_qtp_8v34p80000gn/T//ccNR0MRk.s:24     .text.DAC_DMAErrorCh1:00000000 DAC_DMAErrorCh1
/var/folders/d7/pb3dkhys6j3db_qtp_8v34p80000gn/T//ccNR0MRk.s:67     .text.DAC_DMAHalfConvCpltCh1:00000000 $t
/var/folders/d7/pb3dkhys6j3db_qtp_8v34p80000gn/T//ccNR0MRk.s:72     .text.DAC_DMAHalfConvCpltCh1:00000000 DAC_DMAHalfConvCpltCh1
/var/folders/d7/pb3dkhys6j3db_qtp_8v34p80000gn/T//ccNR0MRk.s:99     .text.DAC_DMAConvCpltCh1:00000000 $t
/var/folders/d7/pb3dkhys6j3db_qtp_8v34p80000gn/T//ccNR0MRk.s:104    .text.DAC_DMAConvCpltCh1:00000000 DAC_DMAConvCpltCh1
/var/folders/d7/pb3dkhys6j3db_qtp_8v34p80000gn/T//ccNR0MRk.s:140    .text.HAL_DACEx_TriangleWaveGenerate:00000000 $t
/var/folders/d7/pb3dkhys6j3db_qtp_8v34p80000gn/T//ccNR0MRk.s:146    .text.HAL_DACEx_TriangleWaveGenerate:00000000 HAL_DACEx_TriangleWaveGenerate
/var/folders/d7/pb3dkhys6j3db_qtp_8v34p80000gn/T//ccNR0MRk.s:217    .text.HAL_DACEx_NoiseWaveGenerate:00000000 $t
/var/folders/d7/pb3dkhys6j3db_qtp_8v34p80000gn/T//ccNR0MRk.s:223    .text.HAL_DACEx_NoiseWaveGenerate:00000000 HAL_DACEx_NoiseWaveGenerate
/var/folders/d7/pb3dkhys6j3db_qtp_8v34p80000gn/T//ccNR0MRk.s:294    .text.HAL_DAC_Start:00000000 $t
/var/folders/d7/pb3dkhys6j3db_qtp_8v34p80000gn/T//ccNR0MRk.s:300    .text.HAL_DAC_Start:00000000 HAL_DAC_Start
/var/folders/d7/pb3dkhys6j3db_qtp_8v34p80000gn/T//ccNR0MRk.s:396    .text.HAL_DAC_Start_DMA:00000000 $t
/var/folders/d7/pb3dkhys6j3db_qtp_8v34p80000gn/T//ccNR0MRk.s:402    .text.HAL_DAC_Start_DMA:00000000 HAL_DAC_Start_DMA
/var/folders/d7/pb3dkhys6j3db_qtp_8v34p80000gn/T//ccNR0MRk.s:560    .text.HAL_DAC_Start_DMA:00000084 $d
/var/folders/d7/pb3dkhys6j3db_qtp_8v34p80000gn/T//ccNR0MRk.s:567    .text.HAL_DAC_Stop_DMA:00000000 $t
/var/folders/d7/pb3dkhys6j3db_qtp_8v34p80000gn/T//ccNR0MRk.s:573    .text.HAL_DAC_Stop_DMA:00000000 HAL_DAC_Stop_DMA
/var/folders/d7/pb3dkhys6j3db_qtp_8v34p80000gn/T//ccNR0MRk.s:638    .text.HAL_DAC_GetValue:00000000 $t
/var/folders/d7/pb3dkhys6j3db_qtp_8v34p80000gn/T//ccNR0MRk.s:644    .text.HAL_DAC_GetValue:00000000 HAL_DAC_GetValue
/var/folders/d7/pb3dkhys6j3db_qtp_8v34p80000gn/T//ccNR0MRk.s:666    .text.HAL_DAC_IRQHandler:00000000 $t
/var/folders/d7/pb3dkhys6j3db_qtp_8v34p80000gn/T//ccNR0MRk.s:672    .text.HAL_DAC_IRQHandler:00000000 HAL_DAC_IRQHandler
/var/folders/d7/pb3dkhys6j3db_qtp_8v34p80000gn/T//ccNR0MRk.s:728    .text.HAL_DAC_IRQHandler:00000030 $d
/var/folders/d7/pb3dkhys6j3db_qtp_8v34p80000gn/T//ccNR0MRk.s:733    .text.HAL_DAC_SetValue:00000000 $t
/var/folders/d7/pb3dkhys6j3db_qtp_8v34p80000gn/T//ccNR0MRk.s:739    .text.HAL_DAC_SetValue:00000000 HAL_DAC_SetValue

UNDEFINED SYMBOLS
HAL_DAC_ErrorCallbackCh1
HAL_DAC_ConvHalfCpltCallbackCh1
HAL_DAC_ConvCpltCallbackCh1
HAL_DMA_Start_IT
HAL_DMA_Abort
HAL_DAC_DMAUnderrunCallbackCh1
