ARM GAS  /var/folders/d7/pb3dkhys6j3db_qtp_8v34p80000gn/T//ccyA5zhx.s 			page 1


   1              		.cpu cortex-m0plus
   2              		.arch armv6s-m
   3              		.fpu softvfp
   4              		.eabi_attribute 20, 1
   5              		.eabi_attribute 21, 1
   6              		.eabi_attribute 23, 3
   7              		.eabi_attribute 24, 1
   8              		.eabi_attribute 25, 1
   9              		.eabi_attribute 26, 1
  10              		.eabi_attribute 30, 1
  11              		.eabi_attribute 34, 0
  12              		.eabi_attribute 18, 4
  13              		.file	"stm32l0xx_hal_uart_ex.c"
  14              		.text
  15              	.Ltext0:
  16              		.cfi_sections	.debug_frame
  17              		.file 1 "Drivers/STM32L0xx_HAL_Driver/Src/stm32l0xx_hal_uart_ex.c"
  18              		.section	.text.UARTEx_Wakeup_AddressConfig,"ax",%progbits
  19              		.align	1
  20              		.syntax unified
  21              		.code	16
  22              		.thumb_func
  24              	UARTEx_Wakeup_AddressConfig:
  25              	.LVL0:
  26              	.LFB59:
   1:Drivers/STM32L0xx_HAL_Driver/Src/stm32l0xx_hal_uart_ex.c **** /**
   2:Drivers/STM32L0xx_HAL_Driver/Src/stm32l0xx_hal_uart_ex.c ****   ******************************************************************************
   3:Drivers/STM32L0xx_HAL_Driver/Src/stm32l0xx_hal_uart_ex.c ****   * @file    stm32l0xx_hal_uart_ex.c
   4:Drivers/STM32L0xx_HAL_Driver/Src/stm32l0xx_hal_uart_ex.c ****   * @author  MCD Application Team
   5:Drivers/STM32L0xx_HAL_Driver/Src/stm32l0xx_hal_uart_ex.c ****   * @brief   Extended UART HAL module driver.
   6:Drivers/STM32L0xx_HAL_Driver/Src/stm32l0xx_hal_uart_ex.c ****   *          This file provides firmware functions to manage the following extended
   7:Drivers/STM32L0xx_HAL_Driver/Src/stm32l0xx_hal_uart_ex.c ****   *          functionalities of the Universal Asynchronous Receiver Transmitter Peripheral (UART).
   8:Drivers/STM32L0xx_HAL_Driver/Src/stm32l0xx_hal_uart_ex.c ****   *           + Initialization and de-initialization functions
   9:Drivers/STM32L0xx_HAL_Driver/Src/stm32l0xx_hal_uart_ex.c ****   *           + Peripheral Control functions
  10:Drivers/STM32L0xx_HAL_Driver/Src/stm32l0xx_hal_uart_ex.c ****   *
  11:Drivers/STM32L0xx_HAL_Driver/Src/stm32l0xx_hal_uart_ex.c ****   *
  12:Drivers/STM32L0xx_HAL_Driver/Src/stm32l0xx_hal_uart_ex.c ****   ******************************************************************************
  13:Drivers/STM32L0xx_HAL_Driver/Src/stm32l0xx_hal_uart_ex.c ****   * @attention
  14:Drivers/STM32L0xx_HAL_Driver/Src/stm32l0xx_hal_uart_ex.c ****   *
  15:Drivers/STM32L0xx_HAL_Driver/Src/stm32l0xx_hal_uart_ex.c ****   * Copyright (c) 2016 STMicroelectronics.
  16:Drivers/STM32L0xx_HAL_Driver/Src/stm32l0xx_hal_uart_ex.c ****   * All rights reserved.
  17:Drivers/STM32L0xx_HAL_Driver/Src/stm32l0xx_hal_uart_ex.c ****   *
  18:Drivers/STM32L0xx_HAL_Driver/Src/stm32l0xx_hal_uart_ex.c ****   * This software is licensed under terms that can be found in the LICENSE file
  19:Drivers/STM32L0xx_HAL_Driver/Src/stm32l0xx_hal_uart_ex.c ****   * in the root directory of this software component.
  20:Drivers/STM32L0xx_HAL_Driver/Src/stm32l0xx_hal_uart_ex.c ****   * If no LICENSE file comes with this software, it is provided AS-IS.
  21:Drivers/STM32L0xx_HAL_Driver/Src/stm32l0xx_hal_uart_ex.c ****   *
  22:Drivers/STM32L0xx_HAL_Driver/Src/stm32l0xx_hal_uart_ex.c ****   ******************************************************************************
  23:Drivers/STM32L0xx_HAL_Driver/Src/stm32l0xx_hal_uart_ex.c ****   @verbatim
  24:Drivers/STM32L0xx_HAL_Driver/Src/stm32l0xx_hal_uart_ex.c ****   ==============================================================================
  25:Drivers/STM32L0xx_HAL_Driver/Src/stm32l0xx_hal_uart_ex.c ****                ##### UART peripheral extended features  #####
  26:Drivers/STM32L0xx_HAL_Driver/Src/stm32l0xx_hal_uart_ex.c ****   ==============================================================================
  27:Drivers/STM32L0xx_HAL_Driver/Src/stm32l0xx_hal_uart_ex.c ****   [..]
  28:Drivers/STM32L0xx_HAL_Driver/Src/stm32l0xx_hal_uart_ex.c ****     (#) Declare a UART_HandleTypeDef handle structure.
  29:Drivers/STM32L0xx_HAL_Driver/Src/stm32l0xx_hal_uart_ex.c **** 
  30:Drivers/STM32L0xx_HAL_Driver/Src/stm32l0xx_hal_uart_ex.c ****     (#) For the UART RS485 Driver Enable mode, initialize the UART registers
  31:Drivers/STM32L0xx_HAL_Driver/Src/stm32l0xx_hal_uart_ex.c ****         by calling the HAL_RS485Ex_Init() API.
  32:Drivers/STM32L0xx_HAL_Driver/Src/stm32l0xx_hal_uart_ex.c **** 
ARM GAS  /var/folders/d7/pb3dkhys6j3db_qtp_8v34p80000gn/T//ccyA5zhx.s 			page 2


  33:Drivers/STM32L0xx_HAL_Driver/Src/stm32l0xx_hal_uart_ex.c ****   @endverbatim
  34:Drivers/STM32L0xx_HAL_Driver/Src/stm32l0xx_hal_uart_ex.c ****   ******************************************************************************
  35:Drivers/STM32L0xx_HAL_Driver/Src/stm32l0xx_hal_uart_ex.c ****   */
  36:Drivers/STM32L0xx_HAL_Driver/Src/stm32l0xx_hal_uart_ex.c **** 
  37:Drivers/STM32L0xx_HAL_Driver/Src/stm32l0xx_hal_uart_ex.c **** /* Includes ------------------------------------------------------------------*/
  38:Drivers/STM32L0xx_HAL_Driver/Src/stm32l0xx_hal_uart_ex.c **** #include "stm32l0xx_hal.h"
  39:Drivers/STM32L0xx_HAL_Driver/Src/stm32l0xx_hal_uart_ex.c **** 
  40:Drivers/STM32L0xx_HAL_Driver/Src/stm32l0xx_hal_uart_ex.c **** /** @addtogroup STM32L0xx_HAL_Driver
  41:Drivers/STM32L0xx_HAL_Driver/Src/stm32l0xx_hal_uart_ex.c ****   * @{
  42:Drivers/STM32L0xx_HAL_Driver/Src/stm32l0xx_hal_uart_ex.c ****   */
  43:Drivers/STM32L0xx_HAL_Driver/Src/stm32l0xx_hal_uart_ex.c **** 
  44:Drivers/STM32L0xx_HAL_Driver/Src/stm32l0xx_hal_uart_ex.c **** /** @defgroup UARTEx UARTEx
  45:Drivers/STM32L0xx_HAL_Driver/Src/stm32l0xx_hal_uart_ex.c ****   * @brief UART Extended HAL module driver
  46:Drivers/STM32L0xx_HAL_Driver/Src/stm32l0xx_hal_uart_ex.c ****   * @{
  47:Drivers/STM32L0xx_HAL_Driver/Src/stm32l0xx_hal_uart_ex.c ****   */
  48:Drivers/STM32L0xx_HAL_Driver/Src/stm32l0xx_hal_uart_ex.c **** 
  49:Drivers/STM32L0xx_HAL_Driver/Src/stm32l0xx_hal_uart_ex.c **** #ifdef HAL_UART_MODULE_ENABLED
  50:Drivers/STM32L0xx_HAL_Driver/Src/stm32l0xx_hal_uart_ex.c **** 
  51:Drivers/STM32L0xx_HAL_Driver/Src/stm32l0xx_hal_uart_ex.c **** /* Private typedef -----------------------------------------------------------*/
  52:Drivers/STM32L0xx_HAL_Driver/Src/stm32l0xx_hal_uart_ex.c **** /* Private define ------------------------------------------------------------*/
  53:Drivers/STM32L0xx_HAL_Driver/Src/stm32l0xx_hal_uart_ex.c **** 
  54:Drivers/STM32L0xx_HAL_Driver/Src/stm32l0xx_hal_uart_ex.c **** /* Private macros ------------------------------------------------------------*/
  55:Drivers/STM32L0xx_HAL_Driver/Src/stm32l0xx_hal_uart_ex.c **** /* Private variables ---------------------------------------------------------*/
  56:Drivers/STM32L0xx_HAL_Driver/Src/stm32l0xx_hal_uart_ex.c **** /* Private function prototypes -----------------------------------------------*/
  57:Drivers/STM32L0xx_HAL_Driver/Src/stm32l0xx_hal_uart_ex.c **** /** @defgroup UARTEx_Private_Functions UARTEx Private Functions
  58:Drivers/STM32L0xx_HAL_Driver/Src/stm32l0xx_hal_uart_ex.c ****   * @{
  59:Drivers/STM32L0xx_HAL_Driver/Src/stm32l0xx_hal_uart_ex.c ****   */
  60:Drivers/STM32L0xx_HAL_Driver/Src/stm32l0xx_hal_uart_ex.c **** static void UARTEx_Wakeup_AddressConfig(UART_HandleTypeDef *huart, UART_WakeUpTypeDef WakeUpSelecti
  61:Drivers/STM32L0xx_HAL_Driver/Src/stm32l0xx_hal_uart_ex.c **** /**
  62:Drivers/STM32L0xx_HAL_Driver/Src/stm32l0xx_hal_uart_ex.c ****   * @}
  63:Drivers/STM32L0xx_HAL_Driver/Src/stm32l0xx_hal_uart_ex.c ****   */
  64:Drivers/STM32L0xx_HAL_Driver/Src/stm32l0xx_hal_uart_ex.c **** 
  65:Drivers/STM32L0xx_HAL_Driver/Src/stm32l0xx_hal_uart_ex.c **** /* Exported functions --------------------------------------------------------*/
  66:Drivers/STM32L0xx_HAL_Driver/Src/stm32l0xx_hal_uart_ex.c **** 
  67:Drivers/STM32L0xx_HAL_Driver/Src/stm32l0xx_hal_uart_ex.c **** /** @defgroup UARTEx_Exported_Functions  UARTEx Exported Functions
  68:Drivers/STM32L0xx_HAL_Driver/Src/stm32l0xx_hal_uart_ex.c ****   * @{
  69:Drivers/STM32L0xx_HAL_Driver/Src/stm32l0xx_hal_uart_ex.c ****   */
  70:Drivers/STM32L0xx_HAL_Driver/Src/stm32l0xx_hal_uart_ex.c **** 
  71:Drivers/STM32L0xx_HAL_Driver/Src/stm32l0xx_hal_uart_ex.c **** /** @defgroup UARTEx_Exported_Functions_Group1 Initialization and de-initialization functions
  72:Drivers/STM32L0xx_HAL_Driver/Src/stm32l0xx_hal_uart_ex.c ****   * @brief    Extended Initialization and Configuration Functions
  73:Drivers/STM32L0xx_HAL_Driver/Src/stm32l0xx_hal_uart_ex.c ****   *
  74:Drivers/STM32L0xx_HAL_Driver/Src/stm32l0xx_hal_uart_ex.c **** @verbatim
  75:Drivers/STM32L0xx_HAL_Driver/Src/stm32l0xx_hal_uart_ex.c **** ===============================================================================
  76:Drivers/STM32L0xx_HAL_Driver/Src/stm32l0xx_hal_uart_ex.c ****             ##### Initialization and Configuration functions #####
  77:Drivers/STM32L0xx_HAL_Driver/Src/stm32l0xx_hal_uart_ex.c ****  ===============================================================================
  78:Drivers/STM32L0xx_HAL_Driver/Src/stm32l0xx_hal_uart_ex.c ****     [..]
  79:Drivers/STM32L0xx_HAL_Driver/Src/stm32l0xx_hal_uart_ex.c ****     This subsection provides a set of functions allowing to initialize the USARTx or the UARTy
  80:Drivers/STM32L0xx_HAL_Driver/Src/stm32l0xx_hal_uart_ex.c ****     in asynchronous mode.
  81:Drivers/STM32L0xx_HAL_Driver/Src/stm32l0xx_hal_uart_ex.c ****       (+) For the asynchronous mode the parameters below can be configured:
  82:Drivers/STM32L0xx_HAL_Driver/Src/stm32l0xx_hal_uart_ex.c ****         (++) Baud Rate
  83:Drivers/STM32L0xx_HAL_Driver/Src/stm32l0xx_hal_uart_ex.c ****         (++) Word Length
  84:Drivers/STM32L0xx_HAL_Driver/Src/stm32l0xx_hal_uart_ex.c ****         (++) Stop Bit
  85:Drivers/STM32L0xx_HAL_Driver/Src/stm32l0xx_hal_uart_ex.c ****         (++) Parity: If the parity is enabled, then the MSB bit of the data written
  86:Drivers/STM32L0xx_HAL_Driver/Src/stm32l0xx_hal_uart_ex.c ****              in the data register is transmitted but is changed by the parity bit.
  87:Drivers/STM32L0xx_HAL_Driver/Src/stm32l0xx_hal_uart_ex.c ****         (++) Hardware flow control
  88:Drivers/STM32L0xx_HAL_Driver/Src/stm32l0xx_hal_uart_ex.c ****         (++) Receiver/transmitter modes
  89:Drivers/STM32L0xx_HAL_Driver/Src/stm32l0xx_hal_uart_ex.c ****         (++) Over Sampling Method
ARM GAS  /var/folders/d7/pb3dkhys6j3db_qtp_8v34p80000gn/T//ccyA5zhx.s 			page 3


  90:Drivers/STM32L0xx_HAL_Driver/Src/stm32l0xx_hal_uart_ex.c ****         (++) One-Bit Sampling Method
  91:Drivers/STM32L0xx_HAL_Driver/Src/stm32l0xx_hal_uart_ex.c ****       (+) For the asynchronous mode, the following advanced features can be configured as well:
  92:Drivers/STM32L0xx_HAL_Driver/Src/stm32l0xx_hal_uart_ex.c ****         (++) TX and/or RX pin level inversion
  93:Drivers/STM32L0xx_HAL_Driver/Src/stm32l0xx_hal_uart_ex.c ****         (++) data logical level inversion
  94:Drivers/STM32L0xx_HAL_Driver/Src/stm32l0xx_hal_uart_ex.c ****         (++) RX and TX pins swap
  95:Drivers/STM32L0xx_HAL_Driver/Src/stm32l0xx_hal_uart_ex.c ****         (++) RX overrun detection disabling
  96:Drivers/STM32L0xx_HAL_Driver/Src/stm32l0xx_hal_uart_ex.c ****         (++) DMA disabling on RX error
  97:Drivers/STM32L0xx_HAL_Driver/Src/stm32l0xx_hal_uart_ex.c ****         (++) MSB first on communication line
  98:Drivers/STM32L0xx_HAL_Driver/Src/stm32l0xx_hal_uart_ex.c ****         (++) auto Baud rate detection
  99:Drivers/STM32L0xx_HAL_Driver/Src/stm32l0xx_hal_uart_ex.c ****     [..]
 100:Drivers/STM32L0xx_HAL_Driver/Src/stm32l0xx_hal_uart_ex.c ****     The HAL_RS485Ex_Init() API follows the UART RS485 mode configuration
 101:Drivers/STM32L0xx_HAL_Driver/Src/stm32l0xx_hal_uart_ex.c ****      procedures (details for the procedures are available in reference manual).
 102:Drivers/STM32L0xx_HAL_Driver/Src/stm32l0xx_hal_uart_ex.c **** 
 103:Drivers/STM32L0xx_HAL_Driver/Src/stm32l0xx_hal_uart_ex.c **** @endverbatim
 104:Drivers/STM32L0xx_HAL_Driver/Src/stm32l0xx_hal_uart_ex.c **** 
 105:Drivers/STM32L0xx_HAL_Driver/Src/stm32l0xx_hal_uart_ex.c ****   Depending on the frame length defined by the M1 and M0 bits (7-bit,
 106:Drivers/STM32L0xx_HAL_Driver/Src/stm32l0xx_hal_uart_ex.c ****   8-bit or 9-bit), the possible UART formats are listed in the
 107:Drivers/STM32L0xx_HAL_Driver/Src/stm32l0xx_hal_uart_ex.c ****   following table.
 108:Drivers/STM32L0xx_HAL_Driver/Src/stm32l0xx_hal_uart_ex.c **** 
 109:Drivers/STM32L0xx_HAL_Driver/Src/stm32l0xx_hal_uart_ex.c ****     Table 1. UART frame format.
 110:Drivers/STM32L0xx_HAL_Driver/Src/stm32l0xx_hal_uart_ex.c ****     +-----------------------------------------------------------------------+
 111:Drivers/STM32L0xx_HAL_Driver/Src/stm32l0xx_hal_uart_ex.c ****     |  M1 bit |  M0 bit |  PCE bit  |             UART frame                |
 112:Drivers/STM32L0xx_HAL_Driver/Src/stm32l0xx_hal_uart_ex.c ****     |---------|---------|-----------|---------------------------------------|
 113:Drivers/STM32L0xx_HAL_Driver/Src/stm32l0xx_hal_uart_ex.c ****     |    0    |    0    |    0      |    | SB |    8 bit data   | STB |     |
 114:Drivers/STM32L0xx_HAL_Driver/Src/stm32l0xx_hal_uart_ex.c ****     |---------|---------|-----------|---------------------------------------|
 115:Drivers/STM32L0xx_HAL_Driver/Src/stm32l0xx_hal_uart_ex.c ****     |    0    |    0    |    1      |    | SB | 7 bit data | PB | STB |     |
 116:Drivers/STM32L0xx_HAL_Driver/Src/stm32l0xx_hal_uart_ex.c ****     |---------|---------|-----------|---------------------------------------|
 117:Drivers/STM32L0xx_HAL_Driver/Src/stm32l0xx_hal_uart_ex.c ****     |    0    |    1    |    0      |    | SB |    9 bit data   | STB |     |
 118:Drivers/STM32L0xx_HAL_Driver/Src/stm32l0xx_hal_uart_ex.c ****     |---------|---------|-----------|---------------------------------------|
 119:Drivers/STM32L0xx_HAL_Driver/Src/stm32l0xx_hal_uart_ex.c ****     |    0    |    1    |    1      |    | SB | 8 bit data | PB | STB |     |
 120:Drivers/STM32L0xx_HAL_Driver/Src/stm32l0xx_hal_uart_ex.c ****     |---------|---------|-----------|---------------------------------------|
 121:Drivers/STM32L0xx_HAL_Driver/Src/stm32l0xx_hal_uart_ex.c ****     |    1    |    0    |    0      |    | SB |    7 bit data   | STB |     |
 122:Drivers/STM32L0xx_HAL_Driver/Src/stm32l0xx_hal_uart_ex.c ****     |---------|---------|-----------|---------------------------------------|
 123:Drivers/STM32L0xx_HAL_Driver/Src/stm32l0xx_hal_uart_ex.c ****     |    1    |    0    |    1      |    | SB | 6 bit data | PB | STB |     |
 124:Drivers/STM32L0xx_HAL_Driver/Src/stm32l0xx_hal_uart_ex.c ****     +-----------------------------------------------------------------------+
 125:Drivers/STM32L0xx_HAL_Driver/Src/stm32l0xx_hal_uart_ex.c **** 
 126:Drivers/STM32L0xx_HAL_Driver/Src/stm32l0xx_hal_uart_ex.c ****   * @{
 127:Drivers/STM32L0xx_HAL_Driver/Src/stm32l0xx_hal_uart_ex.c ****   */
 128:Drivers/STM32L0xx_HAL_Driver/Src/stm32l0xx_hal_uart_ex.c **** 
 129:Drivers/STM32L0xx_HAL_Driver/Src/stm32l0xx_hal_uart_ex.c **** /**
 130:Drivers/STM32L0xx_HAL_Driver/Src/stm32l0xx_hal_uart_ex.c ****   * @brief Initialize the RS485 Driver enable feature according to the specified
 131:Drivers/STM32L0xx_HAL_Driver/Src/stm32l0xx_hal_uart_ex.c ****   *         parameters in the UART_InitTypeDef and creates the associated handle.
 132:Drivers/STM32L0xx_HAL_Driver/Src/stm32l0xx_hal_uart_ex.c ****   * @param huart            UART handle.
 133:Drivers/STM32L0xx_HAL_Driver/Src/stm32l0xx_hal_uart_ex.c ****   * @param Polarity         Select the driver enable polarity.
 134:Drivers/STM32L0xx_HAL_Driver/Src/stm32l0xx_hal_uart_ex.c ****   *          This parameter can be one of the following values:
 135:Drivers/STM32L0xx_HAL_Driver/Src/stm32l0xx_hal_uart_ex.c ****   *          @arg @ref UART_DE_POLARITY_HIGH DE signal is active high
 136:Drivers/STM32L0xx_HAL_Driver/Src/stm32l0xx_hal_uart_ex.c ****   *          @arg @ref UART_DE_POLARITY_LOW  DE signal is active low
 137:Drivers/STM32L0xx_HAL_Driver/Src/stm32l0xx_hal_uart_ex.c ****   * @param AssertionTime    Driver Enable assertion time:
 138:Drivers/STM32L0xx_HAL_Driver/Src/stm32l0xx_hal_uart_ex.c ****   *       5-bit value defining the time between the activation of the DE (Driver Enable)
 139:Drivers/STM32L0xx_HAL_Driver/Src/stm32l0xx_hal_uart_ex.c ****   *       signal and the beginning of the start bit. It is expressed in sample time
 140:Drivers/STM32L0xx_HAL_Driver/Src/stm32l0xx_hal_uart_ex.c ****   *       units (1/8 or 1/16 bit time, depending on the oversampling rate)
 141:Drivers/STM32L0xx_HAL_Driver/Src/stm32l0xx_hal_uart_ex.c ****   * @param DeassertionTime  Driver Enable deassertion time:
 142:Drivers/STM32L0xx_HAL_Driver/Src/stm32l0xx_hal_uart_ex.c ****   *       5-bit value defining the time between the end of the last stop bit, in a
 143:Drivers/STM32L0xx_HAL_Driver/Src/stm32l0xx_hal_uart_ex.c ****   *       transmitted message, and the de-activation of the DE (Driver Enable) signal.
 144:Drivers/STM32L0xx_HAL_Driver/Src/stm32l0xx_hal_uart_ex.c ****   *       It is expressed in sample time units (1/8 or 1/16 bit time, depending on the
 145:Drivers/STM32L0xx_HAL_Driver/Src/stm32l0xx_hal_uart_ex.c ****   *       oversampling rate).
 146:Drivers/STM32L0xx_HAL_Driver/Src/stm32l0xx_hal_uart_ex.c ****   * @retval HAL status
ARM GAS  /var/folders/d7/pb3dkhys6j3db_qtp_8v34p80000gn/T//ccyA5zhx.s 			page 4


 147:Drivers/STM32L0xx_HAL_Driver/Src/stm32l0xx_hal_uart_ex.c ****   */
 148:Drivers/STM32L0xx_HAL_Driver/Src/stm32l0xx_hal_uart_ex.c **** HAL_StatusTypeDef HAL_RS485Ex_Init(UART_HandleTypeDef *huart, uint32_t Polarity, uint32_t Assertion
 149:Drivers/STM32L0xx_HAL_Driver/Src/stm32l0xx_hal_uart_ex.c ****                                    uint32_t DeassertionTime)
 150:Drivers/STM32L0xx_HAL_Driver/Src/stm32l0xx_hal_uart_ex.c **** {
 151:Drivers/STM32L0xx_HAL_Driver/Src/stm32l0xx_hal_uart_ex.c ****   uint32_t temp;
 152:Drivers/STM32L0xx_HAL_Driver/Src/stm32l0xx_hal_uart_ex.c **** 
 153:Drivers/STM32L0xx_HAL_Driver/Src/stm32l0xx_hal_uart_ex.c ****   /* Check the UART handle allocation */
 154:Drivers/STM32L0xx_HAL_Driver/Src/stm32l0xx_hal_uart_ex.c ****   if (huart == NULL)
 155:Drivers/STM32L0xx_HAL_Driver/Src/stm32l0xx_hal_uart_ex.c ****   {
 156:Drivers/STM32L0xx_HAL_Driver/Src/stm32l0xx_hal_uart_ex.c ****     return HAL_ERROR;
 157:Drivers/STM32L0xx_HAL_Driver/Src/stm32l0xx_hal_uart_ex.c ****   }
 158:Drivers/STM32L0xx_HAL_Driver/Src/stm32l0xx_hal_uart_ex.c ****   /* Check the Driver Enable UART instance */
 159:Drivers/STM32L0xx_HAL_Driver/Src/stm32l0xx_hal_uart_ex.c ****   assert_param(IS_UART_DRIVER_ENABLE_INSTANCE(huart->Instance));
 160:Drivers/STM32L0xx_HAL_Driver/Src/stm32l0xx_hal_uart_ex.c **** 
 161:Drivers/STM32L0xx_HAL_Driver/Src/stm32l0xx_hal_uart_ex.c ****   /* Check the Driver Enable polarity */
 162:Drivers/STM32L0xx_HAL_Driver/Src/stm32l0xx_hal_uart_ex.c ****   assert_param(IS_UART_DE_POLARITY(Polarity));
 163:Drivers/STM32L0xx_HAL_Driver/Src/stm32l0xx_hal_uart_ex.c **** 
 164:Drivers/STM32L0xx_HAL_Driver/Src/stm32l0xx_hal_uart_ex.c ****   /* Check the Driver Enable assertion time */
 165:Drivers/STM32L0xx_HAL_Driver/Src/stm32l0xx_hal_uart_ex.c ****   assert_param(IS_UART_ASSERTIONTIME(AssertionTime));
 166:Drivers/STM32L0xx_HAL_Driver/Src/stm32l0xx_hal_uart_ex.c **** 
 167:Drivers/STM32L0xx_HAL_Driver/Src/stm32l0xx_hal_uart_ex.c ****   /* Check the Driver Enable deassertion time */
 168:Drivers/STM32L0xx_HAL_Driver/Src/stm32l0xx_hal_uart_ex.c ****   assert_param(IS_UART_DEASSERTIONTIME(DeassertionTime));
 169:Drivers/STM32L0xx_HAL_Driver/Src/stm32l0xx_hal_uart_ex.c **** 
 170:Drivers/STM32L0xx_HAL_Driver/Src/stm32l0xx_hal_uart_ex.c ****   if (huart->gState == HAL_UART_STATE_RESET)
 171:Drivers/STM32L0xx_HAL_Driver/Src/stm32l0xx_hal_uart_ex.c ****   {
 172:Drivers/STM32L0xx_HAL_Driver/Src/stm32l0xx_hal_uart_ex.c ****     /* Allocate lock resource and initialize it */
 173:Drivers/STM32L0xx_HAL_Driver/Src/stm32l0xx_hal_uart_ex.c ****     huart->Lock = HAL_UNLOCKED;
 174:Drivers/STM32L0xx_HAL_Driver/Src/stm32l0xx_hal_uart_ex.c **** 
 175:Drivers/STM32L0xx_HAL_Driver/Src/stm32l0xx_hal_uart_ex.c **** #if (USE_HAL_UART_REGISTER_CALLBACKS == 1)
 176:Drivers/STM32L0xx_HAL_Driver/Src/stm32l0xx_hal_uart_ex.c ****     UART_InitCallbacksToDefault(huart);
 177:Drivers/STM32L0xx_HAL_Driver/Src/stm32l0xx_hal_uart_ex.c **** 
 178:Drivers/STM32L0xx_HAL_Driver/Src/stm32l0xx_hal_uart_ex.c ****     if (huart->MspInitCallback == NULL)
 179:Drivers/STM32L0xx_HAL_Driver/Src/stm32l0xx_hal_uart_ex.c ****     {
 180:Drivers/STM32L0xx_HAL_Driver/Src/stm32l0xx_hal_uart_ex.c ****       huart->MspInitCallback = HAL_UART_MspInit;
 181:Drivers/STM32L0xx_HAL_Driver/Src/stm32l0xx_hal_uart_ex.c ****     }
 182:Drivers/STM32L0xx_HAL_Driver/Src/stm32l0xx_hal_uart_ex.c **** 
 183:Drivers/STM32L0xx_HAL_Driver/Src/stm32l0xx_hal_uart_ex.c ****     /* Init the low level hardware */
 184:Drivers/STM32L0xx_HAL_Driver/Src/stm32l0xx_hal_uart_ex.c ****     huart->MspInitCallback(huart);
 185:Drivers/STM32L0xx_HAL_Driver/Src/stm32l0xx_hal_uart_ex.c **** #else
 186:Drivers/STM32L0xx_HAL_Driver/Src/stm32l0xx_hal_uart_ex.c ****     /* Init the low level hardware : GPIO, CLOCK, CORTEX */
 187:Drivers/STM32L0xx_HAL_Driver/Src/stm32l0xx_hal_uart_ex.c ****     HAL_UART_MspInit(huart);
 188:Drivers/STM32L0xx_HAL_Driver/Src/stm32l0xx_hal_uart_ex.c **** #endif /* (USE_HAL_UART_REGISTER_CALLBACKS) */
 189:Drivers/STM32L0xx_HAL_Driver/Src/stm32l0xx_hal_uart_ex.c ****   }
 190:Drivers/STM32L0xx_HAL_Driver/Src/stm32l0xx_hal_uart_ex.c **** 
 191:Drivers/STM32L0xx_HAL_Driver/Src/stm32l0xx_hal_uart_ex.c ****   huart->gState = HAL_UART_STATE_BUSY;
 192:Drivers/STM32L0xx_HAL_Driver/Src/stm32l0xx_hal_uart_ex.c **** 
 193:Drivers/STM32L0xx_HAL_Driver/Src/stm32l0xx_hal_uart_ex.c ****   /* Disable the Peripheral */
 194:Drivers/STM32L0xx_HAL_Driver/Src/stm32l0xx_hal_uart_ex.c ****   __HAL_UART_DISABLE(huart);
 195:Drivers/STM32L0xx_HAL_Driver/Src/stm32l0xx_hal_uart_ex.c **** 
 196:Drivers/STM32L0xx_HAL_Driver/Src/stm32l0xx_hal_uart_ex.c ****   /* Perform advanced settings configuration */
 197:Drivers/STM32L0xx_HAL_Driver/Src/stm32l0xx_hal_uart_ex.c ****   /* For some items, configuration requires to be done prior TE and RE bits are set */
 198:Drivers/STM32L0xx_HAL_Driver/Src/stm32l0xx_hal_uart_ex.c ****   if (huart->AdvancedInit.AdvFeatureInit != UART_ADVFEATURE_NO_INIT)
 199:Drivers/STM32L0xx_HAL_Driver/Src/stm32l0xx_hal_uart_ex.c ****   {
 200:Drivers/STM32L0xx_HAL_Driver/Src/stm32l0xx_hal_uart_ex.c ****     UART_AdvFeatureConfig(huart);
 201:Drivers/STM32L0xx_HAL_Driver/Src/stm32l0xx_hal_uart_ex.c ****   }
 202:Drivers/STM32L0xx_HAL_Driver/Src/stm32l0xx_hal_uart_ex.c **** 
 203:Drivers/STM32L0xx_HAL_Driver/Src/stm32l0xx_hal_uart_ex.c ****   /* Set the UART Communication parameters */
ARM GAS  /var/folders/d7/pb3dkhys6j3db_qtp_8v34p80000gn/T//ccyA5zhx.s 			page 5


 204:Drivers/STM32L0xx_HAL_Driver/Src/stm32l0xx_hal_uart_ex.c ****   if (UART_SetConfig(huart) == HAL_ERROR)
 205:Drivers/STM32L0xx_HAL_Driver/Src/stm32l0xx_hal_uart_ex.c ****   {
 206:Drivers/STM32L0xx_HAL_Driver/Src/stm32l0xx_hal_uart_ex.c ****     return HAL_ERROR;
 207:Drivers/STM32L0xx_HAL_Driver/Src/stm32l0xx_hal_uart_ex.c ****   }
 208:Drivers/STM32L0xx_HAL_Driver/Src/stm32l0xx_hal_uart_ex.c **** 
 209:Drivers/STM32L0xx_HAL_Driver/Src/stm32l0xx_hal_uart_ex.c ****   /* Enable the Driver Enable mode by setting the DEM bit in the CR3 register */
 210:Drivers/STM32L0xx_HAL_Driver/Src/stm32l0xx_hal_uart_ex.c ****   SET_BIT(huart->Instance->CR3, USART_CR3_DEM);
 211:Drivers/STM32L0xx_HAL_Driver/Src/stm32l0xx_hal_uart_ex.c **** 
 212:Drivers/STM32L0xx_HAL_Driver/Src/stm32l0xx_hal_uart_ex.c ****   /* Set the Driver Enable polarity */
 213:Drivers/STM32L0xx_HAL_Driver/Src/stm32l0xx_hal_uart_ex.c ****   MODIFY_REG(huart->Instance->CR3, USART_CR3_DEP, Polarity);
 214:Drivers/STM32L0xx_HAL_Driver/Src/stm32l0xx_hal_uart_ex.c **** 
 215:Drivers/STM32L0xx_HAL_Driver/Src/stm32l0xx_hal_uart_ex.c ****   /* Set the Driver Enable assertion and deassertion times */
 216:Drivers/STM32L0xx_HAL_Driver/Src/stm32l0xx_hal_uart_ex.c ****   temp = (AssertionTime << UART_CR1_DEAT_ADDRESS_LSB_POS);
 217:Drivers/STM32L0xx_HAL_Driver/Src/stm32l0xx_hal_uart_ex.c ****   temp |= (DeassertionTime << UART_CR1_DEDT_ADDRESS_LSB_POS);
 218:Drivers/STM32L0xx_HAL_Driver/Src/stm32l0xx_hal_uart_ex.c ****   MODIFY_REG(huart->Instance->CR1, (USART_CR1_DEDT | USART_CR1_DEAT), temp);
 219:Drivers/STM32L0xx_HAL_Driver/Src/stm32l0xx_hal_uart_ex.c **** 
 220:Drivers/STM32L0xx_HAL_Driver/Src/stm32l0xx_hal_uart_ex.c ****   /* Enable the Peripheral */
 221:Drivers/STM32L0xx_HAL_Driver/Src/stm32l0xx_hal_uart_ex.c ****   __HAL_UART_ENABLE(huart);
 222:Drivers/STM32L0xx_HAL_Driver/Src/stm32l0xx_hal_uart_ex.c **** 
 223:Drivers/STM32L0xx_HAL_Driver/Src/stm32l0xx_hal_uart_ex.c ****   /* TEACK and/or REACK to check before moving huart->gState and huart->RxState to Ready */
 224:Drivers/STM32L0xx_HAL_Driver/Src/stm32l0xx_hal_uart_ex.c ****   return (UART_CheckIdleState(huart));
 225:Drivers/STM32L0xx_HAL_Driver/Src/stm32l0xx_hal_uart_ex.c **** }
 226:Drivers/STM32L0xx_HAL_Driver/Src/stm32l0xx_hal_uart_ex.c **** 
 227:Drivers/STM32L0xx_HAL_Driver/Src/stm32l0xx_hal_uart_ex.c **** /**
 228:Drivers/STM32L0xx_HAL_Driver/Src/stm32l0xx_hal_uart_ex.c ****   * @}
 229:Drivers/STM32L0xx_HAL_Driver/Src/stm32l0xx_hal_uart_ex.c ****   */
 230:Drivers/STM32L0xx_HAL_Driver/Src/stm32l0xx_hal_uart_ex.c **** 
 231:Drivers/STM32L0xx_HAL_Driver/Src/stm32l0xx_hal_uart_ex.c **** /** @defgroup UARTEx_Exported_Functions_Group2 IO operation functions
 232:Drivers/STM32L0xx_HAL_Driver/Src/stm32l0xx_hal_uart_ex.c ****   *  @brief Extended functions
 233:Drivers/STM32L0xx_HAL_Driver/Src/stm32l0xx_hal_uart_ex.c ****   *
 234:Drivers/STM32L0xx_HAL_Driver/Src/stm32l0xx_hal_uart_ex.c **** @verbatim
 235:Drivers/STM32L0xx_HAL_Driver/Src/stm32l0xx_hal_uart_ex.c ****  ===============================================================================
 236:Drivers/STM32L0xx_HAL_Driver/Src/stm32l0xx_hal_uart_ex.c ****                       ##### IO operation functions #####
 237:Drivers/STM32L0xx_HAL_Driver/Src/stm32l0xx_hal_uart_ex.c ****  ===============================================================================
 238:Drivers/STM32L0xx_HAL_Driver/Src/stm32l0xx_hal_uart_ex.c ****     [..]
 239:Drivers/STM32L0xx_HAL_Driver/Src/stm32l0xx_hal_uart_ex.c ****     This subsection provides a set of Wakeup and FIFO mode related callback functions.
 240:Drivers/STM32L0xx_HAL_Driver/Src/stm32l0xx_hal_uart_ex.c ****     (#) Wakeup from Stop mode Callback:
 241:Drivers/STM32L0xx_HAL_Driver/Src/stm32l0xx_hal_uart_ex.c ****         (++) HAL_UARTEx_WakeupCallback()
 242:Drivers/STM32L0xx_HAL_Driver/Src/stm32l0xx_hal_uart_ex.c **** @endverbatim
 243:Drivers/STM32L0xx_HAL_Driver/Src/stm32l0xx_hal_uart_ex.c ****   * @{
 244:Drivers/STM32L0xx_HAL_Driver/Src/stm32l0xx_hal_uart_ex.c ****   */
 245:Drivers/STM32L0xx_HAL_Driver/Src/stm32l0xx_hal_uart_ex.c **** 
 246:Drivers/STM32L0xx_HAL_Driver/Src/stm32l0xx_hal_uart_ex.c **** /**
 247:Drivers/STM32L0xx_HAL_Driver/Src/stm32l0xx_hal_uart_ex.c ****   * @brief UART wakeup from Stop mode callback.
 248:Drivers/STM32L0xx_HAL_Driver/Src/stm32l0xx_hal_uart_ex.c ****   * @param huart UART handle.
 249:Drivers/STM32L0xx_HAL_Driver/Src/stm32l0xx_hal_uart_ex.c ****   * @retval None
 250:Drivers/STM32L0xx_HAL_Driver/Src/stm32l0xx_hal_uart_ex.c ****   */
 251:Drivers/STM32L0xx_HAL_Driver/Src/stm32l0xx_hal_uart_ex.c **** __weak void HAL_UARTEx_WakeupCallback(UART_HandleTypeDef *huart)
 252:Drivers/STM32L0xx_HAL_Driver/Src/stm32l0xx_hal_uart_ex.c **** {
 253:Drivers/STM32L0xx_HAL_Driver/Src/stm32l0xx_hal_uart_ex.c ****   /* Prevent unused argument(s) compilation warning */
 254:Drivers/STM32L0xx_HAL_Driver/Src/stm32l0xx_hal_uart_ex.c ****   UNUSED(huart);
 255:Drivers/STM32L0xx_HAL_Driver/Src/stm32l0xx_hal_uart_ex.c **** 
 256:Drivers/STM32L0xx_HAL_Driver/Src/stm32l0xx_hal_uart_ex.c ****   /* NOTE : This function should not be modified, when the callback is needed,
 257:Drivers/STM32L0xx_HAL_Driver/Src/stm32l0xx_hal_uart_ex.c ****             the HAL_UARTEx_WakeupCallback can be implemented in the user file.
 258:Drivers/STM32L0xx_HAL_Driver/Src/stm32l0xx_hal_uart_ex.c ****    */
 259:Drivers/STM32L0xx_HAL_Driver/Src/stm32l0xx_hal_uart_ex.c **** }
 260:Drivers/STM32L0xx_HAL_Driver/Src/stm32l0xx_hal_uart_ex.c **** 
ARM GAS  /var/folders/d7/pb3dkhys6j3db_qtp_8v34p80000gn/T//ccyA5zhx.s 			page 6


 261:Drivers/STM32L0xx_HAL_Driver/Src/stm32l0xx_hal_uart_ex.c **** 
 262:Drivers/STM32L0xx_HAL_Driver/Src/stm32l0xx_hal_uart_ex.c **** /**
 263:Drivers/STM32L0xx_HAL_Driver/Src/stm32l0xx_hal_uart_ex.c ****   * @}
 264:Drivers/STM32L0xx_HAL_Driver/Src/stm32l0xx_hal_uart_ex.c ****   */
 265:Drivers/STM32L0xx_HAL_Driver/Src/stm32l0xx_hal_uart_ex.c **** 
 266:Drivers/STM32L0xx_HAL_Driver/Src/stm32l0xx_hal_uart_ex.c **** /** @defgroup UARTEx_Exported_Functions_Group3 Peripheral Control functions
 267:Drivers/STM32L0xx_HAL_Driver/Src/stm32l0xx_hal_uart_ex.c ****   * @brief    Extended Peripheral Control functions
 268:Drivers/STM32L0xx_HAL_Driver/Src/stm32l0xx_hal_uart_ex.c ****   *
 269:Drivers/STM32L0xx_HAL_Driver/Src/stm32l0xx_hal_uart_ex.c **** @verbatim
 270:Drivers/STM32L0xx_HAL_Driver/Src/stm32l0xx_hal_uart_ex.c ****  ===============================================================================
 271:Drivers/STM32L0xx_HAL_Driver/Src/stm32l0xx_hal_uart_ex.c ****                       ##### Peripheral Control functions #####
 272:Drivers/STM32L0xx_HAL_Driver/Src/stm32l0xx_hal_uart_ex.c ****  ===============================================================================
 273:Drivers/STM32L0xx_HAL_Driver/Src/stm32l0xx_hal_uart_ex.c ****     [..] This section provides the following functions:
 274:Drivers/STM32L0xx_HAL_Driver/Src/stm32l0xx_hal_uart_ex.c ****      (+) HAL_UARTEx_EnableClockStopMode() API enables the UART clock (HSI or LSE only) during stop 
 275:Drivers/STM32L0xx_HAL_Driver/Src/stm32l0xx_hal_uart_ex.c ****      (+) HAL_UARTEx_DisableClockStopMode() API disables the above functionality
 276:Drivers/STM32L0xx_HAL_Driver/Src/stm32l0xx_hal_uart_ex.c ****      (+) HAL_MultiProcessorEx_AddressLength_Set() API optionally sets the UART node address
 277:Drivers/STM32L0xx_HAL_Driver/Src/stm32l0xx_hal_uart_ex.c ****          detection length to more than 4 bits for multiprocessor address mark wake up.
 278:Drivers/STM32L0xx_HAL_Driver/Src/stm32l0xx_hal_uart_ex.c ****      (+) HAL_UARTEx_StopModeWakeUpSourceConfig() API defines the wake-up from stop mode
 279:Drivers/STM32L0xx_HAL_Driver/Src/stm32l0xx_hal_uart_ex.c ****          trigger: address match, Start Bit detection or RXNE bit status.
 280:Drivers/STM32L0xx_HAL_Driver/Src/stm32l0xx_hal_uart_ex.c ****      (+) HAL_UARTEx_EnableStopMode() API enables the UART to wake up the MCU from stop mode
 281:Drivers/STM32L0xx_HAL_Driver/Src/stm32l0xx_hal_uart_ex.c ****      (+) HAL_UARTEx_DisableStopMode() API disables the above functionality
 282:Drivers/STM32L0xx_HAL_Driver/Src/stm32l0xx_hal_uart_ex.c **** 
 283:Drivers/STM32L0xx_HAL_Driver/Src/stm32l0xx_hal_uart_ex.c ****     [..] This subsection also provides a set of additional functions providing enhanced reception
 284:Drivers/STM32L0xx_HAL_Driver/Src/stm32l0xx_hal_uart_ex.c ****     services to user. (For example, these functions allow application to handle use cases
 285:Drivers/STM32L0xx_HAL_Driver/Src/stm32l0xx_hal_uart_ex.c ****     where number of data to be received is unknown).
 286:Drivers/STM32L0xx_HAL_Driver/Src/stm32l0xx_hal_uart_ex.c **** 
 287:Drivers/STM32L0xx_HAL_Driver/Src/stm32l0xx_hal_uart_ex.c ****     (#) Compared to standard reception services which only consider number of received
 288:Drivers/STM32L0xx_HAL_Driver/Src/stm32l0xx_hal_uart_ex.c ****         data elements as reception completion criteria, these functions also consider additional ev
 289:Drivers/STM32L0xx_HAL_Driver/Src/stm32l0xx_hal_uart_ex.c ****         as triggers for updating reception status to caller :
 290:Drivers/STM32L0xx_HAL_Driver/Src/stm32l0xx_hal_uart_ex.c ****        (++) Detection of inactivity period (RX line has not been active for a given period).
 291:Drivers/STM32L0xx_HAL_Driver/Src/stm32l0xx_hal_uart_ex.c ****           (+++) RX inactivity detected by IDLE event, i.e. RX line has been in idle state (normally
 292:Drivers/STM32L0xx_HAL_Driver/Src/stm32l0xx_hal_uart_ex.c ****                for 1 frame time, after last received byte.
 293:Drivers/STM32L0xx_HAL_Driver/Src/stm32l0xx_hal_uart_ex.c ****           (+++) RX inactivity detected by RTO, i.e. line has been in idle state
 294:Drivers/STM32L0xx_HAL_Driver/Src/stm32l0xx_hal_uart_ex.c ****                for a programmable time, after last received byte.
 295:Drivers/STM32L0xx_HAL_Driver/Src/stm32l0xx_hal_uart_ex.c ****        (++) Detection that a specific character has been received.
 296:Drivers/STM32L0xx_HAL_Driver/Src/stm32l0xx_hal_uart_ex.c **** 
 297:Drivers/STM32L0xx_HAL_Driver/Src/stm32l0xx_hal_uart_ex.c ****     (#) There are two modes of transfer:
 298:Drivers/STM32L0xx_HAL_Driver/Src/stm32l0xx_hal_uart_ex.c ****        (++) Blocking mode: The reception is performed in polling mode, until either expected number
 299:Drivers/STM32L0xx_HAL_Driver/Src/stm32l0xx_hal_uart_ex.c ****            or till IDLE event occurs. Reception is handled only during function execution.
 300:Drivers/STM32L0xx_HAL_Driver/Src/stm32l0xx_hal_uart_ex.c ****            When function exits, no data reception could occur. HAL status and number of actually re
 301:Drivers/STM32L0xx_HAL_Driver/Src/stm32l0xx_hal_uart_ex.c ****            are returned by function after finishing transfer.
 302:Drivers/STM32L0xx_HAL_Driver/Src/stm32l0xx_hal_uart_ex.c ****        (++) Non-Blocking mode: The reception is performed using Interrupts or DMA.
 303:Drivers/STM32L0xx_HAL_Driver/Src/stm32l0xx_hal_uart_ex.c ****            These API's return the HAL status.
 304:Drivers/STM32L0xx_HAL_Driver/Src/stm32l0xx_hal_uart_ex.c ****            The end of the data processing will be indicated through the
 305:Drivers/STM32L0xx_HAL_Driver/Src/stm32l0xx_hal_uart_ex.c ****            dedicated UART IRQ when using Interrupt mode or the DMA IRQ when using DMA mode.
 306:Drivers/STM32L0xx_HAL_Driver/Src/stm32l0xx_hal_uart_ex.c ****            The HAL_UARTEx_RxEventCallback() user callback will be executed during Receive process
 307:Drivers/STM32L0xx_HAL_Driver/Src/stm32l0xx_hal_uart_ex.c ****            The HAL_UART_ErrorCallback()user callback will be executed when a reception error is det
 308:Drivers/STM32L0xx_HAL_Driver/Src/stm32l0xx_hal_uart_ex.c **** 
 309:Drivers/STM32L0xx_HAL_Driver/Src/stm32l0xx_hal_uart_ex.c ****     (#) Blocking mode API:
 310:Drivers/STM32L0xx_HAL_Driver/Src/stm32l0xx_hal_uart_ex.c ****         (++) HAL_UARTEx_ReceiveToIdle()
 311:Drivers/STM32L0xx_HAL_Driver/Src/stm32l0xx_hal_uart_ex.c **** 
 312:Drivers/STM32L0xx_HAL_Driver/Src/stm32l0xx_hal_uart_ex.c ****     (#) Non-Blocking mode API with Interrupt:
 313:Drivers/STM32L0xx_HAL_Driver/Src/stm32l0xx_hal_uart_ex.c ****         (++) HAL_UARTEx_ReceiveToIdle_IT()
 314:Drivers/STM32L0xx_HAL_Driver/Src/stm32l0xx_hal_uart_ex.c **** 
 315:Drivers/STM32L0xx_HAL_Driver/Src/stm32l0xx_hal_uart_ex.c ****     (#) Non-Blocking mode API with DMA:
 316:Drivers/STM32L0xx_HAL_Driver/Src/stm32l0xx_hal_uart_ex.c ****         (++) HAL_UARTEx_ReceiveToIdle_DMA()
 317:Drivers/STM32L0xx_HAL_Driver/Src/stm32l0xx_hal_uart_ex.c **** 
ARM GAS  /var/folders/d7/pb3dkhys6j3db_qtp_8v34p80000gn/T//ccyA5zhx.s 			page 7


 318:Drivers/STM32L0xx_HAL_Driver/Src/stm32l0xx_hal_uart_ex.c **** @endverbatim
 319:Drivers/STM32L0xx_HAL_Driver/Src/stm32l0xx_hal_uart_ex.c ****   * @{
 320:Drivers/STM32L0xx_HAL_Driver/Src/stm32l0xx_hal_uart_ex.c ****   */
 321:Drivers/STM32L0xx_HAL_Driver/Src/stm32l0xx_hal_uart_ex.c **** 
 322:Drivers/STM32L0xx_HAL_Driver/Src/stm32l0xx_hal_uart_ex.c **** /**
 323:Drivers/STM32L0xx_HAL_Driver/Src/stm32l0xx_hal_uart_ex.c ****   * @brief  Keep UART Clock enabled when in Stop Mode.
 324:Drivers/STM32L0xx_HAL_Driver/Src/stm32l0xx_hal_uart_ex.c ****   * @note   When the USART clock source is configured to be LSE or HSI, it is possible to keep enab
 325:Drivers/STM32L0xx_HAL_Driver/Src/stm32l0xx_hal_uart_ex.c ****   *         this clock during STOP mode by setting the UCESM bit in USART_CR3 control register.
 326:Drivers/STM32L0xx_HAL_Driver/Src/stm32l0xx_hal_uart_ex.c ****   * @note   When LPUART is used to wakeup from stop with LSE is selected as LPUART clock source,
 327:Drivers/STM32L0xx_HAL_Driver/Src/stm32l0xx_hal_uart_ex.c ****   *         and desired baud rate is 9600 baud, the bit UCESM bit in LPUART_CR3 control register mu
 328:Drivers/STM32L0xx_HAL_Driver/Src/stm32l0xx_hal_uart_ex.c ****   * @param  huart UART handle.
 329:Drivers/STM32L0xx_HAL_Driver/Src/stm32l0xx_hal_uart_ex.c ****   * @retval HAL status
 330:Drivers/STM32L0xx_HAL_Driver/Src/stm32l0xx_hal_uart_ex.c ****   */
 331:Drivers/STM32L0xx_HAL_Driver/Src/stm32l0xx_hal_uart_ex.c **** HAL_StatusTypeDef HAL_UARTEx_EnableClockStopMode(UART_HandleTypeDef *huart)
 332:Drivers/STM32L0xx_HAL_Driver/Src/stm32l0xx_hal_uart_ex.c **** {
 333:Drivers/STM32L0xx_HAL_Driver/Src/stm32l0xx_hal_uart_ex.c ****   /* Process Locked */
 334:Drivers/STM32L0xx_HAL_Driver/Src/stm32l0xx_hal_uart_ex.c ****   __HAL_LOCK(huart);
 335:Drivers/STM32L0xx_HAL_Driver/Src/stm32l0xx_hal_uart_ex.c **** 
 336:Drivers/STM32L0xx_HAL_Driver/Src/stm32l0xx_hal_uart_ex.c ****   /* Set UCESM bit */
 337:Drivers/STM32L0xx_HAL_Driver/Src/stm32l0xx_hal_uart_ex.c ****   ATOMIC_SET_BIT(huart->Instance->CR3, USART_CR3_UCESM);
 338:Drivers/STM32L0xx_HAL_Driver/Src/stm32l0xx_hal_uart_ex.c **** 
 339:Drivers/STM32L0xx_HAL_Driver/Src/stm32l0xx_hal_uart_ex.c ****   /* Process Unlocked */
 340:Drivers/STM32L0xx_HAL_Driver/Src/stm32l0xx_hal_uart_ex.c ****   __HAL_UNLOCK(huart);
 341:Drivers/STM32L0xx_HAL_Driver/Src/stm32l0xx_hal_uart_ex.c **** 
 342:Drivers/STM32L0xx_HAL_Driver/Src/stm32l0xx_hal_uart_ex.c ****   return HAL_OK;
 343:Drivers/STM32L0xx_HAL_Driver/Src/stm32l0xx_hal_uart_ex.c **** }
 344:Drivers/STM32L0xx_HAL_Driver/Src/stm32l0xx_hal_uart_ex.c **** 
 345:Drivers/STM32L0xx_HAL_Driver/Src/stm32l0xx_hal_uart_ex.c **** /**
 346:Drivers/STM32L0xx_HAL_Driver/Src/stm32l0xx_hal_uart_ex.c ****   * @brief  Disable UART Clock when in Stop Mode.
 347:Drivers/STM32L0xx_HAL_Driver/Src/stm32l0xx_hal_uart_ex.c ****   * @param  huart UART handle.
 348:Drivers/STM32L0xx_HAL_Driver/Src/stm32l0xx_hal_uart_ex.c ****   * @retval HAL status
 349:Drivers/STM32L0xx_HAL_Driver/Src/stm32l0xx_hal_uart_ex.c ****   */
 350:Drivers/STM32L0xx_HAL_Driver/Src/stm32l0xx_hal_uart_ex.c **** HAL_StatusTypeDef HAL_UARTEx_DisableClockStopMode(UART_HandleTypeDef *huart)
 351:Drivers/STM32L0xx_HAL_Driver/Src/stm32l0xx_hal_uart_ex.c **** {
 352:Drivers/STM32L0xx_HAL_Driver/Src/stm32l0xx_hal_uart_ex.c ****   /* Process Locked */
 353:Drivers/STM32L0xx_HAL_Driver/Src/stm32l0xx_hal_uart_ex.c ****   __HAL_LOCK(huart);
 354:Drivers/STM32L0xx_HAL_Driver/Src/stm32l0xx_hal_uart_ex.c **** 
 355:Drivers/STM32L0xx_HAL_Driver/Src/stm32l0xx_hal_uart_ex.c ****   /* Clear UCESM bit */
 356:Drivers/STM32L0xx_HAL_Driver/Src/stm32l0xx_hal_uart_ex.c ****   ATOMIC_CLEAR_BIT(huart->Instance->CR3, USART_CR3_UCESM);
 357:Drivers/STM32L0xx_HAL_Driver/Src/stm32l0xx_hal_uart_ex.c **** 
 358:Drivers/STM32L0xx_HAL_Driver/Src/stm32l0xx_hal_uart_ex.c ****   /* Process Unlocked */
 359:Drivers/STM32L0xx_HAL_Driver/Src/stm32l0xx_hal_uart_ex.c ****   __HAL_UNLOCK(huart);
 360:Drivers/STM32L0xx_HAL_Driver/Src/stm32l0xx_hal_uart_ex.c **** 
 361:Drivers/STM32L0xx_HAL_Driver/Src/stm32l0xx_hal_uart_ex.c ****   return HAL_OK;
 362:Drivers/STM32L0xx_HAL_Driver/Src/stm32l0xx_hal_uart_ex.c **** }
 363:Drivers/STM32L0xx_HAL_Driver/Src/stm32l0xx_hal_uart_ex.c **** 
 364:Drivers/STM32L0xx_HAL_Driver/Src/stm32l0xx_hal_uart_ex.c **** /**
 365:Drivers/STM32L0xx_HAL_Driver/Src/stm32l0xx_hal_uart_ex.c ****   * @brief By default in multiprocessor mode, when the wake up method is set
 366:Drivers/STM32L0xx_HAL_Driver/Src/stm32l0xx_hal_uart_ex.c ****   *        to address mark, the UART handles only 4-bit long addresses detection;
 367:Drivers/STM32L0xx_HAL_Driver/Src/stm32l0xx_hal_uart_ex.c ****   *        this API allows to enable longer addresses detection (6-, 7- or 8-bit
 368:Drivers/STM32L0xx_HAL_Driver/Src/stm32l0xx_hal_uart_ex.c ****   *        long).
 369:Drivers/STM32L0xx_HAL_Driver/Src/stm32l0xx_hal_uart_ex.c ****   * @note  Addresses detection lengths are: 6-bit address detection in 7-bit data mode,
 370:Drivers/STM32L0xx_HAL_Driver/Src/stm32l0xx_hal_uart_ex.c ****   *        7-bit address detection in 8-bit data mode, 8-bit address detection in 9-bit data mode.
 371:Drivers/STM32L0xx_HAL_Driver/Src/stm32l0xx_hal_uart_ex.c ****   * @param huart         UART handle.
 372:Drivers/STM32L0xx_HAL_Driver/Src/stm32l0xx_hal_uart_ex.c ****   * @param AddressLength This parameter can be one of the following values:
 373:Drivers/STM32L0xx_HAL_Driver/Src/stm32l0xx_hal_uart_ex.c ****   *          @arg @ref UART_ADDRESS_DETECT_4B 4-bit long address
 374:Drivers/STM32L0xx_HAL_Driver/Src/stm32l0xx_hal_uart_ex.c ****   *          @arg @ref UART_ADDRESS_DETECT_7B 6-, 7- or 8-bit long address
ARM GAS  /var/folders/d7/pb3dkhys6j3db_qtp_8v34p80000gn/T//ccyA5zhx.s 			page 8


 375:Drivers/STM32L0xx_HAL_Driver/Src/stm32l0xx_hal_uart_ex.c ****   * @retval HAL status
 376:Drivers/STM32L0xx_HAL_Driver/Src/stm32l0xx_hal_uart_ex.c ****   */
 377:Drivers/STM32L0xx_HAL_Driver/Src/stm32l0xx_hal_uart_ex.c **** HAL_StatusTypeDef HAL_MultiProcessorEx_AddressLength_Set(UART_HandleTypeDef *huart, uint32_t Addres
 378:Drivers/STM32L0xx_HAL_Driver/Src/stm32l0xx_hal_uart_ex.c **** {
 379:Drivers/STM32L0xx_HAL_Driver/Src/stm32l0xx_hal_uart_ex.c ****   /* Check the UART handle allocation */
 380:Drivers/STM32L0xx_HAL_Driver/Src/stm32l0xx_hal_uart_ex.c ****   if (huart == NULL)
 381:Drivers/STM32L0xx_HAL_Driver/Src/stm32l0xx_hal_uart_ex.c ****   {
 382:Drivers/STM32L0xx_HAL_Driver/Src/stm32l0xx_hal_uart_ex.c ****     return HAL_ERROR;
 383:Drivers/STM32L0xx_HAL_Driver/Src/stm32l0xx_hal_uart_ex.c ****   }
 384:Drivers/STM32L0xx_HAL_Driver/Src/stm32l0xx_hal_uart_ex.c **** 
 385:Drivers/STM32L0xx_HAL_Driver/Src/stm32l0xx_hal_uart_ex.c ****   /* Check the address length parameter */
 386:Drivers/STM32L0xx_HAL_Driver/Src/stm32l0xx_hal_uart_ex.c ****   assert_param(IS_UART_ADDRESSLENGTH_DETECT(AddressLength));
 387:Drivers/STM32L0xx_HAL_Driver/Src/stm32l0xx_hal_uart_ex.c **** 
 388:Drivers/STM32L0xx_HAL_Driver/Src/stm32l0xx_hal_uart_ex.c ****   huart->gState = HAL_UART_STATE_BUSY;
 389:Drivers/STM32L0xx_HAL_Driver/Src/stm32l0xx_hal_uart_ex.c **** 
 390:Drivers/STM32L0xx_HAL_Driver/Src/stm32l0xx_hal_uart_ex.c ****   /* Disable the Peripheral */
 391:Drivers/STM32L0xx_HAL_Driver/Src/stm32l0xx_hal_uart_ex.c ****   __HAL_UART_DISABLE(huart);
 392:Drivers/STM32L0xx_HAL_Driver/Src/stm32l0xx_hal_uart_ex.c **** 
 393:Drivers/STM32L0xx_HAL_Driver/Src/stm32l0xx_hal_uart_ex.c ****   /* Set the address length */
 394:Drivers/STM32L0xx_HAL_Driver/Src/stm32l0xx_hal_uart_ex.c ****   MODIFY_REG(huart->Instance->CR2, USART_CR2_ADDM7, AddressLength);
 395:Drivers/STM32L0xx_HAL_Driver/Src/stm32l0xx_hal_uart_ex.c **** 
 396:Drivers/STM32L0xx_HAL_Driver/Src/stm32l0xx_hal_uart_ex.c ****   /* Enable the Peripheral */
 397:Drivers/STM32L0xx_HAL_Driver/Src/stm32l0xx_hal_uart_ex.c ****   __HAL_UART_ENABLE(huart);
 398:Drivers/STM32L0xx_HAL_Driver/Src/stm32l0xx_hal_uart_ex.c **** 
 399:Drivers/STM32L0xx_HAL_Driver/Src/stm32l0xx_hal_uart_ex.c ****   /* TEACK and/or REACK to check before moving huart->gState to Ready */
 400:Drivers/STM32L0xx_HAL_Driver/Src/stm32l0xx_hal_uart_ex.c ****   return (UART_CheckIdleState(huart));
 401:Drivers/STM32L0xx_HAL_Driver/Src/stm32l0xx_hal_uart_ex.c **** }
 402:Drivers/STM32L0xx_HAL_Driver/Src/stm32l0xx_hal_uart_ex.c **** 
 403:Drivers/STM32L0xx_HAL_Driver/Src/stm32l0xx_hal_uart_ex.c **** /**
 404:Drivers/STM32L0xx_HAL_Driver/Src/stm32l0xx_hal_uart_ex.c ****   * @brief Set Wakeup from Stop mode interrupt flag selection.
 405:Drivers/STM32L0xx_HAL_Driver/Src/stm32l0xx_hal_uart_ex.c ****   * @note It is the application responsibility to enable the interrupt used as
 406:Drivers/STM32L0xx_HAL_Driver/Src/stm32l0xx_hal_uart_ex.c ****   *       usart_wkup interrupt source before entering low-power mode.
 407:Drivers/STM32L0xx_HAL_Driver/Src/stm32l0xx_hal_uart_ex.c ****   * @param huart           UART handle.
 408:Drivers/STM32L0xx_HAL_Driver/Src/stm32l0xx_hal_uart_ex.c ****   * @param WakeUpSelection Address match, Start Bit detection or RXNE/RXFNE bit status.
 409:Drivers/STM32L0xx_HAL_Driver/Src/stm32l0xx_hal_uart_ex.c ****   *          This parameter can be one of the following values:
 410:Drivers/STM32L0xx_HAL_Driver/Src/stm32l0xx_hal_uart_ex.c ****   *          @arg @ref UART_WAKEUP_ON_ADDRESS
 411:Drivers/STM32L0xx_HAL_Driver/Src/stm32l0xx_hal_uart_ex.c ****   *          @arg @ref UART_WAKEUP_ON_STARTBIT
 412:Drivers/STM32L0xx_HAL_Driver/Src/stm32l0xx_hal_uart_ex.c ****   *          @arg @ref UART_WAKEUP_ON_READDATA_NONEMPTY
 413:Drivers/STM32L0xx_HAL_Driver/Src/stm32l0xx_hal_uart_ex.c ****   * @retval HAL status
 414:Drivers/STM32L0xx_HAL_Driver/Src/stm32l0xx_hal_uart_ex.c ****   */
 415:Drivers/STM32L0xx_HAL_Driver/Src/stm32l0xx_hal_uart_ex.c **** HAL_StatusTypeDef HAL_UARTEx_StopModeWakeUpSourceConfig(UART_HandleTypeDef *huart, UART_WakeUpTypeD
 416:Drivers/STM32L0xx_HAL_Driver/Src/stm32l0xx_hal_uart_ex.c **** {
 417:Drivers/STM32L0xx_HAL_Driver/Src/stm32l0xx_hal_uart_ex.c ****   HAL_StatusTypeDef status = HAL_OK;
 418:Drivers/STM32L0xx_HAL_Driver/Src/stm32l0xx_hal_uart_ex.c ****   uint32_t tickstart;
 419:Drivers/STM32L0xx_HAL_Driver/Src/stm32l0xx_hal_uart_ex.c **** 
 420:Drivers/STM32L0xx_HAL_Driver/Src/stm32l0xx_hal_uart_ex.c ****   /* check the wake-up from stop mode UART instance */
 421:Drivers/STM32L0xx_HAL_Driver/Src/stm32l0xx_hal_uart_ex.c ****   assert_param(IS_UART_WAKEUP_FROMSTOP_INSTANCE(huart->Instance));
 422:Drivers/STM32L0xx_HAL_Driver/Src/stm32l0xx_hal_uart_ex.c ****   /* check the wake-up selection parameter */
 423:Drivers/STM32L0xx_HAL_Driver/Src/stm32l0xx_hal_uart_ex.c ****   assert_param(IS_UART_WAKEUP_SELECTION(WakeUpSelection.WakeUpEvent));
 424:Drivers/STM32L0xx_HAL_Driver/Src/stm32l0xx_hal_uart_ex.c **** 
 425:Drivers/STM32L0xx_HAL_Driver/Src/stm32l0xx_hal_uart_ex.c ****   /* Process Locked */
 426:Drivers/STM32L0xx_HAL_Driver/Src/stm32l0xx_hal_uart_ex.c ****   __HAL_LOCK(huart);
 427:Drivers/STM32L0xx_HAL_Driver/Src/stm32l0xx_hal_uart_ex.c **** 
 428:Drivers/STM32L0xx_HAL_Driver/Src/stm32l0xx_hal_uart_ex.c ****   huart->gState = HAL_UART_STATE_BUSY;
 429:Drivers/STM32L0xx_HAL_Driver/Src/stm32l0xx_hal_uart_ex.c **** 
 430:Drivers/STM32L0xx_HAL_Driver/Src/stm32l0xx_hal_uart_ex.c ****   /* Disable the Peripheral */
 431:Drivers/STM32L0xx_HAL_Driver/Src/stm32l0xx_hal_uart_ex.c ****   __HAL_UART_DISABLE(huart);
ARM GAS  /var/folders/d7/pb3dkhys6j3db_qtp_8v34p80000gn/T//ccyA5zhx.s 			page 9


 432:Drivers/STM32L0xx_HAL_Driver/Src/stm32l0xx_hal_uart_ex.c **** 
 433:Drivers/STM32L0xx_HAL_Driver/Src/stm32l0xx_hal_uart_ex.c ****   /* Set the wake-up selection scheme */
 434:Drivers/STM32L0xx_HAL_Driver/Src/stm32l0xx_hal_uart_ex.c ****   MODIFY_REG(huart->Instance->CR3, USART_CR3_WUS, WakeUpSelection.WakeUpEvent);
 435:Drivers/STM32L0xx_HAL_Driver/Src/stm32l0xx_hal_uart_ex.c **** 
 436:Drivers/STM32L0xx_HAL_Driver/Src/stm32l0xx_hal_uart_ex.c ****   if (WakeUpSelection.WakeUpEvent == UART_WAKEUP_ON_ADDRESS)
 437:Drivers/STM32L0xx_HAL_Driver/Src/stm32l0xx_hal_uart_ex.c ****   {
 438:Drivers/STM32L0xx_HAL_Driver/Src/stm32l0xx_hal_uart_ex.c ****     UARTEx_Wakeup_AddressConfig(huart, WakeUpSelection);
 439:Drivers/STM32L0xx_HAL_Driver/Src/stm32l0xx_hal_uart_ex.c ****   }
 440:Drivers/STM32L0xx_HAL_Driver/Src/stm32l0xx_hal_uart_ex.c **** 
 441:Drivers/STM32L0xx_HAL_Driver/Src/stm32l0xx_hal_uart_ex.c ****   /* Enable the Peripheral */
 442:Drivers/STM32L0xx_HAL_Driver/Src/stm32l0xx_hal_uart_ex.c ****   __HAL_UART_ENABLE(huart);
 443:Drivers/STM32L0xx_HAL_Driver/Src/stm32l0xx_hal_uart_ex.c **** 
 444:Drivers/STM32L0xx_HAL_Driver/Src/stm32l0xx_hal_uart_ex.c ****   /* Init tickstart for timeout management */
 445:Drivers/STM32L0xx_HAL_Driver/Src/stm32l0xx_hal_uart_ex.c ****   tickstart = HAL_GetTick();
 446:Drivers/STM32L0xx_HAL_Driver/Src/stm32l0xx_hal_uart_ex.c **** 
 447:Drivers/STM32L0xx_HAL_Driver/Src/stm32l0xx_hal_uart_ex.c ****   /* Wait until REACK flag is set */
 448:Drivers/STM32L0xx_HAL_Driver/Src/stm32l0xx_hal_uart_ex.c ****   if (UART_WaitOnFlagUntilTimeout(huart, USART_ISR_REACK, RESET, tickstart, HAL_UART_TIMEOUT_VALUE)
 449:Drivers/STM32L0xx_HAL_Driver/Src/stm32l0xx_hal_uart_ex.c ****   {
 450:Drivers/STM32L0xx_HAL_Driver/Src/stm32l0xx_hal_uart_ex.c ****     status = HAL_TIMEOUT;
 451:Drivers/STM32L0xx_HAL_Driver/Src/stm32l0xx_hal_uart_ex.c ****   }
 452:Drivers/STM32L0xx_HAL_Driver/Src/stm32l0xx_hal_uart_ex.c ****   else
 453:Drivers/STM32L0xx_HAL_Driver/Src/stm32l0xx_hal_uart_ex.c ****   {
 454:Drivers/STM32L0xx_HAL_Driver/Src/stm32l0xx_hal_uart_ex.c ****     /* Initialize the UART State */
 455:Drivers/STM32L0xx_HAL_Driver/Src/stm32l0xx_hal_uart_ex.c ****     huart->gState = HAL_UART_STATE_READY;
 456:Drivers/STM32L0xx_HAL_Driver/Src/stm32l0xx_hal_uart_ex.c ****   }
 457:Drivers/STM32L0xx_HAL_Driver/Src/stm32l0xx_hal_uart_ex.c **** 
 458:Drivers/STM32L0xx_HAL_Driver/Src/stm32l0xx_hal_uart_ex.c ****   /* Process Unlocked */
 459:Drivers/STM32L0xx_HAL_Driver/Src/stm32l0xx_hal_uart_ex.c ****   __HAL_UNLOCK(huart);
 460:Drivers/STM32L0xx_HAL_Driver/Src/stm32l0xx_hal_uart_ex.c **** 
 461:Drivers/STM32L0xx_HAL_Driver/Src/stm32l0xx_hal_uart_ex.c ****   return status;
 462:Drivers/STM32L0xx_HAL_Driver/Src/stm32l0xx_hal_uart_ex.c **** }
 463:Drivers/STM32L0xx_HAL_Driver/Src/stm32l0xx_hal_uart_ex.c **** 
 464:Drivers/STM32L0xx_HAL_Driver/Src/stm32l0xx_hal_uart_ex.c **** /**
 465:Drivers/STM32L0xx_HAL_Driver/Src/stm32l0xx_hal_uart_ex.c ****   * @brief Enable UART Stop Mode.
 466:Drivers/STM32L0xx_HAL_Driver/Src/stm32l0xx_hal_uart_ex.c ****   * @note The UART is able to wake up the MCU from Stop 1 mode as long as UART clock is HSI or LSE.
 467:Drivers/STM32L0xx_HAL_Driver/Src/stm32l0xx_hal_uart_ex.c ****   * @param huart UART handle.
 468:Drivers/STM32L0xx_HAL_Driver/Src/stm32l0xx_hal_uart_ex.c ****   * @retval HAL status
 469:Drivers/STM32L0xx_HAL_Driver/Src/stm32l0xx_hal_uart_ex.c ****   */
 470:Drivers/STM32L0xx_HAL_Driver/Src/stm32l0xx_hal_uart_ex.c **** HAL_StatusTypeDef HAL_UARTEx_EnableStopMode(UART_HandleTypeDef *huart)
 471:Drivers/STM32L0xx_HAL_Driver/Src/stm32l0xx_hal_uart_ex.c **** {
 472:Drivers/STM32L0xx_HAL_Driver/Src/stm32l0xx_hal_uart_ex.c ****   /* Process Locked */
 473:Drivers/STM32L0xx_HAL_Driver/Src/stm32l0xx_hal_uart_ex.c ****   __HAL_LOCK(huart);
 474:Drivers/STM32L0xx_HAL_Driver/Src/stm32l0xx_hal_uart_ex.c **** 
 475:Drivers/STM32L0xx_HAL_Driver/Src/stm32l0xx_hal_uart_ex.c ****   /* Set UESM bit */
 476:Drivers/STM32L0xx_HAL_Driver/Src/stm32l0xx_hal_uart_ex.c ****   ATOMIC_SET_BIT(huart->Instance->CR1, USART_CR1_UESM);
 477:Drivers/STM32L0xx_HAL_Driver/Src/stm32l0xx_hal_uart_ex.c **** 
 478:Drivers/STM32L0xx_HAL_Driver/Src/stm32l0xx_hal_uart_ex.c ****   /* Process Unlocked */
 479:Drivers/STM32L0xx_HAL_Driver/Src/stm32l0xx_hal_uart_ex.c ****   __HAL_UNLOCK(huart);
 480:Drivers/STM32L0xx_HAL_Driver/Src/stm32l0xx_hal_uart_ex.c **** 
 481:Drivers/STM32L0xx_HAL_Driver/Src/stm32l0xx_hal_uart_ex.c ****   return HAL_OK;
 482:Drivers/STM32L0xx_HAL_Driver/Src/stm32l0xx_hal_uart_ex.c **** }
 483:Drivers/STM32L0xx_HAL_Driver/Src/stm32l0xx_hal_uart_ex.c **** 
 484:Drivers/STM32L0xx_HAL_Driver/Src/stm32l0xx_hal_uart_ex.c **** /**
 485:Drivers/STM32L0xx_HAL_Driver/Src/stm32l0xx_hal_uart_ex.c ****   * @brief Disable UART Stop Mode.
 486:Drivers/STM32L0xx_HAL_Driver/Src/stm32l0xx_hal_uart_ex.c ****   * @param huart UART handle.
 487:Drivers/STM32L0xx_HAL_Driver/Src/stm32l0xx_hal_uart_ex.c ****   * @retval HAL status
 488:Drivers/STM32L0xx_HAL_Driver/Src/stm32l0xx_hal_uart_ex.c ****   */
ARM GAS  /var/folders/d7/pb3dkhys6j3db_qtp_8v34p80000gn/T//ccyA5zhx.s 			page 10


 489:Drivers/STM32L0xx_HAL_Driver/Src/stm32l0xx_hal_uart_ex.c **** HAL_StatusTypeDef HAL_UARTEx_DisableStopMode(UART_HandleTypeDef *huart)
 490:Drivers/STM32L0xx_HAL_Driver/Src/stm32l0xx_hal_uart_ex.c **** {
 491:Drivers/STM32L0xx_HAL_Driver/Src/stm32l0xx_hal_uart_ex.c ****   /* Process Locked */
 492:Drivers/STM32L0xx_HAL_Driver/Src/stm32l0xx_hal_uart_ex.c ****   __HAL_LOCK(huart);
 493:Drivers/STM32L0xx_HAL_Driver/Src/stm32l0xx_hal_uart_ex.c **** 
 494:Drivers/STM32L0xx_HAL_Driver/Src/stm32l0xx_hal_uart_ex.c ****   /* Clear UESM bit */
 495:Drivers/STM32L0xx_HAL_Driver/Src/stm32l0xx_hal_uart_ex.c ****   ATOMIC_CLEAR_BIT(huart->Instance->CR1, USART_CR1_UESM);
 496:Drivers/STM32L0xx_HAL_Driver/Src/stm32l0xx_hal_uart_ex.c **** 
 497:Drivers/STM32L0xx_HAL_Driver/Src/stm32l0xx_hal_uart_ex.c ****   /* Process Unlocked */
 498:Drivers/STM32L0xx_HAL_Driver/Src/stm32l0xx_hal_uart_ex.c ****   __HAL_UNLOCK(huart);
 499:Drivers/STM32L0xx_HAL_Driver/Src/stm32l0xx_hal_uart_ex.c **** 
 500:Drivers/STM32L0xx_HAL_Driver/Src/stm32l0xx_hal_uart_ex.c ****   return HAL_OK;
 501:Drivers/STM32L0xx_HAL_Driver/Src/stm32l0xx_hal_uart_ex.c **** }
 502:Drivers/STM32L0xx_HAL_Driver/Src/stm32l0xx_hal_uart_ex.c **** 
 503:Drivers/STM32L0xx_HAL_Driver/Src/stm32l0xx_hal_uart_ex.c **** /**
 504:Drivers/STM32L0xx_HAL_Driver/Src/stm32l0xx_hal_uart_ex.c ****   * @brief Receive an amount of data in blocking mode till either the expected number of data
 505:Drivers/STM32L0xx_HAL_Driver/Src/stm32l0xx_hal_uart_ex.c ****   *        is received or an IDLE event occurs.
 506:Drivers/STM32L0xx_HAL_Driver/Src/stm32l0xx_hal_uart_ex.c ****   * @note  HAL_OK is returned if reception is completed (expected number of data has been received)
 507:Drivers/STM32L0xx_HAL_Driver/Src/stm32l0xx_hal_uart_ex.c ****   *        or if reception is stopped after IDLE event (less than the expected number of data has b
 508:Drivers/STM32L0xx_HAL_Driver/Src/stm32l0xx_hal_uart_ex.c ****   *        In this case, RxLen output parameter indicates number of data available in reception buf
 509:Drivers/STM32L0xx_HAL_Driver/Src/stm32l0xx_hal_uart_ex.c ****   * @note  When UART parity is not enabled (PCE = 0), and Word Length is configured to 9 bits (M1-M
 510:Drivers/STM32L0xx_HAL_Driver/Src/stm32l0xx_hal_uart_ex.c ****   *        the received data is handled as a set of uint16_t. In this case, Size must indicate the 
 511:Drivers/STM32L0xx_HAL_Driver/Src/stm32l0xx_hal_uart_ex.c ****   *        of uint16_t available through pData.
 512:Drivers/STM32L0xx_HAL_Driver/Src/stm32l0xx_hal_uart_ex.c ****   * @note   When UART parity is not enabled (PCE = 0), and Word Length is configured to 9 bits (M1-
 513:Drivers/STM32L0xx_HAL_Driver/Src/stm32l0xx_hal_uart_ex.c ****   *         address of user data buffer for storing data to be received, should be aligned on a hal
 514:Drivers/STM32L0xx_HAL_Driver/Src/stm32l0xx_hal_uart_ex.c ****   *         (16 bits) (as received data will be handled using uint16_t pointer cast). Depending on 
 515:Drivers/STM32L0xx_HAL_Driver/Src/stm32l0xx_hal_uart_ex.c ****   *         use of specific alignment compilation directives or pragmas might be required to ensure
 516:Drivers/STM32L0xx_HAL_Driver/Src/stm32l0xx_hal_uart_ex.c ****   *         alignment for pData.
 517:Drivers/STM32L0xx_HAL_Driver/Src/stm32l0xx_hal_uart_ex.c ****   * @param huart   UART handle.
 518:Drivers/STM32L0xx_HAL_Driver/Src/stm32l0xx_hal_uart_ex.c ****   * @param pData   Pointer to data buffer (uint8_t or uint16_t data elements).
 519:Drivers/STM32L0xx_HAL_Driver/Src/stm32l0xx_hal_uart_ex.c ****   * @param Size    Amount of data elements (uint8_t or uint16_t) to be received.
 520:Drivers/STM32L0xx_HAL_Driver/Src/stm32l0xx_hal_uart_ex.c ****   * @param RxLen   Number of data elements finally received
 521:Drivers/STM32L0xx_HAL_Driver/Src/stm32l0xx_hal_uart_ex.c ****   *                (could be lower than Size, in case reception ends on IDLE event)
 522:Drivers/STM32L0xx_HAL_Driver/Src/stm32l0xx_hal_uart_ex.c ****   * @param Timeout Timeout duration expressed in ms (covers the whole reception sequence).
 523:Drivers/STM32L0xx_HAL_Driver/Src/stm32l0xx_hal_uart_ex.c ****   * @retval HAL status
 524:Drivers/STM32L0xx_HAL_Driver/Src/stm32l0xx_hal_uart_ex.c ****   */
 525:Drivers/STM32L0xx_HAL_Driver/Src/stm32l0xx_hal_uart_ex.c **** HAL_StatusTypeDef HAL_UARTEx_ReceiveToIdle(UART_HandleTypeDef *huart, uint8_t *pData, uint16_t Size
 526:Drivers/STM32L0xx_HAL_Driver/Src/stm32l0xx_hal_uart_ex.c ****                                            uint32_t Timeout)
 527:Drivers/STM32L0xx_HAL_Driver/Src/stm32l0xx_hal_uart_ex.c **** {
 528:Drivers/STM32L0xx_HAL_Driver/Src/stm32l0xx_hal_uart_ex.c ****   uint8_t  *pdata8bits;
 529:Drivers/STM32L0xx_HAL_Driver/Src/stm32l0xx_hal_uart_ex.c ****   uint16_t *pdata16bits;
 530:Drivers/STM32L0xx_HAL_Driver/Src/stm32l0xx_hal_uart_ex.c ****   uint16_t uhMask;
 531:Drivers/STM32L0xx_HAL_Driver/Src/stm32l0xx_hal_uart_ex.c ****   uint32_t tickstart;
 532:Drivers/STM32L0xx_HAL_Driver/Src/stm32l0xx_hal_uart_ex.c **** 
 533:Drivers/STM32L0xx_HAL_Driver/Src/stm32l0xx_hal_uart_ex.c ****   /* Check that a Rx process is not already ongoing */
 534:Drivers/STM32L0xx_HAL_Driver/Src/stm32l0xx_hal_uart_ex.c ****   if (huart->RxState == HAL_UART_STATE_READY)
 535:Drivers/STM32L0xx_HAL_Driver/Src/stm32l0xx_hal_uart_ex.c ****   {
 536:Drivers/STM32L0xx_HAL_Driver/Src/stm32l0xx_hal_uart_ex.c ****     if ((pData == NULL) || (Size == 0U))
 537:Drivers/STM32L0xx_HAL_Driver/Src/stm32l0xx_hal_uart_ex.c ****     {
 538:Drivers/STM32L0xx_HAL_Driver/Src/stm32l0xx_hal_uart_ex.c ****       return  HAL_ERROR;
 539:Drivers/STM32L0xx_HAL_Driver/Src/stm32l0xx_hal_uart_ex.c ****     }
 540:Drivers/STM32L0xx_HAL_Driver/Src/stm32l0xx_hal_uart_ex.c **** 
 541:Drivers/STM32L0xx_HAL_Driver/Src/stm32l0xx_hal_uart_ex.c ****     /* In case of 9bits/No Parity transfer, pData buffer provided as input parameter
 542:Drivers/STM32L0xx_HAL_Driver/Src/stm32l0xx_hal_uart_ex.c ****        should be aligned on a uint16_t frontier, as data to be received from RDR will be
 543:Drivers/STM32L0xx_HAL_Driver/Src/stm32l0xx_hal_uart_ex.c ****        handled through a uint16_t cast. */
 544:Drivers/STM32L0xx_HAL_Driver/Src/stm32l0xx_hal_uart_ex.c ****     if ((huart->Init.WordLength == UART_WORDLENGTH_9B) && (huart->Init.Parity == UART_PARITY_NONE))
 545:Drivers/STM32L0xx_HAL_Driver/Src/stm32l0xx_hal_uart_ex.c ****     {
ARM GAS  /var/folders/d7/pb3dkhys6j3db_qtp_8v34p80000gn/T//ccyA5zhx.s 			page 11


 546:Drivers/STM32L0xx_HAL_Driver/Src/stm32l0xx_hal_uart_ex.c ****       if ((((uint32_t)pData) & 1U) != 0U)
 547:Drivers/STM32L0xx_HAL_Driver/Src/stm32l0xx_hal_uart_ex.c ****       {
 548:Drivers/STM32L0xx_HAL_Driver/Src/stm32l0xx_hal_uart_ex.c ****         return  HAL_ERROR;
 549:Drivers/STM32L0xx_HAL_Driver/Src/stm32l0xx_hal_uart_ex.c ****       }
 550:Drivers/STM32L0xx_HAL_Driver/Src/stm32l0xx_hal_uart_ex.c ****     }
 551:Drivers/STM32L0xx_HAL_Driver/Src/stm32l0xx_hal_uart_ex.c **** 
 552:Drivers/STM32L0xx_HAL_Driver/Src/stm32l0xx_hal_uart_ex.c ****     huart->ErrorCode = HAL_UART_ERROR_NONE;
 553:Drivers/STM32L0xx_HAL_Driver/Src/stm32l0xx_hal_uart_ex.c ****     huart->RxState = HAL_UART_STATE_BUSY_RX;
 554:Drivers/STM32L0xx_HAL_Driver/Src/stm32l0xx_hal_uart_ex.c ****     huart->ReceptionType = HAL_UART_RECEPTION_TOIDLE;
 555:Drivers/STM32L0xx_HAL_Driver/Src/stm32l0xx_hal_uart_ex.c ****     huart->RxEventType = HAL_UART_RXEVENT_TC;
 556:Drivers/STM32L0xx_HAL_Driver/Src/stm32l0xx_hal_uart_ex.c **** 
 557:Drivers/STM32L0xx_HAL_Driver/Src/stm32l0xx_hal_uart_ex.c ****     /* Init tickstart for timeout management */
 558:Drivers/STM32L0xx_HAL_Driver/Src/stm32l0xx_hal_uart_ex.c ****     tickstart = HAL_GetTick();
 559:Drivers/STM32L0xx_HAL_Driver/Src/stm32l0xx_hal_uart_ex.c **** 
 560:Drivers/STM32L0xx_HAL_Driver/Src/stm32l0xx_hal_uart_ex.c ****     huart->RxXferSize  = Size;
 561:Drivers/STM32L0xx_HAL_Driver/Src/stm32l0xx_hal_uart_ex.c ****     huart->RxXferCount = Size;
 562:Drivers/STM32L0xx_HAL_Driver/Src/stm32l0xx_hal_uart_ex.c **** 
 563:Drivers/STM32L0xx_HAL_Driver/Src/stm32l0xx_hal_uart_ex.c ****     /* Computation of UART mask to apply to RDR register */
 564:Drivers/STM32L0xx_HAL_Driver/Src/stm32l0xx_hal_uart_ex.c ****     UART_MASK_COMPUTATION(huart);
 565:Drivers/STM32L0xx_HAL_Driver/Src/stm32l0xx_hal_uart_ex.c ****     uhMask = huart->Mask;
 566:Drivers/STM32L0xx_HAL_Driver/Src/stm32l0xx_hal_uart_ex.c **** 
 567:Drivers/STM32L0xx_HAL_Driver/Src/stm32l0xx_hal_uart_ex.c ****     /* In case of 9bits/No Parity transfer, pRxData needs to be handled as a uint16_t pointer */
 568:Drivers/STM32L0xx_HAL_Driver/Src/stm32l0xx_hal_uart_ex.c ****     if ((huart->Init.WordLength == UART_WORDLENGTH_9B) && (huart->Init.Parity == UART_PARITY_NONE))
 569:Drivers/STM32L0xx_HAL_Driver/Src/stm32l0xx_hal_uart_ex.c ****     {
 570:Drivers/STM32L0xx_HAL_Driver/Src/stm32l0xx_hal_uart_ex.c ****       pdata8bits  = NULL;
 571:Drivers/STM32L0xx_HAL_Driver/Src/stm32l0xx_hal_uart_ex.c ****       pdata16bits = (uint16_t *) pData;
 572:Drivers/STM32L0xx_HAL_Driver/Src/stm32l0xx_hal_uart_ex.c ****     }
 573:Drivers/STM32L0xx_HAL_Driver/Src/stm32l0xx_hal_uart_ex.c ****     else
 574:Drivers/STM32L0xx_HAL_Driver/Src/stm32l0xx_hal_uart_ex.c ****     {
 575:Drivers/STM32L0xx_HAL_Driver/Src/stm32l0xx_hal_uart_ex.c ****       pdata8bits  = pData;
 576:Drivers/STM32L0xx_HAL_Driver/Src/stm32l0xx_hal_uart_ex.c ****       pdata16bits = NULL;
 577:Drivers/STM32L0xx_HAL_Driver/Src/stm32l0xx_hal_uart_ex.c ****     }
 578:Drivers/STM32L0xx_HAL_Driver/Src/stm32l0xx_hal_uart_ex.c **** 
 579:Drivers/STM32L0xx_HAL_Driver/Src/stm32l0xx_hal_uart_ex.c ****     /* Initialize output number of received elements */
 580:Drivers/STM32L0xx_HAL_Driver/Src/stm32l0xx_hal_uart_ex.c ****     *RxLen = 0U;
 581:Drivers/STM32L0xx_HAL_Driver/Src/stm32l0xx_hal_uart_ex.c **** 
 582:Drivers/STM32L0xx_HAL_Driver/Src/stm32l0xx_hal_uart_ex.c ****     /* as long as data have to be received */
 583:Drivers/STM32L0xx_HAL_Driver/Src/stm32l0xx_hal_uart_ex.c ****     while (huart->RxXferCount > 0U)
 584:Drivers/STM32L0xx_HAL_Driver/Src/stm32l0xx_hal_uart_ex.c ****     {
 585:Drivers/STM32L0xx_HAL_Driver/Src/stm32l0xx_hal_uart_ex.c ****       /* Check if IDLE flag is set */
 586:Drivers/STM32L0xx_HAL_Driver/Src/stm32l0xx_hal_uart_ex.c ****       if (__HAL_UART_GET_FLAG(huart, UART_FLAG_IDLE))
 587:Drivers/STM32L0xx_HAL_Driver/Src/stm32l0xx_hal_uart_ex.c ****       {
 588:Drivers/STM32L0xx_HAL_Driver/Src/stm32l0xx_hal_uart_ex.c ****         /* Clear IDLE flag in ISR */
 589:Drivers/STM32L0xx_HAL_Driver/Src/stm32l0xx_hal_uart_ex.c ****         __HAL_UART_CLEAR_FLAG(huart, UART_CLEAR_IDLEF);
 590:Drivers/STM32L0xx_HAL_Driver/Src/stm32l0xx_hal_uart_ex.c **** 
 591:Drivers/STM32L0xx_HAL_Driver/Src/stm32l0xx_hal_uart_ex.c ****         /* If Set, but no data ever received, clear flag without exiting loop */
 592:Drivers/STM32L0xx_HAL_Driver/Src/stm32l0xx_hal_uart_ex.c ****         /* If Set, and data has already been received, this means Idle Event is valid : End recepti
 593:Drivers/STM32L0xx_HAL_Driver/Src/stm32l0xx_hal_uart_ex.c ****         if (*RxLen > 0U)
 594:Drivers/STM32L0xx_HAL_Driver/Src/stm32l0xx_hal_uart_ex.c ****         {
 595:Drivers/STM32L0xx_HAL_Driver/Src/stm32l0xx_hal_uart_ex.c ****           huart->RxEventType = HAL_UART_RXEVENT_IDLE;
 596:Drivers/STM32L0xx_HAL_Driver/Src/stm32l0xx_hal_uart_ex.c ****           huart->RxState = HAL_UART_STATE_READY;
 597:Drivers/STM32L0xx_HAL_Driver/Src/stm32l0xx_hal_uart_ex.c **** 
 598:Drivers/STM32L0xx_HAL_Driver/Src/stm32l0xx_hal_uart_ex.c ****           return HAL_OK;
 599:Drivers/STM32L0xx_HAL_Driver/Src/stm32l0xx_hal_uart_ex.c ****         }
 600:Drivers/STM32L0xx_HAL_Driver/Src/stm32l0xx_hal_uart_ex.c ****       }
 601:Drivers/STM32L0xx_HAL_Driver/Src/stm32l0xx_hal_uart_ex.c **** 
 602:Drivers/STM32L0xx_HAL_Driver/Src/stm32l0xx_hal_uart_ex.c ****       /* Check if RXNE flag is set */
ARM GAS  /var/folders/d7/pb3dkhys6j3db_qtp_8v34p80000gn/T//ccyA5zhx.s 			page 12


 603:Drivers/STM32L0xx_HAL_Driver/Src/stm32l0xx_hal_uart_ex.c ****       if (__HAL_UART_GET_FLAG(huart, UART_FLAG_RXNE))
 604:Drivers/STM32L0xx_HAL_Driver/Src/stm32l0xx_hal_uart_ex.c ****       {
 605:Drivers/STM32L0xx_HAL_Driver/Src/stm32l0xx_hal_uart_ex.c ****         if (pdata8bits == NULL)
 606:Drivers/STM32L0xx_HAL_Driver/Src/stm32l0xx_hal_uart_ex.c ****         {
 607:Drivers/STM32L0xx_HAL_Driver/Src/stm32l0xx_hal_uart_ex.c ****           *pdata16bits = (uint16_t)(huart->Instance->RDR & uhMask);
 608:Drivers/STM32L0xx_HAL_Driver/Src/stm32l0xx_hal_uart_ex.c ****           pdata16bits++;
 609:Drivers/STM32L0xx_HAL_Driver/Src/stm32l0xx_hal_uart_ex.c ****         }
 610:Drivers/STM32L0xx_HAL_Driver/Src/stm32l0xx_hal_uart_ex.c ****         else
 611:Drivers/STM32L0xx_HAL_Driver/Src/stm32l0xx_hal_uart_ex.c ****         {
 612:Drivers/STM32L0xx_HAL_Driver/Src/stm32l0xx_hal_uart_ex.c ****           *pdata8bits = (uint8_t)(huart->Instance->RDR & (uint8_t)uhMask);
 613:Drivers/STM32L0xx_HAL_Driver/Src/stm32l0xx_hal_uart_ex.c ****           pdata8bits++;
 614:Drivers/STM32L0xx_HAL_Driver/Src/stm32l0xx_hal_uart_ex.c ****         }
 615:Drivers/STM32L0xx_HAL_Driver/Src/stm32l0xx_hal_uart_ex.c ****         /* Increment number of received elements */
 616:Drivers/STM32L0xx_HAL_Driver/Src/stm32l0xx_hal_uart_ex.c ****         *RxLen += 1U;
 617:Drivers/STM32L0xx_HAL_Driver/Src/stm32l0xx_hal_uart_ex.c ****         huart->RxXferCount--;
 618:Drivers/STM32L0xx_HAL_Driver/Src/stm32l0xx_hal_uart_ex.c ****       }
 619:Drivers/STM32L0xx_HAL_Driver/Src/stm32l0xx_hal_uart_ex.c **** 
 620:Drivers/STM32L0xx_HAL_Driver/Src/stm32l0xx_hal_uart_ex.c ****       /* Check for the Timeout */
 621:Drivers/STM32L0xx_HAL_Driver/Src/stm32l0xx_hal_uart_ex.c ****       if (Timeout != HAL_MAX_DELAY)
 622:Drivers/STM32L0xx_HAL_Driver/Src/stm32l0xx_hal_uart_ex.c ****       {
 623:Drivers/STM32L0xx_HAL_Driver/Src/stm32l0xx_hal_uart_ex.c ****         if (((HAL_GetTick() - tickstart) > Timeout) || (Timeout == 0U))
 624:Drivers/STM32L0xx_HAL_Driver/Src/stm32l0xx_hal_uart_ex.c ****         {
 625:Drivers/STM32L0xx_HAL_Driver/Src/stm32l0xx_hal_uart_ex.c ****           huart->RxState = HAL_UART_STATE_READY;
 626:Drivers/STM32L0xx_HAL_Driver/Src/stm32l0xx_hal_uart_ex.c **** 
 627:Drivers/STM32L0xx_HAL_Driver/Src/stm32l0xx_hal_uart_ex.c ****           return HAL_TIMEOUT;
 628:Drivers/STM32L0xx_HAL_Driver/Src/stm32l0xx_hal_uart_ex.c ****         }
 629:Drivers/STM32L0xx_HAL_Driver/Src/stm32l0xx_hal_uart_ex.c ****       }
 630:Drivers/STM32L0xx_HAL_Driver/Src/stm32l0xx_hal_uart_ex.c ****     }
 631:Drivers/STM32L0xx_HAL_Driver/Src/stm32l0xx_hal_uart_ex.c **** 
 632:Drivers/STM32L0xx_HAL_Driver/Src/stm32l0xx_hal_uart_ex.c ****     /* Set number of received elements in output parameter : RxLen */
 633:Drivers/STM32L0xx_HAL_Driver/Src/stm32l0xx_hal_uart_ex.c ****     *RxLen = huart->RxXferSize - huart->RxXferCount;
 634:Drivers/STM32L0xx_HAL_Driver/Src/stm32l0xx_hal_uart_ex.c ****     /* At end of Rx process, restore huart->RxState to Ready */
 635:Drivers/STM32L0xx_HAL_Driver/Src/stm32l0xx_hal_uart_ex.c ****     huart->RxState = HAL_UART_STATE_READY;
 636:Drivers/STM32L0xx_HAL_Driver/Src/stm32l0xx_hal_uart_ex.c **** 
 637:Drivers/STM32L0xx_HAL_Driver/Src/stm32l0xx_hal_uart_ex.c ****     return HAL_OK;
 638:Drivers/STM32L0xx_HAL_Driver/Src/stm32l0xx_hal_uart_ex.c ****   }
 639:Drivers/STM32L0xx_HAL_Driver/Src/stm32l0xx_hal_uart_ex.c ****   else
 640:Drivers/STM32L0xx_HAL_Driver/Src/stm32l0xx_hal_uart_ex.c ****   {
 641:Drivers/STM32L0xx_HAL_Driver/Src/stm32l0xx_hal_uart_ex.c ****     return HAL_BUSY;
 642:Drivers/STM32L0xx_HAL_Driver/Src/stm32l0xx_hal_uart_ex.c ****   }
 643:Drivers/STM32L0xx_HAL_Driver/Src/stm32l0xx_hal_uart_ex.c **** }
 644:Drivers/STM32L0xx_HAL_Driver/Src/stm32l0xx_hal_uart_ex.c **** 
 645:Drivers/STM32L0xx_HAL_Driver/Src/stm32l0xx_hal_uart_ex.c **** /**
 646:Drivers/STM32L0xx_HAL_Driver/Src/stm32l0xx_hal_uart_ex.c ****   * @brief Receive an amount of data in interrupt mode till either the expected number of data
 647:Drivers/STM32L0xx_HAL_Driver/Src/stm32l0xx_hal_uart_ex.c ****   *        is received or an IDLE event occurs.
 648:Drivers/STM32L0xx_HAL_Driver/Src/stm32l0xx_hal_uart_ex.c ****   * @note  Reception is initiated by this function call. Further progress of reception is achieved 
 649:Drivers/STM32L0xx_HAL_Driver/Src/stm32l0xx_hal_uart_ex.c ****   *        to UART interrupts raised by RXNE and IDLE events. Callback is called at end of receptio
 650:Drivers/STM32L0xx_HAL_Driver/Src/stm32l0xx_hal_uart_ex.c ****   *        number of received data elements.
 651:Drivers/STM32L0xx_HAL_Driver/Src/stm32l0xx_hal_uart_ex.c ****   * @note  When UART parity is not enabled (PCE = 0), and Word Length is configured to 9 bits (M1-M
 652:Drivers/STM32L0xx_HAL_Driver/Src/stm32l0xx_hal_uart_ex.c ****   *        the received data is handled as a set of uint16_t. In this case, Size must indicate the 
 653:Drivers/STM32L0xx_HAL_Driver/Src/stm32l0xx_hal_uart_ex.c ****   *        of uint16_t available through pData.
 654:Drivers/STM32L0xx_HAL_Driver/Src/stm32l0xx_hal_uart_ex.c ****   * @note  When UART parity is not enabled (PCE = 0), and Word Length is configured to 9 bits (M1-M
 655:Drivers/STM32L0xx_HAL_Driver/Src/stm32l0xx_hal_uart_ex.c ****   *        address of user data buffer for storing data to be received, should be aligned on a half
 656:Drivers/STM32L0xx_HAL_Driver/Src/stm32l0xx_hal_uart_ex.c ****   *        (16 bits) (as received data will be handled using uint16_t pointer cast). Depending on c
 657:Drivers/STM32L0xx_HAL_Driver/Src/stm32l0xx_hal_uart_ex.c ****   *        use of specific alignment compilation directives or pragmas might be required
 658:Drivers/STM32L0xx_HAL_Driver/Src/stm32l0xx_hal_uart_ex.c ****   *        to ensure proper alignment for pData.
 659:Drivers/STM32L0xx_HAL_Driver/Src/stm32l0xx_hal_uart_ex.c ****   * @param huart UART handle.
ARM GAS  /var/folders/d7/pb3dkhys6j3db_qtp_8v34p80000gn/T//ccyA5zhx.s 			page 13


 660:Drivers/STM32L0xx_HAL_Driver/Src/stm32l0xx_hal_uart_ex.c ****   * @param pData Pointer to data buffer (uint8_t or uint16_t data elements).
 661:Drivers/STM32L0xx_HAL_Driver/Src/stm32l0xx_hal_uart_ex.c ****   * @param Size  Amount of data elements (uint8_t or uint16_t) to be received.
 662:Drivers/STM32L0xx_HAL_Driver/Src/stm32l0xx_hal_uart_ex.c ****   * @retval HAL status
 663:Drivers/STM32L0xx_HAL_Driver/Src/stm32l0xx_hal_uart_ex.c ****   */
 664:Drivers/STM32L0xx_HAL_Driver/Src/stm32l0xx_hal_uart_ex.c **** HAL_StatusTypeDef HAL_UARTEx_ReceiveToIdle_IT(UART_HandleTypeDef *huart, uint8_t *pData, uint16_t S
 665:Drivers/STM32L0xx_HAL_Driver/Src/stm32l0xx_hal_uart_ex.c **** {
 666:Drivers/STM32L0xx_HAL_Driver/Src/stm32l0xx_hal_uart_ex.c ****   HAL_StatusTypeDef status = HAL_OK;
 667:Drivers/STM32L0xx_HAL_Driver/Src/stm32l0xx_hal_uart_ex.c **** 
 668:Drivers/STM32L0xx_HAL_Driver/Src/stm32l0xx_hal_uart_ex.c ****   /* Check that a Rx process is not already ongoing */
 669:Drivers/STM32L0xx_HAL_Driver/Src/stm32l0xx_hal_uart_ex.c ****   if (huart->RxState == HAL_UART_STATE_READY)
 670:Drivers/STM32L0xx_HAL_Driver/Src/stm32l0xx_hal_uart_ex.c ****   {
 671:Drivers/STM32L0xx_HAL_Driver/Src/stm32l0xx_hal_uart_ex.c ****     if ((pData == NULL) || (Size == 0U))
 672:Drivers/STM32L0xx_HAL_Driver/Src/stm32l0xx_hal_uart_ex.c ****     {
 673:Drivers/STM32L0xx_HAL_Driver/Src/stm32l0xx_hal_uart_ex.c ****       return HAL_ERROR;
 674:Drivers/STM32L0xx_HAL_Driver/Src/stm32l0xx_hal_uart_ex.c ****     }
 675:Drivers/STM32L0xx_HAL_Driver/Src/stm32l0xx_hal_uart_ex.c **** 
 676:Drivers/STM32L0xx_HAL_Driver/Src/stm32l0xx_hal_uart_ex.c ****     /* In case of 9bits/No Parity transfer, pData buffer provided as input parameter
 677:Drivers/STM32L0xx_HAL_Driver/Src/stm32l0xx_hal_uart_ex.c ****        should be aligned on a uint16_t frontier, as data to be received from RDR will be
 678:Drivers/STM32L0xx_HAL_Driver/Src/stm32l0xx_hal_uart_ex.c ****        handled through a uint16_t cast. */
 679:Drivers/STM32L0xx_HAL_Driver/Src/stm32l0xx_hal_uart_ex.c ****     if ((huart->Init.WordLength == UART_WORDLENGTH_9B) && (huart->Init.Parity == UART_PARITY_NONE))
 680:Drivers/STM32L0xx_HAL_Driver/Src/stm32l0xx_hal_uart_ex.c ****     {
 681:Drivers/STM32L0xx_HAL_Driver/Src/stm32l0xx_hal_uart_ex.c ****       if ((((uint32_t)pData) & 1U) != 0U)
 682:Drivers/STM32L0xx_HAL_Driver/Src/stm32l0xx_hal_uart_ex.c ****       {
 683:Drivers/STM32L0xx_HAL_Driver/Src/stm32l0xx_hal_uart_ex.c ****         return  HAL_ERROR;
 684:Drivers/STM32L0xx_HAL_Driver/Src/stm32l0xx_hal_uart_ex.c ****       }
 685:Drivers/STM32L0xx_HAL_Driver/Src/stm32l0xx_hal_uart_ex.c ****     }
 686:Drivers/STM32L0xx_HAL_Driver/Src/stm32l0xx_hal_uart_ex.c **** 
 687:Drivers/STM32L0xx_HAL_Driver/Src/stm32l0xx_hal_uart_ex.c ****     /* Set Reception type to reception till IDLE Event*/
 688:Drivers/STM32L0xx_HAL_Driver/Src/stm32l0xx_hal_uart_ex.c ****     huart->ReceptionType = HAL_UART_RECEPTION_TOIDLE;
 689:Drivers/STM32L0xx_HAL_Driver/Src/stm32l0xx_hal_uart_ex.c ****     huart->RxEventType = HAL_UART_RXEVENT_TC;
 690:Drivers/STM32L0xx_HAL_Driver/Src/stm32l0xx_hal_uart_ex.c **** 
 691:Drivers/STM32L0xx_HAL_Driver/Src/stm32l0xx_hal_uart_ex.c ****     (void)UART_Start_Receive_IT(huart, pData, Size);
 692:Drivers/STM32L0xx_HAL_Driver/Src/stm32l0xx_hal_uart_ex.c **** 
 693:Drivers/STM32L0xx_HAL_Driver/Src/stm32l0xx_hal_uart_ex.c ****     if (huart->ReceptionType == HAL_UART_RECEPTION_TOIDLE)
 694:Drivers/STM32L0xx_HAL_Driver/Src/stm32l0xx_hal_uart_ex.c ****     {
 695:Drivers/STM32L0xx_HAL_Driver/Src/stm32l0xx_hal_uart_ex.c ****       __HAL_UART_CLEAR_FLAG(huart, UART_CLEAR_IDLEF);
 696:Drivers/STM32L0xx_HAL_Driver/Src/stm32l0xx_hal_uart_ex.c ****       ATOMIC_SET_BIT(huart->Instance->CR1, USART_CR1_IDLEIE);
 697:Drivers/STM32L0xx_HAL_Driver/Src/stm32l0xx_hal_uart_ex.c ****     }
 698:Drivers/STM32L0xx_HAL_Driver/Src/stm32l0xx_hal_uart_ex.c ****     else
 699:Drivers/STM32L0xx_HAL_Driver/Src/stm32l0xx_hal_uart_ex.c ****     {
 700:Drivers/STM32L0xx_HAL_Driver/Src/stm32l0xx_hal_uart_ex.c ****       /* In case of errors already pending when reception is started,
 701:Drivers/STM32L0xx_HAL_Driver/Src/stm32l0xx_hal_uart_ex.c ****          Interrupts may have already been raised and lead to reception abortion.
 702:Drivers/STM32L0xx_HAL_Driver/Src/stm32l0xx_hal_uart_ex.c ****          (Overrun error for instance).
 703:Drivers/STM32L0xx_HAL_Driver/Src/stm32l0xx_hal_uart_ex.c ****          In such case Reception Type has been reset to HAL_UART_RECEPTION_STANDARD. */
 704:Drivers/STM32L0xx_HAL_Driver/Src/stm32l0xx_hal_uart_ex.c ****       status = HAL_ERROR;
 705:Drivers/STM32L0xx_HAL_Driver/Src/stm32l0xx_hal_uart_ex.c ****     }
 706:Drivers/STM32L0xx_HAL_Driver/Src/stm32l0xx_hal_uart_ex.c **** 
 707:Drivers/STM32L0xx_HAL_Driver/Src/stm32l0xx_hal_uart_ex.c ****     return status;
 708:Drivers/STM32L0xx_HAL_Driver/Src/stm32l0xx_hal_uart_ex.c ****   }
 709:Drivers/STM32L0xx_HAL_Driver/Src/stm32l0xx_hal_uart_ex.c ****   else
 710:Drivers/STM32L0xx_HAL_Driver/Src/stm32l0xx_hal_uart_ex.c ****   {
 711:Drivers/STM32L0xx_HAL_Driver/Src/stm32l0xx_hal_uart_ex.c ****     return HAL_BUSY;
 712:Drivers/STM32L0xx_HAL_Driver/Src/stm32l0xx_hal_uart_ex.c ****   }
 713:Drivers/STM32L0xx_HAL_Driver/Src/stm32l0xx_hal_uart_ex.c **** }
 714:Drivers/STM32L0xx_HAL_Driver/Src/stm32l0xx_hal_uart_ex.c **** 
 715:Drivers/STM32L0xx_HAL_Driver/Src/stm32l0xx_hal_uart_ex.c **** /**
 716:Drivers/STM32L0xx_HAL_Driver/Src/stm32l0xx_hal_uart_ex.c ****   * @brief Receive an amount of data in DMA mode till either the expected number
ARM GAS  /var/folders/d7/pb3dkhys6j3db_qtp_8v34p80000gn/T//ccyA5zhx.s 			page 14


 717:Drivers/STM32L0xx_HAL_Driver/Src/stm32l0xx_hal_uart_ex.c ****   *        of data is received or an IDLE event occurs.
 718:Drivers/STM32L0xx_HAL_Driver/Src/stm32l0xx_hal_uart_ex.c ****   * @note  Reception is initiated by this function call. Further progress of reception is achieved 
 719:Drivers/STM32L0xx_HAL_Driver/Src/stm32l0xx_hal_uart_ex.c ****   *        to DMA services, transferring automatically received data elements in user reception buf
 720:Drivers/STM32L0xx_HAL_Driver/Src/stm32l0xx_hal_uart_ex.c ****   *        calling registered callbacks at half/end of reception. UART IDLE events are also used to
 721:Drivers/STM32L0xx_HAL_Driver/Src/stm32l0xx_hal_uart_ex.c ****   *        reception phase as ended. In all cases, callback execution will indicate number of recei
 722:Drivers/STM32L0xx_HAL_Driver/Src/stm32l0xx_hal_uart_ex.c ****   * @note  When the UART parity is enabled (PCE = 1), the received data contain
 723:Drivers/STM32L0xx_HAL_Driver/Src/stm32l0xx_hal_uart_ex.c ****   *        the parity bit (MSB position).
 724:Drivers/STM32L0xx_HAL_Driver/Src/stm32l0xx_hal_uart_ex.c ****   * @note  When UART parity is not enabled (PCE = 0), and Word Length is configured to 9 bits (M1-M
 725:Drivers/STM32L0xx_HAL_Driver/Src/stm32l0xx_hal_uart_ex.c ****   *        the received data is handled as a set of uint16_t. In this case, Size must indicate the 
 726:Drivers/STM32L0xx_HAL_Driver/Src/stm32l0xx_hal_uart_ex.c ****   *        of uint16_t available through pData.
 727:Drivers/STM32L0xx_HAL_Driver/Src/stm32l0xx_hal_uart_ex.c ****   * @note  When UART parity is not enabled (PCE = 0), and Word Length is configured to 9 bits (M1-M
 728:Drivers/STM32L0xx_HAL_Driver/Src/stm32l0xx_hal_uart_ex.c ****   *        address of user data buffer for storing data to be received, should be aligned on a half
 729:Drivers/STM32L0xx_HAL_Driver/Src/stm32l0xx_hal_uart_ex.c ****   *        (16 bits) (as received data will be handled by DMA from halfword frontier). Depending on
 730:Drivers/STM32L0xx_HAL_Driver/Src/stm32l0xx_hal_uart_ex.c ****   *        use of specific alignment compilation directives or pragmas might be required
 731:Drivers/STM32L0xx_HAL_Driver/Src/stm32l0xx_hal_uart_ex.c ****   *        to ensure proper alignment for pData.
 732:Drivers/STM32L0xx_HAL_Driver/Src/stm32l0xx_hal_uart_ex.c ****   * @param huart UART handle.
 733:Drivers/STM32L0xx_HAL_Driver/Src/stm32l0xx_hal_uart_ex.c ****   * @param pData Pointer to data buffer (uint8_t or uint16_t data elements).
 734:Drivers/STM32L0xx_HAL_Driver/Src/stm32l0xx_hal_uart_ex.c ****   * @param Size  Amount of data elements (uint8_t or uint16_t) to be received.
 735:Drivers/STM32L0xx_HAL_Driver/Src/stm32l0xx_hal_uart_ex.c ****   * @retval HAL status
 736:Drivers/STM32L0xx_HAL_Driver/Src/stm32l0xx_hal_uart_ex.c ****   */
 737:Drivers/STM32L0xx_HAL_Driver/Src/stm32l0xx_hal_uart_ex.c **** HAL_StatusTypeDef HAL_UARTEx_ReceiveToIdle_DMA(UART_HandleTypeDef *huart, uint8_t *pData, uint16_t 
 738:Drivers/STM32L0xx_HAL_Driver/Src/stm32l0xx_hal_uart_ex.c **** {
 739:Drivers/STM32L0xx_HAL_Driver/Src/stm32l0xx_hal_uart_ex.c ****   HAL_StatusTypeDef status;
 740:Drivers/STM32L0xx_HAL_Driver/Src/stm32l0xx_hal_uart_ex.c **** 
 741:Drivers/STM32L0xx_HAL_Driver/Src/stm32l0xx_hal_uart_ex.c ****   /* Check that a Rx process is not already ongoing */
 742:Drivers/STM32L0xx_HAL_Driver/Src/stm32l0xx_hal_uart_ex.c ****   if (huart->RxState == HAL_UART_STATE_READY)
 743:Drivers/STM32L0xx_HAL_Driver/Src/stm32l0xx_hal_uart_ex.c ****   {
 744:Drivers/STM32L0xx_HAL_Driver/Src/stm32l0xx_hal_uart_ex.c ****     if ((pData == NULL) || (Size == 0U))
 745:Drivers/STM32L0xx_HAL_Driver/Src/stm32l0xx_hal_uart_ex.c ****     {
 746:Drivers/STM32L0xx_HAL_Driver/Src/stm32l0xx_hal_uart_ex.c ****       return HAL_ERROR;
 747:Drivers/STM32L0xx_HAL_Driver/Src/stm32l0xx_hal_uart_ex.c ****     }
 748:Drivers/STM32L0xx_HAL_Driver/Src/stm32l0xx_hal_uart_ex.c **** 
 749:Drivers/STM32L0xx_HAL_Driver/Src/stm32l0xx_hal_uart_ex.c ****     /* In case of 9bits/No Parity transfer, pData buffer provided as input parameter
 750:Drivers/STM32L0xx_HAL_Driver/Src/stm32l0xx_hal_uart_ex.c ****        should be aligned on a uint16_t frontier, as data copy from RDR will be
 751:Drivers/STM32L0xx_HAL_Driver/Src/stm32l0xx_hal_uart_ex.c ****        handled by DMA from a uint16_t frontier. */
 752:Drivers/STM32L0xx_HAL_Driver/Src/stm32l0xx_hal_uart_ex.c ****     if ((huart->Init.WordLength == UART_WORDLENGTH_9B) && (huart->Init.Parity == UART_PARITY_NONE))
 753:Drivers/STM32L0xx_HAL_Driver/Src/stm32l0xx_hal_uart_ex.c ****     {
 754:Drivers/STM32L0xx_HAL_Driver/Src/stm32l0xx_hal_uart_ex.c ****       if ((((uint32_t)pData) & 1U) != 0U)
 755:Drivers/STM32L0xx_HAL_Driver/Src/stm32l0xx_hal_uart_ex.c ****       {
 756:Drivers/STM32L0xx_HAL_Driver/Src/stm32l0xx_hal_uart_ex.c ****         return  HAL_ERROR;
 757:Drivers/STM32L0xx_HAL_Driver/Src/stm32l0xx_hal_uart_ex.c ****       }
 758:Drivers/STM32L0xx_HAL_Driver/Src/stm32l0xx_hal_uart_ex.c ****     }
 759:Drivers/STM32L0xx_HAL_Driver/Src/stm32l0xx_hal_uart_ex.c **** 
 760:Drivers/STM32L0xx_HAL_Driver/Src/stm32l0xx_hal_uart_ex.c ****     /* Set Reception type to reception till IDLE Event*/
 761:Drivers/STM32L0xx_HAL_Driver/Src/stm32l0xx_hal_uart_ex.c ****     huart->ReceptionType = HAL_UART_RECEPTION_TOIDLE;
 762:Drivers/STM32L0xx_HAL_Driver/Src/stm32l0xx_hal_uart_ex.c ****     huart->RxEventType = HAL_UART_RXEVENT_TC;
 763:Drivers/STM32L0xx_HAL_Driver/Src/stm32l0xx_hal_uart_ex.c **** 
 764:Drivers/STM32L0xx_HAL_Driver/Src/stm32l0xx_hal_uart_ex.c ****     status =  UART_Start_Receive_DMA(huart, pData, Size);
 765:Drivers/STM32L0xx_HAL_Driver/Src/stm32l0xx_hal_uart_ex.c **** 
 766:Drivers/STM32L0xx_HAL_Driver/Src/stm32l0xx_hal_uart_ex.c ****     /* Check Rx process has been successfully started */
 767:Drivers/STM32L0xx_HAL_Driver/Src/stm32l0xx_hal_uart_ex.c ****     if (status == HAL_OK)
 768:Drivers/STM32L0xx_HAL_Driver/Src/stm32l0xx_hal_uart_ex.c ****     {
 769:Drivers/STM32L0xx_HAL_Driver/Src/stm32l0xx_hal_uart_ex.c ****       if (huart->ReceptionType == HAL_UART_RECEPTION_TOIDLE)
 770:Drivers/STM32L0xx_HAL_Driver/Src/stm32l0xx_hal_uart_ex.c ****       {
 771:Drivers/STM32L0xx_HAL_Driver/Src/stm32l0xx_hal_uart_ex.c ****         __HAL_UART_CLEAR_FLAG(huart, UART_CLEAR_IDLEF);
 772:Drivers/STM32L0xx_HAL_Driver/Src/stm32l0xx_hal_uart_ex.c ****         ATOMIC_SET_BIT(huart->Instance->CR1, USART_CR1_IDLEIE);
 773:Drivers/STM32L0xx_HAL_Driver/Src/stm32l0xx_hal_uart_ex.c ****       }
ARM GAS  /var/folders/d7/pb3dkhys6j3db_qtp_8v34p80000gn/T//ccyA5zhx.s 			page 15


 774:Drivers/STM32L0xx_HAL_Driver/Src/stm32l0xx_hal_uart_ex.c ****       else
 775:Drivers/STM32L0xx_HAL_Driver/Src/stm32l0xx_hal_uart_ex.c ****       {
 776:Drivers/STM32L0xx_HAL_Driver/Src/stm32l0xx_hal_uart_ex.c ****         /* In case of errors already pending when reception is started,
 777:Drivers/STM32L0xx_HAL_Driver/Src/stm32l0xx_hal_uart_ex.c ****            Interrupts may have already been raised and lead to reception abortion.
 778:Drivers/STM32L0xx_HAL_Driver/Src/stm32l0xx_hal_uart_ex.c ****            (Overrun error for instance).
 779:Drivers/STM32L0xx_HAL_Driver/Src/stm32l0xx_hal_uart_ex.c ****            In such case Reception Type has been reset to HAL_UART_RECEPTION_STANDARD. */
 780:Drivers/STM32L0xx_HAL_Driver/Src/stm32l0xx_hal_uart_ex.c ****         status = HAL_ERROR;
 781:Drivers/STM32L0xx_HAL_Driver/Src/stm32l0xx_hal_uart_ex.c ****       }
 782:Drivers/STM32L0xx_HAL_Driver/Src/stm32l0xx_hal_uart_ex.c ****     }
 783:Drivers/STM32L0xx_HAL_Driver/Src/stm32l0xx_hal_uart_ex.c **** 
 784:Drivers/STM32L0xx_HAL_Driver/Src/stm32l0xx_hal_uart_ex.c ****     return status;
 785:Drivers/STM32L0xx_HAL_Driver/Src/stm32l0xx_hal_uart_ex.c ****   }
 786:Drivers/STM32L0xx_HAL_Driver/Src/stm32l0xx_hal_uart_ex.c ****   else
 787:Drivers/STM32L0xx_HAL_Driver/Src/stm32l0xx_hal_uart_ex.c ****   {
 788:Drivers/STM32L0xx_HAL_Driver/Src/stm32l0xx_hal_uart_ex.c ****     return HAL_BUSY;
 789:Drivers/STM32L0xx_HAL_Driver/Src/stm32l0xx_hal_uart_ex.c ****   }
 790:Drivers/STM32L0xx_HAL_Driver/Src/stm32l0xx_hal_uart_ex.c **** }
 791:Drivers/STM32L0xx_HAL_Driver/Src/stm32l0xx_hal_uart_ex.c **** 
 792:Drivers/STM32L0xx_HAL_Driver/Src/stm32l0xx_hal_uart_ex.c **** /**
 793:Drivers/STM32L0xx_HAL_Driver/Src/stm32l0xx_hal_uart_ex.c ****   * @brief Provide Rx Event type that has lead to RxEvent callback execution.
 794:Drivers/STM32L0xx_HAL_Driver/Src/stm32l0xx_hal_uart_ex.c ****   * @note  When HAL_UARTEx_ReceiveToIdle_IT() or HAL_UARTEx_ReceiveToIdle_DMA() API are called, pro
 795:Drivers/STM32L0xx_HAL_Driver/Src/stm32l0xx_hal_uart_ex.c ****   *        of reception process is provided to application through calls of Rx Event callback (eith
 796:Drivers/STM32L0xx_HAL_Driver/Src/stm32l0xx_hal_uart_ex.c ****   *        HAL_UARTEx_RxEventCallback() or user registered one). As several types of events could o
 797:Drivers/STM32L0xx_HAL_Driver/Src/stm32l0xx_hal_uart_ex.c ****   *        Half Transfer, or Transfer Complete), this function allows to retrieve the Rx Event type
 798:Drivers/STM32L0xx_HAL_Driver/Src/stm32l0xx_hal_uart_ex.c ****   *        to Rx Event callback execution.
 799:Drivers/STM32L0xx_HAL_Driver/Src/stm32l0xx_hal_uart_ex.c ****   * @note  This function is expected to be called within the user implementation of Rx Event Callba
 800:Drivers/STM32L0xx_HAL_Driver/Src/stm32l0xx_hal_uart_ex.c ****   *        in order to provide the accurate value.
 801:Drivers/STM32L0xx_HAL_Driver/Src/stm32l0xx_hal_uart_ex.c ****   * @note  In Interrupt Mode:
 802:Drivers/STM32L0xx_HAL_Driver/Src/stm32l0xx_hal_uart_ex.c ****   *        - HAL_UART_RXEVENT_TC : when Reception has been completed (expected nb of data has been 
 803:Drivers/STM32L0xx_HAL_Driver/Src/stm32l0xx_hal_uart_ex.c ****   *        - HAL_UART_RXEVENT_IDLE : when Idle event occurred prior reception has been completed.
 804:Drivers/STM32L0xx_HAL_Driver/Src/stm32l0xx_hal_uart_ex.c ****   * @note  In DMA Mode:
 805:Drivers/STM32L0xx_HAL_Driver/Src/stm32l0xx_hal_uart_ex.c ****   *        - HAL_UART_RXEVENT_TC : when Reception has been completed (expected nb of data has been 
 806:Drivers/STM32L0xx_HAL_Driver/Src/stm32l0xx_hal_uart_ex.c ****   *        - HAL_UART_RXEVENT_HT : when half of expected nb of data has been received.
 807:Drivers/STM32L0xx_HAL_Driver/Src/stm32l0xx_hal_uart_ex.c ****   *        - HAL_UART_RXEVENT_IDLE : when Idle event occurred prior reception has been completed.
 808:Drivers/STM32L0xx_HAL_Driver/Src/stm32l0xx_hal_uart_ex.c ****   * @note  In DMA mode, RxEvent callback could be called several times;
 809:Drivers/STM32L0xx_HAL_Driver/Src/stm32l0xx_hal_uart_ex.c ****   *        When DMA is configured in Normal Mode, HT event does not stop Reception process;
 810:Drivers/STM32L0xx_HAL_Driver/Src/stm32l0xx_hal_uart_ex.c ****   *        When DMA is configured in Circular Mode, HT, TC or IDLE events don't stop Reception proc
 811:Drivers/STM32L0xx_HAL_Driver/Src/stm32l0xx_hal_uart_ex.c ****   * @param  huart UART handle.
 812:Drivers/STM32L0xx_HAL_Driver/Src/stm32l0xx_hal_uart_ex.c ****   * @retval Rx Event Type (return vale will be a value of @ref UART_RxEvent_Type_Values)
 813:Drivers/STM32L0xx_HAL_Driver/Src/stm32l0xx_hal_uart_ex.c ****   */
 814:Drivers/STM32L0xx_HAL_Driver/Src/stm32l0xx_hal_uart_ex.c **** HAL_UART_RxEventTypeTypeDef HAL_UARTEx_GetRxEventType(const UART_HandleTypeDef *huart)
 815:Drivers/STM32L0xx_HAL_Driver/Src/stm32l0xx_hal_uart_ex.c **** {
 816:Drivers/STM32L0xx_HAL_Driver/Src/stm32l0xx_hal_uart_ex.c ****   /* Return Rx Event type value, as stored in UART handle */
 817:Drivers/STM32L0xx_HAL_Driver/Src/stm32l0xx_hal_uart_ex.c ****   return (huart->RxEventType);
 818:Drivers/STM32L0xx_HAL_Driver/Src/stm32l0xx_hal_uart_ex.c **** }
 819:Drivers/STM32L0xx_HAL_Driver/Src/stm32l0xx_hal_uart_ex.c **** 
 820:Drivers/STM32L0xx_HAL_Driver/Src/stm32l0xx_hal_uart_ex.c **** /**
 821:Drivers/STM32L0xx_HAL_Driver/Src/stm32l0xx_hal_uart_ex.c ****   * @}
 822:Drivers/STM32L0xx_HAL_Driver/Src/stm32l0xx_hal_uart_ex.c ****   */
 823:Drivers/STM32L0xx_HAL_Driver/Src/stm32l0xx_hal_uart_ex.c **** 
 824:Drivers/STM32L0xx_HAL_Driver/Src/stm32l0xx_hal_uart_ex.c **** /**
 825:Drivers/STM32L0xx_HAL_Driver/Src/stm32l0xx_hal_uart_ex.c ****   * @}
 826:Drivers/STM32L0xx_HAL_Driver/Src/stm32l0xx_hal_uart_ex.c ****   */
 827:Drivers/STM32L0xx_HAL_Driver/Src/stm32l0xx_hal_uart_ex.c **** 
 828:Drivers/STM32L0xx_HAL_Driver/Src/stm32l0xx_hal_uart_ex.c **** /** @addtogroup UARTEx_Private_Functions
 829:Drivers/STM32L0xx_HAL_Driver/Src/stm32l0xx_hal_uart_ex.c ****   * @{
 830:Drivers/STM32L0xx_HAL_Driver/Src/stm32l0xx_hal_uart_ex.c ****   */
ARM GAS  /var/folders/d7/pb3dkhys6j3db_qtp_8v34p80000gn/T//ccyA5zhx.s 			page 16


 831:Drivers/STM32L0xx_HAL_Driver/Src/stm32l0xx_hal_uart_ex.c **** 
 832:Drivers/STM32L0xx_HAL_Driver/Src/stm32l0xx_hal_uart_ex.c **** /**
 833:Drivers/STM32L0xx_HAL_Driver/Src/stm32l0xx_hal_uart_ex.c ****   * @brief Initialize the UART wake-up from stop mode parameters when triggered by address detectio
 834:Drivers/STM32L0xx_HAL_Driver/Src/stm32l0xx_hal_uart_ex.c ****   * @param huart           UART handle.
 835:Drivers/STM32L0xx_HAL_Driver/Src/stm32l0xx_hal_uart_ex.c ****   * @param WakeUpSelection UART wake up from stop mode parameters.
 836:Drivers/STM32L0xx_HAL_Driver/Src/stm32l0xx_hal_uart_ex.c ****   * @retval None
 837:Drivers/STM32L0xx_HAL_Driver/Src/stm32l0xx_hal_uart_ex.c ****   */
 838:Drivers/STM32L0xx_HAL_Driver/Src/stm32l0xx_hal_uart_ex.c **** static void UARTEx_Wakeup_AddressConfig(UART_HandleTypeDef *huart, UART_WakeUpTypeDef WakeUpSelecti
 839:Drivers/STM32L0xx_HAL_Driver/Src/stm32l0xx_hal_uart_ex.c **** {
  27              		.loc 1 839 1 view -0
  28              		.cfi_startproc
  29              		@ args = 0, pretend = 0, frame = 8
  30              		@ frame_needed = 0, uses_anonymous_args = 0
  31              		.loc 1 839 1 is_stmt 0 view .LVU1
  32 0000 10B5     		push	{r4, lr}
  33              	.LCFI0:
  34              		.cfi_def_cfa_offset 8
  35              		.cfi_offset 4, -8
  36              		.cfi_offset 14, -4
  37 0002 82B0     		sub	sp, sp, #8
  38              	.LCFI1:
  39              		.cfi_def_cfa_offset 16
  40 0004 6C46     		mov	r4, sp
  41 0006 0091     		str	r1, [sp]
  42 0008 0192     		str	r2, [sp, #4]
 840:Drivers/STM32L0xx_HAL_Driver/Src/stm32l0xx_hal_uart_ex.c ****   assert_param(IS_UART_ADDRESSLENGTH_DETECT(WakeUpSelection.AddressLength));
  43              		.loc 1 840 3 is_stmt 1 view .LVU2
 841:Drivers/STM32L0xx_HAL_Driver/Src/stm32l0xx_hal_uart_ex.c **** 
 842:Drivers/STM32L0xx_HAL_Driver/Src/stm32l0xx_hal_uart_ex.c ****   /* Set the USART address length */
 843:Drivers/STM32L0xx_HAL_Driver/Src/stm32l0xx_hal_uart_ex.c ****   MODIFY_REG(huart->Instance->CR2, USART_CR2_ADDM7, WakeUpSelection.AddressLength);
  44              		.loc 1 843 3 view .LVU3
  45 000a 0268     		ldr	r2, [r0]
  46 000c 5368     		ldr	r3, [r2, #4]
  47 000e 1021     		movs	r1, #16
  48 0010 8B43     		bics	r3, r1
  49 0012 A188     		ldrh	r1, [r4, #4]
  50 0014 0B43     		orrs	r3, r1
  51 0016 5360     		str	r3, [r2, #4]
 844:Drivers/STM32L0xx_HAL_Driver/Src/stm32l0xx_hal_uart_ex.c **** 
 845:Drivers/STM32L0xx_HAL_Driver/Src/stm32l0xx_hal_uart_ex.c ****   /* Set the USART address node */
 846:Drivers/STM32L0xx_HAL_Driver/Src/stm32l0xx_hal_uart_ex.c ****   MODIFY_REG(huart->Instance->CR2, USART_CR2_ADD, ((uint32_t)WakeUpSelection.Address << UART_CR2_AD
  52              		.loc 1 846 3 view .LVU4
  53 0018 0168     		ldr	r1, [r0]
  54 001a 4B68     		ldr	r3, [r1, #4]
  55 001c 1B02     		lsls	r3, r3, #8
  56 001e 1B0A     		lsrs	r3, r3, #8
  57 0020 A279     		ldrb	r2, [r4, #6]
  58 0022 1206     		lsls	r2, r2, #24
  59 0024 1343     		orrs	r3, r2
  60 0026 4B60     		str	r3, [r1, #4]
 847:Drivers/STM32L0xx_HAL_Driver/Src/stm32l0xx_hal_uart_ex.c **** }
  61              		.loc 1 847 1 is_stmt 0 view .LVU5
  62 0028 02B0     		add	sp, sp, #8
  63              		@ sp needed
  64 002a 10BD     		pop	{r4, pc}
  65              		.cfi_endproc
  66              	.LFE59:
ARM GAS  /var/folders/d7/pb3dkhys6j3db_qtp_8v34p80000gn/T//ccyA5zhx.s 			page 17


  68              		.section	.text.HAL_RS485Ex_Init,"ax",%progbits
  69              		.align	1
  70              		.global	HAL_RS485Ex_Init
  71              		.syntax unified
  72              		.code	16
  73              		.thumb_func
  75              	HAL_RS485Ex_Init:
  76              	.LVL1:
  77              	.LFB47:
 150:Drivers/STM32L0xx_HAL_Driver/Src/stm32l0xx_hal_uart_ex.c ****   uint32_t temp;
  78              		.loc 1 150 1 is_stmt 1 view -0
  79              		.cfi_startproc
  80              		@ args = 0, pretend = 0, frame = 0
  81              		@ frame_needed = 0, uses_anonymous_args = 0
 150:Drivers/STM32L0xx_HAL_Driver/Src/stm32l0xx_hal_uart_ex.c ****   uint32_t temp;
  82              		.loc 1 150 1 is_stmt 0 view .LVU7
  83 0000 F8B5     		push	{r3, r4, r5, r6, r7, lr}
  84              	.LCFI2:
  85              		.cfi_def_cfa_offset 24
  86              		.cfi_offset 3, -24
  87              		.cfi_offset 4, -20
  88              		.cfi_offset 5, -16
  89              		.cfi_offset 6, -12
  90              		.cfi_offset 7, -8
  91              		.cfi_offset 14, -4
  92 0002 0400     		movs	r4, r0
  93 0004 0F00     		movs	r7, r1
  94 0006 1600     		movs	r6, r2
  95 0008 1D00     		movs	r5, r3
 151:Drivers/STM32L0xx_HAL_Driver/Src/stm32l0xx_hal_uart_ex.c **** 
  96              		.loc 1 151 3 is_stmt 1 view .LVU8
 154:Drivers/STM32L0xx_HAL_Driver/Src/stm32l0xx_hal_uart_ex.c ****   {
  97              		.loc 1 154 3 view .LVU9
 154:Drivers/STM32L0xx_HAL_Driver/Src/stm32l0xx_hal_uart_ex.c ****   {
  98              		.loc 1 154 6 is_stmt 0 view .LVU10
  99 000a 0028     		cmp	r0, #0
 100 000c 39D0     		beq	.L6
 159:Drivers/STM32L0xx_HAL_Driver/Src/stm32l0xx_hal_uart_ex.c **** 
 101              		.loc 1 159 3 is_stmt 1 view .LVU11
 162:Drivers/STM32L0xx_HAL_Driver/Src/stm32l0xx_hal_uart_ex.c **** 
 102              		.loc 1 162 3 view .LVU12
 165:Drivers/STM32L0xx_HAL_Driver/Src/stm32l0xx_hal_uart_ex.c **** 
 103              		.loc 1 165 3 view .LVU13
 168:Drivers/STM32L0xx_HAL_Driver/Src/stm32l0xx_hal_uart_ex.c **** 
 104              		.loc 1 168 3 view .LVU14
 170:Drivers/STM32L0xx_HAL_Driver/Src/stm32l0xx_hal_uart_ex.c ****   {
 105              		.loc 1 170 3 view .LVU15
 170:Drivers/STM32L0xx_HAL_Driver/Src/stm32l0xx_hal_uart_ex.c ****   {
 106              		.loc 1 170 12 is_stmt 0 view .LVU16
 107 000e C36F     		ldr	r3, [r0, #124]
 108              	.LVL2:
 170:Drivers/STM32L0xx_HAL_Driver/Src/stm32l0xx_hal_uart_ex.c ****   {
 109              		.loc 1 170 6 view .LVU17
 110 0010 002B     		cmp	r3, #0
 111 0012 2CD0     		beq	.L7
 112              	.LVL3:
 113              	.L4:
ARM GAS  /var/folders/d7/pb3dkhys6j3db_qtp_8v34p80000gn/T//ccyA5zhx.s 			page 18


 191:Drivers/STM32L0xx_HAL_Driver/Src/stm32l0xx_hal_uart_ex.c **** 
 114              		.loc 1 191 3 is_stmt 1 view .LVU18
 191:Drivers/STM32L0xx_HAL_Driver/Src/stm32l0xx_hal_uart_ex.c **** 
 115              		.loc 1 191 17 is_stmt 0 view .LVU19
 116 0014 2423     		movs	r3, #36
 117 0016 E367     		str	r3, [r4, #124]
 194:Drivers/STM32L0xx_HAL_Driver/Src/stm32l0xx_hal_uart_ex.c **** 
 118              		.loc 1 194 3 is_stmt 1 view .LVU20
 119 0018 2268     		ldr	r2, [r4]
 120 001a 1368     		ldr	r3, [r2]
 121 001c 0121     		movs	r1, #1
 122 001e 8B43     		bics	r3, r1
 123 0020 1360     		str	r3, [r2]
 198:Drivers/STM32L0xx_HAL_Driver/Src/stm32l0xx_hal_uart_ex.c ****   {
 124              		.loc 1 198 3 view .LVU21
 198:Drivers/STM32L0xx_HAL_Driver/Src/stm32l0xx_hal_uart_ex.c ****   {
 125              		.loc 1 198 26 is_stmt 0 view .LVU22
 126 0022 636A     		ldr	r3, [r4, #36]
 198:Drivers/STM32L0xx_HAL_Driver/Src/stm32l0xx_hal_uart_ex.c ****   {
 127              		.loc 1 198 6 view .LVU23
 128 0024 002B     		cmp	r3, #0
 129 0026 28D1     		bne	.L8
 130              	.L5:
 204:Drivers/STM32L0xx_HAL_Driver/Src/stm32l0xx_hal_uart_ex.c ****   {
 131              		.loc 1 204 3 is_stmt 1 view .LVU24
 204:Drivers/STM32L0xx_HAL_Driver/Src/stm32l0xx_hal_uart_ex.c ****   {
 132              		.loc 1 204 7 is_stmt 0 view .LVU25
 133 0028 2000     		movs	r0, r4
 134 002a FFF7FEFF 		bl	UART_SetConfig
 135              	.LVL4:
 204:Drivers/STM32L0xx_HAL_Driver/Src/stm32l0xx_hal_uart_ex.c ****   {
 136              		.loc 1 204 6 discriminator 1 view .LVU26
 137 002e 0128     		cmp	r0, #1
 138 0030 1CD0     		beq	.L3
 210:Drivers/STM32L0xx_HAL_Driver/Src/stm32l0xx_hal_uart_ex.c **** 
 139              		.loc 1 210 3 is_stmt 1 view .LVU27
 140 0032 2268     		ldr	r2, [r4]
 141 0034 9168     		ldr	r1, [r2, #8]
 142 0036 8023     		movs	r3, #128
 143 0038 DB01     		lsls	r3, r3, #7
 144 003a 0B43     		orrs	r3, r1
 145 003c 9360     		str	r3, [r2, #8]
 213:Drivers/STM32L0xx_HAL_Driver/Src/stm32l0xx_hal_uart_ex.c **** 
 146              		.loc 1 213 3 view .LVU28
 147 003e 2268     		ldr	r2, [r4]
 148 0040 9368     		ldr	r3, [r2, #8]
 149 0042 1149     		ldr	r1, .L9
 150 0044 0B40     		ands	r3, r1
 151 0046 3B43     		orrs	r3, r7
 152 0048 9360     		str	r3, [r2, #8]
 216:Drivers/STM32L0xx_HAL_Driver/Src/stm32l0xx_hal_uart_ex.c ****   temp |= (DeassertionTime << UART_CR1_DEDT_ADDRESS_LSB_POS);
 153              		.loc 1 216 3 view .LVU29
 216:Drivers/STM32L0xx_HAL_Driver/Src/stm32l0xx_hal_uart_ex.c ****   temp |= (DeassertionTime << UART_CR1_DEDT_ADDRESS_LSB_POS);
 154              		.loc 1 216 8 is_stmt 0 view .LVU30
 155 004a 7605     		lsls	r6, r6, #21
 156              	.LVL5:
 217:Drivers/STM32L0xx_HAL_Driver/Src/stm32l0xx_hal_uart_ex.c ****   MODIFY_REG(huart->Instance->CR1, (USART_CR1_DEDT | USART_CR1_DEAT), temp);
ARM GAS  /var/folders/d7/pb3dkhys6j3db_qtp_8v34p80000gn/T//ccyA5zhx.s 			page 19


 157              		.loc 1 217 3 is_stmt 1 view .LVU31
 217:Drivers/STM32L0xx_HAL_Driver/Src/stm32l0xx_hal_uart_ex.c ****   MODIFY_REG(huart->Instance->CR1, (USART_CR1_DEDT | USART_CR1_DEAT), temp);
 158              		.loc 1 217 28 is_stmt 0 view .LVU32
 159 004c 2D04     		lsls	r5, r5, #16
 160              	.LVL6:
 217:Drivers/STM32L0xx_HAL_Driver/Src/stm32l0xx_hal_uart_ex.c ****   MODIFY_REG(huart->Instance->CR1, (USART_CR1_DEDT | USART_CR1_DEAT), temp);
 161              		.loc 1 217 8 view .LVU33
 162 004e 3543     		orrs	r5, r6
 163              	.LVL7:
 218:Drivers/STM32L0xx_HAL_Driver/Src/stm32l0xx_hal_uart_ex.c **** 
 164              		.loc 1 218 3 is_stmt 1 view .LVU34
 165 0050 2268     		ldr	r2, [r4]
 166 0052 1368     		ldr	r3, [r2]
 167 0054 0D49     		ldr	r1, .L9+4
 168 0056 0B40     		ands	r3, r1
 169 0058 2B43     		orrs	r3, r5
 170 005a 1360     		str	r3, [r2]
 221:Drivers/STM32L0xx_HAL_Driver/Src/stm32l0xx_hal_uart_ex.c **** 
 171              		.loc 1 221 3 view .LVU35
 172 005c 2268     		ldr	r2, [r4]
 173 005e 1368     		ldr	r3, [r2]
 174 0060 0121     		movs	r1, #1
 175 0062 0B43     		orrs	r3, r1
 176 0064 1360     		str	r3, [r2]
 224:Drivers/STM32L0xx_HAL_Driver/Src/stm32l0xx_hal_uart_ex.c **** }
 177              		.loc 1 224 3 view .LVU36
 224:Drivers/STM32L0xx_HAL_Driver/Src/stm32l0xx_hal_uart_ex.c **** }
 178              		.loc 1 224 11 is_stmt 0 view .LVU37
 179 0066 2000     		movs	r0, r4
 180 0068 FFF7FEFF 		bl	UART_CheckIdleState
 181              	.LVL8:
 182              	.L3:
 225:Drivers/STM32L0xx_HAL_Driver/Src/stm32l0xx_hal_uart_ex.c **** 
 183              		.loc 1 225 1 view .LVU38
 184              		@ sp needed
 185              	.LVL9:
 186              	.LVL10:
 225:Drivers/STM32L0xx_HAL_Driver/Src/stm32l0xx_hal_uart_ex.c **** 
 187              		.loc 1 225 1 view .LVU39
 188 006c F8BD     		pop	{r3, r4, r5, r6, r7, pc}
 189              	.LVL11:
 190              	.L7:
 173:Drivers/STM32L0xx_HAL_Driver/Src/stm32l0xx_hal_uart_ex.c **** 
 191              		.loc 1 173 5 is_stmt 1 view .LVU40
 173:Drivers/STM32L0xx_HAL_Driver/Src/stm32l0xx_hal_uart_ex.c **** 
 192              		.loc 1 173 17 is_stmt 0 view .LVU41
 193 006e 7833     		adds	r3, r3, #120
 194 0070 0022     		movs	r2, #0
 195              	.LVL12:
 173:Drivers/STM32L0xx_HAL_Driver/Src/stm32l0xx_hal_uart_ex.c **** 
 196              		.loc 1 173 17 view .LVU42
 197 0072 C254     		strb	r2, [r0, r3]
 187:Drivers/STM32L0xx_HAL_Driver/Src/stm32l0xx_hal_uart_ex.c **** #endif /* (USE_HAL_UART_REGISTER_CALLBACKS) */
 198              		.loc 1 187 5 is_stmt 1 view .LVU43
 199 0074 FFF7FEFF 		bl	HAL_UART_MspInit
 200              	.LVL13:
 187:Drivers/STM32L0xx_HAL_Driver/Src/stm32l0xx_hal_uart_ex.c **** #endif /* (USE_HAL_UART_REGISTER_CALLBACKS) */
ARM GAS  /var/folders/d7/pb3dkhys6j3db_qtp_8v34p80000gn/T//ccyA5zhx.s 			page 20


 201              		.loc 1 187 5 is_stmt 0 view .LVU44
 202 0078 CCE7     		b	.L4
 203              	.L8:
 200:Drivers/STM32L0xx_HAL_Driver/Src/stm32l0xx_hal_uart_ex.c ****   }
 204              		.loc 1 200 5 is_stmt 1 view .LVU45
 205 007a 2000     		movs	r0, r4
 206 007c FFF7FEFF 		bl	UART_AdvFeatureConfig
 207              	.LVL14:
 208 0080 D2E7     		b	.L5
 209              	.LVL15:
 210              	.L6:
 156:Drivers/STM32L0xx_HAL_Driver/Src/stm32l0xx_hal_uart_ex.c ****   }
 211              		.loc 1 156 12 is_stmt 0 view .LVU46
 212 0082 0120     		movs	r0, #1
 213              	.LVL16:
 156:Drivers/STM32L0xx_HAL_Driver/Src/stm32l0xx_hal_uart_ex.c ****   }
 214              		.loc 1 156 12 view .LVU47
 215 0084 F2E7     		b	.L3
 216              	.L10:
 217 0086 C046     		.align	2
 218              	.L9:
 219 0088 FF7FFFFF 		.word	-32769
 220 008c FFFF00FC 		.word	-67043329
 221              		.cfi_endproc
 222              	.LFE47:
 224              		.section	.text.HAL_UARTEx_WakeupCallback,"ax",%progbits
 225              		.align	1
 226              		.weak	HAL_UARTEx_WakeupCallback
 227              		.syntax unified
 228              		.code	16
 229              		.thumb_func
 231              	HAL_UARTEx_WakeupCallback:
 232              	.LVL17:
 233              	.LFB48:
 252:Drivers/STM32L0xx_HAL_Driver/Src/stm32l0xx_hal_uart_ex.c ****   /* Prevent unused argument(s) compilation warning */
 234              		.loc 1 252 1 is_stmt 1 view -0
 235              		.cfi_startproc
 236              		@ args = 0, pretend = 0, frame = 0
 237              		@ frame_needed = 0, uses_anonymous_args = 0
 238              		@ link register save eliminated.
 254:Drivers/STM32L0xx_HAL_Driver/Src/stm32l0xx_hal_uart_ex.c **** 
 239              		.loc 1 254 3 view .LVU49
 259:Drivers/STM32L0xx_HAL_Driver/Src/stm32l0xx_hal_uart_ex.c **** 
 240              		.loc 1 259 1 is_stmt 0 view .LVU50
 241              		@ sp needed
 242 0000 7047     		bx	lr
 243              		.cfi_endproc
 244              	.LFE48:
 246              		.section	.text.HAL_UARTEx_EnableClockStopMode,"ax",%progbits
 247              		.align	1
 248              		.global	HAL_UARTEx_EnableClockStopMode
 249              		.syntax unified
 250              		.code	16
 251              		.thumb_func
 253              	HAL_UARTEx_EnableClockStopMode:
 254              	.LVL18:
 255              	.LFB49:
ARM GAS  /var/folders/d7/pb3dkhys6j3db_qtp_8v34p80000gn/T//ccyA5zhx.s 			page 21


 332:Drivers/STM32L0xx_HAL_Driver/Src/stm32l0xx_hal_uart_ex.c ****   /* Process Locked */
 256              		.loc 1 332 1 is_stmt 1 view -0
 257              		.cfi_startproc
 258              		@ args = 0, pretend = 0, frame = 0
 259              		@ frame_needed = 0, uses_anonymous_args = 0
 332:Drivers/STM32L0xx_HAL_Driver/Src/stm32l0xx_hal_uart_ex.c ****   /* Process Locked */
 260              		.loc 1 332 1 is_stmt 0 view .LVU52
 261 0000 10B5     		push	{r4, lr}
 262              	.LCFI3:
 263              		.cfi_def_cfa_offset 8
 264              		.cfi_offset 4, -8
 265              		.cfi_offset 14, -4
 334:Drivers/STM32L0xx_HAL_Driver/Src/stm32l0xx_hal_uart_ex.c **** 
 266              		.loc 1 334 3 is_stmt 1 view .LVU53
 334:Drivers/STM32L0xx_HAL_Driver/Src/stm32l0xx_hal_uart_ex.c **** 
 267              		.loc 1 334 3 view .LVU54
 268 0002 7823     		movs	r3, #120
 269 0004 C35C     		ldrb	r3, [r0, r3]
 270 0006 012B     		cmp	r3, #1
 271 0008 12D0     		beq	.L14
 334:Drivers/STM32L0xx_HAL_Driver/Src/stm32l0xx_hal_uart_ex.c **** 
 272              		.loc 1 334 3 discriminator 2 view .LVU55
 273 000a 7822     		movs	r2, #120
 274 000c 0123     		movs	r3, #1
 275 000e 8354     		strb	r3, [r0, r2]
 334:Drivers/STM32L0xx_HAL_Driver/Src/stm32l0xx_hal_uart_ex.c **** 
 276              		.loc 1 334 3 view .LVU56
 337:Drivers/STM32L0xx_HAL_Driver/Src/stm32l0xx_hal_uart_ex.c **** 
 277              		.loc 1 337 3 view .LVU57
 278              	.LBB44:
 337:Drivers/STM32L0xx_HAL_Driver/Src/stm32l0xx_hal_uart_ex.c **** 
 279              		.loc 1 337 3 view .LVU58
 337:Drivers/STM32L0xx_HAL_Driver/Src/stm32l0xx_hal_uart_ex.c **** 
 280              		.loc 1 337 3 view .LVU59
 281              	.LBB45:
 282              	.LBI45:
 283              		.file 2 "Drivers/CMSIS/Include/cmsis_gcc.h"
   1:Drivers/CMSIS/Include/cmsis_gcc.h **** /**************************************************************************//**
   2:Drivers/CMSIS/Include/cmsis_gcc.h ****  * @file     cmsis_gcc.h
   3:Drivers/CMSIS/Include/cmsis_gcc.h ****  * @brief    CMSIS compiler GCC header file
   4:Drivers/CMSIS/Include/cmsis_gcc.h ****  * @version  V5.0.4
   5:Drivers/CMSIS/Include/cmsis_gcc.h ****  * @date     09. April 2018
   6:Drivers/CMSIS/Include/cmsis_gcc.h ****  ******************************************************************************/
   7:Drivers/CMSIS/Include/cmsis_gcc.h **** /*
   8:Drivers/CMSIS/Include/cmsis_gcc.h ****  * Copyright (c) 2009-2018 Arm Limited. All rights reserved.
   9:Drivers/CMSIS/Include/cmsis_gcc.h ****  *
  10:Drivers/CMSIS/Include/cmsis_gcc.h ****  * SPDX-License-Identifier: Apache-2.0
  11:Drivers/CMSIS/Include/cmsis_gcc.h ****  *
  12:Drivers/CMSIS/Include/cmsis_gcc.h ****  * Licensed under the Apache License, Version 2.0 (the License); you may
  13:Drivers/CMSIS/Include/cmsis_gcc.h ****  * not use this file except in compliance with the License.
  14:Drivers/CMSIS/Include/cmsis_gcc.h ****  * You may obtain a copy of the License at
  15:Drivers/CMSIS/Include/cmsis_gcc.h ****  *
  16:Drivers/CMSIS/Include/cmsis_gcc.h ****  * www.apache.org/licenses/LICENSE-2.0
  17:Drivers/CMSIS/Include/cmsis_gcc.h ****  *
  18:Drivers/CMSIS/Include/cmsis_gcc.h ****  * Unless required by applicable law or agreed to in writing, software
  19:Drivers/CMSIS/Include/cmsis_gcc.h ****  * distributed under the License is distributed on an AS IS BASIS, WITHOUT
  20:Drivers/CMSIS/Include/cmsis_gcc.h ****  * WARRANTIES OR CONDITIONS OF ANY KIND, either express or implied.
ARM GAS  /var/folders/d7/pb3dkhys6j3db_qtp_8v34p80000gn/T//ccyA5zhx.s 			page 22


  21:Drivers/CMSIS/Include/cmsis_gcc.h ****  * See the License for the specific language governing permissions and
  22:Drivers/CMSIS/Include/cmsis_gcc.h ****  * limitations under the License.
  23:Drivers/CMSIS/Include/cmsis_gcc.h ****  */
  24:Drivers/CMSIS/Include/cmsis_gcc.h **** 
  25:Drivers/CMSIS/Include/cmsis_gcc.h **** #ifndef __CMSIS_GCC_H
  26:Drivers/CMSIS/Include/cmsis_gcc.h **** #define __CMSIS_GCC_H
  27:Drivers/CMSIS/Include/cmsis_gcc.h **** 
  28:Drivers/CMSIS/Include/cmsis_gcc.h **** /* ignore some GCC warnings */
  29:Drivers/CMSIS/Include/cmsis_gcc.h **** #pragma GCC diagnostic push
  30:Drivers/CMSIS/Include/cmsis_gcc.h **** #pragma GCC diagnostic ignored "-Wsign-conversion"
  31:Drivers/CMSIS/Include/cmsis_gcc.h **** #pragma GCC diagnostic ignored "-Wconversion"
  32:Drivers/CMSIS/Include/cmsis_gcc.h **** #pragma GCC diagnostic ignored "-Wunused-parameter"
  33:Drivers/CMSIS/Include/cmsis_gcc.h **** 
  34:Drivers/CMSIS/Include/cmsis_gcc.h **** /* Fallback for __has_builtin */
  35:Drivers/CMSIS/Include/cmsis_gcc.h **** #ifndef __has_builtin
  36:Drivers/CMSIS/Include/cmsis_gcc.h ****   #define __has_builtin(x) (0)
  37:Drivers/CMSIS/Include/cmsis_gcc.h **** #endif
  38:Drivers/CMSIS/Include/cmsis_gcc.h **** 
  39:Drivers/CMSIS/Include/cmsis_gcc.h **** /* CMSIS compiler specific defines */
  40:Drivers/CMSIS/Include/cmsis_gcc.h **** #ifndef   __ASM
  41:Drivers/CMSIS/Include/cmsis_gcc.h ****   #define __ASM                                  __asm
  42:Drivers/CMSIS/Include/cmsis_gcc.h **** #endif
  43:Drivers/CMSIS/Include/cmsis_gcc.h **** #ifndef   __INLINE
  44:Drivers/CMSIS/Include/cmsis_gcc.h ****   #define __INLINE                               inline
  45:Drivers/CMSIS/Include/cmsis_gcc.h **** #endif
  46:Drivers/CMSIS/Include/cmsis_gcc.h **** #ifndef   __STATIC_INLINE
  47:Drivers/CMSIS/Include/cmsis_gcc.h ****   #define __STATIC_INLINE                        static inline
  48:Drivers/CMSIS/Include/cmsis_gcc.h **** #endif
  49:Drivers/CMSIS/Include/cmsis_gcc.h **** #ifndef   __STATIC_FORCEINLINE                 
  50:Drivers/CMSIS/Include/cmsis_gcc.h ****   #define __STATIC_FORCEINLINE                   __attribute__((always_inline)) static inline
  51:Drivers/CMSIS/Include/cmsis_gcc.h **** #endif                                           
  52:Drivers/CMSIS/Include/cmsis_gcc.h **** #ifndef   __NO_RETURN
  53:Drivers/CMSIS/Include/cmsis_gcc.h ****   #define __NO_RETURN                            __attribute__((__noreturn__))
  54:Drivers/CMSIS/Include/cmsis_gcc.h **** #endif
  55:Drivers/CMSIS/Include/cmsis_gcc.h **** #ifndef   __USED
  56:Drivers/CMSIS/Include/cmsis_gcc.h ****   #define __USED                                 __attribute__((used))
  57:Drivers/CMSIS/Include/cmsis_gcc.h **** #endif
  58:Drivers/CMSIS/Include/cmsis_gcc.h **** #ifndef   __WEAK
  59:Drivers/CMSIS/Include/cmsis_gcc.h ****   #define __WEAK                                 __attribute__((weak))
  60:Drivers/CMSIS/Include/cmsis_gcc.h **** #endif
  61:Drivers/CMSIS/Include/cmsis_gcc.h **** #ifndef   __PACKED
  62:Drivers/CMSIS/Include/cmsis_gcc.h ****   #define __PACKED                               __attribute__((packed, aligned(1)))
  63:Drivers/CMSIS/Include/cmsis_gcc.h **** #endif
  64:Drivers/CMSIS/Include/cmsis_gcc.h **** #ifndef   __PACKED_STRUCT
  65:Drivers/CMSIS/Include/cmsis_gcc.h ****   #define __PACKED_STRUCT                        struct __attribute__((packed, aligned(1)))
  66:Drivers/CMSIS/Include/cmsis_gcc.h **** #endif
  67:Drivers/CMSIS/Include/cmsis_gcc.h **** #ifndef   __PACKED_UNION
  68:Drivers/CMSIS/Include/cmsis_gcc.h ****   #define __PACKED_UNION                         union __attribute__((packed, aligned(1)))
  69:Drivers/CMSIS/Include/cmsis_gcc.h **** #endif
  70:Drivers/CMSIS/Include/cmsis_gcc.h **** #ifndef   __UNALIGNED_UINT32        /* deprecated */
  71:Drivers/CMSIS/Include/cmsis_gcc.h ****   #pragma GCC diagnostic push
  72:Drivers/CMSIS/Include/cmsis_gcc.h ****   #pragma GCC diagnostic ignored "-Wpacked"
  73:Drivers/CMSIS/Include/cmsis_gcc.h ****   #pragma GCC diagnostic ignored "-Wattributes"
  74:Drivers/CMSIS/Include/cmsis_gcc.h ****   struct __attribute__((packed)) T_UINT32 { uint32_t v; };
  75:Drivers/CMSIS/Include/cmsis_gcc.h ****   #pragma GCC diagnostic pop
  76:Drivers/CMSIS/Include/cmsis_gcc.h ****   #define __UNALIGNED_UINT32(x)                  (((struct T_UINT32 *)(x))->v)
  77:Drivers/CMSIS/Include/cmsis_gcc.h **** #endif
ARM GAS  /var/folders/d7/pb3dkhys6j3db_qtp_8v34p80000gn/T//ccyA5zhx.s 			page 23


  78:Drivers/CMSIS/Include/cmsis_gcc.h **** #ifndef   __UNALIGNED_UINT16_WRITE
  79:Drivers/CMSIS/Include/cmsis_gcc.h ****   #pragma GCC diagnostic push
  80:Drivers/CMSIS/Include/cmsis_gcc.h ****   #pragma GCC diagnostic ignored "-Wpacked"
  81:Drivers/CMSIS/Include/cmsis_gcc.h ****   #pragma GCC diagnostic ignored "-Wattributes"
  82:Drivers/CMSIS/Include/cmsis_gcc.h ****   __PACKED_STRUCT T_UINT16_WRITE { uint16_t v; };
  83:Drivers/CMSIS/Include/cmsis_gcc.h ****   #pragma GCC diagnostic pop
  84:Drivers/CMSIS/Include/cmsis_gcc.h ****   #define __UNALIGNED_UINT16_WRITE(addr, val)    (void)((((struct T_UINT16_WRITE *)(void *)(addr))-
  85:Drivers/CMSIS/Include/cmsis_gcc.h **** #endif
  86:Drivers/CMSIS/Include/cmsis_gcc.h **** #ifndef   __UNALIGNED_UINT16_READ
  87:Drivers/CMSIS/Include/cmsis_gcc.h ****   #pragma GCC diagnostic push
  88:Drivers/CMSIS/Include/cmsis_gcc.h ****   #pragma GCC diagnostic ignored "-Wpacked"
  89:Drivers/CMSIS/Include/cmsis_gcc.h ****   #pragma GCC diagnostic ignored "-Wattributes"
  90:Drivers/CMSIS/Include/cmsis_gcc.h ****   __PACKED_STRUCT T_UINT16_READ { uint16_t v; };
  91:Drivers/CMSIS/Include/cmsis_gcc.h ****   #pragma GCC diagnostic pop
  92:Drivers/CMSIS/Include/cmsis_gcc.h ****   #define __UNALIGNED_UINT16_READ(addr)          (((const struct T_UINT16_READ *)(const void *)(add
  93:Drivers/CMSIS/Include/cmsis_gcc.h **** #endif
  94:Drivers/CMSIS/Include/cmsis_gcc.h **** #ifndef   __UNALIGNED_UINT32_WRITE
  95:Drivers/CMSIS/Include/cmsis_gcc.h ****   #pragma GCC diagnostic push
  96:Drivers/CMSIS/Include/cmsis_gcc.h ****   #pragma GCC diagnostic ignored "-Wpacked"
  97:Drivers/CMSIS/Include/cmsis_gcc.h ****   #pragma GCC diagnostic ignored "-Wattributes"
  98:Drivers/CMSIS/Include/cmsis_gcc.h ****   __PACKED_STRUCT T_UINT32_WRITE { uint32_t v; };
  99:Drivers/CMSIS/Include/cmsis_gcc.h ****   #pragma GCC diagnostic pop
 100:Drivers/CMSIS/Include/cmsis_gcc.h ****   #define __UNALIGNED_UINT32_WRITE(addr, val)    (void)((((struct T_UINT32_WRITE *)(void *)(addr))-
 101:Drivers/CMSIS/Include/cmsis_gcc.h **** #endif
 102:Drivers/CMSIS/Include/cmsis_gcc.h **** #ifndef   __UNALIGNED_UINT32_READ
 103:Drivers/CMSIS/Include/cmsis_gcc.h ****   #pragma GCC diagnostic push
 104:Drivers/CMSIS/Include/cmsis_gcc.h ****   #pragma GCC diagnostic ignored "-Wpacked"
 105:Drivers/CMSIS/Include/cmsis_gcc.h ****   #pragma GCC diagnostic ignored "-Wattributes"
 106:Drivers/CMSIS/Include/cmsis_gcc.h ****   __PACKED_STRUCT T_UINT32_READ { uint32_t v; };
 107:Drivers/CMSIS/Include/cmsis_gcc.h ****   #pragma GCC diagnostic pop
 108:Drivers/CMSIS/Include/cmsis_gcc.h ****   #define __UNALIGNED_UINT32_READ(addr)          (((const struct T_UINT32_READ *)(const void *)(add
 109:Drivers/CMSIS/Include/cmsis_gcc.h **** #endif
 110:Drivers/CMSIS/Include/cmsis_gcc.h **** #ifndef   __ALIGNED
 111:Drivers/CMSIS/Include/cmsis_gcc.h ****   #define __ALIGNED(x)                           __attribute__((aligned(x)))
 112:Drivers/CMSIS/Include/cmsis_gcc.h **** #endif
 113:Drivers/CMSIS/Include/cmsis_gcc.h **** #ifndef   __RESTRICT
 114:Drivers/CMSIS/Include/cmsis_gcc.h ****   #define __RESTRICT                             __restrict
 115:Drivers/CMSIS/Include/cmsis_gcc.h **** #endif
 116:Drivers/CMSIS/Include/cmsis_gcc.h **** 
 117:Drivers/CMSIS/Include/cmsis_gcc.h **** 
 118:Drivers/CMSIS/Include/cmsis_gcc.h **** /* ###########################  Core Function Access  ########################### */
 119:Drivers/CMSIS/Include/cmsis_gcc.h **** /** \ingroup  CMSIS_Core_FunctionInterface
 120:Drivers/CMSIS/Include/cmsis_gcc.h ****     \defgroup CMSIS_Core_RegAccFunctions CMSIS Core Register Access Functions
 121:Drivers/CMSIS/Include/cmsis_gcc.h ****   @{
 122:Drivers/CMSIS/Include/cmsis_gcc.h ****  */
 123:Drivers/CMSIS/Include/cmsis_gcc.h **** 
 124:Drivers/CMSIS/Include/cmsis_gcc.h **** /**
 125:Drivers/CMSIS/Include/cmsis_gcc.h ****   \brief   Enable IRQ Interrupts
 126:Drivers/CMSIS/Include/cmsis_gcc.h ****   \details Enables IRQ interrupts by clearing the I-bit in the CPSR.
 127:Drivers/CMSIS/Include/cmsis_gcc.h ****            Can only be executed in Privileged modes.
 128:Drivers/CMSIS/Include/cmsis_gcc.h ****  */
 129:Drivers/CMSIS/Include/cmsis_gcc.h **** __STATIC_FORCEINLINE void __enable_irq(void)
 130:Drivers/CMSIS/Include/cmsis_gcc.h **** {
 131:Drivers/CMSIS/Include/cmsis_gcc.h ****   __ASM volatile ("cpsie i" : : : "memory");
 132:Drivers/CMSIS/Include/cmsis_gcc.h **** }
 133:Drivers/CMSIS/Include/cmsis_gcc.h **** 
 134:Drivers/CMSIS/Include/cmsis_gcc.h **** 
ARM GAS  /var/folders/d7/pb3dkhys6j3db_qtp_8v34p80000gn/T//ccyA5zhx.s 			page 24


 135:Drivers/CMSIS/Include/cmsis_gcc.h **** /**
 136:Drivers/CMSIS/Include/cmsis_gcc.h ****   \brief   Disable IRQ Interrupts
 137:Drivers/CMSIS/Include/cmsis_gcc.h ****   \details Disables IRQ interrupts by setting the I-bit in the CPSR.
 138:Drivers/CMSIS/Include/cmsis_gcc.h ****            Can only be executed in Privileged modes.
 139:Drivers/CMSIS/Include/cmsis_gcc.h ****  */
 140:Drivers/CMSIS/Include/cmsis_gcc.h **** __STATIC_FORCEINLINE void __disable_irq(void)
 141:Drivers/CMSIS/Include/cmsis_gcc.h **** {
 142:Drivers/CMSIS/Include/cmsis_gcc.h ****   __ASM volatile ("cpsid i" : : : "memory");
 143:Drivers/CMSIS/Include/cmsis_gcc.h **** }
 144:Drivers/CMSIS/Include/cmsis_gcc.h **** 
 145:Drivers/CMSIS/Include/cmsis_gcc.h **** 
 146:Drivers/CMSIS/Include/cmsis_gcc.h **** /**
 147:Drivers/CMSIS/Include/cmsis_gcc.h ****   \brief   Get Control Register
 148:Drivers/CMSIS/Include/cmsis_gcc.h ****   \details Returns the content of the Control Register.
 149:Drivers/CMSIS/Include/cmsis_gcc.h ****   \return               Control Register value
 150:Drivers/CMSIS/Include/cmsis_gcc.h ****  */
 151:Drivers/CMSIS/Include/cmsis_gcc.h **** __STATIC_FORCEINLINE uint32_t __get_CONTROL(void)
 152:Drivers/CMSIS/Include/cmsis_gcc.h **** {
 153:Drivers/CMSIS/Include/cmsis_gcc.h ****   uint32_t result;
 154:Drivers/CMSIS/Include/cmsis_gcc.h **** 
 155:Drivers/CMSIS/Include/cmsis_gcc.h ****   __ASM volatile ("MRS %0, control" : "=r" (result) );
 156:Drivers/CMSIS/Include/cmsis_gcc.h ****   return(result);
 157:Drivers/CMSIS/Include/cmsis_gcc.h **** }
 158:Drivers/CMSIS/Include/cmsis_gcc.h **** 
 159:Drivers/CMSIS/Include/cmsis_gcc.h **** 
 160:Drivers/CMSIS/Include/cmsis_gcc.h **** #if (defined (__ARM_FEATURE_CMSE ) && (__ARM_FEATURE_CMSE == 3))
 161:Drivers/CMSIS/Include/cmsis_gcc.h **** /**
 162:Drivers/CMSIS/Include/cmsis_gcc.h ****   \brief   Get Control Register (non-secure)
 163:Drivers/CMSIS/Include/cmsis_gcc.h ****   \details Returns the content of the non-secure Control Register when in secure mode.
 164:Drivers/CMSIS/Include/cmsis_gcc.h ****   \return               non-secure Control Register value
 165:Drivers/CMSIS/Include/cmsis_gcc.h ****  */
 166:Drivers/CMSIS/Include/cmsis_gcc.h **** __STATIC_FORCEINLINE uint32_t __TZ_get_CONTROL_NS(void)
 167:Drivers/CMSIS/Include/cmsis_gcc.h **** {
 168:Drivers/CMSIS/Include/cmsis_gcc.h ****   uint32_t result;
 169:Drivers/CMSIS/Include/cmsis_gcc.h **** 
 170:Drivers/CMSIS/Include/cmsis_gcc.h ****   __ASM volatile ("MRS %0, control_ns" : "=r" (result) );
 171:Drivers/CMSIS/Include/cmsis_gcc.h ****   return(result);
 172:Drivers/CMSIS/Include/cmsis_gcc.h **** }
 173:Drivers/CMSIS/Include/cmsis_gcc.h **** #endif
 174:Drivers/CMSIS/Include/cmsis_gcc.h **** 
 175:Drivers/CMSIS/Include/cmsis_gcc.h **** 
 176:Drivers/CMSIS/Include/cmsis_gcc.h **** /**
 177:Drivers/CMSIS/Include/cmsis_gcc.h ****   \brief   Set Control Register
 178:Drivers/CMSIS/Include/cmsis_gcc.h ****   \details Writes the given value to the Control Register.
 179:Drivers/CMSIS/Include/cmsis_gcc.h ****   \param [in]    control  Control Register value to set
 180:Drivers/CMSIS/Include/cmsis_gcc.h ****  */
 181:Drivers/CMSIS/Include/cmsis_gcc.h **** __STATIC_FORCEINLINE void __set_CONTROL(uint32_t control)
 182:Drivers/CMSIS/Include/cmsis_gcc.h **** {
 183:Drivers/CMSIS/Include/cmsis_gcc.h ****   __ASM volatile ("MSR control, %0" : : "r" (control) : "memory");
 184:Drivers/CMSIS/Include/cmsis_gcc.h **** }
 185:Drivers/CMSIS/Include/cmsis_gcc.h **** 
 186:Drivers/CMSIS/Include/cmsis_gcc.h **** 
 187:Drivers/CMSIS/Include/cmsis_gcc.h **** #if (defined (__ARM_FEATURE_CMSE ) && (__ARM_FEATURE_CMSE == 3))
 188:Drivers/CMSIS/Include/cmsis_gcc.h **** /**
 189:Drivers/CMSIS/Include/cmsis_gcc.h ****   \brief   Set Control Register (non-secure)
 190:Drivers/CMSIS/Include/cmsis_gcc.h ****   \details Writes the given value to the non-secure Control Register when in secure state.
 191:Drivers/CMSIS/Include/cmsis_gcc.h ****   \param [in]    control  Control Register value to set
ARM GAS  /var/folders/d7/pb3dkhys6j3db_qtp_8v34p80000gn/T//ccyA5zhx.s 			page 25


 192:Drivers/CMSIS/Include/cmsis_gcc.h ****  */
 193:Drivers/CMSIS/Include/cmsis_gcc.h **** __STATIC_FORCEINLINE void __TZ_set_CONTROL_NS(uint32_t control)
 194:Drivers/CMSIS/Include/cmsis_gcc.h **** {
 195:Drivers/CMSIS/Include/cmsis_gcc.h ****   __ASM volatile ("MSR control_ns, %0" : : "r" (control) : "memory");
 196:Drivers/CMSIS/Include/cmsis_gcc.h **** }
 197:Drivers/CMSIS/Include/cmsis_gcc.h **** #endif
 198:Drivers/CMSIS/Include/cmsis_gcc.h **** 
 199:Drivers/CMSIS/Include/cmsis_gcc.h **** 
 200:Drivers/CMSIS/Include/cmsis_gcc.h **** /**
 201:Drivers/CMSIS/Include/cmsis_gcc.h ****   \brief   Get IPSR Register
 202:Drivers/CMSIS/Include/cmsis_gcc.h ****   \details Returns the content of the IPSR Register.
 203:Drivers/CMSIS/Include/cmsis_gcc.h ****   \return               IPSR Register value
 204:Drivers/CMSIS/Include/cmsis_gcc.h ****  */
 205:Drivers/CMSIS/Include/cmsis_gcc.h **** __STATIC_FORCEINLINE uint32_t __get_IPSR(void)
 206:Drivers/CMSIS/Include/cmsis_gcc.h **** {
 207:Drivers/CMSIS/Include/cmsis_gcc.h ****   uint32_t result;
 208:Drivers/CMSIS/Include/cmsis_gcc.h **** 
 209:Drivers/CMSIS/Include/cmsis_gcc.h ****   __ASM volatile ("MRS %0, ipsr" : "=r" (result) );
 210:Drivers/CMSIS/Include/cmsis_gcc.h ****   return(result);
 211:Drivers/CMSIS/Include/cmsis_gcc.h **** }
 212:Drivers/CMSIS/Include/cmsis_gcc.h **** 
 213:Drivers/CMSIS/Include/cmsis_gcc.h **** 
 214:Drivers/CMSIS/Include/cmsis_gcc.h **** /**
 215:Drivers/CMSIS/Include/cmsis_gcc.h ****   \brief   Get APSR Register
 216:Drivers/CMSIS/Include/cmsis_gcc.h ****   \details Returns the content of the APSR Register.
 217:Drivers/CMSIS/Include/cmsis_gcc.h ****   \return               APSR Register value
 218:Drivers/CMSIS/Include/cmsis_gcc.h ****  */
 219:Drivers/CMSIS/Include/cmsis_gcc.h **** __STATIC_FORCEINLINE uint32_t __get_APSR(void)
 220:Drivers/CMSIS/Include/cmsis_gcc.h **** {
 221:Drivers/CMSIS/Include/cmsis_gcc.h ****   uint32_t result;
 222:Drivers/CMSIS/Include/cmsis_gcc.h **** 
 223:Drivers/CMSIS/Include/cmsis_gcc.h ****   __ASM volatile ("MRS %0, apsr" : "=r" (result) );
 224:Drivers/CMSIS/Include/cmsis_gcc.h ****   return(result);
 225:Drivers/CMSIS/Include/cmsis_gcc.h **** }
 226:Drivers/CMSIS/Include/cmsis_gcc.h **** 
 227:Drivers/CMSIS/Include/cmsis_gcc.h **** 
 228:Drivers/CMSIS/Include/cmsis_gcc.h **** /**
 229:Drivers/CMSIS/Include/cmsis_gcc.h ****   \brief   Get xPSR Register
 230:Drivers/CMSIS/Include/cmsis_gcc.h ****   \details Returns the content of the xPSR Register.
 231:Drivers/CMSIS/Include/cmsis_gcc.h ****   \return               xPSR Register value
 232:Drivers/CMSIS/Include/cmsis_gcc.h ****  */
 233:Drivers/CMSIS/Include/cmsis_gcc.h **** __STATIC_FORCEINLINE uint32_t __get_xPSR(void)
 234:Drivers/CMSIS/Include/cmsis_gcc.h **** {
 235:Drivers/CMSIS/Include/cmsis_gcc.h ****   uint32_t result;
 236:Drivers/CMSIS/Include/cmsis_gcc.h **** 
 237:Drivers/CMSIS/Include/cmsis_gcc.h ****   __ASM volatile ("MRS %0, xpsr" : "=r" (result) );
 238:Drivers/CMSIS/Include/cmsis_gcc.h ****   return(result);
 239:Drivers/CMSIS/Include/cmsis_gcc.h **** }
 240:Drivers/CMSIS/Include/cmsis_gcc.h **** 
 241:Drivers/CMSIS/Include/cmsis_gcc.h **** 
 242:Drivers/CMSIS/Include/cmsis_gcc.h **** /**
 243:Drivers/CMSIS/Include/cmsis_gcc.h ****   \brief   Get Process Stack Pointer
 244:Drivers/CMSIS/Include/cmsis_gcc.h ****   \details Returns the current value of the Process Stack Pointer (PSP).
 245:Drivers/CMSIS/Include/cmsis_gcc.h ****   \return               PSP Register value
 246:Drivers/CMSIS/Include/cmsis_gcc.h ****  */
 247:Drivers/CMSIS/Include/cmsis_gcc.h **** __STATIC_FORCEINLINE uint32_t __get_PSP(void)
 248:Drivers/CMSIS/Include/cmsis_gcc.h **** {
ARM GAS  /var/folders/d7/pb3dkhys6j3db_qtp_8v34p80000gn/T//ccyA5zhx.s 			page 26


 249:Drivers/CMSIS/Include/cmsis_gcc.h ****   uint32_t result;
 250:Drivers/CMSIS/Include/cmsis_gcc.h **** 
 251:Drivers/CMSIS/Include/cmsis_gcc.h ****   __ASM volatile ("MRS %0, psp"  : "=r" (result) );
 252:Drivers/CMSIS/Include/cmsis_gcc.h ****   return(result);
 253:Drivers/CMSIS/Include/cmsis_gcc.h **** }
 254:Drivers/CMSIS/Include/cmsis_gcc.h **** 
 255:Drivers/CMSIS/Include/cmsis_gcc.h **** 
 256:Drivers/CMSIS/Include/cmsis_gcc.h **** #if (defined (__ARM_FEATURE_CMSE ) && (__ARM_FEATURE_CMSE == 3))
 257:Drivers/CMSIS/Include/cmsis_gcc.h **** /**
 258:Drivers/CMSIS/Include/cmsis_gcc.h ****   \brief   Get Process Stack Pointer (non-secure)
 259:Drivers/CMSIS/Include/cmsis_gcc.h ****   \details Returns the current value of the non-secure Process Stack Pointer (PSP) when in secure s
 260:Drivers/CMSIS/Include/cmsis_gcc.h ****   \return               PSP Register value
 261:Drivers/CMSIS/Include/cmsis_gcc.h ****  */
 262:Drivers/CMSIS/Include/cmsis_gcc.h **** __STATIC_FORCEINLINE uint32_t __TZ_get_PSP_NS(void)
 263:Drivers/CMSIS/Include/cmsis_gcc.h **** {
 264:Drivers/CMSIS/Include/cmsis_gcc.h ****   uint32_t result;
 265:Drivers/CMSIS/Include/cmsis_gcc.h **** 
 266:Drivers/CMSIS/Include/cmsis_gcc.h ****   __ASM volatile ("MRS %0, psp_ns"  : "=r" (result) );
 267:Drivers/CMSIS/Include/cmsis_gcc.h ****   return(result);
 268:Drivers/CMSIS/Include/cmsis_gcc.h **** }
 269:Drivers/CMSIS/Include/cmsis_gcc.h **** #endif
 270:Drivers/CMSIS/Include/cmsis_gcc.h **** 
 271:Drivers/CMSIS/Include/cmsis_gcc.h **** 
 272:Drivers/CMSIS/Include/cmsis_gcc.h **** /**
 273:Drivers/CMSIS/Include/cmsis_gcc.h ****   \brief   Set Process Stack Pointer
 274:Drivers/CMSIS/Include/cmsis_gcc.h ****   \details Assigns the given value to the Process Stack Pointer (PSP).
 275:Drivers/CMSIS/Include/cmsis_gcc.h ****   \param [in]    topOfProcStack  Process Stack Pointer value to set
 276:Drivers/CMSIS/Include/cmsis_gcc.h ****  */
 277:Drivers/CMSIS/Include/cmsis_gcc.h **** __STATIC_FORCEINLINE void __set_PSP(uint32_t topOfProcStack)
 278:Drivers/CMSIS/Include/cmsis_gcc.h **** {
 279:Drivers/CMSIS/Include/cmsis_gcc.h ****   __ASM volatile ("MSR psp, %0" : : "r" (topOfProcStack) : );
 280:Drivers/CMSIS/Include/cmsis_gcc.h **** }
 281:Drivers/CMSIS/Include/cmsis_gcc.h **** 
 282:Drivers/CMSIS/Include/cmsis_gcc.h **** 
 283:Drivers/CMSIS/Include/cmsis_gcc.h **** #if (defined (__ARM_FEATURE_CMSE ) && (__ARM_FEATURE_CMSE == 3))
 284:Drivers/CMSIS/Include/cmsis_gcc.h **** /**
 285:Drivers/CMSIS/Include/cmsis_gcc.h ****   \brief   Set Process Stack Pointer (non-secure)
 286:Drivers/CMSIS/Include/cmsis_gcc.h ****   \details Assigns the given value to the non-secure Process Stack Pointer (PSP) when in secure sta
 287:Drivers/CMSIS/Include/cmsis_gcc.h ****   \param [in]    topOfProcStack  Process Stack Pointer value to set
 288:Drivers/CMSIS/Include/cmsis_gcc.h ****  */
 289:Drivers/CMSIS/Include/cmsis_gcc.h **** __STATIC_FORCEINLINE void __TZ_set_PSP_NS(uint32_t topOfProcStack)
 290:Drivers/CMSIS/Include/cmsis_gcc.h **** {
 291:Drivers/CMSIS/Include/cmsis_gcc.h ****   __ASM volatile ("MSR psp_ns, %0" : : "r" (topOfProcStack) : );
 292:Drivers/CMSIS/Include/cmsis_gcc.h **** }
 293:Drivers/CMSIS/Include/cmsis_gcc.h **** #endif
 294:Drivers/CMSIS/Include/cmsis_gcc.h **** 
 295:Drivers/CMSIS/Include/cmsis_gcc.h **** 
 296:Drivers/CMSIS/Include/cmsis_gcc.h **** /**
 297:Drivers/CMSIS/Include/cmsis_gcc.h ****   \brief   Get Main Stack Pointer
 298:Drivers/CMSIS/Include/cmsis_gcc.h ****   \details Returns the current value of the Main Stack Pointer (MSP).
 299:Drivers/CMSIS/Include/cmsis_gcc.h ****   \return               MSP Register value
 300:Drivers/CMSIS/Include/cmsis_gcc.h ****  */
 301:Drivers/CMSIS/Include/cmsis_gcc.h **** __STATIC_FORCEINLINE uint32_t __get_MSP(void)
 302:Drivers/CMSIS/Include/cmsis_gcc.h **** {
 303:Drivers/CMSIS/Include/cmsis_gcc.h ****   uint32_t result;
 304:Drivers/CMSIS/Include/cmsis_gcc.h **** 
 305:Drivers/CMSIS/Include/cmsis_gcc.h ****   __ASM volatile ("MRS %0, msp" : "=r" (result) );
ARM GAS  /var/folders/d7/pb3dkhys6j3db_qtp_8v34p80000gn/T//ccyA5zhx.s 			page 27


 306:Drivers/CMSIS/Include/cmsis_gcc.h ****   return(result);
 307:Drivers/CMSIS/Include/cmsis_gcc.h **** }
 308:Drivers/CMSIS/Include/cmsis_gcc.h **** 
 309:Drivers/CMSIS/Include/cmsis_gcc.h **** 
 310:Drivers/CMSIS/Include/cmsis_gcc.h **** #if (defined (__ARM_FEATURE_CMSE ) && (__ARM_FEATURE_CMSE == 3))
 311:Drivers/CMSIS/Include/cmsis_gcc.h **** /**
 312:Drivers/CMSIS/Include/cmsis_gcc.h ****   \brief   Get Main Stack Pointer (non-secure)
 313:Drivers/CMSIS/Include/cmsis_gcc.h ****   \details Returns the current value of the non-secure Main Stack Pointer (MSP) when in secure stat
 314:Drivers/CMSIS/Include/cmsis_gcc.h ****   \return               MSP Register value
 315:Drivers/CMSIS/Include/cmsis_gcc.h ****  */
 316:Drivers/CMSIS/Include/cmsis_gcc.h **** __STATIC_FORCEINLINE uint32_t __TZ_get_MSP_NS(void)
 317:Drivers/CMSIS/Include/cmsis_gcc.h **** {
 318:Drivers/CMSIS/Include/cmsis_gcc.h ****   uint32_t result;
 319:Drivers/CMSIS/Include/cmsis_gcc.h **** 
 320:Drivers/CMSIS/Include/cmsis_gcc.h ****   __ASM volatile ("MRS %0, msp_ns" : "=r" (result) );
 321:Drivers/CMSIS/Include/cmsis_gcc.h ****   return(result);
 322:Drivers/CMSIS/Include/cmsis_gcc.h **** }
 323:Drivers/CMSIS/Include/cmsis_gcc.h **** #endif
 324:Drivers/CMSIS/Include/cmsis_gcc.h **** 
 325:Drivers/CMSIS/Include/cmsis_gcc.h **** 
 326:Drivers/CMSIS/Include/cmsis_gcc.h **** /**
 327:Drivers/CMSIS/Include/cmsis_gcc.h ****   \brief   Set Main Stack Pointer
 328:Drivers/CMSIS/Include/cmsis_gcc.h ****   \details Assigns the given value to the Main Stack Pointer (MSP).
 329:Drivers/CMSIS/Include/cmsis_gcc.h ****   \param [in]    topOfMainStack  Main Stack Pointer value to set
 330:Drivers/CMSIS/Include/cmsis_gcc.h ****  */
 331:Drivers/CMSIS/Include/cmsis_gcc.h **** __STATIC_FORCEINLINE void __set_MSP(uint32_t topOfMainStack)
 332:Drivers/CMSIS/Include/cmsis_gcc.h **** {
 333:Drivers/CMSIS/Include/cmsis_gcc.h ****   __ASM volatile ("MSR msp, %0" : : "r" (topOfMainStack) : );
 334:Drivers/CMSIS/Include/cmsis_gcc.h **** }
 335:Drivers/CMSIS/Include/cmsis_gcc.h **** 
 336:Drivers/CMSIS/Include/cmsis_gcc.h **** 
 337:Drivers/CMSIS/Include/cmsis_gcc.h **** #if (defined (__ARM_FEATURE_CMSE ) && (__ARM_FEATURE_CMSE == 3))
 338:Drivers/CMSIS/Include/cmsis_gcc.h **** /**
 339:Drivers/CMSIS/Include/cmsis_gcc.h ****   \brief   Set Main Stack Pointer (non-secure)
 340:Drivers/CMSIS/Include/cmsis_gcc.h ****   \details Assigns the given value to the non-secure Main Stack Pointer (MSP) when in secure state.
 341:Drivers/CMSIS/Include/cmsis_gcc.h ****   \param [in]    topOfMainStack  Main Stack Pointer value to set
 342:Drivers/CMSIS/Include/cmsis_gcc.h ****  */
 343:Drivers/CMSIS/Include/cmsis_gcc.h **** __STATIC_FORCEINLINE void __TZ_set_MSP_NS(uint32_t topOfMainStack)
 344:Drivers/CMSIS/Include/cmsis_gcc.h **** {
 345:Drivers/CMSIS/Include/cmsis_gcc.h ****   __ASM volatile ("MSR msp_ns, %0" : : "r" (topOfMainStack) : );
 346:Drivers/CMSIS/Include/cmsis_gcc.h **** }
 347:Drivers/CMSIS/Include/cmsis_gcc.h **** #endif
 348:Drivers/CMSIS/Include/cmsis_gcc.h **** 
 349:Drivers/CMSIS/Include/cmsis_gcc.h **** 
 350:Drivers/CMSIS/Include/cmsis_gcc.h **** #if (defined (__ARM_FEATURE_CMSE ) && (__ARM_FEATURE_CMSE == 3))
 351:Drivers/CMSIS/Include/cmsis_gcc.h **** /**
 352:Drivers/CMSIS/Include/cmsis_gcc.h ****   \brief   Get Stack Pointer (non-secure)
 353:Drivers/CMSIS/Include/cmsis_gcc.h ****   \details Returns the current value of the non-secure Stack Pointer (SP) when in secure state.
 354:Drivers/CMSIS/Include/cmsis_gcc.h ****   \return               SP Register value
 355:Drivers/CMSIS/Include/cmsis_gcc.h ****  */
 356:Drivers/CMSIS/Include/cmsis_gcc.h **** __STATIC_FORCEINLINE uint32_t __TZ_get_SP_NS(void)
 357:Drivers/CMSIS/Include/cmsis_gcc.h **** {
 358:Drivers/CMSIS/Include/cmsis_gcc.h ****   uint32_t result;
 359:Drivers/CMSIS/Include/cmsis_gcc.h **** 
 360:Drivers/CMSIS/Include/cmsis_gcc.h ****   __ASM volatile ("MRS %0, sp_ns" : "=r" (result) );
 361:Drivers/CMSIS/Include/cmsis_gcc.h ****   return(result);
 362:Drivers/CMSIS/Include/cmsis_gcc.h **** }
ARM GAS  /var/folders/d7/pb3dkhys6j3db_qtp_8v34p80000gn/T//ccyA5zhx.s 			page 28


 363:Drivers/CMSIS/Include/cmsis_gcc.h **** 
 364:Drivers/CMSIS/Include/cmsis_gcc.h **** 
 365:Drivers/CMSIS/Include/cmsis_gcc.h **** /**
 366:Drivers/CMSIS/Include/cmsis_gcc.h ****   \brief   Set Stack Pointer (non-secure)
 367:Drivers/CMSIS/Include/cmsis_gcc.h ****   \details Assigns the given value to the non-secure Stack Pointer (SP) when in secure state.
 368:Drivers/CMSIS/Include/cmsis_gcc.h ****   \param [in]    topOfStack  Stack Pointer value to set
 369:Drivers/CMSIS/Include/cmsis_gcc.h ****  */
 370:Drivers/CMSIS/Include/cmsis_gcc.h **** __STATIC_FORCEINLINE void __TZ_set_SP_NS(uint32_t topOfStack)
 371:Drivers/CMSIS/Include/cmsis_gcc.h **** {
 372:Drivers/CMSIS/Include/cmsis_gcc.h ****   __ASM volatile ("MSR sp_ns, %0" : : "r" (topOfStack) : );
 373:Drivers/CMSIS/Include/cmsis_gcc.h **** }
 374:Drivers/CMSIS/Include/cmsis_gcc.h **** #endif
 375:Drivers/CMSIS/Include/cmsis_gcc.h **** 
 376:Drivers/CMSIS/Include/cmsis_gcc.h **** 
 377:Drivers/CMSIS/Include/cmsis_gcc.h **** /**
 378:Drivers/CMSIS/Include/cmsis_gcc.h ****   \brief   Get Priority Mask
 379:Drivers/CMSIS/Include/cmsis_gcc.h ****   \details Returns the current state of the priority mask bit from the Priority Mask Register.
 380:Drivers/CMSIS/Include/cmsis_gcc.h ****   \return               Priority Mask value
 381:Drivers/CMSIS/Include/cmsis_gcc.h ****  */
 382:Drivers/CMSIS/Include/cmsis_gcc.h **** __STATIC_FORCEINLINE uint32_t __get_PRIMASK(void)
 284              		.loc 2 382 31 view .LVU60
 285              	.LBB46:
 383:Drivers/CMSIS/Include/cmsis_gcc.h **** {
 384:Drivers/CMSIS/Include/cmsis_gcc.h ****   uint32_t result;
 286              		.loc 2 384 3 view .LVU61
 385:Drivers/CMSIS/Include/cmsis_gcc.h **** 
 386:Drivers/CMSIS/Include/cmsis_gcc.h ****   __ASM volatile ("MRS %0, primask" : "=r" (result) :: "memory");
 287              		.loc 2 386 3 view .LVU62
 288              		.syntax divided
 289              	@ 386 "Drivers/CMSIS/Include/cmsis_gcc.h" 1
 290 0010 EFF3108C 		MRS ip, primask
 291              	@ 0 "" 2
 292              	.LVL19:
 387:Drivers/CMSIS/Include/cmsis_gcc.h ****   return(result);
 293              		.loc 2 387 3 view .LVU63
 294              		.loc 2 387 3 is_stmt 0 view .LVU64
 295              		.thumb
 296              		.syntax unified
 297              	.LBE46:
 298              	.LBE45:
 337:Drivers/STM32L0xx_HAL_Driver/Src/stm32l0xx_hal_uart_ex.c **** 
 299              		.loc 1 337 3 is_stmt 1 discriminator 1 view .LVU65
 300              	.LBB47:
 301              	.LBI47:
 388:Drivers/CMSIS/Include/cmsis_gcc.h **** }
 389:Drivers/CMSIS/Include/cmsis_gcc.h **** 
 390:Drivers/CMSIS/Include/cmsis_gcc.h **** 
 391:Drivers/CMSIS/Include/cmsis_gcc.h **** #if (defined (__ARM_FEATURE_CMSE ) && (__ARM_FEATURE_CMSE == 3))
 392:Drivers/CMSIS/Include/cmsis_gcc.h **** /**
 393:Drivers/CMSIS/Include/cmsis_gcc.h ****   \brief   Get Priority Mask (non-secure)
 394:Drivers/CMSIS/Include/cmsis_gcc.h ****   \details Returns the current state of the non-secure priority mask bit from the Priority Mask Reg
 395:Drivers/CMSIS/Include/cmsis_gcc.h ****   \return               Priority Mask value
 396:Drivers/CMSIS/Include/cmsis_gcc.h ****  */
 397:Drivers/CMSIS/Include/cmsis_gcc.h **** __STATIC_FORCEINLINE uint32_t __TZ_get_PRIMASK_NS(void)
 398:Drivers/CMSIS/Include/cmsis_gcc.h **** {
 399:Drivers/CMSIS/Include/cmsis_gcc.h ****   uint32_t result;
 400:Drivers/CMSIS/Include/cmsis_gcc.h **** 
ARM GAS  /var/folders/d7/pb3dkhys6j3db_qtp_8v34p80000gn/T//ccyA5zhx.s 			page 29


 401:Drivers/CMSIS/Include/cmsis_gcc.h ****   __ASM volatile ("MRS %0, primask_ns" : "=r" (result) :: "memory");
 402:Drivers/CMSIS/Include/cmsis_gcc.h ****   return(result);
 403:Drivers/CMSIS/Include/cmsis_gcc.h **** }
 404:Drivers/CMSIS/Include/cmsis_gcc.h **** #endif
 405:Drivers/CMSIS/Include/cmsis_gcc.h **** 
 406:Drivers/CMSIS/Include/cmsis_gcc.h **** 
 407:Drivers/CMSIS/Include/cmsis_gcc.h **** /**
 408:Drivers/CMSIS/Include/cmsis_gcc.h ****   \brief   Set Priority Mask
 409:Drivers/CMSIS/Include/cmsis_gcc.h ****   \details Assigns the given value to the Priority Mask Register.
 410:Drivers/CMSIS/Include/cmsis_gcc.h ****   \param [in]    priMask  Priority Mask
 411:Drivers/CMSIS/Include/cmsis_gcc.h ****  */
 412:Drivers/CMSIS/Include/cmsis_gcc.h **** __STATIC_FORCEINLINE void __set_PRIMASK(uint32_t priMask)
 302              		.loc 2 412 27 view .LVU66
 303              	.LBB48:
 413:Drivers/CMSIS/Include/cmsis_gcc.h **** {
 414:Drivers/CMSIS/Include/cmsis_gcc.h ****   __ASM volatile ("MSR primask, %0" : : "r" (priMask) : "memory");
 304              		.loc 2 414 3 view .LVU67
 305              		.syntax divided
 306              	@ 414 "Drivers/CMSIS/Include/cmsis_gcc.h" 1
 307 0014 83F31088 		MSR primask, r3
 308              	@ 0 "" 2
 309              	.LVL20:
 310              		.loc 2 414 3 is_stmt 0 view .LVU68
 311              		.thumb
 312              		.syntax unified
 313              	.LBE48:
 314              	.LBE47:
 337:Drivers/STM32L0xx_HAL_Driver/Src/stm32l0xx_hal_uart_ex.c **** 
 315              		.loc 1 337 3 is_stmt 1 discriminator 2 view .LVU69
 316 0018 0168     		ldr	r1, [r0]
 317 001a 8C68     		ldr	r4, [r1, #8]
 318 001c 8023     		movs	r3, #128
 319 001e 1B04     		lsls	r3, r3, #16
 320 0020 2343     		orrs	r3, r4
 321 0022 8B60     		str	r3, [r1, #8]
 337:Drivers/STM32L0xx_HAL_Driver/Src/stm32l0xx_hal_uart_ex.c **** 
 322              		.loc 1 337 3 discriminator 2 view .LVU70
 323              	.LVL21:
 324              	.LBB49:
 325              	.LBI49:
 412:Drivers/CMSIS/Include/cmsis_gcc.h **** {
 326              		.loc 2 412 27 view .LVU71
 327              	.LBB50:
 328              		.loc 2 414 3 view .LVU72
 329              		.syntax divided
 330              	@ 414 "Drivers/CMSIS/Include/cmsis_gcc.h" 1
 331 0024 8CF31088 		MSR primask, ip
 332              	@ 0 "" 2
 333              	.LVL22:
 334              		.loc 2 414 3 is_stmt 0 view .LVU73
 335              		.thumb
 336              		.syntax unified
 337              	.LBE50:
 338              	.LBE49:
 339              	.LBE44:
 337:Drivers/STM32L0xx_HAL_Driver/Src/stm32l0xx_hal_uart_ex.c **** 
 340              		.loc 1 337 3 is_stmt 1 discriminator 3 view .LVU74
ARM GAS  /var/folders/d7/pb3dkhys6j3db_qtp_8v34p80000gn/T//ccyA5zhx.s 			page 30


 340:Drivers/STM32L0xx_HAL_Driver/Src/stm32l0xx_hal_uart_ex.c **** 
 341              		.loc 1 340 3 view .LVU75
 340:Drivers/STM32L0xx_HAL_Driver/Src/stm32l0xx_hal_uart_ex.c **** 
 342              		.loc 1 340 3 view .LVU76
 343 0028 0023     		movs	r3, #0
 344 002a 8354     		strb	r3, [r0, r2]
 340:Drivers/STM32L0xx_HAL_Driver/Src/stm32l0xx_hal_uart_ex.c **** 
 345              		.loc 1 340 3 view .LVU77
 342:Drivers/STM32L0xx_HAL_Driver/Src/stm32l0xx_hal_uart_ex.c **** }
 346              		.loc 1 342 3 view .LVU78
 342:Drivers/STM32L0xx_HAL_Driver/Src/stm32l0xx_hal_uart_ex.c **** }
 347              		.loc 1 342 10 is_stmt 0 view .LVU79
 348 002c 0020     		movs	r0, #0
 349              	.LVL23:
 350              	.L13:
 343:Drivers/STM32L0xx_HAL_Driver/Src/stm32l0xx_hal_uart_ex.c **** 
 351              		.loc 1 343 1 view .LVU80
 352              		@ sp needed
 353 002e 10BD     		pop	{r4, pc}
 354              	.LVL24:
 355              	.L14:
 334:Drivers/STM32L0xx_HAL_Driver/Src/stm32l0xx_hal_uart_ex.c **** 
 356              		.loc 1 334 3 discriminator 1 view .LVU81
 357 0030 0220     		movs	r0, #2
 358              	.LVL25:
 334:Drivers/STM32L0xx_HAL_Driver/Src/stm32l0xx_hal_uart_ex.c **** 
 359              		.loc 1 334 3 discriminator 1 view .LVU82
 360 0032 FCE7     		b	.L13
 361              		.cfi_endproc
 362              	.LFE49:
 364              		.section	.text.HAL_UARTEx_DisableClockStopMode,"ax",%progbits
 365              		.align	1
 366              		.global	HAL_UARTEx_DisableClockStopMode
 367              		.syntax unified
 368              		.code	16
 369              		.thumb_func
 371              	HAL_UARTEx_DisableClockStopMode:
 372              	.LVL26:
 373              	.LFB50:
 351:Drivers/STM32L0xx_HAL_Driver/Src/stm32l0xx_hal_uart_ex.c ****   /* Process Locked */
 374              		.loc 1 351 1 is_stmt 1 view -0
 375              		.cfi_startproc
 376              		@ args = 0, pretend = 0, frame = 0
 377              		@ frame_needed = 0, uses_anonymous_args = 0
 351:Drivers/STM32L0xx_HAL_Driver/Src/stm32l0xx_hal_uart_ex.c ****   /* Process Locked */
 378              		.loc 1 351 1 is_stmt 0 view .LVU84
 379 0000 10B5     		push	{r4, lr}
 380              	.LCFI4:
 381              		.cfi_def_cfa_offset 8
 382              		.cfi_offset 4, -8
 383              		.cfi_offset 14, -4
 353:Drivers/STM32L0xx_HAL_Driver/Src/stm32l0xx_hal_uart_ex.c **** 
 384              		.loc 1 353 3 is_stmt 1 view .LVU85
 353:Drivers/STM32L0xx_HAL_Driver/Src/stm32l0xx_hal_uart_ex.c **** 
 385              		.loc 1 353 3 view .LVU86
 386 0002 7823     		movs	r3, #120
 387 0004 C35C     		ldrb	r3, [r0, r3]
ARM GAS  /var/folders/d7/pb3dkhys6j3db_qtp_8v34p80000gn/T//ccyA5zhx.s 			page 31


 388 0006 012B     		cmp	r3, #1
 389 0008 11D0     		beq	.L17
 353:Drivers/STM32L0xx_HAL_Driver/Src/stm32l0xx_hal_uart_ex.c **** 
 390              		.loc 1 353 3 discriminator 2 view .LVU87
 391 000a 7822     		movs	r2, #120
 392 000c 0123     		movs	r3, #1
 393 000e 8354     		strb	r3, [r0, r2]
 353:Drivers/STM32L0xx_HAL_Driver/Src/stm32l0xx_hal_uart_ex.c **** 
 394              		.loc 1 353 3 view .LVU88
 356:Drivers/STM32L0xx_HAL_Driver/Src/stm32l0xx_hal_uart_ex.c **** 
 395              		.loc 1 356 3 view .LVU89
 396              	.LBB51:
 356:Drivers/STM32L0xx_HAL_Driver/Src/stm32l0xx_hal_uart_ex.c **** 
 397              		.loc 1 356 3 view .LVU90
 356:Drivers/STM32L0xx_HAL_Driver/Src/stm32l0xx_hal_uart_ex.c **** 
 398              		.loc 1 356 3 view .LVU91
 399              	.LBB52:
 400              	.LBI52:
 382:Drivers/CMSIS/Include/cmsis_gcc.h **** {
 401              		.loc 2 382 31 view .LVU92
 402              	.LBB53:
 384:Drivers/CMSIS/Include/cmsis_gcc.h **** 
 403              		.loc 2 384 3 view .LVU93
 386:Drivers/CMSIS/Include/cmsis_gcc.h ****   return(result);
 404              		.loc 2 386 3 view .LVU94
 405              		.syntax divided
 406              	@ 386 "Drivers/CMSIS/Include/cmsis_gcc.h" 1
 407 0010 EFF3108C 		MRS ip, primask
 408              	@ 0 "" 2
 409              	.LVL27:
 387:Drivers/CMSIS/Include/cmsis_gcc.h **** }
 410              		.loc 2 387 3 view .LVU95
 387:Drivers/CMSIS/Include/cmsis_gcc.h **** }
 411              		.loc 2 387 3 is_stmt 0 view .LVU96
 412              		.thumb
 413              		.syntax unified
 414              	.LBE53:
 415              	.LBE52:
 356:Drivers/STM32L0xx_HAL_Driver/Src/stm32l0xx_hal_uart_ex.c **** 
 416              		.loc 1 356 3 is_stmt 1 discriminator 1 view .LVU97
 417              	.LBB54:
 418              	.LBI54:
 412:Drivers/CMSIS/Include/cmsis_gcc.h **** {
 419              		.loc 2 412 27 view .LVU98
 420              	.LBB55:
 421              		.loc 2 414 3 view .LVU99
 422              		.syntax divided
 423              	@ 414 "Drivers/CMSIS/Include/cmsis_gcc.h" 1
 424 0014 83F31088 		MSR primask, r3
 425              	@ 0 "" 2
 426              	.LVL28:
 427              		.loc 2 414 3 is_stmt 0 view .LVU100
 428              		.thumb
 429              		.syntax unified
 430              	.LBE55:
 431              	.LBE54:
 356:Drivers/STM32L0xx_HAL_Driver/Src/stm32l0xx_hal_uart_ex.c **** 
ARM GAS  /var/folders/d7/pb3dkhys6j3db_qtp_8v34p80000gn/T//ccyA5zhx.s 			page 32


 432              		.loc 1 356 3 is_stmt 1 discriminator 2 view .LVU101
 433 0018 0168     		ldr	r1, [r0]
 434 001a 8B68     		ldr	r3, [r1, #8]
 435 001c 054C     		ldr	r4, .L18
 436 001e 2340     		ands	r3, r4
 437 0020 8B60     		str	r3, [r1, #8]
 356:Drivers/STM32L0xx_HAL_Driver/Src/stm32l0xx_hal_uart_ex.c **** 
 438              		.loc 1 356 3 discriminator 2 view .LVU102
 439              	.LVL29:
 440              	.LBB56:
 441              	.LBI56:
 412:Drivers/CMSIS/Include/cmsis_gcc.h **** {
 442              		.loc 2 412 27 view .LVU103
 443              	.LBB57:
 444              		.loc 2 414 3 view .LVU104
 445              		.syntax divided
 446              	@ 414 "Drivers/CMSIS/Include/cmsis_gcc.h" 1
 447 0022 8CF31088 		MSR primask, ip
 448              	@ 0 "" 2
 449              	.LVL30:
 450              		.loc 2 414 3 is_stmt 0 view .LVU105
 451              		.thumb
 452              		.syntax unified
 453              	.LBE57:
 454              	.LBE56:
 455              	.LBE51:
 356:Drivers/STM32L0xx_HAL_Driver/Src/stm32l0xx_hal_uart_ex.c **** 
 456              		.loc 1 356 3 is_stmt 1 discriminator 3 view .LVU106
 359:Drivers/STM32L0xx_HAL_Driver/Src/stm32l0xx_hal_uart_ex.c **** 
 457              		.loc 1 359 3 view .LVU107
 359:Drivers/STM32L0xx_HAL_Driver/Src/stm32l0xx_hal_uart_ex.c **** 
 458              		.loc 1 359 3 view .LVU108
 459 0026 0023     		movs	r3, #0
 460 0028 8354     		strb	r3, [r0, r2]
 359:Drivers/STM32L0xx_HAL_Driver/Src/stm32l0xx_hal_uart_ex.c **** 
 461              		.loc 1 359 3 view .LVU109
 361:Drivers/STM32L0xx_HAL_Driver/Src/stm32l0xx_hal_uart_ex.c **** }
 462              		.loc 1 361 3 view .LVU110
 361:Drivers/STM32L0xx_HAL_Driver/Src/stm32l0xx_hal_uart_ex.c **** }
 463              		.loc 1 361 10 is_stmt 0 view .LVU111
 464 002a 0020     		movs	r0, #0
 465              	.LVL31:
 466              	.L16:
 362:Drivers/STM32L0xx_HAL_Driver/Src/stm32l0xx_hal_uart_ex.c **** 
 467              		.loc 1 362 1 view .LVU112
 468              		@ sp needed
 469 002c 10BD     		pop	{r4, pc}
 470              	.LVL32:
 471              	.L17:
 353:Drivers/STM32L0xx_HAL_Driver/Src/stm32l0xx_hal_uart_ex.c **** 
 472              		.loc 1 353 3 discriminator 1 view .LVU113
 473 002e 0220     		movs	r0, #2
 474              	.LVL33:
 353:Drivers/STM32L0xx_HAL_Driver/Src/stm32l0xx_hal_uart_ex.c **** 
 475              		.loc 1 353 3 discriminator 1 view .LVU114
 476 0030 FCE7     		b	.L16
 477              	.L19:
ARM GAS  /var/folders/d7/pb3dkhys6j3db_qtp_8v34p80000gn/T//ccyA5zhx.s 			page 33


 478 0032 C046     		.align	2
 479              	.L18:
 480 0034 FFFF7FFF 		.word	-8388609
 481              		.cfi_endproc
 482              	.LFE50:
 484              		.section	.text.HAL_MultiProcessorEx_AddressLength_Set,"ax",%progbits
 485              		.align	1
 486              		.global	HAL_MultiProcessorEx_AddressLength_Set
 487              		.syntax unified
 488              		.code	16
 489              		.thumb_func
 491              	HAL_MultiProcessorEx_AddressLength_Set:
 492              	.LVL34:
 493              	.LFB51:
 378:Drivers/STM32L0xx_HAL_Driver/Src/stm32l0xx_hal_uart_ex.c ****   /* Check the UART handle allocation */
 494              		.loc 1 378 1 is_stmt 1 view -0
 495              		.cfi_startproc
 496              		@ args = 0, pretend = 0, frame = 0
 497              		@ frame_needed = 0, uses_anonymous_args = 0
 378:Drivers/STM32L0xx_HAL_Driver/Src/stm32l0xx_hal_uart_ex.c ****   /* Check the UART handle allocation */
 498              		.loc 1 378 1 is_stmt 0 view .LVU116
 499 0000 70B5     		push	{r4, r5, r6, lr}
 500              	.LCFI5:
 501              		.cfi_def_cfa_offset 16
 502              		.cfi_offset 4, -16
 503              		.cfi_offset 5, -12
 504              		.cfi_offset 6, -8
 505              		.cfi_offset 14, -4
 506 0002 0B00     		movs	r3, r1
 380:Drivers/STM32L0xx_HAL_Driver/Src/stm32l0xx_hal_uart_ex.c ****   {
 507              		.loc 1 380 3 is_stmt 1 view .LVU117
 380:Drivers/STM32L0xx_HAL_Driver/Src/stm32l0xx_hal_uart_ex.c ****   {
 508              		.loc 1 380 6 is_stmt 0 view .LVU118
 509 0004 0028     		cmp	r0, #0
 510 0006 13D0     		beq	.L22
 386:Drivers/STM32L0xx_HAL_Driver/Src/stm32l0xx_hal_uart_ex.c **** 
 511              		.loc 1 386 3 is_stmt 1 view .LVU119
 388:Drivers/STM32L0xx_HAL_Driver/Src/stm32l0xx_hal_uart_ex.c **** 
 512              		.loc 1 388 3 view .LVU120
 388:Drivers/STM32L0xx_HAL_Driver/Src/stm32l0xx_hal_uart_ex.c **** 
 513              		.loc 1 388 17 is_stmt 0 view .LVU121
 514 0008 2422     		movs	r2, #36
 515 000a C267     		str	r2, [r0, #124]
 391:Drivers/STM32L0xx_HAL_Driver/Src/stm32l0xx_hal_uart_ex.c **** 
 516              		.loc 1 391 3 is_stmt 1 view .LVU122
 517 000c 0168     		ldr	r1, [r0]
 518              	.LVL35:
 391:Drivers/STM32L0xx_HAL_Driver/Src/stm32l0xx_hal_uart_ex.c **** 
 519              		.loc 1 391 3 is_stmt 0 view .LVU123
 520 000e 0A68     		ldr	r2, [r1]
 521 0010 0124     		movs	r4, #1
 522 0012 A243     		bics	r2, r4
 523 0014 0A60     		str	r2, [r1]
 394:Drivers/STM32L0xx_HAL_Driver/Src/stm32l0xx_hal_uart_ex.c **** 
 524              		.loc 1 394 3 is_stmt 1 view .LVU124
 525 0016 0268     		ldr	r2, [r0]
 526 0018 5168     		ldr	r1, [r2, #4]
ARM GAS  /var/folders/d7/pb3dkhys6j3db_qtp_8v34p80000gn/T//ccyA5zhx.s 			page 34


 527 001a 1025     		movs	r5, #16
 528 001c A943     		bics	r1, r5
 529 001e 1943     		orrs	r1, r3
 530 0020 5160     		str	r1, [r2, #4]
 397:Drivers/STM32L0xx_HAL_Driver/Src/stm32l0xx_hal_uart_ex.c **** 
 531              		.loc 1 397 3 view .LVU125
 532 0022 0268     		ldr	r2, [r0]
 533 0024 1368     		ldr	r3, [r2]
 534              	.LVL36:
 397:Drivers/STM32L0xx_HAL_Driver/Src/stm32l0xx_hal_uart_ex.c **** 
 535              		.loc 1 397 3 is_stmt 0 view .LVU126
 536 0026 2343     		orrs	r3, r4
 537 0028 1360     		str	r3, [r2]
 400:Drivers/STM32L0xx_HAL_Driver/Src/stm32l0xx_hal_uart_ex.c **** }
 538              		.loc 1 400 3 is_stmt 1 view .LVU127
 400:Drivers/STM32L0xx_HAL_Driver/Src/stm32l0xx_hal_uart_ex.c **** }
 539              		.loc 1 400 11 is_stmt 0 view .LVU128
 540 002a FFF7FEFF 		bl	UART_CheckIdleState
 541              	.LVL37:
 542              	.L21:
 401:Drivers/STM32L0xx_HAL_Driver/Src/stm32l0xx_hal_uart_ex.c **** 
 543              		.loc 1 401 1 view .LVU129
 544              		@ sp needed
 545 002e 70BD     		pop	{r4, r5, r6, pc}
 546              	.LVL38:
 547              	.L22:
 382:Drivers/STM32L0xx_HAL_Driver/Src/stm32l0xx_hal_uart_ex.c ****   }
 548              		.loc 1 382 12 view .LVU130
 549 0030 0120     		movs	r0, #1
 550              	.LVL39:
 382:Drivers/STM32L0xx_HAL_Driver/Src/stm32l0xx_hal_uart_ex.c ****   }
 551              		.loc 1 382 12 view .LVU131
 552 0032 FCE7     		b	.L21
 553              		.cfi_endproc
 554              	.LFE51:
 556              		.section	.text.HAL_UARTEx_StopModeWakeUpSourceConfig,"ax",%progbits
 557              		.align	1
 558              		.global	HAL_UARTEx_StopModeWakeUpSourceConfig
 559              		.syntax unified
 560              		.code	16
 561              		.thumb_func
 563              	HAL_UARTEx_StopModeWakeUpSourceConfig:
 564              	.LVL40:
 565              	.LFB52:
 416:Drivers/STM32L0xx_HAL_Driver/Src/stm32l0xx_hal_uart_ex.c ****   HAL_StatusTypeDef status = HAL_OK;
 566              		.loc 1 416 1 is_stmt 1 view -0
 567              		.cfi_startproc
 568              		@ args = 0, pretend = 0, frame = 8
 569              		@ frame_needed = 0, uses_anonymous_args = 0
 416:Drivers/STM32L0xx_HAL_Driver/Src/stm32l0xx_hal_uart_ex.c ****   HAL_StatusTypeDef status = HAL_OK;
 570              		.loc 1 416 1 is_stmt 0 view .LVU133
 571 0000 10B5     		push	{r4, lr}
 572              	.LCFI6:
 573              		.cfi_def_cfa_offset 8
 574              		.cfi_offset 4, -8
 575              		.cfi_offset 14, -4
 576 0002 84B0     		sub	sp, sp, #16
ARM GAS  /var/folders/d7/pb3dkhys6j3db_qtp_8v34p80000gn/T//ccyA5zhx.s 			page 35


 577              	.LCFI7:
 578              		.cfi_def_cfa_offset 24
 579 0004 0400     		movs	r4, r0
 580 0006 0291     		str	r1, [sp, #8]
 581 0008 0392     		str	r2, [sp, #12]
 417:Drivers/STM32L0xx_HAL_Driver/Src/stm32l0xx_hal_uart_ex.c ****   uint32_t tickstart;
 582              		.loc 1 417 3 is_stmt 1 view .LVU134
 583              	.LVL41:
 418:Drivers/STM32L0xx_HAL_Driver/Src/stm32l0xx_hal_uart_ex.c **** 
 584              		.loc 1 418 3 view .LVU135
 421:Drivers/STM32L0xx_HAL_Driver/Src/stm32l0xx_hal_uart_ex.c ****   /* check the wake-up selection parameter */
 585              		.loc 1 421 3 view .LVU136
 423:Drivers/STM32L0xx_HAL_Driver/Src/stm32l0xx_hal_uart_ex.c **** 
 586              		.loc 1 423 3 view .LVU137
 426:Drivers/STM32L0xx_HAL_Driver/Src/stm32l0xx_hal_uart_ex.c **** 
 587              		.loc 1 426 3 view .LVU138
 426:Drivers/STM32L0xx_HAL_Driver/Src/stm32l0xx_hal_uart_ex.c **** 
 588              		.loc 1 426 3 view .LVU139
 589 000a 7823     		movs	r3, #120
 590 000c C35C     		ldrb	r3, [r0, r3]
 591 000e 012B     		cmp	r3, #1
 592 0010 31D0     		beq	.L27
 426:Drivers/STM32L0xx_HAL_Driver/Src/stm32l0xx_hal_uart_ex.c **** 
 593              		.loc 1 426 3 discriminator 2 view .LVU140
 594 0012 0121     		movs	r1, #1
 595 0014 7823     		movs	r3, #120
 596 0016 C154     		strb	r1, [r0, r3]
 426:Drivers/STM32L0xx_HAL_Driver/Src/stm32l0xx_hal_uart_ex.c **** 
 597              		.loc 1 426 3 view .LVU141
 428:Drivers/STM32L0xx_HAL_Driver/Src/stm32l0xx_hal_uart_ex.c **** 
 598              		.loc 1 428 3 view .LVU142
 428:Drivers/STM32L0xx_HAL_Driver/Src/stm32l0xx_hal_uart_ex.c **** 
 599              		.loc 1 428 17 is_stmt 0 view .LVU143
 600 0018 543B     		subs	r3, r3, #84
 601 001a C367     		str	r3, [r0, #124]
 431:Drivers/STM32L0xx_HAL_Driver/Src/stm32l0xx_hal_uart_ex.c **** 
 602              		.loc 1 431 3 is_stmt 1 view .LVU144
 603 001c 0268     		ldr	r2, [r0]
 604 001e 1368     		ldr	r3, [r2]
 605 0020 8B43     		bics	r3, r1
 606 0022 1360     		str	r3, [r2]
 434:Drivers/STM32L0xx_HAL_Driver/Src/stm32l0xx_hal_uart_ex.c **** 
 607              		.loc 1 434 3 view .LVU145
 608 0024 0168     		ldr	r1, [r0]
 609 0026 8B68     		ldr	r3, [r1, #8]
 610 0028 144A     		ldr	r2, .L30
 611 002a 1340     		ands	r3, r2
 612 002c 029A     		ldr	r2, [sp, #8]
 613 002e 1343     		orrs	r3, r2
 614 0030 8B60     		str	r3, [r1, #8]
 436:Drivers/STM32L0xx_HAL_Driver/Src/stm32l0xx_hal_uart_ex.c ****   {
 615              		.loc 1 436 3 view .LVU146
 436:Drivers/STM32L0xx_HAL_Driver/Src/stm32l0xx_hal_uart_ex.c ****   {
 616              		.loc 1 436 6 is_stmt 0 view .LVU147
 617 0032 002A     		cmp	r2, #0
 618 0034 18D0     		beq	.L29
 619              	.LVL42:
ARM GAS  /var/folders/d7/pb3dkhys6j3db_qtp_8v34p80000gn/T//ccyA5zhx.s 			page 36


 620              	.L25:
 442:Drivers/STM32L0xx_HAL_Driver/Src/stm32l0xx_hal_uart_ex.c **** 
 621              		.loc 1 442 3 is_stmt 1 view .LVU148
 622 0036 2268     		ldr	r2, [r4]
 623 0038 1368     		ldr	r3, [r2]
 624 003a 0121     		movs	r1, #1
 625 003c 0B43     		orrs	r3, r1
 626 003e 1360     		str	r3, [r2]
 445:Drivers/STM32L0xx_HAL_Driver/Src/stm32l0xx_hal_uart_ex.c **** 
 627              		.loc 1 445 3 view .LVU149
 445:Drivers/STM32L0xx_HAL_Driver/Src/stm32l0xx_hal_uart_ex.c **** 
 628              		.loc 1 445 15 is_stmt 0 view .LVU150
 629 0040 FFF7FEFF 		bl	HAL_GetTick
 630              	.LVL43:
 631 0044 0300     		movs	r3, r0
 632              	.LVL44:
 448:Drivers/STM32L0xx_HAL_Driver/Src/stm32l0xx_hal_uart_ex.c ****   {
 633              		.loc 1 448 3 is_stmt 1 view .LVU151
 448:Drivers/STM32L0xx_HAL_Driver/Src/stm32l0xx_hal_uart_ex.c ****   {
 634              		.loc 1 448 7 is_stmt 0 view .LVU152
 635 0046 8021     		movs	r1, #128
 636 0048 0D4A     		ldr	r2, .L30+4
 637 004a 0092     		str	r2, [sp]
 638 004c 0022     		movs	r2, #0
 639 004e C903     		lsls	r1, r1, #15
 640 0050 2000     		movs	r0, r4
 641              	.LVL45:
 448:Drivers/STM32L0xx_HAL_Driver/Src/stm32l0xx_hal_uart_ex.c ****   {
 642              		.loc 1 448 7 view .LVU153
 643 0052 FFF7FEFF 		bl	UART_WaitOnFlagUntilTimeout
 644              	.LVL46:
 448:Drivers/STM32L0xx_HAL_Driver/Src/stm32l0xx_hal_uart_ex.c ****   {
 645              		.loc 1 448 6 discriminator 1 view .LVU154
 646 0056 0028     		cmp	r0, #0
 647 0058 0BD1     		bne	.L28
 455:Drivers/STM32L0xx_HAL_Driver/Src/stm32l0xx_hal_uart_ex.c ****   }
 648              		.loc 1 455 5 is_stmt 1 view .LVU155
 455:Drivers/STM32L0xx_HAL_Driver/Src/stm32l0xx_hal_uart_ex.c ****   }
 649              		.loc 1 455 19 is_stmt 0 view .LVU156
 650 005a 2023     		movs	r3, #32
 651 005c E367     		str	r3, [r4, #124]
 652              	.L26:
 653              	.LVL47:
 459:Drivers/STM32L0xx_HAL_Driver/Src/stm32l0xx_hal_uart_ex.c **** 
 654              		.loc 1 459 3 is_stmt 1 view .LVU157
 459:Drivers/STM32L0xx_HAL_Driver/Src/stm32l0xx_hal_uart_ex.c **** 
 655              		.loc 1 459 3 view .LVU158
 656 005e 7823     		movs	r3, #120
 657 0060 0022     		movs	r2, #0
 658 0062 E254     		strb	r2, [r4, r3]
 459:Drivers/STM32L0xx_HAL_Driver/Src/stm32l0xx_hal_uart_ex.c **** 
 659              		.loc 1 459 3 view .LVU159
 461:Drivers/STM32L0xx_HAL_Driver/Src/stm32l0xx_hal_uart_ex.c **** }
 660              		.loc 1 461 3 view .LVU160
 661              	.LVL48:
 662              	.L24:
 462:Drivers/STM32L0xx_HAL_Driver/Src/stm32l0xx_hal_uart_ex.c **** 
ARM GAS  /var/folders/d7/pb3dkhys6j3db_qtp_8v34p80000gn/T//ccyA5zhx.s 			page 37


 663              		.loc 1 462 1 is_stmt 0 view .LVU161
 664 0064 04B0     		add	sp, sp, #16
 665              		@ sp needed
 666              	.LVL49:
 462:Drivers/STM32L0xx_HAL_Driver/Src/stm32l0xx_hal_uart_ex.c **** 
 667              		.loc 1 462 1 view .LVU162
 668 0066 10BD     		pop	{r4, pc}
 669              	.LVL50:
 670              	.L29:
 438:Drivers/STM32L0xx_HAL_Driver/Src/stm32l0xx_hal_uart_ex.c ****   }
 671              		.loc 1 438 5 is_stmt 1 view .LVU163
 672 0068 1100     		movs	r1, r2
 673 006a 039A     		ldr	r2, [sp, #12]
 674 006c FFF7FEFF 		bl	UARTEx_Wakeup_AddressConfig
 675              	.LVL51:
 438:Drivers/STM32L0xx_HAL_Driver/Src/stm32l0xx_hal_uart_ex.c ****   }
 676              		.loc 1 438 5 is_stmt 0 view .LVU164
 677 0070 E1E7     		b	.L25
 678              	.LVL52:
 679              	.L28:
 450:Drivers/STM32L0xx_HAL_Driver/Src/stm32l0xx_hal_uart_ex.c ****   }
 680              		.loc 1 450 12 view .LVU165
 681 0072 0320     		movs	r0, #3
 682 0074 F3E7     		b	.L26
 683              	.LVL53:
 684              	.L27:
 426:Drivers/STM32L0xx_HAL_Driver/Src/stm32l0xx_hal_uart_ex.c **** 
 685              		.loc 1 426 3 discriminator 1 view .LVU166
 686 0076 0220     		movs	r0, #2
 687              	.LVL54:
 426:Drivers/STM32L0xx_HAL_Driver/Src/stm32l0xx_hal_uart_ex.c **** 
 688              		.loc 1 426 3 discriminator 1 view .LVU167
 689 0078 F4E7     		b	.L24
 690              	.L31:
 691 007a C046     		.align	2
 692              	.L30:
 693 007c FFFFCFFF 		.word	-3145729
 694 0080 FFFFFF01 		.word	33554431
 695              		.cfi_endproc
 696              	.LFE52:
 698              		.section	.text.HAL_UARTEx_EnableStopMode,"ax",%progbits
 699              		.align	1
 700              		.global	HAL_UARTEx_EnableStopMode
 701              		.syntax unified
 702              		.code	16
 703              		.thumb_func
 705              	HAL_UARTEx_EnableStopMode:
 706              	.LVL55:
 707              	.LFB53:
 471:Drivers/STM32L0xx_HAL_Driver/Src/stm32l0xx_hal_uart_ex.c ****   /* Process Locked */
 708              		.loc 1 471 1 is_stmt 1 view -0
 709              		.cfi_startproc
 710              		@ args = 0, pretend = 0, frame = 0
 711              		@ frame_needed = 0, uses_anonymous_args = 0
 471:Drivers/STM32L0xx_HAL_Driver/Src/stm32l0xx_hal_uart_ex.c ****   /* Process Locked */
 712              		.loc 1 471 1 is_stmt 0 view .LVU169
 713 0000 10B5     		push	{r4, lr}
ARM GAS  /var/folders/d7/pb3dkhys6j3db_qtp_8v34p80000gn/T//ccyA5zhx.s 			page 38


 714              	.LCFI8:
 715              		.cfi_def_cfa_offset 8
 716              		.cfi_offset 4, -8
 717              		.cfi_offset 14, -4
 473:Drivers/STM32L0xx_HAL_Driver/Src/stm32l0xx_hal_uart_ex.c **** 
 718              		.loc 1 473 3 is_stmt 1 view .LVU170
 473:Drivers/STM32L0xx_HAL_Driver/Src/stm32l0xx_hal_uart_ex.c **** 
 719              		.loc 1 473 3 view .LVU171
 720 0002 7823     		movs	r3, #120
 721 0004 C35C     		ldrb	r3, [r0, r3]
 722 0006 012B     		cmp	r3, #1
 723 0008 11D0     		beq	.L34
 473:Drivers/STM32L0xx_HAL_Driver/Src/stm32l0xx_hal_uart_ex.c **** 
 724              		.loc 1 473 3 discriminator 2 view .LVU172
 725 000a 7822     		movs	r2, #120
 726 000c 0123     		movs	r3, #1
 727 000e 8354     		strb	r3, [r0, r2]
 473:Drivers/STM32L0xx_HAL_Driver/Src/stm32l0xx_hal_uart_ex.c **** 
 728              		.loc 1 473 3 view .LVU173
 476:Drivers/STM32L0xx_HAL_Driver/Src/stm32l0xx_hal_uart_ex.c **** 
 729              		.loc 1 476 3 view .LVU174
 730              	.LBB58:
 476:Drivers/STM32L0xx_HAL_Driver/Src/stm32l0xx_hal_uart_ex.c **** 
 731              		.loc 1 476 3 view .LVU175
 476:Drivers/STM32L0xx_HAL_Driver/Src/stm32l0xx_hal_uart_ex.c **** 
 732              		.loc 1 476 3 view .LVU176
 733              	.LBB59:
 734              	.LBI59:
 382:Drivers/CMSIS/Include/cmsis_gcc.h **** {
 735              		.loc 2 382 31 view .LVU177
 736              	.LBB60:
 384:Drivers/CMSIS/Include/cmsis_gcc.h **** 
 737              		.loc 2 384 3 view .LVU178
 386:Drivers/CMSIS/Include/cmsis_gcc.h ****   return(result);
 738              		.loc 2 386 3 view .LVU179
 739              		.syntax divided
 740              	@ 386 "Drivers/CMSIS/Include/cmsis_gcc.h" 1
 741 0010 EFF3108C 		MRS ip, primask
 742              	@ 0 "" 2
 743              	.LVL56:
 387:Drivers/CMSIS/Include/cmsis_gcc.h **** }
 744              		.loc 2 387 3 view .LVU180
 387:Drivers/CMSIS/Include/cmsis_gcc.h **** }
 745              		.loc 2 387 3 is_stmt 0 view .LVU181
 746              		.thumb
 747              		.syntax unified
 748              	.LBE60:
 749              	.LBE59:
 476:Drivers/STM32L0xx_HAL_Driver/Src/stm32l0xx_hal_uart_ex.c **** 
 750              		.loc 1 476 3 is_stmt 1 discriminator 1 view .LVU182
 751              	.LBB61:
 752              	.LBI61:
 412:Drivers/CMSIS/Include/cmsis_gcc.h **** {
 753              		.loc 2 412 27 view .LVU183
 754              	.LBB62:
 755              		.loc 2 414 3 view .LVU184
 756              		.syntax divided
ARM GAS  /var/folders/d7/pb3dkhys6j3db_qtp_8v34p80000gn/T//ccyA5zhx.s 			page 39


 757              	@ 414 "Drivers/CMSIS/Include/cmsis_gcc.h" 1
 758 0014 83F31088 		MSR primask, r3
 759              	@ 0 "" 2
 760              	.LVL57:
 761              		.loc 2 414 3 is_stmt 0 view .LVU185
 762              		.thumb
 763              		.syntax unified
 764              	.LBE62:
 765              	.LBE61:
 476:Drivers/STM32L0xx_HAL_Driver/Src/stm32l0xx_hal_uart_ex.c **** 
 766              		.loc 1 476 3 is_stmt 1 discriminator 2 view .LVU186
 767 0018 0168     		ldr	r1, [r0]
 768 001a 0B68     		ldr	r3, [r1]
 769 001c 0224     		movs	r4, #2
 770 001e 2343     		orrs	r3, r4
 771 0020 0B60     		str	r3, [r1]
 476:Drivers/STM32L0xx_HAL_Driver/Src/stm32l0xx_hal_uart_ex.c **** 
 772              		.loc 1 476 3 discriminator 2 view .LVU187
 773              	.LVL58:
 774              	.LBB63:
 775              	.LBI63:
 412:Drivers/CMSIS/Include/cmsis_gcc.h **** {
 776              		.loc 2 412 27 view .LVU188
 777              	.LBB64:
 778              		.loc 2 414 3 view .LVU189
 779              		.syntax divided
 780              	@ 414 "Drivers/CMSIS/Include/cmsis_gcc.h" 1
 781 0022 8CF31088 		MSR primask, ip
 782              	@ 0 "" 2
 783              	.LVL59:
 784              		.loc 2 414 3 is_stmt 0 view .LVU190
 785              		.thumb
 786              		.syntax unified
 787              	.LBE64:
 788              	.LBE63:
 789              	.LBE58:
 476:Drivers/STM32L0xx_HAL_Driver/Src/stm32l0xx_hal_uart_ex.c **** 
 790              		.loc 1 476 3 is_stmt 1 discriminator 3 view .LVU191
 479:Drivers/STM32L0xx_HAL_Driver/Src/stm32l0xx_hal_uart_ex.c **** 
 791              		.loc 1 479 3 view .LVU192
 479:Drivers/STM32L0xx_HAL_Driver/Src/stm32l0xx_hal_uart_ex.c **** 
 792              		.loc 1 479 3 view .LVU193
 793 0026 0023     		movs	r3, #0
 794 0028 8354     		strb	r3, [r0, r2]
 479:Drivers/STM32L0xx_HAL_Driver/Src/stm32l0xx_hal_uart_ex.c **** 
 795              		.loc 1 479 3 view .LVU194
 481:Drivers/STM32L0xx_HAL_Driver/Src/stm32l0xx_hal_uart_ex.c **** }
 796              		.loc 1 481 3 view .LVU195
 481:Drivers/STM32L0xx_HAL_Driver/Src/stm32l0xx_hal_uart_ex.c **** }
 797              		.loc 1 481 10 is_stmt 0 view .LVU196
 798 002a 0020     		movs	r0, #0
 799              	.LVL60:
 800              	.L33:
 482:Drivers/STM32L0xx_HAL_Driver/Src/stm32l0xx_hal_uart_ex.c **** 
 801              		.loc 1 482 1 view .LVU197
 802              		@ sp needed
 803 002c 10BD     		pop	{r4, pc}
ARM GAS  /var/folders/d7/pb3dkhys6j3db_qtp_8v34p80000gn/T//ccyA5zhx.s 			page 40


 804              	.LVL61:
 805              	.L34:
 473:Drivers/STM32L0xx_HAL_Driver/Src/stm32l0xx_hal_uart_ex.c **** 
 806              		.loc 1 473 3 discriminator 1 view .LVU198
 807 002e 0220     		movs	r0, #2
 808              	.LVL62:
 473:Drivers/STM32L0xx_HAL_Driver/Src/stm32l0xx_hal_uart_ex.c **** 
 809              		.loc 1 473 3 discriminator 1 view .LVU199
 810 0030 FCE7     		b	.L33
 811              		.cfi_endproc
 812              	.LFE53:
 814              		.section	.text.HAL_UARTEx_DisableStopMode,"ax",%progbits
 815              		.align	1
 816              		.global	HAL_UARTEx_DisableStopMode
 817              		.syntax unified
 818              		.code	16
 819              		.thumb_func
 821              	HAL_UARTEx_DisableStopMode:
 822              	.LVL63:
 823              	.LFB54:
 490:Drivers/STM32L0xx_HAL_Driver/Src/stm32l0xx_hal_uart_ex.c ****   /* Process Locked */
 824              		.loc 1 490 1 is_stmt 1 view -0
 825              		.cfi_startproc
 826              		@ args = 0, pretend = 0, frame = 0
 827              		@ frame_needed = 0, uses_anonymous_args = 0
 490:Drivers/STM32L0xx_HAL_Driver/Src/stm32l0xx_hal_uart_ex.c ****   /* Process Locked */
 828              		.loc 1 490 1 is_stmt 0 view .LVU201
 829 0000 10B5     		push	{r4, lr}
 830              	.LCFI9:
 831              		.cfi_def_cfa_offset 8
 832              		.cfi_offset 4, -8
 833              		.cfi_offset 14, -4
 492:Drivers/STM32L0xx_HAL_Driver/Src/stm32l0xx_hal_uart_ex.c **** 
 834              		.loc 1 492 3 is_stmt 1 view .LVU202
 492:Drivers/STM32L0xx_HAL_Driver/Src/stm32l0xx_hal_uart_ex.c **** 
 835              		.loc 1 492 3 view .LVU203
 836 0002 7823     		movs	r3, #120
 837 0004 C35C     		ldrb	r3, [r0, r3]
 838 0006 012B     		cmp	r3, #1
 839 0008 11D0     		beq	.L37
 492:Drivers/STM32L0xx_HAL_Driver/Src/stm32l0xx_hal_uart_ex.c **** 
 840              		.loc 1 492 3 discriminator 2 view .LVU204
 841 000a 7822     		movs	r2, #120
 842 000c 0123     		movs	r3, #1
 843 000e 8354     		strb	r3, [r0, r2]
 492:Drivers/STM32L0xx_HAL_Driver/Src/stm32l0xx_hal_uart_ex.c **** 
 844              		.loc 1 492 3 view .LVU205
 495:Drivers/STM32L0xx_HAL_Driver/Src/stm32l0xx_hal_uart_ex.c **** 
 845              		.loc 1 495 3 view .LVU206
 846              	.LBB65:
 495:Drivers/STM32L0xx_HAL_Driver/Src/stm32l0xx_hal_uart_ex.c **** 
 847              		.loc 1 495 3 view .LVU207
 495:Drivers/STM32L0xx_HAL_Driver/Src/stm32l0xx_hal_uart_ex.c **** 
 848              		.loc 1 495 3 view .LVU208
 849              	.LBB66:
 850              	.LBI66:
 382:Drivers/CMSIS/Include/cmsis_gcc.h **** {
ARM GAS  /var/folders/d7/pb3dkhys6j3db_qtp_8v34p80000gn/T//ccyA5zhx.s 			page 41


 851              		.loc 2 382 31 view .LVU209
 852              	.LBB67:
 384:Drivers/CMSIS/Include/cmsis_gcc.h **** 
 853              		.loc 2 384 3 view .LVU210
 386:Drivers/CMSIS/Include/cmsis_gcc.h ****   return(result);
 854              		.loc 2 386 3 view .LVU211
 855              		.syntax divided
 856              	@ 386 "Drivers/CMSIS/Include/cmsis_gcc.h" 1
 857 0010 EFF3108C 		MRS ip, primask
 858              	@ 0 "" 2
 859              	.LVL64:
 387:Drivers/CMSIS/Include/cmsis_gcc.h **** }
 860              		.loc 2 387 3 view .LVU212
 387:Drivers/CMSIS/Include/cmsis_gcc.h **** }
 861              		.loc 2 387 3 is_stmt 0 view .LVU213
 862              		.thumb
 863              		.syntax unified
 864              	.LBE67:
 865              	.LBE66:
 495:Drivers/STM32L0xx_HAL_Driver/Src/stm32l0xx_hal_uart_ex.c **** 
 866              		.loc 1 495 3 is_stmt 1 discriminator 1 view .LVU214
 867              	.LBB68:
 868              	.LBI68:
 412:Drivers/CMSIS/Include/cmsis_gcc.h **** {
 869              		.loc 2 412 27 view .LVU215
 870              	.LBB69:
 871              		.loc 2 414 3 view .LVU216
 872              		.syntax divided
 873              	@ 414 "Drivers/CMSIS/Include/cmsis_gcc.h" 1
 874 0014 83F31088 		MSR primask, r3
 875              	@ 0 "" 2
 876              	.LVL65:
 877              		.loc 2 414 3 is_stmt 0 view .LVU217
 878              		.thumb
 879              		.syntax unified
 880              	.LBE69:
 881              	.LBE68:
 495:Drivers/STM32L0xx_HAL_Driver/Src/stm32l0xx_hal_uart_ex.c **** 
 882              		.loc 1 495 3 is_stmt 1 discriminator 2 view .LVU218
 883 0018 0168     		ldr	r1, [r0]
 884 001a 0B68     		ldr	r3, [r1]
 885 001c 0224     		movs	r4, #2
 886 001e A343     		bics	r3, r4
 887 0020 0B60     		str	r3, [r1]
 495:Drivers/STM32L0xx_HAL_Driver/Src/stm32l0xx_hal_uart_ex.c **** 
 888              		.loc 1 495 3 discriminator 2 view .LVU219
 889              	.LVL66:
 890              	.LBB70:
 891              	.LBI70:
 412:Drivers/CMSIS/Include/cmsis_gcc.h **** {
 892              		.loc 2 412 27 view .LVU220
 893              	.LBB71:
 894              		.loc 2 414 3 view .LVU221
 895              		.syntax divided
 896              	@ 414 "Drivers/CMSIS/Include/cmsis_gcc.h" 1
 897 0022 8CF31088 		MSR primask, ip
 898              	@ 0 "" 2
ARM GAS  /var/folders/d7/pb3dkhys6j3db_qtp_8v34p80000gn/T//ccyA5zhx.s 			page 42


 899              	.LVL67:
 900              		.loc 2 414 3 is_stmt 0 view .LVU222
 901              		.thumb
 902              		.syntax unified
 903              	.LBE71:
 904              	.LBE70:
 905              	.LBE65:
 495:Drivers/STM32L0xx_HAL_Driver/Src/stm32l0xx_hal_uart_ex.c **** 
 906              		.loc 1 495 3 is_stmt 1 discriminator 3 view .LVU223
 498:Drivers/STM32L0xx_HAL_Driver/Src/stm32l0xx_hal_uart_ex.c **** 
 907              		.loc 1 498 3 view .LVU224
 498:Drivers/STM32L0xx_HAL_Driver/Src/stm32l0xx_hal_uart_ex.c **** 
 908              		.loc 1 498 3 view .LVU225
 909 0026 0023     		movs	r3, #0
 910 0028 8354     		strb	r3, [r0, r2]
 498:Drivers/STM32L0xx_HAL_Driver/Src/stm32l0xx_hal_uart_ex.c **** 
 911              		.loc 1 498 3 view .LVU226
 500:Drivers/STM32L0xx_HAL_Driver/Src/stm32l0xx_hal_uart_ex.c **** }
 912              		.loc 1 500 3 view .LVU227
 500:Drivers/STM32L0xx_HAL_Driver/Src/stm32l0xx_hal_uart_ex.c **** }
 913              		.loc 1 500 10 is_stmt 0 view .LVU228
 914 002a 0020     		movs	r0, #0
 915              	.LVL68:
 916              	.L36:
 501:Drivers/STM32L0xx_HAL_Driver/Src/stm32l0xx_hal_uart_ex.c **** 
 917              		.loc 1 501 1 view .LVU229
 918              		@ sp needed
 919 002c 10BD     		pop	{r4, pc}
 920              	.LVL69:
 921              	.L37:
 492:Drivers/STM32L0xx_HAL_Driver/Src/stm32l0xx_hal_uart_ex.c **** 
 922              		.loc 1 492 3 discriminator 1 view .LVU230
 923 002e 0220     		movs	r0, #2
 924              	.LVL70:
 492:Drivers/STM32L0xx_HAL_Driver/Src/stm32l0xx_hal_uart_ex.c **** 
 925              		.loc 1 492 3 discriminator 1 view .LVU231
 926 0030 FCE7     		b	.L36
 927              		.cfi_endproc
 928              	.LFE54:
 930              		.section	.text.HAL_UARTEx_ReceiveToIdle,"ax",%progbits
 931              		.align	1
 932              		.global	HAL_UARTEx_ReceiveToIdle
 933              		.syntax unified
 934              		.code	16
 935              		.thumb_func
 937              	HAL_UARTEx_ReceiveToIdle:
 938              	.LVL71:
 939              	.LFB55:
 527:Drivers/STM32L0xx_HAL_Driver/Src/stm32l0xx_hal_uart_ex.c ****   uint8_t  *pdata8bits;
 940              		.loc 1 527 1 is_stmt 1 view -0
 941              		.cfi_startproc
 942              		@ args = 4, pretend = 0, frame = 8
 943              		@ frame_needed = 0, uses_anonymous_args = 0
 527:Drivers/STM32L0xx_HAL_Driver/Src/stm32l0xx_hal_uart_ex.c ****   uint8_t  *pdata8bits;
 944              		.loc 1 527 1 is_stmt 0 view .LVU233
 945 0000 F0B5     		push	{r4, r5, r6, r7, lr}
 946              	.LCFI10:
ARM GAS  /var/folders/d7/pb3dkhys6j3db_qtp_8v34p80000gn/T//ccyA5zhx.s 			page 43


 947              		.cfi_def_cfa_offset 20
 948              		.cfi_offset 4, -20
 949              		.cfi_offset 5, -16
 950              		.cfi_offset 6, -12
 951              		.cfi_offset 7, -8
 952              		.cfi_offset 14, -4
 953 0002 D646     		mov	lr, r10
 954 0004 4F46     		mov	r7, r9
 955 0006 4646     		mov	r6, r8
 956 0008 C0B5     		push	{r6, r7, lr}
 957              	.LCFI11:
 958              		.cfi_def_cfa_offset 32
 959              		.cfi_offset 8, -32
 960              		.cfi_offset 9, -28
 961              		.cfi_offset 10, -24
 962 000a 82B0     		sub	sp, sp, #8
 963              	.LCFI12:
 964              		.cfi_def_cfa_offset 40
 965 000c 0400     		movs	r4, r0
 966 000e 0D00     		movs	r5, r1
 967 0010 9046     		mov	r8, r2
 968 0012 1F00     		movs	r7, r3
 969 0014 0A9E     		ldr	r6, [sp, #40]
 528:Drivers/STM32L0xx_HAL_Driver/Src/stm32l0xx_hal_uart_ex.c ****   uint16_t *pdata16bits;
 970              		.loc 1 528 3 is_stmt 1 view .LVU234
 529:Drivers/STM32L0xx_HAL_Driver/Src/stm32l0xx_hal_uart_ex.c ****   uint16_t uhMask;
 971              		.loc 1 529 3 view .LVU235
 530:Drivers/STM32L0xx_HAL_Driver/Src/stm32l0xx_hal_uart_ex.c ****   uint32_t tickstart;
 972              		.loc 1 530 3 view .LVU236
 531:Drivers/STM32L0xx_HAL_Driver/Src/stm32l0xx_hal_uart_ex.c **** 
 973              		.loc 1 531 3 view .LVU237
 534:Drivers/STM32L0xx_HAL_Driver/Src/stm32l0xx_hal_uart_ex.c ****   {
 974              		.loc 1 534 3 view .LVU238
 534:Drivers/STM32L0xx_HAL_Driver/Src/stm32l0xx_hal_uart_ex.c ****   {
 975              		.loc 1 534 12 is_stmt 0 view .LVU239
 976 0016 8023     		movs	r3, #128
 977              	.LVL72:
 534:Drivers/STM32L0xx_HAL_Driver/Src/stm32l0xx_hal_uart_ex.c ****   {
 978              		.loc 1 534 12 view .LVU240
 979 0018 C358     		ldr	r3, [r0, r3]
 534:Drivers/STM32L0xx_HAL_Driver/Src/stm32l0xx_hal_uart_ex.c ****   {
 980              		.loc 1 534 6 view .LVU241
 981 001a 202B     		cmp	r3, #32
 982 001c 00D0     		beq	.LCB830
 983 001e B0E0     		b	.L57	@long jump
 984              	.LCB830:
 536:Drivers/STM32L0xx_HAL_Driver/Src/stm32l0xx_hal_uart_ex.c ****     {
 985              		.loc 1 536 5 is_stmt 1 view .LVU242
 536:Drivers/STM32L0xx_HAL_Driver/Src/stm32l0xx_hal_uart_ex.c ****     {
 986              		.loc 1 536 8 is_stmt 0 view .LVU243
 987 0020 0029     		cmp	r1, #0
 988 0022 00D1     		bne	.LCB833
 989 0024 B4E0     		b	.L58	@long jump
 990              	.LCB833:
 536:Drivers/STM32L0xx_HAL_Driver/Src/stm32l0xx_hal_uart_ex.c ****     {
 991              		.loc 1 536 25 discriminator 1 view .LVU244
 992 0026 002A     		cmp	r2, #0
ARM GAS  /var/folders/d7/pb3dkhys6j3db_qtp_8v34p80000gn/T//ccyA5zhx.s 			page 44


 993 0028 00D1     		bne	.LCB835
 994 002a B3E0     		b	.L59	@long jump
 995              	.LCB835:
 544:Drivers/STM32L0xx_HAL_Driver/Src/stm32l0xx_hal_uart_ex.c ****     {
 996              		.loc 1 544 5 is_stmt 1 view .LVU245
 544:Drivers/STM32L0xx_HAL_Driver/Src/stm32l0xx_hal_uart_ex.c ****     {
 997              		.loc 1 544 21 is_stmt 0 view .LVU246
 998 002c 8268     		ldr	r2, [r0, #8]
 999              	.LVL73:
 544:Drivers/STM32L0xx_HAL_Driver/Src/stm32l0xx_hal_uart_ex.c ****     {
 1000              		.loc 1 544 8 view .LVU247
 1001 002e 8023     		movs	r3, #128
 1002 0030 5B01     		lsls	r3, r3, #5
 1003 0032 9A42     		cmp	r2, r3
 1004 0034 05D1     		bne	.L40
 544:Drivers/STM32L0xx_HAL_Driver/Src/stm32l0xx_hal_uart_ex.c ****     {
 1005              		.loc 1 544 71 discriminator 1 view .LVU248
 1006 0036 0369     		ldr	r3, [r0, #16]
 544:Drivers/STM32L0xx_HAL_Driver/Src/stm32l0xx_hal_uart_ex.c ****     {
 1007              		.loc 1 544 56 discriminator 1 view .LVU249
 1008 0038 002B     		cmp	r3, #0
 1009 003a 02D1     		bne	.L40
 546:Drivers/STM32L0xx_HAL_Driver/Src/stm32l0xx_hal_uart_ex.c ****       {
 1010              		.loc 1 546 7 is_stmt 1 view .LVU250
 546:Drivers/STM32L0xx_HAL_Driver/Src/stm32l0xx_hal_uart_ex.c ****       {
 1011              		.loc 1 546 10 is_stmt 0 view .LVU251
 1012 003c CB07     		lsls	r3, r1, #31
 1013 003e 00D5     		bpl	.LCB850
 1014 0040 AAE0     		b	.L60	@long jump
 1015              	.LCB850:
 1016              	.L40:
 552:Drivers/STM32L0xx_HAL_Driver/Src/stm32l0xx_hal_uart_ex.c ****     huart->RxState = HAL_UART_STATE_BUSY_RX;
 1017              		.loc 1 552 5 is_stmt 1 view .LVU252
 552:Drivers/STM32L0xx_HAL_Driver/Src/stm32l0xx_hal_uart_ex.c ****     huart->RxState = HAL_UART_STATE_BUSY_RX;
 1018              		.loc 1 552 22 is_stmt 0 view .LVU253
 1019 0042 0023     		movs	r3, #0
 1020 0044 8422     		movs	r2, #132
 1021 0046 A350     		str	r3, [r4, r2]
 553:Drivers/STM32L0xx_HAL_Driver/Src/stm32l0xx_hal_uart_ex.c ****     huart->ReceptionType = HAL_UART_RECEPTION_TOIDLE;
 1022              		.loc 1 553 5 is_stmt 1 view .LVU254
 553:Drivers/STM32L0xx_HAL_Driver/Src/stm32l0xx_hal_uart_ex.c ****     huart->ReceptionType = HAL_UART_RECEPTION_TOIDLE;
 1023              		.loc 1 553 20 is_stmt 0 view .LVU255
 1024 0048 043A     		subs	r2, r2, #4
 1025 004a 2221     		movs	r1, #34
 1026              	.LVL74:
 553:Drivers/STM32L0xx_HAL_Driver/Src/stm32l0xx_hal_uart_ex.c ****     huart->ReceptionType = HAL_UART_RECEPTION_TOIDLE;
 1027              		.loc 1 553 20 view .LVU256
 1028 004c A150     		str	r1, [r4, r2]
 554:Drivers/STM32L0xx_HAL_Driver/Src/stm32l0xx_hal_uart_ex.c ****     huart->RxEventType = HAL_UART_RXEVENT_TC;
 1029              		.loc 1 554 5 is_stmt 1 view .LVU257
 554:Drivers/STM32L0xx_HAL_Driver/Src/stm32l0xx_hal_uart_ex.c ****     huart->RxEventType = HAL_UART_RXEVENT_TC;
 1030              		.loc 1 554 26 is_stmt 0 view .LVU258
 1031 004e 7F3A     		subs	r2, r2, #127
 1032 0050 2266     		str	r2, [r4, #96]
 555:Drivers/STM32L0xx_HAL_Driver/Src/stm32l0xx_hal_uart_ex.c **** 
 1033              		.loc 1 555 5 is_stmt 1 view .LVU259
 555:Drivers/STM32L0xx_HAL_Driver/Src/stm32l0xx_hal_uart_ex.c **** 
ARM GAS  /var/folders/d7/pb3dkhys6j3db_qtp_8v34p80000gn/T//ccyA5zhx.s 			page 45


 1034              		.loc 1 555 24 is_stmt 0 view .LVU260
 1035 0052 6366     		str	r3, [r4, #100]
 558:Drivers/STM32L0xx_HAL_Driver/Src/stm32l0xx_hal_uart_ex.c **** 
 1036              		.loc 1 558 5 is_stmt 1 view .LVU261
 558:Drivers/STM32L0xx_HAL_Driver/Src/stm32l0xx_hal_uart_ex.c **** 
 1037              		.loc 1 558 17 is_stmt 0 view .LVU262
 1038 0054 FFF7FEFF 		bl	HAL_GetTick
 1039              	.LVL75:
 558:Drivers/STM32L0xx_HAL_Driver/Src/stm32l0xx_hal_uart_ex.c **** 
 1040              		.loc 1 558 17 view .LVU263
 1041 0058 8146     		mov	r9, r0
 1042              	.LVL76:
 560:Drivers/STM32L0xx_HAL_Driver/Src/stm32l0xx_hal_uart_ex.c ****     huart->RxXferCount = Size;
 1043              		.loc 1 560 5 is_stmt 1 view .LVU264
 560:Drivers/STM32L0xx_HAL_Driver/Src/stm32l0xx_hal_uart_ex.c ****     huart->RxXferCount = Size;
 1044              		.loc 1 560 24 is_stmt 0 view .LVU265
 1045 005a 5823     		movs	r3, #88
 1046 005c 4246     		mov	r2, r8
 1047 005e E252     		strh	r2, [r4, r3]
 561:Drivers/STM32L0xx_HAL_Driver/Src/stm32l0xx_hal_uart_ex.c **** 
 1048              		.loc 1 561 5 is_stmt 1 view .LVU266
 561:Drivers/STM32L0xx_HAL_Driver/Src/stm32l0xx_hal_uart_ex.c **** 
 1049              		.loc 1 561 24 is_stmt 0 view .LVU267
 1050 0060 0233     		adds	r3, r3, #2
 1051 0062 E252     		strh	r2, [r4, r3]
 564:Drivers/STM32L0xx_HAL_Driver/Src/stm32l0xx_hal_uart_ex.c ****     uhMask = huart->Mask;
 1052              		.loc 1 564 5 is_stmt 1 view .LVU268
 564:Drivers/STM32L0xx_HAL_Driver/Src/stm32l0xx_hal_uart_ex.c ****     uhMask = huart->Mask;
 1053              		.loc 1 564 5 view .LVU269
 1054 0064 A368     		ldr	r3, [r4, #8]
 1055 0066 8022     		movs	r2, #128
 1056 0068 5201     		lsls	r2, r2, #5
 1057 006a 9342     		cmp	r3, r2
 1058 006c 08D0     		beq	.L66
 564:Drivers/STM32L0xx_HAL_Driver/Src/stm32l0xx_hal_uart_ex.c ****     uhMask = huart->Mask;
 1059              		.loc 1 564 5 discriminator 2 view .LVU270
 1060 006e 002B     		cmp	r3, #0
 1061 0070 15D1     		bne	.L44
 564:Drivers/STM32L0xx_HAL_Driver/Src/stm32l0xx_hal_uart_ex.c ****     uhMask = huart->Mask;
 1062              		.loc 1 564 5 discriminator 5 view .LVU271
 1063 0072 2269     		ldr	r2, [r4, #16]
 1064 0074 002A     		cmp	r2, #0
 1065 0076 0ED1     		bne	.L45
 564:Drivers/STM32L0xx_HAL_Driver/Src/stm32l0xx_hal_uart_ex.c ****     uhMask = huart->Mask;
 1066              		.loc 1 564 5 discriminator 7 view .LVU272
 1067 0078 5C32     		adds	r2, r2, #92
 1068 007a FF21     		movs	r1, #255
 1069 007c A152     		strh	r1, [r4, r2]
 1070 007e 15E0     		b	.L43
 1071              	.L66:
 564:Drivers/STM32L0xx_HAL_Driver/Src/stm32l0xx_hal_uart_ex.c ****     uhMask = huart->Mask;
 1072              		.loc 1 564 5 discriminator 1 view .LVU273
 1073 0080 2269     		ldr	r2, [r4, #16]
 1074 0082 002A     		cmp	r2, #0
 1075 0084 03D1     		bne	.L42
 564:Drivers/STM32L0xx_HAL_Driver/Src/stm32l0xx_hal_uart_ex.c ****     uhMask = huart->Mask;
 1076              		.loc 1 564 5 discriminator 3 view .LVU274
ARM GAS  /var/folders/d7/pb3dkhys6j3db_qtp_8v34p80000gn/T//ccyA5zhx.s 			page 46


 1077 0086 5C32     		adds	r2, r2, #92
 1078 0088 4449     		ldr	r1, .L73
 1079 008a A152     		strh	r1, [r4, r2]
 1080 008c 0EE0     		b	.L43
 1081              	.L42:
 564:Drivers/STM32L0xx_HAL_Driver/Src/stm32l0xx_hal_uart_ex.c ****     uhMask = huart->Mask;
 1082              		.loc 1 564 5 discriminator 4 view .LVU275
 1083 008e 5C22     		movs	r2, #92
 1084 0090 FF21     		movs	r1, #255
 1085 0092 A152     		strh	r1, [r4, r2]
 1086 0094 0AE0     		b	.L43
 1087              	.L45:
 564:Drivers/STM32L0xx_HAL_Driver/Src/stm32l0xx_hal_uart_ex.c ****     uhMask = huart->Mask;
 1088              		.loc 1 564 5 discriminator 8 view .LVU276
 1089 0096 5C22     		movs	r2, #92
 1090 0098 7F21     		movs	r1, #127
 1091 009a A152     		strh	r1, [r4, r2]
 1092 009c 06E0     		b	.L43
 1093              	.L44:
 564:Drivers/STM32L0xx_HAL_Driver/Src/stm32l0xx_hal_uart_ex.c ****     uhMask = huart->Mask;
 1094              		.loc 1 564 5 discriminator 6 view .LVU277
 1095 009e 8022     		movs	r2, #128
 1096 00a0 5205     		lsls	r2, r2, #21
 1097 00a2 9342     		cmp	r3, r2
 1098 00a4 0ED0     		beq	.L67
 564:Drivers/STM32L0xx_HAL_Driver/Src/stm32l0xx_hal_uart_ex.c ****     uhMask = huart->Mask;
 1099              		.loc 1 564 5 discriminator 10 view .LVU278
 1100 00a6 5C22     		movs	r2, #92
 1101 00a8 0021     		movs	r1, #0
 1102 00aa A152     		strh	r1, [r4, r2]
 1103              	.L43:
 564:Drivers/STM32L0xx_HAL_Driver/Src/stm32l0xx_hal_uart_ex.c ****     uhMask = huart->Mask;
 1104              		.loc 1 564 5 view .LVU279
 565:Drivers/STM32L0xx_HAL_Driver/Src/stm32l0xx_hal_uart_ex.c **** 
 1105              		.loc 1 565 5 view .LVU280
 565:Drivers/STM32L0xx_HAL_Driver/Src/stm32l0xx_hal_uart_ex.c **** 
 1106              		.loc 1 565 12 is_stmt 0 view .LVU281
 1107 00ac 5C22     		movs	r2, #92
 1108 00ae A25A     		ldrh	r2, [r4, r2]
 1109 00b0 0192     		str	r2, [sp, #4]
 1110              	.LVL77:
 568:Drivers/STM32L0xx_HAL_Driver/Src/stm32l0xx_hal_uart_ex.c ****     {
 1111              		.loc 1 568 5 is_stmt 1 view .LVU282
 568:Drivers/STM32L0xx_HAL_Driver/Src/stm32l0xx_hal_uart_ex.c ****     {
 1112              		.loc 1 568 8 is_stmt 0 view .LVU283
 1113 00b2 8022     		movs	r2, #128
 1114 00b4 5201     		lsls	r2, r2, #5
 1115 00b6 9342     		cmp	r3, r2
 1116 00b8 0FD0     		beq	.L68
 576:Drivers/STM32L0xx_HAL_Driver/Src/stm32l0xx_hal_uart_ex.c ****     }
 1117              		.loc 1 576 19 view .LVU284
 1118 00ba 0023     		movs	r3, #0
 1119 00bc 9A46     		mov	r10, r3
 1120              	.LVL78:
 1121              	.L48:
 580:Drivers/STM32L0xx_HAL_Driver/Src/stm32l0xx_hal_uart_ex.c **** 
 1122              		.loc 1 580 5 is_stmt 1 view .LVU285
ARM GAS  /var/folders/d7/pb3dkhys6j3db_qtp_8v34p80000gn/T//ccyA5zhx.s 			page 47


 580:Drivers/STM32L0xx_HAL_Driver/Src/stm32l0xx_hal_uart_ex.c **** 
 1123              		.loc 1 580 12 is_stmt 0 view .LVU286
 1124 00be 0023     		movs	r3, #0
 1125 00c0 3B80     		strh	r3, [r7]
 583:Drivers/STM32L0xx_HAL_Driver/Src/stm32l0xx_hal_uart_ex.c ****     {
 1126              		.loc 1 583 5 is_stmt 1 view .LVU287
 583:Drivers/STM32L0xx_HAL_Driver/Src/stm32l0xx_hal_uart_ex.c ****     {
 1127              		.loc 1 583 11 is_stmt 0 view .LVU288
 1128 00c2 2CE0     		b	.L49
 1129              	.LVL79:
 1130              	.L67:
 564:Drivers/STM32L0xx_HAL_Driver/Src/stm32l0xx_hal_uart_ex.c ****     uhMask = huart->Mask;
 1131              		.loc 1 564 5 is_stmt 1 discriminator 9 view .LVU289
 1132 00c4 2269     		ldr	r2, [r4, #16]
 1133 00c6 002A     		cmp	r2, #0
 1134 00c8 03D1     		bne	.L47
 564:Drivers/STM32L0xx_HAL_Driver/Src/stm32l0xx_hal_uart_ex.c ****     uhMask = huart->Mask;
 1135              		.loc 1 564 5 discriminator 11 view .LVU290
 1136 00ca 5C32     		adds	r2, r2, #92
 1137 00cc 7F21     		movs	r1, #127
 1138 00ce A152     		strh	r1, [r4, r2]
 1139 00d0 ECE7     		b	.L43
 1140              	.L47:
 564:Drivers/STM32L0xx_HAL_Driver/Src/stm32l0xx_hal_uart_ex.c ****     uhMask = huart->Mask;
 1141              		.loc 1 564 5 discriminator 12 view .LVU291
 1142 00d2 5C22     		movs	r2, #92
 1143 00d4 3F21     		movs	r1, #63
 1144 00d6 A152     		strh	r1, [r4, r2]
 1145 00d8 E8E7     		b	.L43
 1146              	.LVL80:
 1147              	.L68:
 568:Drivers/STM32L0xx_HAL_Driver/Src/stm32l0xx_hal_uart_ex.c ****     {
 1148              		.loc 1 568 71 is_stmt 0 discriminator 1 view .LVU292
 1149 00da 2369     		ldr	r3, [r4, #16]
 568:Drivers/STM32L0xx_HAL_Driver/Src/stm32l0xx_hal_uart_ex.c ****     {
 1150              		.loc 1 568 56 discriminator 1 view .LVU293
 1151 00dc 002B     		cmp	r3, #0
 1152 00de 02D0     		beq	.L62
 576:Drivers/STM32L0xx_HAL_Driver/Src/stm32l0xx_hal_uart_ex.c ****     }
 1153              		.loc 1 576 19 view .LVU294
 1154 00e0 0023     		movs	r3, #0
 1155 00e2 9A46     		mov	r10, r3
 1156 00e4 EBE7     		b	.L48
 1157              	.L62:
 571:Drivers/STM32L0xx_HAL_Driver/Src/stm32l0xx_hal_uart_ex.c ****     }
 1158              		.loc 1 571 19 view .LVU295
 1159 00e6 AA46     		mov	r10, r5
 570:Drivers/STM32L0xx_HAL_Driver/Src/stm32l0xx_hal_uart_ex.c ****       pdata16bits = (uint16_t *) pData;
 1160              		.loc 1 570 19 view .LVU296
 1161 00e8 0025     		movs	r5, #0
 1162              	.LVL81:
 570:Drivers/STM32L0xx_HAL_Driver/Src/stm32l0xx_hal_uart_ex.c ****       pdata16bits = (uint16_t *) pData;
 1163              		.loc 1 570 19 view .LVU297
 1164 00ea E8E7     		b	.L48
 1165              	.LVL82:
 1166              	.L71:
 595:Drivers/STM32L0xx_HAL_Driver/Src/stm32l0xx_hal_uart_ex.c ****           huart->RxState = HAL_UART_STATE_READY;
ARM GAS  /var/folders/d7/pb3dkhys6j3db_qtp_8v34p80000gn/T//ccyA5zhx.s 			page 48


 1167              		.loc 1 595 11 is_stmt 1 view .LVU298
 595:Drivers/STM32L0xx_HAL_Driver/Src/stm32l0xx_hal_uart_ex.c ****           huart->RxState = HAL_UART_STATE_READY;
 1168              		.loc 1 595 30 is_stmt 0 view .LVU299
 1169 00ec 0223     		movs	r3, #2
 1170 00ee 6366     		str	r3, [r4, #100]
 596:Drivers/STM32L0xx_HAL_Driver/Src/stm32l0xx_hal_uart_ex.c **** 
 1171              		.loc 1 596 11 is_stmt 1 view .LVU300
 596:Drivers/STM32L0xx_HAL_Driver/Src/stm32l0xx_hal_uart_ex.c **** 
 1172              		.loc 1 596 26 is_stmt 0 view .LVU301
 1173 00f0 7E33     		adds	r3, r3, #126
 1174 00f2 1032     		adds	r2, r2, #16
 1175 00f4 E250     		str	r2, [r4, r3]
 598:Drivers/STM32L0xx_HAL_Driver/Src/stm32l0xx_hal_uart_ex.c ****         }
 1176              		.loc 1 598 11 is_stmt 1 view .LVU302
 598:Drivers/STM32L0xx_HAL_Driver/Src/stm32l0xx_hal_uart_ex.c ****         }
 1177              		.loc 1 598 18 is_stmt 0 view .LVU303
 1178 00f6 0020     		movs	r0, #0
 1179 00f8 44E0     		b	.L39
 1180              	.L72:
 607:Drivers/STM32L0xx_HAL_Driver/Src/stm32l0xx_hal_uart_ex.c ****           pdata16bits++;
 1181              		.loc 1 607 11 is_stmt 1 view .LVU304
 607:Drivers/STM32L0xx_HAL_Driver/Src/stm32l0xx_hal_uart_ex.c ****           pdata16bits++;
 1182              		.loc 1 607 52 is_stmt 0 view .LVU305
 1183 00fa 536A     		ldr	r3, [r2, #36]
 607:Drivers/STM32L0xx_HAL_Driver/Src/stm32l0xx_hal_uart_ex.c ****           pdata16bits++;
 1184              		.loc 1 607 26 view .LVU306
 1185 00fc 019A     		ldr	r2, [sp, #4]
 1186 00fe 1340     		ands	r3, r2
 607:Drivers/STM32L0xx_HAL_Driver/Src/stm32l0xx_hal_uart_ex.c ****           pdata16bits++;
 1187              		.loc 1 607 24 view .LVU307
 1188 0100 5246     		mov	r2, r10
 1189 0102 1380     		strh	r3, [r2]
 608:Drivers/STM32L0xx_HAL_Driver/Src/stm32l0xx_hal_uart_ex.c ****         }
 1190              		.loc 1 608 11 is_stmt 1 view .LVU308
 608:Drivers/STM32L0xx_HAL_Driver/Src/stm32l0xx_hal_uart_ex.c ****         }
 1191              		.loc 1 608 22 is_stmt 0 view .LVU309
 1192 0104 0223     		movs	r3, #2
 1193 0106 9C46     		mov	ip, r3
 1194 0108 E244     		add	r10, r10, ip
 1195              	.LVL83:
 1196              	.L53:
 616:Drivers/STM32L0xx_HAL_Driver/Src/stm32l0xx_hal_uart_ex.c ****         huart->RxXferCount--;
 1197              		.loc 1 616 9 is_stmt 1 view .LVU310
 1198 010a 3B88     		ldrh	r3, [r7]
 616:Drivers/STM32L0xx_HAL_Driver/Src/stm32l0xx_hal_uart_ex.c ****         huart->RxXferCount--;
 1199              		.loc 1 616 16 is_stmt 0 view .LVU311
 1200 010c 0133     		adds	r3, r3, #1
 1201 010e 3B80     		strh	r3, [r7]
 617:Drivers/STM32L0xx_HAL_Driver/Src/stm32l0xx_hal_uart_ex.c ****       }
 1202              		.loc 1 617 9 is_stmt 1 view .LVU312
 617:Drivers/STM32L0xx_HAL_Driver/Src/stm32l0xx_hal_uart_ex.c ****       }
 1203              		.loc 1 617 14 is_stmt 0 view .LVU313
 1204 0110 5A22     		movs	r2, #90
 1205 0112 A35A     		ldrh	r3, [r4, r2]
 617:Drivers/STM32L0xx_HAL_Driver/Src/stm32l0xx_hal_uart_ex.c ****       }
 1206              		.loc 1 617 27 view .LVU314
 1207 0114 013B     		subs	r3, r3, #1
ARM GAS  /var/folders/d7/pb3dkhys6j3db_qtp_8v34p80000gn/T//ccyA5zhx.s 			page 49


 1208 0116 9BB2     		uxth	r3, r3
 1209 0118 A352     		strh	r3, [r4, r2]
 1210              	.L51:
 621:Drivers/STM32L0xx_HAL_Driver/Src/stm32l0xx_hal_uart_ex.c ****       {
 1211              		.loc 1 621 7 is_stmt 1 view .LVU315
 621:Drivers/STM32L0xx_HAL_Driver/Src/stm32l0xx_hal_uart_ex.c ****       {
 1212              		.loc 1 621 10 is_stmt 0 view .LVU316
 1213 011a 731C     		adds	r3, r6, #1
 1214 011c 19D1     		bne	.L69
 1215              	.L49:
 583:Drivers/STM32L0xx_HAL_Driver/Src/stm32l0xx_hal_uart_ex.c ****     {
 1216              		.loc 1 583 31 is_stmt 1 view .LVU317
 583:Drivers/STM32L0xx_HAL_Driver/Src/stm32l0xx_hal_uart_ex.c ****     {
 1217              		.loc 1 583 17 is_stmt 0 view .LVU318
 1218 011e 5A23     		movs	r3, #90
 1219 0120 E35A     		ldrh	r3, [r4, r3]
 583:Drivers/STM32L0xx_HAL_Driver/Src/stm32l0xx_hal_uart_ex.c ****     {
 1220              		.loc 1 583 31 view .LVU319
 1221 0122 002B     		cmp	r3, #0
 1222 0124 22D0     		beq	.L70
 586:Drivers/STM32L0xx_HAL_Driver/Src/stm32l0xx_hal_uart_ex.c ****       {
 1223              		.loc 1 586 7 is_stmt 1 view .LVU320
 586:Drivers/STM32L0xx_HAL_Driver/Src/stm32l0xx_hal_uart_ex.c ****       {
 1224              		.loc 1 586 11 is_stmt 0 view .LVU321
 1225 0126 2368     		ldr	r3, [r4]
 1226 0128 DA69     		ldr	r2, [r3, #28]
 586:Drivers/STM32L0xx_HAL_Driver/Src/stm32l0xx_hal_uart_ex.c ****       {
 1227              		.loc 1 586 10 view .LVU322
 1228 012a D206     		lsls	r2, r2, #27
 1229 012c 04D5     		bpl	.L50
 589:Drivers/STM32L0xx_HAL_Driver/Src/stm32l0xx_hal_uart_ex.c **** 
 1230              		.loc 1 589 9 is_stmt 1 view .LVU323
 1231 012e 1022     		movs	r2, #16
 1232 0130 1A62     		str	r2, [r3, #32]
 593:Drivers/STM32L0xx_HAL_Driver/Src/stm32l0xx_hal_uart_ex.c ****         {
 1233              		.loc 1 593 9 view .LVU324
 593:Drivers/STM32L0xx_HAL_Driver/Src/stm32l0xx_hal_uart_ex.c ****         {
 1234              		.loc 1 593 13 is_stmt 0 view .LVU325
 1235 0132 3B88     		ldrh	r3, [r7]
 593:Drivers/STM32L0xx_HAL_Driver/Src/stm32l0xx_hal_uart_ex.c ****         {
 1236              		.loc 1 593 12 view .LVU326
 1237 0134 002B     		cmp	r3, #0
 1238 0136 D9D1     		bne	.L71
 1239              	.L50:
 603:Drivers/STM32L0xx_HAL_Driver/Src/stm32l0xx_hal_uart_ex.c ****       {
 1240              		.loc 1 603 7 is_stmt 1 view .LVU327
 603:Drivers/STM32L0xx_HAL_Driver/Src/stm32l0xx_hal_uart_ex.c ****       {
 1241              		.loc 1 603 11 is_stmt 0 view .LVU328
 1242 0138 2268     		ldr	r2, [r4]
 1243 013a D369     		ldr	r3, [r2, #28]
 603:Drivers/STM32L0xx_HAL_Driver/Src/stm32l0xx_hal_uart_ex.c ****       {
 1244              		.loc 1 603 10 view .LVU329
 1245 013c 9B06     		lsls	r3, r3, #26
 1246 013e ECD5     		bpl	.L51
 605:Drivers/STM32L0xx_HAL_Driver/Src/stm32l0xx_hal_uart_ex.c ****         {
 1247              		.loc 1 605 9 is_stmt 1 view .LVU330
 605:Drivers/STM32L0xx_HAL_Driver/Src/stm32l0xx_hal_uart_ex.c ****         {
ARM GAS  /var/folders/d7/pb3dkhys6j3db_qtp_8v34p80000gn/T//ccyA5zhx.s 			page 50


 1248              		.loc 1 605 12 is_stmt 0 view .LVU331
 1249 0140 002D     		cmp	r5, #0
 1250 0142 DAD0     		beq	.L72
 612:Drivers/STM32L0xx_HAL_Driver/Src/stm32l0xx_hal_uart_ex.c ****           pdata8bits++;
 1251              		.loc 1 612 11 is_stmt 1 view .LVU332
 612:Drivers/STM32L0xx_HAL_Driver/Src/stm32l0xx_hal_uart_ex.c ****           pdata8bits++;
 1252              		.loc 1 612 50 is_stmt 0 view .LVU333
 1253 0144 536A     		ldr	r3, [r2, #36]
 612:Drivers/STM32L0xx_HAL_Driver/Src/stm32l0xx_hal_uart_ex.c ****           pdata8bits++;
 1254              		.loc 1 612 58 view .LVU334
 1255 0146 6A46     		mov	r2, sp
 1256 0148 1279     		ldrb	r2, [r2, #4]
 612:Drivers/STM32L0xx_HAL_Driver/Src/stm32l0xx_hal_uart_ex.c ****           pdata8bits++;
 1257              		.loc 1 612 25 view .LVU335
 1258 014a 1340     		ands	r3, r2
 612:Drivers/STM32L0xx_HAL_Driver/Src/stm32l0xx_hal_uart_ex.c ****           pdata8bits++;
 1259              		.loc 1 612 23 view .LVU336
 1260 014c 2B70     		strb	r3, [r5]
 613:Drivers/STM32L0xx_HAL_Driver/Src/stm32l0xx_hal_uart_ex.c ****         }
 1261              		.loc 1 613 11 is_stmt 1 view .LVU337
 613:Drivers/STM32L0xx_HAL_Driver/Src/stm32l0xx_hal_uart_ex.c ****         }
 1262              		.loc 1 613 21 is_stmt 0 view .LVU338
 1263 014e 0135     		adds	r5, r5, #1
 1264              	.LVL84:
 613:Drivers/STM32L0xx_HAL_Driver/Src/stm32l0xx_hal_uart_ex.c ****         }
 1265              		.loc 1 613 21 view .LVU339
 1266 0150 DBE7     		b	.L53
 1267              	.LVL85:
 1268              	.L69:
 623:Drivers/STM32L0xx_HAL_Driver/Src/stm32l0xx_hal_uart_ex.c ****         {
 1269              		.loc 1 623 9 is_stmt 1 view .LVU340
 623:Drivers/STM32L0xx_HAL_Driver/Src/stm32l0xx_hal_uart_ex.c ****         {
 1270              		.loc 1 623 15 is_stmt 0 view .LVU341
 1271 0152 FFF7FEFF 		bl	HAL_GetTick
 1272              	.LVL86:
 623:Drivers/STM32L0xx_HAL_Driver/Src/stm32l0xx_hal_uart_ex.c ****         {
 1273              		.loc 1 623 29 discriminator 1 view .LVU342
 1274 0156 4B46     		mov	r3, r9
 1275 0158 C01A     		subs	r0, r0, r3
 623:Drivers/STM32L0xx_HAL_Driver/Src/stm32l0xx_hal_uart_ex.c ****         {
 1276              		.loc 1 623 12 discriminator 1 view .LVU343
 1277 015a B042     		cmp	r0, r6
 1278 015c 01D8     		bhi	.L55
 1279              	.LVL87:
 623:Drivers/STM32L0xx_HAL_Driver/Src/stm32l0xx_hal_uart_ex.c ****         {
 1280              		.loc 1 623 53 discriminator 1 view .LVU344
 1281 015e 002E     		cmp	r6, #0
 1282 0160 DDD1     		bne	.L49
 1283              	.L55:
 625:Drivers/STM32L0xx_HAL_Driver/Src/stm32l0xx_hal_uart_ex.c **** 
 1284              		.loc 1 625 11 is_stmt 1 view .LVU345
 625:Drivers/STM32L0xx_HAL_Driver/Src/stm32l0xx_hal_uart_ex.c **** 
 1285              		.loc 1 625 26 is_stmt 0 view .LVU346
 1286 0162 8023     		movs	r3, #128
 1287              	.LVL88:
 625:Drivers/STM32L0xx_HAL_Driver/Src/stm32l0xx_hal_uart_ex.c **** 
 1288              		.loc 1 625 26 view .LVU347
ARM GAS  /var/folders/d7/pb3dkhys6j3db_qtp_8v34p80000gn/T//ccyA5zhx.s 			page 51


 1289 0164 2022     		movs	r2, #32
 1290 0166 E250     		str	r2, [r4, r3]
 627:Drivers/STM32L0xx_HAL_Driver/Src/stm32l0xx_hal_uart_ex.c ****         }
 1291              		.loc 1 627 11 is_stmt 1 view .LVU348
 627:Drivers/STM32L0xx_HAL_Driver/Src/stm32l0xx_hal_uart_ex.c ****         }
 1292              		.loc 1 627 18 is_stmt 0 view .LVU349
 1293 0168 0320     		movs	r0, #3
 1294 016a 0BE0     		b	.L39
 1295              	.L70:
 633:Drivers/STM32L0xx_HAL_Driver/Src/stm32l0xx_hal_uart_ex.c ****     /* At end of Rx process, restore huart->RxState to Ready */
 1296              		.loc 1 633 5 is_stmt 1 view .LVU350
 633:Drivers/STM32L0xx_HAL_Driver/Src/stm32l0xx_hal_uart_ex.c ****     /* At end of Rx process, restore huart->RxState to Ready */
 1297              		.loc 1 633 19 is_stmt 0 view .LVU351
 1298 016c 5833     		adds	r3, r3, #88
 1299 016e E35A     		ldrh	r3, [r4, r3]
 633:Drivers/STM32L0xx_HAL_Driver/Src/stm32l0xx_hal_uart_ex.c ****     /* At end of Rx process, restore huart->RxState to Ready */
 1300              		.loc 1 633 39 view .LVU352
 1301 0170 5A22     		movs	r2, #90
 1302 0172 A25A     		ldrh	r2, [r4, r2]
 633:Drivers/STM32L0xx_HAL_Driver/Src/stm32l0xx_hal_uart_ex.c ****     /* At end of Rx process, restore huart->RxState to Ready */
 1303              		.loc 1 633 32 view .LVU353
 1304 0174 9B1A     		subs	r3, r3, r2
 633:Drivers/STM32L0xx_HAL_Driver/Src/stm32l0xx_hal_uart_ex.c ****     /* At end of Rx process, restore huart->RxState to Ready */
 1305              		.loc 1 633 12 view .LVU354
 1306 0176 3B80     		strh	r3, [r7]
 635:Drivers/STM32L0xx_HAL_Driver/Src/stm32l0xx_hal_uart_ex.c **** 
 1307              		.loc 1 635 5 is_stmt 1 view .LVU355
 635:Drivers/STM32L0xx_HAL_Driver/Src/stm32l0xx_hal_uart_ex.c **** 
 1308              		.loc 1 635 20 is_stmt 0 view .LVU356
 1309 0178 8023     		movs	r3, #128
 1310 017a 2022     		movs	r2, #32
 1311 017c E250     		str	r2, [r4, r3]
 637:Drivers/STM32L0xx_HAL_Driver/Src/stm32l0xx_hal_uart_ex.c ****   }
 1312              		.loc 1 637 5 is_stmt 1 view .LVU357
 637:Drivers/STM32L0xx_HAL_Driver/Src/stm32l0xx_hal_uart_ex.c ****   }
 1313              		.loc 1 637 12 is_stmt 0 view .LVU358
 1314 017e 0020     		movs	r0, #0
 1315 0180 00E0     		b	.L39
 1316              	.LVL89:
 1317              	.L57:
 641:Drivers/STM32L0xx_HAL_Driver/Src/stm32l0xx_hal_uart_ex.c ****   }
 1318              		.loc 1 641 12 view .LVU359
 1319 0182 0220     		movs	r0, #2
 1320              	.LVL90:
 1321              	.L39:
 643:Drivers/STM32L0xx_HAL_Driver/Src/stm32l0xx_hal_uart_ex.c **** 
 1322              		.loc 1 643 1 view .LVU360
 1323 0184 02B0     		add	sp, sp, #8
 1324              		@ sp needed
 1325              	.LVL91:
 1326              	.LVL92:
 1327              	.LVL93:
 643:Drivers/STM32L0xx_HAL_Driver/Src/stm32l0xx_hal_uart_ex.c **** 
 1328              		.loc 1 643 1 view .LVU361
 1329 0186 E0BC     		pop	{r5, r6, r7}
 1330 0188 BA46     		mov	r10, r7
 1331 018a B146     		mov	r9, r6
ARM GAS  /var/folders/d7/pb3dkhys6j3db_qtp_8v34p80000gn/T//ccyA5zhx.s 			page 52


 1332 018c A846     		mov	r8, r5
 1333 018e F0BD     		pop	{r4, r5, r6, r7, pc}
 1334              	.LVL94:
 1335              	.L58:
 538:Drivers/STM32L0xx_HAL_Driver/Src/stm32l0xx_hal_uart_ex.c ****     }
 1336              		.loc 1 538 15 view .LVU362
 1337 0190 0120     		movs	r0, #1
 1338              	.LVL95:
 538:Drivers/STM32L0xx_HAL_Driver/Src/stm32l0xx_hal_uart_ex.c ****     }
 1339              		.loc 1 538 15 view .LVU363
 1340 0192 F7E7     		b	.L39
 1341              	.LVL96:
 1342              	.L59:
 538:Drivers/STM32L0xx_HAL_Driver/Src/stm32l0xx_hal_uart_ex.c ****     }
 1343              		.loc 1 538 15 view .LVU364
 1344 0194 0120     		movs	r0, #1
 1345              	.LVL97:
 538:Drivers/STM32L0xx_HAL_Driver/Src/stm32l0xx_hal_uart_ex.c ****     }
 1346              		.loc 1 538 15 view .LVU365
 1347 0196 F5E7     		b	.L39
 1348              	.LVL98:
 1349              	.L60:
 548:Drivers/STM32L0xx_HAL_Driver/Src/stm32l0xx_hal_uart_ex.c ****       }
 1350              		.loc 1 548 17 view .LVU366
 1351 0198 0120     		movs	r0, #1
 1352              	.LVL99:
 548:Drivers/STM32L0xx_HAL_Driver/Src/stm32l0xx_hal_uart_ex.c ****       }
 1353              		.loc 1 548 17 view .LVU367
 1354 019a F3E7     		b	.L39
 1355              	.L74:
 1356              		.align	2
 1357              	.L73:
 1358 019c FF010000 		.word	511
 1359              		.cfi_endproc
 1360              	.LFE55:
 1362              		.section	.text.HAL_UARTEx_ReceiveToIdle_IT,"ax",%progbits
 1363              		.align	1
 1364              		.global	HAL_UARTEx_ReceiveToIdle_IT
 1365              		.syntax unified
 1366              		.code	16
 1367              		.thumb_func
 1369              	HAL_UARTEx_ReceiveToIdle_IT:
 1370              	.LVL100:
 1371              	.LFB56:
 665:Drivers/STM32L0xx_HAL_Driver/Src/stm32l0xx_hal_uart_ex.c ****   HAL_StatusTypeDef status = HAL_OK;
 1372              		.loc 1 665 1 is_stmt 1 view -0
 1373              		.cfi_startproc
 1374              		@ args = 0, pretend = 0, frame = 0
 1375              		@ frame_needed = 0, uses_anonymous_args = 0
 665:Drivers/STM32L0xx_HAL_Driver/Src/stm32l0xx_hal_uart_ex.c ****   HAL_StatusTypeDef status = HAL_OK;
 1376              		.loc 1 665 1 is_stmt 0 view .LVU369
 1377 0000 10B5     		push	{r4, lr}
 1378              	.LCFI13:
 1379              		.cfi_def_cfa_offset 8
 1380              		.cfi_offset 4, -8
 1381              		.cfi_offset 14, -4
 1382 0002 0400     		movs	r4, r0
ARM GAS  /var/folders/d7/pb3dkhys6j3db_qtp_8v34p80000gn/T//ccyA5zhx.s 			page 53


 666:Drivers/STM32L0xx_HAL_Driver/Src/stm32l0xx_hal_uart_ex.c **** 
 1383              		.loc 1 666 3 is_stmt 1 view .LVU370
 1384              	.LVL101:
 669:Drivers/STM32L0xx_HAL_Driver/Src/stm32l0xx_hal_uart_ex.c ****   {
 1385              		.loc 1 669 3 view .LVU371
 669:Drivers/STM32L0xx_HAL_Driver/Src/stm32l0xx_hal_uart_ex.c ****   {
 1386              		.loc 1 669 12 is_stmt 0 view .LVU372
 1387 0004 8023     		movs	r3, #128
 1388 0006 C358     		ldr	r3, [r0, r3]
 669:Drivers/STM32L0xx_HAL_Driver/Src/stm32l0xx_hal_uart_ex.c ****   {
 1389              		.loc 1 669 6 view .LVU373
 1390 0008 202B     		cmp	r3, #32
 1391 000a 29D1     		bne	.L79
 671:Drivers/STM32L0xx_HAL_Driver/Src/stm32l0xx_hal_uart_ex.c ****     {
 1392              		.loc 1 671 5 is_stmt 1 view .LVU374
 671:Drivers/STM32L0xx_HAL_Driver/Src/stm32l0xx_hal_uart_ex.c ****     {
 1393              		.loc 1 671 8 is_stmt 0 view .LVU375
 1394 000c 0029     		cmp	r1, #0
 1395 000e 29D0     		beq	.L80
 671:Drivers/STM32L0xx_HAL_Driver/Src/stm32l0xx_hal_uart_ex.c ****     {
 1396              		.loc 1 671 25 discriminator 1 view .LVU376
 1397 0010 002A     		cmp	r2, #0
 1398 0012 29D0     		beq	.L81
 679:Drivers/STM32L0xx_HAL_Driver/Src/stm32l0xx_hal_uart_ex.c ****     {
 1399              		.loc 1 679 5 is_stmt 1 view .LVU377
 679:Drivers/STM32L0xx_HAL_Driver/Src/stm32l0xx_hal_uart_ex.c ****     {
 1400              		.loc 1 679 21 is_stmt 0 view .LVU378
 1401 0014 8068     		ldr	r0, [r0, #8]
 1402              	.LVL102:
 679:Drivers/STM32L0xx_HAL_Driver/Src/stm32l0xx_hal_uart_ex.c ****     {
 1403              		.loc 1 679 8 view .LVU379
 1404 0016 8023     		movs	r3, #128
 1405 0018 5B01     		lsls	r3, r3, #5
 1406 001a 9842     		cmp	r0, r3
 1407 001c 04D1     		bne	.L77
 679:Drivers/STM32L0xx_HAL_Driver/Src/stm32l0xx_hal_uart_ex.c ****     {
 1408              		.loc 1 679 71 discriminator 1 view .LVU380
 1409 001e 2369     		ldr	r3, [r4, #16]
 679:Drivers/STM32L0xx_HAL_Driver/Src/stm32l0xx_hal_uart_ex.c ****     {
 1410              		.loc 1 679 56 discriminator 1 view .LVU381
 1411 0020 002B     		cmp	r3, #0
 1412 0022 01D1     		bne	.L77
 681:Drivers/STM32L0xx_HAL_Driver/Src/stm32l0xx_hal_uart_ex.c ****       {
 1413              		.loc 1 681 7 is_stmt 1 view .LVU382
 681:Drivers/STM32L0xx_HAL_Driver/Src/stm32l0xx_hal_uart_ex.c ****       {
 1414              		.loc 1 681 10 is_stmt 0 view .LVU383
 1415 0024 CB07     		lsls	r3, r1, #31
 1416 0026 21D4     		bmi	.L82
 1417              	.L77:
 688:Drivers/STM32L0xx_HAL_Driver/Src/stm32l0xx_hal_uart_ex.c ****     huart->RxEventType = HAL_UART_RXEVENT_TC;
 1418              		.loc 1 688 5 is_stmt 1 view .LVU384
 688:Drivers/STM32L0xx_HAL_Driver/Src/stm32l0xx_hal_uart_ex.c ****     huart->RxEventType = HAL_UART_RXEVENT_TC;
 1419              		.loc 1 688 26 is_stmt 0 view .LVU385
 1420 0028 0123     		movs	r3, #1
 1421 002a 2366     		str	r3, [r4, #96]
 689:Drivers/STM32L0xx_HAL_Driver/Src/stm32l0xx_hal_uart_ex.c **** 
 1422              		.loc 1 689 5 is_stmt 1 view .LVU386
ARM GAS  /var/folders/d7/pb3dkhys6j3db_qtp_8v34p80000gn/T//ccyA5zhx.s 			page 54


 689:Drivers/STM32L0xx_HAL_Driver/Src/stm32l0xx_hal_uart_ex.c **** 
 1423              		.loc 1 689 24 is_stmt 0 view .LVU387
 1424 002c 0023     		movs	r3, #0
 1425 002e 6366     		str	r3, [r4, #100]
 691:Drivers/STM32L0xx_HAL_Driver/Src/stm32l0xx_hal_uart_ex.c **** 
 1426              		.loc 1 691 5 is_stmt 1 view .LVU388
 691:Drivers/STM32L0xx_HAL_Driver/Src/stm32l0xx_hal_uart_ex.c **** 
 1427              		.loc 1 691 11 is_stmt 0 view .LVU389
 1428 0030 2000     		movs	r0, r4
 1429 0032 FFF7FEFF 		bl	UART_Start_Receive_IT
 1430              	.LVL103:
 693:Drivers/STM32L0xx_HAL_Driver/Src/stm32l0xx_hal_uart_ex.c ****     {
 1431              		.loc 1 693 5 is_stmt 1 view .LVU390
 693:Drivers/STM32L0xx_HAL_Driver/Src/stm32l0xx_hal_uart_ex.c ****     {
 1432              		.loc 1 693 14 is_stmt 0 view .LVU391
 1433 0036 236E     		ldr	r3, [r4, #96]
 693:Drivers/STM32L0xx_HAL_Driver/Src/stm32l0xx_hal_uart_ex.c ****     {
 1434              		.loc 1 693 8 view .LVU392
 1435 0038 012B     		cmp	r3, #1
 1436 003a 01D0     		beq	.L84
 704:Drivers/STM32L0xx_HAL_Driver/Src/stm32l0xx_hal_uart_ex.c ****     }
 1437              		.loc 1 704 14 view .LVU393
 1438 003c 0120     		movs	r0, #1
 1439              	.LVL104:
 707:Drivers/STM32L0xx_HAL_Driver/Src/stm32l0xx_hal_uart_ex.c ****   }
 1440              		.loc 1 707 5 is_stmt 1 view .LVU394
 707:Drivers/STM32L0xx_HAL_Driver/Src/stm32l0xx_hal_uart_ex.c ****   }
 1441              		.loc 1 707 12 is_stmt 0 view .LVU395
 1442 003e 10E0     		b	.L76
 1443              	.LVL105:
 1444              	.L84:
 695:Drivers/STM32L0xx_HAL_Driver/Src/stm32l0xx_hal_uart_ex.c ****       ATOMIC_SET_BIT(huart->Instance->CR1, USART_CR1_IDLEIE);
 1445              		.loc 1 695 7 is_stmt 1 view .LVU396
 1446 0040 2368     		ldr	r3, [r4]
 1447 0042 1021     		movs	r1, #16
 1448 0044 1962     		str	r1, [r3, #32]
 696:Drivers/STM32L0xx_HAL_Driver/Src/stm32l0xx_hal_uart_ex.c ****     }
 1449              		.loc 1 696 7 view .LVU397
 1450              	.LBB72:
 696:Drivers/STM32L0xx_HAL_Driver/Src/stm32l0xx_hal_uart_ex.c ****     }
 1451              		.loc 1 696 7 view .LVU398
 696:Drivers/STM32L0xx_HAL_Driver/Src/stm32l0xx_hal_uart_ex.c ****     }
 1452              		.loc 1 696 7 view .LVU399
 1453              	.LBB73:
 1454              	.LBI73:
 382:Drivers/CMSIS/Include/cmsis_gcc.h **** {
 1455              		.loc 2 382 31 view .LVU400
 1456              	.LBB74:
 384:Drivers/CMSIS/Include/cmsis_gcc.h **** 
 1457              		.loc 2 384 3 view .LVU401
 386:Drivers/CMSIS/Include/cmsis_gcc.h ****   return(result);
 1458              		.loc 2 386 3 view .LVU402
 1459              		.syntax divided
 1460              	@ 386 "Drivers/CMSIS/Include/cmsis_gcc.h" 1
 1461 0046 EFF31080 		MRS r0, primask
 1462              	@ 0 "" 2
 1463              	.LVL106:
ARM GAS  /var/folders/d7/pb3dkhys6j3db_qtp_8v34p80000gn/T//ccyA5zhx.s 			page 55


 387:Drivers/CMSIS/Include/cmsis_gcc.h **** }
 1464              		.loc 2 387 3 view .LVU403
 387:Drivers/CMSIS/Include/cmsis_gcc.h **** }
 1465              		.loc 2 387 3 is_stmt 0 view .LVU404
 1466              		.thumb
 1467              		.syntax unified
 1468              	.LBE74:
 1469              	.LBE73:
 696:Drivers/STM32L0xx_HAL_Driver/Src/stm32l0xx_hal_uart_ex.c ****     }
 1470              		.loc 1 696 7 is_stmt 1 discriminator 1 view .LVU405
 1471              	.LBB75:
 1472              	.LBI75:
 412:Drivers/CMSIS/Include/cmsis_gcc.h **** {
 1473              		.loc 2 412 27 view .LVU406
 1474              	.LBB76:
 1475              		.loc 2 414 3 view .LVU407
 1476 004a 0123     		movs	r3, #1
 1477              		.syntax divided
 1478              	@ 414 "Drivers/CMSIS/Include/cmsis_gcc.h" 1
 1479 004c 83F31088 		MSR primask, r3
 1480              	@ 0 "" 2
 1481              	.LVL107:
 1482              		.loc 2 414 3 is_stmt 0 view .LVU408
 1483              		.thumb
 1484              		.syntax unified
 1485              	.LBE76:
 1486              	.LBE75:
 696:Drivers/STM32L0xx_HAL_Driver/Src/stm32l0xx_hal_uart_ex.c ****     }
 1487              		.loc 1 696 7 is_stmt 1 discriminator 2 view .LVU409
 1488 0050 2268     		ldr	r2, [r4]
 1489 0052 1368     		ldr	r3, [r2]
 1490 0054 0B43     		orrs	r3, r1
 1491 0056 1360     		str	r3, [r2]
 696:Drivers/STM32L0xx_HAL_Driver/Src/stm32l0xx_hal_uart_ex.c ****     }
 1492              		.loc 1 696 7 discriminator 2 view .LVU410
 1493              	.LVL108:
 1494              	.LBB77:
 1495              	.LBI77:
 412:Drivers/CMSIS/Include/cmsis_gcc.h **** {
 1496              		.loc 2 412 27 view .LVU411
 1497              	.LBB78:
 1498              		.loc 2 414 3 view .LVU412
 1499              		.syntax divided
 1500              	@ 414 "Drivers/CMSIS/Include/cmsis_gcc.h" 1
 1501 0058 80F31088 		MSR primask, r0
 1502              	@ 0 "" 2
 1503              	.LVL109:
 1504              		.loc 2 414 3 is_stmt 0 view .LVU413
 1505              		.thumb
 1506              		.syntax unified
 1507              	.LBE78:
 1508              	.LBE77:
 1509              	.LBE72:
 696:Drivers/STM32L0xx_HAL_Driver/Src/stm32l0xx_hal_uart_ex.c ****     }
 1510              		.loc 1 696 7 is_stmt 1 discriminator 3 view .LVU414
 666:Drivers/STM32L0xx_HAL_Driver/Src/stm32l0xx_hal_uart_ex.c **** 
 1511              		.loc 1 666 21 is_stmt 0 view .LVU415
ARM GAS  /var/folders/d7/pb3dkhys6j3db_qtp_8v34p80000gn/T//ccyA5zhx.s 			page 56


 1512 005c 0020     		movs	r0, #0
 1513              	.LVL110:
 1514              	.LBB81:
 1515              	.LBB80:
 1516              	.LBB79:
 415:Drivers/CMSIS/Include/cmsis_gcc.h **** }
 1517              		.loc 2 415 1 view .LVU416
 1518 005e 00E0     		b	.L76
 1519              	.LVL111:
 1520              	.L79:
 1521              		.loc 2 415 1 view .LVU417
 1522              	.LBE79:
 1523              	.LBE80:
 1524              	.LBE81:
 711:Drivers/STM32L0xx_HAL_Driver/Src/stm32l0xx_hal_uart_ex.c ****   }
 1525              		.loc 1 711 12 view .LVU418
 1526 0060 0220     		movs	r0, #2
 1527              	.LVL112:
 1528              	.L76:
 713:Drivers/STM32L0xx_HAL_Driver/Src/stm32l0xx_hal_uart_ex.c **** 
 1529              		.loc 1 713 1 view .LVU419
 1530              		@ sp needed
 1531              	.LVL113:
 713:Drivers/STM32L0xx_HAL_Driver/Src/stm32l0xx_hal_uart_ex.c **** 
 1532              		.loc 1 713 1 view .LVU420
 1533 0062 10BD     		pop	{r4, pc}
 1534              	.LVL114:
 1535              	.L80:
 673:Drivers/STM32L0xx_HAL_Driver/Src/stm32l0xx_hal_uart_ex.c ****     }
 1536              		.loc 1 673 14 view .LVU421
 1537 0064 0120     		movs	r0, #1
 1538              	.LVL115:
 673:Drivers/STM32L0xx_HAL_Driver/Src/stm32l0xx_hal_uart_ex.c ****     }
 1539              		.loc 1 673 14 view .LVU422
 1540 0066 FCE7     		b	.L76
 1541              	.LVL116:
 1542              	.L81:
 673:Drivers/STM32L0xx_HAL_Driver/Src/stm32l0xx_hal_uart_ex.c ****     }
 1543              		.loc 1 673 14 view .LVU423
 1544 0068 0120     		movs	r0, #1
 1545              	.LVL117:
 673:Drivers/STM32L0xx_HAL_Driver/Src/stm32l0xx_hal_uart_ex.c ****     }
 1546              		.loc 1 673 14 view .LVU424
 1547 006a FAE7     		b	.L76
 1548              	.L82:
 683:Drivers/STM32L0xx_HAL_Driver/Src/stm32l0xx_hal_uart_ex.c ****       }
 1549              		.loc 1 683 17 view .LVU425
 1550 006c 0120     		movs	r0, #1
 1551 006e F8E7     		b	.L76
 1552              		.cfi_endproc
 1553              	.LFE56:
 1555              		.section	.text.HAL_UARTEx_ReceiveToIdle_DMA,"ax",%progbits
 1556              		.align	1
 1557              		.global	HAL_UARTEx_ReceiveToIdle_DMA
 1558              		.syntax unified
 1559              		.code	16
 1560              		.thumb_func
ARM GAS  /var/folders/d7/pb3dkhys6j3db_qtp_8v34p80000gn/T//ccyA5zhx.s 			page 57


 1562              	HAL_UARTEx_ReceiveToIdle_DMA:
 1563              	.LVL118:
 1564              	.LFB57:
 738:Drivers/STM32L0xx_HAL_Driver/Src/stm32l0xx_hal_uart_ex.c ****   HAL_StatusTypeDef status;
 1565              		.loc 1 738 1 is_stmt 1 view -0
 1566              		.cfi_startproc
 1567              		@ args = 0, pretend = 0, frame = 0
 1568              		@ frame_needed = 0, uses_anonymous_args = 0
 738:Drivers/STM32L0xx_HAL_Driver/Src/stm32l0xx_hal_uart_ex.c ****   HAL_StatusTypeDef status;
 1569              		.loc 1 738 1 is_stmt 0 view .LVU427
 1570 0000 10B5     		push	{r4, lr}
 1571              	.LCFI14:
 1572              		.cfi_def_cfa_offset 8
 1573              		.cfi_offset 4, -8
 1574              		.cfi_offset 14, -4
 1575 0002 0400     		movs	r4, r0
 739:Drivers/STM32L0xx_HAL_Driver/Src/stm32l0xx_hal_uart_ex.c **** 
 1576              		.loc 1 739 3 is_stmt 1 view .LVU428
 742:Drivers/STM32L0xx_HAL_Driver/Src/stm32l0xx_hal_uart_ex.c ****   {
 1577              		.loc 1 742 3 view .LVU429
 742:Drivers/STM32L0xx_HAL_Driver/Src/stm32l0xx_hal_uart_ex.c ****   {
 1578              		.loc 1 742 12 is_stmt 0 view .LVU430
 1579 0004 8023     		movs	r3, #128
 1580 0006 C358     		ldr	r3, [r0, r3]
 742:Drivers/STM32L0xx_HAL_Driver/Src/stm32l0xx_hal_uart_ex.c ****   {
 1581              		.loc 1 742 6 view .LVU431
 1582 0008 202B     		cmp	r3, #32
 1583 000a 2AD1     		bne	.L89
 744:Drivers/STM32L0xx_HAL_Driver/Src/stm32l0xx_hal_uart_ex.c ****     {
 1584              		.loc 1 744 5 is_stmt 1 view .LVU432
 744:Drivers/STM32L0xx_HAL_Driver/Src/stm32l0xx_hal_uart_ex.c ****     {
 1585              		.loc 1 744 8 is_stmt 0 view .LVU433
 1586 000c 0029     		cmp	r1, #0
 1587 000e 2AD0     		beq	.L90
 744:Drivers/STM32L0xx_HAL_Driver/Src/stm32l0xx_hal_uart_ex.c ****     {
 1588              		.loc 1 744 25 discriminator 1 view .LVU434
 1589 0010 002A     		cmp	r2, #0
 1590 0012 2AD0     		beq	.L91
 752:Drivers/STM32L0xx_HAL_Driver/Src/stm32l0xx_hal_uart_ex.c ****     {
 1591              		.loc 1 752 5 is_stmt 1 view .LVU435
 752:Drivers/STM32L0xx_HAL_Driver/Src/stm32l0xx_hal_uart_ex.c ****     {
 1592              		.loc 1 752 21 is_stmt 0 view .LVU436
 1593 0014 8068     		ldr	r0, [r0, #8]
 1594              	.LVL119:
 752:Drivers/STM32L0xx_HAL_Driver/Src/stm32l0xx_hal_uart_ex.c ****     {
 1595              		.loc 1 752 8 view .LVU437
 1596 0016 8023     		movs	r3, #128
 1597 0018 5B01     		lsls	r3, r3, #5
 1598 001a 9842     		cmp	r0, r3
 1599 001c 04D1     		bne	.L87
 752:Drivers/STM32L0xx_HAL_Driver/Src/stm32l0xx_hal_uart_ex.c ****     {
 1600              		.loc 1 752 71 discriminator 1 view .LVU438
 1601 001e 2369     		ldr	r3, [r4, #16]
 752:Drivers/STM32L0xx_HAL_Driver/Src/stm32l0xx_hal_uart_ex.c ****     {
 1602              		.loc 1 752 56 discriminator 1 view .LVU439
 1603 0020 002B     		cmp	r3, #0
 1604 0022 01D1     		bne	.L87
ARM GAS  /var/folders/d7/pb3dkhys6j3db_qtp_8v34p80000gn/T//ccyA5zhx.s 			page 58


 754:Drivers/STM32L0xx_HAL_Driver/Src/stm32l0xx_hal_uart_ex.c ****       {
 1605              		.loc 1 754 7 is_stmt 1 view .LVU440
 754:Drivers/STM32L0xx_HAL_Driver/Src/stm32l0xx_hal_uart_ex.c ****       {
 1606              		.loc 1 754 10 is_stmt 0 view .LVU441
 1607 0024 CB07     		lsls	r3, r1, #31
 1608 0026 22D4     		bmi	.L92
 1609              	.L87:
 761:Drivers/STM32L0xx_HAL_Driver/Src/stm32l0xx_hal_uart_ex.c ****     huart->RxEventType = HAL_UART_RXEVENT_TC;
 1610              		.loc 1 761 5 is_stmt 1 view .LVU442
 761:Drivers/STM32L0xx_HAL_Driver/Src/stm32l0xx_hal_uart_ex.c ****     huart->RxEventType = HAL_UART_RXEVENT_TC;
 1611              		.loc 1 761 26 is_stmt 0 view .LVU443
 1612 0028 0123     		movs	r3, #1
 1613 002a 2366     		str	r3, [r4, #96]
 762:Drivers/STM32L0xx_HAL_Driver/Src/stm32l0xx_hal_uart_ex.c **** 
 1614              		.loc 1 762 5 is_stmt 1 view .LVU444
 762:Drivers/STM32L0xx_HAL_Driver/Src/stm32l0xx_hal_uart_ex.c **** 
 1615              		.loc 1 762 24 is_stmt 0 view .LVU445
 1616 002c 0023     		movs	r3, #0
 1617 002e 6366     		str	r3, [r4, #100]
 764:Drivers/STM32L0xx_HAL_Driver/Src/stm32l0xx_hal_uart_ex.c **** 
 1618              		.loc 1 764 5 is_stmt 1 view .LVU446
 764:Drivers/STM32L0xx_HAL_Driver/Src/stm32l0xx_hal_uart_ex.c **** 
 1619              		.loc 1 764 15 is_stmt 0 view .LVU447
 1620 0030 2000     		movs	r0, r4
 1621 0032 FFF7FEFF 		bl	UART_Start_Receive_DMA
 1622              	.LVL120:
 767:Drivers/STM32L0xx_HAL_Driver/Src/stm32l0xx_hal_uart_ex.c ****     {
 1623              		.loc 1 767 5 is_stmt 1 view .LVU448
 767:Drivers/STM32L0xx_HAL_Driver/Src/stm32l0xx_hal_uart_ex.c ****     {
 1624              		.loc 1 767 8 is_stmt 0 view .LVU449
 1625 0036 0028     		cmp	r0, #0
 1626 0038 14D1     		bne	.L86
 769:Drivers/STM32L0xx_HAL_Driver/Src/stm32l0xx_hal_uart_ex.c ****       {
 1627              		.loc 1 769 7 is_stmt 1 view .LVU450
 769:Drivers/STM32L0xx_HAL_Driver/Src/stm32l0xx_hal_uart_ex.c ****       {
 1628              		.loc 1 769 16 is_stmt 0 view .LVU451
 1629 003a 236E     		ldr	r3, [r4, #96]
 769:Drivers/STM32L0xx_HAL_Driver/Src/stm32l0xx_hal_uart_ex.c ****       {
 1630              		.loc 1 769 10 view .LVU452
 1631 003c 012B     		cmp	r3, #1
 1632 003e 01D0     		beq	.L94
 780:Drivers/STM32L0xx_HAL_Driver/Src/stm32l0xx_hal_uart_ex.c ****       }
 1633              		.loc 1 780 16 view .LVU453
 1634 0040 0120     		movs	r0, #1
 1635              	.LVL121:
 784:Drivers/STM32L0xx_HAL_Driver/Src/stm32l0xx_hal_uart_ex.c ****   }
 1636              		.loc 1 784 5 is_stmt 1 view .LVU454
 784:Drivers/STM32L0xx_HAL_Driver/Src/stm32l0xx_hal_uart_ex.c ****   }
 1637              		.loc 1 784 12 is_stmt 0 view .LVU455
 1638 0042 0FE0     		b	.L86
 1639              	.LVL122:
 1640              	.L94:
 771:Drivers/STM32L0xx_HAL_Driver/Src/stm32l0xx_hal_uart_ex.c ****         ATOMIC_SET_BIT(huart->Instance->CR1, USART_CR1_IDLEIE);
 1641              		.loc 1 771 9 is_stmt 1 view .LVU456
 1642 0044 2368     		ldr	r3, [r4]
 1643 0046 1021     		movs	r1, #16
 1644 0048 1962     		str	r1, [r3, #32]
ARM GAS  /var/folders/d7/pb3dkhys6j3db_qtp_8v34p80000gn/T//ccyA5zhx.s 			page 59


 772:Drivers/STM32L0xx_HAL_Driver/Src/stm32l0xx_hal_uart_ex.c ****       }
 1645              		.loc 1 772 9 view .LVU457
 1646              	.LBB82:
 772:Drivers/STM32L0xx_HAL_Driver/Src/stm32l0xx_hal_uart_ex.c ****       }
 1647              		.loc 1 772 9 view .LVU458
 772:Drivers/STM32L0xx_HAL_Driver/Src/stm32l0xx_hal_uart_ex.c ****       }
 1648              		.loc 1 772 9 view .LVU459
 1649              	.LBB83:
 1650              	.LBI83:
 382:Drivers/CMSIS/Include/cmsis_gcc.h **** {
 1651              		.loc 2 382 31 view .LVU460
 1652              	.LBB84:
 384:Drivers/CMSIS/Include/cmsis_gcc.h **** 
 1653              		.loc 2 384 3 view .LVU461
 386:Drivers/CMSIS/Include/cmsis_gcc.h ****   return(result);
 1654              		.loc 2 386 3 view .LVU462
 1655              		.syntax divided
 1656              	@ 386 "Drivers/CMSIS/Include/cmsis_gcc.h" 1
 1657 004a EFF3108C 		MRS ip, primask
 1658              	@ 0 "" 2
 1659              	.LVL123:
 387:Drivers/CMSIS/Include/cmsis_gcc.h **** }
 1660              		.loc 2 387 3 view .LVU463
 387:Drivers/CMSIS/Include/cmsis_gcc.h **** }
 1661              		.loc 2 387 3 is_stmt 0 view .LVU464
 1662              		.thumb
 1663              		.syntax unified
 1664              	.LBE84:
 1665              	.LBE83:
 772:Drivers/STM32L0xx_HAL_Driver/Src/stm32l0xx_hal_uart_ex.c ****       }
 1666              		.loc 1 772 9 is_stmt 1 discriminator 1 view .LVU465
 1667              	.LBB85:
 1668              	.LBI85:
 412:Drivers/CMSIS/Include/cmsis_gcc.h **** {
 1669              		.loc 2 412 27 view .LVU466
 1670              	.LBB86:
 414:Drivers/CMSIS/Include/cmsis_gcc.h **** }
 1671              		.loc 2 414 3 view .LVU467
 1672 004e 0123     		movs	r3, #1
 1673              		.syntax divided
 1674              	@ 414 "Drivers/CMSIS/Include/cmsis_gcc.h" 1
 1675 0050 83F31088 		MSR primask, r3
 1676              	@ 0 "" 2
 1677              	.LVL124:
 414:Drivers/CMSIS/Include/cmsis_gcc.h **** }
 1678              		.loc 2 414 3 is_stmt 0 view .LVU468
 1679              		.thumb
 1680              		.syntax unified
 1681              	.LBE86:
 1682              	.LBE85:
 772:Drivers/STM32L0xx_HAL_Driver/Src/stm32l0xx_hal_uart_ex.c ****       }
 1683              		.loc 1 772 9 is_stmt 1 discriminator 2 view .LVU469
 1684 0054 2268     		ldr	r2, [r4]
 1685 0056 1368     		ldr	r3, [r2]
 1686 0058 0B43     		orrs	r3, r1
 1687 005a 1360     		str	r3, [r2]
 772:Drivers/STM32L0xx_HAL_Driver/Src/stm32l0xx_hal_uart_ex.c ****       }
ARM GAS  /var/folders/d7/pb3dkhys6j3db_qtp_8v34p80000gn/T//ccyA5zhx.s 			page 60


 1688              		.loc 1 772 9 discriminator 2 view .LVU470
 1689              	.LVL125:
 1690              	.LBB87:
 1691              	.LBI87:
 412:Drivers/CMSIS/Include/cmsis_gcc.h **** {
 1692              		.loc 2 412 27 view .LVU471
 1693              	.LBB88:
 414:Drivers/CMSIS/Include/cmsis_gcc.h **** }
 1694              		.loc 2 414 3 view .LVU472
 1695              		.syntax divided
 1696              	@ 414 "Drivers/CMSIS/Include/cmsis_gcc.h" 1
 1697 005c 8CF31088 		MSR primask, ip
 1698              	@ 0 "" 2
 1699              	.LVL126:
 414:Drivers/CMSIS/Include/cmsis_gcc.h **** }
 1700              		.loc 2 414 3 is_stmt 0 view .LVU473
 1701              		.thumb
 1702              		.syntax unified
 1703              	.LBE88:
 1704              	.LBE87:
 1705              	.LBE82:
 772:Drivers/STM32L0xx_HAL_Driver/Src/stm32l0xx_hal_uart_ex.c ****       }
 1706              		.loc 1 772 9 is_stmt 1 discriminator 3 view .LVU474
 1707              	.LBB91:
 1708              	.LBB90:
 1709              	.LBB89:
 1710              		.loc 2 415 1 is_stmt 0 view .LVU475
 1711 0060 00E0     		b	.L86
 1712              	.LVL127:
 1713              	.L89:
 1714              		.loc 2 415 1 view .LVU476
 1715              	.LBE89:
 1716              	.LBE90:
 1717              	.LBE91:
 788:Drivers/STM32L0xx_HAL_Driver/Src/stm32l0xx_hal_uart_ex.c ****   }
 1718              		.loc 1 788 12 view .LVU477
 1719 0062 0220     		movs	r0, #2
 1720              	.LVL128:
 1721              	.L86:
 790:Drivers/STM32L0xx_HAL_Driver/Src/stm32l0xx_hal_uart_ex.c **** 
 1722              		.loc 1 790 1 view .LVU478
 1723              		@ sp needed
 1724              	.LVL129:
 790:Drivers/STM32L0xx_HAL_Driver/Src/stm32l0xx_hal_uart_ex.c **** 
 1725              		.loc 1 790 1 view .LVU479
 1726 0064 10BD     		pop	{r4, pc}
 1727              	.LVL130:
 1728              	.L90:
 746:Drivers/STM32L0xx_HAL_Driver/Src/stm32l0xx_hal_uart_ex.c ****     }
 1729              		.loc 1 746 14 view .LVU480
 1730 0066 0120     		movs	r0, #1
 1731              	.LVL131:
 746:Drivers/STM32L0xx_HAL_Driver/Src/stm32l0xx_hal_uart_ex.c ****     }
 1732              		.loc 1 746 14 view .LVU481
 1733 0068 FCE7     		b	.L86
 1734              	.LVL132:
 1735              	.L91:
ARM GAS  /var/folders/d7/pb3dkhys6j3db_qtp_8v34p80000gn/T//ccyA5zhx.s 			page 61


 746:Drivers/STM32L0xx_HAL_Driver/Src/stm32l0xx_hal_uart_ex.c ****     }
 1736              		.loc 1 746 14 view .LVU482
 1737 006a 0120     		movs	r0, #1
 1738              	.LVL133:
 746:Drivers/STM32L0xx_HAL_Driver/Src/stm32l0xx_hal_uart_ex.c ****     }
 1739              		.loc 1 746 14 view .LVU483
 1740 006c FAE7     		b	.L86
 1741              	.L92:
 756:Drivers/STM32L0xx_HAL_Driver/Src/stm32l0xx_hal_uart_ex.c ****       }
 1742              		.loc 1 756 17 view .LVU484
 1743 006e 0120     		movs	r0, #1
 1744 0070 F8E7     		b	.L86
 1745              		.cfi_endproc
 1746              	.LFE57:
 1748              		.section	.text.HAL_UARTEx_GetRxEventType,"ax",%progbits
 1749              		.align	1
 1750              		.global	HAL_UARTEx_GetRxEventType
 1751              		.syntax unified
 1752              		.code	16
 1753              		.thumb_func
 1755              	HAL_UARTEx_GetRxEventType:
 1756              	.LVL134:
 1757              	.LFB58:
 815:Drivers/STM32L0xx_HAL_Driver/Src/stm32l0xx_hal_uart_ex.c ****   /* Return Rx Event type value, as stored in UART handle */
 1758              		.loc 1 815 1 is_stmt 1 view -0
 1759              		.cfi_startproc
 1760              		@ args = 0, pretend = 0, frame = 0
 1761              		@ frame_needed = 0, uses_anonymous_args = 0
 1762              		@ link register save eliminated.
 817:Drivers/STM32L0xx_HAL_Driver/Src/stm32l0xx_hal_uart_ex.c **** }
 1763              		.loc 1 817 3 view .LVU486
 817:Drivers/STM32L0xx_HAL_Driver/Src/stm32l0xx_hal_uart_ex.c **** }
 1764              		.loc 1 817 16 is_stmt 0 view .LVU487
 1765 0000 406E     		ldr	r0, [r0, #100]
 1766              	.LVL135:
 818:Drivers/STM32L0xx_HAL_Driver/Src/stm32l0xx_hal_uart_ex.c **** 
 1767              		.loc 1 818 1 view .LVU488
 1768              		@ sp needed
 1769 0002 7047     		bx	lr
 1770              		.cfi_endproc
 1771              	.LFE58:
 1773              		.text
 1774              	.Letext0:
 1775              		.file 3 "/Applications/ArmGNUToolchain/14.3.rel1/arm-none-eabi/arm-none-eabi/include/machine/_defa
 1776              		.file 4 "/Applications/ArmGNUToolchain/14.3.rel1/arm-none-eabi/arm-none-eabi/include/sys/_stdint.h
 1777              		.file 5 "Drivers/CMSIS/Device/ST/STM32L0xx/Include/stm32l053xx.h"
 1778              		.file 6 "Drivers/CMSIS/Device/ST/STM32L0xx/Include/stm32l0xx.h"
 1779              		.file 7 "Drivers/STM32L0xx_HAL_Driver/Inc/stm32l0xx_hal_def.h"
 1780              		.file 8 "Drivers/STM32L0xx_HAL_Driver/Inc/stm32l0xx_hal_dma.h"
 1781              		.file 9 "Drivers/STM32L0xx_HAL_Driver/Inc/stm32l0xx_hal_uart.h"
 1782              		.file 10 "Drivers/STM32L0xx_HAL_Driver/Inc/stm32l0xx_hal_uart_ex.h"
 1783              		.file 11 "Drivers/STM32L0xx_HAL_Driver/Inc/stm32l0xx_hal.h"
ARM GAS  /var/folders/d7/pb3dkhys6j3db_qtp_8v34p80000gn/T//ccyA5zhx.s 			page 62


DEFINED SYMBOLS
                            *ABS*:00000000 stm32l0xx_hal_uart_ex.c
/var/folders/d7/pb3dkhys6j3db_qtp_8v34p80000gn/T//ccyA5zhx.s:19     .text.UARTEx_Wakeup_AddressConfig:00000000 $t
/var/folders/d7/pb3dkhys6j3db_qtp_8v34p80000gn/T//ccyA5zhx.s:24     .text.UARTEx_Wakeup_AddressConfig:00000000 UARTEx_Wakeup_AddressConfig
/var/folders/d7/pb3dkhys6j3db_qtp_8v34p80000gn/T//ccyA5zhx.s:69     .text.HAL_RS485Ex_Init:00000000 $t
/var/folders/d7/pb3dkhys6j3db_qtp_8v34p80000gn/T//ccyA5zhx.s:75     .text.HAL_RS485Ex_Init:00000000 HAL_RS485Ex_Init
/var/folders/d7/pb3dkhys6j3db_qtp_8v34p80000gn/T//ccyA5zhx.s:219    .text.HAL_RS485Ex_Init:00000088 $d
/var/folders/d7/pb3dkhys6j3db_qtp_8v34p80000gn/T//ccyA5zhx.s:225    .text.HAL_UARTEx_WakeupCallback:00000000 $t
/var/folders/d7/pb3dkhys6j3db_qtp_8v34p80000gn/T//ccyA5zhx.s:231    .text.HAL_UARTEx_WakeupCallback:00000000 HAL_UARTEx_WakeupCallback
/var/folders/d7/pb3dkhys6j3db_qtp_8v34p80000gn/T//ccyA5zhx.s:247    .text.HAL_UARTEx_EnableClockStopMode:00000000 $t
/var/folders/d7/pb3dkhys6j3db_qtp_8v34p80000gn/T//ccyA5zhx.s:253    .text.HAL_UARTEx_EnableClockStopMode:00000000 HAL_UARTEx_EnableClockStopMode
/var/folders/d7/pb3dkhys6j3db_qtp_8v34p80000gn/T//ccyA5zhx.s:365    .text.HAL_UARTEx_DisableClockStopMode:00000000 $t
/var/folders/d7/pb3dkhys6j3db_qtp_8v34p80000gn/T//ccyA5zhx.s:371    .text.HAL_UARTEx_DisableClockStopMode:00000000 HAL_UARTEx_DisableClockStopMode
/var/folders/d7/pb3dkhys6j3db_qtp_8v34p80000gn/T//ccyA5zhx.s:480    .text.HAL_UARTEx_DisableClockStopMode:00000034 $d
/var/folders/d7/pb3dkhys6j3db_qtp_8v34p80000gn/T//ccyA5zhx.s:485    .text.HAL_MultiProcessorEx_AddressLength_Set:00000000 $t
/var/folders/d7/pb3dkhys6j3db_qtp_8v34p80000gn/T//ccyA5zhx.s:491    .text.HAL_MultiProcessorEx_AddressLength_Set:00000000 HAL_MultiProcessorEx_AddressLength_Set
/var/folders/d7/pb3dkhys6j3db_qtp_8v34p80000gn/T//ccyA5zhx.s:557    .text.HAL_UARTEx_StopModeWakeUpSourceConfig:00000000 $t
/var/folders/d7/pb3dkhys6j3db_qtp_8v34p80000gn/T//ccyA5zhx.s:563    .text.HAL_UARTEx_StopModeWakeUpSourceConfig:00000000 HAL_UARTEx_StopModeWakeUpSourceConfig
/var/folders/d7/pb3dkhys6j3db_qtp_8v34p80000gn/T//ccyA5zhx.s:693    .text.HAL_UARTEx_StopModeWakeUpSourceConfig:0000007c $d
/var/folders/d7/pb3dkhys6j3db_qtp_8v34p80000gn/T//ccyA5zhx.s:699    .text.HAL_UARTEx_EnableStopMode:00000000 $t
/var/folders/d7/pb3dkhys6j3db_qtp_8v34p80000gn/T//ccyA5zhx.s:705    .text.HAL_UARTEx_EnableStopMode:00000000 HAL_UARTEx_EnableStopMode
/var/folders/d7/pb3dkhys6j3db_qtp_8v34p80000gn/T//ccyA5zhx.s:815    .text.HAL_UARTEx_DisableStopMode:00000000 $t
/var/folders/d7/pb3dkhys6j3db_qtp_8v34p80000gn/T//ccyA5zhx.s:821    .text.HAL_UARTEx_DisableStopMode:00000000 HAL_UARTEx_DisableStopMode
/var/folders/d7/pb3dkhys6j3db_qtp_8v34p80000gn/T//ccyA5zhx.s:931    .text.HAL_UARTEx_ReceiveToIdle:00000000 $t
/var/folders/d7/pb3dkhys6j3db_qtp_8v34p80000gn/T//ccyA5zhx.s:937    .text.HAL_UARTEx_ReceiveToIdle:00000000 HAL_UARTEx_ReceiveToIdle
/var/folders/d7/pb3dkhys6j3db_qtp_8v34p80000gn/T//ccyA5zhx.s:1358   .text.HAL_UARTEx_ReceiveToIdle:0000019c $d
/var/folders/d7/pb3dkhys6j3db_qtp_8v34p80000gn/T//ccyA5zhx.s:1363   .text.HAL_UARTEx_ReceiveToIdle_IT:00000000 $t
/var/folders/d7/pb3dkhys6j3db_qtp_8v34p80000gn/T//ccyA5zhx.s:1369   .text.HAL_UARTEx_ReceiveToIdle_IT:00000000 HAL_UARTEx_ReceiveToIdle_IT
/var/folders/d7/pb3dkhys6j3db_qtp_8v34p80000gn/T//ccyA5zhx.s:1556   .text.HAL_UARTEx_ReceiveToIdle_DMA:00000000 $t
/var/folders/d7/pb3dkhys6j3db_qtp_8v34p80000gn/T//ccyA5zhx.s:1562   .text.HAL_UARTEx_ReceiveToIdle_DMA:00000000 HAL_UARTEx_ReceiveToIdle_DMA
/var/folders/d7/pb3dkhys6j3db_qtp_8v34p80000gn/T//ccyA5zhx.s:1749   .text.HAL_UARTEx_GetRxEventType:00000000 $t
/var/folders/d7/pb3dkhys6j3db_qtp_8v34p80000gn/T//ccyA5zhx.s:1755   .text.HAL_UARTEx_GetRxEventType:00000000 HAL_UARTEx_GetRxEventType

UNDEFINED SYMBOLS
UART_SetConfig
UART_CheckIdleState
HAL_UART_MspInit
UART_AdvFeatureConfig
HAL_GetTick
UART_WaitOnFlagUntilTimeout
UART_Start_Receive_IT
UART_Start_Receive_DMA
